step,action_count,cube_x,cube_y,dist_to_goal_x,dist_to_goal_y,dist_to_goal,distance_reward,obs_cube_x_norm,obs_cube_y_norm,obs_cube_yaw_norm,obs_goal_x_norm,obs_goal_y_norm,obs_motor_16_pos_delta_norm,obs_motor_17_pos_delta_norm,obs_motor_18_pos_delta_norm,obs_motor_19_pos_delta_norm,obs_motor_16_current_norm,obs_motor_17_current_norm,obs_motor_18_current_norm,obs_motor_19_current_norm,obs_horizontal_tension_norm,obs_vertical_tension_norm,obs_total_tension_norm,obs_motor_16_target_error_norm,obs_motor_17_target_error_norm,obs_motor_18_target_error_norm,obs_motor_19_target_error_norm,action_m16,action_m17,action_m18,action_m19,total_safety_penalty
1,1201,-0.14672712554627462,-0.37297306592143076,-0.027727125546274628,0.15502693407856927,0.15748696384418595,0.20703454026730067,0.8122371435165405,0.5752017498016357,-1.0,0.8860465288162231,0.3084745705127716,0.0,0.0,0.0,0.0,1.1420000191719737e-05,7.423000351991504e-05,0.0,0.0,0.007499999832361937,0.0,0.007499999832361937,-0.0002500000118743628,0.0005000000237487257,0.0,-0.0002500000118743628,0.548223614692688,-0.24442289769649506,0.13645635545253754,0.15533417463302612,-0.012985137
2,1202,-0.1430881508359359,-0.3783080398464153,-0.024088150835935906,0.1496919601535847,0.15161768348486662,0.21954965906672191,0.8215648531913757,0.5712320804595947,-1.0,0.8860465288162231,0.3084745705127716,0.009999999776482582,-0.0043750000186264515,0.0036249998956918716,0.0037499999161809683,9.13600015337579e-05,7.423000351991504e-05,7.423000351991504e-05,0.0,0.014499999582767487,0.006500000134110451,0.020999999716877937,0.0002500000118743628,0.0002500000118743628,0.0002500000118743628,-0.0002500000118743628,0.6744428873062134,-0.7351890802383423,0.8687558174133301,-0.538932740688324,-0.08867193
3,1203,-0.14714606982623502,-0.3777762295626429,-0.02814606982623502,0.15022377043735713,0.15283776513374916,0.21688724878300994,0.8300275802612305,0.5621897578239441,-1.0,0.8860465288162231,0.3084745705127716,0.022749999538064003,-0.0182499997317791,0.019874999299645424,0.007249999791383743,9.13600015337579e-05,7.423000351991504e-05,1.7129999832832254e-05,6.28100024187006e-05,0.014499999582767487,0.007000000216066837,0.0215000007301569,0.0,0.0005000000237487257,0.0002500000118743628,0.0002500000118743628,0.522728443145752,0.3579253852367401,-0.995795488357544,-0.48304200172424316,-0.14349547
4,1204,-0.13971132170201722,-0.3770852949968913,-0.020711321702017227,0.15091470500310872,0.15232927175306712,0.21799291482353764,0.8205905556678772,0.5630911588668823,-1.0,0.8860465288162231,0.3084745705127716,0.03125,-0.016750000417232513,0.023125000298023224,-0.001500000013038516,0.0001827200030675158,0.00016558999777771533,7.423000351991504e-05,0.0,0.030500000342726707,0.006500000134110451,0.03700000047683716,0.0024999999441206455,0.01075000036507845,0.0012499999720603228,-0.0002500000118743628,-0.9201684594154358,-0.8419428467750549,0.767310619354248,0.5241642594337463,0.0
5,1205,-0.13800539734394826,-0.37779191639349136,-0.019005397343948266,0.15020808360650867,0.15140565877450304,0.2200156524314325,0.8378806710243225,0.5642622113227844,-1.0,0.8860465288162231,0.3084745705127716,0.015375000424683094,-0.027124999091029167,0.03799999877810478,0.008249999955296516,0.0,0.0,6.851999933132902e-05,0.0,0.0,0.006000000052154064,0.006000000052154064,-0.0002500000118743628,0.0,0.0002500000118743628,-0.0002500000118743628,-0.407289981842041,-0.06108972802758217,0.1361629068851471,0.4195062518119812,-0.10420557
6,1206,-0.13787083162535643,-0.37782696492406137,-0.018870831625356438,0.15017303507593865,0.15135405098692156,0.22012922694611176,0.8418478965759277,0.5630645751953125,-1.0,0.8860465288162231,0.3084745705127716,0.01899999938905239,-0.023499999195337296,0.0403750017285347,0.01587500050663948,9.13600015337579e-05,7.423000351991504e-05,7.994000043254346e-05,5.7100000958598685e-06,0.014499999582767487,0.007499999832361937,0.02199999988079071,0.0,0.0002500000118743628,0.0005000000237487257,0.0,-0.42834165692329407,-0.88957279920578,-0.7956470251083374,0.6149063110351562,0.0
7,1207,-0.13805374161443332,-0.3780253458113344,-0.019053741614433323,0.14997465418866562,0.15118016393865774,0.22051233615332733,0.8421608805656433,0.5630051493644714,-1.0,0.8860465288162231,0.3084745705127716,0.011125000193715096,-0.03999999910593033,0.025750000029802322,0.027499999850988388,0.0,0.0,-4.568000076687895e-05,0.0,0.0,0.004000000189989805,0.004000000189989805,-0.0002500000118743628,0.0,0.0,-0.0002500000118743628,-0.46960872411727905,0.8685692548751831,-0.9444602131843567,-0.2829134166240692,-0.2756379
8,1208,-0.14170567660744174,-0.3750206387592527,-0.022705676607441744,0.15297936124074735,0.15465520591247098,0.21298105537605982,0.8417354822158813,0.5626689195632935,-1.0,0.8860465288162231,0.3084745705127716,0.014875000342726707,-0.023749999701976776,0.029500000178813934,0.03125,0.0,0.0,0.0,0.0,0.0,0.0,0.0,-0.0002500000118743628,0.0,0.0,-0.0002500000118743628,0.028143497183918953,0.6067510843276978,-0.6252335906028748,0.3333795368671417,-0.11965082
9,1209,-0.13175985489335001,-0.3773380906788627,-0.01275985489335002,0.15066190932113732,0.15120127253826257,0.22046579399958074,0.8332425951957703,0.5677616000175476,-1.0,0.8860465288162231,0.3084745705127716,0.0182499997317791,-0.014875000342726707,0.033250000327825546,0.03750000149011612,8.565000462112948e-05,0.00010848999954760075,0.0,0.0,0.017000000923871994,0.0,0.017000000923871994,0.0005000000237487257,0.004999999888241291,0.0,-0.0002500000118743628,-0.9845408797264099,-0.2972370982170105,0.8455967903137207,-0.8916364908218384,-0.13099639
10,1210,-0.14176956341876643,-0.3709514292412886,-0.02276956341876643,0.15704857075871143,0.15869060021196976,0.2045575342239736,0.8563724160194397,0.5638337731361389,-1.0,0.8860465288162231,0.3084745705127716,0.0002500000118743628,-0.017875000834465027,0.048875000327825546,0.04125000163912773,0.0,0.0,7.423000351991504e-05,0.0,0.0,0.006500000134110451,0.006500000134110451,-0.0002500000118743628,0.0,0.0002500000118743628,-0.0002500000118743628,0.11872364580631256,0.76111900806427,0.0748605877161026,-0.023843536153435707,-0.03661439
11,1211,-0.13956416689718465,-0.36913863398291313,-0.020564166897184655,0.1588613660170869,0.16018682396810954,0.20151967903062315,0.83309406042099,0.5746585726737976,-1.0,0.8860465288162231,0.3084745705127716,0.0037499999161809683,-0.0043750000186264515,0.05012499913573265,0.04475000128149986,9.13600015337579e-05,7.994000043254346e-05,7.994000043254346e-05,6.28100024187006e-05,0.014999999664723873,0.012500000186264515,0.027499999850988388,0.0002500000118743628,0.001500000013038516,0.0005000000237487257,0.0002500000118743628,-0.4442940056324005,0.38225528597831726,0.15813159942626953,0.8402912020683289,0.0
12,1212,-0.14142582661555564,-0.3700544006083683,-0.022425826615555644,0.15794559939163172,0.15952971530900686,0.20284824256381837,0.838222861289978,0.5777311325073242,-1.0,0.8860465288162231,0.3084745705127716,-0.0042500002309679985,0.002749999985098839,0.05299999937415123,0.06062500178813934,0.0,7.423000351991504e-05,7.423000351991504e-05,0.0,0.006500000134110451,0.006500000134110451,0.013000000268220901,-0.0002500000118743628,0.001500000013038516,0.0005000000237487257,0.0,-0.9538398385047913,0.7724261283874512,-0.9597703218460083,-0.824865460395813,-0.26144463
13,1213,-0.14001069124300555,-0.3705857748461398,-0.021010691243005558,0.15741422515386022,0.1588102245678757,0.20431297989363545,0.8338934183120728,0.5761789679527283,-1.0,0.8860465288162231,0.3084745705127716,-0.0012499999720603228,0.013124999590218067,0.035374999046325684,0.06437499821186066,0.00013133000175002962,0.00014275001012720168,1.7129999832832254e-05,0.0,0.024000000208616257,0.001500000013038516,0.025499999523162842,0.0012499999720603228,0.009499999694526196,0.0,0.0,0.8654067516326904,0.8129691481590271,0.9289689064025879,0.7084013223648071,0.0
14,1214,-0.1391339975448903,-0.37237261342419403,-0.020133997544890314,0.155627386575806,0.15692438086401045,0.20820256382414,0.8371844291687012,0.5752783417701721,-1.0,0.8860465288162231,0.3084745705127716,0.010125000029802322,0.01412499975413084,0.04975000023841858,0.07774999737739563,0.0011077399831265211,0.0009535700082778931,0.00010848999954760075,0.0,0.18050000071525574,0.009499999694526196,0.1899999976158142,0.01075000036507845,0.0377499982714653,0.006000000052154064,-0.0002500000118743628,0.17337815463542938,-0.9818747043609619,0.1612519919872284,-0.23580396175384521,-0.052296475
15,1215,-0.13484157724317097,-0.37196300587139247,-0.01584157724317098,0.15603699412860755,0.15683908666605548,0.20838022428733824,0.8392232656478882,0.5722498297691345,-1.0,0.8860465288162231,0.3084745705127716,0.014000000432133675,0.007499999832361937,0.05387499928474426,0.08124999701976776,0.0009478600113652647,0.00021127000218257308,9.13600015337579e-05,6.28100024187006e-05,0.1014999970793724,0.013500000350177288,0.11500000208616257,0.009499999694526196,0.01425000000745058,0.0037499999161809683,0.0002500000118743628,-0.35861605405807495,0.8996132016181946,0.926115095615387,-0.3527706563472748,0.0
16,1216,-0.13676366488635497,-0.36976494868805265,-0.017763664886354974,0.15823505131194737,0.15922901511310475,0.20345912562957608,0.8492056131362915,0.5729440450668335,-1.0,0.8860465288162231,0.3084745705127716,0.01075000036507845,0.010499999858438969,0.06987500190734863,0.07512500137090683,0.00021127000218257308,0.0008964700391516089,0.00010848999954760075,-2.8550000934046693e-05,0.09700000286102295,0.012000000104308128,0.10899999737739563,0.002749999985098839,0.041749998927116394,0.0062500000931322575,-0.0005000000237487257,-0.7193925380706787,-0.682539701461792,-0.748881459236145,-0.5916696786880493,-0.09500037
17,1217,-0.1330179657257544,-0.36728266750049066,-0.014017965725754394,0.16071733249950937,0.1613275064235677,0.1992340401316446,0.8447356820106506,0.5766695737838745,-1.0,0.8860465288162231,0.3084745705127716,-0.001500000013038516,0.01425000000745058,0.05900000035762787,0.07862500101327896,9.707000572234392e-05,0.00013703999866265804,0.0,6.28100024187006e-05,0.020500000566244125,0.005499999970197678,0.026000000536441803,0.0005000000237487257,0.008750000037252903,0.0,0.0,-0.4444935619831085,0.7307882308959961,0.8885849714279175,0.39827316999435425,0.0
18,1218,-0.13264202825018387,-0.3669361644521503,-0.013642028250183874,0.1610638355478497,0.16164053964325778,0.19861134652849935,0.8534466028213501,0.5808768272399902,-1.0,0.8860465288162231,0.3084745705127716,-0.010125000029802322,0.023749999701976776,0.0742499977350235,0.0858749970793724,0.0001256200048374012,0.0002512400096748024,8.565000462112948e-05,5.7100001868093386e-05,0.032999999821186066,0.012500000186264515,0.045499999076128006,0.0012499999720603228,0.017000000923871994,0.002749999985098839,0.0002500000118743628,-0.2901873290538788,-0.8302966356277466,-0.5607330799102783,-0.7062013149261475,0.0
19,1219,-0.13374330388941552,-0.3710215099762588,-0.014743303889415527,0.1569784900237412,0.15766931007558024,0.20665736457278064,0.8543208837509155,0.5814641118049622,-1.0,0.8860465288162231,0.3084745705127716,-0.014875000342726707,0.016499999910593033,0.0651250034570694,0.0729999989271164,9.13600015337579e-05,7.423000351991504e-05,0.0,0.0,0.014499999582767487,0.0,0.014499999582767487,0.0,0.0005000000237487257,0.0,-0.0002500000118743628,0.8543021082878113,-0.6645141243934631,-0.890114963054657,0.7717185616493225,-0.13081379
20,1220,-0.1350367079207883,-0.37388058628723503,-0.016036707920788318,0.154119413712765,0.154951507524461,0.21235092308283707,0.8517597317695618,0.574539840221405,-1.0,0.8860465288162231,0.3084745705127716,0.000750000006519258,0.0037499999161809683,0.06849999725818634,0.0872500017285347,0.00010278000263497233,7.423000351991504e-05,7.423000351991504e-05,0.0,0.01549999974668026,0.006500000134110451,0.02199999988079071,0.000750000006519258,0.0012499999720603228,0.000750000006519258,0.0,0.6829398274421692,-0.6946881413459778,-0.2815263867378235,-0.16569696366786957,-0.043883637
21,1221,-0.13803521031301633,-0.37783084520151594,-0.019035210313016332,0.15016915479848408,0.1513707841181773,0.22009239551524637,0.8487518429756165,0.569693922996521,-1.0,0.8860465288162231,0.3084745705127716,0.013624999672174454,-0.008999999612569809,0.0637499988079071,0.09099999815225601,0.00010278000263497233,7.994000043254346e-05,-7.423000351991504e-05,6.851999933132902e-05,0.01600000075995922,0.012500000186264515,0.02850000001490116,0.0005000000237487257,0.000750000006519258,-0.0002500000118743628,0.0,0.9027267694473267,-0.3725123703479767,-0.34980008006095886,-0.3501876890659332,0.0
22,1222,-0.13740651206802088,-0.3781267968660708,-0.01840651206802088,0.1498732031339292,0.15099926060790564,0.2209116113563295,0.841778576374054,0.5629985928535461,-1.0,0.8860465288162231,0.3084745705127716,0.029625000432133675,-0.017124999314546585,0.0572500005364418,0.0846249982714653,0.0001541700039524585,8.565000462112948e-05,0.0,-6.851999933132902e-05,0.020999999716877937,0.006000000052154064,0.027000000700354576,0.0022499999031424522,0.0032500000670552254,-0.0002500000118743628,-0.0002500000118743628,0.32408806681632996,-0.09497375786304474,-0.40364670753479004,-0.790561318397522,-0.07243761
23,1223,-0.13670407284494318,-0.3812844653051023,-0.017704072844943186,0.14671553469489773,0.14777984407932226,0.22813939830188498,0.8432406783103943,0.5624969601631165,-1.0,0.8860465288162231,0.3084745705127716,0.03437500074505806,-0.019625000655651093,0.05962499976158142,0.06975000351667404,0.0003654400061350316,9.13600015337579e-05,8.565000462112948e-05,0.0,0.03999999910593033,0.007499999832361937,0.04749999940395355,0.004749999847263098,0.004749999847263098,0.0024999999441206455,0.0,0.6389933824539185,-0.7260195016860962,0.26044055819511414,0.892128050327301,0.0
24,1224,-0.132803510901418,-0.3866653723196297,-0.013803510901418015,0.1413346276803703,0.14200709100166253,0.2416968775597622,0.8448742628097534,0.5571449995040894,-1.0,0.8860465288162231,0.3084745705127716,0.04737500101327896,-0.03350000083446503,0.06487499922513962,0.08637499809265137,0.00019414001144468784,0.00010278000263497233,7.994000043254346e-05,0.0,0.026000000536441803,0.007000000216066837,0.032999999821186066,0.0024999999441206455,0.005499999970197678,0.0017500000540167093,0.0,0.9478381872177124,-0.9696381688117981,0.9004167914390564,0.13120000064373016,-0.0082560005
25,1225,-0.1283112039713756,-0.3895531505680294,-0.009311203971375609,0.1384468494319706,0.13875960736841,0.24967478357402362,0.8539453148841858,0.5480247735977173,-1.0,0.8860465288162231,0.3084745705127716,0.06487499922513962,-0.05225000157952309,0.08162499964237213,0.09012500196695328,0.00021127000218257308,0.00010848999954760075,7.994000043254346e-05,5.7100001868093386e-05,0.02800000086426735,0.012000000104308128,0.03999999910593033,0.003000000026077032,0.006750000175088644,0.0020000000949949026,0.0,0.9054256081581116,-0.3010430932044983,0.932002604007721,0.40701013803482056,0.0
26,1226,-0.1308519443699772,-0.39137433262994414,-0.011851944369977219,0.13662566737005588,0.1371387675665134,0.25375458605529694,0.8643925786018372,0.5431302785873413,-1.0,0.8860465288162231,0.3084745705127716,0.07900000363588333,-0.0625,0.09724999964237213,0.0976250022649765,0.0007879800396040082,0.00025695000658743083,0.00010278000263497233,6.28100024187006e-05,0.09149999916553497,0.014499999582767487,0.10599999874830246,0.008500000461935997,0.01600000075995922,0.005499999970197678,0.0002500000118743628,0.18515944480895996,-0.8784657716751099,-0.6848466396331787,-0.9103264212608337,0.0
27,1227,-0.12772792962688775,-0.38928690367543,-0.00872792962688776,0.13871309632457002,0.13898740895319023,0.24910666779429977,0.8584838509559631,0.5400435328483582,-1.0,0.8860465288162231,0.3084745705127716,0.08537500351667404,-0.0728750005364418,0.08712500333786011,0.0807500034570694,0.00017701000615488738,9.13600015337579e-05,7.423000351991504e-05,0.0,0.023499999195337296,0.006500000134110451,0.029999999329447746,0.0024999999441206455,0.004000000189989805,0.0002500000118743628,0.0,-0.5390520095825195,0.9564155340194702,0.8245508670806885,0.7019542455673218,0.0
28,1228,-0.1263781539051364,-0.3878818330610202,-0.007378153905136409,0.14011816693897983,0.1403122869223779,0.24582807506680798,0.8657490015029907,0.5435815453529358,-1.0,0.8860465288162231,0.3084745705127716,0.07562500238418579,-0.06300000101327896,0.10074999928474426,0.09399999678134918,0.0001484600070398301,0.00033117999555543065,8.565000462112948e-05,0.0,0.041999999433755875,0.007499999832361937,0.0494999997317791,0.0020000000949949026,0.019999999552965164,0.0037499999161809683,-0.0002500000118743628,-0.5392765998840332,-0.24833424389362335,0.21327996253967285,0.24206452071666718,0.0
29,1229,-0.11880390352669878,-0.38809719320809194,0.0001960964733012105,0.13990280679190809,0.1399029442223458,0.24683641672521556,0.8688880205154419,0.5459629893302917,-1.0,0.8860465288162231,0.3084745705127716,0.06650000065565109,-0.06012500077486038,0.10587500035762787,0.09849999845027924,8.565000462112948e-05,0.00010278000263497233,7.994000043254346e-05,2.2840000383439474e-05,0.016499999910593033,0.008999999612569809,0.025499999523162842,0.0002500000118743628,0.004999999888241291,0.0012499999720603228,-0.0002500000118743628,-0.5633385181427002,-0.9181323051452637,0.7640137076377869,0.1846642792224884,-0.001840287
30,1230,-0.12710790898000796,-0.3859305186657988,-0.00810790898000796,0.14206948133420122,0.14230065254452293,0.24098838891086002,0.8865025639533997,0.5455979704856873,-1.0,0.8860465288162231,0.3084745705127716,0.05624999850988388,-0.07474999874830246,0.12062499672174454,0.10212499648332596,0.0,1.1420000191719737e-05,7.423000351991504e-05,6.28100024187006e-05,0.0010000000474974513,0.012000000104308128,0.013000000268220901,-0.0002500000118743628,0.0,0.0002500000118743628,0.0,-0.8726979494094849,0.9430516362190247,-0.8903946280479431,0.14029914140701294,-0.12872377
31,1231,-0.12298191059289532,-0.3859729264078837,-0.003981910592895321,0.1420270735921163,0.1420828816047529,0.2415137634390227,0.8671908974647522,0.5492703318595886,-1.0,0.8860465288162231,0.3084745705127716,0.05937499925494194,-0.05999999865889549,0.10400000214576721,0.10487499833106995,0.00010848999954760075,0.00011991000064881518,7.423000351991504e-05,3.997000021627173e-05,0.019999999552965164,0.009999999776482582,0.029999999329447746,0.0010000000474974513,0.005750000011175871,0.0002500000118743628,-0.0002500000118743628,0.021383438259363174,0.8686659336090088,0.7463433742523193,0.4280838072299957,0.0
32,1232,-0.12401594189946144,-0.38404595531756985,-0.005015941899461446,0.14395404468243017,0.14404140603857585,0.23682967659032064,0.8767862319946289,0.5491984486579895,-1.0,0.8860465288162231,0.3084745705127716,0.05925000086426735,-0.051249999552965164,0.11612500250339508,0.11262500286102295,0.0001541700039524585,0.00033117999555543065,9.13600015337579e-05,6.28100024187006e-05,0.042500000447034836,0.013500000350177288,0.0560000017285347,0.0020000000949949026,0.020749999210238457,0.0037499999161809683,0.0002500000118743628,-0.20560544729232788,0.7563912272453308,-0.0716087594628334,0.5139636397361755,0.0
33,1233,-0.12385059683491176,-0.38328693728614843,-0.004850596834911763,0.1447130627138516,0.14479433279544474,0.2350532186927398,0.8743815422058105,0.552464485168457,-1.0,0.8860465288162231,0.3084745705127716,0.05537499859929085,-0.04437499865889549,0.11612500250339508,0.1223749965429306,0.0001827200030675158,0.0007308800122700632,7.423000351991504e-05,0.0,0.07999999821186066,0.006500000134110451,0.08649999648332596,0.0022499999031424522,0.03525000065565109,0.0012499999720603228,0.0,-0.13562987744808197,0.4956255853176117,0.09409455209970474,-0.7616525888442993,-0.11539832
34,1234,-0.12092119349394012,-0.383413427704029,-0.0019211934939401265,0.14458657229597105,0.14459933565801478,0.23551201291304963,0.8747660517692566,0.5537509322166443,-1.0,0.8860465288162231,0.3084745705127716,0.05274999886751175,-0.04012500122189522,0.11612500250339508,0.12600000202655792,0.00019414001144468784,0.001050640014000237,9.707000572234392e-05,6.28100024187006e-05,0.10899999737739563,0.014000000432133675,0.12300000339746475,0.0024999999441206455,0.045249998569488525,0.004749999847263098,0.0002500000118743628,0.1828845888376236,0.7494851350784302,0.9116947650909424,-0.5549413561820984,0.0
35,1235,-0.1208346615412802,-0.3832747680853879,-0.0018346615412802025,0.14472523191461212,0.14473686032144442,0.2351883484202191,0.8815786242485046,0.5535365343093872,-1.0,0.8860465288162231,0.3084745705127716,0.05299999937415123,-0.03824999928474426,0.12962499260902405,0.11574999988079071,0.0008336600149050355,0.0020213399548083544,0.0001598800008650869,0.0,0.25,0.014000000432133675,0.2639999985694885,0.008750000037252903,0.06949999928474426,0.011749999597668648,0.0,0.27585503458976746,-0.6833597421646118,0.04041449725627899,0.2686725854873657,0.0
36,1236,-0.12013804932227043,-0.3837966809036763,-0.0011380493222704346,0.14420331909632372,0.14420780975611577,0.23643591091545932,0.8817798495292664,0.5537715554237366,-1.0,0.8860465288162231,0.3084745705127716,0.054375000298023224,-0.03824999928474426,0.12962499260902405,0.12049999833106995,0.0018272000597789884,0.0009764100541360676,0.00019414001144468784,6.851999933132902e-05,0.24549999833106995,0.023000000044703484,0.2685000002384186,0.016249999403953552,0.04399999976158142,0.013249999843537807,0.0005000000237487257,0.7876614332199097,0.053442563861608505,0.11703362315893173,-0.9008617401123047,-0.04476438
37,1237,-0.1148578124270212,-0.3831543311053267,0.004142187572978795,0.14484566889467332,0.14490488437397503,0.23479350723309866,0.8833999037742615,0.552886962890625,-1.0,0.8860465288162231,0.3084745705127716,0.05999999865889549,-0.03849999979138374,0.1303749978542328,0.1041250005364418,0.0024895600508898497,0.001050640014000237,0.00022840000747237355,-6.851999933132902e-05,0.3100000023841858,0.026000000536441803,0.335999995470047,0.020500000566244125,0.04650000110268593,0.01600000075995922,-0.0005000000237487257,-0.9676487445831299,0.23151807487010956,0.8055615425109863,-0.6445533037185669,0.0
38,1238,-0.11586290604591379,-0.3829083765510747,0.0031370939540862064,0.14509162344892534,0.1451255337751476,0.23427600790493985,0.8956795334815979,0.5539757013320923,-1.0,0.8860465288162231,0.3084745705127716,0.05050000175833702,-0.03687499836087227,0.14787499606609344,0.09200000017881393,0.0002512400096748024,0.0015302799874916673,0.0001541700039524585,0.0,0.15600000321865082,0.013500000350177288,0.16949999332427979,0.0032500000670552254,0.051750000566244125,0.010999999940395355,-0.0002500000118743628,-0.16233985126018524,-0.2075779139995575,-0.37858304381370544,-0.9614333510398865,-0.139372
39,1239,-0.11783868505606576,-0.3806948814230139,0.001161314943934233,0.14730511857698614,0.1473096962571675,0.22921451605547338,0.8933420777320862,0.5543925762176514,-1.0,0.8860465288162231,0.3084745705127716,0.047874998301267624,-0.0364999994635582,0.14612500369548798,0.09537500143051147,0.00019985000835731626,0.0009706999990157783,7.423000351991504e-05,6.28100024187006e-05,0.10249999910593033,0.012000000104308128,0.1145000010728836,0.0024999999441206455,0.04324999824166298,0.0005000000237487257,0.0005000000237487257,-0.43656328320503235,0.15289267897605896,-0.6725032329559326,-0.5952900648117065,0.0
40,1240,-0.1170445691296978,-0.38138547814332624,0.0019554308703021994,0.14661452185667379,0.14662756128760243,0.23078341333981298,0.8887472152709961,0.5581442713737488,-1.0,0.8860465288162231,0.3084745705127716,0.03974999859929085,-0.0286250002682209,0.13337500393390656,0.08449999988079071,0.00017701000615488738,0.0006395200034603477,7.423000351991504e-05,0.0,0.07150000333786011,0.006500000134110451,0.07800000160932541,0.0024999999441206455,0.032999999821186066,0.0010000000474974513,0.0,0.5806577205657959,0.6715990304946899,0.9077923893928528,-0.5548498630523682,-0.09058198
41,1241,-0.11285917925725408,-0.3800252004658009,0.006140820742745912,0.14797479953419912,0.1481021639834508,0.227405243411264,0.8905940055847168,0.5569737553596497,-1.0,0.8860465288162231,0.3084745705127716,0.04475000128149986,-0.02850000001490116,0.1433749943971634,0.08799999952316284,0.0016045100055634975,0.0014674700796604156,0.00019414001144468784,6.851999933132902e-05,0.26899999380111694,0.023000000044703484,0.2919999957084656,0.01425000000745058,0.057750001549720764,0.014999999664723873,0.0005000000237487257,-0.695271372795105,-0.4759180545806885,0.6938266158103943,0.11303913593292236,0.0
42,1242,-0.10867393554253335,-0.38094348822076507,0.010326064457466644,0.14705651177923496,0.14741860555525554,0.22896501602394947,0.9003275036811829,0.5592793226242065,-1.0,0.8860465288162231,0.3084745705127716,0.03750000149011612,-0.02824999950826168,0.15925000607967377,0.09025000035762787,0.00019414001144468784,0.0008336600149050355,0.00013703999866265804,5.7100001868093386e-05,0.09000000357627869,0.017000000923871994,0.10700000077486038,0.002749999985098839,0.039500001817941666,0.00925000011920929,0.0,0.2303258627653122,-0.3345619738101959,0.8101686835289001,0.8119394779205322,0.0
43,1243,-0.11129761519753892,-0.3811439360168032,0.007702384802461076,0.14685606398319684,0.14705791464685602,0.22979236320622926,0.9100606441497803,0.5577229261398315,-1.0,0.8860465288162231,0.3084745705127716,0.03787500038743019,-0.0286250002682209,0.1717499941587448,0.1054999977350235,0.0010392200201749802,0.00048534999950788915,0.0002169799990952015,0.0,0.13349999487400055,0.01899999938905239,0.1525000035762787,0.010499999858438969,0.02775000035762787,0.014499999582767487,-0.0002500000118743628,0.2832088768482208,-0.14492717385292053,-0.8351356983184814,-0.8528146147727966,-0.12633777
44,1244,-0.11434908077611808,-0.38242528954072447,0.004650919223881916,0.14557471045927556,0.14564898686543956,0.23305288692685133,0.9039590358734131,0.5573831796646118,-1.0,0.8860465288162231,0.3084745705127716,0.04075000062584877,-0.029500000178813934,0.16187499463558197,0.10899999737739563,0.001752970041707158,0.0003939900198020041,7.994000043254346e-05,6.851999933132902e-05,0.18799999356269836,0.013000000268220901,0.20100000500679016,0.015250000171363354,0.024250000715255737,0.003000000026077032,0.0002500000118743628,0.07436441630125046,-0.6812172532081604,-0.6480955481529236,-0.6962842345237732,-0.00154678
45,1245,-0.11620613720271136,-0.3802422065051666,0.002793862797288632,0.14775779349483342,0.14778420486571597,0.22812944984696218,0.8968626260757446,0.5552113652229309,-1.0,0.8860465288162231,0.3084745705127716,0.04612499848008156,-0.036125000566244125,0.15074999630451202,0.09624999761581421,0.0005824200343340635,0.00017701000615488738,7.994000043254346e-05,0.0,0.06650000065565109,0.007000000216066837,0.07349999994039536,0.006500000134110451,0.012000000104308128,0.0010000000474974513,-0.0002500000118743628,-0.8210889101028442,-0.013429840095341206,-0.3118050694465637,-0.15584921836853027,-0.042701907
46,1246,-0.11409015532286126,-0.379103685116374,0.0049098446771387305,0.14889631488362604,0.14897724376789073,0.22542394769990431,0.8925438523292542,0.5589115023612976,-1.0,0.8860465288162231,0.3084745705127716,0.03375000134110451,-0.032875001430511475,0.14550000429153442,0.09962499886751175,9.707000572234392e-05,9.13600015337579e-05,0.0,5.7100001868093386e-05,0.016499999910593033,0.004999999888241291,0.0215000007301569,0.0005000000237487257,0.004999999888241291,0.0,0.0005000000237487257,-0.737659215927124,-0.8464249968528748,-0.7103480100631714,-0.9469870924949646,-0.10924176
47,1247,-0.11327732522294032,-0.38144880034084927,0.0057226747770596775,0.14655119965915075,0.14666288940335337,0.23070189630847776,0.8974647521972656,0.5608412027359009,-1.0,0.8860465288162231,0.3084745705127716,0.020375000312924385,-0.04600000008940697,0.14912499487400055,0.08212500065565109,0.0,0.0,7.423000351991504e-05,0.0,0.0,0.006500000134110451,0.006500000134110451,-0.0002500000118743628,-0.0002500000118743628,0.0002500000118743628,0.0,0.9229602217674255,-0.893541693687439,-0.07362915575504303,-0.96136474609375,-0.27058882
48,1248,-0.11093332951460527,-0.38171098738406395,0.008066670485394722,0.14628901261593608,0.1465112500283355,0.23105199660005482,0.8993550539016724,0.556866466999054,-1.0,0.8860465288162231,0.3084745705127716,0.03687499836087227,-0.044874999672174454,0.14800000190734863,0.08574999868869781,0.00011420000373618677,9.707000572234392e-05,1.1420000191719737e-05,6.28100024187006e-05,0.01850000023841858,0.006500000134110451,0.02500000037252903,0.0012499999720603228,0.004999999888241291,-0.0002500000118743628,0.0002500000118743628,-0.8529636263847351,-0.14203989505767822,-0.34780529141426086,0.8502742052078247,-0.065736644
49,1249,-0.11387555678504122,-0.3790843746435379,0.005124443214958779,0.14891562535646213,0.1490037697293915,0.22536415976033738,0.9048061966896057,0.5564220547676086,-1.0,0.8860465288162231,0.3084745705127716,0.02174999937415123,-0.04475000128149986,0.15150000154972076,0.10187499970197678,0.0,-7.994000043254346e-05,7.423000351991504e-05,0.0,0.007000000216066837,0.006500000134110451,0.013500000350177288,-0.0002500000118743628,-0.0005000000237487257,0.0002500000118743628,-0.0002500000118743628,-0.4076688587665558,0.8336309194564819,-0.3790723383426666,-0.4453648030757904,-0.15036406
50,1250,-0.10428078449604775,-0.3830982741895705,0.014719215503952249,0.14490172581042954,0.14564740110243193,0.23305658262262285,0.89796382188797,0.5608739256858826,-1.0,0.8860465288162231,0.3084745705127716,0.02512500062584877,-0.03212499991059303,0.1445000022649765,0.1054999977350235,9.13600015337579e-05,0.00010278000263497233,7.423000351991504e-05,6.28100024187006e-05,0.017000000923871994,0.012000000104308128,0.028999999165534973,0.0005000000237487257,0.005499999970197678,0.0002500000118743628,0.0,0.2582675814628601,-0.689117431640625,0.3167681097984314,-0.7787960767745972,0.0
51,1251,-0.11902918018236439,-0.38211553802999526,-2.9180182364391127e-05,0.14588446197000476,0.14588446488835202,0.23250474422745832,0.9202772378921509,0.5540707111358643,-1.0,0.8860465288162231,0.3084745705127716,0.029999999329447746,-0.042125001549720764,0.15037499368190765,0.0911249965429306,9.707000572234392e-05,0.0,6.851999933132902e-05,0.0,0.008500000461935997,0.006000000052154064,0.014499999582767487,0.0002500000118743628,-0.0002500000118743628,0.0002500000118743628,-0.0002500000118743628,0.8447155952453613,0.7953978776931763,-0.7950457334518433,-0.9405827522277832,-0.13686994
52,1252,-0.11526461838939878,-0.3820554587167741,0.0037353816106012183,0.14594454128322593,0.14599233612127746,0.23225407371824158,0.885978639125824,0.5557363629341125,-1.0,0.8860465288162231,0.3084745705127716,0.04374999925494194,-0.03824999928474426,0.1352500021457672,0.09462500363588333,0.00034831001539714634,0.00035402001230977476,7.994000043254346e-05,5.7100001868093386e-05,0.061500001698732376,0.012000000104308128,0.07349999994039536,0.0042500002309679985,0.02174999937415123,0.000750000006519258,0.0002500000118743628,0.041042082011699677,-0.24376307427883148,0.7831589579582214,-0.6361150741577148,0.0
53,1253,-0.11913089565975413,-0.3829629924306983,-0.0001308956597541322,0.1450370075693017,0.14503706663584803,0.23448335689153366,0.8947334289550781,0.5558382272720337,-1.0,0.8860465288162231,0.3084745705127716,0.04374999925494194,-0.03837500140070915,0.1472499966621399,0.08287499845027924,0.000491060025524348,0.0001884299999801442,0.00010848999954760075,0.0,0.05950000137090683,0.009499999694526196,0.0689999982714653,0.005750000011175871,0.013000000268220901,0.006000000052154064,0.0,0.23538954555988312,-0.14889495074748993,-0.7385678291320801,-0.9418042302131653,-0.13701652
54,1254,-0.11703885016075574,-0.3829236786134853,0.001961149839244253,0.14507632138651472,0.14508957624769353,0.2343602629119014,0.8857421278953552,0.5543000102043152,-1.0,0.8860465288162231,0.3084745705127716,0.04737500101327896,-0.039000000804662704,0.13600000739097595,0.08649999648332596,0.0006680700462311506,0.00013133000175002962,7.423000351991504e-05,5.7100001868093386e-05,0.07000000029802322,0.011500000022351742,0.08150000125169754,0.007249999791383743,0.008750000037252903,0.0010000000474974513,0.0002500000118743628,-0.12688353657722473,0.3443014919757843,0.5931509733200073,-0.06503462046384811,0.0
55,1255,-0.11919021351089759,-0.3834132812234002,-0.00019021351089759664,0.14458671877659984,0.14458684389585139,0.2355414343511587,0.8906072974205017,0.5543666481971741,-1.0,0.8860465288162231,0.3084745705127716,0.04737500101327896,-0.039124999195337296,0.14387500286102295,0.08562500029802322,0.00020556000526994467,0.00034260001848451793,0.00011420000373618677,-6.28100024187006e-05,0.04800000041723251,0.01549999974668026,0.06350000202655792,0.0024999999441206455,0.02174999937415123,0.007249999791383743,-0.0002500000118743628,0.20354874432086945,-0.07685015350580215,-0.9180082678794861,0.38431063294410706,0.0
56,1256,-0.11612294304773393,-0.38192824820717375,0.0028770569522660605,0.14607175179282628,0.14610008257537582,0.23200396295624665,0.8856041431427002,0.5535368323326111,-1.0,0.8860465288162231,0.3084745705127716,0.048875000327825546,-0.039124999195337296,0.12999999523162842,0.09262499958276749,0.0006452300003729761,0.0002969200140796602,7.423000351991504e-05,6.851999933132902e-05,0.08250000327825546,0.012500000186264515,0.0949999988079071,0.007000000216066837,0.01899999938905239,0.000750000006519258,0.0,-0.47154146432876587,0.19497789442539215,0.8635064363479614,-0.9578431248664856,0.0
57,1257,-0.11316036369091553,-0.38296520728972977,0.005839636309084462,0.14503479271027025,0.14515230776234128,0.2342132912728317,0.8927373290061951,0.5560538172721863,-1.0,0.8860465288162231,0.3084745705127716,0.04287499934434891,-0.03674999997019768,0.14412499964237213,0.07487499713897705,0.00011991000064881518,0.00034260001848451793,9.13600015337579e-05,0.0,0.04050000011920929,0.00800000037997961,0.048500001430511475,0.001500000013038516,0.0215000007301569,0.004749999847263098,-0.0002500000118743628,0.9169958829879761,0.8945736885070801,0.968422532081604,-0.8884718418121338,-0.13061664
58,1258,-0.11515191545225067,-0.3822189703486701,0.0038480845477493197,0.14578102965132994,0.1458318084674553,0.23262720514312166,0.8996270895004272,0.5542962551116943,-1.0,0.8860465288162231,0.3084745705127716,0.05249999836087227,-0.036375001072883606,0.15512500703334808,0.07837499678134918,0.0018843000289052725,0.0013418500311672688,0.00025695000658743083,6.851999933132902e-05,0.2824999988079071,0.02850000001490116,0.3109999895095825,0.016499999910593033,0.054249998182058334,0.01899999938905239,0.0002500000118743628,-0.6680901050567627,-0.2946131229400635,-0.9871456027030945,-0.5017603635787964,0.0
59,1259,-0.11905831329048092,-0.3820909317895612,-5.8313290480921376e-05,0.1459090682104388,0.14590907986303775,0.2324475202866418,0.8949955701828003,0.5555610656738281,-1.0,0.8860465288162231,0.3084745705127716,0.04675000160932541,-0.035750001668930054,0.14562499523162842,0.06912499666213989,0.00023411000438500196,0.0009364400175400078,7.423000351991504e-05,0.0,0.10249999910593033,0.006500000134110451,0.10899999737739563,0.003000000026077032,0.041999999433755875,0.0010000000474974513,0.0,0.36013561487197876,0.710968554019928,-0.5974365472793579,0.382055401802063,0.0
60,1260,-0.12205077538362236,-0.38238379738079553,-0.0030507753836223617,0.1456162026192045,0.14564815719973437,0.2330548204947502,0.8859109282493591,0.5557780861854553,-1.0,0.8860465288162231,0.3084745705127716,0.0494999997317791,-0.03424999862909317,0.1341249942779541,0.07625000178813934,0.001136290025897324,0.0018557501025497913,7.994000043254346e-05,6.851999933132902e-05,0.2619999945163727,0.013000000268220901,0.2750000059604645,0.010999999940395355,0.06549999862909317,0.0017500000540167093,0.0,-0.3172866106033325,-0.8383896350860596,-0.8759320974349976,-0.9607475399971008,0.0
61,1261,-0.11879678556317272,-0.3798634503144577,0.0002032144368272759,0.14813654968554235,0.14813668907075145,0.2273267451040343,0.8789516687393188,0.5552816987037659,-1.0,0.8860465288162231,0.3084745705127716,0.04800000041723251,-0.03375000134110451,0.11812499910593033,0.058125000447034836,0.0001827200030675158,0.0006452300003729761,6.851999933132902e-05,6.28100024187006e-05,0.07249999791383743,0.011500000022351742,0.08399999886751175,0.0022499999031424522,0.033250000327825546,0.0010000000474974513,0.0002500000118743628,-0.8635772466659546,-0.9913549423217773,0.32800543308258057,-0.9450840950012207,0.0
62,1262,-0.1380517483021498,-0.37093129800730873,-0.019051748302149812,0.1570687019926913,0.15821993003107204,0.20552259488514024,0.8865190744400024,0.5595534443855286,-1.0,0.8860465288162231,0.3084745705127716,0.032749999314546585,-0.035999998450279236,0.12437500059604645,0.04075000062584877,9.707000572234392e-05,7.423000351991504e-05,7.994000043254346e-05,0.0,0.014999999664723873,0.007000000216066837,0.02199999988079071,0.0005000000237487257,0.000750000006519258,0.000750000006519258,-0.0002500000118743628,-0.8507553339004517,0.5110248923301697,-0.9853487610816956,0.017922954633831978,-0.021849247
63,1263,-0.12859272241996125,-0.37471966019625214,-0.009592722419961258,0.1532803398037479,0.15358021647913786,0.21528292950111136,0.8417401313781738,0.5746927261352539,-1.0,0.8860465288162231,0.3084745705127716,0.017249999567866325,-0.026374999433755875,0.10637500137090683,0.0442500002682209,5.7100000958598685e-06,7.423000351991504e-05,6.28100024187006e-05,6.28100024187006e-05,0.007000000216066837,0.010999999940395355,0.017999999225139618,-0.0002500000118743628,0.0005000000237487257,0.0,0.0002500000118743628,-0.3743012249469757,-0.032760586589574814,0.005285858176648617,0.16968272626399994,-0.06891616
64,1264,-0.13355397009085582,-0.3712151779417026,-0.014553970090855822,0.1567848220582974,0.15745887867394937,0.2070926944363497,0.8637378811836243,0.5682717561721802,-1.0,0.8860465288162231,0.3084745705127716,0.020749999210238457,-0.026750000193715096,0.10625000298023224,0.04749999940395355,9.707000572234392e-05,7.423000351991504e-05,5.7100001868093386e-05,6.28100024187006e-05,0.014999999664723873,0.010499999858438969,0.025499999523162842,0.0002500000118743628,0.0002500000118743628,0.0002500000118743628,0.0,-0.6905690431594849,0.08080531656742096,-0.9123754501342773,-0.5829281806945801,-0.014303363
65,1265,-0.1239125953973147,-0.37601473577125816,-0.004912595397314701,0.15198526422874187,0.1520646380202123,0.21857056159839583,0.8522000908851624,0.5742115378379822,-1.0,0.8860465288162231,0.3084745705127716,0.008124999701976776,-0.023000000044703484,0.08937499672174454,0.03674999997019768,0.0,7.423000351991504e-05,0.0,0.0,0.006500000134110451,0.0,0.006500000134110451,-0.0002500000118743628,0.0002500000118743628,0.0,-0.0002500000118743628,0.37850943207740784,0.40218397974967957,0.5121768712997437,0.22449247539043427,0.0
66,1266,-0.12499157774375369,-0.37676910444048756,-0.0059915777437536955,0.15123089555951247,0.1513495384056113,0.22013916068059758,0.8746218681335449,0.5660766959190369,-1.0,0.8860465288162231,0.3084745705127716,0.014750000089406967,-0.017124999314546585,0.09875000268220901,0.04075000062584877,9.13600015337579e-05,9.13600015337579e-05,6.851999933132902e-05,6.28100024187006e-05,0.01600000075995922,0.011500000022351742,0.027499999850988388,0.0005000000237487257,0.0035000001080334187,0.0002500000118743628,0.0,0.16364160180091858,-0.39075934886932373,-0.8797841668128967,-0.7159509658813477,0.0
67,1267,-0.13157338923663164,-0.3726538665072539,-0.012573389236631649,0.15534613349274612,0.15585413471590012,0.21044281043666038,0.8721126317977905,0.56479811668396,-1.0,0.8860465288162231,0.3084745705127716,0.017999999225139618,-0.022624999284744263,0.08250000327825546,0.027499999850988388,8.565000462112948e-05,0.0,0.0,0.0,0.007499999832361937,0.0,0.007499999832361937,0.0,0.0,0.0,-0.0002500000118743628,-0.4817869961261749,0.5282063484191895,0.735255777835846,0.6992441415786743,0.0
68,1268,-0.12417662666792517,-0.37203304537662113,-0.005176626667925177,0.1559669546233789,0.1560528384815547,0.21002506782037644,0.8568060994148254,0.571773111820221,-1.0,0.8860465288162231,0.3084745705127716,0.008999999612569809,-0.012875000014901161,0.09624999761581421,0.04050000011920929,9.13600015337579e-05,7.994000043254346e-05,0.0,0.0,0.014999999664723873,0.0,0.014999999664723873,0.0,0.0002500000118743628,0.0,-0.0002500000118743628,-0.4695310592651367,0.5146790742874146,0.4416448473930359,-0.034930527210235596,-0.028191665
69,1269,-0.12816364936952335,-0.37426652029729857,-0.009163649369523352,0.15373347970270146,0.15400634808756583,0.21436749275888442,0.8740078210830688,0.5728253722190857,-1.0,0.8860465288162231,0.3084745705127716,0.0002500000118743628,-0.0043750000186264515,0.1041250005364418,0.04412499815225601,9.13600015337579e-05,7.994000043254346e-05,7.994000043254346e-05,6.28100024187006e-05,0.014999999664723873,0.012500000186264515,0.027499999850988388,0.0,0.0024999999441206455,0.000750000006519258,0.0,0.8596760034561157,0.3631426990032196,-0.6104904413223267,0.8759425282478333,0.0
70,1270,-0.13207365556067274,-0.37500863767926634,-0.013073655560672748,0.15299136232073368,0.1535489414306498,0.21535026987151723,0.8647357225418091,0.5690398216247559,-1.0,0.8860465288162231,0.3084745705127716,0.014375000260770321,-0.0037499999161809683,0.09287499636411667,0.060499999672174454,0.0003026300109922886,0.00022840000747237355,7.423000351991504e-05,0.0,0.04650000110268593,0.006500000134110451,0.05299999937415123,0.0037499999161809683,0.014750000089406967,0.0005000000237487257,0.0,0.06704069674015045,-0.601081132888794,-0.9120626449584961,-0.14488835632801056,-0.041386608
71,1271,-0.12900725650867415,-0.3774784930873306,-0.01000725650867415,0.1505215069126694,0.15085380083408964,0.22123318270832246,0.8556426763534546,0.5677819848060608,-1.0,0.8860465288162231,0.3084745705127716,0.017000000923871994,-0.008124999701976776,0.07612500339746475,0.06412500143051147,0.00011991000064881518,7.994000043254346e-05,0.0,0.0,0.017500000074505806,0.0,0.017500000074505806,0.0010000000474974513,0.0010000000474974513,0.0,0.0002500000118743628,0.8034672141075134,-0.15251173079013824,0.9678313136100769,-0.6613402962684631,-0.10336084
72,1272,-0.13171371462494166,-0.3785438199526278,-0.012713714624941669,0.1494561800473722,0.1499959609253429,0.22313917272419181,0.8627738356590271,0.5635957717895508,-1.0,0.8860465288162231,0.3084745705127716,0.029374999925494194,-0.01575000025331974,0.09224999696016312,0.06800000369548798,0.0005139000131748617,0.0001541700039524585,9.13600015337579e-05,0.0,0.05849999934434891,0.00800000037997961,0.06650000065565109,0.0062500000931322575,0.01075000036507845,0.004000000189989805,0.0,0.5725716948509216,0.25012651085853577,-0.6548322439193726,-0.7707933783531189,-0.11649521
73,1273,-0.1338711148461999,-0.3790119231506026,-0.014871114846199907,0.1489880768493974,0.1497284111317916,0.22373698048024937,0.8564797043800354,0.5617901086807251,-1.0,0.8860465288162231,0.3084745705127716,0.03750000149011612,-0.016249999403953552,0.08137500286102295,0.0716250017285347,0.0011534200748428702,0.0003368900215718895,7.994000043254346e-05,5.139000131748617e-05,0.13050000369548798,0.011500000022351742,0.1420000046491623,0.011250000447034836,0.020999999716877937,0.0012499999720603228,0.0002500000118743628,-0.25551357865333557,-0.5885870456695557,-0.35140955448150635,-0.8483038544654846,-0.12579647
74,1274,-0.13780526432260354,-0.3766841440443822,-0.018805264322603543,0.1513158559556178,0.15247992074310723,0.21766475794357268,0.8514625430107117,0.5609967112541199,-1.0,0.8860465288162231,0.3084745705127716,0.03712499886751175,-0.020375000312924385,0.07537499815225601,0.0754999965429306,0.0001827200030675158,0.00011420000373618677,7.423000351991504e-05,6.28100024187006e-05,0.026000000536441803,0.012000000104308128,0.03799999877810478,0.0024999999441206455,0.007249999791383743,0.0002500000118743628,0.0,-0.5932973623275757,-0.7241564989089966,-0.6279829740524292,-0.9881426692008972,0.0
75,1275,-0.13085475607525404,-0.37800963580832614,-0.011854756075254047,0.14999036419167389,0.1504581157397458,0.22211030360997636,0.8423133492469788,0.5649421215057373,-1.0,0.8860465288162231,0.3084745705127716,0.027499999850988388,-0.030249999836087227,0.0637499988079071,0.05700000002980232,0.0,0.0,0.0,0.0,0.0,0.0,0.0,-0.0002500000118743628,0.0,0.0,0.0,-0.502155601978302,-0.42183050513267517,0.917299747467041,-0.8527592420578003,-0.28520945
76,1276,-0.132759252894613,-0.3818281174946378,-0.013759252894612994,0.14617188250536223,0.1468180379768758,0.23034424312591395,0.8584772944450378,0.5626955032348633,-1.0,0.8860465288162231,0.3084745705127716,0.030500000342726707,-0.029124999418854713,0.08049999922513962,0.06062500178813934,0.00011420000373618677,9.707000572234392e-05,7.423000351991504e-05,6.28100024187006e-05,0.01850000023841858,0.012000000104308128,0.030500000342726707,0.0012499999720603228,0.005249999929219484,0.000750000006519258,0.0002500000118743628,0.7981548309326172,-0.6113429069519043,-0.21413014829158783,-0.9827707409858704,0.0
77,1277,-0.1274026245749103,-0.38366304085717196,-0.008402624574910311,0.14433695914282807,0.14458133307707915,0.23555441497040527,0.8540482521057129,0.5562235116958618,-1.0,0.8860465288162231,0.3084745705127716,0.04574999958276749,-0.03849999979138374,0.0768750011920929,0.042374998331069946,9.707000572234392e-05,7.423000351991504e-05,0.0,6.28100024187006e-05,0.014999999664723873,0.005499999970197678,0.020500000566244125,0.0005000000237487257,0.0012499999720603228,0.0,0.0,-0.31520769000053406,-0.9418342709541321,-0.37849050760269165,-0.07541137933731079,-0.06941886
78,1278,-0.11584679450372498,-0.386332777870332,0.0031532054962750133,0.14166722212966804,0.14170230954659294,0.24243464854350955,0.86650550365448,0.5531134605407715,-1.0,0.8860465288162231,0.3084745705127716,0.03999999910593033,-0.05550000071525574,0.08049999922513962,0.04125000163912773,8.565000462112948e-05,1.7129999832832254e-05,6.851999933132902e-05,-5.7100001868093386e-05,0.008999999612569809,0.010999999940395355,0.019999999552965164,0.0002500000118743628,0.0,0.0002500000118743628,-0.0005000000237487257,0.026440149173140526,-0.47203317284584045,0.9195512533187866,-0.49151211977005005,-0.08064399
79,1279,-0.12101941648109965,-0.3820701873155505,-0.002019416481099656,0.14592981268444954,0.14594378463313423,0.23236686390574673,0.8933795690536499,0.5485885143280029,-1.0,0.8860465288162231,0.3084745705127716,0.0403750017285347,-0.051624998450279236,0.0976250022649765,0.03200000151991844,9.13600015337579e-05,0.0,7.423000351991504e-05,0.0,0.00800000037997961,0.006500000134110451,0.014499999582767487,0.0002500000118743628,-0.0002500000118743628,0.0002500000118743628,-0.0002500000118743628,-0.9503923654556274,0.32608938217163086,0.6560640335083008,0.140257328748703,-0.0071691214
80,1280,-0.13489435385011955,-0.3758623652201814,-0.015894353850119558,0.15213763477981862,0.1529656510485615,0.21661005782266857,0.8813502192497253,0.5558132529258728,-1.0,0.8860465288162231,0.3084745705127716,0.022874999791383743,-0.045625001192092896,0.10987500101327896,0.035624999552965164,0.0,2.8550000934046693e-05,7.423000351991504e-05,6.28100024187006e-05,0.0024999999441206455,0.012000000104308128,0.014499999582767487,-0.0002500000118743628,-0.0002500000118743628,0.0002500000118743628,0.0,-0.38263845443725586,0.436026394367218,-0.2589716613292694,0.8690817952156067,-0.06991662
81,1281,-0.12483394147642363,-0.37908315881160765,-0.005833941476423632,0.14891684118839238,0.14903107213825986,0.22530263831479735,0.849082887172699,0.5663349628448486,-1.0,0.8860465288162231,0.3084745705127716,0.026624999940395355,-0.0377499982714653,0.10525000095367432,0.052000001072883606,0.0,7.423000351991504e-05,0.0,0.0,0.006500000134110451,0.0,0.006500000134110451,-0.0002500000118743628,0.0002500000118743628,0.0,-0.0002500000118743628,0.3177301287651062,0.8567796349525452,-0.9363424181938171,0.04318443685770035,-0.15517896
82,1282,-0.1201778691631327,-0.3809880470498227,-0.0011778691631326998,0.14701195295017733,0.14701667145596314,0.22988715645578045,0.8724792003631592,0.5608760118484497,-1.0,0.8860465288162231,0.3084745705127716,0.03150000050663948,-0.026499999687075615,0.1081250011920929,0.05562499910593033,0.00013703999866265804,0.0001484600070398301,7.423000351991504e-05,5.7100001868093386e-05,0.02500000037252903,0.011500000022351742,0.0364999994635582,0.0017500000540167093,0.009750000201165676,0.0017500000540167093,0.0,0.039579618722200394,-0.8200353384017944,0.1090322807431221,-0.8035060167312622,0.0
83,1283,-0.11855928408389887,-0.3771070823236205,0.0004407159161011198,0.15089291767637952,0.1508935612788344,0.22114523689593626,0.8833072781562805,0.5576474070549011,-1.0,0.8860465288162231,0.3084745705127716,0.032749999314546585,-0.03725000098347664,0.1107499971985817,0.04075000062584877,9.707000572234392e-05,7.423000351991504e-05,7.423000351991504e-05,1.7129999832832254e-05,0.014999999664723873,0.00800000037997961,0.023000000044703484,0.0005000000237487257,0.0005000000237487257,0.0005000000237487257,-0.0002500000118743628,-0.7177159190177917,0.6197171807289124,0.9090798497200012,0.8791319727897644,0.0
84,1284,-0.12511386868644142,-0.38085632373474515,-0.006113868686441426,0.14714367626525487,0.14727063812983626,0.2293040604390573,0.887071430683136,0.5642252564430237,-1.0,0.8860465288162231,0.3084745705127716,0.019625000655651093,-0.026624999940395355,0.1277499943971634,0.05700000002980232,8.565000462112948e-05,7.994000043254346e-05,7.423000351991504e-05,-1.7129999832832254e-05,0.014499999582767487,0.00800000037997961,0.02250000089406967,0.0,0.0022499999031424522,0.0005000000237487257,0.0,0.9872252941131592,-0.8650901317596436,-0.6234849095344543,-0.9733409285545349,-0.14080091
85,1285,-0.12112379813847882,-0.38093107982846874,-0.002123798138478822,0.14706892017153128,0.14708425408232265,0.2297318451654204,0.8718281984329224,0.557870626449585,-1.0,0.8860465288162231,0.3084745705127716,0.0377499982714653,-0.042125001549720764,0.11637499928474426,0.06062500178813934,0.00010278000263497233,7.423000351991504e-05,0.0,5.7100001868093386e-05,0.01549999974668026,0.004999999888241291,0.020500000566244125,0.000750000006519258,0.0010000000474974513,0.0,0.0002500000118743628,-0.11298590898513794,0.2811982035636902,0.11320964246988297,0.6982216835021973,-0.010414843
86,1286,-0.12103530105601304,-0.38195141305589114,-0.0020353010560130447,0.14604858694410888,0.14606276801005633,0.23209055038040352,0.8811074495315552,0.5577439069747925,-1.0,0.8860465288162231,0.3084745705127716,0.035999998450279236,-0.039250001311302185,0.11924999952316284,0.07387500256299973,9.13600015337579e-05,0.00010278000263497233,7.423000351991504e-05,0.0,0.017000000923871994,0.006500000134110451,0.023499999195337296,0.0002500000118743628,0.005750000011175871,0.0017500000540167093,-0.0002500000118743628,0.7178860902786255,0.8027971982955933,0.36779487133026123,-0.645054042339325,-0.101406485
87,1287,-0.12022134195177892,-0.3818359386976626,-0.0012213419517789204,0.14616406130233744,0.146169163959286,0.2318437467540664,0.8813132643699646,0.5560145378112793,-1.0,0.8860465288162231,0.3084745705127716,0.04625000059604645,-0.035875000059604645,0.1237500011920929,0.07750000059604645,0.0005767100374214351,0.0005310300039127469,0.00010848999954760075,6.28100024187006e-05,0.09700000286102295,0.014999999664723873,0.1120000034570694,0.006500000134110451,0.028999999165534973,0.006500000134110451,0.0,-0.1773027777671814,-0.37004354596138,0.09291745722293854,-0.9732378721237183,0.0
88,1288,-0.12498924348041318,-0.3811608151049744,-0.005989243480413187,0.14683918489502562,0.14696127809087395,0.23001453396373606,0.8832061886787415,0.5562102794647217,-1.0,0.8860465288162231,0.3084745705127716,0.045375000685453415,-0.035750001668930054,0.12562499940395355,0.05925000086426735,0.0001541700039524585,0.00026266000350005925,0.00010848999954760075,5.139000131748617e-05,0.0364999994635582,0.014000000432133675,0.05050000175833702,0.0017500000540167093,0.014999999664723873,0.006000000052154064,0.0002500000118743628,-0.15535391867160797,0.8222467303276062,-0.9513118267059326,0.7143666744232178,0.0
89,1289,-0.12615644734854092,-0.37935474850954287,-0.0071564473485409286,0.14864525149045715,0.14881742347357615,0.22578450896486418,0.8721180558204651,0.5573545694351196,-1.0,0.8860465288162231,0.3084745705127716,0.042374998331069946,-0.030124999582767487,0.11037500202655792,0.0728750005364418,0.0001598800008650869,0.0006966200307942927,7.423000351991504e-05,0.0,0.07500000298023224,0.006500000134110451,0.08150000125169754,0.0020000000949949026,0.03449999913573265,0.0010000000474974513,-0.0002500000118743628,-0.3689827024936676,0.6118961572647095,-0.25790753960609436,-0.9911348223686218,-0.14293619
90,1290,-0.12923863204029556,-0.3753581602728958,-0.01023863204029557,0.1526418397271042,0.15298483853418787,0.21656849978605722,0.869403600692749,0.5604156851768494,-1.0,0.8860465288162231,0.3084745705127716,0.03487500175833702,-0.020749999210238457,0.10575000196695328,0.07649999856948853,0.00022840000747237355,0.0008165300241671503,7.423000351991504e-05,6.28100024187006e-05,0.09149999916553497,0.012000000104308128,0.10350000113248825,0.0032500000670552254,0.03849999979138374,0.000750000006519258,0.0,-0.9394835233688354,-0.40126433968544006,-0.9202170968055725,-0.8481765389442444,0.0
91,1291,-0.12898316614977248,-0.3791395199172751,-0.009983166149772488,0.1488604800827249,0.14919485961933576,0.2249339228360289,0.8622357249259949,0.5671895742416382,-1.0,0.8860465288162231,0.3084745705127716,0.01875000074505806,-0.011749999597668648,0.08887500315904617,0.060499999672174454,9.707000572234392e-05,0.00010278000263497233,5.7100000958598685e-06,6.28100024187006e-05,0.017500000074505806,0.006000000052154064,0.023499999195337296,0.0005000000237487257,0.005499999970197678,0.0,0.0002500000118743628,0.9897369146347046,-0.311535120010376,0.3249148428440094,-0.8380455374717712,0.0
92,1292,-0.12882429519290248,-0.38086444432689487,-0.009824295192902482,0.14713555567310516,0.14746317682482876,0.22886298614912343,0.862829864025116,0.5607804656028748,-1.0,0.8860465288162231,0.3084745705127716,0.03437500074505806,-0.020500000566244125,0.09274999797344208,0.045125000178813934,0.0005196100100874901,0.00016558999777771533,9.13600015337579e-05,0.0,0.05999999865889549,0.00800000037997961,0.06800000369548798,0.0062500000931322575,0.011500000022351742,0.0042500002309679985,-0.0002500000118743628,0.08400087058544159,-0.7637103199958801,-0.24850121140480042,-0.32441434264183044,-0.06292973
93,1293,-0.13026998475180035,-0.3820236502408262,-0.011269984751800355,0.14597634975917384,0.1464107483940932,0.23128432435962956,0.8631992936134338,0.5578568577766418,-1.0,0.8860465288162231,0.3084745705127716,0.03837500140070915,-0.029874999076128006,0.09025000035762787,0.04874999821186066,0.00011420000373618677,7.994000043254346e-05,0.0,6.28100024187006e-05,0.017000000923871994,0.005499999970197678,0.02250000089406967,0.0012499999720603228,0.0017500000540167093,0.0,0.0,0.807401716709137,0.6208330988883972,-0.31332632899284363,0.9125360250473022,-0.06159916
94,1294,-0.1313511787422516,-0.38371231010111084,-0.012351178742251612,0.14428768989888918,0.14481536200514453,0.23500379405546223,0.8598372340202332,0.5558921098709106,-1.0,0.8860465288162231,0.3084745705127716,0.04912500083446503,-0.029500000178813934,0.09125000238418579,0.06575000286102295,0.0010106699774041772,0.00041112001053988934,0.00010278000263497233,0.0,0.12449999898672104,0.008999999612569809,0.13349999487400055,0.009999999776482582,0.024250000715255737,0.005499999970197678,0.0,0.6327691078186035,-0.33308878540992737,-0.38369911909103394,-0.3666437566280365,-0.067997254
95,1295,-0.12811356649686167,-0.3853628293016778,-0.00911356649686168,0.1426371706983222,0.14292802230183915,0.23948123330280685,0.8573228120803833,0.5530299544334412,-1.0,0.8860465288162231,0.3084745705127716,0.05912499874830246,-0.036249998956918716,0.08637499809265137,0.06925000250339508,0.0014731800183653831,0.00042254000436514616,7.423000351991504e-05,6.851999933132902e-05,0.16599999368190765,0.012500000186264515,0.1784999966621399,0.013500000350177288,0.025499999523162842,0.0010000000474974513,0.0005000000237487257,0.2830645740032196,-0.6441479921340942,0.6989201903343201,-0.9849421381950378,0.0
96,1296,-0.1261449867703322,-0.38988997006183074,-0.007144986770332207,0.1381100299381693,0.13829472587727357,0.25083817753727494,0.8648521900177002,0.550232470035553,-1.0,0.8860465288162231,0.3084745705127716,0.06587500125169754,-0.045625001192092896,0.09650000184774399,0.051249999552965164,0.001022089971229434,0.0003197600017301738,0.00011420000373618677,0.0,0.11749999970197678,0.009999999776482582,0.1274999976158142,0.010499999858438969,0.020250000059604645,0.006750000175088644,-0.0002500000118743628,0.7931751012802124,-0.7596350908279419,0.5369685292243958,-0.49550023674964905,-0.08346004
97,1297,-0.12906513011356607,-0.38976259246262945,-0.010065130113566079,0.13823740753737057,0.13860334659327708,0.25006523230580724,0.8694302439689636,0.5425593852996826,-1.0,0.8860465288162231,0.3084745705127716,0.08062499761581421,-0.060874998569488525,0.10575000196695328,0.054749999195337296,0.0010563500691205263,0.0003654400061350316,0.00011991000064881518,6.851999933132902e-05,0.12449999898672104,0.016499999910593033,0.14100000262260437,0.010499999858438969,0.02250000089406967,0.008249999955296516,0.0002500000118743628,0.056629084050655365,0.1933315247297287,-0.8040777444839478,-0.6295722126960754,0.0
98,1298,-0.12956920222579107,-0.39191591796622566,-0.01056920222579108,0.13608408203377437,0.1364939024962826,0.2553962483090462,0.8626392483711243,0.5427752733230591,-1.0,0.8860465288162231,0.3084745705127716,0.0807500034570694,-0.060750000178813934,0.09437499940395355,0.04337500035762787,0.0012733300682157278,0.0005424499977380037,7.423000351991504e-05,-6.851999933132902e-05,0.1589999943971634,0.012500000186264515,0.17149999737739563,0.012249999679625034,0.029249999672174454,0.0010000000474974513,-0.0005000000237487257,0.9661134481430054,0.02096429280936718,0.283591628074646,-0.8748713135719299,0.0
99,1299,-0.13097536834431805,-0.3919910680523939,-0.01197536834431806,0.1360089319476061,0.13653512008457985,0.25529100182641246,0.8614669442176819,0.5391255617141724,-1.0,0.8860465288162231,0.3084745705127716,0.09350000321865082,-0.06599999964237213,0.09487500041723251,0.027124999091029167,0.002832160098478198,0.0008736300515010953,0.0001541700039524585,-6.851999933132902e-05,0.3244999945163727,0.019500000402331352,0.3440000116825104,0.022749999538064003,0.04050000011920929,0.010499999858438969,-0.000750000006519258,-0.5208725929260254,-0.0047258976846933365,-0.6012372970581055,-0.11940689384937286,-0.039586313
100,1300,-0.128660507310449,-0.39195396087433815,-0.009660507310449012,0.13604603912566188,0.13638859982885798,0.25566532902073696,0.8581967949867249,0.5389981865882874,-1.0,0.8860465288162231,0.3084745705127716,0.09362500160932541,-0.06599999964237213,0.08812499791383743,0.02500000037252903,0.002101280028000474,0.0008907600422389805,7.423000351991504e-05,-6.851999933132902e-05,0.2619999945163727,0.012500000186264515,0.2745000123977661,0.017999999225139618,0.04050000011920929,0.001500000013038516,-0.000750000006519258,0.2286980152130127,-0.16099783778190613,0.9390633702278137,-0.32980877161026,-0.014726324
101,1301,-0.12690082242792233,-0.39169978854951887,-0.007900822427922338,0.13630021145048116,0.13652901023769065,0.2553066001922593,0.8635802268981934,0.5390610694885254,-1.0,0.8860465288162231,0.3084745705127716,0.09362500160932541,-0.06612499803304672,0.10012499988079071,0.01875000074505806,0.0026551501359790564,0.0006909100338816643,0.00017701000615488738,-7.423000351991504e-05,0.2930000126361847,0.02199999988079071,0.3149999976158142,0.02174999937415123,0.03474999964237213,0.012500000186264515,-0.0005000000237487257,-0.5904170870780945,-0.07193232327699661,0.5696128606796265,-0.5919366478919983,-0.009041709
102,1302,-0.12906040398535254,-0.3910098835136793,-0.010060403985352545,0.1369901164863207,0.13735903225956497,0.25319626940817236,0.8676725029945374,0.5394918918609619,-1.0,0.8860465288162231,0.3084745705127716,0.0923750028014183,-0.06612499803304672,0.1106249988079071,0.007625000085681677,0.0004625100118573755,0.0006338100065477192,0.00017130000924225897,0.0,0.09600000083446503,0.014999999664723873,0.11100000143051147,0.005499999970197678,0.032249998301267624,0.012749999761581421,-0.0002500000118743628,-0.4602189064025879,-0.16052252054214478,-0.8936324119567871,-0.2825688123703003,-0.05790826
103,1303,-0.12488474894386042,-0.3869852193396198,-0.0058847489438604295,0.1410147806603802,0.14113751675166814,0.24380777598318232,0.8626502156257629,0.5406612157821655,-1.0,0.8860465288162231,0.3084745705127716,0.08500000089406967,-0.06549999862909317,0.09974999725818634,0.011250000447034836,0.0002169799990952015,0.000433959998190403,7.423000351991504e-05,5.7100001868093386e-05,0.05700000002980232,0.011500000022351742,0.06849999725818634,0.003000000026077032,0.02500000037252903,0.0010000000474974513,0.0,-0.885829746723175,0.8135291934013367,0.9155550003051758,-0.7694439888000488,0.0
104,1304,-0.11984875042585721,-0.386927799580617,-0.0008487504258572198,0.141072200419383,0.14107475361825716,0.2439608454134496,0.8723610639572144,0.5474826693534851,-1.0,0.8860465288162231,0.3084745705127716,0.06862500309944153,-0.05274999886751175,0.11437500268220901,-0.003000000026077032,0.00019985000835731626,0.0005481599946506321,0.00010278000263497233,0.0,0.06549999862909317,0.008999999612569809,0.07450000196695328,0.002749999985098839,0.029999999329447746,0.006000000052154064,-0.0002500000118743628,-0.12590321898460388,0.2508876919746399,0.978744387626648,-0.7484950423240662,-0.11381941
105,1305,-0.12144456983972463,-0.3869623271037229,-0.0024445698397246307,0.1410376728962771,0.14105885685662758,0.24399963037020886,0.8840726613998413,0.5475800037384033,-1.0,0.8860465288162231,0.3084745705127716,0.06662499904632568,-0.05274999886751175,0.1315000057220459,0.0006249999860301614,0.00017130000924225897,0.0008279500179924071,0.0001256200048374012,6.28100024187006e-05,0.08749999850988388,0.016499999910593033,0.10400000214576721,0.0022499999031424522,0.039250001311302185,0.008249999955296516,0.0,0.2111448347568512,-0.5293861031532288,-0.5171443819999695,0.9856351017951965,0.0
106,1306,-0.12478014800476642,-0.3889611597009182,-0.005780148004766422,0.1390388402990818,0.139158935116185,0.248679750926999,0.8803614377975464,0.5475214719772339,-1.0,0.8860465288162231,0.3084745705127716,0.06687500327825546,-0.05274999886751175,0.12562499940395355,0.01899999938905239,0.0009078900329768658,0.0003026300109922886,7.423000351991504e-05,0.0,0.10599999874830246,0.006500000134110451,0.11249999701976776,0.009499999694526196,0.019500000402331352,0.000750000006519258,0.0,0.49064022302627563,-0.3572443425655365,-0.6421542763710022,0.790585994720459,0.0
107,1307,-0.121795790975331,-0.3919047020912502,-0.002795790975331003,0.1360952979087498,0.13612401169539892,0.25634268484910344,0.8726043105125427,0.5441336035728455,-1.0,0.8860465288162231,0.3084745705127716,0.07612500339746475,-0.05824999883770943,0.11312499642372131,0.0338749997317791,0.0008793400484137237,0.00025695000658743083,7.423000351991504e-05,0.0,0.09950000047683716,0.006500000134110451,0.10599999874830246,0.00925000011920929,0.017249999567866325,0.0017500000540167093,-0.0002500000118743628,0.3247458040714264,-0.9959948658943176,0.8718401193618774,0.8151843547821045,0.0
108,1308,-0.12001032111243293,-0.3941907569150183,-0.0010103211124329325,0.1338092430849817,0.13381305722434547,0.2623356279702519,0.8795446753501892,0.5391445755958557,-1.0,0.8860465288162231,0.3084745705127716,0.08449999988079071,-0.07249999791383743,0.12837499380111694,0.04912500083446503,0.00034831001539714634,0.00013133000175002962,9.13600015337579e-05,0.0,0.041999999433755875,0.00800000037997961,0.05000000074505806,0.0044999998062849045,0.008500000461935997,0.0037499999161809683,-0.0002500000118743628,0.2593826353549957,-0.7318373322486877,-0.10592556744813919,0.5888664722442627,0.0
109,1309,-0.12103450153265624,-0.39262457691905095,-0.0020345015326562466,0.13537542308094908,0.13539071006103906,0.25822935899849336,0.8836969137191772,0.5352699160575867,-1.0,0.8860465288162231,0.3084745705127716,0.09062500298023224,-0.0832500010728836,0.12849999964237213,0.05999999865889549,0.00014275001012720168,7.994000043254346e-05,6.851999933132902e-05,1.1420000191719737e-05,0.019500000402331352,0.007000000216066837,0.026499999687075615,0.0017500000540167093,0.002749999985098839,-0.0002500000118743628,0.0,-0.24078567326068878,0.7850148677825928,-0.7501325011253357,-0.8161600828170776,-0.23595513
110,1310,-0.1319814348018338,-0.38822284707307836,-0.012981434801833808,0.13977715292692167,0.14037866693294357,0.2456649485123072,0.8813151121139526,0.5379244685173035,-1.0,0.8860465288162231,0.3084745705127716,0.08624999970197678,-0.0768750011920929,0.1303749978542328,0.0637499988079071,0.0001256200048374012,0.0003026300109922886,9.13600015337579e-05,0.0,0.03750000149011612,0.00800000037997961,0.045499999076128006,0.001500000013038516,0.01924999989569187,0.0035000001080334187,0.0,-0.5770089626312256,-0.9517204761505127,-0.9624864459037781,0.6811065673828125,0.0
111,1311,-0.1232623361775119,-0.393007140234277,-0.0042623361775118995,0.134992859765723,0.13506013363468244,0.25908441691655054,0.8558571338653564,0.5453850030899048,-1.0,0.8860465288162231,0.3084745705127716,0.07625000178813934,-0.08500000089406967,0.11412499845027924,0.07649999856948853,0.0,0.0,0.0,0.0,0.0,0.0,0.0,0.0,0.0,0.0,0.0,0.6274060010910034,0.12524056434631348,-0.12328600883483887,-0.7005981802940369,-0.15583724
112,1312,-0.12203793332123772,-0.3921633322379006,-0.0030379333212377235,0.1358366677620994,0.13587063460356422,0.25699302204391067,0.8761340975761414,0.537276029586792,-1.0,0.8860465288162231,0.3084745705127716,0.08749999850988388,-0.08399999886751175,0.1172500029206276,0.08012499660253525,0.00010848999954760075,0.00010278000263497233,7.423000351991504e-05,6.28100024187006e-05,0.01850000023841858,0.012000000104308128,0.030500000342726707,0.0010000000474974513,0.005499999970197678,0.0012499999720603228,0.0002500000118743628,-0.1565355509519577,0.7166121006011963,0.7196207046508789,0.3362038731575012,0.0
113,1313,-0.1247328340970359,-0.39196911773755444,-0.005732834097035899,0.13603088226244558,0.1361516298686265,0.2562718974578877,0.8789815306663513,0.5387062430381775,-1.0,0.8860465288162231,0.3084745705127716,0.08449999988079071,-0.0767500028014183,0.12925000488758087,0.08637499809265137,0.00011420000373618677,0.00028550002025440335,9.13600015337579e-05,5.7100001868093386e-05,0.03500000014901161,0.013000000268220901,0.04800000041723251,0.0012499999720603228,0.017750000581145287,0.004000000189989805,0.0002500000118743628,-0.01071693655103445,-0.6140829920768738,-0.7010188102722168,-0.24017959833145142,0.0
114,1314,-0.11989038068473526,-0.39206573060720257,-0.0008903806847352647,0.13593426939279746,0.13593718539501023,0.2568220480523621,0.8727143406867981,0.5390353798866272,-1.0,0.8860465288162231,0.3084745705127716,0.0846249982714653,-0.07975000143051147,0.11812499910593033,0.08212500065565109,9.707000572234392e-05,7.994000043254346e-05,0.0,-5.7100001868093386e-05,0.01549999974668026,0.004999999888241291,0.020500000566244125,0.000750000006519258,0.000750000006519258,0.0,-0.0002500000118743628,0.11370127648115158,0.7492809891700745,0.9665122032165527,-0.07680610567331314,0.0
115,1315,-0.11660539000717646,-0.392272770698717,0.0023946099928235376,0.135727229301283,0.13574835148472628,0.2573074733477089,0.8839758634567261,0.5388716459274292,-1.0,0.8860465288162231,0.3084745705127716,0.08550000190734863,-0.07649999856948853,0.13312500715255737,0.0807500034570694,0.00023411000438500196,0.0003825699968729168,0.00010278000263497233,-6.28100024187006e-05,0.05400000140070915,0.014499999582767487,0.06849999725818634,0.0032500000670552254,0.02225000038743019,0.006000000052154064,-0.0002500000118743628,0.0011204625479876995,-0.081840381026268,0.7479966282844543,0.7116775512695312,0.0
116,1316,-0.1160705515631659,-0.39283119758349916,0.002929448436834098,0.13516880241650087,0.13520054295325562,0.2587208935223122,0.8916153907775879,0.5385207533836365,-1.0,0.8860465288162231,0.3084745705127716,0.08537500351667404,-0.07662499696016312,0.14624999463558197,0.09399999678134918,0.00025695000658743083,0.0003197600017301738,0.00011991000064881518,0.0,0.05050000175833702,0.010499999858438969,0.061000000685453415,0.0035000001080334187,0.019500000402331352,0.00774999987334013,-0.0002500000118743628,0.3388654291629791,0.3328586220741272,-0.06829870492219925,-0.5987532138824463,-0.095850386
117,1317,-0.11816381526735514,-0.390981912119272,0.0008361847326448513,0.137018087880728,0.1370206393628274,0.2540545189073422,0.892859160900116,0.5375742316246033,-1.0,0.8860465288162231,0.3084745705127716,0.08799999952316284,-0.0767500028014183,0.14624999463558197,0.0976250022649765,0.0010734800016507506,0.0006281000096350908,9.707000572234392e-05,6.851999933132902e-05,0.14900000393390656,0.014499999582767487,0.16349999606609344,0.01075000036507845,0.03200000151991844,0.005249999929219484,0.0,-0.9400334358215332,-0.964735746383667,-0.8968991637229919,-0.2871430814266205,0.0
118,1318,-0.12337373108355418,-0.3929047589078961,-0.004373731083554183,0.1350952410921039,0.13516602268811836,0.2588102200777164,0.8879911303520203,0.540708601474762,-1.0,0.8860465288162231,0.3084745705127716,0.0754999965429306,-0.07900000363588333,0.13199999928474426,0.0923750028014183,9.707000572234392e-05,7.423000351991504e-05,7.423000351991504e-05,0.0,0.014999999664723873,0.006500000134110451,0.0215000007301569,0.0005000000237487257,0.0005000000237487257,0.0002500000118743628,-0.0002500000118743628,0.8763139843940735,0.45891523361206055,-0.8770638704299927,-0.7856956720352173,-0.11828348
119,1319,-0.127844741182218,-0.3931522907985032,-0.008844741182218008,0.1348477092014968,0.1351374638043495,0.25888414394306336,0.8758750557899475,0.5374495387077332,-1.0,0.8860465288162231,0.3084745705127716,0.08962500095367432,-0.07850000262260437,0.11524999886751175,0.09600000083446503,0.0003882800228893757,0.0002512400096748024,7.994000043254346e-05,6.28100024187006e-05,0.0560000017285347,0.012500000186264515,0.06849999725818634,0.004999999888241291,0.016499999910593033,0.0010000000474974513,0.0,0.011723428033292294,-0.38789135217666626,-0.7807579040527344,-0.9962937831878662,0.0
120,1320,-0.12793878558202007,-0.3942367391858695,-0.008938785582020076,0.13376326081413054,0.13406159715336247,0.26168442876694326,0.8654773235321045,0.537030041217804,-1.0,0.8860465288162231,0.3084745705127716,0.09049999713897705,-0.07874999940395355,0.10087499767541885,0.07737500220537186,0.0002512400096748024,7.994000043254346e-05,7.994000043254346e-05,5.7100001868093386e-05,0.028999999165534973,0.012000000104308128,0.04100000113248825,0.0035000001080334187,0.0024999999441206455,0.0005000000237487257,0.0,0.4579668939113617,-0.13510578870773315,0.26037806272506714,-0.9828268885612488,-0.14193924
121,1321,-0.1279726714979218,-0.3971101174463848,-0.008972671497921803,0.13088988255361522,0.13119706623514416,0.26928885573837336,0.8652586340904236,0.5351919531822205,-1.0,0.8860465288162231,0.3084745705127716,0.0976250022649765,-0.08425000309944153,0.10374999791383743,0.0807500034570694,0.0005081900162622333,0.00013703999866265804,9.707000572234392e-05,6.851999933132902e-05,0.05649999901652336,0.014499999582767487,0.07100000232458115,0.0062500000931322575,0.008500000461935997,0.0044999998062849045,0.000750000006519258,0.6866203546524048,-0.3976706862449646,-0.07121137529611588,-0.6903083324432373,0.0
122,1322,-0.12616466559020661,-0.4014483699787301,-0.00716466559020662,0.1265516300212699,0.12675427998320163,0.2815225297885959,0.8651798367500305,0.5303218364715576,-1.0,0.8860465288162231,0.3084745705127716,0.10949999839067459,-0.09387499839067459,0.10374999791383743,0.06825000047683716,0.0007194600184448063,0.0001884299999801442,7.994000043254346e-05,0.0,0.0794999971985817,0.007000000216066837,0.08649999648332596,0.00800000037997961,0.013000000268220901,0.0020000000949949026,0.0,0.9233375787734985,-0.7758944630622864,0.7116928100585938,-0.2935239374637604,-0.059222877
123,1323,-0.12788441926983649,-0.39982135812365643,-0.008884419269836491,0.1281786418763436,0.1284861748945239,0.2766888335109429,0.8693845272064209,0.5229688882827759,-1.0,0.8860465288162231,0.3084745705127716,0.12675000727176666,-0.11050000041723251,0.1145000010728836,0.07187499850988388,0.0007251700153574347,0.00026266000350005925,0.00011991000064881518,6.851999933132902e-05,0.08649999648332596,0.016499999910593033,0.10300000011920929,0.00800000037997961,0.017249999567866325,0.007000000216066837,0.0002500000118743628,-0.790187656879425,-0.8018069267272949,-0.8611040711402893,-0.772658109664917,0.0
124,1324,-0.1274034826894879,-0.40106264935420066,-0.008403482689487901,0.12693735064579936,0.12721520942987574,0.28022789551717575,0.8653850555419922,0.5257264971733093,-1.0,0.8860465288162231,0.3084745705127716,0.11599999666213989,-0.1171249970793724,0.10187499970197678,0.057624999433755875,7.994000043254346e-05,7.423000351991504e-05,0.0,0.0,0.013500000350177288,0.0,0.013500000350177288,0.0,0.0005000000237487257,0.0,0.0,0.4300271272659302,0.4486696422100067,0.2785646915435791,-0.9774363040924072,-0.14129236
125,1325,-0.12895388357676071,-0.40362449496367814,-0.00995388357676072,0.12437550503632189,0.12477317841307016,0.2871553891500058,0.8665035367012024,0.5236226320266724,-1.0,0.8860465288162231,0.3084745705127716,0.12287499755620956,-0.11400000005960464,0.10575000196695328,0.061250001192092896,0.00017130000924225897,0.0001598800008650869,9.707000572234392e-05,6.28100024187006e-05,0.028999999165534973,0.014000000432133675,0.0430000014603138,0.0022499999031424522,0.010999999940395355,0.0024999999441206455,0.0002500000118743628,0.8373697996139526,-0.2639904320240021,-0.19662435352802277,-0.995191216468811,0.0
126,1326,-0.1279472053212562,-0.40568957935451255,-0.008947205321256202,0.12231042064548747,0.12263723529799912,0.2933548375662789,0.8628979325294495,0.5192804932594299,-1.0,0.8860465288162231,0.3084745705127716,0.13512499630451202,-0.11962500214576721,0.10300000011920929,0.04287499934434891,0.000867919996380806,0.0001827200030675158,7.423000351991504e-05,0.0,0.09200000017881393,0.006500000134110451,0.09849999845027924,0.008999999612569809,0.012500000186264515,0.000750000006519258,-0.0002500000118743628,0.31672853231430054,-0.533538818359375,0.34606924653053284,-0.3517982065677643,-0.06621579
127,1327,-0.12880319643579305,-0.4086604333826491,-0.009803196435793055,0.1193395666173509,0.11974153339913382,0.301973705284799,0.8652390837669373,0.5157803893089294,-1.0,0.8860465288162231,0.3084745705127716,0.14249999821186066,-0.12812499701976776,0.10712499916553497,0.04662499949336052,0.000491060025524348,0.00013703999866265804,9.707000572234392e-05,1.1420000191719737e-05,0.054999999701976776,0.009499999694526196,0.06449999660253525,0.006000000052154064,0.009499999694526196,0.005249999929219484,-0.0002500000118743628,0.9454619288444519,-0.24436768889427185,-0.3080241084098816,0.8611540794372559,0.0
128,1328,-0.13195664998264434,-0.4108116799971932,-0.012956649982644342,0.11718832000280682,0.11790240508086768,0.3075787734231361,0.8632484078407288,0.5107450485229492,-1.0,0.8860465288162231,0.3084745705127716,0.15812499821186066,-0.13862499594688416,0.10324999690055847,0.06262499839067459,0.0010049600386992097,0.00035402001230977476,7.423000351991504e-05,5.139000131748617e-05,0.11900000274181366,0.010999999940395355,0.12999999523162842,0.009999999776482582,0.0215000007301569,0.001500000013038516,0.0,0.44272369146347046,-0.48624324798583984,-0.621559739112854,-0.6109187602996826,0.0
129,1329,-0.13442237647128083,-0.41090019716322873,-0.015422376471280835,0.1170998028367713,0.11811102201078706,0.30693778087090084,0.8559147715568542,0.5070988535881042,-1.0,0.8860465288162231,0.3084745705127716,0.16625000536441803,-0.1457500010728836,0.09175000339746475,0.051500000059604645,0.0009992499835789204,0.00026837000041268766,7.423000351991504e-05,-6.851999933132902e-05,0.11100000143051147,0.012500000186264515,0.12349999696016312,0.010250000283122063,0.017750000581145287,0.0012499999720603228,-0.0005000000237487257,-0.07718636840581894,-0.08712881058454514,-0.5620099902153015,0.08416870981454849,0.0
130,1330,-0.1346512697918616,-0.4099166923904698,-0.0156512697918616,0.11808330760953023,0.11911603494955908,0.3038684658006256,0.8501805067062378,0.5069488286972046,-1.0,0.8860465288162231,0.3084745705127716,0.16637499630451202,-0.1457500010728836,0.08137500286102295,0.05249999836087227,0.0006395200034603477,0.0002169799990952015,7.994000043254346e-05,6.851999933132902e-05,0.07500000298023224,0.013000000268220901,0.08799999952316284,0.007249999791383743,0.014499999582767487,0.0010000000474974513,0.0005000000237487257,-0.28341928124427795,0.8943092226982117,-0.10396541655063629,-0.8155179023742676,0.0
131,1331,-0.1389984729484265,-0.40993090816026345,-0.019998472948426493,0.11806909183973657,0.11975078024016836,0.3019457835472644,0.8496482372283936,0.5086157917976379,-1.0,0.8860465288162231,0.3084745705127716,0.16337500512599945,-0.14225000143051147,0.07987499982118607,0.03762499988079071,0.00020556000526994467,0.0009136000298894942,7.423000351991504e-05,0.0,0.09799999743700027,0.006500000134110451,0.10450000315904617,0.002749999985098839,0.04100000113248825,0.0002500000118743628,-0.0002500000118743628,0.09456297010183334,-0.03688814118504524,-0.8776490092277527,-0.966313898563385,-0.13995767
132,1332,-0.13990881437297278,-0.4081903673115436,-0.02090881437297279,0.1198096326884564,0.12162042017451787,0.29635293062056245,0.8395384550094604,0.5085916519165039,-1.0,0.8860465288162231,0.3084745705127716,0.16337500512599945,-0.1420000046491623,0.06337500363588333,0.04125000163912773,0.0005139000131748617,0.0008507900056429207,7.423000351991504e-05,6.28100024187006e-05,0.11949999630451202,0.012000000104308128,0.1315000057220459,0.0062500000931322575,0.039250001311302185,0.0005000000237487257,0.0,-0.7119304537773132,-0.6157573461532593,-0.26021093130111694,0.7654291987419128,0.0
133,1333,-0.1390308824286494,-0.4054245467148365,-0.020030882428649394,0.1225754532851635,0.12420136069678817,0.2888020981383462,0.8374213576316833,0.5115417242050171,-1.0,0.8860465288162231,0.3084745705127716,0.15299999713897705,-0.1378750056028366,0.05874999985098839,0.05562499910593033,8.565000462112948e-05,0.0001256200048374012,0.0,0.0,0.01850000023841858,0.0,0.01850000023841858,0.0005000000237487257,0.00800000037997961,0.0,-0.0002500000118743628,-0.6436396241188049,0.44261476397514343,0.17843030393123627,-0.08708328008651733,-0.037038356
134,1334,-0.13667911192256874,-0.40716937646166407,-0.01767911192256874,0.12083062353833596,0.12211711830465775,0.2948846007577925,0.8394630551338196,0.5162295699119568,-1.0,0.8860465288162231,0.3084745705127716,0.14087499678134918,-0.12837499380111694,0.06199999898672104,0.05912499874830246,0.00010278000263497233,9.707000572234392e-05,7.423000351991504e-05,5.7100001868093386e-05,0.017500000074505806,0.011500000022351742,0.028999999165534973,0.000750000006519258,0.005499999970197678,0.0010000000474974513,0.0002500000118743628,0.6014255285263062,-0.39346030354499817,0.7909504771232605,-0.3788847029209137,0.0
135,1335,-0.1378961649384196,-0.4063600381536752,-0.018896164938419613,0.1216399618463248,0.12309892512672607,0.2920035698522271,0.8449323177337646,0.513272225856781,-1.0,0.8860465288162231,0.3084745705127716,0.15049999952316284,-0.13587500154972076,0.07612500339746475,0.05249999836087227,0.0003026300109922886,0.00010278000263497233,8.565000462112948e-05,-1.7129999832832254e-05,0.03550000116229057,0.008999999612569809,0.04450000077486038,0.004000000189989805,0.005750000011175871,0.0022499999031424522,-0.0005000000237487257,-0.7971227169036865,-0.8486044406890869,-0.698596715927124,-0.7659033536911011,-0.11590841
136,1336,-0.1374324150296868,-0.4077543917306035,-0.018432415029686816,0.12024560826939651,0.1216501550837638,0.2962648234455382,0.8421019315719604,0.5146440267562866,-1.0,0.8860465288162231,0.3084745705127716,0.13774999976158142,-0.14900000393390656,0.06424999982118607,0.05587499961256981,0.0,7.423000351991504e-05,0.0,5.7100001868093386e-05,0.006500000134110451,0.004999999888241291,0.011500000022351742,-0.0002500000118743628,0.0002500000118743628,0.0,0.0002500000118743628,0.640062689781189,0.6589027643203735,0.5298437476158142,-0.9250783324241638,0.0
137,1337,-0.14196945439352626,-0.4029666956961284,-0.022969454393526267,0.1250333043038716,0.12712561905564448,0.280479065232614,0.8431804180145264,0.5122807025909424,-1.0,0.8860465288162231,0.3084745705127716,0.14900000393390656,-0.13950000703334808,0.07374999672174454,0.038750000298023224,0.00011991000064881518,0.00010278000263497233,7.423000351991504e-05,2.2840000383439474e-05,0.019500000402331352,0.008500000461935997,0.02800000086426735,0.0012499999720603228,0.005750000011175871,0.000750000006519258,0.0,-0.700027585029602,-0.6369928121566772,0.7659811973571777,0.35521987080574036,0.0
138,1338,-0.12901394494703816,-0.4068611912919144,-0.010013944947038167,0.12113880870808563,0.12155200561330314,0.2965557485482804,0.8326292037963867,0.5203954577445984,-1.0,0.8860465288162231,0.3084745705127716,0.1366250067949295,-0.148499995470047,0.08824999630451202,0.045499999076128006,0.0,0.0,7.423000351991504e-05,0.0,0.0,0.006500000134110451,0.006500000134110451,-0.0002500000118743628,0.0,0.0002500000118743628,-0.0002500000118743628,0.21784435212612152,0.12827011942863464,0.6376721262931824,-0.25421077013015747,-0.063112885
139,1339,-0.12884791873628876,-0.405998667230635,-0.009847918736288763,0.12200133276936503,0.12239814827413807,0.2940570500317085,0.8627582788467407,0.5137946009635925,-1.0,0.8860465288162231,0.3084745705127716,0.14037500321865082,-0.14499999582767487,0.10000000149011612,0.04924999922513962,9.707000572234392e-05,7.423000351991504e-05,7.423000351991504e-05,0.0,0.014999999664723873,0.006500000134110451,0.0215000007301569,0.0002500000118743628,0.0005000000237487257,0.0005000000237487257,-0.0002500000118743628,-0.9835336804389954,-0.8008438944816589,0.42401033639907837,0.12088049203157425,-0.009494342
140,1340,-0.12776932484329379,-0.40580130120084473,-0.008769324843293791,0.12219869879915529,0.12251295052529707,0.29371965962152885,0.8631443977355957,0.5152565240859985,-1.0,0.8860465288162231,0.3084745705127716,0.12224999815225601,-0.15974999964237213,0.10787499696016312,0.05299999937415123,0.0,7.423000351991504e-05,7.423000351991504e-05,0.0,0.006500000134110451,0.006500000134110451,0.013000000268220901,-0.0002500000118743628,0.0,0.0005000000237487257,-0.0002500000118743628,-0.9475423097610474,0.5339628458023071,0.5485528707504272,-0.6732760667800903,-0.24249822
141,1341,-0.13102712518614099,-0.4045285583608112,-0.012027125186140991,0.12347144163918883,0.12405582872522644,0.2892227035090875,0.8656527400016785,0.515591025352478,-1.0,0.8860465288162231,0.3084745705127716,0.12575000524520874,-0.1497499942779541,0.11812499910593033,0.05649999901652336,8.565000462112948e-05,0.0,6.851999933132902e-05,6.28100024187006e-05,0.007499999832361937,0.011500000022351742,0.01899999938905239,0.0002500000118743628,0.0,0.0005000000237487257,0.0002500000118743628,0.5795751214027405,0.03963787108659744,-0.5611523389816284,-0.6460819244384766,-0.120773286
142,1342,-0.12301076613164885,-0.4079266737200605,-0.004010766131648857,0.12007332627993955,0.12014029269521365,0.30077195470175094,0.8580764532089233,0.5177481770515442,-1.0,0.8860465288162231,0.3084745705127716,0.1366250067949295,-0.14624999463558197,0.10787499696016312,0.06024999916553497,8.565000462112948e-05,6.851999933132902e-05,0.0,6.28100024187006e-05,0.013500000350177288,0.005499999970197678,0.01899999938905239,0.0,0.0005000000237487257,0.0,0.0002500000118743628,0.800569474697113,0.9206297397613525,0.9431893825531006,0.9228830337524414,0.0
143,1343,-0.12425537704383216,-0.410135078238396,-0.005255377043832166,0.11786492176160401,0.11798202731662935,0.30733396979900085,0.8767191767692566,0.5119886994361877,-1.0,0.8860465288162231,0.3084745705127716,0.14937500655651093,-0.14012500643730164,0.12325000017881393,0.07774999737739563,0.00034260001848451793,0.00041683000745251775,9.707000572234392e-05,0.0,0.06650000065565109,0.008500000461935997,0.07500000298023224,0.0044999998062849045,0.022749999538064003,0.0044999998062849045,-0.0002500000118743628,0.16128003597259521,-0.9953692555427551,-0.9410786628723145,-0.3671707212924957,-0.068060495
144,1344,-0.12712285138840484,-0.40975739786202026,-0.00812285138840485,0.11824260213797977,0.11852127941867101,0.30568112541091697,0.8738247156143188,0.5082456469535828,-1.0,0.8860465288162231,0.3084745705127716,0.15412500500679016,-0.14812499284744263,0.10787499696016312,0.08124999701976776,0.00010848999954760075,7.994000043254346e-05,0.0,5.7100001868093386e-05,0.016499999910593033,0.004999999888241291,0.0215000007301569,0.0010000000474974513,0.001500000013038516,0.0,0.0002500000118743628,0.33406129479408264,0.5701042413711548,-0.8017651438713074,-0.5602068305015564,-0.12021182
145,1345,-0.13068061878376666,-0.4110443291306595,-0.011680618783766666,0.1169556708693405,0.11753750807154789,0.30870316936463216,0.8671561479568481,0.5088857412338257,-1.0,0.8860465288162231,0.3084745705127716,0.15837499499320984,-0.1471250057220459,0.10925000160932541,0.07087499648332596,0.00041683000745251775,0.00032546999864280224,9.13600015337579e-05,-2.2840000383439474e-05,0.06499999761581421,0.009999999776482582,0.07500000298023224,0.004999999888241291,0.020749999210238457,0.004749999847263098,0.0,0.4746464788913727,-0.09276741743087769,-0.7792391180992126,-0.02797621488571167,-0.027357148
146,1346,-0.13277443010832385,-0.40981077228108886,-0.013774430108323854,0.11818922771891116,0.118989194776676,0.3042541376296845,0.8588823080062866,0.5067045092582703,-1.0,0.8860465288162231,0.3084745705127716,0.16500000655651093,-0.14737500250339508,0.09650000184774399,0.07462500035762787,0.0009078900329768658,0.0002797899942379445,7.423000351991504e-05,6.851999933132902e-05,0.10400000214576721,0.012500000186264515,0.11649999767541885,0.009499999694526196,0.017999999225139618,0.0012499999720603228,0.0,-0.7033071517944336,-0.23660239577293396,-0.6533154845237732,0.14282412827014923,0.0
147,1347,-0.13199148842423455,-0.40743877413897267,-0.01299148842423456,0.12056122586102735,0.12125917677681418,0.2974254220021787,0.8540129661560059,0.5087953209877014,-1.0,0.8860465288162231,0.3084745705127716,0.15649999678134918,-0.1459999978542328,0.08487500250339508,0.07712499797344208,9.13600015337579e-05,0.00010848999954760075,7.423000351991504e-05,6.851999933132902e-05,0.017500000074505806,0.012500000186264515,0.029999999329447746,0.0002500000118743628,0.006500000134110451,0.0002500000118743628,0.0002500000118743628,-0.7179008722305298,0.5864579677581787,-0.10936297476291656,-0.9974225163459778,0.0
148,1348,-0.129910547046038,-0.4081853152916812,-0.010910547046038,0.1198146847083188,0.12031042643344612,0.30026067518446675,0.8558337688446045,0.5128156542778015,-1.0,0.8860465288162231,0.3084745705127716,0.14287500083446503,-0.13437500596046448,0.08299999684095383,0.0586250014603138,0.00010278000263497233,0.00010278000263497233,0.0,6.851999933132902e-05,0.017999999225139618,0.006000000052154064,0.024000000208616257,0.000750000006519258,0.004999999888241291,0.0,0.0,0.31322431564331055,-0.520753026008606,0.9916132092475891,0.8783930540084839,0.0
149,1349,-0.13396220257794877,-0.40938255493336684,-0.01496220257794878,0.11861744506663319,0.11955737442800975,0.3025303293327629,0.8606731295585632,0.5115503072738647,-1.0,0.8860465288162231,0.3084745705127716,0.148375004529953,-0.14225000143051147,0.10112500190734863,0.07512500137090683,0.00011420000373618677,7.994000043254346e-05,7.423000351991504e-05,0.0,0.017000000923871994,0.006500000134110451,0.023499999195337296,0.0012499999720603228,0.0012499999720603228,0.000750000006519258,-0.0002500000118743628,0.4827222526073456,0.0900738462805748,-0.9571048021316528,-0.9561947584152222,-0.13874339
150,1350,-0.1319021808089167,-0.4119461003864683,-0.012902180808916697,0.11605389961353174,0.11676889091334935,0.3110850569643959,0.8512507081031799,0.5095210671424866,-1.0,0.8860465288162231,0.3084745705127716,0.15575000643730164,-0.14274999499320984,0.0833749994635582,0.07874999940395355,0.00034260001848451793,0.00010278000263497233,7.423000351991504e-05,6.28100024187006e-05,0.039000000804662704,0.012000000104308128,0.050999999046325684,0.0044999998062849045,0.005499999970197678,0.0005000000237487257,0.0,0.7187331318855286,-0.2867283523082733,0.785669207572937,0.2158316820859909,0.0
151,1351,-0.13510566713653033,-0.4125975941746874,-0.016105667136530333,0.11540240582531264,0.11652084699393009,0.31185764231179036,0.856041431427002,0.5051761269569397,-1.0,0.8860465288162231,0.3084745705127716,0.1678750067949295,-0.15212500095367432,0.09562499821186066,0.08250000327825546,0.0006109700188972056,0.00019985000835731626,9.707000572234392e-05,6.28100024187006e-05,0.07100000232458115,0.014000000432133675,0.08500000089406967,0.007000000216066837,0.013500000350177288,0.005249999929219484,0.0005000000237487257,0.43467941880226135,0.593287467956543,-0.9495869874954224,0.035051047801971436,0.0
152,1352,-0.13183519278621314,-0.41072334885367756,-0.012835192786213145,0.11727665114632246,0.11797692604045706,0.3073496481534662,0.8485914468765259,0.5040718913078308,-1.0,0.8860465288162231,0.3084745705127716,0.17350000143051147,-0.1522500067949295,0.07987499982118607,0.08250000327825546,0.0012390700867399573,0.0007308800122700632,7.994000043254346e-05,7.423000351991504e-05,0.17249999940395355,0.013500000350177288,0.1860000044107437,0.012000000104308128,0.035750001668930054,0.0012499999720603228,0.0017500000540167093,-0.7119888067245483,-0.08784064650535583,0.9559639692306519,-0.16404671967029572,0.0
153,1353,-0.13304533325468001,-0.41283464259617114,-0.01404533325468002,0.11516535740382888,0.11601866630929121,0.3134276700435735,0.8561972379684448,0.50724858045578,-1.0,0.8860465288162231,0.3084745705127716,0.1652500033378601,-0.14900000393390656,0.09624999761581421,0.08037500083446503,0.0001484600070398301,0.0004510900180321187,9.13600015337579e-05,0.0,0.05249999836087227,0.00800000037997961,0.060499999672174454,0.0020000000949949026,0.026000000536441803,0.0042500002309679985,0.0,0.5470510125160217,-0.6295945644378662,-0.6825200319290161,-0.6321574449539185,-0.099858895
154,1354,-0.13466425241162933,-0.4119017468178149,-0.01566425241162933,0.11609825318218514,0.11715021637013735,0.309901069307785,0.85338294506073,0.5036700963973999,-1.0,0.8860465288162231,0.3084745705127716,0.17237499356269836,-0.15412500500679016,0.08524999767541885,0.08399999886751175,0.0007594299968332052,0.0001827200030675158,6.851999933132902e-05,6.28100024187006e-05,0.08250000327825546,0.011500000022351742,0.09399999678134918,0.008249999955296516,0.012749999761581421,0.000750000006519258,0.0002500000118743628,-0.6381274461746216,-0.5443930625915527,-0.688896894454956,-0.7064676284790039,0.0
155,1355,-0.1370718235614146,-0.4102301803218923,-0.018071823561414596,0.11776981967810773,0.11914831611839469,0.30377038933910805,0.8496180176734924,0.5052512884140015,-1.0,0.8860465288162231,0.3084745705127716,0.16437500715255737,-0.15812499821186066,0.07275000214576721,0.07100000232458115,9.707000572234392e-05,7.423000351991504e-05,0.0,0.0,0.014999999664723873,0.0,0.014999999664723873,0.0005000000237487257,0.0005000000237487257,0.0,0.0,-0.9448671340942383,-0.1653195321559906,-0.184444397687912,0.81356281042099,-0.046133332
156,1356,-0.1419313722772668,-0.40791905229631487,-0.0229313722772668,0.12008094770368516,0.12225089707619233,0.2944903715177664,0.8440189957618713,0.5080844163894653,-1.0,0.8860465288162231,0.3084745705127716,0.1469999998807907,-0.16075000166893005,0.07637500017881393,0.08624999970197678,0.0,0.0,2.8550000934046693e-05,0.0,0.0,0.0024999999441206455,0.0024999999441206455,0.0,-0.0002500000118743628,0.0002500000118743628,0.0,0.4630393087863922,0.1278488039970398,-0.9044561982154846,0.607048511505127,-0.1411929
157,1357,-0.13509381076075908,-0.41042851270502273,-0.01609381076075908,0.1175714872949773,0.11866787842359082,0.30523332823613575,0.8327177166938782,0.512001633644104,-1.0,0.8860465288162231,0.3084745705127716,0.15549999475479126,-0.15725000202655792,0.07999999821186066,0.09775000065565109,8.565000462112948e-05,6.851999933132902e-05,7.423000351991504e-05,0.0,0.013500000350177288,0.006500000134110451,0.019999999552965164,0.0002500000118743628,0.0002500000118743628,0.0005000000237487257,-0.0002500000118743628,0.21510328352451324,-0.6797157526016235,-0.7287048101425171,0.25143882632255554,0.0
158,1358,-0.13493546161756664,-0.41309260186505875,-0.01593546161756665,0.11490739813494127,0.11600710789907162,0.31346389939314695,0.8486190438270569,0.5077483057975769,-1.0,0.8860465288162231,0.3084745705127716,0.15962499380111694,-0.16962499916553497,0.06662499904632568,0.10225000232458115,9.13600015337579e-05,0.0,0.0,5.7100001868093386e-05,0.00800000037997961,0.004999999888241291,0.013000000268220901,0.0,-0.0002500000118743628,0.0,0.0,0.6412737369537354,0.06602541357278824,0.8448648452758789,-0.390809029340744,-0.01607695
159,1359,-0.13066639501085842,-0.4139576896011788,-0.011666395010858421,0.11404231039882123,0.11463748659862738,0.317786703174453,0.8489872813224792,0.5032328963279724,-1.0,0.8860465288162231,0.3084745705127716,0.17112499475479126,-0.1681250035762787,0.08187499642372131,0.0951249971985817,0.00010848999954760075,9.707000572234392e-05,7.423000351991504e-05,0.0,0.017999999225139618,0.006500000134110451,0.02449999935925007,0.0010000000474974513,0.0042500002309679985,0.0010000000474974513,-0.0002500000118743628,0.3078081011772156,0.5090215802192688,0.9280056357383728,0.5964035987854004,0.0
160,1360,-0.12628973213878608,-0.4157699127488186,-0.007289732138786087,0.11223008725118144,0.11246658472214335,0.3247609690094405,0.858915388584137,0.5017666220664978,-1.0,0.8860465288162231,0.3084745705127716,0.1757500022649765,-0.16500000655651093,0.09837500005960464,0.10625000298023224,0.00023411000438500196,0.0002512400096748024,9.13600015337579e-05,0.0,0.042500000447034836,0.00800000037997961,0.05050000175833702,0.0032500000670552254,0.017000000923871994,0.002749999985098839,-0.0002500000118743628,0.34887805581092834,-0.7239999771118164,0.9945783615112305,0.17418698966503143,-0.003097562
161,1361,-0.12401704693126644,-0.41977430104004865,-0.00501704693126645,0.10822569895995138,0.10834192482728258,0.33843634711935855,0.869093656539917,0.4986950755119324,-1.0,0.8860465288162231,0.3084745705127716,0.18187500536441803,-0.17287500202655792,0.11649999767541885,0.10987500101327896,0.00029121001716703176,0.00010278000263497233,9.13600015337579e-05,5.7100001868093386e-05,0.03449999913573265,0.013000000268220901,0.04749999940395355,0.004000000189989805,0.005750000011175871,0.0037499999161809683,0.0,0.4534163773059845,-0.8477479219436646,-0.3170955181121826,-0.9594594240188599,0.0
162,1362,-0.12751160912022294,-0.42072001844770307,-0.008511609120222946,0.10727998155229695,0.10761710798788748,0.3408983023083884,0.8743789792060852,0.4919079542160034,-1.0,0.8860465288162231,0.3084745705127716,0.19187499582767487,-0.18674999475479126,0.11249999701976776,0.09200000017881393,0.00011420000373618677,7.994000043254346e-05,0.0,1.7129999832832254e-05,0.017000000923871994,0.001500000013038516,0.01850000023841858,0.0010000000474974513,0.0017500000540167093,0.0,0.0,0.88197922706604,0.2521103024482727,0.0747259184718132,0.9124487042427063,-0.015032891
163,1363,-0.12697611286532326,-0.41911327446516616,-0.007976112865323265,0.10888672553483386,0.1091784657070185,0.3356169976706627,0.866252064704895,0.4903050661087036,-1.0,0.8860465288162231,0.3084745705127716,0.20399999618530273,-0.18912500143051147,0.11312499642372131,0.10912500321865082,0.0009706999990157783,0.00023982000129763037,0.00010848999954760075,0.0,0.10599999874830246,0.009499999694526196,0.11550000309944153,0.009750000201165676,0.01575000025331974,0.0062500000931322575,-0.0002500000118743628,-0.8242968320846558,0.2873672842979431,0.27314233779907227,-0.7942161560058594,-0.11930594
164,1364,-0.12674232135200647,-0.4197766776478553,-0.007742321352006476,0.10822332235214471,0.10849991263062823,0.3379020811175095,0.8674973845481873,0.49302834272384644,-1.0,0.8860465288162231,0.3084745705127716,0.19300000369548798,-0.18400000035762787,0.11924999952316284,0.11262500286102295,0.00011420000373618677,0.00023411000438500196,9.13600015337579e-05,6.851999933132902e-05,0.030500000342726707,0.014000000432133675,0.04450000077486038,0.0010000000474974513,0.016249999403953552,0.004000000189989805,0.0002500000118743628,0.39505812525749207,0.05803532898426056,-0.6823662519454956,-0.9441134333610535,0.0
165,1365,-0.12257944311936714,-0.41624603891961254,-0.0035794431193671428,0.11175396108038749,0.11181127058665216,0.32689616201563393,0.8680410981178284,0.4919039309024811,-1.0,0.8860465288162231,0.3084745705127716,0.19724999368190765,-0.18424999713897705,0.1080000028014183,0.09525000303983688,0.0006680700462311506,0.00028550002025440335,7.994000043254346e-05,0.0,0.08349999785423279,0.007000000216066837,0.09049999713897705,0.007249999791383743,0.01875000074505806,0.0010000000474974513,-0.0002500000118743628,-0.9314609169960022,0.6400367021560669,0.9728370904922485,0.9851802587509155,0.0
166,1366,-0.12422012859669981,-0.41765732068358924,-0.005220128596699819,0.11034267931641079,0.11046608810531108,0.33132322117461876,0.8777222037315369,0.49788805842399597,-1.0,0.8860465288162231,0.3084745705127716,0.18262499570846558,-0.17287500202655792,0.12462499737739563,0.11349999904632568,0.0001484600070398301,0.0003140500048175454,9.13600015337579e-05,0.0,0.04050000011920929,0.00800000037997961,0.048500001430511475,0.0017500000540167093,0.019999999552965164,0.004000000189989805,0.0,0.16002976894378662,-0.8568137884140015,-0.8368406295776367,-0.5234688520431519,-0.086816266
167,1367,-0.12792488253914497,-0.4196801691636923,-0.008924882539144974,0.10831983083630775,0.10868688642492186,0.33727088304682296,0.873906672000885,0.49549606442451477,-1.0,0.8860465288162231,0.3084745705127716,0.18587499856948853,-0.179625004529953,0.11100000143051147,0.11699999868869781,0.00011420000373618677,7.994000043254346e-05,0.0,6.28100024187006e-05,0.017000000923871994,0.005499999970197678,0.02250000089406967,0.0012499999720603228,0.001500000013038516,0.0,0.0005000000237487257,0.7168505191802979,-0.4239139258861542,0.04475744068622589,-0.18350902199745178,-0.018629108
168,1368,-0.12811649808609663,-0.42130863311391453,-0.00911649808609663,0.10669136688608549,0.10708014897904794,0.34273370973643497,0.8652909994125366,0.49206751585006714,-1.0,0.8860465288162231,0.3084745705127716,0.19824999570846558,-0.18937499821186066,0.11312499642372131,0.11412499845027924,0.00025695000658743083,9.707000572234392e-05,8.565000462112948e-05,-6.851999933132902e-05,0.03099999949336052,0.013500000350177288,0.04450000077486038,0.0032500000670552254,0.005249999929219484,0.0032500000670552254,-0.0005000000237487257,0.7178356647491455,0.9180551171302795,0.09871181100606918,-0.27093812823295593,0.0
169,1369,-0.12692731034524216,-0.4217293516236401,-0.007927310345242161,0.10627064837635991,0.10656590897487672,0.34450072303035045,0.864845335483551,0.4893074035644531,-1.0,0.8860465288162231,0.3084745705127716,0.20724999904632568,-0.18862499296665192,0.11312499642372131,0.10912500321865082,0.0012790400069206953,0.0007936900365166366,0.00010848999954760075,-6.851999933132902e-05,0.18150000274181366,0.01549999974668026,0.19699999690055847,0.012000000104308128,0.03799999877810478,0.006750000175088644,-0.0005000000237487257,-0.21863920986652374,0.3170643746852875,-0.3681868016719818,-0.5090465545654297,0.0
170,1370,-0.1322556931598145,-0.4213142488548796,-0.013255693159814508,0.10668575114512041,0.10750610633143456,0.34127691516516667,0.8676109313964844,0.48859432339668274,-1.0,0.8860465288162231,0.3084745705127716,0.2071249932050705,-0.18862499296665192,0.10912500321865082,0.09950000047683716,0.00035973000922240317,0.001233360031619668,7.423000351991504e-05,-2.2840000383439474e-05,0.13950000703334808,0.008500000461935997,0.14800000190734863,0.0042500002309679985,0.04975000023841858,0.0010000000474974513,-0.0002500000118743628,0.055068109184503555,0.6454455852508545,-0.9540109634399414,-0.890871524810791,-0.1309046
171,1371,-0.130149237751552,-0.4182114482176943,-0.011149237751551994,0.10978855178230573,0.11035321293418085,0.3316974139731654,0.855219304561615,0.48929789662361145,-1.0,0.8860465288162231,0.3084745705127716,0.2071249932050705,-0.1850000023841858,0.09099999815225601,0.10312499850988388,0.0005310300039127469,0.0018900100840255618,7.423000351991504e-05,6.851999933132902e-05,0.21199999749660492,0.012500000186264515,0.22450000047683716,0.0062500000931322575,0.06650000065565109,0.001500000013038516,0.0,-0.8234999179840088,-0.9606013894081116,0.7358953356742859,0.9537634253501892,0.0
172,1372,-0.12603142845957677,-0.4171515465736254,-0.007031428459576772,0.11084845342637462,0.11107124116170346,0.3293242630535462,0.86011803150177,0.49455687403678894,-1.0,0.8860465288162231,0.3084745705127716,0.1940000057220459,-0.18012499809265137,0.10374999791383743,0.12099999934434891,0.0001598800008650869,0.000308340007904917,9.13600015337579e-05,0.0,0.04100000113248825,0.00800000037997961,0.04899999871850014,0.0017500000540167093,0.020749999210238457,0.0035000001080334187,0.0,-0.7708056569099426,-0.4256629943847656,-0.6802053451538086,-0.16382598876953125,-0.043659117
173,1373,-0.1291719766973069,-0.41103658732212217,-0.010171976697306906,0.11696341267787785,0.11740489348909658,0.3091128263561161,0.8696943521499634,0.49635329842567444,-1.0,0.8860465288162231,0.3084745705127716,0.18025000393390656,-0.17912499606609344,0.09274999797344208,0.12462499737739563,7.994000043254346e-05,9.13600015337579e-05,0.0,6.28100024187006e-05,0.014999999664723873,0.005499999970197678,0.020500000566244125,0.0005000000237487257,0.003000000026077032,0.0,0.0002500000118743628,-0.918728232383728,0.8794167041778564,0.8387448787689209,0.9007341265678406,0.0
174,1374,-0.13078141724225562,-0.41400487274929376,-0.01178141724225562,0.11399512725070626,0.11460231598506565,0.3178984903647451,0.8623907566070557,0.5067176222801208,-1.0,0.8860465288162231,0.3084745705127716,0.16312499344348907,-0.16312499344348907,0.10824999958276749,0.14162500202655792,9.13600015337579e-05,9.707000572234392e-05,7.423000351991504e-05,0.0,0.016499999910593033,0.006500000134110451,0.023000000044703484,0.0005000000237487257,0.0037499999161809683,0.0002500000118743628,0.0,0.9505005478858948,0.5889463424682617,-0.7950015068054199,-0.6443082690238953,-0.101316996
175,1375,-0.13304723435415602,-0.41424362070847803,-0.01404723435415603,0.11375637929152199,0.11462041102053855,0.3178409717243119,0.858647882938385,0.5016866326332092,-1.0,0.8860465288162231,0.3084745705127716,0.17775000631809235,-0.16212500631809235,0.09312500059604645,0.14537499845027924,0.0005824200343340635,0.0003882800228893757,7.423000351991504e-05,6.28100024187006e-05,0.08500000089406967,0.012000000104308128,0.09700000286102295,0.006750000175088644,0.023749999701976776,0.000750000006519258,0.0,0.13000911474227905,0.5359593629837036,-0.411732017993927,0.0614456944167614,0.0
176,1376,-0.13523681258465325,-0.4138253014777039,-0.01623681258465326,0.11417469852229611,0.11532344022602846,0.31561429313759165,0.8533785343170166,0.5012819766998291,-1.0,0.8860465288162231,0.3084745705127716,0.17887499928474426,-0.1616249978542328,0.08550000190734863,0.14624999463558197,0.0008736300515010953,0.0009535700082778931,7.423000351991504e-05,6.851999933132902e-05,0.1599999964237213,0.012500000186264515,0.17249999940395355,0.00925000011920929,0.042750000953674316,0.000750000006519258,0.0005000000237487257,-0.5142075419425964,-0.5880908966064453,0.04049771651625633,-0.8898953795433044,0.0
177,1377,-0.13069018634412433,-0.4148878882204914,-0.011690186344124331,0.11311211177950864,0.11371460015310438,0.3207330885670181,0.848286509513855,0.5019910335540771,-1.0,0.8860465288162231,0.3084745705127716,0.1733749955892563,-0.15962499380111694,0.08574999868869781,0.12974999845027924,0.00011420000373618677,0.0002512400096748024,7.994000043254346e-05,6.28100024187006e-05,0.03200000151991844,0.012500000186264515,0.04450000077486038,0.0010000000474974513,0.016750000417232513,0.0017500000540167093,0.0002500000118743628,0.6576545834541321,-0.10593179613351822,0.9364405274391174,-0.9812300801277161,0.0
178,1378,-0.12408437704914857,-0.41393186578749,-0.005084377049148575,0.11406813421251,0.11418139135910502,0.31923942357543833,0.8588600158691406,0.500190019607544,-1.0,0.8860465288162231,0.3084745705127716,0.1808750033378601,-0.16249999403953552,0.10062500089406967,0.11162500083446503,0.0010449300752952695,0.00028550002025440335,0.00011420000373618677,0.0,0.11649999767541885,0.009999999776482582,0.1264999955892563,0.010499999858438969,0.01875000074505806,0.007000000216066837,-0.0002500000118743628,-0.718493640422821,-0.6032541990280151,0.9511347413063049,-0.8177106976509094,-0.12212529
179,1379,-0.12604371065781583,-0.41463940240345126,-0.007043710657815838,0.11336059759654876,0.11357921881787039,0.32116759535904166,0.8742223978042603,0.5018103718757629,-1.0,0.8860465288162231,0.3084745705127716,0.17237499356269836,-0.1655000001192093,0.12099999934434891,0.11500000208616257,0.00010278000263497233,8.565000462112948e-05,7.994000043254346e-05,6.851999933132902e-05,0.016499999910593033,0.013000000268220901,0.029500000178813934,0.000750000006519258,0.0022499999031424522,0.0017500000540167093,0.0005000000237487257,0.32263749837875366,0.3805084526538849,-0.6529970169067383,0.8830541372299194,0.0
180,1380,-0.1319537510286515,-0.4159670794694542,-0.012953751028651511,0.11203292053054581,0.11277931968368972,0.3237469143960249,0.869665801525116,0.5006111860275269,-1.0,0.8860465288162231,0.3084745705127716,0.17599999904632568,-0.1653749942779541,0.109375,0.13175000250339508,0.00043967002420686185,0.00023982000129763037,7.423000351991504e-05,0.0,0.05950000137090683,0.006500000134110451,0.06599999964237213,0.005499999970197678,0.016249999403953552,0.000750000006519258,0.0,0.616435706615448,0.31581833958625793,-0.9759654402732849,-0.6353054046630859,-0.10023665
181,1381,-0.1344351548495955,-0.4165297676809853,-0.015435154849595512,0.1114702323190147,0.11253380247057371,0.3245427453490238,0.8559215068817139,0.49836087226867676,-1.0,0.8860465288162231,0.3084745705127716,0.18512499332427979,-0.16587500274181366,0.09075000137090683,0.1353749930858612,0.001050640014000237,0.0006223900127224624,7.994000043254346e-05,6.851999933132902e-05,0.14650000631809235,0.013000000268220901,0.15950000286102295,0.010250000283122063,0.028999999165534973,0.001500000013038516,0.0002500000118743628,0.1687076836824417,-0.41684210300445557,-0.7684042453765869,0.7270827293395996,0.0
182,1382,-0.13533178198436482,-0.4141270019267753,-0.01633178198436483,0.11387299807322471,0.11503819710413347,0.31651584639853725,0.8501508235931396,0.4974071681499481,-1.0,0.8860465288162231,0.3084745705127716,0.18799999356269836,-0.16750000417232513,0.07662499696016312,0.14925000071525574,0.0011077399831265211,0.000245530012762174,7.423000351991504e-05,0.0,0.1185000017285347,0.006500000134110451,0.125,0.01075000036507845,0.016750000417232513,0.0010000000474974513,-0.0002500000118743628,-0.9148191809654236,0.08527397364377975,-0.10052172839641571,-0.4533480405807495,-0.07840177
183,1383,-0.14700062844329803,-0.40802457894010424,-0.028000628443298037,0.11997542105989578,0.12319958137801815,0.29170979787990553,0.8480656147003174,0.5014796853065491,-1.0,0.8860465288162231,0.3084745705127716,0.1758749932050705,-0.16249999403953552,0.07524999976158142,0.15287500619888306,9.707000572234392e-05,0.00014275001012720168,0.0,0.0,0.020999999716877937,0.0,0.020999999716877937,0.000750000006519258,0.009750000201165676,0.0,0.0,-0.7239094972610474,-0.7935447692871094,0.5904616117477417,-0.6903828382492065,-0.106845945
184,1384,-0.13224785421520224,-0.4147072025489646,-0.013247854215202248,0.11329279745103543,0.11406473423275308,0.3196120564222901,0.8209287524223328,0.5118227601051331,-1.0,0.8860465288162231,0.3084745705127716,0.1627500057220459,-0.17237499356269836,0.0860000029206276,0.15649999678134918,9.707000572234392e-05,0.0,7.423000351991504e-05,6.851999933132902e-05,0.008500000461935997,0.012500000186264515,0.020999999716877937,0.0,-0.0002500000118743628,0.0005000000237487257,0.0002500000118743628,0.785675048828125,0.18137846887111664,0.6524518132209778,-0.598212718963623,-0.0022345842
185,1385,-0.12801107102184847,-0.4179446012803559,-0.009011071021848477,0.11005539871964415,0.11042368490636711,0.3314637426099274,0.8552375435829163,0.5004962682723999,-1.0,0.8860465288162231,0.3084745705127716,0.17687499523162842,-0.17112499475479126,0.09799999743700027,0.14562499523162842,0.00010848999954760075,9.707000572234392e-05,7.423000351991504e-05,0.0,0.017999999225139618,0.006500000134110451,0.02449999935925007,0.0010000000474974513,0.004749999847263098,0.000750000006519258,-0.0002500000118743628,0.8396086692810059,-0.46964728832244873,0.9637854695320129,-0.49514779448509216,-0.08341774
186,1386,-0.12515087399274757,-0.41937779015109194,-0.00615087399274758,0.10862220984890808,0.10879622108940587,0.336902330572961,0.865090548992157,0.4950091540813446,-1.0,0.8860465288162231,0.3084745705127716,0.19099999964237213,-0.18150000274181366,0.11437500268220901,0.14925000071525574,0.00032546999864280224,0.00013133000175002962,9.13600015337579e-05,6.28100024187006e-05,0.03999999910593033,0.013500000350177288,0.05350000038743019,0.004000000189989805,0.00800000037997961,0.004000000189989805,0.0,0.011550366878509521,-0.6266558766365051,0.024184007197618484,-0.7188948392868042,0.0
187,1387,-0.12497956773618643,-0.4222066819019214,-0.005979567736186436,0.10579331809807863,0.10596216959138244,0.3465869007732464,0.8717421293258667,0.49258002638816833,-1.0,0.8860465288162231,0.3084745705127716,0.1927500069141388,-0.18950000405311584,0.11612500250339508,0.13587500154972076,0.00011420000373618677,7.423000351991504e-05,7.994000043254346e-05,0.0,0.016499999910593033,0.007000000216066837,0.023499999195337296,0.000750000006519258,0.000750000006519258,0.0012499999720603228,0.0,0.9578832387924194,-0.24667014181613922,0.40395382046699524,0.2360561043024063,0.0
188,1388,-0.11984186432277197,-0.4221634464194234,-0.0008418643227719735,0.10583655358057664,0.10583990178260855,0.34701092415154156,0.8721405267715454,0.487785279750824,-1.0,0.8860465288162231,0.3084745705127716,0.2083750069141388,-0.19862499833106995,0.12150000035762787,0.14012500643730164,0.00043967002420686185,0.0001484600070398301,9.707000572234392e-05,6.28100024187006e-05,0.051500000059604645,0.014000000432133675,0.06549999862909317,0.005249999929219484,0.009750000201165676,0.005499999970197678,0.0002500000118743628,-0.3514983355998993,-0.41197752952575684,0.8943859338760376,-0.5246371626853943,0.0
189,1389,-0.1175050074130859,-0.42211426079605063,0.0014949925869141012,0.10588573920394939,0.10589629252056804,0.34681529729351096,0.8840886950492859,0.4878585636615753,-1.0,0.8860465288162231,0.3084745705127716,0.20424999296665192,-0.20200000703334808,0.14012500643730164,0.13050000369548798,9.707000572234392e-05,7.994000043254346e-05,7.423000351991504e-05,0.0,0.01549999974668026,0.006500000134110451,0.02199999988079071,0.0005000000237487257,0.0012499999720603228,0.0017500000540167093,0.0,0.11238715052604675,0.9504963159561157,0.48995742201805115,-0.980828583240509,-0.14169943
190,1390,-0.12066618095586731,-0.4218231028082244,-0.001666180955867319,0.10617689719177564,0.10618996965933548,0.3457982741647776,0.8895232677459717,0.4879419207572937,-1.0,0.8860465288162231,0.3084745705127716,0.2046249955892563,-0.19812500476837158,0.14624999463558197,0.1341249942779541,0.000308340007904917,0.0005253200070001185,0.00011420000373618677,5.7100001868093386e-05,0.0729999989271164,0.014999999664723873,0.08799999952316284,0.0037499999161809683,0.028999999165534973,0.00774999987334013,0.0002500000118743628,0.006999449338763952,0.09523832052946091,-0.9409770965576172,-0.28611093759536743,0.0
191,1391,-0.12315474335721008,-0.4225412731291999,-0.004154743357210083,0.1054587268708001,0.10554053707260683,0.3480513088936981,0.8821716904640198,0.48843541741371155,-1.0,0.8860465288162231,0.3084745705127716,0.2046249955892563,-0.19587500393390656,0.13199999928474426,0.1289999932050705,0.0003197600017301738,0.0005139000131748617,7.423000351991504e-05,0.0,0.0729999989271164,0.006500000134110451,0.0794999971985817,0.004000000189989805,0.02800000086426735,0.0010000000474974513,0.0,0.43699097633361816,0.1079854741692543,0.46641167998313904,-0.915492832660675,-0.13385914
192,1392,-0.1216776136727801,-0.4193627331222821,-0.0026776136727801048,0.10863726687771791,0.10867025982135667,0.337326964401571,0.8763843178749084,0.4872181713581085,-1.0,0.8860465288162231,0.3084745705127716,0.2094999998807907,-0.19612500071525574,0.13562500476837158,0.13249999284744263,0.0010734800016507506,0.0006223900127224624,0.0001541700039524585,6.28100024187006e-05,0.148499995470047,0.01899999938905239,0.16750000417232513,0.010499999858438969,0.032499998807907104,0.010999999940395355,0.0005000000237487257,-0.9728355407714844,0.724587082862854,-0.4941522777080536,-0.991070568561554,0.0
193,1393,-0.12574205783518658,-0.42116030073898925,-0.006742057835186582,0.10683969926101078,0.10705221474605851,0.34282946314281326,0.8798195123672485,0.4926055371761322,-1.0,0.8860465288162231,0.3084745705127716,0.19550000131130219,-0.1835000067949295,0.1313749998807907,0.11424999684095383,0.00019414001144468784,0.0008165300241671503,7.994000043254346e-05,0.0,0.0885000005364418,0.007000000216066837,0.09549999982118607,0.0022499999031424522,0.03424999862909317,0.0010000000474974513,0.0,0.8327808976173401,-0.5787824988365173,-0.8611860275268555,-0.057166408747434616,-0.030859971
194,1394,-0.1259223344108733,-0.42559249950092964,-0.00692233441087331,0.10240750049907038,0.10264119481067562,0.3582902208955039,0.8703672885894775,0.4895588159561157,-1.0,0.8860465288162231,0.3084745705127716,0.2057500034570694,-0.18787500262260437,0.1146249994635582,0.11774999648332596,0.0013818200677633286,0.00034831001539714634,7.994000043254346e-05,6.851999933132902e-05,0.15150000154972076,0.013000000268220901,0.16449999809265137,0.012749999761581421,0.0215000007301569,0.0022499999031424522,0.0005000000237487257,0.9674780964851379,-0.9632568955421448,0.9750411510467529,0.6514178514480591,0.0
195,1395,-0.12175858642560125,-0.42767042285199275,-0.002758586425601256,0.10032957714800728,0.10036749398966507,0.3665299874353286,0.8699480891227722,0.48204660415649414,-1.0,0.8860465288162231,0.3084745705127716,0.22462500631809235,-0.20800000429153442,0.1289999932050705,0.1301250010728836,0.0011591300135478377,0.00043967002420686185,0.00014275001012720168,0.0,0.14000000059604645,0.012500000186264515,0.1525000035762787,0.011250000447034836,0.025750000029802322,0.009999999776482582,0.0,0.44769012928009033,-0.418806791305542,0.46907538175582886,-0.7929299473762512,-0.1191516
196,1396,-0.1196463078314225,-0.4306739630771057,-0.000646307831422499,0.09732603692289432,0.09732818285023895,0.3778409917904519,0.8796312212944031,0.47852471470832825,-1.0,0.8860465288162231,0.3084745705127716,0.23149999976158142,-0.21549999713897705,0.13699999451637268,0.13362500071525574,0.0016045100055634975,0.00042254000436514616,0.00016558999777771533,6.851999933132902e-05,0.17749999463558197,0.020500000566244125,0.1979999989271164,0.01425000000745058,0.02525000087916851,0.011500000022351742,0.0005000000237487257,0.5613737106323242,-0.7470215559005737,0.45849674940109253,-0.22200638055801392,0.0
197,1397,-0.11884682163015167,-0.4302281818918634,0.00015317836984832245,0.09777181810813662,0.09777193809976123,0.37616801725602694,0.8845434784889221,0.4734339714050293,-1.0,0.8860465288162231,0.3084745705127716,0.24312500655651093,-0.22937500476837158,0.14524999260902405,0.12987500429153442,0.0012790400069206953,0.0003997000167146325,0.00016558999777771533,-6.851999933132902e-05,0.1469999998807907,0.020500000566244125,0.16750000417232513,0.012000000104308128,0.02500000037252903,0.012000000104308128,-0.0002500000118743628,-0.49221330881118774,0.5456789135932922,-0.2798948287963867,-0.372806578874588,0.0
198,1398,-0.12153481986421463,-0.43189717560177693,-0.002534819864214638,0.0961028243982231,0.09613624794560957,0.3823715575143919,0.8864027261734009,0.47418951988220215,-1.0,0.8860465288162231,0.3084745705127716,0.23887500166893005,-0.2278749942779541,0.14524999260902405,0.12287499755620956,0.0001884299999801442,0.000925020023714751,7.423000351991504e-05,0.0,0.09749999642372131,0.006500000134110451,0.10400000214576721,0.0022499999031424522,0.042249999940395355,0.0017500000540167093,0.0,0.5947858095169067,-0.9453333616256714,-0.9845049381256104,-0.40796658396720886,-0.072955996
199,1399,-0.12563733299309135,-0.4291257177605072,-0.006637332993091355,0.09887428223949285,0.0990968106330172,0.37121713934553174,0.8801515698432922,0.4713607132434845,-1.0,0.8860465288162231,0.3084745705127716,0.24650000035762787,-0.23225000500679016,0.12700000405311584,0.1263750046491623,0.0008964700391516089,0.00023411000438500196,7.423000351991504e-05,6.851999933132902e-05,0.0989999994635582,0.012500000186264515,0.11150000244379044,0.00925000011920929,0.01575000025331974,0.001500000013038516,0.0005000000237487257,-0.8499859571456909,0.48978933691978455,-0.9323647618293762,-0.870969831943512,0.0
200,1400,-0.12729857408214312,-0.4322918615837713,-0.008298574082143129,0.09570813841622872,0.09606723734393956,0.38263552549931873,0.8706108331680298,0.47605809569358826,-1.0,0.8860465288162231,0.3084745705127716,0.23462499678134918,-0.22374999523162842,0.10999999940395355,0.11050000041723251,0.0001256200048374012,0.0002512400096748024,7.423000351991504e-05,0.0,0.032999999821186066,0.006500000134110451,0.039500001817941666,0.0012499999720603228,0.017000000923871994,0.000750000006519258,-0.0002500000118743628,0.8645733594894409,-0.8956518173217773,0.30496713519096375,-0.9871734976768494,-0.14246082
201,1401,-0.125583134470089,-0.432027351306689,-0.006583134470089014,0.09597264869331101,0.09619816503790998,0.3821348774444652,0.8667474985122681,0.4706917703151703,-1.0,0.8860465288162231,0.3084745705127716,0.2485000044107437,-0.23612500727176666,0.11312499642372131,0.11375000327825546,0.0004682200087700039,0.0001256200048374012,0.00010278000263497233,6.851999933132902e-05,0.052000001072883606,0.014999999664723873,0.06700000166893005,0.005750000011175871,0.008249999955296516,0.005750000011175871,0.000750000006519258,-0.37653622031211853,-0.4931148886680603,0.36110496520996094,-0.9762526154518127,0.0
202,1402,-0.12863143746315367,-0.43450961996030496,-0.009631437463153675,0.09349038003969506,0.09398518897982412,0.3906856956107697,0.8707368969917297,0.4711400866508484,-1.0,0.8860465288162231,0.3084745705127716,0.24424999952316284,-0.24162499606609344,0.12212499976158142,0.09587500244379044,9.13600015337579e-05,7.423000351991504e-05,7.423000351991504e-05,6.28100024187006e-05,0.014499999582767487,0.012000000104308128,0.026499999687075615,0.0002500000118743628,0.0010000000474974513,0.0012499999720603228,0.0,0.7186803817749023,-0.13892048597335815,-0.9632418751716614,-0.23449891805648804,0.0
203,1403,-0.12767186762210764,-0.4363668984126741,-0.008671867622107643,0.0916331015873259,0.09204252601145053,0.3983496028616826,0.8636478185653687,0.46693283319473267,-1.0,0.8860465288162231,0.3084745705127716,0.25587499141693115,-0.2461249977350235,0.10437499731779099,0.09175000339746475,0.00027407999732531607,9.707000572234392e-05,7.423000351991504e-05,-6.851999933132902e-05,0.032499998807907104,0.012500000186264515,0.04500000178813934,0.0037499999161809683,0.004999999888241291,0.000750000006519258,-0.0005000000237487257,0.7008975744247437,0.4283598065376282,0.8055680990219116,-0.9744133353233337,0.0
204,1404,-0.1260181019838504,-0.4364309476813356,-0.007018101983850417,0.09156905231866441,0.09183760176525749,0.3991667547677899,0.8658793568611145,0.4637849032878876,-1.0,0.8860465288162231,0.3084745705127716,0.26487499475479126,-0.24662500619888306,0.11437500268220901,0.07337500154972076,0.0012847500620409846,0.0003654400061350316,0.00016558999777771533,0.0,0.1445000022649765,0.014499999582767487,0.1589999943971634,0.012000000104308128,0.02199999988079071,0.01075000036507845,-0.0002500000118743628,0.7790669202804565,0.9496751427650452,0.7959797978401184,-0.8495738506317139,-0.12594888
205,1405,-0.1267850531035314,-0.4369772030480919,-0.007785053103531392,0.09102279695190812,0.09135511270187946,0.4010973444008313,0.8697253465652466,0.4636763632297516,-1.0,0.8860465288162231,0.3084745705127716,0.273250013589859,-0.2472500056028366,0.12399999797344208,0.07662499696016312,0.003123369999229908,0.0015359900426119566,0.0003197600017301738,7.423000351991504e-05,0.40799999237060547,0.03449999913573265,0.4424999952316284,0.024250000715255737,0.05874999985098839,0.021250000223517418,0.000750000006519258,-0.3005930781364441,-0.8055968880653381,-0.7065985202789307,-0.47550496459007263,-0.024648635
206,1406,-0.13000007272934397,-0.4371702740858863,-0.011000072729343974,0.0908297259141137,0.09149339161755823,0.4005430946357755,0.8679417371749878,0.46275049448013306,-1.0,0.8860465288162231,0.3084745705127716,0.273250013589859,-0.24824999272823334,0.1198749989271164,0.06825000047683716,0.0028264501597732306,0.0005710000405088067,9.13600015337579e-05,-7.423000351991504e-05,0.29750001430511475,0.014499999582767487,0.31200000643730164,0.02225000038743019,0.030750000849366188,0.0032500000670552254,-0.0002500000118743628,-0.6881572604179382,-0.572527289390564,-0.9071439504623413,-0.8007144331932068,-0.018815726
207,1407,-0.12728135303424506,-0.4360323240999139,-0.00828135303424507,0.09196767590008614,0.0923397759285839,0.397167267113859,0.8604649305343628,0.46242326498031616,-1.0,0.8860465288162231,0.3084745705127716,0.27250000834465027,-0.25187501311302185,0.10362499952316284,0.05324999988079071,0.00041112001053988934,0.0002512400096748024,8.565000462112948e-05,0.0,0.057999998331069946,0.007499999832361937,0.06549999862909317,0.004999999888241291,0.016750000417232513,0.0017500000540167093,-0.0002500000118743628,-0.5865550637245178,0.14093589782714844,0.5883513689041138,-0.5728923082351685,-0.09274708
208,1408,-0.1298952568109895,-0.4369170187584659,-0.010895256810989518,0.09108298124153413,0.09173230670174534,0.3995872790125241,0.8667875528335571,0.46435198187828064,-1.0,0.8860465288162231,0.3084745705127716,0.26350000500679016,-0.2502500116825104,0.11362499743700027,0.05662500113248825,0.00013133000175002962,0.00029121001716703176,9.13600015337579e-05,6.28100024187006e-05,0.03700000047683716,0.013500000350177288,0.05050000175833702,0.0012499999720603228,0.01875000074505806,0.0037499999161809683,0.0005000000237487257,0.7708627581596375,0.7705017328262329,-0.7832833528518677,-0.2521980106830597,0.0
209,1409,-0.13113262956744223,-0.43646210976950933,-0.012132629567442238,0.09153789023049069,0.09233843212915269,0.3971726042811958,0.8607087135314941,0.46285250782966614,-1.0,0.8860465288162231,0.3084745705127716,0.27175000309944153,-0.2498749941587448,0.09974999725818634,0.05249999836087227,0.0015245700487866998,0.0010848999954760075,7.423000351991504e-05,-7.423000351991504e-05,0.22849999368190765,0.013000000268220901,0.24150000512599945,0.013500000350177288,0.04675000160932541,0.0022499999031424522,-0.0005000000237487257,-0.5791828632354736,-0.7613935470581055,-0.3589942157268524,-0.5333779454231262,0.0
210,1410,-0.1320584112709942,-0.43761974891630173,-0.013058411270994219,0.0903802510836983,0.09131873789576143,0.401243269320546,0.8578311204910278,0.4636235535144806,-1.0,0.8860465288162231,0.3084745705127716,0.2667500078678131,-0.24962499737739563,0.09399999678134918,0.042374998331069946,0.0001484600070398301,0.00025695000658743083,7.423000351991504e-05,0.0,0.03550000116229057,0.006500000134110451,0.041999999433755875,0.0020000000949949026,0.017750000581145287,0.0005000000237487257,-0.0002500000118743628,0.2777862250804901,-0.8002450466156006,0.7669462561607361,-0.7978341579437256,-0.1197401
211,1411,-0.13024562871523657,-0.44290460126270287,-0.011245628715236572,0.08509539873729716,0.08583525529443335,0.42385979400806395,0.855678141117096,0.4616614282131195,-1.0,0.8860465288162231,0.3084745705127716,0.27125000953674316,-0.25824999809265137,0.10712499916553497,0.04574999958276749,0.00025695000658743083,9.707000572234392e-05,8.565000462112948e-05,6.28100024187006e-05,0.03099999949336052,0.013000000268220901,0.04399999976158142,0.0032500000670552254,0.004999999888241291,0.003000000026077032,0.0005000000237487257,0.9672999978065491,-0.9435632228851318,-0.9047309160232544,-0.9683350324630737,0.0
212,1412,-0.13510332367489972,-0.44004430830507846,-0.016103323674899722,0.08795569169492157,0.08941767574093325,0.40894412031940336,0.8598938584327698,0.4527040719985962,-1.0,0.8860465288162231,0.3084745705127716,0.28975000977516174,-0.2763749957084656,0.09149999916553497,0.02800000086426735,0.00017701000615488738,0.00010278000263497233,7.423000351991504e-05,1.7129999832832254e-05,0.02449999935925007,0.00800000037997961,0.032499998807907104,0.0024999999441206455,0.006000000052154064,0.0005000000237487257,-0.0002500000118743628,-0.5886762142181396,0.5166177153587341,-0.8806397318840027,-0.1880892515182495,0.0
213,1413,-0.13615916849552295,-0.4412891540447139,-0.01715916849552296,0.08671084595528611,0.0883923518735592,0.4131586915690195,0.8485969305038452,0.4575520157814026,-1.0,0.8860465288162231,0.3084745705127716,0.2798750102519989,-0.26774999499320984,0.07512500137090683,0.02449999935925007,9.13600015337579e-05,0.00011991000064881518,7.423000351991504e-05,-2.2840000383439474e-05,0.01850000023841858,0.008500000461935997,0.027000000700354576,0.0002500000118743628,0.00800000037997961,0.0002500000118743628,-0.0002500000118743628,0.7021277546882629,0.5288199186325073,0.11043909937143326,-0.9849832653999329,-0.142198
214,1414,-0.1368982061691045,-0.4416078020184249,-0.017898206169104508,0.0863921979815751,0.08822674002908325,0.41384349820266836,0.8461414575576782,0.4554421007633209,-1.0,0.8860465288162231,0.3084745705127716,0.28837499022483826,-0.26750001311302185,0.07537499815225601,0.02812499925494194,0.0009193100268021226,0.0004739300056826323,9.13600015337579e-05,6.28100024187006e-05,0.12200000137090683,0.013500000350177288,0.1354999989271164,0.009499999694526196,0.027249999344348907,0.0037499999161809683,0.0,0.22480209171772003,0.1131000965833664,0.04693526774644852,-0.8319845795631409,0.0
215,1415,-0.13918020477867926,-0.444928834063259,-0.020180204778679267,0.08307116593674102,0.08548718778272561,0.4253376827794698,0.8444227576255798,0.4549020230770111,-1.0,0.8860465288162231,0.3084745705127716,0.2903749942779541,-0.26774999499320984,0.07537499815225601,0.012875000014901161,0.0015074399998411536,0.0005938400281593204,0.00010278000263497233,0.0,0.18400000035762787,0.008999999612569809,0.19300000369548798,0.013749999925494194,0.03175000101327896,0.005499999970197678,-0.0005000000237487257,0.9165340662002563,-0.6613385677337646,-0.7480813264846802,-0.7429514527320862,-0.11315418
216,1416,-0.14038600880505386,-0.4473130885247402,-0.02138600880505387,0.0806869114752598,0.08347298398899043,0.4339917128455752,0.8391157984733582,0.44927316904067993,-1.0,0.8860465288162231,0.3084745705127716,0.30649998784065247,-0.27937498688697815,0.06312499940395355,0.01600000075995922,0.0018157800659537315,0.000559579988475889,7.994000043254346e-05,6.851999933132902e-05,0.20800000429153442,0.013000000268220901,0.22100000083446503,0.01575000025331974,0.030249999836087227,0.0020000000949949026,0.000750000006519258,0.6980178356170654,-0.775536298751831,-0.4919021427631378,0.31393587589263916,-0.03896615
217,1417,-0.14499097367663788,-0.4494972168766843,-0.025990973676637885,0.07850278312331571,0.08269351649776435,0.43738775549161135,0.8363115787506104,0.4452320635318756,-1.0,0.8860465288162231,0.3084745705127716,0.3152500092983246,-0.2893750071525574,0.054625000804662704,0.02199999988079071,0.0012790400069206953,0.0003368900215718895,7.423000351991504e-05,6.28100024187006e-05,0.14149999618530273,0.012000000104308128,0.1535000056028366,0.012000000104308128,0.021250000223517418,0.000750000006519258,0.0005000000237487257,0.6431310772895813,-0.2744626998901367,-0.7251647114753723,0.09592508524656296,0.0
218,1418,-0.142036558634265,-0.4483171200011635,-0.023036558634265014,0.0796828799988365,0.08294603304932013,0.4362846723344385,0.8256024122238159,0.44153013825416565,-1.0,0.8860465288162231,0.3084745705127716,0.3264999985694885,-0.29774999618530273,0.04062499850988388,0.023624999448657036,0.0014903100673109293,0.00047964000259526074,7.423000351991504e-05,7.423000351991504e-05,0.17249999940395355,0.013000000268220901,0.18549999594688416,0.013500000350177288,0.02775000035762787,0.0017500000540167093,0.000750000006519258,-0.5672813653945923,-0.2922939360141754,0.8043215870857239,-0.9516051411628723,0.0
219,1419,-0.14413241721407433,-0.4527296954185437,-0.025132417214074332,0.07527030458145634,0.07935525909987004,0.452235330924864,0.83247309923172,0.44353029131889343,-1.0,0.8860465288162231,0.3084745705127716,0.32124999165534973,-0.29762500524520874,0.054499998688697815,0.0063749998807907104,0.00019414001144468784,0.00023982000129763037,9.707000572234392e-05,0.0,0.03799999877810478,0.008500000461935997,0.04650000110268593,0.002749999985098839,0.016750000417232513,0.004000000189989805,-0.0002500000118743628,0.9895820617675781,-0.5665086507797241,-0.6456537842750549,-0.7217469811439514,-0.11060964
220,1420,-0.1428451830925327,-0.45308542222849263,-0.023845183092532696,0.0749145777715074,0.07861797961916624,0.45558189081458056,0.827599048614502,0.4360513687133789,-1.0,0.8860465288162231,0.3084745705127716,0.335875004529953,-0.3101249933242798,0.04399999976158142,0.009875000454485416,0.0010563500691205263,0.0003197600017301738,7.423000351991504e-05,6.28100024187006e-05,0.12049999833106995,0.012000000104308128,0.13249999284744263,0.010499999858438969,0.020749999210238457,0.0010000000474974513,0.0002500000118743628,0.4403367340564728,0.9282299280166626,0.5554095506668091,0.05188905820250511,0.0
221,1421,-0.14339772982801063,-0.45276026743175807,-0.02439772982801064,0.07523973256824196,0.07909656489191658,0.4534067520783345,0.8305925726890564,0.43544843792915344,-1.0,0.8860465288162231,0.3084745705127716,0.3401249945163727,-0.31037500500679016,0.04975000023841858,0.01075000036507845,0.00215838011354208,0.0014332099817693233,0.0001484600070398301,7.423000351991504e-05,0.31450000405311584,0.019500000402331352,0.33399999141693115,0.01850000023841858,0.0560000017285347,0.010250000283122063,0.0002500000118743628,0.5097975134849548,0.8787069320678711,-0.6404209136962891,0.7890365123748779,-0.033768993
222,1422,-0.14412282022840117,-0.4530897694172926,-0.025122820228401177,0.0749102305827074,0.07901075080128624,0.453796005952936,0.8293076157569885,0.4359995424747467,-1.0,0.8860465288162231,0.3084745705127716,0.3402499854564667,-0.31037500500679016,0.042374998331069946,0.02525000087916851,0.003334640059620142,0.0028264501597732306,6.851999933132902e-05,7.994000043254346e-05,0.5394999980926514,0.013000000268220901,0.5525000095367432,0.026750000193715096,0.08874999731779099,0.0010000000474974513,0.000750000006519258,-0.7050554752349854,-0.9178445339202881,-0.1716763973236084,-0.4632871150970459,-0.15344
223,1423,-0.14826832638792706,-0.4532885606344315,-0.029268326387927063,0.07471143936556851,0.0802398535743009,0.4482525239925353,0.827621340751648,0.4354410767555237,-1.0,0.8860465288162231,0.3084745705127716,0.3402499854564667,-0.31025001406669617,0.039374999701976776,0.017374999821186066,0.0032718300353735685,0.0026837000623345375,6.851999933132902e-05,-7.994000043254346e-05,0.5214999914169312,0.013000000268220901,0.534500002861023,0.026249999180436134,0.08574999868869781,0.000750000006519258,-0.000750000006519258,-0.9662967324256897,-0.39873552322387695,-0.8702412247657776,-0.24033787846565247,-0.12765323
224,1424,-0.15311925304590332,-0.453676013020723,-0.034119253045903325,0.074323986979277,0.08178128434370617,0.44139600169439364,0.8179806470870972,0.4351041316986084,-1.0,0.8860465288162231,0.3084745705127716,0.34275001287460327,-0.31037500500679016,0.023000000044703484,0.013000000268220901,0.002438170136883855,0.0025580800138413906,6.851999933132902e-05,-7.423000351991504e-05,0.4375,0.012500000186264515,0.44999998807907104,0.020749999210238457,0.0832500010728836,0.0010000000474974513,-0.0010000000474974513,0.9862370491027832,-0.8343929648399353,-0.9974396824836731,-0.3292807340621948,-0.111088894
225,1425,-0.1539749980009963,-0.4539708300112448,-0.034974998000996294,0.07402916998875525,0.08187532286588992,0.4409811145248781,0.8066993951797485,0.43444743752479553,-1.0,0.8860465288162231,0.3084745705127716,0.3465000092983246,-0.31075000762939453,0.0042500002309679985,0.007000000216066837,0.003545910120010376,0.001752970041707158,7.423000351991504e-05,-7.994000043254346e-05,0.46399998664855957,0.013500000350177288,0.47749999165534973,0.02800000086426735,0.06525000184774399,0.0012499999720603228,-0.0012499999720603228,0.777153491973877,-0.6463978290557861,-0.19690126180648804,0.6464495658874512,-0.090600565
226,1426,-0.15570537059390005,-0.45484663779654283,-0.036705370593900055,0.0731533622034572,0.08184557796305028,0.44111230343897495,0.8047093152999878,0.43394774198532104,-1.0,0.8860465288162231,0.3084745705127716,0.3466250002384186,-0.31075000762939453,0.0010000000474974513,0.017875000834465027,0.0036601100582629442,0.0008450800087302923,7.423000351991504e-05,7.994000043254346e-05,0.3944999873638153,0.013500000350177288,0.40799999237060547,0.02850000001490116,0.04125000163912773,0.0005000000237487257,0.0010000000474974513,-0.8720649480819702,-0.9253045916557312,-0.2349158525466919,0.5416159629821777,-0.095647804
227,1427,-0.1572130483615945,-0.4572296075256138,-0.038213048361594504,0.07077039247438621,0.08042813883252689,0.4474093246293851,0.8006851673126221,0.43246331810951233,-1.0,0.8860465288162231,0.3084745705127716,0.35212498903274536,-0.3199999928474426,-0.003375000087544322,0.02837499976158142,0.00159880006685853,0.00041683000745251775,7.423000351991504e-05,6.851999933132902e-05,0.17649999260902405,0.012500000186264515,0.1889999955892563,0.014750000089406967,0.02525000087916851,0.0005000000237487257,0.0002500000118743628,0.03130920231342316,-0.8956137299537659,-0.7184336185455322,-0.9808780550956726,0.0
228,1428,-0.15499015139939595,-0.4586217867430902,-0.03599015139939596,0.06937821325690985,0.07815770897661153,0.45768363365299514,0.7971789836883545,0.4284243881702423,-1.0,0.8860465288162231,0.3084745705127716,0.3567500114440918,-0.3292500078678131,-0.016625000163912773,0.010250000283122063,0.0005310300039127469,0.0001598800008650869,7.423000351991504e-05,0.0,0.060499999672174454,0.006500000134110451,0.06700000166893005,0.006500000134110451,0.010250000283122063,0.0002500000118743628,-0.0002500000118743628,-0.3608114719390869,-0.6126245260238647,-0.47439828515052795,-0.1380913108587265,-0.04057096
229,1429,-0.15809827721458888,-0.45677195469805837,-0.03909827721458889,0.07122804530194166,0.0812533674298136,0.44373236745345584,0.8023484945297241,0.42606475949287415,-1.0,0.8860465288162231,0.3084745705127716,0.3531250059604645,-0.335999995470047,-0.0253749992698431,0.013749999925494194,9.13600015337579e-05,7.994000043254346e-05,0.0,6.28100024187006e-05,0.014999999664723873,0.005499999970197678,0.020500000566244125,0.0002500000118743628,0.0010000000474974513,0.0,0.0002500000118743628,-0.802504301071167,-0.4358992278575897,-0.5875636339187622,-0.9379573464393616,-0.09450764
230,1430,-0.19127822447489312,-0.44325454479932225,-0.07227822447489313,0.08474545520067778,0.11138192811409364,0.3283026833164043,0.7951202988624573,0.42920008301734924,-1.0,0.8860465288162231,0.3084745705127716,0.3382500112056732,-0.343625009059906,-0.02174999937415123,-0.0035000001080334187,9.13600015337579e-05,0.0,5.139000131748617e-05,0.0,0.00800000037997961,0.0044999998062849045,0.012500000186264515,0.0,0.0,0.0002500000118743628,-0.0002500000118743628,0.018830476328730583,-0.8180273771286011,0.9064335823059082,0.1725587695837021,-0.12545624
231,1431,-0.15298046545179433,-0.4567395695997051,-0.03398046545179434,0.07126043040029495,0.07894758370688662,0.4540827462576232,0.717957615852356,0.4521109461784363,-1.0,0.8860465288162231,0.3084745705127716,0.3386250138282776,-0.3398750126361847,-0.004749999847263098,0.0002500000118743628,5.7100000958598685e-06,0.0,0.0,0.0,0.0005000000237487257,0.0,0.0005000000237487257,-0.0002500000118743628,0.0,0.0,-0.0002500000118743628,0.46765175461769104,-0.04610714688897133,0.09307760000228882,0.45490387082099915,-0.042363547
232,1432,-0.1533942061657977,-0.45956418737963417,-0.03439420616579769,0.06843581262036585,0.07659257057172858,0.4649033680120082,0.8070221543312073,0.4292549788951874,-1.0,0.8860465288162231,0.3084745705127716,0.3465000092983246,-0.3386250138282776,-0.0011249999515712261,0.008750000037252903,0.00011991000064881518,9.707000572234392e-05,7.423000351991504e-05,0.0,0.01899999938905239,0.006500000134110451,0.025499999523162842,0.001500000013038516,0.004999999888241291,0.0002500000118743628,-0.0002500000118743628,0.5745840072631836,-0.13330328464508057,-0.5438053607940674,-0.6425734758377075,-0.10110883
233,1433,-0.15498283506816302,-0.4580223324994484,-0.03598283506816302,0.06997766750055162,0.07868696441190486,0.4552677169699945,0.8060599565505981,0.4244674742221832,-1.0,0.8860465288162231,0.3084745705127716,0.3567500114440918,-0.33937498927116394,-0.010999999940395355,0.012500000186264515,0.0001827200030675158,7.423000351991504e-05,0.0,0.0,0.02250000089406967,0.0,0.02250000089406967,0.0024999999441206455,0.0017500000540167093,-0.0002500000118743628,-0.0002500000118743628,0.11892947554588318,0.5134750604629517,0.7627810835838318,-0.06884883344173431,-0.032261863
234,1434,-0.14900959514412043,-0.45533325648538264,-0.030009595144120438,0.07266674351461738,0.07861953582751048,0.4555748010663466,0.8023654818534851,0.42708078026771545,-1.0,0.8860465288162231,0.3084745705127716,0.3577499985694885,-0.3387500047683716,0.0024999999441206455,0.01600000075995922,0.0003654400061350316,0.00037115000304766,7.994000043254346e-05,6.28100024187006e-05,0.06449999660253525,0.012500000186264515,0.07699999958276749,0.004749999847263098,0.019750000908970833,0.0012499999720603228,0.0002500000118743628,-0.8195589780807495,0.5556023716926575,0.9849947690963745,-0.3873772919178009,0.0
235,1435,-0.14658601249172412,-0.4550477238594606,-0.027586012491724127,0.07295227614053945,0.07799373487196956,0.45843473192841355,0.8162567615509033,0.43163853883743286,-1.0,0.8860465288162231,0.3084745705127716,0.34424999356269836,-0.32600000500679016,0.020749999210238457,0.008999999612569809,0.00011991000064881518,0.00022840000747237355,7.994000043254346e-05,-1.7129999832832254e-05,0.030500000342726707,0.008500000461935997,0.039000000804662704,0.0012499999720603228,0.014999999664723873,0.001500000013038516,-0.0002500000118743628,-0.9645772576332092,-0.9483304619789124,-0.8458101749420166,0.5102059245109558,0.0
236,1436,-0.15293684926196552,-0.4516846907027118,-0.033936849261965524,0.07631530929728825,0.08352087266647865,0.4337839297101537,0.8218929767608643,0.43212249875068665,-1.0,0.8860465288162231,0.3084745705127716,0.3267500102519989,-0.33637499809265137,0.005750000011175871,0.01837499998509884,7.994000043254346e-05,7.423000351991504e-05,7.423000351991504e-05,0.0,0.013500000350177288,0.006500000134110451,0.019999999552965164,0.0002500000118743628,0.0002500000118743628,0.0,0.0,0.26728376746177673,0.9662704467773438,0.7367616891860962,-0.8212461471557617,-0.122549556
237,1437,-0.16564150224416596,-0.4458539450647385,-0.04664150224416597,0.0821460549352615,0.0944637712195503,0.3888204102808021,0.807123601436615,0.437822550535202,-1.0,0.8860465288162231,0.3084745705127716,0.33149999380111694,-0.32074999809265137,0.019375000149011612,0.02199999988079071,0.00010278000263497233,9.13600015337579e-05,7.423000351991504e-05,6.28100024187006e-05,0.017000000923871994,0.012000000104308128,0.028999999165534973,0.000750000006519258,0.004999999888241291,0.0002500000118743628,0.0002500000118743628,-0.6216188073158264,-0.35100090503692627,0.19762448966503143,-0.9951318502426147,0.0
238,1438,-0.15038069712303714,-0.45019607626725155,-0.03138069712303715,0.07780392373274847,0.08389397296671039,0.4321684960339503,0.7775778770446777,0.4477051794528961,-1.0,0.8860465288162231,0.3084745705127716,0.320125013589859,-0.3246249854564667,0.023000000044703484,0.0036249998956918716,5.139000131748617e-05,0.0,7.423000351991504e-05,0.0,0.0044999998062849045,0.006500000134110451,0.010999999940395355,0.0002500000118743628,-0.0002500000118743628,0.0002500000118743628,-0.0002500000118743628,0.16298642754554749,0.9305654764175415,-0.792263388633728,-0.43144434690475464,-0.07577333
239,1439,-0.1517357715523176,-0.45134278947552076,-0.032735771552317605,0.07665721052447927,0.08335441598691615,0.43450659333009606,0.813068151473999,0.4403456449508667,-1.0,0.8860465288162231,0.3084745705127716,0.3227500021457672,-0.3101249933242798,0.008375000208616257,0.007249999791383743,0.00010848999954760075,9.707000572234392e-05,0.0,3.997000021627173e-05,0.017999999225139618,0.0035000001080334187,0.0215000007301569,0.0010000000474974513,0.005499999970197678,0.0,0.0,0.21632717549800873,-0.31827273964881897,-0.8610002398490906,-0.7233641147613525,-0.12732004
240,1440,-0.14944469339316588,-0.45035171379671224,-0.030444693393165884,0.07764828620328779,0.08340345140407303,0.43429358343889507,0.8099167943000793,0.43840205669403076,-1.0,0.8860465288162231,0.3084745705127716,0.3266249895095825,-0.3136250078678131,0.011874999850988388,-0.006124999839812517,0.00011991000064881518,7.423000351991504e-05,7.423000351991504e-05,0.0,0.017000000923871994,0.006500000134110451,0.023499999195337296,0.0012499999720603228,0.000750000006519258,0.0005000000237487257,-0.0002500000118743628,-0.0008690131362527609,0.6260889768600464,0.7274588346481323,0.9118176102638245,0.0
241,1441,-0.14852820249758114,-0.4489145610752368,-0.029528202497581146,0.07908543892476322,0.08441813426427174,0.42990916248634425,0.8152449131011963,0.4400818347930908,-1.0,0.8860465288162231,0.3084745705127716,0.3264999985694885,-0.3101249933242798,0.02487500011920929,0.010874999687075615,0.00011991000064881518,0.0002512400096748024,7.994000043254346e-05,0.0,0.032499998807907104,0.007000000216066837,0.039500001817941666,0.001500000013038516,0.017000000923871994,0.0017500000540167093,-0.0002500000118743628,-0.8086617588996887,-0.5863418579101562,-0.37291219830513,-0.928229808807373,-0.13538758
242,1442,-0.14941098629974225,-0.45096063929583735,-0.03041098629974226,0.07703936070416267,0.08282446006723615,0.43681539916582085,0.8173762559890747,0.4425176978111267,-1.0,0.8860465288162231,0.3084745705127716,0.3122499883174896,-0.3125,0.01887499913573265,0.014499999582767487,7.423000351991504e-05,0.0,0.0,6.28100024187006e-05,0.006500000134110451,0.005499999970197678,0.012000000104308128,-0.0002500000118743628,0.0,0.0,0.0,0.9149726629257202,-0.018223730847239494,0.2837085723876953,-0.9244641065597534,-0.02618685
243,1443,-0.14720503472994612,-0.4539292569946777,-0.02820503472994612,0.07407074300532235,0.07925906227983003,0.4526705762448257,0.8153232932090759,0.43904975056648254,-1.0,0.8860465288162231,0.3084745705127716,0.3278749883174896,-0.312375009059906,0.023375000804662704,-0.002624999964609742,0.00019985000835731626,0.00011420000373618677,7.423000351991504e-05,1.1420000191719737e-05,0.027499999850988388,0.007499999832361937,0.03500000014901161,0.002749999985098839,0.007249999791383743,0.001500000013038516,-0.0002500000118743628,0.22004030644893646,-0.5808054208755493,-0.9373619556427002,-0.5352318286895752,-0.08822782
244,1444,-0.15164950029625268,-0.4511199896309395,-0.03264950029625269,0.0768800103690605,0.0835256000513726,0.43376342355889436,0.820453405380249,0.43401819467544556,-1.0,0.8860465288162231,0.3084745705127716,0.3330000042915344,-0.3199999928474426,0.006624999921768904,0.0011249999515712261,0.00010278000263497233,7.423000351991504e-05,1.7129999832832254e-05,0.0,0.01549999974668026,0.001500000013038516,0.017000000923871994,0.000750000006519258,0.000750000006519258,0.0,-0.0002500000118743628,-0.6160264611244202,-0.3456934690475464,-0.029206696897745132,-0.19114042818546295,-0.074441664
245,1445,-0.15365359981752322,-0.4471881319919661,-0.03465359981752322,0.08081186800803392,0.08792855048993439,0.4150793779390457,0.8101174235343933,0.43877968192100525,-1.0,0.8860465288162231,0.3084745705127716,0.3217499852180481,-0.32587501406669617,0.010374999605119228,0.004875000100582838,9.13600015337579e-05,0.0,0.0,0.0,0.00800000037997961,0.0,0.00800000037997961,0.0002500000118743628,-0.0002500000118743628,0.0,-0.0002500000118743628,-0.6638569831848145,0.7312670946121216,-0.731442391872406,-0.44861873984336853,-0.18960735
246,1446,-0.149247620776212,-0.4488867765070164,-0.030247620776212014,0.07911322349298361,0.08469841022163466,0.4287059174563287,0.8054567575454712,0.4454438388347626,-1.0,0.8860465288162231,0.3084745705127716,0.3096249997615814,-0.312375009059906,0.01412499975413084,0.008500000461935997,0.0,0.0,6.851999933132902e-05,5.7100001868093386e-05,0.0,0.010999999940395355,0.010999999940395355,-0.0002500000118743628,0.0,0.0,0.0,0.6366463899612427,-0.10965780168771744,0.9004823565483093,-0.9217323660850525,-0.03715894
247,1447,-0.14476378665723555,-0.4508354760644353,-0.025763786657235555,0.07716452393556472,0.08135192964596408,0.4432952304596592,0.8157032132148743,0.44256478548049927,-1.0,0.8860465288162231,0.3084745705127716,0.32087498903274536,-0.3108749985694885,0.03087499924004078,-0.008750000037252903,0.00010278000263497233,9.13600015337579e-05,7.994000043254346e-05,0.0,0.017000000923871994,0.007000000216066837,0.024000000208616257,0.0010000000474974513,0.0044999998062849045,0.0002500000118743628,0.0,0.056630127131938934,-0.26798954606056213,-0.09691784530878067,-0.9776309728622437,-0.14131573
248,1448,-0.14816553901021579,-0.4528170688347069,-0.02916553901021579,0.07518293116529312,0.08064181176264347,0.44645435263748906,0.826130747795105,0.43926191329956055,-1.0,0.8860465288162231,0.3084745705127716,0.3217499852180481,-0.3138749897480011,0.029249999672174454,-0.004999999888241291,0.00011991000064881518,7.423000351991504e-05,0.0,6.28100024187006e-05,0.017000000923871994,0.005499999970197678,0.02250000089406967,0.0012499999720603228,0.0005000000237487257,0.0,0.0,0.6799854040145874,-0.6167962551116943,-0.08169538527727127,-0.5482692718505859,-0.03380345
249,1449,-0.14707503890200851,-0.45540270139713296,-0.02807503890200852,0.07259729860286707,0.07783685228593931,0.4591545006393819,0.8182196617126465,0.43590328097343445,-1.0,0.8860465288162231,0.3084745705127716,0.3346250057220459,-0.3257499933242798,0.032625000923871994,-0.015250000171363354,0.00010278000263497233,7.423000351991504e-05,7.994000043254346e-05,0.0,0.01549999974668026,0.007000000216066837,0.02250000089406967,0.000750000006519258,0.0012499999720603228,0.000750000006519258,0.0,0.4325500428676605,-0.54142165184021,0.05507952347397804,-0.9362821578979492,-0.13635388
250,1450,-0.14469703030404263,-0.4582148357630357,-0.025697030304042634,0.06978516423696435,0.07436603064590024,0.47537072462706653,0.8207557201385498,0.43152084946632385,-1.0,0.8860465288162231,0.3084745705127716,0.3425000011920929,-0.335750013589859,0.03362499922513962,-0.011625000275671482,0.00010848999954760075,7.423000351991504e-05,7.423000351991504e-05,5.7100001868093386e-05,0.01600000075995922,0.011500000022351742,0.027499999850988388,0.0010000000474974513,0.0010000000474974513,0.000750000006519258,0.0002500000118743628,0.45198360085487366,-0.05514955520629883,-0.462823748588562,-0.8180521130561829,0.0
251,1451,-0.14757384894237804,-0.45900119600271483,-0.02857384894237805,0.0689988039972852,0.07468132160344794,0.47387428402809123,0.8262859582901001,0.42675450444221497,-1.0,0.8860465288162231,0.3084745705127716,0.3503749966621399,-0.33675000071525574,0.0253749992698431,-0.026624999940395355,0.0001598800008650869,7.423000351991504e-05,0.0,0.0,0.020500000566244125,0.0,0.020500000566244125,0.0020000000949949026,0.0010000000474974513,0.0,-0.0002500000118743628,0.7077292203903198,-0.09154041111469269,-0.4066102206707001,-0.5127093195915222,-0.15831834
252,1452,-0.14571256694733825,-0.4599086332889737,-0.026712566947338257,0.06809136671102634,0.07314366311234004,0.48121716170647566,0.8195956945419312,0.42542171478271484,-1.0,0.8860465288162231,0.3084745705127716,0.36149999499320984,-0.34312498569488525,0.02762500010430813,-0.022874999791383743,0.0005367400008253753,0.0001541700039524585,8.565000462112948e-05,0.0,0.060499999672174454,0.007499999832361937,0.06800000369548798,0.0062500000931322575,0.010499999858438969,0.003000000026077032,-0.0002500000118743628,-0.02627216838300228,-0.8177411556243896,0.9896355271339417,-0.8792057037353516,-0.1295047
253,1453,-0.14112558273092007,-0.4626046723718069,-0.02212558273092008,0.06539532762819311,0.06903687628203861,0.501391140559663,0.8239242434501648,0.42388367652893066,-1.0,0.8860465288162231,0.3084745705127716,0.36375001072883606,-0.35337498784065247,0.04749999940395355,-0.01924999989569187,0.00011420000373618677,7.423000351991504e-05,7.423000351991504e-05,6.28100024187006e-05,0.016499999910593033,0.012000000104308128,0.02850000001490116,0.0010000000474974513,0.0005000000237487257,0.0002500000118743628,0.0,0.6172609329223633,0.8106215596199036,-0.0849396139383316,-0.4255272150039673,-0.075063266
254,1454,-0.14093933592831273,-0.4628923275201443,-0.021939335928312736,0.06510767247985572,0.06870475585226626,0.5030591313063318,0.8345916867256165,0.41931411623954773,-1.0,0.8860465288162231,0.3084745705127716,0.37162500619888306,-0.351749986410141,0.04600000008940697,-0.015625,0.0007879800396040082,0.00048534999950788915,7.423000351991504e-05,6.851999933132902e-05,0.11150000244379044,0.012500000186264515,0.12399999797344208,0.008249999955296516,0.027499999850988388,0.0002500000118743628,0.0002500000118743628,0.2081318348646164,-0.8227687478065491,0.8095840215682983,-0.31744423508644104,0.0
255,1455,-0.1381350158521668,-0.4643070764583588,-0.019135015852166815,0.06369292354164124,0.06650516777622648,0.5142469518882233,0.8350247740745544,0.41882655024528503,-1.0,0.8860465288162231,0.3084745705127716,0.3761250078678131,-0.35887500643730164,0.05912499874830246,-0.021124999970197678,0.0006052600219845772,0.0001598800008650869,9.13600015337579e-05,-5.7100001868093386e-05,0.06700000166893005,0.013000000268220901,0.07999999821186066,0.007000000216066837,0.010999999940395355,0.0042500002309679985,-0.0005000000237487257,0.39742323756217957,0.017241572961211205,0.487953782081604,-0.23678836226463318,0.0
256,1456,-0.13403357309702624,-0.46506584309028604,-0.015033573097026243,0.06293415690971399,0.06470484082354375,0.5235889190191113,0.8415464758872986,0.41642868518829346,-1.0,0.8860465288162231,0.3084745705127716,0.38087499141693115,-0.3617500066757202,0.06687500327825546,-0.025624999776482582,0.0012790400069206953,0.00025695000658743083,0.00011420000373618677,-5.7100000958598685e-06,0.13449999690055847,0.010499999858438969,0.14499999582767487,0.012249999679625034,0.017249999567866325,0.007000000216066837,-0.0002500000118743628,-0.034060537815093994,-0.14569012820720673,0.9710096120834351,-0.6234738826751709,-0.098816864
257,1457,-0.13545740168597883,-0.46266012567526055,-0.01645740168597884,0.06533987432473948,0.06738059993073978,0.5097647168071718,0.8510847091674805,0.41514262557029724,-1.0,0.8860465288162231,0.3084745705127716,0.38087499141693115,-0.3636249899864197,0.08474999666213989,-0.02212500013411045,0.0011077399831265211,0.00023411000438500196,0.00011420000373618677,6.851999933132902e-05,0.11749999970197678,0.01600000075995922,0.13349999487400055,0.010999999940395355,0.01575000025331974,0.007499999832361937,0.0002500000118743628,-0.9184593558311462,-0.3898925483226776,-0.028433851897716522,-0.1966172605752945,0.0
258,1458,-0.1841197324645944,-0.4433690022232626,-0.0651197324645944,0.08463099777673744,0.10678476174504715,0.3437475980727582,0.8477734923362732,0.41922011971473694,-1.0,0.8860465288162231,0.3084745705127716,0.36912500858306885,-0.36387500166893005,0.08712500333786011,-0.0253749992698431,8.565000462112948e-05,7.994000043254346e-05,7.994000043254346e-05,-5.7100001868093386e-05,0.014499999582767487,0.012000000104308128,0.026499999687075615,0.0002500000118743628,0.0017500000540167093,0.0017500000540167093,-0.0005000000237487257,-0.7395217418670654,-0.45308440923690796,0.7437465786933899,-0.7743961811065674,0.0
259,1459,-0.12519120035582398,-0.46400197395770826,-0.006191200355823989,0.06399802604229177,0.06429679851404586,0.525729748110412,0.7346052527427673,0.4519169330596924,-1.0,0.8860465288162231,0.3084745705127716,0.3553749918937683,-0.3713749945163727,0.10187499970197678,-0.03999999910593033,9.13600015337579e-05,0.0,0.0,0.0,0.00800000037997961,0.0,0.00800000037997961,0.0002500000118743628,0.0,0.0,-0.0002500000118743628,0.7164667844772339,0.48595958948135376,-0.7552783489227295,-0.7548806071281433,-0.22921906
260,1460,-0.12908749200815353,-0.4655975899243121,-0.010087492008153537,0.06240241007568792,0.06321248514549067,0.5314613240168362,0.871648371219635,0.41694581508636475,-1.0,0.8860465288162231,0.3084745705127716,0.3683750033378601,-0.3656249940395355,0.10474999994039536,-0.0364999994635582,0.00011420000373618677,0.00011420000373618677,7.994000043254346e-05,6.28100024187006e-05,0.019999999552965164,0.012500000186264515,0.032499998807907104,0.0010000000474974513,0.006500000134110451,0.0017500000540167093,0.0002500000118743628,0.6135835647583008,-0.4522120952606201,0.11061622947454453,-0.6622676849365234,0.0
261,1461,-0.12681535210281597,-0.4639646485489457,-0.007815352102815976,0.06403535145105432,0.0645105104920976,0.5246074003894493,0.8625872135162354,0.41424137353897095,-1.0,0.8860465288162231,0.3084745705127716,0.3786250054836273,-0.3733749985694885,0.10562500357627869,-0.04874999821186066,0.000245530012762174,9.707000572234392e-05,9.13600015337579e-05,0.0,0.029999999329447746,0.00800000037997961,0.03799999877810478,0.0035000001080334187,0.005249999929219484,0.004000000189989805,0.0,-0.7134464979171753,-0.10735150426626205,-0.35707929730415344,-0.8091994524002075,-0.12110395
262,1462,-0.14449533324466404,-0.46109959345675355,-0.025495333244664048,0.06690040654324647,0.07159382943318598,0.48873332088475824,0.8678712844848633,0.41700905561447144,-1.0,0.8860465288162231,0.3084745705127716,0.367000013589859,-0.37299999594688416,0.10112500190734863,-0.045125000178813934,9.13600015337579e-05,7.423000351991504e-05,-7.423000351991504e-05,6.28100024187006e-05,0.014499999582767487,0.012000000104308128,0.026499999687075615,0.0,0.0005000000237487257,-0.0002500000118743628,0.0002500000118743628,0.5878954529762268,-0.7559775114059448,0.3582536280155182,-0.026083482429385185,0.0
263,1463,-0.14779704728839985,-0.46004365804310376,-0.028797047288399852,0.06795634195689626,0.0738060589971647,0.478040132900784,0.8267550468444824,0.4218651056289673,-1.0,0.8860465288162231,0.3084745705127716,0.3778750002384186,-0.3868750035762787,0.10724999755620956,-0.045125000178813934,9.707000572234392e-05,0.0,7.423000351991504e-05,-6.851999933132902e-05,0.008500000461935997,0.012500000186264515,0.020999999716877937,0.0002500000118743628,0.0,0.000750000006519258,-0.0005000000237487257,-0.6456608772277832,-0.47545066475868225,-0.10844455659389496,-0.42154771089553833,-0.08105409
264,1464,-0.12389272200977511,-0.4647368650602156,-0.004892722009775113,0.06326313493978442,0.06345205253633888,0.530189639867999,0.819076657295227,0.42365482449531555,-1.0,0.8860465288162231,0.3084745705127716,0.3661249876022339,-0.38324999809265137,0.10562500357627869,-0.05312500149011612,0.0,7.994000043254346e-05,0.0,-2.2840000383439474e-05,0.007000000216066837,0.0020000000949949026,0.008999999612569809,-0.0002500000118743628,0.0002500000118743628,0.0,-0.0002500000118743628,-0.7976099252700806,0.6575670838356018,0.8954587578773499,-0.3101283311843872,-0.18092859
265,1465,-0.12408203866515244,-0.4649757074514909,-0.005082038665152444,0.06302429254850911,0.06322885866623061,0.531374312210366,0.8746680617332458,0.415700227022171,-1.0,0.8860465288162231,0.3084745705127716,0.36937499046325684,-0.3736250102519989,0.12174999713897705,-0.04962500184774399,0.00010848999954760075,9.707000572234392e-05,7.423000351991504e-05,6.28100024187006e-05,0.017999999225139618,0.012000000104308128,0.029999999329447746,0.000750000006519258,0.005499999970197678,0.0012499999720603228,0.0002500000118743628,0.05640736222267151,0.27181175351142883,-0.6780388355255127,-0.8591545820236206,0.0
266,1466,-0.12861485835403844,-0.4648378655256472,-0.009614858354038441,0.06316213447435282,0.06388975451920638,0.5278740606662586,0.8742278218269348,0.41529542207717896,-1.0,0.8860465288162231,0.3084745705127716,0.3701249957084656,-0.36937499046325684,0.10962499678134918,-0.06537500023841858,0.0001256200048374012,0.00010848999954760075,6.851999933132902e-05,0.0,0.020500000566244125,0.006000000052154064,0.026499999687075615,0.0012499999720603228,0.007000000216066837,0.0002500000118743628,-0.0002500000118743628,0.2735846936702728,-0.8026018142700195,0.22267407178878784,-0.46940678358078003,-0.08032882
267,1467,-0.12900289988869548,-0.4649634172898228,-0.010002899888695488,0.0630365827101772,0.0638252987925656,0.5282144154050857,0.8636863827705383,0.4155290424823761,-1.0,0.8860465288162231,0.3084745705127716,0.37549999356269836,-0.38112500309944153,0.1132500022649765,-0.06199999898672104,0.00010278000263497233,7.423000351991504e-05,7.994000043254346e-05,6.28100024187006e-05,0.01549999974668026,0.012500000186264515,0.02800000086426735,0.000750000006519258,0.0005000000237487257,0.0012499999720603228,0.0005000000237487257,-0.4856783449649811,-0.7219206094741821,-0.8186051845550537,0.676966667175293,0.0
268,1468,-0.13227490425092264,-0.46299173942751176,-0.013274904250922648,0.06500826057248826,0.06634980802935074,0.5150465055824697,0.8627839684486389,0.41531625390052795,-1.0,0.8860465288162231,0.3084745705127716,0.367000013589859,-0.3944999873638153,0.09862499684095383,-0.04912500083446503,0.0,6.851999933132902e-05,-5.7100000958598685e-06,0.0,0.006000000052154064,0.0005000000237487257,0.006500000134110451,-0.0002500000118743628,0.0002500000118743628,0.0,0.0,-0.7047249674797058,0.7922685742378235,-0.5928661227226257,-0.3942399322986603,-0.27501974
269,1469,-0.13528199186658854,-0.4662112713342843,-0.016281991866588547,0.06178872866571572,0.06389796748934269,0.5278307083075813,0.8551746606826782,0.4186580777168274,-1.0,0.8860465288162231,0.3084745705127716,0.37062498927116394,-0.37975001335144043,0.10237500071525574,-0.045499999076128006,0.00010278000263497233,7.423000351991504e-05,0.0,6.28100024187006e-05,0.01549999974668026,0.005499999970197678,0.020999999716877937,0.0,0.0002500000118743628,0.0,0.0002500000118743628,0.8945437073707581,-0.7926316857337952,-0.38894128799438477,-0.028111232444643974,-0.07067296
270,1470,-0.13555269145772345,-0.4660994706033448,-0.01655269145772345,0.061900529396655246,0.06407547997542251,0.5268945740184152,0.848181426525116,0.413201242685318,-1.0,0.8860465288162231,0.3084745705127716,0.3871249854564667,-0.3947499990463257,0.10575000196695328,-0.045499999076128006,9.707000572234392e-05,7.423000351991504e-05,7.423000351991504e-05,-6.28100024187006e-05,0.014999999664723873,0.012000000104308128,0.027000000700354576,0.0005000000237487257,0.000750000006519258,0.000750000006519258,-0.000750000006519258,-0.954023003578186,-0.6331737041473389,-0.8925114870071411,-0.3767067790031433,0.0
271,1471,-0.13559938609063316,-0.46632712228790424,-0.01659938609063316,0.061672877712095786,0.06386770282292159,0.5279904786864853,0.8475518822669983,0.41339072585105896,-1.0,0.8860465288162231,0.3084745705127716,0.3695000112056732,-0.406125009059906,0.08950000256299973,-0.05287500098347664,9.13600015337579e-05,0.0,0.0,-1.7129999832832254e-05,0.00800000037997961,0.001500000013038516,0.009499999694526196,0.0,0.0,0.0,0.0,0.8395287990570068,0.24726489186286926,0.2048245519399643,-0.5376135110855103,-0.08851363
272,1472,-0.15920027430539793,-0.455560909124724,-0.04020027430539794,0.072439090875276,0.08284614620527458,0.4367206810461069,0.8474432826042175,0.41300487518310547,-1.0,0.8860465288162231,0.3084745705127716,0.38499999046325684,-0.40162500739097595,0.09312500059604645,-0.04924999922513962,8.565000462112948e-05,5.139000131748617e-05,7.423000351991504e-05,5.7100001868093386e-05,0.012000000104308128,0.011500000022351742,0.023499999195337296,0.0002500000118743628,0.0002500000118743628,0.0002500000118743628,0.0002500000118743628,-0.9904686808586121,0.9890183210372925,0.9218844175338745,0.32510510087013245,0.0
273,1473,-0.12667512323673574,-0.46782017729249215,-0.007675123236735748,0.06017982270750788,0.06066727765283491,0.5451617297378966,0.7925574779510498,0.43125268816947937,-1.0,0.8860465288162231,0.3084745705127716,0.36662501096725464,-0.382874995470047,0.11050000041723251,-0.04312499985098839,9.707000572234392e-05,0.0,0.0,5.7100000958598685e-06,0.008500000461935997,0.0005000000237487257,0.008999999612569809,0.0,-0.0002500000118743628,0.0,0.0,0.9316315054893494,-0.38702788949012756,-0.6971727609634399,-0.9935792088508606,-0.32133362
274,1474,-0.12601082172328146,-0.4677419952717542,-0.007010821723281463,0.06025800472824583,0.06066447687951271,0.5451769986960093,0.8681973814964294,0.4104742705821991,-1.0,0.8860465288162231,0.3084745705127716,0.382999986410141,-0.38225001096725464,0.1132500022649765,-0.039250001311302185,0.0001598800008650869,0.00010848999954760075,7.994000043254346e-05,0.0,0.023499999195337296,0.007000000216066837,0.030500000342726707,0.0020000000949949026,0.006000000052154064,0.0020000000949949026,-0.0002500000118743628,0.2823287844657898,0.004190332721918821,0.21020816266536713,0.023456532508134842,-0.02118522
275,1475,-0.1231501400661178,-0.46772996215785745,-0.004150140066117802,0.060270037842142576,0.06041275630247055,0.546551050042481,0.8697422742843628,0.4106068015098572,-1.0,0.8860465288162231,0.3084745705127716,0.3868750035762787,-0.3824999928474426,0.11550000309944153,-0.03550000116229057,0.0003654400061350316,0.00010848999954760075,9.707000572234392e-05,1.1420000191719737e-05,0.04149999842047691,0.009499999694526196,0.050999999046325684,0.004749999847263098,0.006500000134110451,0.005249999929219484,-0.0002500000118743628,-0.262477844953537,0.5780042409896851,-0.12606751918792725,-0.9160401225090027,-0.13392483
276,1476,-0.12609376508524164,-0.4702282144802007,-0.007093765085241649,0.057771785519799335,0.05820567588500532,0.5587479740903284,0.876395046710968,0.41062718629837036,-1.0,0.8860465288162231,0.3084745705127716,0.38374999165534973,-0.3790000081062317,0.11550000309944153,-0.03200000151991844,0.00011991000064881518,0.0003368900215718895,6.851999933132902e-05,6.851999933132902e-05,0.03999999910593033,0.012000000104308128,0.052000001072883606,0.0012499999720603228,0.020999999716877937,0.000750000006519258,0.0002500000118743628,0.637710452079773,-0.9061238765716553,-0.6190551519393921,-0.6293847560882568,0.0
277,1477,-0.1259617372746531,-0.47109851869337926,-0.0069617372746531014,0.05690148130662076,0.05732577396572162,0.5636861017179547,0.8695493936538696,0.4063928425312042,-1.0,0.8860465288162231,0.3084745705127716,0.3943749964237213,-0.38862499594688416,0.1041250005364418,-0.04362500086426735,0.00028550002025440335,0.00010848999954760075,6.851999933132902e-05,0.0,0.03449999913573265,0.006000000052154064,0.04050000011920929,0.0037499999161809683,0.006500000134110451,0.0005000000237487257,0.0,0.7236955761909485,0.3526161015033722,0.9225534200668335,-0.31505295634269714,-0.06180636
278,1478,-0.12400339478319222,-0.47416219370147805,-0.005003394783192228,0.05383780629852197,0.054069800687570946,0.5823416320154372,0.8698564171791077,0.40491777658462524,-1.0,0.8860465288162231,0.3084745705127716,0.4038749933242798,-0.3908750116825104,0.1158749982714653,-0.04012500122189522,0.0012105200439691544,0.0003997000167146325,0.00017130000924225897,6.851999933132902e-05,0.14100000262260437,0.020999999716877937,0.16200000047683716,0.011749999597668648,0.024000000208616257,0.011500000022351742,0.0005000000237487257,0.7675817012786865,-0.22073380649089813,0.47551485896110535,-0.5004638433456421,0.0
279,1479,-0.12204605741570002,-0.47611446341091546,-0.003046057415700021,0.05188553658908457,0.05197487251467746,0.594669954803929,0.8744106888771057,0.3997251093387604,-1.0,0.8860465288162231,0.3084745705127716,0.4151250123977661,-0.39925000071525574,0.1223749965429306,-0.04899999871850014,0.00215838011354208,0.0006338100065477192,0.00023411000438500196,-7.423000351991504e-05,0.24449999630451202,0.027000000700354576,0.27149999141693115,0.017999999225139618,0.032499998807907104,0.016249999403953552,-0.0005000000237487257,0.424533486366272,-0.8702983856201172,0.25219428539276123,0.7803468108177185,-0.027907135
280,1480,-0.12314916906762641,-0.4782155155536062,-0.004149169067626413,0.04978448444639383,0.0499570865397991,0.6067909988621688,0.8789626359939575,0.39641615748405457,-1.0,0.8860465288162231,0.3084745705127716,0.42137500643730164,-0.4097500145435333,0.12937499582767487,-0.03462500125169754,0.001347560086287558,0.0003368900215718895,0.00016558999777771533,6.851999933132902e-05,0.14749999344348907,0.020500000566244125,0.1679999977350235,0.012500000186264515,0.020999999716877937,0.011500000022351742,0.0,0.9025712609291077,0.18734954297542572,-0.8841339945793152,-0.7001373171806335,0.0
281,1481,-0.12588429005257223,-0.47805754090957747,-0.0068842900525722395,0.04994245909042255,0.05041470687732376,0.6040205437629151,0.8763972520828247,0.39285504817962646,-1.0,0.8860465288162231,0.3084745705127716,0.43424999713897705,-0.4152500033378601,0.11637499928474426,-0.04749999940395355,0.0025409499648958445,0.0008051100303418934,9.13600015337579e-05,-7.423000351991504e-05,0.2930000126361847,0.014499999582767487,0.3075000047683716,0.020500000566244125,0.039000000804662704,0.0044999998062849045,-0.0005000000237487257,-0.9339364767074585,-0.31669047474861145,-0.7135688066482544,-0.986078143119812,0.0
282,1482,-0.12308394499372763,-0.4737162937742288,-0.004083944993727634,0.05428370622577122,0.05443711388673748,0.5802065379784478,0.8700365424156189,0.3931228220462799,-1.0,0.8860465288162231,0.3084745705127716,0.4257499873638153,-0.414249986410141,0.10474999994039536,-0.06599999964237213,0.00020556000526994467,0.00042825000127777457,7.423000351991504e-05,0.0,0.05550000071525574,0.006500000134110451,0.06199999898672104,0.0024999999441206455,0.02525000087916851,0.0010000000474974513,-0.0002500000118743628,-0.812983512878418,0.41184478998184204,0.9330388307571411,0.5767676830291748,0.0
283,1483,-0.1258335153657462,-0.47083591871164304,-0.0068335153657461956,0.05716408128835698,0.05757107886600506,0.5623050466786031,0.8765489459037781,0.40048086643218994,-1.0,0.8860465288162231,0.3084745705127716,0.41087499260902405,-0.4038749933242798,0.1198749989271164,-0.05537499859929085,0.0001598800008650869,0.000308340007904917,0.00010278000263497233,0.0,0.04100000113248825,0.008999999612569809,0.05000000074505806,0.0020000000949949026,0.019750000908970833,0.005499999970197678,0.0,-0.775456428527832,0.7116302251815796,-0.902771532535553,0.5118349194526672,0.0
284,1484,-0.12702251861422628,-0.46790640118319404,-0.008022518614226287,0.06009359881680598,0.060626738520811366,0.5453827783738286,0.870154619216919,0.4053628444671631,-1.0,0.8860465288162231,0.3084745705127716,0.39662501215934753,-0.38887500762939453,0.10525000095367432,-0.045875001698732376,0.0001256200048374012,0.0002512400096748024,7.994000043254346e-05,0.0,0.032999999821186066,0.007000000216066837,0.03999999910593033,0.001500000013038516,0.016249999403953552,0.0010000000474974513,0.0,-0.504932165145874,0.8367000818252563,0.30834245681762695,0.7521113157272339,0.0
285,1485,-0.1276153930870504,-0.4689089819962896,-0.008615393087050394,0.059091018003710416,0.059715771842614784,0.5503737322016794,0.8673895001411438,0.41032811999320984,-1.0,0.8860465288162231,0.3084745705127716,0.3867500126361847,-0.3776249885559082,0.10887499898672104,-0.03175000101327896,0.0001827200030675158,0.00042825000127777457,9.707000572234392e-05,0.0,0.05350000038743019,0.008500000461935997,0.06199999898672104,0.0024999999441206455,0.02500000037252903,0.005249999929219484,-0.0002500000118743628,0.4496241509914398,-0.5649375915527344,-0.2874206602573395,0.8240178823471069,0.0
286,1486,-0.1292755882165893,-0.47215864982052386,-0.010275588216589304,0.05584135017947617,0.05677890544087471,0.5667771679176691,0.8660107254981995,0.4086288511753082,-1.0,0.8860465288162231,0.3084745705127716,0.3922500014305115,-0.38100001215934753,0.10562500357627869,-0.016374999657273293,0.0007594299968332052,0.0001598800008650869,7.423000351991504e-05,0.0,0.08049999922513962,0.006500000134110451,0.08699999749660492,0.008249999955296516,0.01075000036507845,0.0010000000474974513,-0.0002500000118743628,0.728204607963562,-0.5344486832618713,-0.5537755489349365,-0.23808181285858154,-0.052569818
287,1487,-0.12767971998675856,-0.4745611725224207,-0.008679719986758566,0.05343882747757933,0.05413913391648433,0.5819380156949363,0.8621497750282288,0.4031209349632263,-1.0,0.8860465288162231,0.3084745705127716,0.4065000116825104,-0.3933750092983246,0.0951249971985817,-0.012875000014901161,0.0006052600219845772,0.00022269001055974513,7.423000351991504e-05,6.28100024187006e-05,0.07249999791383743,0.012000000104308128,0.08449999988079071,0.007000000216066837,0.01549999974668026,0.0012499999720603228,0.0002500000118743628,0.8727545738220215,-0.02172134257853031,0.9262673854827881,-0.9290351867675781,0.0
288,1488,-0.12408945029812887,-0.47532854609480224,-0.005089450298128878,0.052671453905197785,0.05291677012842431,0.589095068764835,0.8658611178398132,0.3990488648414612,-1.0,0.8860465288162231,0.3084745705127716,0.4180000126361847,-0.40062499046325684,0.10649999976158142,-0.029874999076128006,0.0019242700655013323,0.0004967700224369764,0.0001827200030675158,-5.139000131748617e-05,0.21199999749660492,0.020500000566244125,0.23250000178813934,0.016499999910593033,0.029249999672174454,0.013000000268220901,-0.0005000000237487257,-0.3583763837814331,-0.9246301054954529,0.3473699986934662,0.3194810450077057,0.0
289,1489,-0.121134559461889,-0.4751586661190914,-0.0021345594618890074,0.052841333880908614,0.052884429754040084,0.589285615125595,0.8742105960845947,0.3977482318878174,-1.0,0.8860465288162231,0.3084745705127716,0.4178749918937683,-0.4077500104904175,0.11637499928474426,-0.024125000461935997,0.0002797899942379445,0.00013703999866265804,0.00010278000263497233,0.0,0.0364999994635582,0.008999999612569809,0.045499999076128006,0.0035000001080334187,0.008999999612569809,0.0062500000931322575,-0.0002500000118743628,-0.7401596307754517,-0.8441280126571655,-0.8875308036804199,0.8232423663139343,0.0
290,1490,-0.15122836368722237,-0.4640277029393477,-0.03222836368722237,0.06397229706065233,0.07163185197363126,0.4885475273840981,0.8810824155807495,0.3980361521244049,-1.0,0.8860465288162231,0.3084745705127716,0.40575000643730164,-0.4188750088214874,0.1028750017285347,-0.008875000290572643,7.423000351991504e-05,0.0,0.0,0.0,0.006500000134110451,0.0,0.006500000134110451,0.0,-0.0002500000118743628,0.0,0.0,-0.9199240207672119,-0.2562374770641327,0.8374330997467041,-0.6764001846313477,-0.15991652
291,1491,-0.11588479766043927,-0.4718717543989458,0.0031152023395607242,0.05612824560105423,0.05621462834413003,0.5699844019994001,0.8110968470573425,0.41690218448638916,-1.0,0.8860465288162231,0.3084745705127716,0.38862499594688416,-0.4153749942779541,0.1185000017285347,-0.004999999888241291,0.0,7.423000351991504e-05,0.0,0.0,0.006500000134110451,0.0,0.006500000134110451,0.0,0.0002500000118743628,0.0,-0.0002500000118743628,-0.33359867334365845,0.7290995121002197,-0.9550079703330994,0.08517253398895264,-0.21641211
292,1492,-0.1202752195717462,-0.4721654905772962,-0.0012752195717462,0.05583450942270385,0.05584907006772959,0.5720718402321272,0.893291175365448,0.40360718965530396,-1.0,0.8860465288162231,0.3084745705127716,0.3919999897480011,-0.40299999713897705,0.12174999713897705,-0.0012499999720603228,9.707000572234392e-05,8.565000462112948e-05,7.423000351991504e-05,0.0,0.01600000075995922,0.006500000134110451,0.02250000089406967,0.000750000006519258,0.002749999985098839,0.0010000000474974513,-0.0002500000118743628,0.23552097380161285,0.20085884630680084,-0.6818498969078064,-0.30470603704452515,-0.060564723
293,1493,-0.13821937816469734,-0.46723320180275674,-0.01921937816469735,0.06076679819724329,0.06373372937607005,0.5286983197835128,0.8830808997154236,0.4031093418598175,-1.0,0.8860465288162231,0.3084745705127716,0.3959999978542328,-0.4011250138282776,0.10949999839067459,0.0024999999441206455,0.00011420000373618677,0.00010848999954760075,0.0,0.0,0.019500000402331352,0.0,0.019500000402331352,0.001500000013038516,0.006500000134110451,0.0,-0.0002500000118743628,-0.2316635400056839,-0.5672881007194519,-0.8861922025680542,0.8725461959838867,-0.13034308
294,1494,-0.12862559196931486,-0.47080741302640466,-0.009625591969314867,0.05719258697359536,0.05799693117305439,0.5599155491409936,0.841350257396698,0.41146916151046753,-1.0,0.8860465288162231,0.3084745705127716,0.39250001311302185,-0.40849998593330383,0.11287499964237213,0.01862500049173832,0.0,0.0,7.423000351991504e-05,0.0,0.0,0.006500000134110451,0.006500000134110451,0.0,0.0,0.000750000006519258,0.0,-0.5152069330215454,-0.9235376715660095,-0.9289159774780273,-0.7922712564468384,-0.33972192
295,1495,-0.12465738740820145,-0.4742620545952687,-0.005657387408201459,0.05373794540473131,0.05403492212086883,0.5825447798554619,0.8636614084243774,0.40541115403175354,-1.0,0.8860465288162231,0.3084745705127716,0.3961249887943268,-0.40537500381469727,0.09587500244379044,0.02225000038743019,9.707000572234392e-05,7.423000351991504e-05,0.0,6.28100024187006e-05,0.014999999664723873,0.005499999970197678,0.020500000566244125,0.0002500000118743628,0.0012499999720603228,0.0,0.0002500000118743628,0.9342228770256042,0.192226842045784,0.8049449920654297,0.21365059912204742,0.0
296,1496,-0.1270900274886627,-0.4762627671333504,-0.008090027488662693,0.05173723286664961,0.05236592221536107,0.5923490406471594,0.8728898167610168,0.39955583214759827,-1.0,0.8860465288162231,0.3084745705127716,0.4116249978542328,-0.40562498569488525,0.10824999958276749,0.026374999433755875,0.00034831001539714634,0.00013703999866265804,0.00010278000263497233,6.851999933132902e-05,0.042500000447034836,0.014999999664723873,0.057500001043081284,0.0042500002309679985,0.008750000037252903,0.005249999929219484,0.0,0.7584248185157776,0.13733501732349396,-0.5912365317344666,0.9265800714492798,0.0
297,1497,-0.1278080621612514,-0.4779032862016873,-0.008808062161251407,0.05009671379831271,0.05086514221376486,0.6013059401511587,0.8672325015068054,0.39616480469703674,-1.0,0.8860465288162231,0.3084745705127716,0.421875,-0.4078750014305115,0.0988750010728836,0.04374999925494194,0.0012790400069206953,0.0002797899942379445,7.994000043254346e-05,0.0,0.13650000095367432,0.007000000216066837,0.14350000023841858,0.012000000104308128,0.0182499997317791,0.0020000000949949026,-0.0002500000118743628,0.6304426193237305,-0.1645059585571289,0.7990084290504456,0.4741542637348175,0.0
298,1498,-0.1249909061542275,-0.47682393805940365,-0.00599090615422751,0.051176061940596373,0.051525530296121336,0.5973480704178732,0.8655626177787781,0.39338424801826477,-1.0,0.8860465288162231,0.3084745705127716,0.4320000112056732,-0.41624999046325684,0.1081250011920929,0.05249999836087227,0.0017472601030021906,0.0005253200070001185,0.0001884299999801442,6.851999933132902e-05,0.19900000095367432,0.02250000089406967,0.2214999943971634,0.015250000171363354,0.028999999165534973,0.013249999843537807,0.0,-0.7280424237251282,0.6947306394577026,-0.5404559969902039,0.8966628313064575,0.0
299,1499,-0.1280686379489162,-0.4782634488524202,-0.009068637948916214,0.0497365511475798,0.05055654966771709,0.6031643915077609,0.8721141815185547,0.39521366357803345,-1.0,0.8860465288162231,0.3084745705127716,0.4247500002384186,-0.4102500081062317,0.10400000214576721,0.06925000250339508,0.00019985000835731626,0.0009649900021031499,7.423000351991504e-05,-1.1420000191719737e-05,0.10199999809265137,0.007499999832361937,0.10949999839067459,0.0024999999441206455,0.0430000014603138,0.0012499999720603228,0.0,0.6682963371276855,-0.8697123527526855,0.2774108052253723,-0.07925918698310852,-0.033511106
300,1500,-0.1269466524568019,-0.47992294325790386,-0.0079466524568019,0.04807705674209617,0.04872938200153917,0.6142865167524871,0.8649566769599915,0.3927738070487976,-1.0,0.8860465288162231,0.3084745705127716,0.4320000112056732,-0.4167500138282776,0.10437499731779099,0.0728750005364418,0.001416080049239099,0.00037115000304766,0.00016558999777771533,6.851999933132902e-05,0.15649999678134918,0.020500000566244125,0.1770000010728836,0.013000000268220901,0.023499999195337296,0.01075000036507845,0.0002500000118743628,0.5867580771446228,0.6626017093658447,-0.5893123745918274,0.6487351059913635,0.0
301,1501,-0.13109010923843642,-0.4799440392455699,-0.012090109238436425,0.04805596075443014,0.04955346713832096,0.609245074290695,0.867565929889679,0.3899611234664917,-1.0,0.8860465288162231,0.3084745705127716,0.4387499988079071,-0.41737499833106995,0.09700000286102295,0.08487500250339508,0.0026665700133889914,0.0011991000501438975,8.565000462112948e-05,6.851999933132902e-05,0.3384999930858612,0.013500000350177288,0.35199999809265137,0.0215000007301569,0.0494999997317791,0.0035000001080334187,0.0005000000237487257,0.5182254314422607,-0.2854462265968323,-0.7371726036071777,-0.7523150444030762,-0.039028596
302,1502,-0.13333332672624093,-0.4807418773315589,-0.014333326726240936,0.04725812266844115,0.049383948942815455,0.6102787314177635,0.8579300045967102,0.38992536067962646,-1.0,0.8860465288162231,0.3084745705127716,0.4416249990463257,-0.41737499833106995,0.0832500010728836,0.07124999910593033,0.002889260184019804,0.0008108200272545218,8.565000462112948e-05,-6.851999933132902e-05,0.3240000009536743,0.013500000350177288,0.3375000059604645,0.022749999538064003,0.039000000804662704,0.0035000001080334187,-0.0002500000118743628,-0.9522830843925476,-0.966629683971405,0.07670830935239792,-0.6033390760421753,-0.07237351
303,1503,-0.1309325918214492,-0.4842583889635716,-0.011932591821449207,0.04374161103642843,0.04533999651124285,0.6354639193934266,0.8527131676673889,0.3885730803012848,-1.0,0.8860465288162231,0.3084745705127716,0.4437499940395355,-0.4246250092983246,0.0832500010728836,0.0598750002682209,0.000982120051048696,0.00026837000041268766,0.00011420000373618677,0.0,0.10949999839067459,0.009999999776482582,0.11949999630451202,0.009999999776482582,0.017500000074505806,0.0062500000931322575,0.0,0.8058183193206787,-0.6586965322494507,0.4019731283187866,-0.9072459936141968,-0.13286953
304,1504,-0.12763931284406546,-0.48384681813038444,-0.008639312844065467,0.04415318186961559,0.04499045671727488,0.637689005182685,0.858296275138855,0.3826129138469696,-1.0,0.8860465288162231,0.3084745705127716,0.4581249952316284,-0.4398750066757202,0.0885000005364418,0.06350000202655792,0.0011762600624933839,0.0003882800228893757,0.0001598800008650869,6.28100024187006e-05,0.13699999451637268,0.019500000402331352,0.15649999678134918,0.011250000447034836,0.023499999195337296,0.01075000036507845,0.0002500000118743628,-0.9879958629608154,-0.7240489721298218,-0.9633184671401978,0.5873678922653198,0.0
305,1505,-0.13003532858697087,-0.4850178908658666,-0.011035328586970872,0.04298210913413342,0.04437612176205771,0.641618609755503,0.865955114364624,0.383310467004776,-1.0,0.8860465288162231,0.3084745705127716,0.445125013589859,-0.4426249861717224,0.07587499916553497,0.07474999874830246,0.00010278000263497233,7.423000351991504e-05,6.851999933132902e-05,0.0,0.01549999974668026,0.006000000052154064,0.0215000007301569,0.0002500000118743628,0.0020000000949949026,0.0,-0.0002500000118743628,0.822441577911377,0.19288933277130127,0.9085691571235657,-0.6705019474029541,-0.10446023
306,1506,-0.12560777865238976,-0.4857103288221221,-0.006607778652389762,0.04228967117787791,0.04280279228101848,0.6517932146464211,0.8603829741477966,0.3813256025314331,-1.0,0.8860465288162231,0.3084745705127716,0.4569999873638153,-0.4449999928474426,0.08924999833106995,0.07824999839067459,0.0007023300277069211,0.00019985000835731626,0.00011991000064881518,6.28100024187006e-05,0.07900000363588333,0.01600000075995922,0.0949999988079071,0.007249999791383743,0.013749999925494194,0.007249999791383743,0.0002500000118743628,-0.6516311764717102,-0.46411484479904175,-0.6950840950012207,0.008455075323581696,0.0
307,1507,-0.14675013585997682,-0.4786463607139485,-0.02775013585997682,0.04935363928605152,0.056620241530965405,0.5676771525193357,0.8706795573234558,0.38015198707580566,-1.0,0.8860465288162231,0.3084745705127716,0.44837498664855957,-0.44725000858306885,0.07987499982118607,0.07837499678134918,9.707000572234392e-05,7.423000351991504e-05,0.0,6.28100024187006e-05,0.014999999664723873,0.005499999970197678,0.020500000566244125,0.0002500000118743628,0.0010000000474974513,0.0,0.0002500000118743628,-0.37398573756217957,-0.4871167838573456,-0.37527209520339966,-0.505374014377594,-0.069032654
308,1508,-0.12703825758750453,-0.4860303915437897,-0.008038257587504538,0.04196960845621034,0.042732442230823606,0.6522519128283742,0.8215113282203674,0.39212480187416077,-1.0,0.8860465288162231,0.3084745705127716,0.4413749873638153,-0.4558750092983246,0.08349999785423279,0.06912499666213989,9.13600015337579e-05,0.0,6.851999933132902e-05,0.0,0.00800000037997961,0.006000000052154064,0.014000000432133675,0.0002500000118743628,0.0,0.0002500000118743628,0.0,0.5495648980140686,-0.17735716700553894,-0.35464370250701904,0.9191650152206421,-0.045282863
309,1509,-0.16390724106114854,-0.4749932057997902,-0.044907241061148545,0.05300679420020982,0.06947215651689174,0.4992134270421656,0.8673529028892517,0.37960949540138245,-1.0,0.8860465288162231,0.3084745705127716,0.45137500762939453,-0.4542500078678131,0.07699999958276749,0.08624999970197678,0.00011420000373618677,9.13600015337579e-05,0.0,0.0,0.017999999225139618,0.0,0.017999999225139618,0.000750000006519258,0.0042500002309679985,0.0,0.0,-0.8166830539703369,-0.6244876384735107,0.39322027564048767,0.5195519328117371,0.0
310,1510,-0.11285907324996525,-0.4874473804632025,0.0061409267500347475,0.04055261953679751,0.041014947673324455,0.663551057278609,0.7816110849380493,0.3983165919780731,-1.0,0.8860465288162231,0.3084745705127716,0.4363749921321869,-0.4637500047683716,0.08412499725818634,0.09600000083446503,9.13600015337579e-05,0.0,6.851999933132902e-05,0.0,0.00800000037997961,0.006000000052154064,0.014000000432133675,0.0002500000118743628,0.0,0.0002500000118743628,-0.0002500000118743628,0.35283076763153076,0.8813376426696777,-0.9781595468521118,-0.2593090534210205,-0.055117086
311,1511,-0.15901248766774384,-0.47790636663015995,-0.040012487667743846,0.050093633369840074,0.06411217726417742,0.5267012534690234,0.900327742099762,0.37720781564712524,-1.0,0.8860465288162231,0.3084745705127716,0.4427500069141388,-0.4480000138282776,0.06599999964237213,0.09950000047683716,8.565000462112948e-05,8.565000462112948e-05,0.0,6.28100024187006e-05,0.014999999664723873,0.005499999970197678,0.020500000566244125,0.0005000000237487257,0.001500000013038516,0.0,0.0002500000118743628,0.4903101325035095,-0.9295706152915955,0.5438159704208374,-0.3200046420097351,0.0
312,1512,-0.12822572808384625,-0.4860125808786483,-0.009225728083846252,0.04198741912135173,0.04298903840689069,0.6505804047917075,0.7929942011833191,0.3933790326118469,-1.0,0.8860465288162231,0.3084745705127716,0.45225000381469727,-0.4646250009536743,0.07599999755620956,0.09375,0.0,0.0,6.851999933132902e-05,-3.997000021627173e-05,0.0,0.009499999694526196,0.009499999694526196,-0.0002500000118743628,0.0,0.0002500000118743628,-0.0002500000118743628,-0.3993438184261322,-0.3052591383457184,0.6440163850784302,-0.258920282125473,-0.1876228
313,1513,-0.14289341762148822,-0.48211379568571555,-0.023893417621488222,0.04588620431428447,0.05173431310075648,0.5961022113852967,0.8645913004875183,0.3796396851539612,-1.0,0.8860465288162231,0.3084745705127716,0.4557499885559082,-0.4622499942779541,0.08762499690055847,0.09737499803304672,9.13600015337579e-05,8.565000462112948e-05,7.423000351991504e-05,6.851999933132902e-05,0.01549999974668026,0.012500000186264515,0.02800000086426735,0.0002500000118743628,0.002749999985098839,0.0010000000474974513,0.0,-0.6538453102111816,0.09808418899774551,-0.7929315567016602,-0.11246084421873093,0.0
314,1514,-0.13502867296275203,-0.4835585854594284,-0.01602867296275204,0.0444414145405716,0.04724359938990452,0.6234816194678616,0.8304803967475891,0.38624781370162964,-1.0,0.8860465288162231,0.3084745705127716,0.44362500309944153,-0.4596250057220459,0.07337500154972076,0.09562499821186066,0.0,7.994000043254346e-05,0.0,-6.28100024187006e-05,0.007000000216066837,0.005499999970197678,0.012500000186264515,0.0,0.0010000000474974513,0.0,-0.0005000000237487257,0.4117299020290375,0.5636063814163208,0.2837691307067871,-0.9661808013916016,0.0
315,1515,-0.13573279746654232,-0.48325383259253146,-0.016732797466542326,0.04474616740746856,0.047772439844679555,0.6201930996119368,0.8487704992294312,0.3837990164756775,-1.0,0.8860465288162231,0.3084745705127716,0.4507499933242798,-0.4514999985694885,0.078125,0.07750000059604645,0.00011991000064881518,9.707000572234392e-05,7.423000351991504e-05,5.139000131748617e-05,0.01899999938905239,0.010999999940395355,0.029999999329447746,0.0010000000474974513,0.005750000011175871,0.0010000000474974513,-0.0002500000118743628,-0.10765853524208069,-0.7465037703514099,-0.4462880492210388,0.4069923460483551,0.0
316,1516,-0.1300954714692255,-0.48596578902107107,-0.011095471469225515,0.042034210978928954,0.04347395058820292,0.647433297679265,0.8471330404281616,0.384315550327301,-1.0,0.8860465288162231,0.3084745705127716,0.4493750035762787,-0.4625000059604645,0.07050000131130219,0.08487500250339508,0.0,0.0,0.0,6.28100024187006e-05,0.0,0.005499999970197678,0.005499999970197678,-0.0002500000118743628,0.0,-0.0002500000118743628,0.0002500000118743628,-0.49406003952026367,0.41128408908843994,0.2504381537437439,-0.9965611100196838,-0.08328721
317,1517,-0.12897771507216038,-0.486238506186844,-0.009977715072160387,0.041761493813156025,0.04293689746089586,0.6509197120205352,0.8602430820465088,0.37971898913383484,-1.0,0.8860465288162231,0.3084745705127716,0.4528749883174896,-0.4569999873638153,0.07462500035762787,0.0663750022649765,9.707000572234392e-05,9.13600015337579e-05,7.994000043254346e-05,0.0,0.016499999910593033,0.007000000216066837,0.023499999195337296,0.0002500000118743628,0.0042500002309679985,0.000750000006519258,0.0,-0.011394767090678215,0.2954796552658081,-0.24376024305820465,-0.5942521095275879,-0.095310256
318,1518,-0.19362967824155364,-0.4623086428665092,-0.07462967824155364,0.06569135713349084,0.09942305203763191,0.3700080486855338,0.8628425002098083,0.3792567551136017,-1.0,0.8860465288162231,0.3084745705127716,0.45274999737739563,-0.45237499475479126,0.07050000131130219,0.06987500190734863,9.13600015337579e-05,0.00010278000263497233,0.0,6.851999933132902e-05,0.017000000923871994,0.006000000052154064,0.023000000044703484,0.0002500000118743628,0.006000000052154064,0.0,0.0005000000237487257,-0.6721110343933105,-0.8792919516563416,0.8989246487617493,-0.767605185508728,0.0
319,1519,-0.19441547871051762,-0.4612728785382463,-0.07541547871051762,0.06672712146175375,0.10069758273021341,0.36532210785006664,0.712489128112793,0.41981586813926697,-1.0,0.8860465288162231,0.3084745705127716,0.4402500092983246,-0.4657500088214874,0.08712500333786011,0.05575000122189522,8.565000462112948e-05,0.0,7.423000351991504e-05,0.0,0.007499999832361937,0.006500000134110451,0.014000000432133675,0.0002500000118743628,0.0,0.0002500000118743628,0.0,-0.32534852623939514,0.24465683102607727,0.21347670257091522,-0.8908884525299072,-0.13090663
320,1520,-0.12502310789508989,-0.4851280565370959,-0.006023107895089891,0.04287194346290413,0.04329297131177695,0.6486060787019445,0.7106616497039795,0.42157140374183655,-1.0,0.8860465288162231,0.3084745705127716,0.4345000088214874,-0.4612500071525574,0.0911249965429306,0.05937499925494194,0.0,0.0,7.423000351991504e-05,6.28100024187006e-05,0.0,0.012000000104308128,0.012000000104308128,-0.0002500000118743628,0.0,0.0002500000118743628,0.0002500000118743628,0.8087048530578613,0.7442315816879272,0.3289446234703064,0.616281270980835,0.0
321,1521,-0.13935110653775315,-0.47975640609073955,-0.020351106537753155,0.048243593909260474,0.052360403842909894,0.5923817295753734,0.872039258480072,0.3811388909816742,-1.0,0.8860465288162231,0.3084745705127716,0.4490000009536743,-0.4501250088214874,0.09674999862909317,0.07100000232458115,0.00011991000064881518,9.707000572234392e-05,7.423000351991504e-05,0.0,0.01899999938905239,0.006500000134110451,0.025499999523162842,0.0010000000474974513,0.005499999970197678,0.0012499999720603228,0.0,-0.6357268691062927,-0.19852213561534882,-0.41495829820632935,0.6636027097702026,0.0
322,1522,-0.12513435238938278,-0.48234161032911294,-0.006134352389382786,0.04565838967088709,0.04606863169853968,0.6308505334614888,0.8387183547019958,0.39024338126182556,-1.0,0.8860465288162231,0.3084745705127716,0.437624990940094,-0.45100000500679016,0.08974999934434891,0.0833749994635582,0.0,0.0,-7.994000043254346e-05,0.0,0.0,0.007000000216066837,0.007000000216066837,0.0,0.0,-0.0002500000118743628,0.0,-0.6480245590209961,0.07188959419727325,0.7069987654685974,-0.9390353560447693,-0.25382045
323,1523,-0.10800034235241149,-0.48287507992006773,0.010999657647588507,0.045124920079932296,0.04644621492204106,0.6284730390164941,0.8717805743217468,0.38586166501045227,-1.0,0.8860465288162231,0.3084745705127716,0.44087499380111694,-0.4493750035762787,0.10212499648332596,0.08712500333786011,9.707000572234392e-05,9.13600015337579e-05,7.994000043254346e-05,0.0,0.016499999910593033,0.007000000216066837,0.023499999195337296,0.0010000000474974513,0.0042500002309679985,0.001500000013038516,0.0,-0.9744617342948914,0.9057197570800781,-0.9954935312271118,-0.948613166809082,-0.1378336
324,1524,-0.12921048431616608,-0.4809891628658599,-0.010210484316166085,0.047010837134140115,0.04810688929896965,0.6181223319405669,0.9116271138191223,0.384957492351532,-1.0,0.8860465288162231,0.3084745705127716,0.4230000078678131,-0.4312500059604645,0.08425000309944153,0.09087499976158142,9.13600015337579e-05,7.994000043254346e-05,0.0,6.28100024187006e-05,0.014999999664723873,0.005499999970197678,0.020500000566244125,0.0002500000118743628,0.0017500000540167093,0.0,0.0,0.7711139917373657,-0.358083575963974,-0.6091880202293396,-0.1000676080584526,-0.09710257
325,1525,-0.13470552185529186,-0.47959403570769354,-0.015705521855291865,0.04840596429230648,0.05089008543729417,0.6011559737704141,0.8623011708259583,0.38815397024154663,-1.0,0.8860465288162231,0.3084745705127716,0.43700000643730164,-0.437624990940094,0.08712500333786011,0.08924999833106995,0.00010278000263497233,7.994000043254346e-05,7.994000043254346e-05,-6.28100024187006e-05,0.01600000075995922,0.012500000186264515,0.02850000001490116,0.0010000000474974513,0.0012499999720603228,0.0017500000540167093,-0.0005000000237487257,-0.8294259905815125,-0.6323127746582031,-0.7084550857543945,0.5669238567352295,0.0
326,1526,-0.12941840164238289,-0.4812074149838821,-0.01041840164238289,0.04679258501611794,0.04793838863867487,0.6191647501454551,0.849522054195404,0.39051857590675354,-1.0,0.8860465288162231,0.3084745705127716,0.4221250116825104,-0.44874998927116394,0.07474999874830246,0.09962499886751175,0.0,5.7100000958598685e-06,0.0,0.0,0.0005000000237487257,0.0,0.0005000000237487257,-0.0002500000118743628,0.0,0.0,0.0,0.7220766544342041,-0.7377431988716125,0.5340983271598816,-0.930076003074646,-0.2481383
327,1527,-0.12929362496403468,-0.48297693158814997,-0.010293624964034687,0.045023068411850053,0.046184796244200625,0.6301181342819427,0.8618176579475403,0.38778403401374817,-1.0,0.8860465288162231,0.3084745705127716,0.43562498688697815,-0.445125013589859,0.08474999666213989,0.10350000113248825,0.0,6.851999933132902e-05,0.0,3.425999966566451e-05,0.006000000052154064,0.003000000026077032,0.008999999612569809,-0.0002500000118743628,0.0002500000118743628,0.0,-0.0002500000118743628,0.7224493026733398,0.9809314012527466,-0.6099321842193604,-0.881786048412323,-0.2270062
328,1528,-0.13307425037886716,-0.48427007032444946,-0.01407425037886717,0.04372992967555056,0.04593899512566247,0.6316688767945651,0.8621078729629517,0.38478484749794006,-1.0,0.8860465288162231,0.3084745705127716,0.4467499852180481,-0.43825000524520874,0.08612500131130219,0.10724999755620956,0.0003654400061350316,0.0003825699968729168,9.707000572234392e-05,0.0,0.06549999862909317,0.008500000461935997,0.07400000095367432,0.0044999998062849045,0.023250000551342964,0.004749999847263098,-0.0002500000118743628,0.8434054255485535,0.7162333726882935,-0.8193515539169312,0.08423452079296112,-0.013891858
329,1529,-0.131976297311259,-0.48227440436117525,-0.012976297311259016,0.04572559563882478,0.047531193846099634,0.6216910968508943,0.8533157110214233,0.3825930953025818,-1.0,0.8860465288162231,0.3084745705127716,0.45774999260902405,-0.43799999356269836,0.07199999690055847,0.1107499971985817,0.0015645400853827596,0.0011991000501438975,8.565000462112948e-05,6.851999933132902e-05,0.24199999868869781,0.013500000350177288,0.2554999887943268,0.014000000432133675,0.0494999997317791,0.0024999999441206455,0.0002500000118743628,-0.970952033996582,-0.7287157773971558,0.6737323999404907,-0.8880496621131897,0.0
330,1530,-0.12816209075361132,-0.4859166863354418,-0.009162090753611324,0.0420833136645582,0.04306912114226387,0.6500596107686313,0.8558690547943115,0.38597559928894043,-1.0,0.8860465288162231,0.3084745705127716,0.44600000977516174,-0.43537500500679016,0.08399999886751175,0.09425000101327896,0.0001256200048374012,0.00026266000350005925,9.13600015337579e-05,6.28100024187006e-05,0.03400000184774399,0.013500000350177288,0.04749999940395355,0.0012499999720603228,0.017000000923871994,0.0037499999161809683,0.0,0.9050898551940918,-0.6979125738143921,0.910795271396637,0.8768627643585205,0.0
331,1531,-0.1268502390425842,-0.4880431422157349,-0.007850239042584195,0.03995685778426511,0.040720716312679234,0.6655063076523207,0.8647392988204956,0.37980222702026367,-1.0,0.8860465288162231,0.3084745705127716,0.45899999141693115,-0.4481250047683716,0.09912499785423279,0.1107499971985817,0.0008565000025555491,0.0002512400096748024,0.00011991000064881518,0.0,0.09700000286102295,0.010499999858438969,0.10750000178813934,0.008999999612569809,0.016499999910593033,0.007499999832361937,-0.0002500000118743628,0.8646605014801025,0.11987092345952988,-0.013819373212754726,-0.7274270057678223,-0.11129125
332,1532,-0.12502637940878072,-0.48798715386337915,-0.00602637940878073,0.04001284613662087,0.04046412120300492,0.6672161570491459,0.867790162563324,0.37619805335998535,-1.0,0.8860465288162231,0.3084745705127716,0.4712499976158142,-0.45375001430511475,0.0989999994635582,0.11412499845027924,0.0020099200773984194,0.0006223900127224624,0.00011991000064881518,6.851999933132902e-05,0.2304999977350235,0.016499999910593033,0.24699999392032623,0.016750000417232513,0.03200000151991844,0.007249999791383743,0.0005000000237487257,-0.5750460624694824,0.7506880164146423,0.9626301527023315,-0.964582085609436,0.0
333,1533,-0.12218513236935097,-0.48718472778980415,-0.0031851323693509737,0.040815272210195874,0.04093936386660978,0.664052784015393,0.8720316886901855,0.37629297375679016,-1.0,0.8860465288162231,0.3084745705127716,0.46674999594688416,-0.45350000262260437,0.11349999904632568,0.09650000184774399,0.0003368900215718895,0.00159880006685853,0.00019414001144468784,0.0,0.16949999332427979,0.017000000923871994,0.18649999797344208,0.0042500002309679985,0.05950000137090683,0.01425000000745058,-0.0002500000118743628,-0.36174699664115906,-0.9057592153549194,-0.6050108671188354,0.6688275337219238,0.0
334,1534,-0.12317561500779076,-0.4880447981417014,-0.004175615007790762,0.03995520185829865,0.04017280070185149,0.6691627285058256,0.8786392211914062,0.37765300273895264,-1.0,0.8860465288162231,0.3084745705127716,0.461124986410141,-0.4528749883174896,0.10912500321865082,0.10899999737739563,0.0001598800008650869,0.00041683000745251775,7.423000351991504e-05,0.0,0.05050000175833702,0.006500000134110451,0.05700000002980232,0.0020000000949949026,0.02449999935925007,0.0005000000237487257,-0.0002500000118743628,0.9639981985092163,0.23643939197063446,0.8678609132766724,-0.6483745574951172,-0.10180496
335,1535,-0.12233970239677619,-0.4888582567388859,-0.003339702396776195,0.03914174326111414,0.03928396209164761,0.6751370167598467,0.8763357996940613,0.3761952519416809,-1.0,0.8860465288162231,0.3084745705127716,0.4711250066757202,-0.45399999618530273,0.11562500149011612,0.11237499862909317,0.002175510162487626,0.0007080400246195495,0.0003140500048175454,6.851999933132902e-05,0.2524999976158142,0.03350000083446503,0.28600001335144043,0.017999999225139618,0.03550000116229057,0.019999999552965164,0.0005000000237487257,0.44748011231422424,0.35168901085853577,-0.5200486183166504,0.44667479395866394,-0.029791437
336,1536,-0.12405543109890985,-0.48924440498103483,-0.005055431098909852,0.038755595018965194,0.03908392929158818,0.6764888638567459,0.8782797455787659,0.37481650710105896,-1.0,0.8860465288162231,0.3084745705127716,0.4717499911785126,-0.45399999618530273,0.11424999684095383,0.12049999833106995,0.003094820072874427,0.0011705500073730946,8.565000462112948e-05,8.565000462112948e-05,0.3734999895095825,0.014999999664723873,0.38850000500679016,0.024000000208616257,0.048500001430511475,0.0032500000670552254,0.0010000000474974513,0.29348990321159363,-0.6300607919692993,0.2765173316001892,-0.801184356212616,-0.079349
337,1537,-0.12301316829602868,-0.4883543330002712,-0.004013168296028685,0.039645666999728824,0.03984826761134839,0.6713379106729801,0.8742896914482117,0.3741620182991028,-1.0,0.8860465288162231,0.3084745705127716,0.47099998593330383,-0.45399999618530273,0.11424999684095383,0.10612499713897705,0.0006052600219845772,0.000433959998190403,0.00019414001144468784,0.0,0.09099999815225601,0.017000000923871994,0.1080000028014183,0.006750000175088644,0.02500000037252903,0.013500000350177288,-0.0002500000118743628,0.39819464087486267,0.08718682080507278,-0.10986322909593582,0.7128682732582092,0.0
338,1538,-0.12396704354967492,-0.48845669194075325,-0.004967043549674921,0.03954330805924677,0.03985404288015029,0.6712991402236292,0.8767135739326477,0.3756706118583679,-1.0,0.8860465288162231,0.3084745705127716,0.47187501192092896,-0.45399999618530273,0.11424999684095383,0.11900000274181366,0.002438170136883855,0.0005139000131748617,0.00014275001012720168,6.851999933132902e-05,0.25850000977516174,0.01850000023841858,0.2770000100135803,0.019750000908970833,0.02824999950826168,0.009499999694526196,0.0005000000237487257,0.01422924641519785,-0.39096519351005554,-0.7787335515022278,0.4898068308830261,-0.051422924
339,1539,-0.12737040983941456,-0.49004198880343275,-0.008370409839414561,0.037958011196567276,0.03886996751836171,0.677937841001349,0.874495267868042,0.37549713253974915,-1.0,0.8860465288162231,0.3084745705127716,0.4699999988079071,-0.4561249911785126,0.10362499952316284,0.12837499380111694,0.0003768599999602884,0.00026266000350005925,7.994000043254346e-05,0.0,0.0560000017285347,0.007000000216066837,0.06300000101327896,0.004749999847263098,0.017999999225139618,0.0017500000540167093,0.0,0.43130525946617126,-0.7602521181106567,0.15322564542293549,0.36082717776298523,0.0
340,1540,-0.12274120800978011,-0.49199144340425083,-0.003741208009780117,0.0360085565957492,0.03620238646113977,0.6962657515319111,0.8665804266929626,0.3728101849555969,-1.0,0.8860465288162231,0.3084745705127716,0.47699999809265137,-0.46650001406669617,0.10387499630451202,0.13512499630451202,0.0005995500250719488,0.0001541700039524585,0.00011420000373618677,0.0,0.06599999964237213,0.009999999776482582,0.07599999755620956,0.006750000175088644,0.010250000283122063,0.006750000175088644,0.0,-0.40106314420700073,-0.33391934633255005,-0.9635838866233826,-0.838424563407898,-0.12461095
341,1541,-0.20007940110875694,-0.46405776457250997,-0.08107940110875694,0.06394223542749006,0.10325927927125611,0.3560825144898669,0.8773460388183594,0.36950603127479553,-1.0,0.8860465288162231,0.3084745705127716,0.4727500081062317,-0.46825000643730164,0.08924999833106995,0.13875000178813934,9.707000572234392e-05,7.423000351991504e-05,0.0,5.7100001868093386e-05,0.014999999664723873,0.004999999888241291,0.019999999552965164,0.0002500000118743628,0.0012499999720603228,0.0,0.0002500000118743628,-0.742587149143219,-0.9489606022834778,0.8273580074310303,-0.8958144783973694,0.0
342,1542,-0.2000641689254435,-0.4637373837163058,-0.08106416892544349,0.06426261628369423,0.10344604069367837,0.35541811033924897,0.6974897384643555,0.4168512523174286,-1.0,0.8860465288162231,0.3084745705127716,0.45899999141693115,-0.48537498712539673,0.10474999994039536,0.12212499976158142,9.13600015337579e-05,7.423000351991504e-05,6.28100024187006e-05,0.0,0.014499999582767487,0.005499999970197678,0.019999999552965164,0.0,0.0,0.0,0.0,-0.8242627382278442,-0.5668224096298218,0.0038443689700216055,0.8194554448127747,0.0
343,1543,-0.19594422925761235,-0.4633500853222596,-0.07694422925761235,0.06464991467774045,0.100498884988278,0.3660487162673556,0.6975252032279968,0.4173942506313324,-1.0,0.8860465288162231,0.3084745705127716,0.44350001215934753,-0.4961250126361847,0.10474999994039536,0.13737499713897705,8.565000462112948e-05,2.2840000383439474e-05,2.2840000383439474e-05,0.0,0.009499999694526196,0.0020000000949949026,0.011500000022351742,0.0002500000118743628,0.0002500000118743628,0.0,0.0,-0.02764560468494892,0.267828106880188,0.984617292881012,-0.7741948366165161,-0.11690339
344,1544,-0.17158011415379898,-0.4717628867661139,-0.052580114153798985,0.05623711323388614,0.07698883886192506,0.46306474872309467,0.7071064710617065,0.41805070638656616,-1.0,0.8860465288162231,0.3084745705127716,0.44312500953674316,-0.4909999966621399,0.12325000017881393,0.14112499356269836,0.0,0.0,0.0,3.997000021627173e-05,0.0,0.0035000001080334187,0.0035000001080334187,0.0,0.0,-0.0002500000118743628,0.0,0.42252302169799805,0.7348397970199585,0.4603503346443176,0.08988925069570541,-0.013213291
345,1545,-0.11741042093332227,-0.48733048793519007,0.0015895790666777265,0.040669512064809954,0.0407005647773952,0.6656404309042181,0.7637671828269958,0.40379172563552856,-1.0,0.8860465288162231,0.3084745705127716,0.45100000500679016,-0.47725000977516174,0.1315000057220459,0.14487500488758087,0.0,0.0,7.423000351991504e-05,6.28100024187006e-05,0.0,0.012000000104308128,0.012000000104308128,0.0,0.0,0.0005000000237487257,0.0,-0.3715629279613495,0.13537897169589996,0.854715883731842,0.0011158878915011883,-0.07634208
346,1546,-0.10990253522825319,-0.49304319221784076,0.009097464771746805,0.03495680778215926,0.03612121641905217,0.6968311401675252,0.8897432088851929,0.37740594148635864,-1.0,0.8860465288162231,0.3084745705127716,0.4544999897480011,-0.4749999940395355,0.1472499966621399,0.14487500488758087,0.00010278000263497233,7.994000043254346e-05,7.994000043254346e-05,5.7100001868093386e-05,0.01600000075995922,0.012000000104308128,0.02800000086426735,0.0005000000237487257,0.003000000026077032,0.0010000000474974513,0.0,0.8550665378570557,-0.29781389236450195,-0.9760735630989075,-0.9975323677062988,0.0
347,1547,-0.12229027348353824,-0.49482717320071434,-0.0032902734835382474,0.03317282679928568,0.033335601651265895,0.716515057549915,0.9072034358978271,0.36772340536117554,-1.0,0.8860465288162231,0.3084745705127716,0.4703750014305115,-0.47975000739097595,0.12962499260902405,0.1262499988079071,0.00010278000263497233,7.423000351991504e-05,0.0,4.568000076687895e-05,0.01549999974668026,0.004000000189989805,0.019500000402331352,0.000750000006519258,0.001500000013038516,-0.0002500000118743628,0.0,0.8748490810394287,-0.8062695860862732,-0.005960337817668915,0.98124760389328,-0.024715241
348,1548,-0.11614436452290536,-0.49425726368883927,0.002855635477094637,0.03374273631116076,0.033863356415786194,0.7127435760356466,0.8783947229385376,0.36469972133636475,-1.0,0.8860465288162231,0.3084745705127716,0.48637500405311584,-0.49549999833106995,0.13212500512599945,0.14474999904632568,0.00014275001012720168,7.994000043254346e-05,7.994000043254346e-05,0.0,0.019500000402331352,0.007000000216066837,0.026499999687075615,0.001500000013038516,0.003000000026077032,0.0022499999031424522,-0.0002500000118743628,-0.2515795826911926,0.49858754873275757,-0.29451853036880493,-0.9102354645729065,-0.13322826
349,1549,-0.11866443560290876,-0.49344468284501186,0.0003355643970912314,0.03455531715498816,0.03455694643839954,0.7078171620129621,0.8926874995231628,0.36566564440727234,-1.0,0.8860465288162231,0.3084745705127716,0.48225000500679016,-0.48912501335144043,0.12787500023841858,0.148375004529953,0.00010278000263497233,0.00014275001012720168,0.0,5.7100001868093386e-05,0.0215000007301569,0.004999999888241291,0.026499999687075615,0.0005000000237487257,0.008750000037252903,-0.0002500000118743628,0.0,-0.02635878138244152,0.5158905982971191,-0.23326893150806427,0.9255173206329346,-0.05199228
350,1550,-0.11891231596270599,-0.4909930591918815,8.768403729400576e-05,0.037006940808118505,0.03700704468700497,0.69068567227966,0.8868268728256226,0.3670428991317749,-1.0,0.8860465288162231,0.3084745705127716,0.4814999997615814,-0.48537498712539673,0.12912499904632568,0.16562500596046448,0.0001256200048374012,0.00033117999555543065,9.13600015337579e-05,0.0,0.03999999910593033,0.00800000037997961,0.04800000041723251,0.0012499999720603228,0.020500000566244125,0.004749999847263098,0.0,-0.6815820932388306,0.26398900151252747,-0.0804164856672287,0.39129623770713806,0.0
351,1551,-0.11788300483626629,-0.4906563077968481,0.0011169951637337028,0.037343692203151924,0.03736039380894631,0.68824944724597,0.8862504363059998,0.37119820713996887,-1.0,0.8860465288162231,0.3084745705127716,0.46912500262260437,-0.47475001215934753,0.12937499582767487,0.17287500202655792,8.565000462112948e-05,0.00014275001012720168,7.423000351991504e-05,6.851999933132902e-05,0.019999999552965164,0.012500000186264515,0.032499998807907104,0.0005000000237487257,0.008999999612569809,0.0012499999720603228,0.0,0.2436608076095581,0.612948477268219,0.6519729495048523,-0.9017702341079712,0.0
352,1552,-0.11408083714128689,-0.487629298727364,0.004919162858713105,0.040370701272636034,0.040669296582003474,0.6658485971979853,0.8886441588401794,0.371768981218338,-1.0,0.8860465288162231,0.3084745705127716,0.4711250066757202,-0.4727500081062317,0.13762499392032623,0.15600000321865082,0.0004510900180321187,0.0004739300056826323,0.00013703999866265804,-2.8550000934046693e-05,0.08100000023841858,0.014499999582767487,0.09549999982118607,0.005499999970197678,0.02775000035762787,0.008999999612569809,0.0,-0.9345563650131226,-0.8276468515396118,0.9044217467308044,-0.3325278162956238,-0.06390334
353,1553,-0.10614276238011311,-0.49403768357658767,0.012857237619886885,0.03396231642341235,0.036314563140126294,0.6954851416479012,0.8974864482879639,0.37689948081970215,-1.0,0.8860465288162231,0.3084745705127716,0.4561249911785126,-0.47475001215934753,0.15825000405311584,0.15950000286102295,0.00010278000263497233,7.423000351991504e-05,7.994000043254346e-05,6.28100024187006e-05,0.01549999974668026,0.012500000186264515,0.02800000086426735,0.0005000000237487257,0.000750000006519258,0.001500000013038516,0.0005000000237487257,0.7921842932701111,-0.711627721786499,-0.8256510496139526,-0.9642376899719238,0.0
354,1554,-0.1658875152570808,-0.4770010203975001,-0.04688751525708079,0.05099897960249994,0.06927723296638795,0.5001874605807212,0.9159470796585083,0.3660378158092499,-1.0,0.8860465288162231,0.3084745705127716,0.47087499499320984,-0.4880000054836273,0.14362500607967377,0.14174999296665192,9.13600015337579e-05,7.423000351991504e-05,0.0,0.0,0.014499999582767487,0.0,0.014499999582767487,0.0005000000237487257,0.000750000006519258,0.0,0.0,-0.29814475774765015,-0.6009093523025513,0.5539662837982178,0.1600811779499054,-0.0047902595
355,1555,-0.13453729263229536,-0.4868402512336927,-0.015537292632295363,0.04115974876630735,0.04399468582507573,0.6440706472145439,0.7770057916641235,0.39491352438926697,-1.0,0.8860465288162231,0.3084745705127716,0.46562498807907104,-0.4988749921321869,0.15399999916553497,0.14537499845027924,0.0,0.0,7.423000351991504e-05,6.28100024187006e-05,0.0,0.012000000104308128,0.012000000104308128,0.0,0.0,0.0,0.0002500000118743628,0.0495169572532177,-0.5606352090835571,0.42264556884765625,0.5223792791366577,-0.1093342
356,1556,-0.11260164786754934,-0.49292022463897617,0.006398352132450658,0.03507977536102386,0.03565851300027432,0.700062872578567,0.8499132990837097,0.37823686003685,-1.0,0.8860465288162231,0.3084745705127716,0.46937501430511475,-0.49537500739097595,0.1615000069141388,0.15524999797344208,9.13600015337579e-05,7.423000351991504e-05,7.423000351991504e-05,0.0,0.014499999582767487,0.006500000134110451,0.020999999716877937,0.0,0.0005000000237487257,0.000750000006519258,0.0,0.3323724865913391,0.25328096747398376,-0.6267825365066528,-0.9646018147468567,-0.13975222
357,1557,-0.1133154744282115,-0.49504847634626853,0.005684525571788501,0.032951523653731496,0.03343825267681826,0.7157799248702724,0.900926411151886,0.3679318130016327,-1.0,0.8860465288162231,0.3084745705127716,0.4749999940395355,-0.4932500123977661,0.15012499690055847,0.1588750034570694,0.00010848999954760075,0.00010278000263497233,6.851999933132902e-05,5.7100001868093386e-05,0.01850000023841858,0.010999999940395355,0.029500000178813934,0.0010000000474974513,0.005499999970197678,0.0,0.0002500000118743628,0.6950293779373169,0.47804325819015503,0.7307895421981812,-0.4852597713470459,0.0
358,1558,-0.10991034092579094,-0.49579490088714406,0.009089659074209056,0.03220509911285596,0.03346326808538322,0.7156008919914768,0.8992663621902466,0.3643246293067932,-1.0,0.8860465288162231,0.3084745705127716,0.48524999618530273,-0.492374986410141,0.15825000405311584,0.15025000274181366,0.0005424499977380037,0.0003368900215718895,0.00016558999777771533,-6.851999933132902e-05,0.07699999958276749,0.020500000566244125,0.09749999642372131,0.006500000134110451,0.0215000007301569,0.010999999940395355,-0.0005000000237487257,-0.2975981831550598,-0.08538004755973816,-0.35959288477897644,0.9340735077857971,0.0
359,1559,-0.11584934001577427,-0.4921752117361702,0.003150659984225729,0.03582478826382984,0.03596306594944933,0.6979340537896954,0.9071852564811707,0.36305949091911316,-1.0,0.8860465288162231,0.3084745705127716,0.48249998688697815,-0.492000013589859,0.15700000524520874,0.16750000417232513,0.00011420000373618677,0.00026266000350005925,7.423000351991504e-05,0.0,0.032999999821186066,0.006500000134110451,0.039500001817941666,0.0010000000474974513,0.017750000581145287,0.0002500000118743628,0.0,-0.45211946964263916,0.6477038264274597,-0.9238868951797485,0.12651537358760834,-0.008818156
360,1560,-0.1121304129503305,-0.49497291645254976,0.006869587049669501,0.033027083547450264,0.033733951352950736,0.713666499334017,0.8933736085891724,0.36919456720352173,-1.0,0.8860465288162231,0.3084745705127716,0.4741249978542328,-0.4792500138282776,0.1393750011920929,0.17125000059604645,0.00011991000064881518,0.0002512400096748024,7.423000351991504e-05,6.28100024187006e-05,0.032499998807907104,0.012000000104308128,0.04450000077486038,0.0010000000474974513,0.016499999910593033,0.0010000000474974513,0.0,0.34401777386665344,-0.745047926902771,-0.9568113088607788,-0.7614145278930664,0.0
361,1561,-0.12028857494796966,-0.491080840868083,-0.0012885749479696618,0.03691915913191701,0.03694163960092116,0.6911375636020279,0.9020223021507263,0.36445268988609314,-1.0,0.8860465288162231,0.3084745705127716,0.4805000126361847,-0.4856249988079071,0.12187500298023224,0.15700000524520874,0.00011991000064881518,7.994000043254346e-05,7.423000351991504e-05,0.0,0.017500000074505806,0.006500000134110451,0.024000000208616257,0.0010000000474974513,0.001500000013038516,0.0002500000118743628,0.0,-0.45811960101127625,0.4595418870449066,0.02541685849428177,0.3439961373806,0.0
362,1562,-0.13582017074144692,-0.48814118320956246,-0.016820170741446927,0.03985881679043757,0.04326249437682824,0.6488037840803634,0.8830498456954956,0.3710494339466095,-1.0,0.8860465288162231,0.3084745705127716,0.4723750054836273,-0.4788750112056732,0.12174999713897705,0.16324999928474426,9.13600015337579e-05,9.707000572234392e-05,7.994000043254346e-05,6.28100024187006e-05,0.016499999910593033,0.012500000186264515,0.028999999165534973,0.0002500000118743628,0.004999999888241291,0.0012499999720603228,0.0002500000118743628,0.15675918757915497,-0.791703462600708,0.3414601981639862,0.7759199738502502,0.0
363,1563,-0.1372681547688893,-0.4887149924115636,-0.018268154768889294,0.03928500758843645,0.043324788515163026,0.6483997432135412,0.8469298481941223,0.37603190541267395,-1.0,0.8860465288162231,0.3084745705127716,0.4752500057220459,-0.49125000834465027,0.12862500548362732,0.17800000309944153,9.13600015337579e-05,7.423000351991504e-05,7.423000351991504e-05,0.0,0.014499999582767487,0.006500000134110451,0.020999999716877937,0.0002500000118743628,0.0002500000118743628,0.0002500000118743628,-0.0002500000118743628,-0.05993866175413132,-0.12499738484621048,-0.9933856725692749,-0.9591587781906128,-0.13909908
364,1564,-0.12351359932960265,-0.4963681974263893,-0.004513599329602658,0.0316318025736107,0.031952206699445256,0.7264961706121349,0.8435624241828918,0.3750593364238739,-1.0,0.8860465288162231,0.3084745705127716,0.47450000047683716,-0.4933750033378601,0.10999999940395355,0.18150000274181366,0.0,0.0,1.7129999832832254e-05,6.28100024187006e-05,0.0,0.007000000216066837,0.007000000216066837,-0.0002500000118743628,0.0,0.0002500000118743628,0.0002500000118743628,0.9234548807144165,-0.0453890860080719,-0.6044265031814575,-0.8847490549087524,-0.029446693
365,1565,-0.12463610860938931,-0.49635510350643985,-0.005636108609389318,0.03164489649356017,0.03214288715011409,0.7251122043358169,0.8755497932434082,0.36208778619766235,-1.0,0.8860465288162231,0.3084745705127716,0.4907500147819519,-0.4932500123977661,0.09862499684095383,0.16512499749660492,0.00014275001012720168,0.00011420000373618677,7.423000351991504e-05,0.0,0.02250000089406967,0.006500000134110451,0.028999999165534973,0.0017500000540167093,0.007249999791383743,0.0005000000237487257,0.0,0.8011270761489868,0.7416214346885681,0.4175381362438202,0.3901106119155884,0.0
366,1566,-0.12388306506778388,-0.4947426276136752,-0.004883065067783882,0.03325737238632481,0.03361394268006791,0.714523475148476,0.8729392886161804,0.3621099889278412,-1.0,0.8860465288162231,0.3084745705127716,0.5013750195503235,-0.49175000190734863,0.10087499767541885,0.17225000262260437,0.0010848999954760075,0.0005938400281593204,0.00017130000924225897,6.851999933132902e-05,0.1469999998807907,0.020999999716877937,0.1679999977350235,0.010499999858438969,0.03200000151991844,0.011500000022351742,0.0002500000118743628,-0.8062934875488281,0.17130586504936218,0.5745491981506348,-0.6248772740364075,0.0
367,1567,-0.12310969103704367,-0.4962275428417305,-0.004109691037043672,0.03177245715826954,0.03203714397842027,0.7258793665183482,0.8746905326843262,0.3648430109024048,-1.0,0.8860465288162231,0.3084745705127716,0.49037501215934753,-0.48612499237060547,0.11337500065565109,0.16075000166893005,0.0001827200030675158,0.0004739300056826323,0.0001256200048374012,0.0,0.057500001043081284,0.010999999940395355,0.06849999725818634,0.0024999999441206455,0.027000000700354576,0.00800000037997961,0.0,0.8132995963096619,0.46469730138778687,0.4817313849925995,-0.948746383190155,-0.13784957
368,1568,-0.12087638128182865,-0.4964612624598469,-0.001876381281828654,0.03153873754015313,0.03159450541378138,0.729099510068251,0.8764891028404236,0.3623262047767639,-1.0,0.8860465288162231,0.3084745705127716,0.4988749921321869,-0.48662498593330383,0.11687500029802322,0.164124995470047,0.001821490004658699,0.0012447800254449248,0.00027407999732531607,6.851999933132902e-05,0.2685000002384186,0.029999999329447746,0.2985000014305115,0.01575000025331974,0.045249998569488525,0.01899999938905239,0.000750000006519258,0.17863959074020386,-0.7874215841293335,-0.4151572585105896,0.23021967709064484,-0.009942366
369,1569,-0.12010328110632157,-0.4969687881732916,-0.0011032811063215742,0.031031211826708427,0.031050818614548878,0.7330743233341407,0.881682813167572,0.36193007230758667,-1.0,0.8860465288162231,0.3084745705127716,0.5005000233650208,-0.4896250069141388,0.11687500029802322,0.16862499713897705,0.0018671700963750482,0.00034260001848451793,8.565000462112948e-05,6.851999933132902e-05,0.19349999725818634,0.013500000350177288,0.2070000022649765,0.01600000075995922,0.02174999937415123,0.0035000001080334187,0.0002500000118743628,0.8445891737937927,0.9295547008514404,0.228628471493721,-0.19910185039043427,-0.04814159
370,1570,-0.12013653287302542,-0.4970610884174961,-0.0011365328730254254,0.030938911582503947,0.030959779664614287,0.7337420103818674,0.8834807276725769,0.36106985807418823,-1.0,0.8860465288162231,0.3084745705127716,0.5047500133514404,-0.49000000953674316,0.11687500029802322,0.1655000001192093,0.0032204401213675737,0.0014788900734856725,0.0001598800008650869,-7.423000351991504e-05,0.4115000069141388,0.020500000566244125,0.4320000112056732,0.024000000208616257,0.0572500005364418,0.012000000104308128,-0.000750000006519258,-0.97804856300354,-0.22399316728115082,0.670544445514679,-0.1033170074224472,-0.08019998
371,1571,-0.11437404135978857,-0.49795252000682205,0.004625958640211425,0.030047479993177972,0.03040148922801936,0.737849878101645,0.8834034204483032,0.36091339588165283,-1.0,0.8860465288162231,0.3084745705127716,0.5047500133514404,-0.49012500047683716,0.12312500178813934,0.16362500190734863,0.0022211901377886534,0.001164840068668127,0.0003939900198020041,-7.423000351991504e-05,0.29649999737739563,0.04100000113248825,0.3375000059604645,0.017500000074505806,0.04924999922513962,0.02449999935925007,-0.000750000006519258,-0.24075278639793396,-0.8447920083999634,0.9021243453025818,-0.5675431489944458,0.0
372,1572,-0.11396748204232487,-0.49809422264231556,0.00503251795767512,0.02990577735768446,0.030326255231428016,0.7384052009233683,0.8968045711517334,0.35940250754356384,-1.0,0.8860465288162231,0.3084745705127716,0.5047500133514404,-0.4958750009536743,0.14174999296665192,0.15275000035762787,0.000799400033429265,0.0005139000131748617,0.00034831001539714634,-6.28100024187006e-05,0.11500000208616257,0.035999998450279236,0.1509999930858612,0.008500000461935997,0.029249999672174454,0.020999999716877937,-0.0002500000118743628,-0.03269144892692566,0.7891377806663513,0.5996369123458862,0.6535365581512451,0.0
373,1573,-0.11295273090434477,-0.4962368555728561,0.006047269095655228,0.03176314442714395,0.032333679150614344,0.723730067178126,0.8977500200271606,0.3591623306274414,-1.0,0.8860465288162231,0.3084745705127716,0.5047500133514404,-0.4959999918937683,0.14925000071525574,0.16462500393390656,0.0006852000369690359,0.0015188599936664104,0.0004739300056826323,6.851999933132902e-05,0.19300000369548798,0.04749999940395355,0.24050000309944153,0.007499999832361937,0.05900000035762787,0.02824999950826168,0.0005000000237487257,-0.7613811492919922,-0.8385252952575684,-0.9969749450683594,-0.4526764154434204,0.0
374,1574,-0.11433077747178727,-0.49683135060741734,0.004669222528212724,0.03116864939258268,0.03151644561139016,0.7296688658951518,0.9001099467277527,0.36231040954589844,-1.0,0.8860465288162231,0.3084745705127716,0.49300000071525574,-0.49412500858306885,0.14412499964237213,0.15662500262260437,0.00017701000615488738,0.0003939900198020041,7.423000351991504e-05,-6.851999933132902e-05,0.05000000074505806,0.012500000186264515,0.0625,0.0024999999441206455,0.024000000208616257,0.0012499999720603228,-0.0002500000118743628,0.6451921463012695,0.2742616534233093,0.8942986726760864,0.1945674866437912,0.0
375,1575,-0.11295286695239726,-0.4973661937368419,0.006047133047602737,0.030633806263158148,0.03122495643334217,0.7317988745390145,0.8969051837921143,0.36130279302597046,-1.0,0.8860465288162231,0.3084745705127716,0.49937498569488525,-0.4948750138282776,0.1511249989271164,0.15974999964237213,0.001513150054961443,0.0006909100338816643,0.00032546999864280224,6.28100024187006e-05,0.19300000369548798,0.03400000184774399,0.22699999809265137,0.013749999925494194,0.035750001668930054,0.020749999210238457,0.000750000006519258,-0.36154788732528687,-0.8790116906166077,-0.3012223541736603,-0.8101263046264648,0.0
376,1576,-0.1162999151995101,-0.4950884228968888,0.002700084800489888,0.03291157710311121,0.03302214961724737,0.718764512210767,0.900109589099884,0.36039629578590393,-1.0,0.8860465288162231,0.3084745705127716,0.4976249933242798,-0.4986250102519989,0.15137499570846558,0.14524999260902405,0.00029121001716703176,0.0001484600070398301,0.00014275001012720168,-1.7129999832832254e-05,0.03849999979138374,0.014000000432133675,0.05249999836087227,0.0037499999161809683,0.010499999858438969,0.008999999612569809,-0.0005000000237487257,-0.8481615781784058,-0.4176960289478302,-0.07918272167444229,-0.9073521494865417,0.0
377,1577,-0.1128744096822828,-0.49120446776938625,0.0061255903177172,0.03679553223061377,0.03730193090008408,0.6886519355347751,0.892325758934021,0.36425691843032837,-1.0,0.8860465288162231,0.3084745705127716,0.48350000381469727,-0.5015000104904175,0.15337499976158142,0.12800000607967377,9.707000572234392e-05,7.423000351991504e-05,7.994000043254346e-05,0.0,0.014999999664723873,0.007000000216066837,0.02199999988079071,0.0002500000118743628,0.000750000006519258,0.0022499999031424522,0.0,-0.8907263875007629,0.9209222197532654,0.9571166038513184,-0.7059764862060547,-0.10871719
378,1578,-0.11617338283727296,-0.48877674161665957,0.00282661716272703,0.039223258383340454,0.039324976322827075,0.674860171279918,0.9002920985221863,0.3708398938179016,-1.0,0.8860465288162231,0.3084745705127716,0.46662500500679016,-0.48637500405311584,0.17162500321865082,0.1315000057220459,0.00010278000263497233,9.707000572234392e-05,7.994000043254346e-05,6.851999933132902e-05,0.017500000074505806,0.013000000268220901,0.030500000342726707,0.000750000006519258,0.004999999888241291,0.001500000013038516,0.0005000000237487257,-0.4204781949520111,-0.12605391442775726,-0.5515149831771851,-0.8653438687324524,0.0
379,1579,-0.1087969607689796,-0.49183994655036695,0.010203039231020394,0.03616005344963308,0.03757195064180275,0.6867949476023979,0.8926200270652771,0.3749546706676483,-1.0,0.8860465288162231,0.3084745705127716,0.45925000309944153,-0.48612499237060547,0.16212500631809235,0.11562500149011612,0.0,7.423000351991504e-05,0.0,0.0,0.006500000134110451,0.0,0.006500000134110451,-0.0002500000118743628,0.0,0.0,0.0,0.5540280342102051,0.9073663949966431,-0.2541602551937103,0.1579693704843521,-0.05954291
380,1580,-0.11017526871487152,-0.494427036211314,0.008824731285128479,0.03357296378868602,0.034713394818299576,0.706710659308806,0.9097744822502136,0.3697628080844879,-1.0,0.8860465288162231,0.3084745705127716,0.46799999475479126,-0.47824999690055847,0.16300000250339508,0.11924999952316284,0.00022269001055974513,0.00026837000041268766,0.00010278000263497233,5.7100001868093386e-05,0.0430000014603138,0.014000000432133675,0.05700000002980232,0.003000000026077032,0.0182499997317791,0.005750000011175871,0.0002500000118743628,0.7291309833526611,-0.6862370371818542,-0.8407355546951294,-0.6610512137413025,0.0
381,1581,-0.11262998146591849,-0.49387131113651633,0.006370018534081506,0.03412868886348369,0.03471807223428481,0.7066776042845246,0.9065691232681274,0.36537790298461914,-1.0,0.8860465288162231,0.3084745705127716,0.4806250035762787,-0.48649999499320984,0.14937500655651093,0.10712499916553497,0.00041683000745251775,0.00014275001012720168,7.994000043254346e-05,0.0,0.04899999871850014,0.007000000216066837,0.0560000017285347,0.004999999888241291,0.00925000011920929,0.001500000013038516,-0.0002500000118743628,0.18788394331932068,0.6237359046936035,0.6949825286865234,-0.24568688869476318,-0.05348243
382,1582,-0.11296799474020816,-0.4952632859010906,0.006032005259791834,0.032736714098909436,0.03328779862724317,0.7168576552945191,0.9008604884147644,0.36631980538368225,-1.0,0.8860465288162231,0.3084745705127716,0.48249998688697815,-0.48637500405311584,0.15649999678134918,0.1106249988079071,0.0007765600457787514,0.0006052600219845772,0.0001884299999801442,6.851999933132902e-05,0.12099999934434891,0.02250000089406967,0.14350000023841858,0.008249999955296516,0.032249998301267624,0.013249999843537807,0.0002500000118743628,0.8257846832275391,0.5159251093864441,0.19332586228847504,0.45841220021247864,-0.049547087
383,1583,-0.11214061744348117,-0.4956861317970626,0.006859382556518828,0.03231386820293741,0.033033879688790485,0.7186802055639698,0.9000744223594666,0.36396053433418274,-1.0,0.8860465288162231,0.3084745705127716,0.4867500066757202,-0.48612499237060547,0.15687499940395355,0.11887499690055847,0.0017758100293576717,0.0012276499764993787,0.00026837000041268766,6.851999933132902e-05,0.2630000114440918,0.029500000178813934,0.29249998927116394,0.014999999664723873,0.050999999046325684,0.019500000402331352,0.000750000006519258,0.8105171918869019,0.771906316280365,-0.7534576654434204,-0.49939700961112976,-0.09047136
384,1584,-0.11725990945726414,-0.49599245966703204,0.001740090542735856,0.03200754033296799,0.03205480546288639,0.7257511767672276,0.9019985795021057,0.36324384808540344,-1.0,0.8860465288162231,0.3084745705127716,0.49175000190734863,-0.48637500405311584,0.1497499942779541,0.1106249988079071,0.00244959001429379,0.001821490004658699,9.13600015337579e-05,-7.423000351991504e-05,0.37400001287460327,0.014499999582767487,0.38850000500679016,0.0215000007301569,0.06575000286102295,0.005499999970197678,-0.0012499999720603228,0.9648595452308655,-0.45338213443756104,-0.9678239226341248,-0.4660038352012634,-0.06958567
385,1585,-0.11421272296569307,-0.49518517496930853,0.004787277034306925,0.0328148250306915,0.03316218875765138,0.7177586650205976,0.890093207359314,0.362724632024765,-1.0,0.8860465288162231,0.3084745705127716,0.49799999594688416,-0.48662498593330383,0.13124999403953552,0.10175000131130219,0.002860710024833679,0.001164840068668127,0.00010278000263497233,-7.423000351991504e-05,0.35249999165534973,0.01549999974668026,0.36800000071525574,0.023250000551342964,0.04924999922513962,0.0062500000931322575,-0.000750000006519258,-0.9004535675048828,-0.9501630663871765,0.9525639414787292,-0.8384879231452942,0.0
386,1586,-0.1139864699591007,-0.49584143912581413,0.0050135300408993,0.03215856087418589,0.032547020154996054,0.7221877000195885,0.8971797227859497,0.3640929162502289,-1.0,0.8860465288162231,0.3084745705127716,0.4909999966621399,-0.4881249964237213,0.1459999978542328,0.08574999868869781,0.00026266000350005925,0.00023982000129763037,0.00017130000924225897,0.0,0.04399999976158142,0.014999999664723873,0.05900000035762787,0.0035000001080334187,0.016750000417232513,0.012249999679625034,0.0,-0.18390049040317535,-0.7909239530563354,-0.21704140305519104,0.3250790238380432,0.0
387,1587,-0.11599981846831453,-0.498872519350016,0.003000181531685464,0.02912748064998405,0.029281584968000995,0.7461595335632324,0.8977059125900269,0.36298060417175293,-1.0,0.8860465288162231,0.3084745705127716,0.48887500166893005,-0.4959999918937683,0.14637500047683716,0.09175000339746475,0.00011420000373618677,7.994000043254346e-05,8.565000462112948e-05,6.28100024187006e-05,0.017000000923871994,0.013000000268220901,0.029999999329447746,0.0010000000474974513,0.003000000026077032,0.0035000001080334187,0.0,0.6522440910339355,-0.34370818734169006,-0.9459050297737122,0.7799227237701416,0.0
388,1588,-0.1176517464587151,-0.4983657398583708,0.0013482535412848995,0.02963426014162923,0.02966491465946501,0.7433047576230085,0.893023669719696,0.35784319043159485,-1.0,0.8860465288162231,0.3084745705127716,0.500124990940094,-0.5033749938011169,0.1302500069141388,0.10637500137090683,0.0002169799990952015,9.707000572234392e-05,7.423000351991504e-05,0.0,0.027499999850988388,0.006500000134110451,0.03400000184774399,0.002749999985098839,0.004999999888241291,0.0005000000237487257,-0.0002500000118743628,-0.018398761749267578,-0.7691456079483032,0.6625635623931885,-0.8523256182670593,-0.12627907
389,1589,-0.1864227859585062,-0.47617044834252786,-0.0674227859585062,0.05182955165747216,0.08504195724124132,0.42723563805064446,0.8891819715499878,0.3587021231651306,-1.0,0.8860465288162231,0.3084745705127716,0.5007500052452087,-0.515749990940094,0.1420000046491623,0.10987500101327896,0.00011420000373618677,7.423000351991504e-05,7.994000043254346e-05,6.28100024187006e-05,0.016499999910593033,0.012500000186264515,0.028999999165534973,0.0010000000474974513,0.0010000000474974513,0.0017500000540167093,0.0002500000118743628,-0.7075744271278381,-0.6137477159500122,0.970369815826416,-0.1546570062637329,0.0
390,1590,-0.10654338790169157,-0.5007819875327336,0.012456612098308423,0.027218012467266406,0.0299330484186959,0.7413143762685251,0.7292493581771851,0.39632126688957214,-1.0,0.8860465288162231,0.3084745705127716,0.4880000054836273,-0.5267500281333923,0.16099999845027924,0.10737500339746475,0.0,6.851999933132902e-05,0.0,-6.851999933132902e-05,0.006000000052154064,0.006000000052154064,0.012000000104308128,0.0,0.0,0.0,-0.0005000000237487257,0.9287393093109131,0.9078255891799927,0.9572471380233765,0.19623176753520966,0.0
391,1591,-0.10840335512312135,-0.5032733998518618,0.010596644876878641,0.02472660014813821,0.02690155455605841,0.764131376705256,0.9150153994560242,0.3546068072319031,-1.0,0.8860465288162231,0.3084745705127716,0.5036249756813049,-0.518625020980835,0.17512500286102295,0.1106249988079071,0.00028550002025440335,0.00026837000041268766,0.0001256200048374012,6.28100024187006e-05,0.048500001430511475,0.016499999910593033,0.06499999761581421,0.0035000001080334187,0.017750000581145287,0.007499999832361937,0.0002500000118743628,0.9246570467948914,-0.3061104118824005,-0.9702507257461548,-0.9359604716300964,0.0
392,1592,-0.10865903707440278,-0.5060278029674523,0.010340962925597219,0.021972197032547713,0.024284006190611853,0.7843969586939981,0.9106898903846741,0.35038405656814575,-1.0,0.8860465288162231,0.3084745705127716,0.5173749923706055,-0.5232499837875366,0.15912500023841858,0.09337499737739563,0.0010677700629457831,0.00023411000438500196,8.565000462112948e-05,0.0,0.11400000005960464,0.007499999832361937,0.12150000035762787,0.010499999858438969,0.01575000025331974,0.0032500000670552254,-0.0002500000118743628,0.309859037399292,-0.8457693457603455,0.11550930142402649,-0.49316301941871643,-0.08317957
393,1593,-0.10513983028875121,-0.5074726670549852,0.013860169711248788,0.020527332945014853,0.024768441659904855,0.7806062507861365,0.9100952744483948,0.34571558237075806,-1.0,0.8860465288162231,0.3084745705127716,0.5258749723434448,-0.5354999899864197,0.15925000607967377,0.09687499701976776,0.00041683000745251775,0.00013133000175002962,0.00011991000064881518,6.28100024187006e-05,0.04800000041723251,0.01600000075995922,0.06400000303983688,0.004999999888241291,0.008750000037252903,0.007249999791383743,0.0002500000118743628,0.8108077645301819,0.08257833868265152,0.9953073263168335,-0.7416781783103943,0.0
394,1594,-0.10416639112352113,-0.5099610007418915,0.01483360887647886,0.01803899925810848,0.023354687892035524,0.7917204798689588,0.9182794690132141,0.34326666593551636,-1.0,0.8860465288162231,0.3084745705127716,0.5351250171661377,-0.5419999957084656,0.17162500321865082,0.0832500010728836,0.0019242700655013323,0.00041112001053988934,0.0003026300109922886,-7.423000351991504e-05,0.2045000046491623,0.032999999821186066,0.23749999701976776,0.016750000417232513,0.02474999986588955,0.019750000908970833,-0.0002500000118743628,0.31009626388549805,-0.7507322430610657,-0.9274312257766724,-0.645095944404602,-0.119660065
395,1595,-0.10842015341948816,-0.5112763295408367,0.010579846580511837,0.016723670459163342,0.019789247264458056,0.8204580700813872,0.9205432534217834,0.33904916048049927,-1.0,0.8860465288162231,0.3084745705127716,0.5418750047683716,-0.550000011920929,0.1626249998807907,0.08662500232458115,0.0008393700118176639,0.0001884299999801442,9.13600015337579e-05,6.851999933132902e-05,0.09000000357627869,0.014000000432133675,0.10400000214576721,0.008999999612569809,0.012749999761581421,0.003000000026077032,0.0005000000237487257,0.550857663154602,-0.017710309475660324,-0.9664393663406372,0.12969782948493958,0.0
396,1596,-0.11200070305405235,-0.5113021338823132,0.006999296945947642,0.016697866117686866,0.01810549338244465,0.8343895212293082,0.9106507897377014,0.33681976795196533,-1.0,0.8860465288162231,0.3084745705127716,0.5508750081062317,-0.5529999732971191,0.14399999380111694,0.08900000154972076,0.001204809988848865,0.00026266000350005925,9.13600015337579e-05,6.28100024187006e-05,0.12849999964237213,0.013500000350177288,0.1420000046491623,0.011500000022351742,0.0182499997317791,0.0042500002309679985,0.0005000000237487257,0.08641181141138077,0.7973134517669678,-0.6284633278846741,-0.19417905807495117,0.0
397,1597,-0.1163675736471082,-0.5120114559999159,0.0026324263528917924,0.015988544000084093,0.016203802262000862,0.8504088691522151,0.9023239612579346,0.3367760479450226,-1.0,0.8860465288162231,0.3084745705127716,0.5527499914169312,-0.5526250004768372,0.132874995470047,0.08574999868869781,0.0010963199893012643,0.0011134500382468104,8.565000462112948e-05,-6.28100024187006e-05,0.19349999725818634,0.013000000268220901,0.20649999380111694,0.01075000036507845,0.04724999889731407,0.003000000026077032,-0.0002500000118743628,0.20420557260513306,-0.6698886156082153,-0.9886490106582642,-0.9318475127220154,0.0
398,1598,-0.1061533515199359,-0.5132372290518864,0.012846648480064088,0.014762770948113624,0.01956976707160309,0.8222607906194873,0.8921684622764587,0.33557379245758057,-1.0,0.8860465288162231,0.3084745705127716,0.5565000176429749,-0.5526250004768372,0.11437500268220901,0.06825000047683716,0.0010963199893012643,0.0003654400061350316,8.565000462112948e-05,0.0,0.12800000607967377,0.007499999832361937,0.1354999989271164,0.01075000036507845,0.02225000038743019,0.003000000026077032,0.0,-0.6883562803268433,-0.9316258430480957,-0.7287704944610596,0.0455031655728817,-0.01853962
399,1599,-0.13878821634801936,-0.5055916984429405,-0.01978821634801936,0.02240830155705953,0.02989490734068492,0.7415971754909921,0.9159224629402161,0.33349621295928955,-1.0,0.8860465288162231,0.3084745705127716,0.5488749742507935,-0.5591250061988831,0.10225000232458115,0.07199999690055847,8.565000462112948e-05,7.423000351991504e-05,1.7129999832832254e-05,5.7100000958598685e-06,0.014000000432133675,0.0020000000949949026,0.01600000075995922,0.0002500000118743628,0.0005000000237487257,0.0,0.0,-0.6011885404586792,-0.05394075810909271,-0.660869836807251,-0.9004459977149963,-0.23535791
400,1600,-0.1211788897841456,-0.5121277618937811,-0.002178889784145599,0.01587223810621896,0.01602109556778073,0.8519640433554658,0.840027391910553,0.3464547395706177,-1.0,0.8860465288162231,0.3084745705127716,0.5378749966621399,-0.5597500205039978,0.10587500035762787,0.07562500238418579,0.0,0.0,7.423000351991504e-05,6.28100024187006e-05,0.0,0.012000000104308128,0.012000000104308128,-0.0002500000118743628,-0.0002500000118743628,0.0002500000118743628,0.0002500000118743628,0.9678359627723694,0.014834349043667316,-0.014732669107615948,-0.7424284815788269,-0.022219881
