step,action_count,cube_x,cube_y,dist_to_goal_x,dist_to_goal_y,dist_to_goal,distance_reward,obs_cube_x_norm,obs_cube_y_norm,obs_cube_yaw_norm,obs_goal_x_norm,obs_goal_y_norm,obs_motor_16_pos_delta_norm,obs_motor_17_pos_delta_norm,obs_motor_18_pos_delta_norm,obs_motor_19_pos_delta_norm,obs_motor_16_current_norm,obs_motor_17_current_norm,obs_motor_18_current_norm,obs_motor_19_current_norm,obs_horizontal_tension_norm,obs_vertical_tension_norm,obs_total_tension_norm,obs_motor_16_target_error_norm,obs_motor_17_target_error_norm,obs_motor_18_target_error_norm,obs_motor_19_target_error_norm,action_m16,action_m17,action_m18,action_m19,total_safety_penalty
1,2401,-0.17204783271731539,-0.3206989469668233,-0.05304783271731539,0.20730105303317675,0.21398083826517794,0.11767738989092097,0.7720661759376526,0.6587890982627869,-1.0,0.8860465288162231,0.3084745705127716,0.0,0.0,0.0,0.0,0.0001484600070398301,0.00047964000259526074,0.00010278000263497233,0.0003026300109922886,0.054999999701976776,0.03550000116229057,0.09049999713897705,0.0020000000949949026,0.027249999344348907,0.004999999888241291,0.020250000059604645,-0.8507120013237,-0.8360440135002136,-0.8817602396011353,-0.0663168653845787,0.0
2,2402,-0.16390984484288937,-0.32326750789761527,-0.044909844842889374,0.20473249210238476,0.209600304117779,0.12294686102109735,0.7626794576644897,0.6598322987556458,-1.0,0.8860465288162231,0.3084745705127716,-0.015124999918043613,-0.0032500000670552254,-0.014000000432133675,0.0062500000931322575,9.707000572234392e-05,7.994000043254346e-05,0.0,9.707000572234392e-05,0.01549999974668026,0.008500000461935997,0.024000000208616257,0.0005000000237487257,0.0024999999441206455,0.0,0.005499999970197678,0.9116690158843994,0.9750753045082092,-0.5550569295883179,-0.862389326095581,-0.09060684
3,2403,-0.15829250854054225,-0.32605260224811267,-0.039292508540542254,0.20194739775188736,0.2057344227059915,0.12779290857204262,0.7816050052642822,0.6554787755012512,-1.0,0.8860465288162231,0.3084745705127716,-0.0013749999925494194,-0.000750000006519258,-0.010250000283122063,-0.00774999987334013,0.0006109700188972056,0.0006680700462311506,0.0,7.423000351991504e-05,0.1120000034570694,0.006500000134110451,0.1185000017285347,0.007000000216066837,0.03400000184774399,0.0,0.0012499999720603228,0.5080272555351257,0.6925514936447144,0.2073879987001419,-0.6040940284729004,-0.04155309
4,2404,-0.15482486242475416,-0.3253503942742994,-0.03582486242475416,0.20264960572570062,0.205791845000074,0.1277195480169384,0.7946685552597046,0.6507583260536194,-1.0,0.8860465288162231,0.3084745705127716,0.006750000175088644,-0.0008750000270083547,-0.0062500000931322575,-0.01887499913573265,0.0009478600113652647,0.00107919005677104,5.7100000958598685e-06,6.851999933132902e-05,0.17749999463558197,0.006500000134110451,0.18400000035762787,0.009750000201165676,0.04699999839067459,-0.0002500000118743628,0.0010000000474974513,-0.036196086555719376,0.3698230981826782,-0.0920746847987175,-0.8859707117080688,-0.03504896
5,2405,-0.1522144831323103,-0.32479557278273224,-0.03321448313231032,0.20320442721726778,0.20590104693867975,0.12758015191999808,0.8027328848838806,0.6519485116004944,-1.0,0.8860465288162231,0.3084745705127716,0.006750000175088644,0.0024999999441206455,-0.002624999964609742,-0.035750001668930054,0.0007879800396040082,0.001358980080112815,7.423000351991504e-05,6.851999933132902e-05,0.18799999356269836,0.012500000186264515,0.2004999965429306,0.008500000461935997,0.05400000140070915,0.0,0.0017500000540167093,-0.5961673855781555,-0.4256400763988495,-0.26998257637023926,-0.5595764517784119,-0.05639791
6,2406,-0.1532584076848014,-0.3242341302114813,-0.0342584076848014,0.20376586978851874,0.2066256716571531,0.12665901602310736,0.8088034987449646,0.652888834476471,-1.0,0.8860465288162231,0.3084745705127716,-0.0008750000270083547,0.0062500000931322575,0.0011249999515712261,-0.045625001192092896,0.0001256200048374012,0.0005767100374214351,0.0,6.851999933132902e-05,0.061500001698732376,0.006000000052154064,0.06750000268220901,0.001500000013038516,0.030750000849366188,0.0,0.000750000006519258,0.05885547399520874,-0.30632951855659485,-0.8212689757347107,0.22446280717849731,-0.12255228
7,2407,-0.15399575552710643,-0.32314462804059296,-0.03499575552710643,0.20485537195940706,0.2078230649507894,0.1251514531997339,0.8063758015632629,0.6538404822349548,-1.0,0.8860465288162231,0.3084745705127716,-0.0008750000270083547,0.0062500000931322575,0.004875000100582838,-0.04475000128149986,0.00026837000041268766,0.0003026300109922886,0.0,0.00010278000263497233,0.05000000074505806,0.008999999612569809,0.05900000035762787,0.0035000001080334187,0.019500000402331352,0.0,0.007249999791383743,-0.22691752016544342,0.2640134394168854,0.37289533019065857,-0.06816190481185913,0.0
8,2408,-0.1550378932571691,-0.3231646346466788,-0.03603789325716911,0.20483536535332125,0.20798138534456329,0.12495346969170348,0.8046610355377197,0.6556870937347412,-1.0,0.8860465288162231,0.3084745705127716,-0.003874999936670065,0.0063749998807907104,0.011749999597668648,-0.04475000128149986,0.00010848999954760075,0.0005196100100874901,0.0,8.565000462112948e-05,0.054999999701976776,0.007499999832361937,0.0625,0.0010000000474974513,0.028999999165534973,0.0,0.004749999847263098,0.7114516496658325,0.8771367073059082,-0.4332180321216583,0.5532112121582031,-0.07598617
9,2409,-0.15588218532246656,-0.3219045758711586,-0.036882185322466565,0.2060954241288414,0.2093695762067827,0.12323086125307765,0.8022374510765076,0.655653178691864,-1.0,0.8860465288162231,0.3084745705127716,0.004124999977648258,0.008999999612569809,0.01549999974668026,-0.038874998688697815,0.0011819700011983514,0.0014275000430643559,0.0,0.0001827200030675158,0.22849999368190765,0.01600000075995922,0.24449999630451202,0.011500000022351742,0.05649999901652336,0.0,0.013500000350177288,-0.7107377648353577,-0.9610028862953186,-0.21781772375106812,-0.1911744475364685,-0.050138127
10,2410,-0.1491995499206613,-0.3259898449961607,-0.030199549920661317,0.20201015500383934,0.20425502574009216,0.12969752667815146,0.8002740144729614,0.657788872718811,-1.0,0.8860465288162231,0.3084745705127716,-0.0042500002309679985,0.00925000011920929,0.01924999989569187,-0.038750000298023224,0.00013703999866265804,0.0003026300109922886,0.0,9.13600015337579e-05,0.03849999979138374,0.00800000037997961,0.04650000110268593,0.0017500000540167093,0.019999999552965164,0.0,0.0062500000931322575,0.28196990489959717,-0.9255248308181763,0.6921674013137817,-0.7825544476509094,0.0
11,2411,-0.14213790249735336,-0.3302025312286717,-0.02313790249735337,0.1977974687713283,0.1991461804412066,0.13649574944868179,0.8158149719238281,0.6508646607398987,-1.0,0.8860465288162231,0.3084745705127716,-0.0001250000059371814,-0.0002500000118743628,0.032249998301267624,-0.05025000125169754,0.0003026300109922886,9.707000572234392e-05,0.0,6.28100024187006e-05,0.03500000014901161,0.005499999970197678,0.04050000011920929,0.004000000189989805,0.0044999998062849045,-0.0002500000118743628,0.0,0.4699862599372864,-0.7415010333061218,-0.4435102045536041,-0.7563307285308838,-0.07722123
12,2412,-0.13423622318914458,-0.3361147932024781,-0.015236223189144582,0.1918852067975219,0.19248915575896003,0.14589157683268242,0.8322374224662781,0.6437245011329651,-1.0,0.8860465288162231,0.3084745705127716,0.009499999694526196,-0.013624999672174454,0.035999998450279236,-0.06449999660253525,0.0001541700039524585,8.565000462112948e-05,1.1420000191719737e-05,6.28100024187006e-05,0.020999999716877937,0.006500000134110451,0.027499999850988388,0.0022499999031424522,0.0035000001080334187,-0.0002500000118743628,0.0002500000118743628,0.6416172981262207,-0.9266863465309143,0.17092648148536682,-0.6921366453170776,-0.0034888228
13,2413,-0.1461026718077822,-0.331285315434349,-0.027102671807782197,0.196714684565651,0.19857296377625008,0.13728041259291224,0.8506134152412415,0.6337037682533264,-1.0,0.8860465288162231,0.3084745705127716,0.02212500013411045,-0.030375000089406967,0.03962500020861626,-0.07724999636411667,0.00010278000263497233,7.994000043254346e-05,0.0,0.0,0.01600000075995922,0.0,0.01600000075995922,0.0010000000474974513,0.0022499999031424522,0.0,0.0,-0.5330802798271179,-0.5829296112060547,0.7816863656044006,-0.33930158615112305,-0.0647162
14,2414,-0.18252580918836836,-0.314616257632359,-0.06352580918836837,0.21338374236764102,0.22263905753451432,0.1079172471834202,0.8230170607566833,0.6418892741203308,-1.0,0.8860465288162231,0.3084745705127716,0.012749999761581421,-0.0403750017285347,0.054249998182058334,-0.07374999672174454,8.565000462112948e-05,7.423000351991504e-05,0.0,6.28100024187006e-05,0.014000000432133675,0.005499999970197678,0.019500000402331352,0.0,0.0005000000237487257,0.0,0.0005000000237487257,-0.6851773858070374,-0.5608559846878052,0.9876462817192078,0.6497762799263,0.0
15,2415,-0.13495658195628077,-0.3356207882399754,-0.015956581956280774,0.19237921176002465,0.19303982393572552,0.14509040626668432,0.7383120656013489,0.6701419353485107,-1.0,0.8860465288162231,0.3084745705127716,0.0,-0.05062500014901161,0.0728750005364418,-0.061500001698732376,3.425999966566451e-05,0.0,-1.1420000191719737e-05,6.851999933132902e-05,0.003000000026077032,0.007000000216066837,0.009999999776482582,0.0,0.0,-0.0002500000118743628,0.0002500000118743628,0.9289729595184326,-0.8937954306602478,-0.6903767585754395,-0.9660112261772156,-0.23810066
16,2416,-0.1769269749357848,-0.32072468748477734,-0.0579269749357848,0.2072753125152227,0.21521754018549294,0.11623103334410646,0.8489381670951843,0.6345410346984863,-1.0,0.8860465288162231,0.3084745705127716,0.017124999314546585,-0.048624999821186066,0.07649999856948853,-0.0794999971985817,0.00010278000263497233,8.565000462112948e-05,0.0,0.0,0.016499999910593033,0.0,0.016499999910593033,0.0005000000237487257,0.0035000001080334187,0.0,0.0002500000118743628,0.08146299421787262,-0.8437297344207764,-0.9651175141334534,0.9134355187416077,-0.13981411
17,2417,-0.18597881037400316,-0.31568284259043367,-0.06697881037400316,0.21231715740956636,0.22263139124929182,0.10792552074452691,0.7513326406478882,0.6597886681556702,-1.0,0.8860465288162231,0.3084745705127716,0.01887499913573265,-0.06262499839067459,0.08025000244379044,-0.06224999949336052,8.565000462112948e-05,6.851999933132902e-05,0.0,0.0,0.013500000350177288,0.0,0.013500000350177288,0.0,0.0,0.0,0.0,-0.9540618062019348,-0.8515478372573853,0.26391375064849854,-0.49285978078842163,-0.08314318
18,2418,-0.1680749070632067,-0.32941617484568597,-0.04907490706320672,0.19858382515431405,0.20455777207474066,0.12930546594420825,0.7302818298339844,0.6683341860771179,-1.0,0.8860465288162231,0.3084745705127716,0.0010000000474974513,-0.07850000262260437,0.08512499928474426,-0.05887499824166298,0.0,7.423000351991504e-05,0.0,6.851999933132902e-05,0.006500000134110451,0.006000000052154064,0.012500000186264515,0.0,0.0,0.0,0.000750000006519258,0.9326715469360352,0.06678697466850281,-0.81727534532547,0.49940580129623413,-0.12207305
19,2419,-0.15083549023346138,-0.341072749395186,-0.03183549023346138,0.18692725060481402,0.18961881619997464,0.15013983857519417,0.7719188332557678,0.6450573205947876,-1.0,0.8860465288162231,0.3084745705127716,0.01837499998509884,-0.07850000262260437,0.08874999731779099,-0.04962500184774399,8.565000462112948e-05,7.994000043254346e-05,5.7100000958598685e-06,6.851999933132902e-05,0.014499999582767487,0.006500000134110451,0.020999999716877937,0.0,0.0024999999441206455,0.0002500000118743628,0.000750000006519258,-0.07231075316667557,-0.43093717098236084,0.9244285225868225,-0.10572995990514755,0.0
20,2420,-0.15078182375002236,-0.33753593481757715,-0.031781823750022364,0.19046406518242287,0.19309749984578184,0.1450067481820655,0.8120104670524597,0.625300407409668,-1.0,0.8860465288162231,0.3084745705127716,0.017249999567866325,-0.08574999868869781,0.10387499630451202,-0.051249999552965164,0.0,7.994000043254346e-05,9.707000572234392e-05,6.851999933132902e-05,0.007000000216066837,0.014499999582767487,0.0215000007301569,-0.0002500000118743628,0.0010000000474974513,0.0044999998062849045,0.0002500000118743628,0.5821782350540161,0.7693751454353333,-0.7006999850273132,0.06869877129793167,0.0
21,2421,-0.1548501566263672,-0.33859992033218234,-0.0358501566263672,0.1894000796678177,0.19276312901670473,0.14549241996806866,0.8121352791786194,0.6312950253486633,-1.0,0.8860465288162231,0.3084745705127716,0.02800000086426735,-0.07137499749660492,0.09274999797344208,-0.05087500065565109,9.13600015337579e-05,7.994000043254346e-05,6.851999933132902e-05,7.423000351991504e-05,0.014999999664723873,0.012500000186264515,0.027499999850988388,0.0,0.0010000000474974513,0.0005000000237487257,0.0020000000949949026,0.1018587127327919,0.06625035405158997,0.020452866330742836,0.8288772702217102,0.0
22,2422,-0.15763147688520235,-0.34027882320924696,-0.038631476885202354,0.18772117679075306,0.19165497964320438,0.1471136595962421,0.8026740550994873,0.6294916868209839,-1.0,0.8860465288162231,0.3084745705127716,0.029750000685453415,-0.07137499749660492,0.0923750028014183,-0.042249999940395355,9.707000572234392e-05,8.565000462112948e-05,8.565000462112948e-05,0.00022269001055974513,0.01600000075995922,0.027000000700354576,0.0430000014603138,0.0002500000118743628,0.0032500000670552254,0.0020000000949949026,0.01575000025331974,0.26608574390411377,-0.9285458922386169,-0.350199431180954,0.43501004576683044,0.0
23,2423,-0.15993897980363453,-0.33965924639746686,-0.040938979803634534,0.18834075360253316,0.19273878575661024,0.14552784187752807,0.7962058782577515,0.6266460418701172,-1.0,0.8860465288162231,0.3084745705127716,0.03474999964237213,-0.08787500113248825,0.08624999970197678,-0.03137499839067459,0.0,7.423000351991504e-05,7.994000043254346e-05,0.00014275001012720168,0.006500000134110451,0.019500000402331352,0.026000000536441803,0.0,0.001500000013038516,0.0012499999720603228,0.010250000283122063,-0.2591596841812134,-0.38879334926605225,-0.4257732033729553,-0.47905847430229187,-0.055099163
24,2424,-0.15895836817712877,-0.34146240825950414,-0.03995836817712878,0.1865375917404959,0.190769348480627,0.14842233045479636,0.7908395528793335,0.6276962161064148,-1.0,0.8860465288162231,0.3084745705127716,0.03849999979138374,-0.09437499940395355,0.07900000363588333,-0.03500000014901161,0.0,0.0,0.0,-6.28100024187006e-05,0.0,0.005499999970197678,0.005499999970197678,0.0,0.0,0.0,-0.0002500000118743628,-0.7226346731185913,-0.6964501142501831,-0.8586812019348145,0.8547014594078064,-0.34533197
25,2425,-0.1572217724560297,-0.3430459352046811,-0.0382217724560297,0.18495406479531895,0.1888621454235643,0.1512802118520994,0.7931200861930847,0.6246399879455566,-1.0,0.8860465288162231,0.3084745705127716,0.042249999940395355,-0.0923750028014183,0.08062499761581421,-0.023874999955296516,0.0,8.565000462112948e-05,9.707000572234392e-05,0.00013133000175002962,0.007499999832361937,0.019999999552965164,0.027499999850988388,0.0,0.0035000001080334187,0.0042500002309679985,0.009499999694526196,-0.765652596950531,-0.3313027620315552,0.30720067024230957,-0.09022683650255203,0.0
26,2426,-0.1449747532147122,-0.3486712746734787,-0.02597475321471221,0.17932872532652133,0.18120010908330086,0.16332697745672042,0.7971586585044861,0.6219560503959656,-1.0,0.8860465288162231,0.3084745705127716,0.02812499925494194,-0.09712500125169754,0.08387500047683716,-0.023874999955296516,0.0,7.423000351991504e-05,0.0001484600070398301,9.707000572234392e-05,0.006500000134110451,0.0215000007301569,0.02800000086426735,-0.0002500000118743628,0.000750000006519258,0.00925000011920929,0.0062500000931322575,0.586650013923645,-0.08130725473165512,0.08244039118289948,-0.6041077375411987,0.0
27,2427,-0.1440932123079897,-0.34905969989080166,-0.025093212307989693,0.17894030010919837,0.18069117384948225,0.1641603247916873,0.825640082359314,0.6124215722084045,-1.0,0.8860465288162231,0.3084745705127716,0.038750000298023224,-0.09825000166893005,0.08937499672174454,-0.03212499991059303,9.707000572234392e-05,0.0,7.994000043254346e-05,6.28100024187006e-05,0.008500000461935997,0.012500000186264515,0.020999999716877937,0.0002500000118743628,0.0,0.0012499999720603228,0.0002500000118743628,0.7270045876502991,0.3800908625125885,-0.9039911031723022,-0.4685216546058655,0.0
28,2428,-0.144845894160283,-0.3490300802764633,-0.025845894160283017,0.1789699197235367,0.18082655338968812,0.1639382356643233,0.8276901841163635,0.6117632389068604,-1.0,0.8860465288162231,0.3084745705127716,0.05225000157952309,-0.09262499958276749,0.07312499731779099,-0.04075000062584877,9.707000572234392e-05,8.565000462112948e-05,0.0,0.0,0.01600000075995922,0.0,0.01600000075995922,0.0005000000237487257,0.003000000026077032,0.0,0.0,-0.7024805545806885,-0.9669293165206909,-0.007299412973225117,-0.8526967763900757,-0.15119955
29,2429,-0.15725364236503353,-0.3478320682073307,-0.038253642365033536,0.18016793179266932,0.18418421430904394,0.15852513099014973,0.8259397745132446,0.6118134260177612,-1.0,0.8860465288162231,0.3084745705127716,0.039374999701976776,-0.109375,0.0768750011920929,-0.03712499886751175,0.0,7.994000043254346e-05,0.0,6.28100024187006e-05,0.007000000216066837,0.005499999970197678,0.012500000186264515,0.0,0.0002500000118743628,0.0,0.0002500000118743628,0.16954971849918365,-0.3210752010345459,0.8551110029220581,0.82839035987854,-0.0036540343
30,2430,-0.16967274736481958,-0.3419977194035273,-0.05067274736481958,0.18600228059647272,0.1927811601598761,0.14546618838651879,0.7970845699310303,0.6138439774513245,-1.0,0.8860465288162231,0.3084745705127716,0.04312499985098839,-0.11562500149011612,0.09125000238418579,-0.023499999195337296,1.1420000191719737e-05,7.423000351991504e-05,8.565000462112948e-05,8.565000462112948e-05,0.007499999832361937,0.014999999664723873,0.02250000089406967,0.0,0.000750000006519258,0.0032500000670552254,0.004000000189989805,0.12142104655504227,-0.963026762008667,-0.4759223461151123,0.06647512316703796,-0.009429475
31,2431,-0.16516219051793296,-0.3447412537882003,-0.046162190517932966,0.18325874621179972,0.18898337465643575,0.1510969271315622,0.7682029008865356,0.6237326860427856,-1.0,0.8860465288162231,0.3084745705127716,0.04675000160932541,-0.13324999809265137,0.08399999886751175,-0.020749999210238457,8.565000462112948e-05,0.0,0.0,6.851999933132902e-05,0.007499999832361937,0.006000000052154064,0.013500000350177288,0.0002500000118743628,0.0,0.0,0.000750000006519258,-0.0808863714337349,-0.9933902025222778,-0.3280843496322632,-0.15299054980278015,-0.20657697
32,2432,-0.17689395119276935,-0.3393119935512029,-0.057893951192769355,0.18868800644879713,0.1973698897054261,0.13894197249837825,0.7786926031112671,0.6190826296806335,-1.0,0.8860465288162231,0.3084745705127716,0.045375000685453415,-0.12937499582767487,0.08762499690055847,-0.023000000044703484,0.0,0.0,7.423000351991504e-05,0.0,0.0,0.006500000134110451,0.006500000134110451,0.0,-0.0002500000118743628,0.0002500000118743628,-0.0002500000118743628,-0.8657884001731873,-0.04593103751540184,-0.958392858505249,0.2719525396823883,-0.15740633
33,2433,-0.16304147055033813,-0.3450284599143087,-0.044041470550338135,0.18297154008569133,0.18819733156866505,0.15228929420325762,0.7514094114303589,0.628284752368927,-1.0,0.8860465288162231,0.3084745705127716,0.04912500083446503,-0.12562499940395355,0.06987500190734863,-0.01837499998509884,2.8550000934046693e-05,0.0,0.0,6.851999933132902e-05,0.0024999999441206455,0.006000000052154064,0.008500000461935997,0.0,-0.0002500000118743628,0.0,0.0005000000237487257,-0.25132080912590027,0.4377896785736084,-0.3177788555622101,-0.7555663585662842,-0.11629197
34,2434,-0.1558094399875981,-0.34519658134960113,-0.036809439987598114,0.1828034186503989,0.18647258442589784,0.15493868139174716,0.7836244702339172,0.6185958385467529,-1.0,0.8860465288162231,0.3084745705127716,0.05287500098347664,-0.11762499809265137,0.07362499833106995,-0.032249998301267624,3.425999966566451e-05,0.0,0.0,0.0,0.003000000026077032,0.0,0.003000000026077032,0.0,0.0,0.0,0.0,-0.6615757942199707,0.720943808555603,-0.37009358406066895,0.5421479940414429,-0.17180035
35,2435,-0.1584826738447302,-0.345173873053193,-0.0394826738447302,0.182826126946807,0.18704083572391172,0.15406073715085547,0.800443172454834,0.6183108687400818,-1.0,0.8860465288162231,0.3084745705127716,0.05649999901652336,-0.1042499989271164,0.07737500220537186,-0.02212500013411045,8.565000462112948e-05,7.423000351991504e-05,0.0,6.28100024187006e-05,0.014000000432133675,0.005499999970197678,0.019500000402331352,0.0002500000118743628,0.0002500000118743628,0.0,0.0,0.13284581899642944,0.4352700114250183,0.5311053991317749,0.8040265440940857,0.0
36,2436,-0.15643236990944392,-0.3451108582941245,-0.03743236990944393,0.1828891417058755,0.1866805305085382,0.15461682723083714,0.794226348400116,0.6183493733406067,-1.0,0.8860465288162231,0.3084745705127716,0.05887499824166298,-0.10012499988079071,0.08112499862909317,-0.016124999150633812,8.565000462112948e-05,0.00011991000064881518,0.0001884299999801442,0.0002512400096748024,0.017999999225139618,0.03849999979138374,0.05649999901652336,0.0002500000118743628,0.008249999955296516,0.012249999679625034,0.017999999225139618,0.2667061388492584,0.9441275000572205,0.6178327798843384,-0.0831686332821846,0.0
37,2437,-0.16165496974902616,-0.34423789533999416,-0.04265496974902616,0.18376210466000586,0.18864770752215698,0.15160496203293267,0.7989944815635681,0.6184561848640442,-1.0,0.8860465288162231,0.3084745705127716,0.06337500363588333,-0.09149999916553497,0.0846249982714653,-0.016499999910593033,0.00011991000064881518,0.00043967002420686185,0.0005196100100874901,0.00022840000747237355,0.04899999871850014,0.06549999862909317,0.1145000010728836,0.0012499999720603228,0.026249999180436134,0.02824999950826168,0.01575000025331974,-0.7886105179786682,-0.9412380456924438,-0.9859498739242554,0.9775086045265198,0.0
38,2438,-0.16786071931158703,-0.345742790683081,-0.04886071931158703,0.18225720931691902,0.18869303177286895,0.15153626378950716,0.7868489027023315,0.6199357509613037,-1.0,0.8860465288162231,0.3084745705127716,0.04924999922513962,-0.09749999642372131,0.0768750011920929,-0.007375000044703484,0.0,8.565000462112948e-05,0.00011991000064881518,0.000673780043143779,0.007499999832361937,0.06949999928474426,0.07699999958276749,0.0,0.003000000026077032,0.007000000216066837,0.03400000184774399,-0.09474186599254608,-0.7171056270599365,-0.9431472420692444,0.3971900939941406,-0.035369027
39,2439,-0.17007086681691153,-0.3439180062582923,-0.05107086681691153,0.18408199374170775,0.19103511158253828,0.14802840235507878,0.7724169492721558,0.6173850893974304,-1.0,0.8860465288162231,0.3084745705127716,0.05299999937415123,-0.11025000363588333,0.061500001698732376,0.00912499986588955,0.0,7.423000351991504e-05,7.994000043254346e-05,0.00022269001055974513,0.006500000134110451,0.026499999687075615,0.032999999821186066,0.0,0.0017500000540167093,0.0024999999441206455,0.01575000025331974,0.34676694869995117,-0.9587094187736511,-0.9833450317382812,-0.7467679381370544,0.0
40,2440,-0.18023424045771597,-0.34023587870057764,-0.06123424045771597,0.18776412129942238,0.19749682896638515,0.138765712480577,0.7672770619392395,0.6204779744148254,-1.0,0.8860465288162231,0.3084745705127716,0.05937499925494194,-0.12712499499320984,0.04437499865889549,0.0031250000465661287,8.565000462112948e-05,0.0,0.0,-3.997000021627173e-05,0.007499999832361937,0.0035000001080334187,0.010999999940395355,0.0002500000118743628,-0.0002500000118743628,0.0,-0.0002500000118743628,0.2886110544204712,0.3565729260444641,-0.9752792119979858,0.605774998664856,-0.14103352
41,2441,-0.1849124310069878,-0.33899811964962945,-0.06591243100698779,0.18900188035037058,0.2001653300080379,0.1351117182628784,0.7436413168907166,0.6267188787460327,-1.0,0.8860465288162231,0.3084745705127716,0.06499999761581421,-0.12099999934434891,0.04800000041723251,0.013749999925494194,0.0,7.994000043254346e-05,7.423000351991504e-05,6.28100024187006e-05,0.007000000216066837,0.012000000104308128,0.01899999938905239,-0.0002500000118743628,0.000750000006519258,0.0002500000118743628,0.0010000000474974513,0.060807231813669205,-0.7162503004074097,-0.7913601398468018,0.09580764919519424,-0.016703134
42,2442,-0.17404779600044096,-0.3449009743129628,-0.05504779600044096,0.18309902568703723,0.1911949608437641,0.1477919690662866,0.732761800289154,0.6288167238235474,-1.0,0.8860465288162231,0.3084745705127716,0.06849999725818634,-0.1341249942779541,0.03350000083446503,0.01549999974668026,8.565000462112948e-05,7.423000351991504e-05,0.0,6.851999933132902e-05,0.014000000432133675,0.006000000052154064,0.019999999552965164,0.0002500000118743628,0.0002500000118743628,-0.0002500000118743628,0.0010000000474974513,-0.8123123049736023,0.7180992364883423,-0.02480453997850418,0.6743890047073364,-0.026976548
43,2443,-0.18537852468894456,-0.3391409610783937,-0.06637852468894456,0.18885903892160633,0.2001845276795228,0.13508578244868455,0.7580283880233765,0.6188119053840637,-1.0,0.8860465288162231,0.3084745705127716,0.05350000038743019,-0.12150000035762787,0.036125000566244125,0.026624999940395355,0.0,7.423000351991504e-05,8.565000462112948e-05,8.565000462112948e-05,0.006500000134110451,0.014999999664723873,0.0215000007301569,0.0,0.0017500000540167093,0.0020000000949949026,0.004000000189989805,0.22649860382080078,-0.9685107469558716,-0.8790775537490845,0.01255129650235176,0.0
44,2444,-0.18578413973846586,-0.3388619102335218,-0.06678413973846586,0.18913808976647822,0.20058249754432542,0.13454925006963092,0.7316778302192688,0.6285746693611145,-1.0,0.8860465288162231,0.3084745705127716,0.057500001043081284,-0.13887499272823334,0.020749999210238457,0.02812499925494194,9.13600015337579e-05,7.423000351991504e-05,0.0,6.851999933132902e-05,0.014499999582767487,0.006000000052154064,0.020500000566244125,0.0002500000118743628,0.0002500000118743628,0.0,0.0012499999720603228,-0.15126894414424896,-0.5588842630386353,-0.8455146551132202,-0.7450855374336243,-0.12546177
45,2445,-0.18541617479856592,-0.3390347453039355,-0.06641617479856593,0.1889652546960645,0.20029721854589544,0.13493363885216625,0.7307345867156982,0.6290476322174072,-1.0,0.8860465288162231,0.3084745705127716,0.054875001311302185,-0.14912499487400055,0.02449999935925007,0.014875000342726707,0.0,0.0,4.568000076687895e-05,0.0,0.0,0.004000000189989805,0.004000000189989805,0.0,0.0,0.0,0.0,0.35633087158203125,-0.438040554523468,-0.7538269758224487,0.5570570230484009,-0.19102411
46,2446,-0.1760252692911487,-0.3529076051538881,-0.057025269291148706,0.17509239484611194,0.18414458469006031,0.15858796634543798,0.7315902709960938,0.6287546753883362,-1.0,0.8860465288162231,0.3084745705127716,0.06162500008940697,-0.14550000429153442,0.02824999950826168,0.02525000087916851,0.0,6.851999933132902e-05,0.0,0.0,0.006000000052154064,0.0,0.006000000052154064,-0.0002500000118743628,0.0002500000118743628,0.0,0.0,-0.08102712780237198,-0.46203458309173584,0.5477744340896606,0.9943435192108154,-0.033723257
47,2447,-0.1772672082941577,-0.3520536971173203,-0.05826720829415771,0.1759463028826797,0.1853433814854969,0.15669816893440397,0.7534295916557312,0.6052413582801819,-1.0,0.8860465288162231,0.3084745705127716,0.06525000184774399,-0.15449999272823334,0.03750000149011612,0.042500000447034836,9.13600015337579e-05,7.423000351991504e-05,8.565000462112948e-05,7.423000351991504e-05,0.014499999582767487,0.014000000432133675,0.02850000001490116,0.0,0.0010000000474974513,0.0020000000949949026,0.002749999985098839,-0.9275883436203003,-0.9594187140464783,-0.6639756560325623,-0.9032765030860901,0.0
48,2448,-0.1771515961572555,-0.3521242077956818,-0.058151596157255514,0.1758757922043182,0.18524012097581088,0.1568600598326126,0.7505413889884949,0.6066886782646179,-1.0,0.8860465288162231,0.3084745705127716,0.04774999991059303,-0.1720000058412552,0.026125000789761543,0.027000000700354576,8.565000462112948e-05,7.423000351991504e-05,0.0,0.0,0.014000000432133675,0.0,0.014000000432133675,0.0002500000118743628,0.0002500000118743628,0.0,0.0,-0.2574143707752228,0.539741039276123,-0.750224769115448,0.12593615055084229,-0.12291465
49,2449,-0.1829392016471011,-0.3512335733564123,-0.0639392016471011,0.17676642664358772,0.18797497465250934,0.15262829673959966,0.7508102655410767,0.6065691113471985,-1.0,0.8860465288162231,0.3084745705127716,0.04312499985098839,-0.16175000369548798,0.029750000685453415,0.030625000596046448,0.0,0.0,2.8550000934046693e-05,6.28100024187006e-05,0.0,0.00800000037997961,0.00800000037997961,0.0,-0.0002500000118743628,0.0002500000118743628,0.0002500000118743628,0.6078287363052368,-0.7180221676826477,-0.9428006410598755,0.905260443687439,-0.24729876
50,2450,-0.1806720680659457,-0.3539735900298574,-0.06167206806594572,0.17402640997014263,0.1846310790377037,0.15781831851769484,0.7373507022857666,0.6080787181854248,-1.0,0.8860465288162231,0.3084745705127716,0.054375000298023224,-0.15837499499320984,0.033250000327825546,0.04675000160932541,9.13600015337579e-05,7.423000351991504e-05,7.423000351991504e-05,6.851999933132902e-05,0.014499999582767487,0.012500000186264515,0.027000000700354576,0.0002500000118743628,0.0005000000237487257,0.000750000006519258,0.0017500000540167093,-0.8238458633422852,-0.24828939139842987,-0.5678493976593018,0.8645039796829224,0.0
51,2451,-0.17124877884600037,-0.3562151437944906,-0.05224877884600038,0.17178485620550943,0.17955492672841314,0.16603622902754872,0.7426230907440186,0.6034346222877502,-1.0,0.8860465288162231,0.3084745705127716,0.039124999195337296,-0.1628749966621399,0.02250000089406967,0.06062500178813934,0.0,6.851999933132902e-05,7.423000351991504e-05,9.707000572234392e-05,0.006000000052154064,0.014999999664723873,0.020999999716877937,0.0,0.0002500000118743628,0.0010000000474974513,0.0062500000931322575,-0.9115260243415833,0.7065343856811523,-0.5676249265670776,-0.24334019422531128,-0.13338313
52,2452,-0.1809934652543067,-0.34913925506370047,-0.06199346525430671,0.17886074493629955,0.18929964557126075,0.15061980639262273,0.7645377516746521,0.5996353626251221,-1.0,0.8860465288162231,0.3084745705127716,0.04287499934434891,-0.1496250033378601,0.012374999932944775,0.05925000086426735,0.0,0.0,0.0,0.0,0.0,0.0,0.0,0.0,0.0,0.0,0.0,-0.704593300819397,0.9083446264266968,0.29953476786613464,0.10964079946279526,-0.11939431
53,2453,-0.18197115166710742,-0.34870465884517443,-0.06297115166710743,0.1792953411548256,0.19003206387898633,0.14952066940926187,0.7418756484985352,0.6116283535957336,-1.0,0.8860465288162231,0.3084745705127716,0.04662499949336052,-0.1353749930858612,0.014375000260770321,0.05962499976158142,7.994000043254346e-05,9.707000572234392e-05,0.00011420000373618677,0.00010278000263497233,0.01549999974668026,0.01899999938905239,0.03449999913573265,0.0,0.005499999970197678,0.007000000216066837,0.006750000175088644,-0.5408982038497925,-0.9905874729156494,-0.3467921316623688,-0.5146431922912598,0.0
54,2454,-0.18302047863019288,-0.35287993315757926,-0.06402047863019289,0.17512006684242076,0.186455516129003,0.15496512904290968,0.7396019697189331,0.6123650074005127,-1.0,0.8860465288162231,0.3084745705127716,0.0364999994635582,-0.15125000476837158,0.011374999769032001,0.05350000038743019,0.0,7.423000351991504e-05,0.0,-6.28100024187006e-05,0.006500000134110451,0.005499999970197678,0.012000000104308128,0.0,0.0002500000118743628,0.0,-0.0002500000118743628,-0.9329288005828857,-0.2860333323478699,0.7311302423477173,0.9298643469810486,-0.13595147
55,2455,-0.18380533395265736,-0.3516883682972541,-0.06480533395265736,0.17631163170274594,0.18784441110238062,0.15282770381047217,0.7371616959571838,0.6052882671356201,-1.0,0.8860465288162231,0.3084745705127716,0.04012500122189522,-0.15700000524520874,0.020375000312924385,0.06462500244379044,5.7100001868093386e-05,7.423000351991504e-05,0.0001484600070398301,0.00016558999777771533,0.011500000022351742,0.027499999850988388,0.039000000804662704,0.0002500000118743628,0.0012499999720603228,0.00925000011920929,0.012249999679625034,0.35193201899528503,0.5464671850204468,-0.7905154824256897,0.4255647361278534,0.0
56,2456,-0.18213316620609854,-0.3521952852609034,-0.06313316620609855,0.17580471473909665,0.18679693359287783,0.15443695318481138,0.735336422920227,0.6073078513145447,-1.0,0.8860465288162231,0.3084745705127716,0.04662499949336052,-0.14937500655651093,0.008999999612569809,0.07187499850988388,8.565000462112948e-05,0.00010848999954760075,8.565000462112948e-05,0.0001884299999801442,0.017000000923871994,0.024000000208616257,0.04100000113248825,0.0002500000118743628,0.0062500000931322575,0.0024999999441206455,0.013500000350177288,-0.8835068345069885,0.28071489930152893,0.013818249106407166,0.3470365107059479,0.0
57,2457,-0.18701367741119101,-0.34833211990903173,-0.06801367741119102,0.1796678800909683,0.19211040432880286,0.14644519101542072,0.7392252087593079,0.6064486503601074,-1.0,0.8860465288162231,0.3084745705127716,0.030249999836087227,-0.1457500010728836,0.008750000037252903,0.07412499934434891,0.0,0.0001484600070398301,8.565000462112948e-05,0.00034260001848451793,0.013000000268220901,0.03750000149011612,0.05050000175833702,0.0,0.009499999694526196,0.0035000001080334187,0.02199999988079071,0.7371069192886353,0.39922159910202026,-0.9778013229370117,0.12395548075437546,0.0
58,2458,-0.18531662738904892,-0.34727748685987536,-0.06631662738904892,0.18072251314012466,0.19250590075096524,0.14586714934505302,0.7278751730918884,0.6129963994026184,-1.0,0.8860465288162231,0.3084745705127716,0.04387500137090683,-0.13625000417232513,-0.008624999783933163,0.0820000022649765,7.994000043254346e-05,9.707000572234392e-05,8.565000462112948e-05,0.0001484600070398301,0.01549999974668026,0.020500000566244125,0.035999998450279236,0.0002500000118743628,0.005249999929219484,0.0017500000540167093,0.01075000036507845,-0.4455951452255249,0.9607245326042175,0.9239928126335144,0.19591687619686127,0.0
59,2459,-0.18516655294968382,-0.3471144204694857,-0.06616655294968382,0.18088557953051432,0.19260738721900916,0.14571918901969985,0.7318217754364014,0.6147839426994324,-1.0,0.8860465288162231,0.3084745705127716,0.035750001668930054,-0.12600000202655792,-0.004124999977648258,0.08150000125169754,0.0,0.00033117999555543065,0.0004967700224369764,0.0003368900215718895,0.028999999165534973,0.0729999989271164,0.10199999809265137,0.0,0.020749999210238457,0.027249999344348907,0.01899999938905239,-0.33634135127067566,-0.029516302049160004,0.7329497933387756,-0.25633877515792847,-0.06436097
60,2460,-0.1803521083609822,-0.3492026617484959,-0.061352108360982205,0.17879733825150412,0.18903060431094348,0.15102558142439787,0.732170820236206,0.6150603294372559,-1.0,0.8860465288162231,0.3084745705127716,0.039374999701976776,-0.12612499296665192,0.0010000000474974513,0.07999999821186066,9.13600015337579e-05,0.0003026300109922886,0.0010278000263497233,0.00017701000615488738,0.03449999913573265,0.1054999977350235,0.14000000059604645,0.0002500000118743628,0.019999999552965164,0.0442500002682209,0.012500000186264515,0.22080184519290924,-0.7489491701126099,0.1900482028722763,-0.9762755036354065,0.0
61,2461,-0.18073573256851294,-0.35318557425838726,-0.06173573256851295,0.17481442574161277,0.18539521062622086,0.15661697466287927,0.7433671951293945,0.6115208864212036,-1.0,0.8860465288162231,0.3084745705127716,0.04362500086426735,-0.13099999725818634,0.016499999910593033,0.06487499922513962,0.0,7.994000043254346e-05,0.0003197600017301738,9.707000572234392e-05,0.007000000216066837,0.0364999994635582,0.04349999874830246,0.0,0.0017500000540167093,0.020250000059604645,0.0062500000931322575,0.6104205846786499,-0.9740845561027527,0.8251012563705444,0.6392394304275513,0.0
62,2462,-0.18167062975419634,-0.353740534235063,-0.06267062975419635,0.174259465764937,0.1851863095438451,0.15694449119181525,0.7424750328063965,0.6047701835632324,-1.0,0.8860465288162231,0.3084745705127716,0.054875001311302185,-0.1509999930858612,0.0286250002682209,0.06525000184774399,8.565000462112948e-05,0.00010278000263497233,0.000491060025524348,0.0005310300039127469,0.016499999910593033,0.08950000256299973,0.10599999874830246,0.0002500000118743628,0.005249999929219484,0.026750000193715096,0.029249999672174454,0.37617161870002747,0.013443240895867348,-0.8629642128944397,0.3834254741668701,0.0
63,2463,-0.18264236367158843,-0.35315325969252453,-0.06364236367158843,0.1748467403074755,0.18606916200664875,0.15556500127654185,0.7403008341789246,0.6038296222686768,-1.0,0.8860465288162231,0.3084745705127716,0.06199999898672104,-0.1509999930858612,0.02212500013411045,0.07112500071525574,7.994000043254346e-05,0.00010278000263497233,0.0001256200048374012,0.0006052600219845772,0.01600000075995922,0.06400000303983688,0.07999999821186066,0.0,0.005750000011175871,0.007499999832361937,0.03175000101327896,-0.8626191020011902,0.022016819566488266,0.38675957918167114,0.6510517597198486,0.0
64,2464,-0.1811386872579392,-0.3518846034291714,-0.062138687257939196,0.17611539657082864,0.18675612269331418,0.15449999315737978,0.7380410432815552,0.604824960231781,-1.0,0.8860465288162231,0.3084745705127716,0.045875001698732376,-0.1511249989271164,0.02199999988079071,0.07437500357627869,0.0,0.00011420000373618677,0.0003768599999602884,0.0012162299826741219,0.009999999776482582,0.13950000703334808,0.14949999749660492,0.0,0.006750000175088644,0.02225000038743019,0.0494999997317791,0.5676177144050598,0.682773232460022,-0.9648887515068054,-0.4695014953613281,0.0
65,2465,-0.1827561022809538,-0.346771152280243,-0.0637561022809538,0.181228847719757,0.19211646421868772,0.14643631686698808,0.7415379285812378,0.606975257396698,-1.0,0.8860465288162231,0.3084745705127716,0.05637500062584877,-0.14112499356269836,0.012249999679625034,0.07487499713897705,8.565000462112948e-05,0.00017130000924225897,9.707000572234392e-05,0.0005767100374214351,0.02250000089406967,0.05900000035762787,0.08150000125169754,0.0002500000118743628,0.012249999679625034,0.005750000011175871,0.03099999949336052,0.5041321516036987,0.954424262046814,-0.9128851890563965,-0.7629982233047485,0.0
66,2466,-0.18295812156784613,-0.34715365001818393,-0.06395812156784614,0.1808463499818161,0.1918229486172937,0.14686676170544902,0.737776517868042,0.6156421303749084,-1.0,0.8860465288162231,0.3084745705127716,0.06575000286102295,-0.12075000256299973,-0.0031250000465661287,0.07462500035762787,8.565000462112948e-05,0.00011991000064881518,8.565000462112948e-05,7.994000043254346e-05,0.017999999225139618,0.014499999582767487,0.032499998807907104,0.0002500000118743628,0.007249999791383743,0.0024999999441206455,0.003000000026077032,0.9094886183738708,0.07785085588693619,0.5774132013320923,0.8599032759666443,0.0
67,2467,-0.18696420172035705,-0.3457808194573313,-0.06796420172035705,0.18221918054266872,0.194481265095451,0.14301401436746106,0.7373067140579224,0.6149938106536865,-1.0,0.8860465288162231,0.3084745705127716,0.08187499642372131,-0.12099999934434891,-0.001500000013038516,0.07662499696016312,0.0001541700039524585,0.0001598800008650869,0.00032546999864280224,0.0005824200343340635,0.027499999850988388,0.0794999971985817,0.10700000077486038,0.0020000000949949026,0.010499999858438969,0.020749999210238457,0.03099999949336052,-0.7334651947021484,0.5022825598716736,-0.6376957893371582,0.8437511920928955,0.0
68,2468,-0.189088679672285,-0.34167455002070735,-0.07008867967228499,0.18632544997929268,0.19907183710457405,0.13659726267266697,0.7279902100563049,0.6173206567764282,-1.0,0.8860465288162231,0.3084745705127716,0.0689999982714653,-0.11824999749660492,-0.008750000037252903,0.08425000309944153,8.565000462112948e-05,0.0003768599999602884,0.00017130000924225897,0.001136290025897324,0.04050000011920929,0.1145000010728836,0.1550000011920929,0.0002500000118743628,0.023749999701976776,0.011500000022351742,0.04724999889731407,-0.9601392149925232,0.9100630283355713,-0.781038761138916,0.6903938055038452,0.0
69,2469,-0.18827228261678847,-0.34200698944328384,-0.06927228261678847,0.1859930105567162,0.19847430341203104,0.13741592078342313,0.7230495810508728,0.6242804527282715,-1.0,0.8860465288162231,0.3084745705127716,0.05087500065565109,-0.10400000214576721,-0.02487500011920929,0.0923750028014183,9.13600015337579e-05,0.0005196100100874901,0.0002169799990952015,0.0015302799874916673,0.05350000038743019,0.15299999713897705,0.20649999380111694,0.0005000000237487257,0.029249999672174454,0.014499999582767487,0.05674999952316284,0.9146493673324585,-0.39776599407196045,-0.20398548245429993,-0.314660906791687,0.0
70,2470,-0.188045005152005,-0.34205582856607253,-0.06904500515200501,0.1859441714339275,0.1983493070990928,0.13758779301238927,0.7249481678009033,0.6237169504165649,-1.0,0.8860465288162231,0.3084745705127716,0.06687500327825546,-0.10400000214576721,-0.02512500062584877,0.0925000011920929,0.00019985000835731626,0.00020556000526994467,0.00011420000373618677,0.0010449300752952695,0.03550000116229057,0.1014999970793724,0.13699999451637268,0.002749999985098839,0.014499999582767487,0.007499999832361937,0.04475000128149986,-0.8126730918884277,-0.15867869555950165,0.1398797482252121,0.4353417456150055,0.0
71,2471,-0.19117441727312356,-0.3414817159897721,-0.07217441727312357,0.1865182840102279,0.1999955418974008,0.13534131675688157,0.7254767417907715,0.6236341595649719,-1.0,0.8860465288162231,0.3084745705127716,0.05312500149011612,-0.10400000214576721,-0.02512500062584877,0.0925000011920929,0.0,0.00013703999866265804,0.0001827200030675158,0.0017187100602313876,0.012000000104308128,0.1665000021457672,0.1784999966621399,0.0,0.008750000037252903,0.012500000186264515,0.061000000685453415,-0.9454203844070435,-0.16843006014823914,0.31926169991493225,0.3252389132976532,-0.15467772
72,2472,-0.1919956039982586,-0.34206474561504807,-0.0729956039982586,0.18593525438495195,0.19975053698618028,0.1356733161712061,0.7181990146636963,0.624607264995575,-1.0,0.8860465288162231,0.3084745705127716,0.05637500062584877,-0.10612499713897705,-0.02512500062584877,0.09462500363588333,9.707000572234392e-05,0.00011420000373618677,0.00041683000745251775,0.0018043600721284747,0.01850000023841858,0.19449999928474426,0.21299999952316284,0.0010000000474974513,0.006750000175088644,0.024250000715255737,0.06350000202655792,-0.11944577097892761,-0.5453158617019653,-0.6046613454818726,-0.8351792097091675,0.0
73,2473,-0.19047884122379394,-0.34669041812901624,-0.07147884122379394,0.18130958187098378,0.19489071096624208,0.1424296465423365,0.7162892818450928,0.6236190795898438,-1.0,0.8860465288162231,0.3084745705127716,0.054749999195337296,-0.11437500268220901,-0.026750000193715096,0.09525000303983688,0.0,8.565000462112948e-05,9.707000572234392e-05,0.0005938400281593204,0.007499999832361937,0.060499999672174454,0.06800000369548798,0.0,0.003000000026077032,0.004999999888241291,0.03099999949336052,0.8219283223152161,-0.4036535918712616,-0.9597854018211365,-0.12335346639156342,0.0
74,2474,-0.1933696939706887,-0.34885542632836775,-0.07436969397068871,0.17914457367163228,0.19396811505318284,0.14374977701126995,0.7198166251182556,0.615778923034668,-1.0,0.8860465288162231,0.3084745705127716,0.06949999928474426,-0.12137500196695328,-0.042500000447034836,0.10575000196695328,0.00011420000373618677,7.994000043254346e-05,7.423000351991504e-05,8.565000462112948e-05,0.017000000923871994,0.014000000432133675,0.03099999949336052,0.0012499999720603228,0.0020000000949949026,0.000750000006519258,0.005499999970197678,0.9522178173065186,-0.9227721691131592,0.5821752548217773,0.8620731234550476,0.0
75,2475,-0.1969092847136545,-0.35022878251580686,-0.07790928471365449,0.17777121748419317,0.19409395253434764,0.14356899967937464,0.7130937576293945,0.6121094226837158,-1.0,0.8860465288162231,0.3084745705127716,0.08762499690055847,-0.13987499475479126,-0.0377499982714653,0.11424999684095383,0.00010848999954760075,9.13600015337579e-05,0.00019414001144468784,0.0003140500048175454,0.017500000074505806,0.04450000077486038,0.06199999898672104,0.0005000000237487257,0.0044999998062849045,0.013000000268220901,0.020749999210238457,0.5114296078681946,-0.28945982456207275,-0.8349367380142212,0.8273844718933105,0.0
76,2476,-0.19212528140617158,-0.3509232481377198,-0.07312528140617158,0.17707675186228022,0.19158153050549354,0.14722175300264834,0.704862117767334,0.6097817420959473,-1.0,0.8860465288162231,0.3084745705127716,0.0963750034570694,-0.14550000429153442,-0.04874999821186066,0.12787500023841858,0.0001541700039524585,9.707000572234392e-05,9.13600015337579e-05,0.0003654400061350316,0.02199999988079071,0.03999999910593033,0.06199999898672104,0.0020000000949949026,0.004999999888241291,0.0037499999161809683,0.02449999935925007,-0.5711250305175781,0.4221734404563904,-0.8283073902130127,-0.8743395805358887,0.0
77,2477,-0.17945135751441318,-0.3590317923871079,-0.06045135751441319,0.1689682076128921,0.17945646215516678,0.1661997964066407,0.7159877419471741,0.6086046695709229,-1.0,0.8860465288162231,0.3084745705127716,0.08662500232458115,-0.13950000703334808,-0.06224999949336052,0.1236250028014183,9.13600015337579e-05,0.00013703999866265804,0.0,6.28100024187006e-05,0.019999999552965164,0.005499999970197678,0.025499999523162842,0.0002500000118743628,0.008750000037252903,-0.0002500000118743628,0.0002500000118743628,0.8203314542770386,-0.9222669005393982,-0.5687271356582642,-0.9803956747055054,-0.09224726
78,2478,-0.18423614742680655,-0.3563923013941599,-0.06523614742680656,0.17160769860584013,0.18358909867387252,0.15947135159108639,0.7454619407653809,0.5948613882064819,-1.0,0.8860465288162231,0.3084745705127716,0.10187499970197678,-0.15299999713897705,-0.05849999934434891,0.10525000095367432,0.00010278000263497233,7.994000043254346e-05,0.0,6.28100024187006e-05,0.01600000075995922,0.005499999970197678,0.0215000007301569,0.0005000000237487257,0.0012499999720603228,-0.0002500000118743628,0.0002500000118743628,-0.4377347528934479,-0.8670364022254944,-0.5205425024032593,-0.6421505808830261,-0.086465105
79,2479,-0.18924718090735299,-0.35517301765235076,-0.07024718090735299,0.17282698234764926,0.18655785229473737,0.1548066247890429,0.7343345284461975,0.5993350744247437,-1.0,0.8860465288162231,0.3084745705127716,0.09399999678134918,-0.16862499713897705,-0.054999999701976776,0.09350000321865082,0.0,7.423000351991504e-05,6.851999933132902e-05,0.0,0.006500000134110451,0.006000000052154064,0.012500000186264515,0.0,0.0,0.0002500000118743628,-0.0002500000118743628,-0.45609235763549805,-0.4856722354888916,0.19446724653244019,-0.7081280946731567,-0.18770647
80,2480,-0.1804912707013726,-0.3582706191406796,-0.06149127070137261,0.16972938085932043,0.18052489883491898,0.164433509451618,0.7226809859275818,0.601401686668396,-1.0,0.8860465288162231,0.3084745705127716,0.0976250022649765,-0.17762500047683716,-0.051249999552965164,0.09712500125169754,9.13600015337579e-05,0.0,0.0,0.0,0.00800000037997961,0.0,0.00800000037997961,0.0002500000118743628,0.0,0.0,0.0,0.1252659559249878,0.958544135093689,-0.13394716382026672,-0.5044973492622375,-0.12461335
81,2481,-0.17899998697046154,-0.35698166941746745,-0.05999998697046155,0.17101833058253257,0.18123815225192502,0.16326485451679446,0.7430435419082642,0.5961514711380005,-1.0,0.8860465288162231,0.3084745705127716,0.09974999725818634,-0.1616249978542328,-0.04749999940395355,0.10012499988079071,8.565000462112948e-05,9.13600015337579e-05,0.0,6.851999933132902e-05,0.01549999974668026,0.006000000052154064,0.0215000007301569,0.0005000000237487257,0.0037499999161809683,0.0,0.001500000013038516,-0.08994776755571365,0.47580915689468384,-0.9884322881698608,-0.3260837197303772,-0.14261189
82,2482,-0.21553430017343778,-0.338095794287496,-0.09653430017343778,0.18990420571250405,0.2130316372214992,0.11879970298119706,0.7465116381645203,0.5983361601829529,-1.0,0.8860465288162231,0.3084745705127716,0.09825000166893005,-0.1536249965429306,-0.04374999925494194,0.09487500041723251,9.707000572234392e-05,0.00010278000263497233,0.0,1.7129999832832254e-05,0.017500000074505806,0.001500000013038516,0.01899999938905239,0.0002500000118743628,0.005499999970197678,0.0,0.0,-0.876449465751648,-0.8373110294342041,-0.8649591207504272,0.5861947536468506,-0.1277951
83,2483,-0.19568858256339478,-0.3543551072327596,-0.07668858256339478,0.17364489276724043,0.1898254131556917,0.14982997443453433,0.6615481376647949,0.6303461194038391,-1.0,0.8860465288162231,0.3084745705127716,0.0820000022649765,-0.1665000021457672,-0.03999999910593033,0.10575000196695328,0.0,7.423000351991504e-05,0.0,6.28100024187006e-05,0.006500000134110451,0.005499999970197678,0.012000000104308128,0.0,0.0,0.0,0.0,0.8367926478385925,0.1440703272819519,0.6815065145492554,0.9441626667976379,0.0
84,2484,-0.19648234910381873,-0.35395689834012517,-0.07748234910381874,0.17404310165987485,0.19051119562386765,0.14880598193149405,0.7077009677886963,0.602787971496582,-1.0,0.8860465288162231,0.3084745705127716,0.0976250022649765,-0.16587500274181366,-0.03162499889731407,0.11699999868869781,0.0,9.13600015337579e-05,0.0001484600070398301,0.00017130000924225897,0.00800000037997961,0.02800000086426735,0.035999998450279236,0.0,0.004000000189989805,0.008750000037252903,0.012749999761581421,0.16742749512195587,0.6559710502624512,-0.9826709628105164,0.7867926955223083,-0.0039087012
85,2485,-0.1847246500876186,-0.35911707544722066,-0.0657246500876186,0.16888292455277937,0.18122133382866287,0.1632923154002445,0.7058550119400024,0.6034628748893738,-1.0,0.8860465288162231,0.3084745705127716,0.10087499767541885,-0.15837499499320984,-0.04712500050663948,0.1289999932050705,0.00011991000064881518,0.00023411000438500196,8.565000462112948e-05,0.00025695000658743083,0.03099999949336052,0.029999999329447746,0.061000000685453415,0.0010000000474974513,0.013500000350177288,0.003000000026077032,0.0182499997317791,-0.26840445399284363,-0.6843267679214478,-0.9157440662384033,-0.9310535192489624,0.0
86,2486,-0.22708269797940034,-0.3378731163076998,-0.10808269797940034,0.19012688369230024,0.2187009407959914,0.11225194692576829,0.7331984639167786,0.5947168469429016,-1.0,0.8860465288162231,0.3084745705127716,0.0963750034570694,-0.16449999809265137,-0.06262499839067459,0.12099999934434891,0.0,6.851999933132902e-05,0.0,-6.28100024187006e-05,0.006000000052154064,0.005499999970197678,0.011500000022351742,0.0,0.0002500000118743628,-0.0002500000118743628,-0.0005000000237487257,0.3413403332233429,-0.8981505632400513,-0.9681979417800903,0.8645581007003784,-0.14018376
87,2487,-0.19288729243422703,-0.3596235353792888,-0.07388729243422704,0.1683764646207112,0.18387486457216112,0.15901628736955867,0.6346914172172546,0.6307235360145569,-1.0,0.8860465288162231,0.3084745705127716,0.10275000333786011,-0.1811250001192093,-0.05900000035762787,0.13699999451637268,9.13600015337579e-05,1.1420000191719737e-05,7.423000351991504e-05,0.0,0.008999999612569809,0.006500000134110451,0.01549999974668026,0.0,0.0,0.0,-0.0002500000118743628,0.5665469169616699,0.8637176752090454,-0.9837492108345032,-0.4010655879974365,-0.07212787
88,2488,-0.1897694377792083,-0.358984532363216,-0.0707694377792083,0.16901546763678404,0.1832335712255427,0.1600393250707608,0.7142155766487122,0.5938584208488464,-1.0,0.8860465288162231,0.3084745705127716,0.11249999701976776,-0.16962499916553497,-0.07750000059604645,0.13887499272823334,0.0001256200048374012,0.00014275001012720168,7.423000351991504e-05,7.423000351991504e-05,0.023499999195337296,0.013000000268220901,0.0364999994635582,0.001500000013038516,0.00925000011920929,0.0002500000118743628,0.0035000001080334187,0.8924149870872498,0.7666609287261963,0.7375667691230774,-0.6164030432701111,0.0
89,2489,-0.18904549783918773,-0.3555646952006278,-0.07004549783918773,0.17243530479937225,0.18611906433461367,0.15548739008591225,0.7214664220809937,0.5949414968490601,-1.0,0.8860465288162231,0.3084745705127716,0.12787500023841858,-0.16374999284744263,-0.06350000202655792,0.12849999964237213,0.0003368900215718895,0.00043967002420686185,0.0,6.851999933132902e-05,0.06800000369548798,0.006000000052154064,0.07400000095367432,0.004000000189989805,0.026000000536441803,-0.0002500000118743628,0.0012499999720603228,-0.757056713104248,0.6561934351921082,-0.06393280625343323,-0.46350517868995667,-0.03167194
90,2490,-0.18496623579414473,-0.3591165781155851,-0.06596623579414473,0.1688834218844149,0.1813095542221589,0.16314832180224803,0.7231500148773193,0.6007378101348877,-1.0,0.8860465288162231,0.3084745705127716,0.11500000208616257,-0.14937500655651093,-0.05974999815225601,0.11999999731779099,0.0001256200048374012,0.00035973000922240317,0.0,6.851999933132902e-05,0.042500000447034836,0.006000000052154064,0.048500001430511475,0.001500000013038516,0.02174999937415123,-0.0002500000118743628,0.0010000000474974513,0.6579627990722656,-0.7905475497245789,-0.6896811723709106,-0.4768103361129761,-0.106761746
91,2491,-0.17900165054883127,-0.3609557154419546,-0.060001650548831276,0.16704428455804543,0.17749363670873758,0.16949423456814236,0.7326366901397705,0.5947176814079285,-1.0,0.8860465288162231,0.3084745705127716,0.1262499988079071,-0.15625,-0.05624999850988388,0.11124999821186066,0.0003026300109922886,0.00010278000263497233,7.423000351991504e-05,6.851999933132902e-05,0.03550000116229057,0.012500000186264515,0.04800000041723251,0.0035000001080334187,0.006000000052154064,0.0002500000118743628,0.000750000006519258,0.49176469445228577,-0.17705370485782623,-0.958566427230835,-0.8862383365631104,0.0
92,2492,-0.1801739822387301,-0.36171198190120474,-0.06117398223873011,0.1662880180987953,0.17718341080973052,0.1700208660323348,0.7465077638626099,0.5916004776954651,-1.0,0.8860465288162231,0.3084745705127716,0.13500000536441803,-0.15925000607967377,-0.07412499934434891,0.09437499940395355,0.00032546999864280224,0.00010278000263497233,7.423000351991504e-05,6.851999933132902e-05,0.03750000149011612,0.012500000186264515,0.05000000074505806,0.0042500002309679985,0.005499999970197678,0.0002500000118743628,0.001500000013038516,0.44808465242385864,-0.5210375189781189,-0.18884097039699554,0.3173556923866272,0.0
93,2493,-0.1807852384378857,-0.3632890316762494,-0.06178523843788569,0.16471096832375065,0.17591793193126726,0.1721861156735489,0.7437814474105835,0.5903186798095703,-1.0,0.8860465288162231,0.3084745705127716,0.14374999701976776,-0.16887499392032623,-0.07750000059604645,0.09799999743700027,0.00026266000350005925,0.00010278000263497233,0.0,9.13600015337579e-05,0.03200000151991844,0.00800000037997961,0.03999999910593033,0.0035000001080334187,0.005249999929219484,0.0,0.006000000052154064,-0.4282466173171997,-0.6794625520706177,-0.5888583064079285,-0.060162436217069626,-0.094663
94,2494,-0.18263132447553482,-0.3637809996925755,-0.06363132447553482,0.16421900030742453,0.17611594339093975,0.1718455047681536,0.7423599362373352,0.5876457095146179,-1.0,0.8860465288162231,0.3084745705127716,0.13737499713897705,-0.17949999868869781,-0.07374999672174454,0.09875000268220901,9.13600015337579e-05,7.423000351991504e-05,0.0,7.423000351991504e-05,0.014499999582767487,0.006500000134110451,0.020999999716877937,0.0002500000118743628,0.0012499999720603228,0.0,0.0022499999031424522,0.7342448234558105,0.6494429111480713,-0.987358808517456,0.3871935307979584,-0.14248307
95,2495,-0.1849766366715485,-0.362284606684926,-0.06597663667154852,0.165715393315074,0.17836621924585158,0.1680216913964476,0.7380666732788086,0.5868118405342102,-1.0,0.8860465288162231,0.3084745705127716,0.14937500655651093,-0.17662499845027924,-0.06987500190734863,0.10362499952316284,0.00028550002025440335,0.0003197600017301738,0.0,0.00010848999954760075,0.05299999937415123,0.009499999694526196,0.0625,0.0037499999161809683,0.019750000908970833,-0.0002500000118743628,0.007000000216066837,0.3437711298465729,0.8594990968704224,0.957082986831665,0.8269468545913696,0.0
96,2496,-0.18691501445127118,-0.36308581404743795,-0.06791501445127118,0.16491418595256208,0.17835116460598904,0.16804698836111398,0.7326124906539917,0.5893481373786926,-1.0,0.8860465288162231,0.3084745705127716,0.15424999594688416,-0.17125000059604645,-0.0521249994635582,0.11637499928474426,0.000616680015809834,0.0009078900329768658,0.0,0.00016558999777771533,0.13349999487400055,0.014499999582767487,0.14800000190734863,0.006750000175088644,0.04100000113248825,0.0,0.012500000186264515,0.8744052648544312,0.16712312400341034,0.436230331659317,0.8140093088150024,0.0
97,2497,-0.1897504494290329,-0.36293816601332,-0.07075044942903291,0.16506183398668,0.17958573198741723,0.16598508901446732,0.7281045913696289,0.5879901647567749,-1.0,0.8860465288162231,0.3084745705127716,0.16687500476837158,-0.17162500321865082,-0.04399999976158142,0.12562499940395355,0.0015930900117382407,0.0011305800871923566,0.0,0.0003825699968729168,0.23849999904632568,0.03350000083446503,0.2720000147819519,0.01425000000745058,0.04800000041723251,0.0,0.02449999935925007,0.11530391126871109,-0.9888190031051636,-0.8798367977142334,0.4650476276874542,-0.12958042
98,2498,-0.19589278586485576,-0.36112341872320186,-0.07689278586485576,0.16687658127679816,0.18373974501095397,0.15923129470507238,0.7215105891227722,0.588240385055542,-1.0,0.8860465288162231,0.3084745705127716,0.16949999332427979,-0.1771250069141388,-0.04112499952316284,0.13500000536441803,0.0014617600245401263,0.00034831001539714634,7.994000043254346e-05,0.0003368900215718895,0.15850000083446503,0.0364999994635582,0.19499999284744263,0.013249999843537807,0.02199999988079071,0.0017500000540167093,0.023000000044703484,-0.8316183686256409,-0.05465720593929291,-0.7104828357696533,0.7254927158355713,0.0
99,2499,-0.1999267278516378,-0.358141966552244,-0.08092672785163779,0.16985803344775602,0.1881512338718831,0.152359512243537,0.7072260975837708,0.5913162231445312,-1.0,0.8860465288162231,0.3084745705127716,0.15937499701976776,-0.1770000010728836,-0.054499998688697815,0.14787499606609344,0.00019985000835731626,0.000308340007904917,7.994000043254346e-05,0.00037115000304766,0.04450000077486038,0.039500001817941666,0.08399999886751175,0.0024999999441206455,0.019750000908970833,0.0020000000949949026,0.024250000715255737,-0.8919119834899902,0.7992718815803528,-0.9291512966156006,0.39789772033691406,0.0
100,2500,-0.2032142947714889,-0.3602706752784228,-0.0842142947714889,0.1677293247215772,0.18768370684589408,0.1530735018866721,0.6978448033332825,0.5963695645332336,-1.0,0.8860465288162231,0.3084745705127716,0.14300000667572021,-0.16962499916553497,-0.07112500071525574,0.1577499955892563,0.0001598800008650869,0.0006966200307942927,7.423000351991504e-05,0.00029121001716703176,0.07500000298023224,0.03200000151991844,0.10700000077486038,0.0020000000949949026,0.03474999964237213,0.0005000000237487257,0.01924999989569187,0.7646479606628418,-0.9645538330078125,-0.7148417234420776,0.9733506441116333,0.0
101,2501,-0.20762822570919698,-0.35899095432373707,-0.08862822570919698,0.16900904567626296,0.19083767948903985,0.14832094662192918,0.6901993155479431,0.5927615761756897,-1.0,0.8860465288162231,0.3084745705127716,0.1536249965429306,-0.17937499284744263,-0.0846249982714653,0.17425000667572021,0.0009193100268021226,0.00025695000658743083,7.423000351991504e-05,0.0003654400061350316,0.10300000011920929,0.03849999979138374,0.14149999618530273,0.00925000011920929,0.0182499997317791,0.000750000006519258,0.022749999538064003,-0.5797759890556335,-0.8719682693481445,0.6131719350814819,-0.3175569176673889,0.0
102,2502,-0.20695614214703184,-0.3623522847594208,-0.08795614214703185,0.16564771524057925,0.18755118902799017,0.15327648601652621,0.6799343824386597,0.5949305891990662,-1.0,0.8860465288162231,0.3084745705127716,0.1471250057220459,-0.18925000727176666,-0.07900000363588333,0.17425000667572021,9.13600015337579e-05,9.707000572234392e-05,0.0001827200030675158,0.0001541700039524585,0.016499999910593033,0.029500000178813934,0.04600000008940697,0.000750000006519258,0.005499999970197678,0.012249999679625034,0.010999999940395355,0.9779380559921265,-0.43450525403022766,-0.2616881728172302,0.7824424505233765,0.0
103,2503,-0.20008898649918594,-0.3654476614056022,-0.08108898649918594,0.16255233859439783,0.18165540595857013,0.16258504511094,0.68149733543396,0.5892333984375,-1.0,0.8860465288162231,0.3084745705127716,0.16387499868869781,-0.20024999976158142,-0.07900000363588333,0.18012499809265137,0.0003026300109922886,0.00016558999777771533,7.994000043254346e-05,0.0004510900180321187,0.04100000113248825,0.04650000110268593,0.08749999850988388,0.0037499999161809683,0.011250000447034836,0.0024999999441206455,0.02850000001490116,-0.7265231609344482,0.07894186675548553,-0.4982950687408447,-0.9398356080055237,0.0
104,2504,-0.20581673681187562,-0.3610328889626786,-0.08681673681187563,0.16696711103732143,0.1881891653597829,0.1523017309729268,0.6974674463272095,0.5839869976043701,-1.0,0.8860465288162231,0.3084745705127716,0.15187500417232513,-0.1991250067949295,-0.08699999749660492,0.17662499845027924,9.707000572234392e-05,0.00017130000924225897,0.0,6.28100024187006e-05,0.023499999195337296,0.005499999970197678,0.028999999165534973,0.000750000006519258,0.011749999597668648,0.0,0.0005000000237487257,-0.7452662587165833,0.557928740978241,-0.8978139162063599,0.3663657605648041,-0.13173768
105,2505,-0.21275797240105954,-0.357166538575962,-0.09375797240105954,0.17083346142403805,0.19487080061126688,0.1424580076138543,0.6841471195220947,0.5914697051048279,-1.0,0.8860465288162231,0.3084745705127716,0.1379999965429306,-0.1902499943971634,-0.0858749970793724,0.17862500250339508,9.13600015337579e-05,0.00022269001055974513,9.707000572234392e-05,0.00013703999866265804,0.027499999850988388,0.020500000566244125,0.04800000041723251,0.000750000006519258,0.014750000089406967,0.005249999929219484,0.009999999776482582,-0.7051775455474854,-0.03334008902311325,-0.884736180305481,0.7691147327423096,0.0
106,2506,-0.2169070141302052,-0.3580432453780819,-0.0979070141302052,0.16995675462191812,0.196140464610205,0.1406607035831099,0.6680046916007996,0.5980228185653687,-1.0,0.8860465288162231,0.3084745705127716,0.1251250058412552,-0.1889999955892563,-0.10062500089406967,0.19075000286102295,9.13600015337579e-05,0.0001598800008650869,7.994000043254346e-05,0.00019414001144468784,0.02199999988079071,0.024000000208616257,0.04600000008940697,0.0002500000118743628,0.010999999940395355,0.0017500000540167093,0.014499999582767487,0.3788299858570099,-0.6382721066474915,-0.3531073331832886,0.9449815154075623,0.0
107,2507,-0.21728874744088272,-0.35698098269555456,-0.09828874744088273,0.17101901730444546,0.19725157072448332,0.1391064645177908,0.6583557724952698,0.5965368747711182,-1.0,0.8860465288162231,0.3084745705127716,0.1316249966621399,-0.19737499952316284,-0.1081250011920929,0.20350000262260437,0.00013133000175002962,9.13600015337579e-05,9.13600015337579e-05,0.00037115000304766,0.019500000402331352,0.04050000011920929,0.05999999865889549,0.0012499999720603228,0.004000000189989805,0.0037499999161809683,0.024250000715255737,-0.7798093557357788,0.4542906582355499,-0.881035327911377,-0.12181086093187332,0.0
108,2508,-0.211150480193037,-0.35886011512967175,-0.09215048019303701,0.16913988487032827,0.19261363309422105,0.14571008786522022,0.6574680209159851,0.5983372926712036,-1.0,0.8860465288162231,0.3084745705127716,0.11749999970197678,-0.19112500548362732,-0.12287499755620956,0.20912499725818634,9.13600015337579e-05,0.00013133000175002962,7.994000043254346e-05,0.00011420000373618677,0.019500000402331352,0.017000000923871994,0.0364999994635582,0.0005000000237487257,0.008500000461935997,0.0002500000118743628,0.008500000461935997,-0.2176881730556488,0.37187933921813965,0.06038706377148628,-0.5916469097137451,0.0
109,2509,-0.2059810644198955,-0.3612600103549786,-0.0869810644198955,0.1667399896450214,0.18806363208882215,0.15249304037089634,0.6717430949211121,0.5951523184776306,-1.0,0.8860465288162231,0.3084745705127716,0.11362499743700027,-0.1847500056028366,-0.12162499874830246,0.20212499797344208,9.13600015337579e-05,0.00013703999866265804,7.423000351991504e-05,6.28100024187006e-05,0.019999999552965164,0.012000000104308128,0.03200000151991844,0.0002500000118743628,0.009499999694526196,0.0,0.0005000000237487257,-0.8005644083023071,-0.5772233009338379,-0.7792983055114746,-0.5185503363609314,0.0
110,2510,-0.21311516166734723,-0.3570349198026608,-0.09411516166734724,0.17096508019733925,0.19515819814333588,0.14204917458515912,0.6837649941444397,0.5910847187042236,-1.0,0.8860465288162231,0.3084745705127716,0.09862499684095383,-0.19075000286102295,-0.13625000417232513,0.1928749978542328,9.13600015337579e-05,0.0,7.994000043254346e-05,-6.28100024187006e-05,0.00800000037997961,0.012500000186264515,0.020500000566244125,0.0002500000118743628,0.0,0.0002500000118743628,-0.0002500000118743628,0.6873939633369446,-0.7268293499946594,-0.19129502773284912,0.14923818409442902,-0.111219525
111,2511,-0.2155901425731595,-0.35974896273295853,-0.09659014257315951,0.1682510372670415,0.19400532771998472,0.14369629383759713,0.6671740412712097,0.5982459187507629,-1.0,0.8860465288162231,0.3084745705127716,0.11112499982118607,-0.19037500023841858,-0.13962499797344208,0.1938749998807907,0.00010848999954760075,0.00010848999954760075,0.0,7.423000351991504e-05,0.01899999938905239,0.006500000134110451,0.025499999523162842,0.0010000000474974513,0.006750000175088644,0.0,0.0032500000670552254,0.8115975260734558,-0.40790507197380066,0.4686020612716675,0.9300662279129028,0.0
112,2512,-0.22099362266362743,-0.3546854650678471,-0.10199362266362744,0.17331453493215293,0.20109855067304405,0.13385669297322267,0.6614182591438293,0.5936458110809326,-1.0,0.8860465288162231,0.3084745705127716,0.12587499618530273,-0.19612500071525574,-0.13087500631809235,0.2096250057220459,0.0001541700039524585,7.994000043254346e-05,0.0,9.707000572234392e-05,0.020500000566244125,0.008500000461935997,0.028999999165534973,0.0017500000540167093,0.003000000026077032,0.0,0.006500000134110451,-0.747655987739563,0.9846228957176208,-0.6675792932510376,0.9302669763565063,-0.10410952
113,2513,-0.21867948712440727,-0.3556631261017132,-0.09967948712440727,0.17233687389828684,0.19908791590254515,0.13657530124038225,0.6488520503044128,0.602228045463562,-1.0,0.8860465288162231,0.3084745705127716,0.11249999701976776,-0.18637500703334808,-0.1303749978542328,0.21837499737739563,9.13600015337579e-05,0.000308340007904917,0.00011420000373618677,0.0003825699968729168,0.03500000014901161,0.04349999874830246,0.07850000262260437,0.0005000000237487257,0.020250000059604645,0.006500000134110451,0.023749999701976776,0.7700852155685425,0.2588992714881897,0.7779694199562073,-0.5564185976982117,0.0
114,2514,-0.21528575497363678,-0.35819084270568663,-0.09628575497363678,0.1698091572943134,0.1952078290229367,0.14197869182240117,0.6542337536811829,0.6005709767341614,-1.0,0.8860465288162231,0.3084745705127716,0.12549999356269836,-0.1862500011920929,-0.12387499958276749,0.21449999511241913,0.0002512400096748024,0.0005196100100874901,0.0003825699968729168,0.00014275001012720168,0.06750000268220901,0.04600000008940697,0.11349999904632568,0.0032500000670552254,0.029500000178813934,0.02250000089406967,0.01075000036507845,0.5312250852584839,-0.7256854772567749,-0.7847977876663208,-0.40775686502456665,0.0
115,2515,-0.22240453837219365,-0.3559994650089402,-0.10340453837219366,0.17200053499105983,0.20069051445740346,0.13440399258858302,0.6621261239051819,0.5962867140769958,-1.0,0.8860465288162231,0.3084745705127716,0.13449999690055847,-0.18862499296665192,-0.12712499499320984,0.21125000715255737,0.0003882800228893757,0.00011420000373618677,0.0,7.423000351991504e-05,0.04399999976158142,0.006500000134110451,0.05050000175833702,0.004999999888241291,0.007249999791383743,-0.0002500000118743628,0.0020000000949949026,-0.4888918697834015,-0.5068485736846924,-0.23416313529014587,0.9064501523971558,-0.05209958
116,2516,-0.2299449186083185,-0.3556884701386242,-0.11094491860831851,0.17231152986137582,0.20493910873275073,0.1288133157726547,0.6455708146095276,0.6000009179115295,-1.0,0.8860465288162231,0.3084745705127716,0.12787500023841858,-0.19637499749660492,-0.12662500143051147,0.21837499737739563,9.13600015337579e-05,9.13600015337579e-05,0.00011420000373618677,0.00032546999864280224,0.01600000075995922,0.03849999979138374,0.054499998688697815,0.0,0.0037499999161809683,0.0062500000931322575,0.0215000007301569,-0.8066203594207764,-0.9786747694015503,-0.9663397073745728,0.7677564024925232,0.0
117,2517,-0.21531550259733634,-0.3640061071743302,-0.09631550259733634,0.16399389282566984,0.19018589044588663,0.14929084370851486,0.6280350685119629,0.6005280017852783,-1.0,0.8860465288162231,0.3084745705127716,0.11287499964237213,-0.2134999930858612,-0.14287500083446503,0.23662500083446503,0.0,7.994000043254346e-05,9.13600015337579e-05,0.00017701000615488738,0.007000000216066837,0.023499999195337296,0.030500000342726707,0.0,0.001500000013038516,0.002749999985098839,0.013749999925494194,0.5550816655158997,0.1506253033876419,-0.9438191652297974,-0.9849740862846375,0.0
118,2518,-0.2623429330270439,-0.33299604112267306,-0.14334293302704393,0.19500395887732697,0.24202012401167353,0.08890372466314309,0.6620569825172424,0.5864303112030029,-1.0,0.8860465288162231,0.3084745705127716,0.12287499755620956,-0.21262499690055847,-0.15912500023841858,0.22487500309944153,0.00010278000263497233,0.00010848999954760075,7.423000351991504e-05,6.28100024187006e-05,0.01850000023841858,0.012000000104308128,0.030500000342726707,0.000750000006519258,0.005249999929219484,0.0,0.0005000000237487257,-0.6775156259536743,-0.8255703449249268,0.1622118353843689,0.4996812641620636,0.0
119,2519,-0.23077390645803503,-0.35720124752839316,-0.11177390645803503,0.17079875247160686,0.20412158144289103,0.12987071616115817,0.552690863609314,0.6389897465705872,-1.0,0.8860465288162231,0.3084745705127716,0.1106249988079071,-0.2253749966621399,-0.15600000321865082,0.23412500321865082,0.0,6.851999933132902e-05,0.0,6.28100024187006e-05,0.006000000052154064,0.005499999970197678,0.011500000022351742,0.0,0.0,-0.0002500000118743628,0.0005000000237487257,0.2780424654483795,0.8087291121482849,0.5013101696968079,0.8894510269165039,0.0
120,2520,-0.23712813396102894,-0.3561436543067322,-0.11812813396102895,0.1718563456932678,0.20853982734278545,0.12425762180052032,0.6261072158813477,0.5979639887809753,-1.0,0.8860465288162231,0.3084745705127716,0.11550000309944153,-0.21412500739097595,-0.15049999952316284,0.24424999952316284,9.13600015337579e-05,0.00013133000175002962,0.0001256200048374012,0.0001884299999801442,0.019500000402331352,0.027499999850988388,0.04699999839067459,0.0005000000237487257,0.00774999987334013,0.007499999832361937,0.013500000350177288,-0.4373185932636261,-0.890120267868042,-0.8211170434951782,0.6556020379066467,0.0
121,2521,-0.22322348979567286,-0.36185775695125316,-0.10422348979567286,0.16614224304874686,0.1961269505969478,0.14067971377373067,0.6113299131393433,0.5997565388679504,-1.0,0.8860465288162231,0.3084745705127716,0.10774999856948853,-0.22724999487400055,-0.1628749966621399,0.257625013589859,0.0,7.423000351991504e-05,7.423000351991504e-05,0.0001541700039524585,0.006500000134110451,0.019999999552965164,0.026499999687075615,-0.0002500000118743628,0.000750000006519258,0.001500000013038516,0.011250000447034836,-0.6385160684585571,0.5298271179199219,0.09622195363044739,-0.9265166521072388,-0.10062193
122,2522,-0.227882249302939,-0.3592742630525323,-0.108882249302939,0.16872573694746773,0.20080766549545223,0.13424662911055815,0.6436663269996643,0.5900716185569763,-1.0,0.8860465288162231,0.3084745705127716,0.11112499982118607,-0.21850000321865082,-0.1602499932050705,0.24587500095367432,9.13600015337579e-05,9.13600015337579e-05,2.2840000383439474e-05,6.28100024187006e-05,0.01600000075995922,0.007499999832361937,0.023499999195337296,0.0005000000237487257,0.003000000026077032,-0.0002500000118743628,0.0002500000118743628,0.12788541615009308,-0.2982814311981201,-0.5521005392074585,-0.04229138419032097,-0.09025207
123,2523,-0.22860079748961187,-0.3587756276504779,-0.10960079748961188,0.16922437234952215,0.20161652463885155,0.13316514272343102,0.6328319907188416,0.5944504141807556,-1.0,0.8860465288162231,0.3084745705127716,0.11362499743700027,-0.22237500548362732,-0.15687499940395355,0.24525000154972076,8.565000462112948e-05,0.0,7.994000043254346e-05,0.0,0.007499999832361937,0.007000000216066837,0.014499999582767487,0.0002500000118743628,-0.0002500000118743628,0.0005000000237487257,0.0,-0.648055911064148,0.24546757340431213,-0.930496096611023,-0.8828662633895874,-0.12994397
124,2524,-0.23746313413725134,-0.3541950216789931,-0.11846313413725135,0.17380497832100694,0.21033707385714506,0.12204435453349867,0.6311609148979187,0.5952955484390259,-1.0,0.8860465288162231,0.3084745705127716,0.1016250029206276,-0.21812500059604645,-0.17399999499320984,0.2485000044107437,9.13600015337579e-05,7.423000351991504e-05,0.0,7.423000351991504e-05,0.014499999582767487,0.006500000134110451,0.020999999716877937,0.0,0.0002500000118743628,0.0,0.0010000000474974513,-0.8446978330612183,-0.9127289056777954,0.8080596327781677,-0.010369587689638138,0.0
125,2525,-0.2022979027622912,-0.3738575474628416,-0.08329790276229121,0.15414245253715841,0.1752096923082917,0.17340993463983453,0.6105508804321289,0.6030592918395996,-1.0,0.8860465288162231,0.3084745705127716,0.0860000029206276,-0.23487499356269836,-0.1589999943971634,0.2485000044107437,0.0,0.0,7.423000351991504e-05,6.28100024187006e-05,0.0,0.012000000104308128,0.012000000104308128,-0.0002500000118743628,-0.0002500000118743628,0.0002500000118743628,0.000750000006519258,0.5549408793449402,0.8319417834281921,-0.4115660786628723,-0.7579233050346375,0.0
126,2526,-0.2199787539381523,-0.3609118242082982,-0.10097875393815231,0.16708817579170182,0.19523106114627498,0.14194571098882522,0.6923304796218872,0.5697329640388489,-1.0,0.8860465288162231,0.3084745705127716,0.09612499922513962,-0.21937499940395355,-0.1665000021457672,0.23462499678134918,8.565000462112948e-05,0.0,0.0,6.28100024187006e-05,0.007499999832361937,0.005499999970197678,0.013000000268220901,0.0002500000118743628,-0.0002500000118743628,0.0,0.0002500000118743628,0.4407319128513336,0.8233506679534912,-0.9213765263557434,-0.992057204246521,-0.27761206
127,2527,-0.21632749010294988,-0.3616257530476238,-0.09732749010294989,0.16637424695237624,0.19275121368933085,0.14550975689906756,0.651212215423584,0.5916748642921448,-1.0,0.8860465288162231,0.3084745705127716,0.1042499989271164,-0.20637500286102295,-0.1627500057220459,0.23725000023841858,0.00010278000263497233,9.707000572234392e-05,0.0,7.423000351991504e-05,0.017500000074505806,0.006500000134110451,0.024000000208616257,0.0005000000237487257,0.0044999998062849045,0.0,0.0024999999441206455,0.8846933841705322,0.4474833607673645,-0.3710400462150574,-0.8364979028701782,-0.06852481
128,2528,-0.2252484360195387,-0.35785975852534735,-0.1062484360195387,0.17014024147465268,0.2005902089476232,0.13453887483436716,0.6597034931182861,0.5904648303985596,-1.0,0.8860465288162231,0.3084745705127716,0.12012500315904617,-0.20087499916553497,-0.1588750034570694,0.2224999964237213,0.00013703999866265804,0.0001598800008650869,0.0,6.851999933132902e-05,0.026000000536441803,0.006000000052154064,0.03200000151991844,0.0017500000540167093,0.010250000283122063,-0.0002500000118743628,0.000750000006519258,-0.6551214456558228,-0.5532196760177612,-0.6589637994766235,0.8049632906913757,-0.10307566
129,2529,-0.22518065225040274,-0.3578143098781475,-0.10618065225040274,0.17018569012185253,0.2005928713453501,0.13453529292210442,0.638957142829895,0.5968478918075562,-1.0,0.8860465288162231,0.3084745705127716,0.10849999636411667,-0.20637500286102295,-0.15512500703334808,0.23637500405311584,8.565000462112948e-05,7.423000351991504e-05,0.0,7.423000351991504e-05,0.014000000432133675,0.006500000134110451,0.020500000566244125,0.0005000000237487257,0.000750000006519258,-0.0002500000118743628,0.003000000026077032,0.8234515190124512,0.9385032653808594,-0.2687899172306061,0.6978092789649963,-0.056254793
130,2530,-0.23095025795995017,-0.3558722489958636,-0.11195025795995017,0.1721277510041364,0.2053310081868819,0.12830948499117562,0.6391147375106812,0.596924901008606,-1.0,0.8860465288162231,0.3084745705127716,0.12274999916553497,-0.19962500035762787,-0.15424999594688416,0.24150000512599945,0.00019985000835731626,0.00035973000922240317,0.00010278000263497233,0.00026837000041268766,0.04899999871850014,0.032499998807907104,0.08150000125169754,0.002749999985098839,0.02225000038743019,0.005499999970197678,0.01875000074505806,-0.2423531413078308,-0.9014144539833069,0.6515079736709595,0.9053308367729187,0.0
131,2531,-0.23296719799640397,-0.3568429991972456,-0.11396719799640398,0.17115700080275442,0.20562889180012042,0.12792784077116112,0.6256970763206482,0.6002165079116821,-1.0,0.8860465288162231,0.3084745705127716,0.11949999630451202,-0.20812499523162842,-0.15162500739097595,0.24824999272823334,9.13600015337579e-05,0.00010848999954760075,0.00043967002420686185,0.0008336600149050355,0.017500000074505806,0.11150000244379044,0.1289999932050705,0.0002500000118743628,0.005499999970197678,0.02449999935925007,0.039000000804662704,-0.9063668251037598,-0.29426226019859314,-0.08180112391710281,0.8263283371925354,0.0
132,2532,-0.232358887239286,-0.35785132899152466,-0.113358887239286,0.17014867100847536,0.20445245795069217,0.12944171459495787,0.6210064888000488,0.5985711812973022,-1.0,0.8860465288162231,0.3084745705127716,0.1028750017285347,-0.2133750021457672,-0.15174999833106995,0.2548750042915344,0.0,9.707000572234392e-05,0.00035973000922240317,0.001387530006468296,0.008500000461935997,0.15299999713897705,0.1615000069141388,-0.0002500000118743628,0.004999999888241291,0.02174999937415123,0.05649999901652336,0.7697705030441284,0.5186091065406799,0.05193503946065903,0.9775242209434509,0.0
133,2533,-0.2340337117353123,-0.35808201839854625,-0.1150337117353123,0.16991798160145377,0.20519472533940758,0.1284844680197452,0.6224212050437927,0.5968621373176575,-1.0,0.8860465288162231,0.3084745705127716,0.11649999767541885,-0.21299999952316284,-0.15199999511241913,0.2605000138282776,0.00010278000263497233,0.0003825699968729168,0.0003997000167146325,0.002689410001039505,0.042500000447034836,0.2705000042915344,0.31299999356269836,0.0012499999720603228,0.023499999195337296,0.024000000208616257,0.08174999803304672,-0.4539550244808197,-0.7894510626792908,0.05829072743654251,-0.9794151186943054,0.0
134,2534,-0.23666784283327147,-0.36059466303549564,-0.11766784283327147,0.16740533696450438,0.20462225705243975,0.12922211022217822,0.6185262799263,0.5964711308479309,-1.0,0.8860465288162231,0.3084745705127716,0.10862500220537186,-0.21850000321865082,-0.15187500417232513,0.2607499957084656,0.0,9.707000572234392e-05,0.0004625100118573755,0.0010163800325244665,0.008500000461935997,0.12950000166893005,0.1379999965429306,0.0,0.004999999888241291,0.025750000029802322,0.04475000128149986,-0.8982236385345459,-0.7738686800003052,-0.8939478397369385,0.9668421745300293,-0.13178685
135,2535,-0.23815163172830123,-0.35997541531953864,-0.11915163172830123,0.1680245846804614,0.20598391296545043,0.1274744751082887,0.6124003529548645,0.592212438583374,-1.0,0.8860465288162231,0.3084745705127716,0.11225000023841858,-0.23350000381469727,-0.16124999523162842,0.27562499046325684,8.565000462112948e-05,0.00010848999954760075,0.00017130000924225897,0.0012733300682157278,0.017000000923871994,0.1264999955892563,0.14350000023841858,0.0002500000118743628,0.006000000052154064,0.010999999940395355,0.051249999552965164,0.5019181370735168,0.2822376489639282,-0.8475080132484436,-0.2881004512310028,0.0
136,2536,-0.2360955769801849,-0.3589724618623603,-0.11709557698018491,0.1690275381376397,0.205625102546342,0.12793268837354463,0.6089497208595276,0.5932620167732239,-1.0,0.8860465288162231,0.3084745705127716,0.12150000035762787,-0.23125000298023224,-0.17425000667572021,0.28174999356269836,7.994000043254346e-05,0.0001827200030675158,0.00010278000263497233,0.0004967700224369764,0.023000000044703484,0.05249999836087227,0.0754999965429306,0.0005000000237487257,0.012000000104308128,0.005249999929219484,0.02824999950826168,-0.9855692386627197,0.4776994585990906,0.023818636313080788,-0.8531568050384521,0.0
137,2537,-0.23008573660649306,-0.35983034360139554,-0.11108573660649307,0.16816965639860448,0.20154670478733175,0.1332581508936615,0.6137312054634094,0.594961941242218,-1.0,0.8860465288162231,0.3084745705127716,0.10350000113248825,-0.2226250022649765,-0.17425000667572021,0.2771250009536743,0.0,0.0001884299999801442,0.00010848999954760075,9.13600015337579e-05,0.016499999910593033,0.017500000074505806,0.03400000184774399,-0.0002500000118743628,0.012500000186264515,0.006000000052154064,0.005750000011175871,0.8838202953338623,0.41151759028434753,-0.8096118569374084,-0.9918092489242554,0.0
138,2538,-0.2234363943084029,-0.3600565215141194,-0.1044363943084029,0.16794347848588065,0.19776747058623587,0.13839066245817716,0.6277076005935669,0.5935078859329224,-1.0,0.8860465288162231,0.3084745705127716,0.11912500113248825,-0.21400000154972076,-0.18637500703334808,0.26100000739097595,0.0001256200048374012,0.0001598800008650869,0.0,6.851999933132902e-05,0.02500000037252903,0.006000000052154064,0.03099999949336052,0.001500000013038516,0.010499999858438969,0.0,0.0010000000474974513,-0.04313133284449577,0.6764679551124573,-0.7924711108207703,-0.8842971324920654,-0.11909654
139,2539,-0.22946243100397568,-0.35784824511229,-0.11046243100397568,0.17015175488771,0.20286342290978784,0.13151501792953124,0.6431711912155151,0.5931245684623718,-1.0,0.8860465288162231,0.3084745705127716,0.11887499690055847,-0.2032500058412552,-0.18262499570846558,0.24424999952316284,9.13600015337579e-05,0.0002169799990952015,7.994000043254346e-05,6.851999933132902e-05,0.027000000700354576,0.013000000268220901,0.03999999910593033,0.0005000000237487257,0.01425000000745058,0.0,0.001500000013038516,-0.2322836071252823,-0.19069206714630127,0.3356458842754364,0.8069906234741211,0.0
140,2540,-0.23823861726168433,-0.35502703896037496,-0.11923861726168433,0.17297296103962506,0.21008925031351341,0.1223471842644016,0.6291571259498596,0.5968673825263977,-1.0,0.8860465288162231,0.3084745705127716,0.1146249994635582,-0.2032500058412552,-0.17649999260902405,0.25687500834465027,8.565000462112948e-05,0.00011991000064881518,2.8550000934046693e-05,9.707000572234392e-05,0.017999999225139618,0.010999999940395355,0.028999999165534973,0.0005000000237487257,0.007249999791383743,0.0002500000118743628,0.006500000134110451,-0.580069899559021,-0.8300837874412537,-0.9347842335700989,0.9896363019943237,-0.13617411
141,2541,-0.23810482825860912,-0.3557123012489633,-0.11910482825860913,0.17228769875103672,0.20944930473849932,0.12313265025307539,0.6087474226951599,0.6016491055488586,-1.0,0.8860465288162231,0.3084745705127716,0.1041250005364418,-0.2161249965429306,-0.1757500022649765,0.26887500286102295,0.0,7.994000043254346e-05,0.00010848999954760075,0.00028550002025440335,0.007000000216066837,0.03449999913573265,0.04149999842047691,-0.0002500000118743628,0.0020000000949949026,0.0062500000931322575,0.019500000402331352,-0.7137631773948669,0.5857968926429749,-0.9633570313453674,0.4030873775482178,-0.10965159
142,2542,-0.2407150435585429,-0.3552096300819197,-0.1217150435585429,0.17279036991808033,0.21135530219250484,0.12080796962689144,0.6090585589408875,0.6004876494407654,-1.0,0.8860465288162231,0.3084745705127716,0.10712499916553497,-0.210875004529953,-0.1913750022649765,0.2784999907016754,0.0001256200048374012,0.00020556000526994467,7.994000043254346e-05,0.00019414001144468784,0.028999999165534973,0.024000000208616257,0.05299999937415123,0.0012499999720603228,0.013249999843537807,0.001500000013038516,0.015250000171363354,-0.12610691785812378,-0.8928245902061462,0.2669827342033386,-0.15966223180294037,0.0
143,2543,-0.23788042556861105,-0.3564412310597301,-0.11888042556861106,0.17155876894026995,0.2087222239812402,0.12403118664316638,0.6029882431030273,0.6013396382331848,-1.0,0.8860465288162231,0.3084745705127716,0.10562500357627869,-0.2213750034570694,-0.1888750046491623,0.2787500023841858,0.0,7.994000043254346e-05,0.00010848999954760075,0.0001256200048374012,0.007000000216066837,0.020500000566244125,0.027499999850988388,-0.0002500000118743628,0.0010000000474974513,0.006500000134110451,0.008999999612569809,-0.0555642768740654,0.928481936454773,0.931591272354126,-0.16289623081684113,-0.030667715
144,2544,-0.24051946028681087,-0.3540118464084666,-0.12151946028681088,0.1739881535915334,0.21222360099335988,0.11976353643772829,0.609580397605896,0.5992521643638611,-1.0,0.8860465288162231,0.3084745705127716,0.10875000059604645,-0.21400000154972076,-0.18025000393390656,0.2757500112056732,0.00010848999954760075,0.00034831001539714634,0.00042254000436514616,0.0001256200048374012,0.03999999910593033,0.04800000041723251,0.08799999952316284,0.0010000000474974513,0.020999999716877937,0.024000000208616257,0.008999999612569809,-0.9193211197853088,-0.28132879734039307,-0.9518125057220459,0.7507256269454956,0.0
145,2545,-0.23314140545538897,-0.359119905714383,-0.11414140545538898,0.168880094285617,0.20383509679456674,0.13024330928184108,0.6034430861473083,0.6033697724342346,-1.0,0.8860465288162231,0.3084745705127716,0.09224999696016312,-0.21375000476837158,-0.18812499940395355,0.281374990940094,0.0,0.0001541700039524585,9.13600015337579e-05,0.00042254000436514616,0.013500000350177288,0.04500000178813934,0.05849999934434891,-0.0002500000118743628,0.009999999776482582,0.0042500002309679985,0.025750000029802322,-0.18849846720695496,-0.3730725049972534,-0.4140416085720062,-0.8740262985229492,-0.04661982
146,2546,-0.22622024023293824,-0.3608901611414421,-0.10722024023293825,0.1671098388585579,0.19854943505067493,0.1373127167246859,0.6206013560295105,0.5947120189666748,-1.0,0.8860465288162231,0.3084745705127716,0.09562499821186066,-0.21574999392032623,-0.1938749998807907,0.2775000035762787,9.13600015337579e-05,6.851999933132902e-05,7.423000351991504e-05,6.28100024187006e-05,0.014000000432133675,0.012000000104308128,0.026000000536441803,0.0005000000237487257,0.0002500000118743628,0.0002500000118743628,0.000750000006519258,0.37081179022789,0.5393987894058228,-0.7258830070495605,-0.9091058373451233,0.0
147,2547,-0.22408362613914623,-0.3569269829620901,-0.10508362613914624,0.17107301703790995,0.20076988230560103,0.13429736135282996,0.6366971135139465,0.5917115807533264,-1.0,0.8860465288162231,0.3084745705127716,0.10237500071525574,-0.20862500369548798,-0.20737500488758087,0.2606250047683716,0.00010278000263497233,0.00010278000263497233,6.28100024187006e-05,7.423000351991504e-05,0.017999999225139618,0.012000000104308128,0.029999999329447746,0.000750000006519258,0.006000000052154064,0.0002500000118743628,0.0005000000237487257,-0.4412393569946289,0.836812436580658,0.4227612316608429,-0.7605119943618774,0.0
148,2548,-0.24273205559852806,-0.3458324971369604,-0.12373205559852807,0.18216750286303962,0.22021494200438077,0.11056525160520309,0.6416659951210022,0.5984288454055786,-1.0,0.8860465288162231,0.3084745705127716,0.09425000101327896,-0.19300000369548798,-0.1993750035762787,0.2462500035762787,8.565000462112948e-05,9.707000572234392e-05,0.0,6.851999933132902e-05,0.01600000075995922,0.006000000052154064,0.02199999988079071,0.0005000000237487257,0.006000000052154064,0.0,0.000750000006519258,-0.3044471740722656,-0.9836505651473999,-0.09328112006187439,0.11103378981351852,-0.035193738
149,2549,-0.22046665261215853,-0.3599206489153485,-0.10146665261215854,0.16807935108465155,0.1963317341984072,0.1403919195675874,0.5982975363731384,0.6172330379486084,-1.0,0.8860465288162231,0.3084745705127716,0.08900000154972076,-0.2082500010728836,-0.19562500715255737,0.24837499856948853,0.0,0.0,0.0,6.28100024187006e-05,0.0,0.005499999970197678,0.005499999970197678,-0.0002500000118743628,-0.0002500000118743628,0.0,0.0005000000237487257,0.8475193381309509,-0.9043658375740051,0.4917532205581665,-0.7457095384597778,-0.13252391
150,2550,-0.22091901272062897,-0.35700957086606894,-0.10191901272062898,0.1709904291339311,0.19906082489870686,0.1366123058727203,0.6500775814056396,0.5933548212051392,-1.0,0.8860465288162231,0.3084745705127716,0.10450000315904617,-0.20662499964237213,-0.18649999797344208,0.23462499678134918,9.13600015337579e-05,9.13600015337579e-05,0.0,6.28100024187006e-05,0.01600000075995922,0.005499999970197678,0.0215000007301569,0.0005000000237487257,0.004000000189989805,0.0,0.0002500000118743628,-0.3090441823005676,0.46172693371772766,-0.128645658493042,-0.4876657724380493,-0.03943748
151,2551,-0.22380807283822435,-0.35608027101692785,-0.10480807283822435,0.17191972898307217,0.20134826879234777,0.13352284556918412,0.649025559425354,0.5982888340950012,-1.0,0.8860465288162231,0.3084745705127716,0.0988750010728836,-0.19837500154972076,-0.18262499570846558,0.22550000250339508,8.565000462112948e-05,9.707000572234392e-05,0.0,5.7100001868093386e-05,0.01600000075995922,0.004999999888241291,0.020999999716877937,0.0002500000118743628,0.004749999847263098,-0.0002500000118743628,0.0002500000118743628,0.6875078678131104,0.6146394610404968,-0.6547906994819641,0.8271943926811218,-0.10257489
152,2552,-0.2267762090249752,-0.3561986739988639,-0.1077762090249752,0.17180132600113612,0.2028087938121614,0.1315868830249087,0.6423068046569824,0.5998639464378357,-1.0,0.8860465288162231,0.3084745705127716,0.1107499971985817,-0.19175000488758087,-0.17887499928474426,0.23725000023841858,0.00017701000615488738,0.0002169799990952015,0.0,0.00010848999954760075,0.03449999913573265,0.009499999694526196,0.04399999976158142,0.0022499999031424522,0.014499999582767487,-0.0002500000118743628,0.00774999987334013,0.7493645548820496,0.06365653872489929,-0.8296121954917908,0.7790199518203735,-0.12355347
153,2553,-0.23158088189801995,-0.35290887388665937,-0.11258088189801996,0.17509112611334066,0.2081618538843601,0.1247281713469895,0.6354041695594788,0.599663257598877,-1.0,0.8860465288162231,0.3084745705127716,0.12337499856948853,-0.19212499260902405,-0.17524999380111694,0.24774999916553497,0.0003825699968729168,0.00026837000041268766,0.0,0.00021127000218257308,0.05700000002980232,0.01850000023841858,0.0754999965429306,0.004999999888241291,0.017500000074505806,0.0,0.01575000025331974,-0.8889228105545044,0.21881593763828278,0.9266895651817322,0.7652831077575684,0.0
154,2554,-0.23329325054856642,-0.3530926172673843,-0.11429325054856643,0.17490738273261575,0.2089390812062959,0.12376250748398605,0.6242305040359497,0.60523921251297,-1.0,0.8860465288162231,0.3084745705127716,0.10887499898672104,-0.19112500548362732,-0.16750000417232513,0.25450000166893005,9.707000572234392e-05,0.0003768599999602884,0.0003197600017301738,0.0005481599946506321,0.04149999842047691,0.07599999755620956,0.11749999970197678,0.000750000006519258,0.023499999195337296,0.01924999989569187,0.030750000849366188,0.2702627182006836,-0.7674887180328369,0.3380367159843445,0.46425554156303406,0.0
155,2555,-0.23432441093771217,-0.35493990303660505,-0.11532441093771217,0.17306009696339497,0.20796518198753844,0.1249737179889202,0.6202482581138611,0.6049277782440186,-1.0,0.8860465288162231,0.3084745705127716,0.11349999904632568,-0.19712500274181366,-0.1652500033378601,0.2567499876022339,0.00011991000064881518,0.00010848999954760075,0.000491060025524348,0.000982120051048696,0.019999999552965164,0.1289999932050705,0.14900000393390656,0.001500000013038516,0.006750000175088644,0.027249999344348907,0.04349999874830246,-0.2995445430278778,-0.8798162937164307,-0.9271574020385742,-0.9002391695976257,0.0
156,2556,-0.23498114321150682,-0.35592807935633636,-0.11598114321150682,0.17207192064366367,0.2075099309783687,0.1255439591306678,0.6178501844406128,0.6017967462539673,-1.0,0.8860465288162231,0.3084745705127716,0.10875000059604645,-0.210875004529953,-0.16949999332427979,0.257750004529953,0.0,7.994000043254346e-05,7.423000351991504e-05,0.00010848999954760075,0.007000000216066837,0.01600000075995922,0.023000000044703484,0.0,0.001500000013038516,0.0010000000474974513,0.00774999987334013,-0.3257814645767212,0.7946827411651611,-0.9489859342575073,0.8700361251831055,-0.06309378
157,2557,-0.24299653074676114,-0.35098952588048715,-0.12399653074676115,0.17701047411951287,0.2161199842338677,0.11518683205420724,0.616322934627533,0.6001219153404236,-1.0,0.8860465288162231,0.3084745705127716,0.11150000244379044,-0.20374999940395355,-0.18712499737739563,0.27137500047683716,0.0001541700039524585,0.00026266000350005925,7.994000043254346e-05,0.00017130000924225897,0.0364999994635582,0.02199999988079071,0.05849999934434891,0.0020000000949949026,0.017000000923871994,0.000750000006519258,0.013000000268220901,-0.9929910898208618,-0.933087170124054,-0.8843743801116943,-0.2209945023059845,0.0
158,2558,-0.24840751750162482,-0.34793119041612214,-0.12940751750162482,0.1800688095838779,0.2217455338239943,0.10888583420790536,0.5976824760437012,0.6084923148155212,-1.0,0.8860465288162231,0.3084745705127716,0.09387499839067459,-0.21262499690055847,-0.20337499678134918,0.2731249928474426,8.565000462112948e-05,6.851999933132902e-05,3.997000021627173e-05,6.851999933132902e-05,0.013500000350177288,0.009499999694526196,0.023000000044703484,0.0002500000118743628,0.0,0.0002500000118743628,0.0012499999720603228,0.0911710262298584,-0.4186147451400757,-0.6362096071243286,-0.6144468784332275,-0.10034516
159,2559,-0.241324778574932,-0.35203501618059463,-0.12232477857493201,0.1759649838194054,0.214305919152901,0.11729546430709481,0.5850988030433655,0.6136759519577026,-1.0,0.8860465288162231,0.3084745705127716,0.09549999982118607,-0.2202499955892563,-0.19949999451637268,0.26237499713897705,8.565000462112948e-05,0.0,0.0,0.0,0.007499999832361937,0.0,0.007499999832361937,0.0002500000118743628,-0.0002500000118743628,0.0,-0.0002500000118743628,-0.8459940552711487,-0.2078372985124588,-0.9322983622550964,-0.6251404881477356,-0.28383315
160,2560,-0.27745908635291006,-0.32695855158427456,-0.15845908635291006,0.20104144841572547,0.2559823158518803,0.07731841233694661,0.6015703082084656,0.6067203283309937,-1.0,0.8860465288162231,0.3084745705127716,0.07987499982118607,-0.21674999594688416,-0.19587500393390656,0.2658750116825104,0.0,7.423000351991504e-05,7.423000351991504e-05,6.28100024187006e-05,0.006500000134110451,0.012000000104308128,0.01850000023841858,0.0,0.0002500000118743628,0.0002500000118743628,0.0002500000118743628,-0.1055065467953682,-0.5671467781066895,-0.8121336698532104,0.9453647136688232,-0.03666079
161,2561,-0.27714160016668965,-0.3314453736669624,-0.15814160016668966,0.1965546263330376,0.25227462582709576,0.08023894702200285,0.517536997795105,0.6492227911949158,-1.0,0.8860465288162231,0.3084745705127716,0.08362500369548798,-0.22737500071525574,-0.210875004529953,0.2836250066757202,0.0,7.423000351991504e-05,2.2840000383439474e-05,0.0,0.006500000134110451,0.0020000000949949026,0.008500000461935997,0.0,0.0002500000118743628,0.0,0.0,0.9666380882263184,-0.95566326379776,0.15551139414310455,-0.4664456844329834,-0.0053386334
162,2562,-0.24679941471745648,-0.3531928498109178,-0.12779941471745648,0.17480715018908222,0.21654152063600363,0.11470229958448473,0.5182753205299377,0.641618013381958,-1.0,0.8860465288162231,0.3084745705127716,0.10175000131130219,-0.24512499570846558,-0.2071249932050705,0.2750000059604645,0.0,7.423000351991504e-05,0.0,0.0,0.006500000134110451,0.0,0.006500000134110451,-0.0002500000118743628,0.0,0.0,0.0,-0.9610770344734192,-0.7419497966766357,0.7284185886383057,0.05502686649560928,-0.15672603
163,2563,-0.2418450491005813,-0.36243661705890046,-0.1228450491005813,0.16556338294109957,0.20616047113698935,0.12724960707571667,0.5888385772705078,0.6047579050064087,-1.0,0.8860465288162231,0.3084745705127716,0.10537499934434891,-0.2590000033378601,-0.19374999403953552,0.2783749997615814,8.565000462112948e-05,7.423000351991504e-05,7.423000351991504e-05,6.851999933132902e-05,0.014000000432133675,0.012500000186264515,0.026499999687075615,0.0,0.0,0.0005000000237487257,0.000750000006519258,0.9826653003692627,0.6195905208587646,-0.7031347751617432,0.9121549725532532,0.0
164,2564,-0.2473624200028961,-0.35780091801712344,-0.1283624200028961,0.1701990819828766,0.2131774809327051,0.118626567369857,0.6003603339195251,0.5890904664993286,-1.0,0.8860465288162231,0.3084745705127716,0.12349999696016312,-0.24924999475479126,-0.20662499964237213,0.29487499594688416,9.13600015337579e-05,9.13600015337579e-05,0.0,6.851999933132902e-05,0.01600000075995922,0.006000000052154064,0.02199999988079071,0.0005000000237487257,0.0035000001080334187,0.0,0.0017500000540167093,-0.8155255317687988,0.5351026058197021,-0.6985476613044739,0.549213707447052,-0.107825726
165,2565,-0.24300784388703023,-0.3595623887283252,-0.12400784388703023,0.16843761127167484,0.20916303267168868,0.12348564966415441,0.5875292420387268,0.5969476103782654,-1.0,0.8860465288162231,0.3084745705127716,0.10862500220537186,-0.2409999966621399,-0.2058749943971634,0.2996250092983246,0.0,0.00011420000373618677,0.00010278000263497233,0.00016558999777771533,0.009999999776482582,0.023499999195337296,0.03350000083446503,-0.0002500000118743628,0.007000000216066837,0.006000000052154064,0.012749999761581421,0.5076200366020203,0.9447543025016785,0.5360190868377686,0.8417024612426758,0.0
166,2566,-0.24664768769414586,-0.35828092597315975,-0.12764768769414586,0.16971907402684028,0.21236406537404176,0.11959542942086829,0.5976561903953552,0.5939620733261108,-1.0,0.8860465288162231,0.3084745705127716,0.11737500131130219,-0.23137499392032623,-0.20374999940395355,0.30399999022483826,0.00010848999954760075,0.0003939900198020041,0.0003654400061350316,0.0007137500215321779,0.04399999976158142,0.09449999779462814,0.13850000500679016,0.0012499999720603228,0.023000000044703484,0.02174999937415123,0.03550000116229057,-0.6266947388648987,-0.04723039269447327,0.37833502888679504,0.869147777557373,0.0
167,2567,-0.24563026743367028,-0.3588702041326558,-0.12663026743367028,0.16912979586734422,0.21128206852559064,0.12089647413656718,0.5891914367675781,0.5961340069770813,-1.0,0.8860465288162231,0.3084745705127716,0.10637500137090683,-0.23137499392032623,-0.20362499356269836,0.3084999918937683,0.0,0.0003368900215718895,0.0007365900091826916,0.0015873800730332732,0.029500000178813934,0.20350000262260437,0.2329999953508377,-0.0002500000118743628,0.021250000223517418,0.03550000116229057,0.05900000035762787,0.9622575044631958,0.16323785483837128,0.6691544055938721,-0.060694627463817596,0.0
168,2568,-0.24431490478212653,-0.3589708820079009,-0.12531490478212653,0.16902911799209913,0.21041546542433712,0.12194871954109257,0.591557502746582,0.5951352715492249,-1.0,0.8860465288162231,0.3084745705127716,0.12349999696016312,-0.23149999976158142,-0.20012499392032623,0.3084999918937683,0.00011991000064881518,0.0004739300056826323,0.0013132999883964658,0.0014731800183653831,0.052000001072883606,0.24400000274181366,0.29600000381469727,0.001500000013038516,0.027499999850988388,0.05350000038743019,0.05674999952316284,0.08015089482069016,0.4352147579193115,0.34772324562072754,-0.9497933387756348,0.0
169,2569,-0.240921860740622,-0.3599542753437238,-0.121921860740622,0.1680457246562762,0.20761576457896597,0.12541116172292174,0.5946164727210999,0.5949646234512329,-1.0,0.8860465288162231,0.3084745705127716,0.12462499737739563,-0.23112499713897705,-0.20012499392032623,0.3082500100135803,0.0001598800008650869,0.0009421500144526362,0.0017586800968274474,0.00033117999555543065,0.09650000184774399,0.18299999833106995,0.27950000762939453,0.0022499999031424522,0.0430000014603138,0.06650000065565109,0.02174999937415123,0.08281715959310532,-0.6449428796768188,-0.3045283854007721,-0.9765306711196899,0.0
170,2570,-0.2372138681947863,-0.36206337841870984,-0.1182138681947863,0.1659366215812902,0.20373875678276485,0.13036884616278774,0.6025072932243347,0.5932978391647339,-1.0,0.8860465288162231,0.3084745705127716,0.12687499821186066,-0.23087500035762787,-0.1873749941587448,0.29487499594688416,0.00010848999954760075,0.0002969200140796602,0.0005310300039127469,0.00017130000924225897,0.03550000116229057,0.061500001698732376,0.09700000286102295,0.000750000006519258,0.01850000023841858,0.029750000685453415,0.012000000104308128,0.7407042980194092,-0.6732311248779297,0.8727558255195618,-0.7306387424468994,0.0
171,2571,-0.23097084346439078,-0.3630965533543848,-0.11197084346439079,0.16490344664561524,0.19932540355341158,0.13625133660606698,0.6111305356025696,0.5897231101989746,-1.0,0.8860465288162231,0.3084745705127716,0.1407500058412552,-0.23637500405311584,-0.1693750023841858,0.2815000116825104,9.707000572234392e-05,9.707000572234392e-05,0.0004682200087700039,0.0001598800008650869,0.017000000923871994,0.054999999701976776,0.07199999690055847,0.000750000006519258,0.0044999998062849045,0.026249999180436134,0.011500000022351742,-0.20297019183635712,0.8610242605209351,-0.6745607852935791,-0.8199210166931152,0.0
172,2572,-0.23218413986897174,-0.35908974780309166,-0.11318413986897174,0.16891025219690836,0.20332565705070804,0.13090851343153448,0.6256492137908936,0.5879719257354736,-1.0,0.8860465288162231,0.3084745705127716,0.13712500035762787,-0.22574999928474426,-0.16975000500679016,0.27037501335144043,9.13600015337579e-05,0.00023411000438500196,7.994000043254346e-05,7.423000351991504e-05,0.02850000001490116,0.013500000350177288,0.041999999433755875,0.0005000000237487257,0.01549999974668026,0.0017500000540167093,0.0032500000670552254,-0.7591744065284729,0.6875923871994019,-0.8257272839546204,0.19466276466846466,0.0
173,2573,-0.22696913992179524,-0.3622420221590836,-0.10796913992179524,0.16575797784091645,0.19782073297145056,0.13831697191684963,0.6228275895118713,0.5947631597518921,-1.0,0.8860465288162231,0.3084745705127716,0.12274999916553497,-0.21250000596046448,-0.18412500619888306,0.27125000953674316,0.00010278000263497233,0.00022840000747237355,0.0,0.00011420000373618677,0.028999999165534973,0.009999999776482582,0.039000000804662704,0.0010000000474974513,0.014750000089406967,-0.0002500000118743628,0.008750000037252903,-0.2806890308856964,-0.5643002390861511,-0.9863687753677368,-0.7081958055496216,-0.14236426
174,2574,-0.22878519888011545,-0.36116337929281783,-0.10978519888011545,0.1668366207071822,0.19971792083370654,0.13571757480421393,0.6349554657936096,0.5894203186035156,-1.0,0.8860465288162231,0.3084745705127716,0.11787500232458115,-0.21587499976158142,-0.18037499487400055,0.26225000619888306,8.565000462112948e-05,7.423000351991504e-05,0.0,6.851999933132902e-05,0.014000000432133675,0.006000000052154064,0.019999999552965164,0.0002500000118743628,0.0005000000237487257,-0.0002500000118743628,0.0002500000118743628,0.3083322048187256,-0.0979379341006279,-0.9135756492614746,-0.10050702095031738,-0.13362908
175,2575,-0.23205169064935321,-0.3615210465547992,-0.11305169064935322,0.1664789534452008,0.20123599752252674,0.1336728375465994,0.6307321190834045,0.5912485122680664,-1.0,0.8860465288162231,0.3084745705127716,0.12312500178813934,-0.21762500703334808,-0.17675000429153442,0.2606250047683716,0.00010848999954760075,7.994000043254346e-05,0.0,0.0,0.016499999910593033,0.0,0.016499999910593033,0.0012499999720603228,0.0005000000237487257,0.0,-0.0002500000118743628,0.5312057733535767,-0.4440511167049408,-0.9674913883209229,-0.3187163472175598,-0.20234494
176,2576,-0.23779235949653393,-0.357946452802366,-0.11879235949653394,0.17005354719763405,0.20743633623175017,0.12563638689610304,0.6231356263160706,0.5906422734260559,-1.0,0.8860465288162231,0.3084745705127716,0.13324999809265137,-0.22624999284744263,-0.17299999296665192,0.26237499713897705,0.00010278000263497233,7.423000351991504e-05,0.0,7.994000043254346e-05,0.01549999974668026,0.007000000216066837,0.02250000089406967,0.000750000006519258,0.0012499999720603228,0.0,0.0037499999161809683,-0.652991771697998,-0.055485982447862625,-0.9281178116798401,0.6759072542190552,-0.13537414
177,2577,-0.2347525213032985,-0.35863806979170143,-0.1157525213032985,0.1693619302082986,0.20513924439743647,0.12855577219117303,0.6097851991653442,0.59670090675354,-1.0,0.8860465288162231,0.3084745705127716,0.12137500196695328,-0.226624995470047,-0.171875,0.2693749964237213,8.565000462112948e-05,6.851999933132902e-05,9.707000572234392e-05,0.00019414001144468784,0.013500000350177288,0.025499999523162842,0.039000000804662704,0.0002500000118743628,0.0,0.005249999929219484,0.014999999664723873,-0.9756401777267456,0.9642845988273621,0.5283839106559753,0.6863954067230225,0.0
178,2578,-0.23631569187053236,-0.357677785347852,-0.11731569187053237,0.17032221465214803,0.20681544517534003,0.12641887868290808,0.6168546080589294,0.5955287218093872,-1.0,0.8860465288162231,0.3084745705127716,0.10337500274181366,-0.21837499737739563,-0.1706250011920929,0.2718749940395355,0.0,0.0003197600017301738,0.00037115000304766,0.0006852000369690359,0.02800000086426735,0.0925000011920929,0.12049999833106995,-0.0002500000118743628,0.019500000402331352,0.02250000089406967,0.03550000116229057,-0.7400197982788086,-0.3485988974571228,-0.8064149618148804,-0.91485595703125,-0.11280238
179,2579,-0.22827719885214603,-0.36092491094786444,-0.10927719885214604,0.16707508905213558,0.19963865249683116,0.13582519851873767,0.6132193207740784,0.597156286239624,-1.0,0.8860465288162231,0.3084745705127716,0.10700000077486038,-0.21812500059604645,-0.17537499964237213,0.2707499861717224,8.565000462112948e-05,0.00010278000263497233,8.565000462112948e-05,7.994000043254346e-05,0.016499999910593033,0.014499999582767487,0.03099999949336052,0.0,0.006000000052154064,0.0020000000949949026,0.0035000001080334187,0.5333848595619202,-0.2694963812828064,-0.6492601633071899,-0.9319189190864563,0.0
180,2580,-0.23900027780912558,-0.35518487640299584,-0.12000027780912559,0.17281512359700418,0.21039280790491663,0.12197635322634126,0.6319134831428528,0.5916526913642883,-1.0,0.8860465288162231,0.3084745705127716,0.11662500351667404,-0.22037500143051147,-0.18649999797344208,0.25475001335144043,8.565000462112948e-05,7.423000351991504e-05,0.0,6.28100024187006e-05,0.014000000432133675,0.005499999970197678,0.019500000402331352,0.000750000006519258,0.0005000000237487257,0.0,0.000750000006519258,0.26624980568885803,-0.5793001055717468,0.3483722507953644,0.05109835043549538,0.0
181,2581,-0.22628940954856785,-0.36099079908051274,-0.10728940954856786,0.1670092009194873,0.19850211735154363,0.13737770531719545,0.6069760918617249,0.6013815402984619,-1.0,0.8860465288162231,0.3084745705127716,0.12174999713897705,-0.23074999451637268,-0.17987500131130219,0.2554999887943268,8.565000462112948e-05,0.0,0.0,6.851999933132902e-05,0.007499999832361937,0.006000000052154064,0.013500000350177288,0.0002500000118743628,-0.0002500000118743628,-0.0002500000118743628,0.0010000000474974513,-0.0029286732897162437,0.5171969532966614,-0.9052720069885254,-0.7850423455238342,-0.13263266
182,2582,-0.22470648096528956,-0.3570451230535688,-0.10570648096528956,0.17095487694643124,0.20099609466314158,0.1339939074800817,0.6365362405776978,0.5915409922599792,-1.0,0.8860465288162231,0.3084745705127716,0.12162499874830246,-0.22325000166893005,-0.17637500166893005,0.24112500250339508,9.13600015337579e-05,9.13600015337579e-05,7.423000351991504e-05,6.851999933132902e-05,0.01600000075995922,0.012500000186264515,0.02850000001490116,0.0005000000237487257,0.004000000189989805,0.0002500000118743628,0.0005000000237487257,-0.9618304967880249,0.8454525470733643,-0.002231862396001816,-0.5860962867736816,0.0
183,2583,-0.22317687679549097,-0.35802930329001487,-0.10417687679549098,0.16997069670998516,0.1993561120180183,0.13620950233624882,0.6402174830436707,0.5982286334037781,-1.0,0.8860465288162231,0.3084745705127716,0.10387499630451202,-0.20624999701976776,-0.17637500166893005,0.2303750067949295,8.565000462112948e-05,7.994000043254346e-05,7.423000351991504e-05,6.851999933132902e-05,0.014499999582767487,0.012500000186264515,0.027000000700354576,0.0,0.001500000013038516,0.0002500000118743628,0.0002500000118743628,-0.9111735820770264,-0.058872953057289124,-0.9269387125968933,-0.0993654727935791,0.0
184,2584,-0.19297746309779187,-0.3735069962514063,-0.07397746309779188,0.1544930037485937,0.17129142784636991,0.18033946663562248,0.643774688243866,0.5965604782104492,-1.0,0.8860465288162231,0.3084745705127716,0.08699999749660492,-0.20637500286102295,-0.19374999403953552,0.2290000021457672,0.0,0.0,0.0,-6.851999933132902e-05,0.0,0.006000000052154064,0.006000000052154064,-0.0002500000118743628,-0.0002500000118743628,0.0002500000118743628,-0.0005000000237487257,-0.5606364011764526,0.4589260518550873,-0.9377080202102661,-0.4312826097011566,-0.22780137
185,2585,-0.22568875458569893,-0.3555355598796536,-0.10668875458569893,0.17246444012034645,0.20279663079319651,0.13160288893582758,0.7140058875083923,0.57032710313797,-1.0,0.8860465288162231,0.3084745705127716,0.09062500298023224,-0.19812500476837158,-0.18987500667572021,0.22087499499320984,8.565000462112948e-05,7.423000351991504e-05,0.0,-1.7129999832832254e-05,0.014000000432133675,0.001500000013038516,0.01549999974668026,0.0,0.0002500000118743628,0.0,-0.0002500000118743628,-0.0016435295110568404,-0.8253387808799744,0.8198565244674683,0.5399864912033081,0.0
186,2586,-0.22585990244149406,-0.355195087614175,-0.10685990244149407,0.17280491238582502,0.20317622029774618,0.1311042851043407,0.6379331350326538,0.6007871627807617,-1.0,0.8860465288162231,0.3084745705127716,0.09062500298023224,-0.2133750021457672,-0.1746249943971634,0.2306250035762787,8.565000462112948e-05,7.423000351991504e-05,0.0,6.28100024187006e-05,0.014000000432133675,0.005499999970197678,0.019500000402331352,0.0,0.0,0.0,0.0002500000118743628,-0.6808772683143616,-0.15334978699684143,-0.5561643242835999,-0.5205533504486084,-0.09073973
187,2587,-0.20482443106226456,-0.3661204646457797,-0.08582443106226456,0.16187953535422034,0.1832234071663871,0.16005559238912914,0.6375350952148438,0.601364254951477,-1.0,0.8860465288162231,0.3084745705127716,0.07787500321865082,-0.2161249965429306,-0.17087499797344208,0.22112500667572021,0.0,0.0,0.0,0.0,0.0,0.0,0.0,0.0,-0.0002500000118743628,0.0,-0.0002500000118743628,0.9357746839523315,0.8249949812889099,0.2510109841823578,-0.9076575636863708,-0.13291891
188,2588,-0.2210839226897771,-0.3577489112892494,-0.10208392268977712,0.17025108871075062,0.19851085733261106,0.13736569905643997,0.6864548325538635,0.5828466415405273,-1.0,0.8860465288162231,0.3084745705127716,0.09537500143051147,-0.20125000178813934,-0.16625000536441803,0.22450000047683716,5.139000131748617e-05,7.423000351991504e-05,0.0,6.851999933132902e-05,0.010999999940395355,0.006000000052154064,0.017000000923871994,0.0,0.000750000006519258,0.0,0.0005000000237487257,0.7893222570419312,0.28791162371635437,-0.9436187148094177,-0.09397344291210175,-0.13723426
189,2589,-0.2435933361160194,-0.34506689149198677,-0.12459333611601942,0.18293310850801325,0.2213323780944034,0.1093366328796667,0.6486420631408691,0.5970357656478882,-1.0,0.8860465288162231,0.3084745705127716,0.10962499678134918,-0.19837500154972076,-0.16249999403953552,0.22300000488758087,0.00010278000263497233,0.00010278000263497233,0.0,6.28100024187006e-05,0.017999999225139618,0.005499999970197678,0.023499999195337296,0.0010000000474974513,0.005750000011175871,0.0,0.0,-0.7993739247322083,-0.7891548871994019,-0.36948561668395996,0.8673171401023865,-0.068338275
190,2590,-0.2248222265671614,-0.3557517992127023,-0.10582222656716139,0.17224820078729774,0.20215782525070078,0.13244626638739548,0.5962945818901062,0.6185306906700134,-1.0,0.8860465288162231,0.3084745705127716,0.09525000303983688,-0.21037499606609344,-0.1588750034570694,0.23862500488758087,0.0,7.423000351991504e-05,7.423000351991504e-05,5.7100001868093386e-05,0.006500000134110451,0.011500000022351742,0.017999999225139618,0.0,0.0002500000118743628,0.0002500000118743628,0.0012499999720603228,0.4923119843006134,0.7610145211219788,-0.8634907007217407,-0.5727581977844238,0.0
191,2591,-0.22860464108944173,-0.35306369541604227,-0.10960464108944173,0.17493630458395776,0.20643615964708456,0.12689927766072737,0.639948308467865,0.6004206538200378,-1.0,0.8860465288162231,0.3084745705127716,0.10387499630451202,-0.19875000417232513,-0.17487500607967377,0.22837500274181366,0.00010278000263497233,0.00010278000263497233,0.0,6.28100024187006e-05,0.017999999225139618,0.005499999970197678,0.023499999195337296,0.0010000000474974513,0.005499999970197678,0.0,0.0005000000237487257,-0.6436529755592346,0.5094234347343445,-0.4401475489139557,0.8486055135726929,-0.076817706
192,2592,-0.23698609879612775,-0.34812007296582587,-0.11798609879612776,0.17987992703417416,0.2151220761775728,0.11634204512670143,0.6311519742012024,0.6049767732620239,-1.0,0.8860465288162231,0.3084745705127716,0.09224999696016312,-0.18987500667572021,-0.17125000059604645,0.24262499809265137,9.13600015337579e-05,0.00011420000373618677,7.423000351991504e-05,7.994000043254346e-05,0.017999999225139618,0.013500000350177288,0.03150000050663948,0.0002500000118743628,0.006750000175088644,0.0002500000118743628,0.0037499999161809683,-0.9832364320755005,-0.18791265785694122,-0.5731076002120972,0.7229334115982056,0.0
193,2593,-0.23690836107551566,-0.3487983273877016,-0.11790836107551567,0.1792016726122984,0.21451251963127832,0.11705338147497445,0.6116602420806885,0.613355815410614,-1.0,0.8860465288162231,0.3084745705127716,0.07387500256299973,-0.1901250034570694,-0.1823749989271164,0.25325000286102295,9.13600015337579e-05,7.423000351991504e-05,7.994000043254346e-05,0.0001256200048374012,0.014499999582767487,0.017999999225139618,0.032499998807907104,0.0002500000118743628,0.0002500000118743628,0.0012499999720603228,0.009499999694526196,0.16611722111701965,-0.6031848192214966,0.010312101803719997,-0.6228119134902954,0.0
194,2594,-0.23907237512475732,-0.347945019548312,-0.12007237512475732,0.18005498045168805,0.2164189715657068,0.11484295235296159,0.6118410229682922,0.612206220626831,-1.0,0.8860465288162231,0.3084745705127716,0.0768750011920929,-0.20112499594688416,-0.18187500536441803,0.24637499451637268,8.565000462112948e-05,0.0,7.423000351991504e-05,0.0,0.007499999832361937,0.006500000134110451,0.014000000432133675,0.0002500000118743628,-0.0002500000118743628,0.0005000000237487257,0.0,0.23861756920814514,0.13630411028862,-0.8477082252502441,-0.5740804672241211,-0.100533165
195,2595,-0.2554174719727996,-0.33928153066284317,-0.13641747197279963,0.18871846933715686,0.23286130491863388,0.09743078512903679,0.6068084239959717,0.6136525273323059,-1.0,0.8860465288162231,0.3084745705127716,0.08124999701976776,-0.1979999989271164,-0.19750000536441803,0.25,9.13600015337579e-05,7.994000043254346e-05,0.0,6.28100024187006e-05,0.014999999664723873,0.005499999970197678,0.020500000566244125,0.0002500000118743628,0.0010000000474974513,0.0,0.0002500000118743628,0.003536194795742631,-0.7445580959320068,0.6532005071640015,0.6138783693313599,0.0
196,2596,-0.2804049293059204,-0.32103346089445334,-0.16140492930592043,0.2069665391055467,0.2624627583364485,0.07246673982895263,0.5687965750694275,0.6283363699913025,-1.0,0.8860465288162231,0.3084745705127716,0.08124999701976776,-0.21137499809265137,-0.18549999594688416,0.26124998927116394,8.565000462112948e-05,6.851999933132902e-05,7.423000351991504e-05,6.851999933132902e-05,0.013500000350177288,0.012500000186264515,0.026000000536441803,0.0002500000118743628,0.0,0.0002500000118743628,0.000750000006519258,0.23461246490478516,-0.4220845103263855,-0.6868867874145508,0.4576425850391388,0.0
197,2597,-0.23930516994805573,-0.3559904891768702,-0.12030516994805573,0.17200951082312982,0.2099061831624857,0.12257136690877746,0.5106862187385559,0.6592653393745422,-1.0,0.8860465288162231,0.3084745705127716,0.0858749970793724,-0.21924999356269836,-0.19837500154972076,0.2697499990463257,0.0,0.0,7.423000351991504e-05,6.28100024187006e-05,0.0,0.012000000104308128,0.012000000104308128,-0.0002500000118743628,0.0,0.0002500000118743628,0.000750000006519258,-0.7147709727287292,-0.605707049369812,0.7859948873519897,0.53104567527771,-0.20645738
198,2598,-0.2410994417647856,-0.3550010731335221,-0.1220994417647856,0.17299892686647794,0.21174726061091145,0.12033537940345439,0.6062670350074768,0.6000161170959473,-1.0,0.8860465288162231,0.3084745705127716,0.08950000256299973,-0.2175000011920929,-0.18787500262260437,0.2746250033378601,9.13600015337579e-05,9.707000572234392e-05,0.00013703999866265804,0.0001484600070398301,0.016499999910593033,0.02500000037252903,0.04149999842047691,0.0,0.004000000189989805,0.008500000461935997,0.01075000036507845,-0.6105760335922241,0.12262847274541855,0.22188319265842438,0.839297890663147,0.0
199,2599,-0.24274013826487595,-0.35438287631911286,-0.12374013826487595,0.17361712368088716,0.2132006741383223,0.1185990572565322,0.602094292640686,0.6016930937767029,-1.0,0.8860465288162231,0.3084745705127716,0.078125,-0.2175000011920929,-0.18712499737739563,0.28075000643730164,0.0,0.00013703999866265804,0.00023411000438500196,0.0005367400008253753,0.012000000104308128,0.06750000268220901,0.0794999971985817,0.0,0.008500000461935997,0.015250000171363354,0.029750000685453415,0.03145059570670128,-0.13228555023670197,-0.7286596298217773,0.0006573050050064921,-0.02022593
200,2600,-0.24663664580829753,-0.3572105759649604,-0.12763664580829753,0.1707894240350396,0.21321383800169577,0.11858344606621314,0.5982787609100342,0.6027408838272095,-1.0,0.8860465288162231,0.3084745705127716,0.08187499642372131,-0.2175000011920929,-0.19449999928474426,0.2854999899864197,0.0,9.13600015337579e-05,8.565000462112948e-05,0.0003026300109922886,0.00800000037997961,0.03400000184774399,0.041999999433755875,0.0,0.0037499999161809683,0.002749999985098839,0.020250000059604645,0.011029615998268127,-0.8476811647415161,-0.6280556917190552,0.9323787689208984,-0.02267645
201,2601,-0.24811704197884954,-0.35311909404152797,-0.12911704197884954,0.17488090595847205,0.21738109807024147,0.11374331629740296,0.5892171263694763,0.5979481935501099,-1.0,0.8860465288162231,0.3084745705127716,0.08574999868869781,-0.23250000178813934,-0.2070000022649765,0.30274999141693115,0.0,7.994000043254346e-05,9.13600015337579e-05,0.00037115000304766,0.007000000216066837,0.04050000011920929,0.04749999940395355,-0.0002500000118743628,0.0020000000949949026,0.0042500002309679985,0.020500000566244125,-0.6067911386489868,0.733542263507843,-0.9211087226867676,-0.21965958178043365,-0.09681494
202,2602,-0.24892232913440704,-0.3546614005523888,-0.12992232913440704,0.1733385994476112,0.2166242868797693,0.11460740407574697,0.585774302482605,0.6048828959465027,-1.0,0.8860465288162231,0.3084745705127716,0.08924999833106995,-0.22037500143051147,-0.2224999964237213,0.304749995470047,9.13600015337579e-05,0.00010278000263497233,7.423000351991504e-05,0.00010848999954760075,0.017000000923871994,0.01600000075995922,0.032999999821186066,0.0002500000118743628,0.005249999929219484,0.000750000006519258,0.008500000461935997,0.5356454849243164,0.19160813093185425,-0.2873367667198181,0.6810513734817505,0.0
203,2603,-0.24820901707662824,-0.3550583877340123,-0.12920901707662824,0.1729416122659877,0.21587906648646515,0.11546467212393013,0.583901584148407,0.6022688150405884,-1.0,0.8860465288162231,0.3084745705127716,0.09862499684095383,-0.21987499296665192,-0.22849999368190765,0.312624990940094,0.00011991000064881518,0.00017130000924225897,7.994000043254346e-05,0.0002512400096748024,0.025499999523162842,0.028999999165534973,0.054499998688697815,0.001500000013038516,0.011250000447034836,0.0020000000949949026,0.0182499997317791,-0.3026789426803589,-0.3847501277923584,-0.43123722076416016,-0.3035760819911957,0.0
204,2604,-0.25096953164577684,-0.35425494733501567,-0.13196953164577685,0.17374505266498436,0.21818180631840933,0.11283620070327592,0.5855604410171509,0.601595938205719,-1.0,0.8860465288162231,0.3084745705127716,0.09375,-0.2214999943971634,-0.23549999296665192,0.31312501430511475,0.0,7.423000351991504e-05,0.0,9.707000572234392e-05,0.006500000134110451,0.008500000461935997,0.014999999664723873,0.0,0.0002500000118743628,0.0,0.006000000052154064,0.6795395016670227,-0.04476397484540939,0.8420428037643433,0.6870707869529724,0.0
205,2605,-0.2551099843086085,-0.3538271720553693,-0.1361099843086085,0.17417282794463074,0.22104773652475973,0.10964829373544167,0.5791406035423279,0.6029577255249023,-1.0,0.8860465288162231,0.3084745705127716,0.10575000196695328,-0.22437499463558197,-0.2280000001192093,0.31700000166893005,0.0001256200048374012,9.707000572234392e-05,0.00025695000658743083,0.0003768599999602884,0.019500000402331352,0.05550000071525574,0.07500000298023224,0.0012499999720603228,0.0044999998062849045,0.016499999910593033,0.024000000208616257,-0.9209672808647156,-0.9820583462715149,-0.28416773676872253,-0.3497944474220276,0.0
206,2606,-0.24934901351307942,-0.35704629724105447,-0.13034901351307943,0.17095370275894556,0.2149791473860357,0.11650845029797216,0.5695116519927979,0.6036827564239502,-1.0,0.8860465288162231,0.3084745705127716,0.08924999833106995,-0.2409999966621399,-0.22750000655651093,0.3178749978542328,0.0,7.423000351991504e-05,0.00010278000263497233,0.00013133000175002962,0.006500000134110451,0.020500000566244125,0.027000000700354576,-0.0002500000118743628,0.0010000000474974513,0.004999999888241291,0.00925000011920929,0.5698093771934509,0.944208025932312,-0.05090690031647682,0.057896994054317474,0.0
207,2607,-0.2522362160434461,-0.35599342007096324,-0.1332362160434461,0.17200657992903678,0.21757332741965402,0.11352487827873985,0.5829092860221863,0.5982266068458557,-1.0,0.8860465288162231,0.3084745705127716,0.09962499886751175,-0.22887499630451202,-0.22762499749660492,0.3177500069141388,8.565000462112948e-05,0.0001884299999801442,9.707000572234392e-05,0.0001541700039524585,0.024000000208616257,0.02199999988079071,0.04600000008940697,0.0002500000118743628,0.012000000104308128,0.0035000001080334187,0.011500000022351742,0.6625843048095703,0.29744839668273926,-0.6582139730453491,0.8234103918075562,0.0
208,2608,-0.25594790144276003,-0.35591072646159866,-0.13694790144276003,0.17208927353840137,0.21993054762026726,0.11088014052251222,0.5761948227882385,0.6000111699104309,-1.0,0.8860465288162231,0.3084745705127716,0.11087500303983688,-0.22737500071525574,-0.23937499523162842,0.3269999921321869,0.0001827200030675158,0.0003197600017301738,7.994000043254346e-05,0.0003825699968729168,0.04399999976158142,0.04050000011920929,0.08449999988079071,0.0024999999441206455,0.019999999552965164,0.0024999999441206455,0.023749999701976776,-0.5461045503616333,-0.8906683921813965,-0.02257094904780388,0.8364652991294861,0.0
209,2609,-0.25580463568930034,-0.35882682982896036,-0.13680463568930035,0.16917317017103967,0.2175662424453797,0.11353292177209721,0.567562997341156,0.6001513004302979,-1.0,0.8860465288162231,0.3084745705127716,0.10212499648332596,-0.23600000143051147,-0.24150000512599945,0.3356249928474426,0.0,9.13600015337579e-05,0.00010278000263497233,0.0007765600457787514,0.00800000037997961,0.07699999958276749,0.08500000089406967,-0.0002500000118743628,0.004000000189989805,0.006000000052154064,0.0377499982714653,0.8203213214874268,-0.7248754501342773,-0.04637334123253822,-0.3679099380970001,0.0
210,2610,-0.24786706270336567,-0.36511606516311457,-0.12886706270336568,0.16288393483688546,0.20769664435840057,0.12530977045997593,0.5678961873054504,0.5952087640762329,-1.0,0.8860465288162231,0.3084745705127716,0.1171249970793724,-0.2485000044107437,-0.24124999344348907,0.3386250138282776,8.565000462112948e-05,7.994000043254346e-05,9.13600015337579e-05,0.00025695000658743083,0.014499999582767487,0.030500000342726707,0.04500000178813934,0.0005000000237487257,0.0020000000949949026,0.004000000189989805,0.017999999225139618,-0.027578646317124367,-0.6019434928894043,-0.36000311374664307,-0.9987520575523376,0.0
211,2611,-0.24585970993642708,-0.3652544305612432,-0.1268597099364271,0.16274556943875684,0.2063480224695639,0.12701117240554305,0.5863556861877441,0.584549069404602,-1.0,0.8860465288162231,0.3084745705127716,0.11687500029802322,-0.25862500071525574,-0.24587500095367432,0.32912498712539673,0.0,1.7129999832832254e-05,0.0,-6.28100024187006e-05,0.001500000013038516,0.005499999970197678,0.007000000216066837,0.0,-0.0002500000118743628,-0.0002500000118743628,-0.0002500000118743628,0.9280280470848083,0.7927143573760986,0.9359937310218811,-0.36632072925567627,0.0
212,2612,-0.25328997275372456,-0.36087054835934906,-0.13428997275372456,0.16712945164065096,0.21439694584555252,0.11718874270524705,0.5910239219665527,0.5843145251274109,-1.0,0.8860465288162231,0.3084745705127716,0.13349999487400055,-0.24950000643730164,-0.22862499952316284,0.3218750059604645,0.0001256200048374012,0.00016558999777771533,6.851999933132902e-05,6.851999933132902e-05,0.025499999523162842,0.012000000104308128,0.03750000149011612,0.001500000013038516,0.010999999940395355,0.0002500000118743628,0.000750000006519258,-0.24643661081790924,-0.9670848846435547,-0.30068403482437134,0.016599038615822792,0.0
213,2613,-0.25460405036938655,-0.36204000538122744,-0.13560405036938655,0.1659599946187726,0.21431560440258698,0.11728410449862811,0.5737442374229431,0.5917448401451111,-1.0,0.8860465288162231,0.3084745705127716,0.12987500429153442,-0.26225000619888306,-0.23412500321865082,0.32225000858306885,0.0,6.851999933132902e-05,0.0,6.28100024187006e-05,0.006000000052154064,0.005499999970197678,0.011500000022351742,-0.0002500000118743628,0.0002500000118743628,0.0,0.0005000000237487257,-0.10044325143098831,-0.2691952586174011,-0.9175219535827637,0.35334891080856323,-0.17015584
214,2614,-0.3004435859665677,-0.327993808324311,-0.18144358596656773,0.200006191675689,0.27004490663039676,0.06717533978387343,0.5706882476806641,0.5897626876831055,-1.0,0.8860465288162231,0.3084745705127716,0.13324999809265137,-0.26737499237060547,-0.23074999451637268,0.32762500643730164,9.13600015337579e-05,7.423000351991504e-05,7.423000351991504e-05,7.423000351991504e-05,0.014499999582767487,0.013000000268220901,0.027499999850988388,0.0005000000237487257,0.0005000000237487257,0.000750000006519258,0.003000000026077032,0.13100986182689667,-0.9703430533409119,-0.8838945031166077,0.624491274356842,0.0
215,2615,-0.2547202694013859,-0.364977951693121,-0.13572026940138593,0.163022048306879,0.21212302977412698,0.11988404467466435,0.4640846848487854,0.6474681496620178,-1.0,0.8860465288162231,0.3084745705127716,0.13574999570846558,-0.2852500081062317,-0.24687500298023224,0.34062498807907104,8.565000462112948e-05,7.423000351991504e-05,7.423000351991504e-05,6.28100024187006e-05,0.014000000432133675,0.012000000104308128,0.026000000536441803,0.0002500000118743628,0.0,0.0,0.0002500000118743628,-0.6969281435012817,0.5513603687286377,0.8983495235443115,-0.14188894629478455,0.0
216,2616,-0.2516673977582821,-0.36428547682500784,-0.13266739775828212,0.1637145231749922,0.2107203918142933,0.121577432077414,0.5704180002212524,0.584783136844635,-1.0,0.8860465288162231,0.3084745705127716,0.12287499755620956,-0.27674999833106995,-0.23350000381469727,0.3375000059604645,0.0,9.13600015337579e-05,0.00011420000373618677,6.28100024187006e-05,0.00800000037997961,0.01549999974668026,0.023499999195337296,0.0,0.0035000001080334187,0.006750000175088644,0.0012499999720603228,-0.2512475848197937,0.6779946088790894,-0.46923625469207764,-0.17398566007614136,-0.054149713
217,2617,-0.25667742687019446,-0.3640981557090267,-0.13767742687019446,0.16390184429097332,0.2140534709636361,0.11759194866006009,0.5775176882743835,0.5859568119049072,-1.0,0.8860465288162231,0.3084745705127716,0.1264999955892563,-0.26499998569488525,-0.23887500166893005,0.3347499966621399,8.565000462112948e-05,0.00010278000263497233,0.0,6.28100024187006e-05,0.016499999910593033,0.005499999970197678,0.02199999988079071,0.0002500000118743628,0.005249999929219484,0.0,0.0002500000118743628,-0.3595515787601471,-0.8965201377868652,0.6590276956558228,0.40137118101119995,0.0
218,2618,-0.25109779704002805,-0.36628505621053986,-0.13209779704002805,0.16171494378946016,0.20880984418282753,0.12392255786472561,0.5658664703369141,0.5862743258476257,-1.0,0.8860465288162231,0.3084745705127716,0.11999999731779099,-0.27950000762939453,-0.2304999977350235,0.33662500977516174,0.0,7.994000043254346e-05,0.0001256200048374012,0.0001541700039524585,0.007000000216066837,0.02449999935925007,0.03150000050663948,0.0,0.000750000006519258,0.00774999987334013,0.011500000022351742,-0.7326286435127258,0.6159547567367554,0.8785722255706787,-0.7160431146621704,-0.11191545
219,2619,-0.250965843267678,-0.36486701428417195,-0.13196584326767802,0.16313298571582807,0.2098269639915469,0.12266850540052472,0.5788423418998718,0.5825676918029785,-1.0,0.8860465288162231,0.3084745705127716,0.1237500011920929,-0.27125000953674316,-0.21712499856948853,0.3264999985694885,0.0,0.00011420000373618677,0.0002169799990952015,8.565000462112948e-05,0.009999999776482582,0.026499999687075615,0.0364999994635582,0.0,0.007249999791383743,0.013749999925494194,0.004999999888241291,0.7233926057815552,0.5640285015106201,-0.9396673440933228,0.4109576642513275,0.0
220,2620,-0.244059377804816,-0.3697919020538768,-0.12505937780481602,0.15820809794612323,0.20166717688473212,0.1330977086677851,0.5791491866111755,0.5849711894989014,-1.0,0.8860465288162231,0.3084745705127716,0.1368750035762787,-0.2618750035762787,-0.22837500274181366,0.3308750092983246,9.707000572234392e-05,0.0001541700039524585,7.423000351991504e-05,0.0001598800008650869,0.02199999988079071,0.020500000566244125,0.042500000447034836,0.000750000006519258,0.009499999694526196,0.0012499999720603228,0.011500000022351742,0.8694964647293091,-0.5611237287521362,0.8028478622436523,-0.9460139274597168,0.0
221,2621,-0.2493047614040833,-0.3656685186968101,-0.1303047614040833,0.16233148130318992,0.20816061266883074,0.12472971950202973,0.5952107310295105,0.5766239166259766,-1.0,0.8860465288162231,0.3084745705127716,0.15299999713897705,-0.2683750092983246,-0.21324999630451202,0.31862500309944153,9.707000572234392e-05,7.423000351991504e-05,7.423000351991504e-05,6.28100024187006e-05,0.014999999664723873,0.012000000104308128,0.027000000700354576,0.0010000000474974513,0.001500000013038516,0.0010000000474974513,0.000750000006519258,-0.6508245468139648,0.021045252680778503,-0.920261025428772,0.33923929929733276,0.0
222,2622,-0.25528873569513894,-0.3649922501455722,-0.13628873569513894,0.16300774985442784,0.21247622452872972,0.11946136739365647,0.5830121636390686,0.5836126804351807,-1.0,0.8860465288162231,0.3084745705127716,0.14112499356269836,-0.2683750092983246,-0.23000000417232513,0.32350000739097595,9.707000572234392e-05,7.994000043254346e-05,0.0,7.423000351991504e-05,0.01549999974668026,0.006500000134110451,0.02199999988079071,0.0005000000237487257,0.0022499999031424522,0.0,0.0035000001080334187,0.32634294033050537,-0.440600723028183,-0.7620337009429932,0.7919586896896362,-0.11544405
223,2623,-0.25243064910270885,-0.36504816548631325,-0.13343064910270885,0.16295183451368678,0.210611107236409,0.12171037008800344,0.5690959692001343,0.5847588777542114,-1.0,0.8860465288162231,0.3084745705127716,0.14687499403953552,-0.2759999930858612,-0.2280000001192093,0.33524999022483826,0.00010278000263497233,7.423000351991504e-05,8.565000462112948e-05,0.00013133000175002962,0.01549999974668026,0.01899999938905239,0.03449999913573265,0.0010000000474974513,0.0010000000474974513,0.0035000001080334187,0.009499999694526196,-0.4715096354484558,0.09932411462068558,0.8498807549476624,-0.7271373271942139,0.0
224,2624,-0.2509815620444316,-0.36745852902172765,-0.13198156204443162,0.16054147097827237,0.2078285269724915,0.12514461758688267,0.5757426619529724,0.5846641063690186,-1.0,0.8860465288162231,0.3084745705127716,0.13862499594688416,-0.2757500112056732,-0.21525000035762787,0.32487499713897705,0.0,9.13600015337579e-05,0.0001598800008650869,7.994000043254346e-05,0.00800000037997961,0.020999999716877937,0.028999999165534973,0.0,0.004000000189989805,0.009750000201165676,0.003000000026077032,0.38611990213394165,-0.1602647304534912,0.6089502573013306,0.3940733075141907,0.0
225,2625,-0.24808864722291007,-0.3688925169850509,-0.12908864722291008,0.15910748301494915,0.20488794496795867,0.12887923837736262,0.5791126489639282,0.5805787444114685,-1.0,0.8860465288162231,0.3084745705127716,0.1457500010728836,-0.2771250009536743,-0.20887500047683716,0.32499998807907104,0.0,7.423000351991504e-05,0.00034260001848451793,0.000245530012762174,0.006500000134110451,0.051500000059604645,0.057999998331069946,0.0,0.000750000006519258,0.019750000908970833,0.017500000074505806,0.7239152193069458,0.18837589025497437,0.92322838306427,0.13805893063545227,0.0
226,2626,-0.24897660423859247,-0.3703099462146352,-0.12997660423859247,0.15769005378536483,0.20435280940624953,0.12957076566753223,0.5858403444290161,0.5781483054161072,-1.0,0.8860465288162231,0.3084745705127716,0.1589999943971634,-0.2773750126361847,-0.2003750056028366,0.3246249854564667,9.707000572234392e-05,0.00013703999866265804,0.0008051100303418934,0.00037115000304766,0.020500000566244125,0.10300000011920929,0.12349999696016312,0.0005000000237487257,0.008249999955296516,0.03725000098347664,0.023250000551342964,-0.732903242111206,-0.9018617868423462,-0.3259134292602539,-0.8629465103149414,0.0
227,2627,-0.24496184370684015,-0.3714461015518272,-0.12596184370684016,0.1565538984481728,0.2009365800180426,0.13407367721355512,0.5837753415107727,0.5757458806037903,-1.0,0.8860465288162231,0.3084745705127716,0.14562499523162842,-0.29074999690055847,-0.19474999606609344,0.31862500309944153,0.0,7.423000351991504e-05,0.00019414001144468784,6.851999933132902e-05,0.006500000134110451,0.023000000044703484,0.029500000178813934,0.0,0.0012499999720603228,0.014000000432133675,0.003000000026077032,-0.4038884937763214,0.7842342257499695,0.8134728670120239,0.5063502788543701,-0.07246663
228,2628,-0.24413398229241012,-0.3680837555249977,-0.12513398229241013,0.1599162444750023,0.20305594985458053,0.13126205966811,0.5931119918823242,0.573820173740387,-1.0,0.8860465288162231,0.3084745705127716,0.14925000071525574,-0.28437501192092896,-0.1899999976158142,0.31837499141693115,9.13600015337579e-05,0.00026266000350005925,0.0007023300277069211,0.00034831001539714634,0.03099999949336052,0.09200000017881393,0.12300000339746475,0.0002500000118743628,0.017750000581145287,0.03500000014901161,0.02225000038743019,-0.6104086637496948,0.835925817489624,-0.8071162700653076,-0.6200395822525024,0.0
229,2629,-0.24702466936964584,-0.3668754040384382,-0.12802466936964585,0.1611245959615618,0.2057946826110521,0.12771592388444233,0.5950372219085693,0.5795190334320068,-1.0,0.8860465288162231,0.3084745705127716,0.1379999965429306,-0.26787498593330383,-0.19112500548362732,0.31212499737739563,0.0,0.00023982000129763037,0.00011420000373618677,0.00016558999777771533,0.020999999716877937,0.02449999935925007,0.045499999076128006,0.0,0.01600000075995922,0.007000000216066837,0.011500000022351742,-0.9104665517807007,-0.15628068149089813,-0.22918741405010223,-0.10587479174137115,-0.133256
230,2630,-0.24408708937459445,-0.3670091935040701,-0.12508708937459445,0.16099080649592995,0.20387451950750918,0.13019197395545024,0.5883147120475769,0.581567108631134,-1.0,0.8860465288162231,0.3084745705127716,0.14162500202655792,-0.26762500405311584,-0.1941249966621399,0.3122499883174896,0.0,0.0001484600070398301,9.13600015337579e-05,0.00010848999954760075,0.013000000268220901,0.017500000074505806,0.030500000342726707,0.0002500000118743628,0.009750000201165676,0.0044999998062849045,0.007499999832361937,0.34549349546432495,-0.24016207456588745,0.6834508180618286,-0.7931472659111023,0.0
231,2631,-0.21900985901719727,-0.37861680242082607,-0.10000985901719728,0.14938319757917395,0.1797701633186614,0.16567924263010467,0.5951462984085083,0.5813403725624084,-1.0,0.8860465288162231,0.3084745705127716,0.14800000190734863,-0.26750001311302185,-0.1837500035762787,0.2998749911785126,9.13600015337579e-05,7.423000351991504e-05,0.0001541700039524585,7.423000351991504e-05,0.014499999582767487,0.019999999552965164,0.03449999913573265,0.0002500000118743628,0.0005000000237487257,0.00925000011920929,0.002749999985098839,-0.8186426162719727,0.5796342492103577,-0.15942703187465668,-0.850288450717926,0.0
232,2632,-0.2478716655512337,-0.36053281195826725,-0.1288716655512337,0.16746718804173277,0.21131295571392236,0.1208591383811936,0.6534654498100281,0.5616664290428162,-1.0,0.8860465288162231,0.3084745705127716,0.132874995470047,-0.2567499876022339,-0.1821250021457672,0.2852500081062317,4.568000076687895e-05,7.423000351991504e-05,7.423000351991504e-05,6.851999933132902e-05,0.010499999858438969,0.012500000186264515,0.023000000044703484,0.0,0.0005000000237487257,0.0002500000118743628,0.0002500000118743628,-0.05729332193732262,-0.555382251739502,0.11362134665250778,0.10772018134593964,-0.0308752
233,2633,-0.2358204122086826,-0.3682378072013503,-0.11682041220868261,0.15976219279864973,0.19791656564431248,0.13818448255982582,0.5863449573516846,0.5923172831535339,-1.0,0.8860465288162231,0.3084745705127716,0.13650000095367432,-0.2667500078678131,-0.18037499487400055,0.2866249978542328,9.13600015337579e-05,0.0,7.994000043254346e-05,6.851999933132902e-05,0.00800000037997961,0.013000000268220901,0.020999999716877937,0.0002500000118743628,-0.0002500000118743628,0.0010000000474974513,0.001500000013038516,-0.2686071991920471,-0.38550782203674316,0.5422118902206421,-0.35678523778915405,-0.07026094
234,2634,-0.2061434869161364,-0.3852455221831797,-0.08714348691613641,0.14275447781682032,0.16725079446345203,0.1877755439428151,0.614371120929718,0.5792579650878906,-1.0,0.8860465288162231,0.3084745705127716,0.13175000250339508,-0.26374998688697815,-0.17162500321865082,0.28049999475479126,0.0,7.994000043254346e-05,9.13600015337579e-05,6.28100024187006e-05,0.007000000216066837,0.013500000350177288,0.020500000566244125,-0.0002500000118743628,0.0012499999720603228,0.0037499999161809683,0.0005000000237487257,0.3590201139450073,-0.3898491859436035,0.44743627309799194,-0.7652741074562073,0.0
235,2635,-0.23553094222828153,-0.36705837552680814,-0.11653094222828153,0.16094162447319188,0.19869994208524824,0.13710620687156233,0.6833872199058533,0.5504313111305237,-1.0,0.8860465288162231,0.3084745705127716,0.13824999332427979,-0.27037501335144043,-0.1616249978542328,0.26649999618530273,0.0,0.0,6.851999933132902e-05,0.0,0.0,0.006000000052154064,0.006000000052154064,0.0,0.0,0.0005000000237487257,0.0,0.40305864810943604,0.37854352593421936,0.4062543511390686,-0.9898747205734253,-0.14278498
236,2636,-0.22121902380841568,-0.3741068045422907,-0.10221902380841569,0.1538931954577093,0.18474805665156582,0.15763381434978133,0.6150442957878113,0.5812569856643677,-1.0,0.8860465288162231,0.3084745705127716,0.1457500010728836,-0.26462501287460327,-0.15625,0.2680000066757202,0.0,8.565000462112948e-05,9.707000572234392e-05,7.994000043254346e-05,0.007499999832361937,0.01549999974668026,0.023000000044703484,0.0,0.0024999999441206455,0.004749999847263098,0.0044999998062849045,0.9465436339378357,0.4634745121002197,-0.6714605689048767,-0.9475584626197815,0.0
237,2637,-0.22910932465920497,-0.37293300673142266,-0.11010932465920498,0.15506699326857737,0.1901836895694876,0.14929412945161738,0.6483278274536133,0.5693104863166809,-1.0,0.8860465288162231,0.3084745705127716,0.16312499344348907,-0.25725001096725464,-0.16637499630451202,0.25224998593330383,9.707000572234392e-05,9.707000572234392e-05,0.0,6.28100024187006e-05,0.017000000923871994,0.005499999970197678,0.02250000089406967,0.0005000000237487257,0.004999999888241291,0.0,0.0005000000237487257,0.6860923171043396,-0.3654495179653168,-0.8881924152374268,0.9397251009941101,-0.13058311
238,2638,-0.2274320340201409,-0.37288417974507976,-0.1084320340201409,0.15511582025492027,0.1892575591491704,0.15068321022135842,0.6299782991409302,0.5712999701499939,-1.0,0.8860465288162231,0.3084745705127716,0.17524999380111694,-0.26249998807907104,-0.1626249998807907,0.26737499237060547,0.0001598800008650869,8.565000462112948e-05,0.0,9.13600015337579e-05,0.0215000007301569,0.00800000037997961,0.029500000178813934,0.0017500000540167093,0.0020000000949949026,0.0,0.005249999929219484,0.6547993421554565,0.9510441422462463,0.6567553281784058,0.2166614681482315,0.0
239,2639,-0.2211713681347922,-0.3751973948255869,-0.10217136813479222,0.15280260517441313,0.18381410341598606,0.15911293686397268,0.6338790059089661,0.5713827610015869,-1.0,0.8860465288162231,0.3084745705127716,0.18649999797344208,-0.25687500834465027,-0.15324999392032623,0.2681249976158142,0.0003026300109922886,0.0004625100118573755,9.707000572234392e-05,0.0001598800008650869,0.06700000166893005,0.02250000089406967,0.08950000256299973,0.0037499999161809683,0.026249999180436134,0.005750000011175871,0.011749999597668648,0.6220288276672363,0.5404510498046875,-0.9068889021873474,-0.7771937847137451,0.0
240,2640,-0.2247274560596575,-0.3707957368105195,-0.1057274560596575,0.1572042631894805,0.1894504561350916,0.15039282701082365,0.6484386920928955,0.5674620270729065,-1.0,0.8860465288162231,0.3084745705127716,0.1966249942779541,-0.25312501192092896,-0.16737499833106995,0.2581250071525574,0.0005824200343340635,0.0008507900056429207,0.0,6.851999933132902e-05,0.12549999356269836,0.006000000052154064,0.1315000057220459,0.006750000175088644,0.039000000804662704,0.0,0.002749999985098839,-0.789594829082489,0.36838364601135254,-0.28915971517562866,0.37154850363731384,-0.05869917
241,2641,-0.21994097149465064,-0.3729025114533327,-0.10094097149465064,0.15509748854666733,0.1850521836665741,0.1571551356002064,0.6401687264442444,0.574922502040863,-1.0,0.8860465288162231,0.3084745705127716,0.18437500298023224,-0.24300000071525574,-0.16362500190734863,0.2602500021457672,0.0001598800008650869,0.0006509399972856045,0.0,0.00016558999777771533,0.07100000232458115,0.014499999582767487,0.08550000190734863,0.0017500000540167093,0.032499998807907104,0.0,0.012249999679625034,-0.9639391303062439,-0.9838090538978577,-0.8321233987808228,-0.8162565231323242,-0.12385482
242,2642,-0.23018162354102406,-0.3712889053843407,-0.11118162354102407,0.15671109461565935,0.1921450509090883,0.1463944615532608,0.6513000726699829,0.5713516473770142,-1.0,0.8860465288162231,0.3084745705127716,0.16712500154972076,-0.24549999833106995,-0.15974999964237213,0.25087499618530273,9.707000572234392e-05,7.423000351991504e-05,5.7100000958598685e-06,6.28100024187006e-05,0.014999999664723873,0.006000000052154064,0.020999999716877937,0.0002500000118743628,0.000750000006519258,-0.0002500000118743628,0.0005000000237487257,0.6422426700592041,-0.8248518109321594,0.5156763195991516,0.7453572154045105,0.0
243,2643,-0.22470600573845112,-0.37436259867600596,-0.10570600573845113,0.15363740132399406,0.18648917055627512,0.15491298519110827,0.6274846196174622,0.574086606502533,-1.0,0.8860465288162231,0.3084745705127716,0.17874999344348907,-0.2613750100135803,-0.15037499368190765,0.2630000114440918,0.00011420000373618677,7.423000351991504e-05,7.423000351991504e-05,7.994000043254346e-05,0.016499999910593033,0.013500000350177288,0.029999999329447746,0.0010000000474974513,0.0017500000540167093,0.0002500000118743628,0.004000000189989805,0.5749671459197998,0.7220789790153503,-0.725398063659668,-0.23383422195911407,0.0
244,2644,-0.21913212032648338,-0.37508662752706196,-0.10013212032648339,0.15291337247293807,0.18278112868161428,0.16076505157412993,0.6402186155319214,0.5688769221305847,-1.0,0.8860465288162231,0.3084745705127716,0.18837499618530273,-0.25737500190734863,-0.16374999284744263,0.2602500021457672,0.00022840000747237355,0.00034260001848451793,0.0,6.851999933132902e-05,0.05000000074505806,0.006000000052154064,0.0560000017285347,0.0032500000670552254,0.020749999210238457,0.0,0.000750000006519258,-0.9870749711990356,-0.6517684459686279,-0.8527868390083313,-0.5837770104408264,-0.12633443
245,2645,-0.2240276140742597,-0.3730456369262439,-0.1050276140742597,0.15495436307375615,0.1871941621785388,0.15382470228279838,0.6531811356544495,0.567649781703949,-1.0,0.8860465288162231,0.3084745705127716,0.17137500643730164,-0.2592499852180481,-0.15987500548362732,0.24962499737739563,9.13600015337579e-05,7.423000351991504e-05,0.0,6.851999933132902e-05,0.014499999582767487,0.006000000052154064,0.020500000566244125,0.0002500000118743628,0.0002500000118743628,-0.0002500000118743628,0.0002500000118743628,0.8676828145980835,0.8977279663085938,-0.4136853516101837,0.6085476875305176,-0.07364225
246,2646,-0.2326710974550692,-0.3674568523115937,-0.1136710974550692,0.16054314768840633,0.196711007994828,0.1398604582881438,0.6417962312698364,0.5711091160774231,-1.0,0.8860465288162231,0.3084745705127716,0.1861249953508377,-0.2528750002384186,-0.1561249941587448,0.25612500309944153,0.00026837000041268766,0.00032546999864280224,0.0,0.00013703999866265804,0.052000001072883606,0.012000000104308128,0.06400000303983688,0.0032500000670552254,0.020999999716877937,-0.0002500000118743628,0.009999999776482582,-0.9185624122619629,0.0626668930053711,0.3911501467227936,0.8930015563964844,0.0
247,2647,-0.23116941286355214,-0.3676350115057044,-0.11216941286355214,0.16036498849429565,0.19570106468011253,0.14128012649162375,0.6216951012611389,0.5805816054344177,-1.0,0.8860465288162231,0.3084745705127716,0.1703750044107437,-0.24924999475479126,-0.15287500619888306,0.26762500405311584,0.00010278000263497233,0.00023982000129763037,0.0001256200048374012,0.0003026300109922886,0.029999999329447746,0.03750000149011612,0.06750000268220901,0.0005000000237487257,0.01600000075995922,0.00774999987334013,0.020250000059604645,-0.186664879322052,0.6622368097305298,0.4854859411716461,0.21156565845012665,0.0
248,2648,-0.2336874503142088,-0.36706624124475057,-0.1146874503142088,0.16093375875524946,0.19761803046955745,0.13859762823205676,0.6251873970031738,0.5802796483039856,-1.0,0.8860465288162231,0.3084745705127716,0.16699999570846558,-0.2433750033378601,-0.15275000035762787,0.26762500405311584,9.707000572234392e-05,0.0005424499977380037,0.00042254000436514616,0.0004739300056826323,0.0560000017285347,0.07850000262260437,0.13449999690055847,0.0005000000237487257,0.028999999165534973,0.025499999523162842,0.02800000086426735,0.5501337051391602,-0.9054938554763794,0.09701895713806152,0.9867204427719116,0.0
249,2649,-0.2334001434482848,-0.371464780230752,-0.11440014344828481,0.156535219769248,0.19388312935682392,0.14387199568711767,0.6193315386772156,0.581243634223938,-1.0,0.8860465288162231,0.3084745705127716,0.17624999582767487,-0.25075000524520874,-0.15287500619888306,0.2745000123977661,0.00019414001144468784,0.0001541700039524585,0.0005367400008253753,0.0012790400069206953,0.030500000342726707,0.1589999943971634,0.18950000405311584,0.0024999999441206455,0.009999999776482582,0.029249999672174454,0.051249999552965164,0.5936888456344604,-0.8561573624610901,-0.9846330285072327,-0.9516978859901428,0.0
250,2650,-0.22791410814995744,-0.3748555210374459,-0.10891410814995744,0.15314447896255412,0.18792422513027107,0.15270577452913653,0.6199996471405029,0.5737885236740112,-1.0,0.8860465288162231,0.3084745705127716,0.1876250058412552,-0.2639999985694885,-0.15712499618530273,0.27662500739097595,0.0001598800008650869,9.13600015337579e-05,7.994000043254346e-05,0.0001541700039524585,0.02199999988079071,0.020500000566244125,0.042500000447034836,0.0020000000949949026,0.0044999998062849045,0.0010000000474974513,0.011500000022351742,-0.7297981381416321,-0.45967811346054077,-0.9804099798202515,-0.410014271736145,0.0
251,2651,-0.23114711814743183,-0.3710197699716644,-0.11214711814743183,0.1569802300283356,0.19292425645450392,0.1452581805222685,0.6327579021453857,0.5680415034294128,-1.0,0.8860465288162231,0.3084745705127716,0.17499999701976776,-0.2705000042915344,-0.17499999701976776,0.2746250033378601,8.565000462112948e-05,6.851999933132902e-05,2.2840000383439474e-05,5.139000131748617e-05,0.013500000350177288,0.006500000134110451,0.019999999552965164,0.0,0.0005000000237487257,0.0,0.0002500000118743628,-0.6530443429946899,0.6783627271652222,-0.9841094613075256,-0.6788922548294067,-0.24756022
252,2652,-0.23629590900746772,-0.365984449244102,-0.11729590900746772,0.16201555075589802,0.20001842154317964,0.1353103546851564,0.6252392530441284,0.574542760848999,-1.0,0.8860465288162231,0.3084745705127716,0.1627500057220459,-0.2602500021457672,-0.17125000059604645,0.27674999833106995,8.565000462112948e-05,0.00010278000263497233,0.0,7.994000043254346e-05,0.016499999910593033,0.007000000216066837,0.023499999195337296,0.0002500000118743628,0.005249999929219484,0.0,0.0035000001080334187,-0.46904343366622925,0.9163767099380493,0.6171555519104004,0.5661890506744385,0.0
253,2653,-0.22800321571070298,-0.3711448875534781,-0.10900321571070298,0.15685511244652195,0.19101106600373993,0.14806400092098007,0.613265335559845,0.5830771923065186,-1.0,0.8860465288162231,0.3084745705127716,0.15399999916553497,-0.2485000044107437,-0.16687500476837158,0.2801249921321869,8.565000462112948e-05,0.00023411000438500196,0.00021127000218257308,0.0002512400096748024,0.02800000086426735,0.04050000011920929,0.06849999725818634,0.0002500000118743628,0.01600000075995922,0.01425000000745058,0.017750000581145287,-0.17156285047531128,-0.4490394592285156,-0.653047502040863,-0.7063804864883423,0.0
254,2654,-0.23233984100519495,-0.36601525940523655,-0.11333984100519495,0.16198474059476348,0.19769920522004047,0.13848516760415638,0.6325506567955017,0.5743306875228882,-1.0,0.8860465288162231,0.3084745705127716,0.1509999930858612,-0.24899999797344208,-0.171875,0.2757500112056732,0.0,6.851999933132902e-05,0.0,5.7100001868093386e-05,0.006000000052154064,0.004999999888241291,0.010999999940395355,0.0,0.0002500000118743628,0.0,0.0002500000118743628,-0.3574222922325134,0.553146243095398,0.9909510016441345,-0.31659048795700073,-0.06689068
255,2655,-0.21906718339623638,-0.37249395664879287,-0.10006718339623638,0.15550604335120716,0.18492044427700127,0.1573623072498992,0.6224654912948608,0.5830249786376953,-1.0,0.8860465288162231,0.3084745705127716,0.15412500500679016,-0.2447499930858612,-0.15850000083446503,0.2681249976158142,0.00011420000373618677,0.0001827200030675158,0.0001541700039524585,7.994000043254346e-05,0.026000000536441803,0.020500000566244125,0.04650000110268593,0.0012499999720603228,0.012249999679625034,0.010250000283122063,0.0037499999161809683,-0.6283423900604248,-0.1493513137102127,-0.25353899598121643,-0.7830200791358948,0.0
256,2656,-0.21756673718976055,-0.37307012360755487,-0.09856673718976056,0.15492987639244515,0.18362643676555307,0.15941181914645608,0.6533321142196655,0.5720441341400146,-1.0,0.8860465288162231,0.3084745705127716,0.14287500083446503,-0.24287499487400055,-0.15800000727176666,0.2551249861717224,8.565000462112948e-05,8.565000462112948e-05,0.0,6.28100024187006e-05,0.014999999664723873,0.005499999970197678,0.020500000566244125,0.0002500000118743628,0.003000000026077032,-0.0002500000118743628,0.0005000000237487257,0.9420071840286255,0.14756911993026733,-0.8528153896331787,-0.5103650093078613,-0.12633786
257,2657,-0.21907174079671204,-0.3711534934544845,-0.10007174079671205,0.15684650654551552,0.1860515517850275,0.15559239903036354,0.6568215489387512,0.5710675716400146,-1.0,0.8860465288162231,0.3084745705127716,0.1602499932050705,-0.242125004529953,-0.15424999594688416,0.24574999511241913,0.00010278000263497233,0.00010848999954760075,0.0,6.28100024187006e-05,0.01850000023841858,0.005499999970197678,0.024000000208616257,0.000750000006519258,0.007000000216066837,-0.0002500000118743628,0.0002500000118743628,-0.16390852630138397,0.3523607850074768,0.43256399035453796,-0.11283716559410095,0.0
258,2658,-0.21733755297522267,-0.37009634736202884,-0.09833755297522268,0.15790365263797118,0.1860210682733754,0.1556398362873553,0.6533215045928955,0.5743160843849182,-1.0,0.8860465288162231,0.3084745705127716,0.1574999988079071,-0.2370000034570694,-0.14637500047683716,0.24375000596046448,8.565000462112948e-05,0.0001541700039524585,0.0,6.28100024187006e-05,0.020999999716877937,0.005499999970197678,0.026499999687075615,0.0002500000118743628,0.009750000201165676,0.0,0.0002500000118743628,0.7087427377700806,0.38364118337631226,-0.4530477821826935,-0.5296347141265869,-0.078365736
259,2659,-0.21705031564413396,-0.3682699938831683,-0.09805031564413397,0.15973000611683175,0.18742342236763634,0.1534724474238323,0.6573545336723328,0.5761078596115112,-1.0,0.8860465288162231,0.3084745705127716,0.1693750023841858,-0.23412500321865082,-0.14262500405311584,0.23337499797344208,0.00023411000438500196,0.0002969200140796602,0.0,6.851999933132902e-05,0.04650000110268593,0.006000000052154064,0.05249999836087227,0.003000000026077032,0.0182499997317791,0.0,0.0012499999720603228,-0.8672593832015991,-0.27657368779182434,-0.366604208946228,-0.345153272151947,-0.06799251
260,2660,-0.20720454775881908,-0.37229760984243826,-0.08820454775881909,0.15570239015756177,0.1789504862975102,0.16704285829813817,0.6580225229263306,0.5792034268379211,-1.0,0.8860465288162231,0.3084745705127716,0.15437500178813934,-0.23325000703334808,-0.13899999856948853,0.22750000655651093,8.565000462112948e-05,0.00011420000373618677,7.423000351991504e-05,6.28100024187006e-05,0.017500000074505806,0.012000000104308128,0.029500000178813934,0.0005000000237487257,0.0062500000931322575,0.0002500000118743628,0.0002500000118743628,0.07035336643457413,-0.16134758293628693,-0.30201593041419983,-0.8908711671829224,0.0
261,2661,-0.22713212868809113,-0.3620425727781516,-0.10813212868809113,0.16595742722184842,0.19807681566683422,0.13796321923002056,0.6809196472167969,0.5723769068717957,-1.0,0.8860465288162231,0.3084745705127716,0.15549999475479126,-0.2331250011920929,-0.1445000022649765,0.210999995470047,0.00010278000263497233,6.851999933132902e-05,0.0,6.28100024187006e-05,0.014999999664723873,0.005499999970197678,0.020500000566244125,0.000750000006519258,0.0,0.0,0.0,-0.5580867528915405,-0.1430167257785797,0.8340674638748169,0.7565280199050903,0.0
262,2662,-0.206046695485639,-0.37427169232147217,-0.08704669548563901,0.15372830767852785,0.17666216283254796,0.170909410104511,0.6345764398574829,0.5897583365440369,-1.0,0.8860465288162231,0.3084745705127716,0.14537499845027924,-0.2358749955892563,-0.1287499964237213,0.22487500309944153,3.425999966566451e-05,7.423000351991504e-05,0.0,6.28100024187006e-05,0.009499999694526196,0.005499999970197678,0.014999999664723873,0.0002500000118743628,0.0002500000118743628,-0.0002500000118743628,0.0005000000237487257,-0.46059879660606384,-0.6374800205230713,0.8263934254646301,-0.45907220244407654,-0.07927186
263,2663,-0.19566986696434258,-0.38082036694593374,-0.07666986696434258,0.14717963305406628,0.1659521403485342,0.19023000173427843,0.6836123466491699,0.5690310597419739,-1.0,0.8860465288162231,0.3084745705127716,0.14912499487400055,-0.2475000023841858,-0.11362499743700027,0.21662500500679016,1.7129999832832254e-05,0.0,7.423000351991504e-05,6.28100024187006e-05,0.001500000013038516,0.012000000104308128,0.013500000350177288,0.0002500000118743628,-0.0002500000118743628,0.0002500000118743628,0.0,-0.7267926931381226,-0.6918706893920898,0.8125011920928955,-0.7291977405548096,-0.2182396
264,2664,-0.21629811138056254,-0.37164070274175887,-0.09729811138056255,0.15635929725824116,0.18416066984379528,0.15856245927872661,0.7077444791793823,0.5579316020011902,-1.0,0.8860465288162231,0.3084745705127716,0.15299999713897705,-0.24387499690055847,-0.09837500005960464,0.2029999941587448,0.0,6.851999933132902e-05,7.423000351991504e-05,0.0,0.006000000052154064,0.006500000134110451,0.012500000186264515,0.0,0.0,0.0,0.0,-0.9093169569969177,-0.8446810245513916,0.7762476801872253,-0.9555395841598511,-0.2717828
265,2665,-0.21919343734996,-0.3710716402092542,-0.10019343734996,0.15692835979074582,0.18618602255436398,0.15538331334542926,0.6597718596458435,0.5734903216362,-1.0,0.8860465288162231,0.3084745705127716,0.15674999356269836,-0.25999999046325684,-0.08649999648332596,0.2045000046491623,9.13600015337579e-05,7.423000351991504e-05,9.707000572234392e-05,8.565000462112948e-05,0.014499999582767487,0.01600000075995922,0.030500000342726707,0.0,0.000750000006519258,0.005249999929219484,0.0044999998062849045,-0.4968651533126831,0.28924939036369324,0.39264389872550964,0.7029211521148682,0.0
266,2666,-0.22226419591517277,-0.3727255087726701,-0.10326419591517277,0.15527449122732995,0.1864769738705381,0.15493188059336088,0.653038501739502,0.5744548439979553,-1.0,0.8860465288162231,0.3084745705127716,0.14749999344348907,-0.257750004529953,-0.0846249982714653,0.20887500047683716,0.0,0.00011420000373618677,0.000245530012762174,0.00034831001539714634,0.009999999776482582,0.052000001072883606,0.06199999898672104,0.0,0.007000000216066837,0.01600000075995922,0.02199999988079071,-0.5310829281806946,-0.9496141076087952,-0.9553317427635193,0.47621044516563416,-0.08772995
267,2667,-0.22940101246464284,-0.369479108974732,-0.11040101246464284,0.158520891025268,0.19317674923412267,0.14489187674454615,0.6458972096443176,0.5716516971588135,-1.0,0.8860465288162231,0.3084745705127716,0.15125000476837158,-0.27250000834465027,-0.09587500244379044,0.22224999964237213,0.0,7.423000351991504e-05,8.565000462112948e-05,0.00017701000615488738,0.006500000134110451,0.023000000044703484,0.029500000178813934,0.0,0.0010000000474974513,0.002749999985098839,0.013000000268220901,0.07907450199127197,-0.634574294090271,-0.7902278900146484,-0.7660635709762573,-0.014511061
268,2668,-0.22910349407420788,-0.3695807151626886,-0.11010349407420789,0.15841928483731144,0.1929234283743536,0.14525938338140842,0.6292999982833862,0.5771540403366089,-1.0,0.8860465288162231,0.3084745705127716,0.1550000011920929,-0.2837499976158142,-0.10925000160932541,0.21462500095367432,0.0,0.0,6.28100024187006e-05,0.0,0.0,0.005499999970197678,0.005499999970197678,0.0,-0.0002500000118743628,0.0,-0.0002500000118743628,0.606330156326294,0.44398605823516846,-0.2945683002471924,-0.5397294163703918,-0.14811574
269,2669,-0.22299653220178633,-0.3729925100253007,-0.10399653220178634,0.15500748997469932,0.18666172788832125,0.1546459019789744,0.629991888999939,0.5769818425178528,-1.0,0.8860465288162231,0.3084745705127716,0.16625000536441803,-0.27549999952316284,-0.1054999977350235,0.21812500059604645,9.13600015337579e-05,0.0,0.0,6.851999933132902e-05,0.00800000037997961,0.006000000052154064,0.014000000432133675,0.0,-0.0002500000118743628,0.0,0.0002500000118743628,0.8134863972663879,0.5841333866119385,0.42928415536880493,0.7189791202545166,0.0
270,2670,-0.21295738091065347,-0.37820940382171114,-0.09395738091065348,0.14979059617828888,0.17681971646577438,0.17064034813347906,0.6441941261291504,0.5711991190910339,-1.0,0.8860465288162231,0.3084745705127716,0.18150000274181366,-0.26750001311302185,-0.10137499868869781,0.2253749966621399,8.565000462112948e-05,9.707000572234392e-05,0.0001256200048374012,0.00017701000615488738,0.01600000075995922,0.026499999687075615,0.042500000447034836,0.0,0.005499999970197678,0.00774999987334013,0.012500000186264515,0.9518522024154663,0.804867684841156,-0.5653388500213623,-0.4806765019893646,0.0
271,2671,-0.2157361664284948,-0.3749706769749009,-0.09673616642849481,0.15302932302509914,0.18104104396738763,0.16358698043492786,0.667540967464447,0.5623569488525391,-1.0,0.8860465288162231,0.3084745705127716,0.1978749930858612,-0.25837498903274536,-0.1080000028014183,0.22237500548362732,0.00019985000835731626,0.00025695000658743083,0.0,6.851999933132902e-05,0.03999999910593033,0.006000000052154064,0.04600000008940697,0.002749999985098839,0.017249999567866325,0.0,0.0005000000237487257,0.17817452549934387,0.3325149118900299,-0.8222729563713074,0.5791926383972168,-0.12267276
272,2672,-0.21716073819151493,-0.37708123943408167,-0.09816073819151494,0.15091876056591835,0.180033338060083,0.16524378996377012,0.661078691482544,0.5678462982177734,-1.0,0.8860465288162231,0.3084745705127716,0.2006250023841858,-0.2562499940395355,-0.10637500137090683,0.22637499868869781,0.00028550002025440335,0.00042254000436514616,9.13600015337579e-05,0.0001884299999801442,0.06199999898672104,0.02449999935925007,0.08649999648332596,0.0037499999161809683,0.02525000087916851,0.0042500002309679985,0.014000000432133675,0.799606204032898,-0.34625136852264404,-0.9602979421615601,0.8589712381362915,0.0
273,2673,-0.21374435878414172,-0.37885519246295685,-0.09474435878414172,0.14914480753704318,0.17669370995222164,0.17085550161210714,0.6577657461166382,0.5642690658569336,-1.0,0.8860465288162231,0.3084745705127716,0.2134999930858612,-0.2565000057220459,-0.12212499976158142,0.24025000631809235,0.0007023300277069211,0.0001884299999801442,0.0,0.00026266000350005925,0.07800000160932541,0.023000000044703484,0.10100000351667404,0.00774999987334013,0.013000000268220901,-0.0002500000118743628,0.0182499997317791,0.760812520980835,-0.0910322368144989,0.8064528107643127,-0.930820107460022,0.0
274,2674,-0.21696275928278325,-0.3792801579902642,-0.09796275928278325,0.14871984200973581,0.17808507409015872,0.1684947409086235,0.6657108068466187,0.5612623691558838,-1.0,0.8860465288162231,0.3084745705127716,0.22675000131130219,-0.2601250112056732,-0.10774999856948853,0.22987499833106995,0.0009535700082778931,0.0002512400096748024,7.423000351991504e-05,8.565000462112948e-05,0.1054999977350235,0.014000000432133675,0.11949999630451202,0.009750000201165676,0.017000000923871994,0.0010000000474974513,0.0042500002309679985,0.12883375585079193,-0.9149075746536255,0.8473780155181885,-0.0647653192281723,0.0
275,2675,-0.21286438504118588,-0.38302031284843674,-0.09386438504118588,0.14497968715156329,0.1727125718230296,0.17779470833683467,0.6582261323928833,0.560542106628418,-1.0,0.8860465288162231,0.3084745705127716,0.23225000500679016,-0.273375004529953,-0.09849999845027924,0.22975000739097595,0.0002797899942379445,0.0001484600070398301,0.0002169799990952015,6.851999933132902e-05,0.03750000149011612,0.02500000037252903,0.0625,0.0035000001080334187,0.00925000011920929,0.01425000000745058,0.0022499999031424522,0.9596566557884216,0.4267795979976654,-0.7892123460769653,0.7309497594833374,0.0
276,2676,-0.21193904752037113,-0.3834086229148294,-0.09293904752037113,0.1445913770851706,0.17188464992947974,0.17927282001467956,0.6677572727203369,0.5542028546333313,-1.0,0.8860465288162231,0.3084745705127716,0.2461249977350235,-0.27399998903274536,-0.10612499713897705,0.2318750023841858,0.0012219400377944112,0.0004682200087700039,0.0,0.0004054100136272609,0.14800000190734863,0.03550000116229057,0.1835000067949295,0.011500000022351742,0.026499999687075615,0.0,0.02525000087916851,-0.42291632294654846,-0.7055274248123169,-0.6221550703048706,-0.7735828757286072,-0.098658614
277,2677,-0.21533551251354244,-0.3794621958506634,-0.09633551251354244,0.14853780414933665,0.17704239670980956,0.17026078854877952,0.6699091792106628,0.5535447001457214,-1.0,0.8860465288162231,0.3084745705127716,0.24312500655651093,-0.27787500619888306,-0.10225000232458115,0.2292499989271164,0.0001598800008650869,0.0001256200048374012,0.0,6.851999933132902e-05,0.02500000037252903,0.006000000052154064,0.03099999949336052,0.0017500000540167093,0.00800000037997961,-0.0002500000118743628,0.001500000013038516,-0.9102339744567871,0.9514189958572388,-0.6482559442520142,0.014782635495066643,-0.10179072
278,2678,-0.2081532080166828,-0.38327865211870515,-0.0891532080166828,0.14472134788129487,0.169978125158047,0.18272349015599695,0.6620104312896729,0.5602335929870605,-1.0,0.8860465288162231,0.3084745705127716,0.22612500190734863,-0.26887500286102295,-0.10125000029802322,0.2291249930858612,0.0001484600070398301,0.00044538002111949027,0.00010278000263497233,7.423000351991504e-05,0.052000001072883606,0.01549999974668026,0.06750000268220901,0.0017500000540167093,0.025499999523162842,0.005249999929219484,0.0022499999031424522,-0.2936512529850006,-0.928780198097229,-0.16647180914878845,-0.5891927480697632,0.0
279,2679,-0.2051675598127799,-0.3836807582428241,-0.0861675598127799,0.14431924175717592,0.16808596581944368,0.1862138269702704,0.6787134408950806,0.5537649989128113,-1.0,0.8860465288162231,0.3084745705127716,0.2212499976158142,-0.27437499165534973,-0.10137499868869781,0.21912500262260437,9.707000572234392e-05,7.423000351991504e-05,-7.994000043254346e-05,6.28100024187006e-05,0.014999999664723873,0.012500000186264515,0.027499999850988388,0.0005000000237487257,0.0017500000540167093,-0.0005000000237487257,0.0002500000118743628,0.9292489290237427,0.82201087474823,-0.9353868961334229,-0.15521502494812012,0.0
280,2680,-0.21066669435382834,-0.3849662955116054,-0.09166669435382835,0.14303370448839464,0.16988650173993106,0.18289098438362947,0.6856568455696106,0.5530834794044495,-1.0,0.8860465288162231,0.3084745705127716,0.2358749955892563,-0.2721250057220459,-0.11912500113248825,0.21562500298023224,0.0005196100100874901,0.0004967700224369764,0.0,6.851999933132902e-05,0.08900000154972076,0.006000000052154064,0.0949999988079071,0.006000000052154064,0.02800000086426735,0.0,0.001500000013038516,0.37074747681617737,-0.961187481880188,0.15792888402938843,0.9883572459220886,-0.0050485344
281,2681,-0.21481410889410735,-0.3809870383893896,-0.09581410889410735,0.14701296161061045,0.17547978329338879,0.1729422019753293,0.6728681325912476,0.5509045720100403,-1.0,0.8860465288162231,0.3084745705127716,0.24312500655651093,-0.281374990940094,-0.11537499725818634,0.2290000021457672,0.000491060025524348,0.0001598800008650869,0.0,0.0001598800008650869,0.05700000002980232,0.014000000432133675,0.07100000232458115,0.005249999929219484,0.010499999858438969,0.0,0.011749999597668648,-0.8272892236709595,0.8806486129760742,0.8772553205490112,-0.2424490749835968,0.0
282,2682,-0.2169105245109076,-0.3787327141498312,-0.09791052451090759,0.14926728585016885,0.17851384662002287,0.16777382838724259,0.6632230281829834,0.5576490759849548,-1.0,0.8860465288162231,0.3084745705127716,0.22962500154972076,-0.2722499966621399,-0.10112500190734863,0.2290000021457672,0.00013133000175002962,0.000433959998190403,9.13600015337579e-05,7.423000351991504e-05,0.0494999997317791,0.014499999582767487,0.06400000303983688,0.0012499999720603228,0.02525000087916851,0.0042500002309679985,0.002749999985098839,-0.3202541768550873,0.8123153448104858,-0.9839849472045898,0.9391857385635376,0.0
283,2683,-0.21858581786720654,-0.374796256158989,-0.09958581786720655,0.15320374384101104,0.18272581166103097,0.16085400661217,0.6583476066589355,0.5614699721336365,-1.0,0.8860465288162231,0.3084745705127716,0.22312499582767487,-0.2641249895095825,-0.11737500131130219,0.23937499523162842,0.00016558999777771533,0.0008450800087302923,0.0,0.00022840000747237355,0.0885000005364418,0.019999999552965164,0.10849999636411667,0.0022499999031424522,0.039250001311302185,0.0,0.017000000923871994,-0.7120249271392822,0.7411271333694458,-0.1529293805360794,0.12165717780590057,-0.04235153
284,2684,-0.21844819346732608,-0.3729975974499568,-0.09944819346732608,0.15500240255004322,0.18416212417378436,0.15856015327409842,0.6544516086578369,0.5681419372558594,-1.0,0.8860465288162231,0.3084745705127716,0.20999999344348907,-0.25200000405311584,-0.1171249970793724,0.23912499845027924,0.00016558999777771533,0.0009878299897536635,0.00011420000373618677,0.00033117999555543065,0.10100000351667404,0.039000000804662704,0.14000000059604645,0.0020000000949949026,0.042750000953674316,0.007000000216066837,0.02199999988079071,-0.4309163987636566,0.3256896734237671,-0.43664273619651794,-0.28632882237434387,0.0
285,2685,-0.2142055217338374,-0.3750516497360192,-0.0952055217338374,0.15294835026398085,0.18015906643043406,0.16503616219040118,0.654771625995636,0.5711905360221863,-1.0,0.8860465288162231,0.3084745705127716,0.20200000703334808,-0.2448749989271164,-0.12200000137090683,0.23925000429153442,0.00016558999777771533,0.0009136000298894942,7.423000351991504e-05,0.0001598800008650869,0.09449999779462814,0.020500000566244125,0.11500000208616257,0.0020000000949949026,0.04050000011920929,0.0005000000237487257,0.011250000447034836,0.5093360543251038,-0.7703081369400024,-0.24287371337413788,-0.4723034203052521,0.0
286,2686,-0.21010679233231327,-0.37886889655210887,-0.09110679233231328,0.14913110344789116,0.17475850086524797,0.17419411316921124,0.664638340473175,0.5677090883255005,-1.0,0.8860465288162231,0.3084745705127716,0.20812499523162842,-0.24549999833106995,-0.12612499296665192,0.23475000262260437,0.0008565000025555491,0.0001827200030675158,0.0,7.994000043254346e-05,0.09099999815225601,0.007000000216066837,0.09799999743700027,0.008750000037252903,0.013000000268220901,-0.0002500000118743628,0.002749999985098839,0.6491858959197998,-0.6375982761383057,-0.8526994585990906,-0.7591264247894287,-0.12632394
287,2687,-0.2142431040619936,-0.3800330865757218,-0.0952431040619936,0.1479669134242782,0.17597004387017576,0.17209640952597668,0.6741702556610107,0.5612391829490662,-1.0,0.8860465288162231,0.3084745705127716,0.22187499701976776,-0.2567499876022339,-0.1223749965429306,0.22100000083446503,0.0004510900180321187,0.00017701000615488738,0.0,7.423000351991504e-05,0.054999999701976776,0.006500000134110451,0.061500001698732376,0.005499999970197678,0.011749999597668648,-0.0002500000118743628,0.0020000000949949026,0.20726527273654938,-0.4606151878833771,-0.1357191503047943,0.9420462250709534,-0.040286303
288,2688,-0.2127780355655014,-0.38042230901777935,-0.0937780355655014,0.14757769098222068,0.1748527804473474,0.1740299610803842,0.6645509004592896,0.5592659711837769,-1.0,0.8860465288162231,0.3084745705127716,0.22562499344348907,-0.2641249895095825,-0.11874999850988388,0.23375000059604645,0.0004682200087700039,0.00014275001012720168,0.0,0.0001598800008650869,0.05350000038743019,0.014000000432133675,0.06750000268220901,0.005750000011175871,0.00925000011920929,0.0,0.011749999597668648,0.4218648076057434,-0.1270495355129242,-0.8871214389801025,-0.055320486426353455,-0.13045458
289,2689,-0.21988171456648892,-0.3818674667391039,-0.10088171456648892,0.14613253326089615,0.1775720631493633,0.16936135838474597,0.6679580807685852,0.5586062669754028,-1.0,0.8860465288162231,0.3084745705127716,0.23237499594688416,-0.26875001192092896,-0.11524999886751175,0.23375000059604645,0.000770850048866123,0.00020556000526994467,7.994000043254346e-05,0.00013703999866265804,0.08550000190734863,0.01899999938905239,0.10450000315904617,0.00800000037997961,0.013749999925494194,0.0005000000237487257,0.009750000201165676,-0.046152547001838684,-0.9266563057899475,-0.980867326259613,0.8788609504699707,0.0
290,2690,-0.21994124975510293,-0.3835920097338894,-0.10094124975510294,0.14440799026611062,0.1761896806138747,0.17171883737144863,0.6514378786087036,0.5561568140983582,-1.0,0.8860465288162231,0.3084745705127716,0.23350000381469727,-0.28224998712539673,-0.13337500393390656,0.2511250078678131,0.00034831001539714634,0.00010848999954760075,1.7129999832832254e-05,0.00010848999954760075,0.03999999910593033,0.010999999940395355,0.050999999046325684,0.0042500002309679985,0.0062500000931322575,0.0,0.00774999987334013,-0.2468792051076889,-0.7074074149131775,-0.5380640625953674,-0.1196007952094078,-0.08856769
291,2691,-0.2137875056198919,-0.3850864670299966,-0.09478750561989191,0.14291353297000342,0.17149037619531102,0.1799810409035219,0.6512994170188904,0.5532338619232178,-1.0,0.8860465288162231,0.3084745705127716,0.23087500035762787,-0.2933749854564667,-0.12962499260902405,0.2513749897480011,8.565000462112948e-05,7.423000351991504e-05,0.0,7.423000351991504e-05,0.014000000432133675,0.006500000134110451,0.020500000566244125,0.0002500000118743628,0.0020000000949949026,0.0,0.003000000026077032,0.24539315700531006,0.7936334609985352,-0.9757706522941589,-0.6145167350769043,-0.1410925
292,2692,-0.20999033489544572,-0.38603828319486516,-0.09099033489544572,0.14196171680513486,0.16861900866345608,0.18522386828701576,0.6656104326248169,0.5507009029388428,-1.0,0.8860465288162231,0.3084745705127716,0.23387500643730164,-0.28687500953674316,-0.12575000524520874,0.2407499998807907,0.00026266000350005925,0.0002969200140796602,0.0,6.28100024187006e-05,0.04899999871850014,0.005499999970197678,0.054499998688697815,0.0032500000670552254,0.01875000074505806,-0.0002500000118743628,0.0012499999720603228,-0.27633175253868103,-0.42341721057891846,-0.9724692702293396,-0.3870268166065216,-0.14069632
293,2693,-0.2130683838442493,-0.3841042890617724,-0.09406838384424931,0.14389571093822762,0.17191520137988667,0.17921805793371062,0.6744410991668701,0.549087643623352,-1.0,0.8860465288162231,0.3084745705127716,0.2303750067949295,-0.2866249978542328,-0.12200000137090683,0.23399999737739563,8.565000462112948e-05,7.994000043254346e-05,2.2840000383439474e-05,6.28100024187006e-05,0.014499999582767487,0.007499999832361937,0.02199999988079071,0.0,0.0024999999441206455,-0.0002500000118743628,0.0002500000118743628,-0.3477822542190552,-0.27047863602638245,0.8125532865524292,0.005781554616987705,0.0
294,2694,-0.22645506095527118,-0.38025077768138865,-0.10745506095527119,0.14774922231861137,0.18269215314472456,0.16090815679677822,0.6672828197479248,0.5523656010627747,-1.0,0.8860465288162231,0.3084745705127716,0.22374999523162842,-0.2906250059604645,-0.10700000077486038,0.23399999737739563,8.565000462112948e-05,7.423000351991504e-05,0.0,6.28100024187006e-05,0.014000000432133675,0.005499999970197678,0.019500000402331352,0.0002500000118743628,0.0005000000237487257,0.0,0.0002500000118743628,-0.8007996678352356,-0.9273247718811035,-0.776620626449585,0.36132869124412537,-0.11719448
295,2695,-0.21728619159965762,-0.38301533903008456,-0.09828619159965762,0.14498466096991547,0.17515914870690008,0.17349760441983808,0.6361510157585144,0.5588969588279724,-1.0,0.8860465288162231,0.3084745705127716,0.20900000631809235,-0.30774998664855957,-0.10462500154972076,0.23874999582767487,0.0,6.851999933132902e-05,8.565000462112948e-05,9.13600015337579e-05,0.006000000052154064,0.01549999974668026,0.0215000007301569,-0.0002500000118743628,0.0,0.002749999985098839,0.0042500002309679985,-0.9574695229530334,0.7964109182357788,-0.7968012094497681,0.03072388656437397,-0.13889635
296,2696,-0.2271160968921972,-0.3818837316383495,-0.1081160968921972,0.14611626836165054,0.18176648284856275,0.16240455096143952,0.6574739813804626,0.5542113184928894,-1.0,0.8860465288162231,0.3084745705127716,0.2123750001192093,-0.2955000102519989,-0.11812499910593033,0.23987500369548798,9.707000572234392e-05,9.707000572234392e-05,0.0,7.994000043254346e-05,0.017000000923871994,0.007000000216066837,0.024000000208616257,0.0005000000237487257,0.005249999929219484,0.0,0.003000000026077032,0.7871379852294922,-0.5432966947555542,-0.952634871006012,0.949409008026123,-0.13831618
297,2697,-0.2287950722459816,-0.3820214037773446,-0.10979507224598162,0.1459785962226554,0.18266008990646365,0.16095975743444885,0.6346137523651123,0.5561292767524719,-1.0,0.8860465288162231,0.3084745705127716,0.22699999809265137,-0.30375000834465027,-0.11625000089406967,0.25337499380111694,9.707000572234392e-05,7.423000351991504e-05,9.13600015337579e-05,0.0001484600070398301,0.014999999664723873,0.020999999716877937,0.035999998450279236,0.000750000006519258,0.001500000013038516,0.0037499999161809683,0.011500000022351742,-0.0023266184143722057,-0.42610839009284973,0.9483656287193298,-0.6077620983123779,0.0
298,2698,-0.22590354925738043,-0.3836155805432906,-0.10690354925738044,0.14438441945670943,0.17965308075754274,0.16587333773420485,0.6307091116905212,0.5558959245681763,-1.0,0.8860465288162231,0.3084745705127716,0.22724999487400055,-0.3112500011920929,-0.10350000113248825,0.24574999511241913,9.13600015337579e-05,7.423000351991504e-05,0.00021127000218257308,7.994000043254346e-05,0.014499999582767487,0.025499999523162842,0.03999999910593033,0.0002500000118743628,0.000750000006519258,0.013749999925494194,0.004000000189989805,-0.20723791420459747,-0.16836363077163696,0.6068115234375,-0.15793196856975555,0.0
299,2699,-0.23135448637825723,-0.38418085583440936,-0.11235448637825723,0.14381914416559066,0.18250336116862326,0.16121222542397354,0.6374335885047913,0.5531939268112183,-1.0,0.8860465288162231,0.3084745705127716,0.22349999845027924,-0.31450000405311584,-0.09574999660253525,0.24175000190734863,0.0,7.423000351991504e-05,0.00035402001230977476,9.707000572234392e-05,0.006500000134110451,0.039500001817941666,0.04600000008940697,0.0,0.0010000000474974513,0.020999999716877937,0.0062500000931322575,-0.10194037109613419,-0.8480932712554932,-0.977599561214447,0.943551778793335,-0.036232848
300,2700,-0.23321271869395543,-0.38807072507217366,-0.11421271869395544,0.13992927492782636,0.180623218588563,0.16427191828125445,0.6247569918632507,0.5522358417510986,-1.0,0.8860465288162231,0.3084745705127716,0.22724999487400055,-0.3306249976158142,-0.1054999977350235,0.2536250054836273,0.0,7.423000351991504e-05,9.13600015337579e-05,0.0002512400096748024,0.006500000134110451,0.029999999329447746,0.0364999994635582,0.0,0.001500000013038516,0.004000000189989805,0.017750000581145287,-0.013445178046822548,-0.9030306935310364,-0.11409518122673035,0.47205331921577454,-0.025613423
301,2701,-0.23628187342406165,-0.38988857525534465,-0.11728187342406166,0.13811142474465538,0.18118996517151886,0.16334354604156695,0.6204355359077454,0.5456428527832031,-1.0,0.8860465288162231,0.3084745705127716,0.23100000619888306,-0.3473750054836273,-0.10662499815225601,0.2603749930858612,9.13600015337579e-05,7.423000351991504e-05,8.565000462112948e-05,0.0003368900215718895,0.014499999582767487,0.03700000047683716,0.051500000059604645,0.0,0.0012499999720603228,0.0020000000949949026,0.02174999937415123,0.08291185647249222,-0.80597984790802,-0.746147871017456,0.4198455810546875,0.0
302,2702,-0.2266080253347078,-0.3954824130455293,-0.10760802533470781,0.13251758695447075,0.17070558856894766,0.18139906681034898,0.6132979393005371,0.5425617098808289,-1.0,0.8860465288162231,0.3084745705127716,0.23250000178813934,-0.3618749976158142,-0.12025000154972076,0.2747499942779541,9.707000572234392e-05,6.851999933132902e-05,7.423000351991504e-05,0.00011991000064881518,0.014499999582767487,0.017000000923871994,0.03150000050663948,0.0,0.0002500000118743628,0.001500000013038516,0.008500000461935997,0.4442156255245209,0.598468542098999,-0.9340989589691162,0.23232559859752655,0.0
303,2703,-0.22539981911787654,-0.39517299932977445,-0.10639981911787655,0.13282700067022557,0.17018793616283426,0.18234051806460383,0.6357952952384949,0.5330806374549866,-1.0,0.8860465288162231,0.3084745705127716,0.2407499998807907,-0.35087499022483826,-0.13712500035762787,0.2826249897480011,9.13600015337579e-05,7.423000351991504e-05,6.851999933132902e-05,6.851999933132902e-05,0.014499999582767487,0.012000000104308128,0.026499999687075615,0.0,0.0005000000237487257,0.0002500000118743628,0.0012499999720603228,-0.8932603597640991,-0.05805717036128044,0.1643749326467514,-0.25841882824897766,0.0
304,2704,-0.23389957689803376,-0.38822224135556227,-0.11489957689803376,0.13977775864443776,0.18094124621824031,0.1637503180493749,0.6386050581932068,0.5336050987243652,-1.0,0.8860465288162231,0.3084745705127716,0.2241249978542328,-0.351500004529953,-0.13437500596046448,0.2786250114440918,0.0,-7.423000351991504e-05,7.423000351991504e-05,-6.851999933132902e-05,0.006500000134110451,0.012500000186264515,0.01899999938905239,0.0,-0.0002500000118743628,0.000750000006519258,-0.0002500000118743628,0.4079211354255676,0.8730390071868896,0.5291020274162292,0.8723573088645935,0.0
305,2705,-0.23675227263011928,-0.3861247041860216,-0.11775227263011928,0.14187529581397845,0.18437515361854434,0.1582227329898525,0.6188381910324097,0.545386016368866,-1.0,0.8860465288162231,0.3084745705127716,0.2318750023841858,-0.3398750126361847,-0.13187499344348907,0.28337499499320984,0.0,0.00013703999866265804,0.00022840000747237355,0.0003654400061350316,0.012000000104308128,0.052000001072883606,0.06400000303983688,-0.0002500000118743628,0.008999999612569809,0.01549999974668026,0.022749999538064003,-0.5920988321304321,0.6602504849433899,-0.8271307349205017,0.8539554476737976,-0.09505187
306,2706,-0.24091726301236344,-0.3861578209841345,-0.12191726301236344,0.14184217901586554,0.187037490275064,0.15406589126022485,0.6122040152549744,0.5489411950111389,-1.0,0.8860465288162231,0.3084745705127716,0.23524999618530273,-0.3306249976158142,-0.14399999380111694,0.2933749854564667,9.707000572234392e-05,0.00022269001055974513,0.00013703999866265804,0.0007251700153574347,0.02800000086426735,0.0754999965429306,0.10350000113248825,0.0005000000237487257,0.015250000171363354,0.008750000037252903,0.03474999964237213,0.12895306944847107,-0.7313050031661987,-0.8419925570487976,0.20874616503715515,0.0
307,2707,-0.23384447521197088,-0.3891758285479476,-0.11484447521197089,0.13882417145205245,0.18017048611263126,0.16501731666123884,0.6025180220603943,0.5488850474357605,-1.0,0.8860465288162231,0.3084745705127716,0.23749999701976776,-0.3373749852180481,-0.15725000202655792,0.3050000071525574,0.00010278000263497233,7.994000043254346e-05,9.13600015337579e-05,0.00026837000041268766,0.01600000075995922,0.03150000050663948,0.04749999940395355,0.000750000006519258,0.001500000013038516,0.0037499999161809683,0.01924999989569187,0.44504743814468384,0.4880979657173157,0.4056917726993561,-0.878610372543335,0.0
308,2708,-0.22192161866711863,-0.39504946809932634,-0.10292161866711863,0.13295053190067369,0.16813299355489936,0.18612627541271193,0.6189663410186768,0.5437697768211365,-1.0,0.8860465288162231,0.3084745705127716,0.24537500739097595,-0.33412501215934753,-0.15137499570846558,0.296999990940094,0.00013703999866265804,0.00019414001144468784,0.00011420000373618677,7.423000351991504e-05,0.028999999165534973,0.016499999910593033,0.045499999076128006,0.001500000013038516,0.013249999843537807,0.007000000216066837,0.0024999999441206455,-0.027887338772416115,-0.20557034015655518,-0.6336652636528015,-0.4813273847103119,0.0
309,2709,-0.24468835930935373,-0.38260981896708834,-0.12568835930935374,0.14539018103291168,0.19218706617943893,0.14633296644403368,0.6466938853263855,0.5338144898414612,-1.0,0.8860465288162231,0.3084745705127716,0.24537500739097595,-0.33375000953674316,-0.15962499380111694,0.289249986410141,9.13600015337579e-05,9.707000572234392e-05,0.0,6.28100024187006e-05,0.016499999910593033,0.005499999970197678,0.02199999988079071,0.0005000000237487257,0.004999999888241291,-0.0002500000118743628,0.0,-0.7842046022415161,-0.540414571762085,-0.8205610513687134,0.7168301939964294,-0.12246733
310,2710,-0.24121200436042894,-0.3894376032516954,-0.12221200436042895,0.13856239674830462,0.18475744045214548,0.15761902300100283,0.5937479734420776,0.5548986196517944,-1.0,0.8860465288162231,0.3084745705127716,0.23112499713897705,-0.34150001406669617,-0.15725000202655792,0.2993749976158142,3.997000021627173e-05,7.423000351991504e-05,8.565000462112948e-05,9.707000572234392e-05,0.009999999776482582,0.01600000075995922,0.026000000536441803,-0.0002500000118743628,0.0002500000118743628,0.0024999999441206455,0.006500000134110451,0.8153330087661743,-0.8765287399291992,-0.4246222972869873,0.29878589510917664,0.0
311,2711,-0.22792606163443396,-0.39689117403424407,-0.10892606163443397,0.13110882596575596,0.17045354542897426,0.1818568473741334,0.6018325686454773,0.5433260798454285,-1.0,0.8860465288162231,0.3084745705127716,0.2462500035762787,-0.3580000102519989,-0.164000004529953,0.3076249957084656,9.13600015337579e-05,7.423000351991504e-05,0.0,6.851999933132902e-05,0.014499999582767487,0.006000000052154064,0.020500000566244125,0.0,0.0005000000237487257,0.0002500000118743628,0.0010000000474974513,-0.22340627014636993,-0.8496830463409424,-0.9753775596618652,-0.48777782917022705,-0.14104532
312,2712,-0.23392886346751834,-0.3937459305565376,-0.11492886346751835,0.1342540694434624,0.17672803631587575,0.17079686319609447,0.6327300667762756,0.5306929349899292,-1.0,0.8860465288162231,0.3084745705127716,0.242249995470047,-0.3734999895095825,-0.1601250022649765,0.29912498593330383,0.0,0.0,7.423000351991504e-05,-6.851999933132902e-05,0.0,0.012500000186264515,0.012500000186264515,-0.0002500000118743628,-0.0002500000118743628,0.0,-0.0002500000118743628,-0.041251081973314285,-0.3997661769390106,-0.6186070442199707,-0.8782768249511719,-0.10092208
313,2713,-0.23416980756235461,-0.39395653686248666,-0.11516980756235462,0.13404346313751336,0.17672502534685827,0.17080200591415054,0.6187700629234314,0.5360238552093506,-1.0,0.8860465288162231,0.3084745705127716,0.24587500095367432,-0.3698750138282776,-0.17162500321865082,0.2826249897480011,9.13600015337579e-05,0.0,0.0,6.28100024187006e-05,0.00800000037997961,0.005499999970197678,0.013500000350177288,0.0,0.0,0.0,0.0,-0.7929906249046326,0.09950472414493561,-0.017377296462655067,0.577704668045044,-0.03814471
314,2714,-0.23744601688791622,-0.3921603765136467,-0.11844601688791623,0.1358396234863533,0.18022725161730332,0.16492367033056052,0.6182097792625427,0.5356668829917908,-1.0,0.8860465288162231,0.3084745705127716,0.23125000298023224,-0.3661249876022339,-0.1678750067949295,0.2933749854564667,0.0,7.423000351991504e-05,0.0,1.7129999832832254e-05,0.006500000134110451,0.001500000013038516,0.00800000037997961,-0.0002500000118743628,0.0,0.0,0.0,0.837480366230011,-0.2979198396205902,-0.4330776035785675,-0.10288937389850616,-0.11231604
315,2715,-0.23010443661865942,-0.396023356133981,-0.11110443661865943,0.13197664386601904,0.17251675386027795,0.17814320340919781,0.6105906367301941,0.5387112498283386,-1.0,0.8860465288162231,0.3084745705127716,0.24687500298023224,-0.3714999854564667,-0.164124995470047,0.296875,0.0,0.0,0.0,6.28100024187006e-05,0.0,0.005499999970197678,0.005499999970197678,-0.0002500000118743628,-0.0002500000118743628,0.0,0.0005000000237487257,-0.3512638211250305,0.9397420883178711,-0.48164188861846924,0.19069352746009827,-0.14794868
316,2716,-0.23294411690923128,-0.3940236987832379,-0.11394411690923129,0.13397630121676213,0.17587754565591693,0.17225566927644925,0.6276640892028809,0.5321637988090515,-1.0,0.8860465288162231,0.3084745705127716,0.2502500116825104,-0.3567500114440918,-0.1602499932050705,0.2994999885559082,9.13600015337579e-05,9.707000572234392e-05,0.0,7.423000351991504e-05,0.016499999910593033,0.006500000134110451,0.023000000044703484,0.0005000000237487257,0.005249999929219484,-0.0002500000118743628,0.0022499999031424522,-0.1508713811635971,-0.3278054893016815,-0.2269214242696762,-0.9132847785949707,-0.051230576
317,2717,-0.2099981781339125,-0.4048161980423813,-0.0909981781339125,0.12318380195761874,0.15314998363834423,0.21621114267162314,0.6210601925849915,0.5355530381202698,-1.0,0.8860465288162231,0.3084745705127716,0.24787500500679016,-0.36012500524520874,-0.15649999678134918,0.2836250066757202,0.0,0.0,0.0,6.28100024187006e-05,0.0,0.005499999970197678,0.005499999970197678,-0.0002500000118743628,-0.0002500000118743628,-0.0002500000118743628,0.0,-0.624388575553894,-0.6984645128250122,-0.3710399866104126,-0.6831503510475159,-0.27526718
318,2718,-0.22658916968467674,-0.3971826334628633,-0.10758916968467674,0.13081736653713671,0.16937713193093612,0.18382495249787797,0.6744228601455688,0.5172606706619263,-1.0,0.8860465288162231,0.3084745705127716,0.2513749897480011,-0.3569999933242798,-0.15287500619888306,0.2707499861717224,9.13600015337579e-05,7.423000351991504e-05,0.0,3.997000021627173e-05,0.014499999582767487,0.0035000001080334187,0.017999999225139618,0.0002500000118743628,0.0010000000474974513,0.0,0.0002500000118743628,-0.7076161503791809,-0.9817196130752563,-0.6226426362991333,0.9147298336029053,-0.09871712
319,2719,-0.2430853894894563,-0.3909553238006986,-0.1240853894894563,0.13704467619930144,0.1848740846071224,0.15743527680897046,0.6358391642570496,0.5301989316940308,-1.0,0.8860465288162231,0.3084745705127716,0.2383749932050705,-0.374875009059906,-0.14912499487400055,0.28812500834465027,0.0,4.568000076687895e-05,0.0,0.0,0.004000000189989805,0.0,0.004000000189989805,-0.0002500000118743628,0.0,0.0,-0.0002500000118743628,-0.7828271985054016,0.3884134888648987,0.7486883401870728,0.8864263296127319,-0.11793926
320,2720,-0.23684992911052877,-0.3900871636306573,-0.11784992911052877,0.1379128363693427,0.18140715594152773,0.16298916391809792,0.5974758267402649,0.5407536625862122,-1.0,0.8860465288162231,0.3084745705127716,0.24199999868869781,-0.3700000047683716,-0.14124999940395355,0.296875,8.565000462112948e-05,9.13600015337579e-05,0.00017701000615488738,0.00019985000835731626,0.01549999974668026,0.032999999821186066,0.048500001430511475,0.0,0.004749999847263098,0.012249999679625034,0.015250000171363354,0.20249450206756592,0.8419954776763916,0.13316012918949127,-0.9106385111808777,0.0
321,2721,-0.2001738722273134,-0.4070525847318283,-0.0811738722273134,0.12094741526817171,0.14566219410824408,0.23302210909870796,0.6119769215583801,0.5422251224517822,-1.0,0.8860465288162231,0.3084745705127716,0.24574999511241913,-0.35350000858306885,-0.1367499977350235,0.2866249978542328,9.13600015337579e-05,9.13600015337579e-05,0.0001256200048374012,6.851999933132902e-05,0.01600000075995922,0.017000000923871994,0.032999999821186066,0.0,0.0032500000670552254,0.00800000037997961,0.0017500000540167093,-0.8616454005241394,0.35858845710754395,-0.9215161800384521,-0.6854791045188904,0.0
322,2722,-0.22669993927721643,-0.3908882565232395,-0.10769993927721644,0.13711174347676053,0.17435282366383714,0.17490221430384653,0.6972700357437134,0.5134701728820801,-1.0,0.8860465288162231,0.3084745705127716,0.22975000739097595,-0.3453750014305115,-0.15000000596046448,0.2747499942779541,0.0,7.423000351991504e-05,0.0,0.0,0.006500000134110451,0.0,0.006500000134110451,-0.0002500000118743628,0.0002500000118743628,0.0,0.0,-0.9094755053520203,0.9807337522506714,-0.836952805519104,0.5594745874404907,-0.25757143
323,2723,-0.23684864204521716,-0.3840124872668922,-0.11784864204521717,0.14398751273310784,0.18606640281084766,0.15556929367874267,0.6355815529823303,0.5408673882484436,-1.0,0.8860465288162231,0.3084745705127716,0.2331250011920929,-0.3294999897480011,-0.14662499725818634,0.2836250066757202,0.00010278000263497233,9.707000572234392e-05,7.423000351991504e-05,7.423000351991504e-05,0.017500000074505806,0.013000000268220901,0.030500000342726707,0.0005000000237487257,0.005249999929219484,0.000750000006519258,0.003000000026077032,-0.675207257270813,-0.6614606380462646,0.3810696005821228,-0.46727368235588074,0.0
324,2724,-0.23492428964960133,-0.3857275224646677,-0.11592428964960133,0.14227247753533234,0.18352084021932308,0.15958024143016436,0.6119799017906189,0.5525212287902832,-1.0,0.8860465288162231,0.3084745705127716,0.22075000405311584,-0.33924999833106995,-0.13950000703334808,0.2763749957084656,0.0,0.0,7.423000351991504e-05,5.7100000958598685e-06,0.0,0.007000000216066837,0.007000000216066837,0.0,0.0,0.000750000006519258,0.0,-0.8159062266349792,-0.9300930500030518,0.10091356188058853,0.5503342151641846,-0.25751996
325,2725,-0.23901914541453106,-0.382953498620414,-0.12001914541453107,0.14504650137958602,0.18826333373360998,0.15218881313559182,0.6164551377296448,0.5496143698692322,-1.0,0.8860465288162231,0.3084745705127716,0.22437499463558197,-0.3373749852180481,-0.1392499953508377,0.2815000116825104,9.13600015337579e-05,9.13600015337579e-05,8.565000462112948e-05,0.0001541700039524585,0.01600000075995922,0.020999999716877937,0.03700000047683716,0.0002500000118743628,0.0037499999161809683,0.004000000189989805,0.010250000283122063,-0.9166138768196106,-0.8365836143493652,-0.7381706237792969,-0.8888514041900635,0.0
326,2726,-0.2389293610387146,-0.38317744186564406,-0.1199293610387146,0.14482255813435596,0.18803357408647337,0.15253888362199033,0.6069322228431702,0.5543161034584045,-1.0,0.8860465288162231,0.3084745705127716,0.20749999582767487,-0.35112500190734863,-0.1509999930858612,0.27000001072883606,0.0,0.0,0.0,0.0,0.0,0.0,0.0,-0.0002500000118743628,0.0,0.0,0.0,-0.43273410201072693,-0.9723876714706421,-0.8292446136474609,0.2841828763484955,-0.340124
327,2727,-0.2553628218281592,-0.3789154841102613,-0.13636282182815923,0.1490845158897387,0.20204210465894493,0.1325996227059235,0.6071410179138184,0.5539365410804749,-1.0,0.8860465288162231,0.3084745705127716,0.21112500131130219,-0.3474999964237213,-0.1472499966621399,0.27512499690055847,9.13600015337579e-05,6.851999933132902e-05,0.0,2.2840000383439474e-05,0.014000000432133675,0.0020000000949949026,0.01600000075995922,0.0,0.0002500000118743628,0.0,0.0002500000118743628,0.8093770146369934,-0.8294719457626343,-0.5346525311470032,0.734635591506958,-0.0881583
328,2728,-0.23194939489320837,-0.3927283465782859,-0.11294939489320838,0.1352716534217141,0.17622708652811084,0.17165461638238705,0.5689236521720886,0.5611602067947388,-1.0,0.8860465288162231,0.3084745705127716,0.22624999284744263,-0.3630000054836273,-0.14399999380111694,0.28850001096725464,0.0,6.851999933132902e-05,7.423000351991504e-05,6.28100024187006e-05,0.006000000052154064,0.012000000104308128,0.017999999225139618,0.0,0.0002500000118743628,0.0010000000474974513,0.0010000000474974513,-0.8815749883651733,0.33383581042289734,-0.7680126428604126,-0.0935647189617157,-0.12978901
329,2729,-0.23948423627384458,-0.38667996015285,-0.12048423627384458,0.14132003984715003,0.18570892507602232,0.15612641446396222,0.6233735084533691,0.5377485752105713,-1.0,0.8860465288162231,0.3084745705127716,0.23012499511241913,-0.3566249907016754,-0.15787500143051147,0.2874999940395355,0.0,7.423000351991504e-05,7.423000351991504e-05,-6.851999933132902e-05,0.006500000134110451,0.012500000186264515,0.01899999938905239,-0.0002500000118743628,0.0,0.0,-0.0005000000237487257,-0.3817162811756134,0.5797544717788696,-0.7726246118545532,0.6112014055252075,-0.1865209
330,2730,-0.2575900241529632,-0.37956951732883504,-0.13859002415296323,0.148430482671165,0.20307339308908479,0.13123916531604282,0.6058506369590759,0.5480000972747803,-1.0,0.8860465288162231,0.3084745705127716,0.23375000059604645,-0.34700000286102295,-0.15524999797344208,0.29649999737739563,9.13600015337579e-05,7.994000043254346e-05,7.994000043254346e-05,9.13600015337579e-05,0.014999999664723873,0.014999999664723873,0.029999999329447746,0.0,0.0022499999031424522,0.0022499999031424522,0.0042500002309679985,0.15778429806232452,-0.8506327867507935,-0.6035978198051453,0.5854659080505371,0.0
331,2731,-0.2423146582226865,-0.3901550603771235,-0.1233146582226865,0.13784493962287653,0.18495332468547968,0.15731057438593896,0.5637441277503967,0.560051679611206,-1.0,0.8860465288162231,0.3084745705127716,0.23662500083446503,-0.36162498593330383,-0.1655000001192093,0.3084999918937683,0.0,0.0,5.7100001868093386e-05,6.851999933132902e-05,0.0,0.010999999940395355,0.010999999940395355,0.0,-0.0002500000118743628,0.0002500000118743628,0.0020000000949949026,0.6587448120117188,0.6659694910049438,0.3722072243690491,0.7775410413742065,0.0
332,2732,-0.2503016508523366,-0.38474987265432165,-0.13130165085233658,0.14325012734567838,0.19432118387119293,0.1432431362941848,0.5992682576179504,0.5421100854873657,-1.0,0.8860465288162231,0.3084745705127716,0.2486249953508377,-0.3540000021457672,-0.16387499868869781,0.31349998712539673,9.707000572234392e-05,0.00013703999866265804,0.0001598800008650869,0.00032546999864280224,0.020500000566244125,0.042500000447034836,0.06300000101327896,0.0005000000237487257,0.00925000011920929,0.01075000036507845,0.020999999716877937,-0.2804757058620453,-0.9103885889053345,-0.032814398407936096,-0.8515790700912476,0.0
333,2733,-0.24482968582663667,-0.38784572933739125,-0.12582968582663667,0.14015427066260877,0.1883516111430903,0.15205452407600925,0.5806938409805298,0.551271378993988,-1.0,0.8860465288162231,0.3084745705127716,0.24375000596046448,-0.36649999022483826,-0.1601250022649765,0.30812498927116394,0.0,4.568000076687895e-05,8.565000462112948e-05,6.28100024187006e-05,0.004000000189989805,0.013000000268220901,0.017000000923871994,-0.0002500000118743628,0.0002500000118743628,0.0022499999031424522,0.0,-0.21362361311912537,0.6960259675979614,0.18869642913341522,0.4384728670120239,-0.04963484
334,2734,-0.2357836959978647,-0.39480063879073235,-0.1167836959978647,0.13319936120926767,0.17714542465860822,0.17008546268355934,0.5934193134307861,0.5460242033004761,-1.0,0.8860465288162231,0.3084745705127716,0.2472500056028366,-0.3563750088214874,-0.15974999964237213,0.30937498807907104,9.13600015337579e-05,0.00010278000263497233,0.00013703999866265804,0.0001884299999801442,0.017000000923871994,0.02850000001490116,0.045499999076128006,0.0002500000118743628,0.006000000052154064,0.008500000461935997,0.013749999925494194,0.8235125541687012,0.034477464854717255,-0.32297101616859436,-0.19426366686820984,0.0
335,2735,-0.23311099511042804,-0.39457701947376045,-0.11411099511042805,0.13342298052623958,0.17556483400042686,0.17279517594198526,0.6144565343856812,0.5342361927032471,-1.0,0.8860465288162231,0.3084745705127716,0.2621249854564667,-0.3563750088214874,-0.1615000069141388,0.3096249997615814,0.00011420000373618677,0.00011991000064881518,0.0,9.707000572234392e-05,0.020500000566244125,0.008500000461935997,0.028999999165534973,0.0012499999720603228,0.007249999791383743,0.0,0.006000000052154064,-0.8661929368972778,-0.6334991455078125,-0.9939470291137695,-0.5039055347442627,-0.14327367
336,2736,-0.24582798436088377,-0.38819528874111264,-0.12682798436088377,0.13980471125888738,0.18876094645669017,0.1514333833544955,0.6206721067428589,0.5346152186393738,-1.0,0.8860465288162231,0.3084745705127716,0.24674999713897705,-0.3646250069141388,-0.15812499821186066,0.3031249940395355,0.0,0.0,7.423000351991504e-05,6.28100024187006e-05,0.0,0.012000000104308128,0.012000000104308128,-0.0002500000118743628,0.0,0.000750000006519258,0.0002500000118743628,-0.6739259958267212,-0.2987782657146454,-0.22207681834697723,0.9186488389968872,-0.16472453
337,2737,-0.24812646429297525,-0.38992911007260656,-0.12912646429297525,0.13807088992739347,0.18904289044062836,0.15100702736541796,0.5910977125167847,0.5454317331314087,-1.0,0.8860465288162231,0.3084745705127716,0.2502500116825104,-0.3633750081062317,-0.1628749966621399,0.312624990940094,8.565000462112948e-05,9.707000572234392e-05,8.565000462112948e-05,0.00022269001055974513,0.01600000075995922,0.027000000700354576,0.0430000014603138,0.0002500000118743628,0.004999999888241291,0.0020000000949949026,0.01549999974668026,-0.4854516386985779,-0.631545901298523,-0.3259109854698181,0.15954162180423737,0.0
338,2738,-0.24982985583350475,-0.38988424947592204,-0.13082985583350476,0.13811575052407798,0.1902430333027861,0.14920555902470356,0.5857524275779724,0.5424930453300476,-1.0,0.8860465288162231,0.3084745705127716,0.24150000512599945,-0.37275001406669617,-0.16837500035762787,0.3192499876022339,0.0,7.423000351991504e-05,7.423000351991504e-05,0.00010848999954760075,0.006500000134110451,0.01600000075995922,0.02250000089406967,-0.0002500000118743628,0.0002500000118743628,0.0010000000474974513,0.00800000037997961,-0.5189794898033142,0.24231110513210297,-0.04826639965176582,0.7421673536300659,-0.08627754
339,2739,-0.2485827151518148,-0.3909819767250828,-0.1295827151518148,0.13701802327491724,0.1885884905509404,0.15169476448618485,0.5817910432815552,0.5425690412521362,-1.0,0.8860465288162231,0.3084745705127716,0.24525000154972076,-0.3712500035762787,-0.17075000703334808,0.3251250088214874,0.0,0.00010848999954760075,9.707000572234392e-05,0.0004054100136272609,0.009499999694526196,0.04399999976158142,0.05350000038743019,-0.0002500000118743628,0.0062500000931322575,0.004000000189989805,0.024000000208616257,0.6848900318145752,0.6328986287117004,-0.9231232404708862,0.6779683828353882,0.0
340,2740,-0.23732304472222487,-0.3971189906627391,-0.11832304472222488,0.13088100933726093,0.17643747197655552,0.17129385967081287,0.5846913456916809,0.5407085418701172,-1.0,0.8860465288162231,0.3084745705127716,0.25712499022483826,-0.3636249899864197,-0.18799999356269836,0.3388749957084656,0.00011991000064881518,0.00021127000218257308,9.13600015337579e-05,0.0003368900215718895,0.028999999165534973,0.03750000149011612,0.06650000065565109,0.001500000013038516,0.014499999582767487,0.004000000189989805,0.02174999937415123,-0.9619190692901611,-0.8757891058921814,-0.9207704663276672,-0.9679480195045471,0.0
341,2741,-0.2272031607756793,-0.4039234602803711,-0.10820316077567932,0.1240765397196289,0.16462961978527482,0.19276254239727109,0.6108766198158264,0.5303068161010742,-1.0,0.8860465288162231,0.3084745705127716,0.23999999463558197,-0.3726249933242798,-0.2032500058412552,0.3317500054836273,6.28100024187006e-05,0.0,5.7100000958598685e-06,-6.28100024187006e-05,0.005499999970197678,0.006000000052154064,0.011500000022351742,-0.0002500000118743628,-0.0002500000118743628,0.0,-0.0002500000118743628,-0.8975683450698853,-0.9908716678619385,0.3084240257740021,-0.9650984406471252,-0.27461284
342,2742,-0.2259920322460569,-0.3983299476999027,-0.10699203224605691,0.12967005230009732,0.1681119193503282,0.18616550417818303,0.6344112753868103,0.5187737941741943,-1.0,0.8860465288162231,0.3084745705127716,0.2436250001192093,-0.3695000112056732,-0.19750000536441803,0.31349998712539673,9.13600015337579e-05,7.423000351991504e-05,0.0,5.7100001868093386e-05,0.014499999582767487,0.004999999888241291,0.019500000402331352,0.0,0.0010000000474974513,0.0,0.0002500000118743628,-0.4805751144886017,0.7234982252120972,-0.17757880687713623,0.034438107162714005,-0.045309458
343,2743,-0.23938193663527108,-0.38822378352791975,-0.12038193663527108,0.13977621647208027,0.1844700554542885,0.15807264793967876,0.6372278332710266,0.5282543301582336,-1.0,0.8860465288162231,0.3084745705127716,0.23462499678134918,-0.3557499945163727,-0.19374999403953552,0.3137499988079071,9.13600015337579e-05,7.423000351991504e-05,0.0,6.28100024187006e-05,0.014499999582767487,0.005499999970197678,0.019999999552965164,0.0,0.0005000000237487257,0.0,0.0010000000474974513,-0.4812805950641632,0.6729689836502075,-0.8414037823677063,-0.16881252825260162,-0.12496846
344,2744,-0.23485234838108598,-0.3909477064730895,-0.11585234838108599,0.1370522935269105,0.17945778831357237,0.16619759234868522,0.6060885190963745,0.5453833937644958,-1.0,0.8860465288162231,0.3084745705127716,0.22550000250339508,-0.34450000524520874,-0.1899999976158142,0.3112500011920929,9.13600015337579e-05,9.13600015337579e-05,0.0,0.0,0.01600000075995922,0.0,0.01600000075995922,0.0002500000118743628,0.003000000026077032,0.0,-0.0002500000118743628,0.6275849342346191,0.6073012948036194,-0.13685880601406097,-0.7971087694168091,-0.16007611
345,2745,-0.24021184378254407,-0.3901716844687068,-0.12121184378254407,0.1378283155312932,0.18354551379796127,0.1595408721309113,0.6166224479675293,0.5407665967941284,-1.0,0.8860465288162231,0.3084745705127716,0.23675000667572021,-0.33637499809265137,-0.18637500703334808,0.3127500116825104,0.00011991000064881518,0.00014275001012720168,7.423000351991504e-05,8.565000462112948e-05,0.023000000044703484,0.014000000432133675,0.03700000047683716,0.0012499999720603228,0.009499999694526196,0.0002500000118743628,0.0042500002309679985,0.1330156922340393,-0.5977761745452881,-0.7139325141906738,0.820591926574707,0.0
346,2746,-0.23386520490266427,-0.3930251223352566,-0.11486520490266428,0.13497487766474342,0.17723496522397464,0.1699332353614395,0.6041585206985474,0.542081892490387,-1.0,0.8860465288162231,0.3084745705127716,0.23874999582767487,-0.3434999883174896,-0.19975000619888306,0.3278749883174896,0.00016558999777771533,7.994000043254346e-05,2.2840000383439474e-05,8.565000462112948e-05,0.0215000007301569,0.009499999694526196,0.03099999949336052,0.0020000000949949026,0.001500000013038516,0.0002500000118743628,0.004749999847263098,0.7783437371253967,0.5551424026489258,0.27700209617614746,-0.9193024039268494,0.0
347,2747,-0.22835302575293154,-0.39197518106955836,-0.10935302575293154,0.13602481893044166,0.17453032861477327,0.1745920295922146,0.6189181208610535,0.5372455716133118,-1.0,0.8860465288162231,0.3084745705127716,0.2528750002384186,-0.3407500088214874,-0.19449999928474426,0.3125,0.00019985000835731626,0.00025695000658743083,0.0,6.851999933132902e-05,0.03999999910593033,0.006000000052154064,0.04600000008940697,0.002749999985098839,0.016750000417232513,0.0,0.0012499999720603228,-0.3238274157047272,0.4958944320678711,-0.9898203611373901,-0.8631188869476318,-0.14277846
348,2748,-0.22577772377709765,-0.3891063586987435,-0.10677772377709766,0.13889364130125653,0.17519396647413482,0.17343720694290993,0.6317371726036072,0.5390251278877258,-1.0,0.8860465288162231,0.3084745705127716,0.24812500178813934,-0.33012500405311584,-0.19075000286102295,0.29649999737739563,9.707000572234392e-05,0.00019985000835731626,0.0,6.851999933132902e-05,0.026000000536441803,0.006000000052154064,0.03200000151991844,0.0002500000118743628,0.014000000432133675,0.0,0.0010000000474974513,-0.9174167513847351,0.5803415179252625,-0.13603496551513672,-0.7050853967666626,-0.040324196
349,2749,-0.22161507661624108,-0.3911157242962619,-0.10261507661624109,0.13688427570373812,0.17107647086579153,0.18072753584939819,0.6377262473106384,0.5438875555992126,-1.0,0.8860465288162231,0.3084745705127716,0.23087500035762787,-0.3163749873638153,-0.18700000643730164,0.2836250066757202,9.707000572234392e-05,0.00011991000064881518,0.0,7.423000351991504e-05,0.01899999938905239,0.006500000134110451,0.025499999523162842,0.0005000000237487257,0.008249999955296516,0.0,0.0005000000237487257,0.22404654324054718,-0.5092141628265381,0.35551148653030396,-0.6046331524848938,0.0
350,2750,-0.21790291064955458,-0.39202853175235436,-0.09890291064955459,0.13597146824764567,0.16813692608220923,0.18611895609001863,0.647406816482544,0.5404818058013916,-1.0,0.8860465288162231,0.3084745705127716,0.23487499356269836,-0.32225000858306885,-0.18025000393390656,0.27250000834465027,9.707000572234392e-05,7.423000351991504e-05,0.0,6.28100024187006e-05,0.014999999664723873,0.005499999970197678,0.020500000566244125,0.000750000006519258,0.0010000000474974513,-0.0002500000118743628,0.0002500000118743628,-0.16754315793514252,-0.01941799558699131,0.9495232105255127,-0.19869966804981232,0.0
351,2751,-0.24678236228001416,-0.3760007687856886,-0.12778236228001416,0.15199923121431141,0.19857517065233127,0.13727738301775216,0.6560397148132324,0.5389347076416016,-1.0,0.8860465288162231,0.3084745705127716,0.23212499916553497,-0.32212498784065247,-0.1626249998807907,0.26899999380111694,9.13600015337579e-05,6.851999933132902e-05,0.0,0.0,0.014000000432133675,0.0,0.014000000432133675,0.0,0.0002500000118743628,0.0,0.0,-0.4622606933116913,-0.613662600517273,-0.7963577508926392,0.23137880861759186,-0.11956293
352,2752,-0.2499575556591453,-0.37420876857519964,-0.1309575556591453,0.1537912314248004,0.20199411933859523,0.13266326632823824,0.5888782143592834,0.5661004185676575,-1.0,0.8860465288162231,0.3084745705127716,0.22349999845027924,-0.3336249887943268,-0.1587499976158142,0.27274999022483826,0.0,1.7129999832832254e-05,0.0,6.851999933132902e-05,0.001500000013038516,0.006000000052154064,0.007499999832361937,0.0,0.0002500000118743628,-0.0002500000118743628,0.0010000000474974513,-0.47194644808769226,-0.1653851866722107,0.4222196042537689,-0.8783895969390869,-0.08063358
353,2753,-0.19693197488894026,-0.404007967394088,-0.07793197488894027,0.12399203260591202,0.14644936619813678,0.23119502467636302,0.5814940333366394,0.569137692451477,-1.0,0.8860465288162231,0.3084745705127716,0.22712500393390656,-0.33649998903274536,-0.1509999930858612,0.25699999928474426,9.13600015337579e-05,0.0,0.0,0.0,0.00800000037997961,0.0,0.00800000037997961,0.0002500000118743628,0.0,0.0,-0.0002500000118743628,-0.7910861968994141,0.8246862888336182,0.11556170135736465,-0.9274539351463318,-0.14542708
354,2754,-0.22346910427009248,-0.38910069155685517,-0.10446910427009248,0.13889930844314485,0.17380106913646803,0.1758699123937552,0.7048093676567078,0.5186305642127991,-1.0,0.8860465288162231,0.3084745705127716,0.21250000596046448,-0.32112500071525574,-0.1472499966621399,0.2606250047683716,1.7129999832832254e-05,0.0,5.7100000958598685e-06,5.7100001868093386e-05,0.001500000013038516,0.005499999970197678,0.007000000216066837,0.0,0.0,0.0,0.0,0.0976787582039833,-0.8237746953964233,-0.7405602931976318,0.7305945158004761,-0.24799877
355,2755,-0.2365069000016633,-0.3792185390808123,-0.1175069000016633,0.1487814609191877,0.18958848768121095,0.15018538067008055,0.6430951356887817,0.5438971519470215,-1.0,0.8860465288162231,0.3084745705127716,0.2160000056028366,-0.3188750147819519,-0.14350000023841858,0.273250013589859,8.565000462112948e-05,8.565000462112948e-05,0.0,6.851999933132902e-05,0.014999999664723873,0.006000000052154064,0.020999999716877937,0.0005000000237487257,0.003000000026077032,0.0,0.0020000000949949026,-0.8907202482223511,0.28267133235931396,0.6014658212661743,0.40855875611305237,0.0
356,2756,-0.23883319973024864,-0.3808757222401364,-0.11983319973024864,0.14712427775986364,0.18975128158711121,0.14994108692441374,0.612774670124054,0.5606465339660645,-1.0,0.8860465288162231,0.3084745705127716,0.19962500035762787,-0.31462499499320984,-0.13875000178813934,0.27549999952316284,0.0,9.707000572234392e-05,0.0001827200030675158,0.00017130000924225897,0.008500000461935997,0.03099999949336052,0.039500001817941666,0.0,0.004999999888241291,0.013000000268220901,0.012749999761581421,-0.5211038589477539,-0.7678398489952087,-0.5221497416496277,0.151579350233078,-0.086532466
357,2757,-0.2353433578280988,-0.38214676315464174,-0.11634335782809879,0.14585323684535828,0.18657155091006028,0.15478541987744143,0.6073646545410156,0.5578377842903137,-1.0,0.8860465288162231,0.3084745705127716,0.20337499678134918,-0.3266249895095825,-0.14237500727176666,0.28087499737739563,0.0,6.851999933132902e-05,7.423000351991504e-05,0.00010848999954760075,0.006000000052154064,0.01600000075995922,0.02199999988079071,0.0,0.0002500000118743628,0.000750000006519258,0.007499999832361937,-0.7883289456367493,0.8946431875228882,0.9169162511825562,0.2611035406589508,-0.11859948
358,2758,-0.23477347710950697,-0.3810405301528166,-0.11577347710950697,0.14695946984718344,0.18708442954931004,0.15399359081898528,0.6154805421829224,0.555683434009552,-1.0,0.8860465288162231,0.3084745705127716,0.20724999904632568,-0.3154999911785126,-0.13737499713897705,0.2809999883174896,0.0,0.00017130000924225897,0.00041112001053988934,0.0002512400096748024,0.014999999664723873,0.057999998331069946,0.0729999989271164,-0.0002500000118743628,0.011500000022351742,0.02500000037252903,0.017000000923871994,0.0011658811708912253,0.46025609970092773,-0.04504669830203056,0.7512861490249634,-0.023860097
359,2759,-0.23970241597986902,-0.37922090107185025,-0.12070241597986903,0.14877909892814978,0.19158364622600102,0.1472186382347786,0.6168058514595032,0.5575584173202515,-1.0,0.8860465288162231,0.3084745705127716,0.210875004529953,-0.30924999713897705,-0.13750000298023224,0.2827500104904175,9.13600015337579e-05,0.00023982000129763037,0.0003882800228893757,0.0009421500144526362,0.028999999165534973,0.11649999767541885,0.14550000429153442,0.0,0.016249999403953552,0.023749999701976776,0.04149999842047691,-0.8554533123970032,-0.6299413442611694,-0.7965801954269409,-0.4797099530696869,0.0
360,2760,-0.24112472452721223,-0.3778791377117302,-0.12212472452721224,0.15012086228826982,0.19352188929167974,0.14439265883381053,0.605343222618103,0.5606425404548645,-1.0,0.8860465288162231,0.3084745705127716,0.19487500190734863,-0.31312501430511475,-0.14237500727176666,0.28437501192092896,0.0,6.851999933132902e-05,9.13600015337579e-05,0.000308340007904917,0.006000000052154064,0.03500000014901161,0.04100000113248825,0.0,0.0005000000237487257,0.0037499999161809683,0.020500000566244125,-0.518998920917511,0.16128942370414734,-0.9344228506088257,0.21373648941516876,-0.08627987
361,2761,-0.22889091289816843,-0.38337140595861413,-0.10989091289816844,0.1446285940413859,0.18164097266856077,0.16260851317557887,0.6020355224609375,0.5629166960716248,-1.0,0.8860465288162231,0.3084745705127716,0.19850000739097595,-0.31162500381469727,-0.1588750034570694,0.29374998807907104,7.994000043254346e-05,9.13600015337579e-05,8.565000462112948e-05,0.00013133000175002962,0.014999999664723873,0.01899999938905239,0.03400000184774399,0.0002500000118743628,0.0035000001080334187,0.0017500000540167093,0.009750000201165676,0.653836727142334,0.7478437423706055,-0.8239426016807556,-0.8268882632255554,0.0
362,2762,-0.22491158047392307,-0.3802872046590826,-0.10591158047392307,0.1477127953409174,0.18175899643734844,0.16241670968907573,0.630486249923706,0.5536077618598938,-1.0,0.8860465288162231,0.3084745705127716,0.21025000512599945,-0.3005000054836273,-0.1733749955892563,0.2828750014305115,0.00011991000064881518,0.0001484600070398301,0.0,6.851999933132902e-05,0.023499999195337296,0.006000000052154064,0.029500000178813934,0.0012499999720603228,0.00925000011920929,0.0,0.0005000000237487257,-0.9895237684249878,0.6062190532684326,0.35810089111328125,-0.7750469446182251,0.0
363,2763,-0.2219119709064195,-0.37878839399629066,-0.10291197090641951,0.14921160600370936,0.1812594194022753,0.1632301364266203,0.639740526676178,0.5588352680206299,-1.0,0.8860465288162231,0.3084745705127716,0.19212499260902405,-0.28700000047683716,-0.1667499989271164,0.2683750092983246,9.13600015337579e-05,9.707000572234392e-05,0.0,6.851999933132902e-05,0.016499999910593033,0.006000000052154064,0.02250000089406967,0.0005000000237487257,0.004749999847263098,0.0,0.0005000000237487257,0.22680386900901794,0.8796893358230591,-0.9833894371986389,-0.4576362371444702,-0.14200674
364,2764,-0.22718469822943854,-0.37936698097642335,-0.10818469822943855,0.14863301902357667,0.18383607718578415,0.15907797759458256,0.6467163562774658,0.561375617980957,-1.0,0.8860465288162231,0.3084745705127716,0.19562500715255737,-0.2746250033378601,-0.16300000250339508,0.25987499952316284,0.0001541700039524585,0.0001827200030675158,0.0,6.851999933132902e-05,0.029500000178813934,0.006000000052154064,0.03550000116229057,0.0020000000949949026,0.012749999761581421,0.0,0.0005000000237487257,0.4636760652065277,-0.747439444065094,0.5777682065963745,0.8410980701446533,0.0
365,2765,-0.2201432220339764,-0.3856322086330526,-0.10114322203397641,0.14236779136694744,0.1746383101788291,0.1744036041386287,0.6344541907310486,0.5603949427604675,-1.0,0.8860465288162231,0.3084745705127716,0.20424999296665192,-0.2837499976158142,-0.1522500067949295,0.27274999022483826,0.00017130000924225897,8.565000462112948e-05,0.0,9.13600015337579e-05,0.02250000089406967,0.00800000037997961,0.030500000342726707,0.0020000000949949026,0.003000000026077032,0.0,0.0062500000931322575,0.8278586268424988,-0.5934207439422607,-0.25064894556999207,-0.676186203956604,-0.05407788
366,2766,-0.21901165122799882,-0.38604845208264976,-0.10001165122799882,0.14195154791735026,0.1736449605876389,0.17614467476979975,0.6508297324180603,0.5497758984565735,-1.0,0.8860465288162231,0.3084745705127716,0.21987499296665192,-0.29475000500679016,-0.148499995470047,0.2631250023841858,0.00014275001012720168,8.565000462112948e-05,0.0,6.28100024187006e-05,0.019999999552965164,0.005499999970197678,0.025499999523162842,0.0017500000540167093,0.002749999985098839,0.0,0.0002500000118743628,0.5867955684661865,0.1835947483778,-0.32261979579925537,-0.42454054951667786,-0.062714376
367,2767,-0.21806834201534153,-0.3856004394873351,-0.09906834201534154,0.14239956051266495,0.17347095210400157,0.1764514482759312,0.6534612774848938,0.549070417881012,-1.0,0.8860465288162231,0.3084745705127716,0.23025000095367432,-0.29487499594688416,-0.14474999904632568,0.2548750042915344,0.00023411000438500196,0.0001484600070398301,0.0,6.851999933132902e-05,0.03350000083446503,0.006000000052154064,0.039500001817941666,0.003000000026077032,0.009750000201165676,0.0,0.0010000000474974513,0.8894232511520386,0.593400776386261,-0.8408610224723816,0.40821078419685364,-0.12490333
368,2768,-0.22068944057862983,-0.3858050828166274,-0.10168944057862983,0.14219491718337263,0.17481457833367584,0.17409645690453518,0.655655026435852,0.5498297810554504,-1.0,0.8860465288162231,0.3084745705127716,0.24525000154972076,-0.29362499713897705,-0.14100000262260437,0.25600001215934753,0.0005481599946506321,0.0005538699915632606,0.0,0.0001884299999801442,0.09650000184774399,0.016499999910593033,0.11299999803304672,0.0062500000931322575,0.029500000178813934,0.0,0.014000000432133675,0.8868821263313293,-0.1255858838558197,-0.5537897944450378,0.7021781802177429,-0.09045477
369,2769,-0.2292502702019058,-0.3833196212517623,-0.11025027020190581,0.14468037874823775,0.18189979129819464,0.1621881962140415,0.6495594382286072,0.5494828820228577,-1.0,0.8860465288162231,0.3084745705127716,0.25874999165534973,-0.2941249907016754,-0.13725000619888306,0.2621249854564667,0.001319010043516755,0.00043967002420686185,0.0,0.0004625100118573755,0.15399999916553497,0.04050000011920929,0.19449999928474426,0.012500000186264515,0.026000000536441803,0.0,0.02800000086426735,-0.5914838314056396,-0.815134584903717,-0.987902820110321,0.7930596470832825,-0.14254835
370,2770,-0.23354525268258036,-0.38105445661490117,-0.11454525268258037,0.14694554338509885,0.18631588132217328,0.1551816654464132,0.6296505331993103,0.553695559501648,-1.0,0.8860465288162231,0.3084745705127716,0.2529999911785126,-0.3017500042915344,-0.13600000739097595,0.27649998664855957,0.0001484600070398301,0.0001598800008650869,9.707000572234392e-05,0.0005139000131748617,0.027000000700354576,0.05350000038743019,0.08049999922513962,0.0020000000949949026,0.01075000036507845,0.004999999888241291,0.028750000521540642,-0.9243401288986206,0.6638399362564087,-0.8620840907096863,0.6839722990989685,0.0
371,2771,-0.23486246564033836,-0.38205039772398997,-0.11586246564033836,0.14594960227601006,0.18634751768881738,0.155132579370703,0.6196622252464294,0.5575348138809204,-1.0,0.8860465288162231,0.3084745705127716,0.23612500727176666,-0.29750001430511475,-0.1522500067949295,0.289000004529953,0.00011420000373618677,0.00047964000259526074,9.707000572234392e-05,0.0005310300039127469,0.052000001072883606,0.054999999701976776,0.10700000077486038,0.0012499999720603228,0.027000000700354576,0.005249999929219484,0.029249999672174454,0.2949106693267822,-0.5578817129135132,-0.9808486104011536,0.5282608270645142,0.0
372,2772,-0.23419136117671768,-0.3845659064511987,-0.11519136117671769,0.14343409354880132,0.18396300954787434,0.1588761842576748,0.616598904132843,0.5558468103408813,-1.0,0.8860465288162231,0.3084745705127716,0.23899999260902405,-0.3005000054836273,-0.16850000619888306,0.3022499978542328,0.0005881300312466919,0.00017701000615488738,7.423000351991504e-05,0.00034831001539714634,0.06700000166893005,0.03700000047683716,0.10400000214576721,0.006500000134110451,0.012249999679625034,0.0010000000474974513,0.02250000089406967,0.9332523941993713,-0.13095687329769135,0.5940700769424438,-0.480829656124115,0.0
373,2773,-0.23123518145065286,-0.3880593849845708,-0.11223518145065287,0.1399406150154292,0.17938815926966178,0.16631335444058196,0.6181596517562866,0.5515832304954529,-1.0,0.8860465288162231,0.3084745705127716,0.2552500069141388,-0.30674999952316284,-0.16200000047683716,0.3006249964237213,0.0008279500179924071,0.0003140500048175454,0.0001598800008650869,0.00011420000373618677,0.10000000149011612,0.024000000208616257,0.12399999797344208,0.008750000037252903,0.019999999552965164,0.010250000283122063,0.00774999987334013,0.4101194143295288,-0.4953920543193817,-0.7016364336013794,0.57546067237854,0.0
374,2774,-0.23300933958814085,-0.3872722299043298,-0.11400933958814086,0.14072777009567022,0.1811144245758019,0.16346698334607973,0.6250344514846802,0.5456620454788208,-1.0,0.8860465288162231,0.3084745705127716,0.26249998807907104,-0.3140000104904175,-0.17000000178813934,0.3034999966621399,0.0009421500144526362,0.00023982000129763037,0.0,0.0003768599999602884,0.10350000113248825,0.032999999821186066,0.13650000095367432,0.009499999694526196,0.01600000075995922,0.0,0.023499999195337296,-0.8388340473175049,-0.19658417999744415,-0.6566272974014282,-0.4605250954627991,-0.10279528
375,2775,-0.2239730574696453,-0.3931568361237137,-0.1049730574696453,0.1348431638762863,0.17088599017676218,0.18107211497911407,0.6209084987640381,0.5469962358474731,-1.0,0.8860465288162231,0.3084745705127716,0.25087499618530273,-0.3140000104904175,-0.16750000417232513,0.3036249876022339,0.00014275001012720168,0.00014275001012720168,7.994000043254346e-05,9.707000572234392e-05,0.02500000037252903,0.01549999974668026,0.04050000011920929,0.001500000013038516,0.008750000037252903,0.0024999999441206455,0.006000000052154064,-0.9466144442558289,-0.9657418727874756,-0.23767313361167908,-0.8892990946769714,0.0
376,2776,-0.22363027178171513,-0.39296860408374695,-0.10463027178171513,0.13503139591625307,0.17082438835309044,0.18118369306764243,0.6419231295585632,0.5370222926139832,-1.0,0.8860465288162231,0.3084745705127716,0.23387500643730164,-0.3278749883174896,-0.1706250011920929,0.28975000977516174,9.13600015337579e-05,7.423000351991504e-05,0.0,6.851999933132902e-05,0.014499999582767487,0.006000000052154064,0.020500000566244125,0.0002500000118743628,0.0005000000237487257,0.0,0.0005000000237487257,-0.969314694404602,-0.5922274589538574,0.5990210771560669,-0.8842343688011169,0.0
377,2777,-0.20526278256597294,-0.4019853734286985,-0.08626278256597295,0.12601462657130152,0.15271199614283384,0.21716019729354324,0.6427202820777893,0.5373413562774658,-1.0,0.8860465288162231,0.3084745705127716,0.21587499976158142,-0.3386250138282776,-0.15937499701976776,0.273375004529953,0.0,0.0,0.0,6.28100024187006e-05,0.0,0.005499999970197678,0.005499999970197678,0.0,0.0,-0.0002500000118743628,0.0002500000118743628,0.9249747395515442,-0.11761276423931122,0.698407769203186,-0.8644987344741821,-0.038113534
378,2778,-0.20490428171362407,-0.4027761121709403,-0.08590428171362408,0.12522388782905974,0.15185706338448213,0.21902472985142177,0.68543541431427,0.5220586657524109,-1.0,0.8860465288162231,0.3084745705127716,0.2331250011920929,-0.33550000190734863,-0.14650000631809235,0.2574999928474426,8.565000462112948e-05,7.423000351991504e-05,0.0,0.0,0.014000000432133675,0.0,0.014000000432133675,0.0,0.0012499999720603228,0.0,-0.0002500000118743628,-0.3917299211025238,-0.7344650030136108,-0.952226459980011,0.314475953578949,-0.13826719
379,2779,-0.2356790772179843,-0.3867394896142967,-0.11667907721798432,0.1412605103857033,0.18321719039126688,0.16006554299467549,0.6862691044807434,0.5207184553146362,-1.0,0.8860465288162231,0.3084745705127716,0.22587500512599945,-0.3486250042915344,-0.14287500083446503,0.2632499933242798,0.0,0.0,7.423000351991504e-05,6.851999933132902e-05,0.0,0.012500000186264515,0.012500000186264515,0.0,0.0,0.0002500000118743628,0.0,-0.6648489832878113,0.4593133330345154,-0.5139445662498474,0.9594278931617737,-0.10378189
380,2780,-0.23787664448211876,-0.38728696502634685,-0.11887664448211877,0.14071303497365317,0.18420590331155134,0.15849075219885764,0.6146998405456543,0.5478991866111755,-1.0,0.8860465288162231,0.3084745705127716,0.22975000739097595,-0.3400000035762787,-0.1525000035762787,0.281125009059906,0.0,0.0,6.851999933132902e-05,6.28100024187006e-05,0.0,0.011500000022351742,0.011500000022351742,-0.0002500000118743628,-0.0002500000118743628,0.0002500000118743628,0.0,0.8701329231262207,-0.148663729429245,0.8219741582870483,0.947242021560669,-0.04183965
381,2781,-0.24123871953374265,-0.3860527870032955,-0.12223871953374266,0.14194721299670454,0.1873267621851742,0.1536208658907659,0.6095892190933228,0.5469712615013123,-1.0,0.8860465288162231,0.3084745705127716,0.24574999511241913,-0.3396250009536743,-0.14399999380111694,0.289249986410141,9.707000572234392e-05,0.00010848999954760075,0.000245530012762174,0.00029121001716703176,0.017999999225139618,0.04699999839067459,0.06499999761581421,0.0002500000118743628,0.006500000134110451,0.014000000432133675,0.01924999989569187,-0.8201421499252319,-0.35058388113975525,-0.43156251311302185,0.38742008805274963,0.0
382,2782,-0.2319152949190807,-0.3894464290828242,-0.1129152949190807,0.13855357091717585,0.1787371137748505,0.16739966238438073,0.6017704010009766,0.5490630865097046,-1.0,0.8860465288162231,0.3084745705127716,0.2306250035762787,-0.34325000643730164,-0.14675000309944153,0.2938750088214874,0.0,7.423000351991504e-05,8.565000462112948e-05,0.00042254000436514616,0.006500000134110451,0.04450000077486038,0.050999999046325684,-0.0002500000118743628,0.000750000006519258,0.0035000001080334187,0.02449999935925007,-0.17373695969581604,0.9093804359436035,-0.8123422861099243,-0.41552087664604187,-0.044848442
383,2783,-0.234480690166174,-0.3882671309490871,-0.11548069016617402,0.13973286905091292,0.18127621050335166,0.16320273059036106,0.6234527826309204,0.5433111190795898,-1.0,0.8860465288162231,0.3084745705127716,0.23399999737739563,-0.3294999897480011,-0.1601250022649765,0.2957499921321869,9.707000572234392e-05,0.00011420000373618677,7.423000351991504e-05,9.13600015337579e-05,0.01850000023841858,0.014499999582767487,0.032999999821186066,0.0005000000237487257,0.007249999791383743,0.0,0.005249999929219484,0.08487007021903992,-0.35797354578971863,-0.21930906176567078,-0.025363726541399956,0.0
384,2784,-0.23824088381977776,-0.3877917301547454,-0.11924088381977777,0.14020826984525464,0.18405636991726604,0.1587279260831348,0.6174867749214172,0.5453099608421326,-1.0,0.8860465288162231,0.3084745705127716,0.23524999618530273,-0.33287501335144043,-0.164124995470047,0.29624998569488525,0.00010278000263497233,7.423000351991504e-05,0.0,8.565000462112948e-05,0.01549999974668026,0.007499999832361937,0.023000000044703484,0.0010000000474974513,0.000750000006519258,0.0,0.0035000001080334187,0.9228880405426025,0.07600008696317673,-0.9607566595077515,0.8086885809898376,-0.13929081
385,2785,-0.23650627988645406,-0.3907666633371073,-0.11750627988645407,0.13723333666289272,0.18066741406347891,0.1641993335675775,0.6087421178817749,0.5461156964302063,-1.0,0.8860465288162231,0.3084745705127716,0.25174999237060547,-0.3332499861717224,-0.16300000250339508,0.3034999966621399,0.00019414001144468784,9.13600015337579e-05,0.00010848999954760075,0.0002969200140796602,0.02500000037252903,0.03550000116229057,0.060499999672174454,0.0024999999441206455,0.0042500002309679985,0.005249999929219484,0.01924999989569187,0.8656811118125916,0.5502133369445801,-0.7136492729187012,0.6434376835823059,0.0
386,2786,-0.23205290005015877,-0.38909045734719494,-0.11305290005015878,0.13890954265280508,0.1791000258228978,0.16679324987878272,0.6127761006355286,0.5410734415054321,-1.0,0.8860465288162231,0.3084745705127716,0.26600000262260437,-0.3331249952316284,-0.17412500083446503,0.31337499618530273,0.0005139000131748617,0.00041112001053988934,7.423000351991504e-05,0.0003768599999602884,0.08100000023841858,0.039500001817941666,0.12049999833106995,0.0062500000931322575,0.02449999935925007,0.000750000006519258,0.023499999195337296,-0.7482144832611084,0.9745254516601562,-0.9825068116188049,-0.9304909706115723,0.0
387,2787,-0.23221929268080116,-0.3859839963801121,-0.11321929268080116,0.14201600361988792,0.1816236590296125,0.16263666906378332,0.6231327652931213,0.5439144968986511,-1.0,0.8860465288162231,0.3084745705127716,0.2540000081062317,-0.31975001096725464,-0.19212499260902405,0.30649998784065247,0.00017130000924225897,0.0006794900400564075,0.0,7.423000351991504e-05,0.07450000196695328,0.006500000134110451,0.08100000023841858,0.0022499999031424522,0.03424999862909317,0.0,0.0024999999441206455,-0.8487836718559265,0.21742704510688782,-0.020961819216609,-0.2950044572353363,-0.02651542
388,2788,-0.23276739092267457,-0.3860329251719932,-0.11376739092267457,0.1419670748280068,0.18192764928007382,0.16214302014859225,0.6227458119392395,0.5491796731948853,-1.0,0.8860465288162231,0.3084745705127716,0.23862500488758087,-0.3095000088214874,-0.18837499618530273,0.3017500042915344,0.0001256200048374012,0.00035402001230977476,0.0,6.851999933132902e-05,0.041999999433755875,0.006000000052154064,0.04800000041723251,0.0012499999720603228,0.02174999937415123,0.0,0.0010000000474974513,0.5880042314529419,-0.5212581753730774,-0.5796483755111694,0.4252051115036011,-0.093557805
389,2789,-0.22638427077628032,-0.39117738228542814,-0.10738427077628032,0.13682261771457188,0.17393047555969418,0.1756424726231708,0.6214711666107178,0.5490967631340027,-1.0,0.8860465288162231,0.3084745705127716,0.24687500298023224,-0.312375009059906,-0.18449999392032623,0.30250000953674316,0.000616680015809834,0.00013133000175002962,0.0,0.00020556000526994467,0.06549999862909317,0.017999999225139618,0.08349999785423279,0.006750000175088644,0.00800000037997961,-0.0002500000118743628,0.015250000171363354,-0.9039506316184998,-0.961897611618042,-0.5994592905044556,-0.9384040832519531,-0.09593512
390,2790,-0.22775537372115146,-0.3889795228263999,-0.10875537372115146,0.1390204771736001,0.17650615962850358,0.17117624233958967,0.636315643787384,0.5403773188591003,-1.0,0.8860465288162231,0.3084745705127716,0.23337499797344208,-0.3267500102519989,-0.18074999749660492,0.2926250100135803,8.565000462112948e-05,6.851999933132902e-05,0.0,6.28100024187006e-05,0.013500000350177288,0.005499999970197678,0.01899999938905239,0.0,0.000750000006519258,-0.0002500000118743628,0.0,0.6110559701919556,0.6374900937080383,0.5413020253181458,-0.46354877948760986,0.0
391,2791,-0.23167321204561186,-0.38598062679445105,-0.11267321204561187,0.14201937320554897,0.18128638966666089,0.16318611876337596,0.6331270337104797,0.5441024899482727,-1.0,0.8860465288162231,0.3084745705127716,0.24387499690055847,-0.32100000977516174,-0.17075000703334808,0.2837499976158142,0.00017130000924225897,0.00019414001144468784,0.0,6.851999933132902e-05,0.03200000151991844,0.006000000052154064,0.03799999877810478,0.0017500000540167093,0.013000000268220901,0.0,0.0005000000237487257,-0.9045226573944092,0.12667468190193176,-0.23963122069835663,0.5568882822990417,-0.05275575
392,2792,-0.2225653082878321,-0.3911956038649766,-0.10356530828783211,0.13680439613502343,0.17158442785585795,0.1798118453239807,0.6240158081054688,0.5491853952407837,-1.0,0.8860465288162231,0.3084745705127716,0.22750000655651093,-0.31575000286102295,-0.16712500154972076,0.29249998927116394,8.565000462112948e-05,0.00011420000373618677,7.423000351991504e-05,8.565000462112948e-05,0.017500000074505806,0.014000000432133675,0.03150000050663948,0.000750000006519258,0.007249999791383743,0.0002500000118743628,0.0037499999161809683,0.5123517513275146,-0.47685885429382324,0.3682482838630676,-0.9754327535629272,0.0
393,2793,-0.21703448476917547,-0.39319639206890633,-0.09803448476917548,0.1348036079310937,0.16668165140529934,0.18884730244255882,0.6451969742774963,0.5403464436531067,-1.0,0.8860465288162231,0.3084745705127716,0.2368749976158142,-0.3213750123977661,-0.1599999964237213,0.2759999930858612,0.00011991000064881518,7.423000351991504e-05,0.0,6.851999933132902e-05,0.017000000923871994,0.006000000052154064,0.023000000044703484,0.0010000000474974513,0.000750000006519258,-0.0002500000118743628,0.0002500000118743628,0.7876883745193481,0.11368372291326523,-0.8824797868728638,-0.8942276835441589,-0.1298976
394,2794,-0.2246122458253113,-0.388094628337275,-0.10561224582531131,0.13990537166272504,0.17529249695395183,0.17326640259171971,0.6580593585968018,0.5369552969932556,-1.0,0.8860465288162231,0.3084745705127716,0.2513749897480011,-0.3215000033378601,-0.15625,0.2591249942779541,0.00014275001012720168,9.13600015337579e-05,0.0,6.28100024187006e-05,0.020500000566244125,0.005499999970197678,0.026000000536441803,0.001500000013038516,0.005249999929219484,-0.0002500000118743628,0.0005000000237487257,-0.6162968873977661,-0.23819571733474731,-0.051889415830373764,0.274543821811676,-0.030226732
395,2795,-0.2240482375606529,-0.3885128037810912,-0.1050482375606529,0.13948719621890882,0.17461904284359064,0.1744372103031083,0.6404366493225098,0.5456023216247559,-1.0,0.8860465288162231,0.3084745705127716,0.24050000309944153,-0.32350000739097595,-0.15262499451637268,0.2630000114440918,9.13600015337579e-05,6.851999933132902e-05,0.0,7.423000351991504e-05,0.014000000432133675,0.006500000134110451,0.020500000566244125,0.0002500000118743628,0.0005000000237487257,0.0,0.003000000026077032,-0.9281198978424072,-0.6279522180557251,-0.9707110524177551,-0.2620360851287842,-0.14048533
396,2796,-0.22808694201313306,-0.3865783457903624,-0.10908694201313307,0.14142165420963765,0.17860583752264925,0.1676195626942188,0.641748309135437,0.5448935627937317,-1.0,0.8860465288162231,0.3084745705127716,0.22325000166893005,-0.33500000834465027,-0.14900000393390656,0.25987499952316284,3.997000021627173e-05,0.0,1.1420000191719737e-05,-6.851999933132902e-05,0.0035000001080334187,0.007000000216066837,0.010499999858438969,0.0,0.0,0.0002500000118743628,-0.0005000000237487257,0.3807668089866638,-0.16037440299987793,-0.5856499671936035,-0.6853299140930176,-0.13752294
397,2797,-0.21667151382901478,-0.3929334267181556,-0.09767151382901479,0.1350665732818444,0.16668144417346303,0.188847693794697,0.6323559284210205,0.5481722950935364,-1.0,0.8860465288162231,0.3084745705127716,0.2303750067949295,-0.33125001192092896,-0.14512500166893005,0.24687500298023224,9.13600015337579e-05,0.0,0.0,0.0,0.00800000037997961,0.0,0.00800000037997961,0.0,0.0,0.0,0.0,-0.1259266436100006,-0.4940947890281677,-0.8282679915428162,-0.5770431756973267,-0.29992872
398,2798,-0.22502777316993983,-0.38943861646309524,-0.10602777316993983,0.13856138353690478,0.17447391120461947,0.1746905576845311,0.6589034795761108,0.5374009609222412,-1.0,0.8860465288162231,0.3084745705127716,0.22812500596046448,-0.32737499475479126,-0.14137500524520874,0.25037500262260437,0.0,0.0,0.0,6.28100024187006e-05,0.0,0.005499999970197678,0.005499999970197678,0.0,-0.0002500000118743628,0.0,0.0005000000237487257,-0.8322067856788635,-0.5351338982582092,-0.9779247045516968,0.7922571897506714,-0.35343188
399,2799,-0.2340676733627235,-0.3868523060404642,-0.1150676733627235,0.1411476939595358,0.18210777293461475,0.1618512250899722,0.6394702792167664,0.54332435131073,-1.0,0.8860465288162231,0.3084745705127716,0.2316250056028366,-0.3257499933242798,-0.13762499392032623,0.2642500102519989,9.707000572234392e-05,9.13600015337579e-05,0.0,7.423000351991504e-05,0.016499999910593033,0.006500000134110451,0.023000000044703484,0.0005000000237487257,0.004000000189989805,0.0,0.0022499999031424522,-0.7811827063560486,-0.941936194896698,0.720077633857727,0.34538477659225464,0.0
400,2800,-0.23911533618179787,-0.3862963210412651,-0.12011533618179787,0.14170367895873492,0.18576228523709148,0.1560431273807698,0.6184472441673279,0.5477079749107361,-1.0,0.8860465288162231,0.3084745705127716,0.2172500044107437,-0.34162500500679016,-0.1274999976158142,0.2680000066757202,0.0,7.423000351991504e-05,0.00011420000373618677,0.00010848999954760075,0.006500000134110451,0.019500000402331352,0.026000000536441803,0.0,0.0005000000237487257,0.006750000175088644,0.007499999832361937,-0.5882532596588135,-0.7466912269592285,0.3553127944469452,-0.5017438530921936,-0.094590396
