step,action_count,cube_x,cube_y,dist_to_goal_x,dist_to_goal_y,dist_to_goal,distance_reward,obs_cube_x_norm,obs_cube_y_norm,obs_cube_yaw_norm,obs_goal_x_norm,obs_goal_y_norm,obs_motor_16_pos_delta_norm,obs_motor_17_pos_delta_norm,obs_motor_18_pos_delta_norm,obs_motor_19_pos_delta_norm,obs_motor_16_current_norm,obs_motor_17_current_norm,obs_motor_18_current_norm,obs_motor_19_current_norm,obs_horizontal_tension_norm,obs_vertical_tension_norm,obs_total_tension_norm,obs_motor_16_target_error_norm,obs_motor_17_target_error_norm,obs_motor_18_target_error_norm,obs_motor_19_target_error_norm,action_m16,action_m17,action_m18,action_m19,total_safety_penalty
1,4796,-0.13415012443451058,-0.5920578393393194,0.23084987556548942,-0.10405783933931945,0.25321867817475385,0.07948501372084205,0.8447471261024475,0.1967785656452179,-1.0,0.3139534890651703,0.37627118825912476,0.0,0.0,0.0,0.0,7.994000043254346e-05,0.0,0.0,6.851999933132902e-05,0.007000000216066837,0.006000000052154064,0.013000000268220901,0.0,0.0,0.0,0.0,-0.6763002276420593,0.7726058959960938,0.6757667064666748,-0.1553657054901123,0.0
2,4797,-0.1391292238174361,-0.5880160476940863,0.2258707761825639,-0.10001604769408634,0.2470239205616728,0.0845646282479528,0.8508136868476868,0.19990196824073792,-1.0,0.3139534890651703,0.37627118825912476,-0.012625000439584255,0.014375000260770321,0.008875000290572643,-0.0028750000055879354,9.13600015337579e-05,0.0,0.00011991000064881518,0.0,0.00800000037997961,0.010499999858438969,0.01850000023841858,0.0,0.0,0.007499999832361937,0.0,-0.4265185296535492,0.3219408094882965,0.9483674764633179,0.9675891399383545,0.0
3,4798,-0.13676237669292368,-0.5858527444458629,0.2282376233070763,-0.0978527444458629,0.24832956386312569,0.08346769246102967,0.8392343521118164,0.2067524641752243,-1.0,0.3139534890651703,0.37627118825912476,-0.020999999716877937,0.020500000566244125,0.019750000908970833,0.012875000014901161,9.13600015337579e-05,0.0,0.0003368900215718895,9.13600015337579e-05,0.00800000037997961,0.03750000149011612,0.045499999076128006,0.0010000000474974513,-0.0002500000118743628,0.021250000223517418,0.004749999847263098,-0.7592139840126038,-0.6094647645950317,-0.06408301740884781,-0.615641713142395,-0.097135775
4,4799,-0.1379610999687837,-0.5869550104568333,0.2270389000312163,-0.0989550104568333,0.24766662314873317,0.08402287200001961,0.8447386622428894,0.21041907370090485,-1.0,0.3139534890651703,0.37627118825912476,-0.03462500125169754,0.024250000715255737,0.025499999523162842,0.0036249998956918716,9.13600015337579e-05,0.0,0.00011420000373618677,6.28100024187006e-05,0.00800000037997961,0.01549999974668026,0.023499999195337296,0.0,-0.0002500000118743628,0.007499999832361937,0.0002500000118743628,0.6468167304992676,-0.6086097955703735,0.586990475654602,-0.5724607110023499,-0.09703318
5,4800,-0.13680548306018164,-0.5890520033076831,0.22819451693981835,-0.10105200330768316,0.24956811682162658,0.08244027656552737,0.8419509530067444,0.208550825715065,-1.0,0.3139534890651703,0.37627118825912476,-0.02449999935925007,0.02787500061094761,0.02775000035762787,-0.007000000216066837,0.0003026300109922886,7.423000351991504e-05,0.00041683000745251775,6.28100024187006e-05,0.032999999821186066,0.041999999433755875,0.07500000298023224,0.004000000189989805,0.0,0.02500000037252903,0.0002500000118743628,0.2271670550107956,0.3372848927974701,0.13846714794635773,-0.47448933124542236,0.0
6,4801,-0.13825569043628155,-0.5869861840724961,0.22674430956371844,-0.09898618407249615,0.2474090672484771,0.08423955678686537,0.8446384072303772,0.20499660074710846,-1.0,0.3139534890651703,0.37627118825912476,-0.020250000059604645,0.03375000134110451,0.02775000035762787,-0.01587500050663948,0.0003197600017301738,7.994000043254346e-05,0.0005367400008253753,3.425999966566451e-05,0.03500000014901161,0.05000000074505806,0.08500000089406967,0.004000000189989805,0.000750000006519258,0.029999999329447746,0.0002500000118743628,-0.26193293929100037,0.049584873020648956,0.9153119325637817,-0.06085900217294693,-0.031303085
7,4802,-0.1376180023035885,-0.5849156522331703,0.2273819976964115,-0.09691565223317034,0.24717446576091084,0.08443741603983407,0.841265857219696,0.20849798619747162,-1.0,0.3139534890651703,0.37627118825912476,-0.023874999955296516,0.03500000014901161,0.0377499982714653,-0.014624999836087227,0.0001256200048374012,0.0,0.0009935400448739529,8.565000462112948e-05,0.010999999940395355,0.09449999779462814,0.1054999977350235,0.001500000013038516,0.0,0.0442500002682209,0.005249999929219484,-0.5139201879501343,0.2638096511363983,-0.912761390209198,-0.7269773483276367,0.0
8,4803,-0.12183614819292041,-0.5889230248900595,0.24316385180707958,-0.10092302489005955,0.26327574096109757,0.07187998615992447,0.8427488207817078,0.21200737357139587,-1.0,0.3139534890651703,0.37627118825912476,-0.032875001430511475,0.03987500071525574,0.03787500038743019,-0.025499999523162842,9.13600015337579e-05,0.0,0.0001484600070398301,-6.851999933132902e-05,0.00800000037997961,0.01899999938905239,0.027000000700354576,0.0002500000118743628,0.0,0.009999999776482582,-0.0002500000118743628,0.7933615446090698,0.3063147962093353,0.4714299142360687,-0.7035166621208191,0.0
9,4804,-0.13444009801296108,-0.5895075841884788,0.2305599019870389,-0.10150758418847883,0.25191597418991535,0.08052724199744775,0.879450798034668,0.2052152156829834,-1.0,0.3139534890651703,0.37627118825912476,-0.020874999463558197,0.04287499934434891,0.03812500089406967,-0.03837500140070915,0.0005196100100874901,0.00010278000263497233,0.0004625100118573755,-6.851999933132902e-05,0.054499998688697815,0.04650000110268593,0.10100000351667404,0.006000000052154064,0.005249999929219484,0.027000000700354576,-0.000750000006519258,0.8104480504989624,-0.8431722521781921,-0.34816959500312805,-0.046382591128349304,0.0
10,4805,-0.12198222376793097,-0.5899194268210555,0.24301777623206902,-0.10191942682105548,0.26352458922899863,0.07170133643496243,0.850139319896698,0.20422443747520447,-1.0,0.3139534890651703,0.37627118825912476,-0.006624999921768904,0.029874999076128006,0.03662500157952309,-0.039374999701976776,0.0007023300277069211,0.0,0.000245530012762174,0.0,0.061500001698732376,0.0215000007301569,0.08299999684095383,0.00774999987334013,-0.0002500000118743628,0.017000000923871994,-0.0002500000118743628,-0.3625858426094055,0.7044946551322937,0.45094507932662964,0.19130851328372955,-0.0010429788
11,4806,-0.13281847104227013,-0.5889485058305108,0.23218152895772987,-0.10094850583051085,0.2531775330051263,0.07951772469359712,0.879111111164093,0.20352639257907867,-1.0,0.3139534890651703,0.37627118825912476,-0.010374999605119228,0.039500001817941666,0.03674999997019768,-0.03750000149011612,0.0001541700039524585,0.00010848999954760075,0.0006509399972856045,7.994000043254346e-05,0.023000000044703484,0.06400000303983688,0.08699999749660492,0.0017500000540167093,0.006750000175088644,0.03350000083446503,0.0035000001080334187,0.19985675811767578,-0.6135724782943726,-0.20453974604606628,-0.3814626634120941,0.0
12,4807,-0.12254525683709294,-0.5909027223661085,0.24245474316290705,-0.10290272236610853,0.26338806493944944,0.07179929302718334,0.853910505771637,0.20517201721668243,-1.0,0.3139534890651703,0.37627118825912476,-0.00912499986588955,0.03137499839067459,0.03674999997019768,-0.042374998331069946,0.0005767100374214351,7.423000351991504e-05,0.00044538002111949027,-7.423000351991504e-05,0.05700000002980232,0.045499999076128006,0.10249999910593033,0.006500000134110451,0.0,0.026000000536441803,-0.0010000000474974513,-0.15969716012477875,0.48208948969841003,0.9771411418914795,-0.5507391691207886,0.0
13,4808,-0.1350717316266592,-0.586046386420269,0.2299282683733408,-0.09804638642026897,0.24996020180667908,0.08211767347190693,0.8778017163276672,0.20185978710651398,-1.0,0.3139534890651703,0.37627118825912476,-0.009750000201165676,0.03687499836087227,0.039374999701976776,-0.05287500098347664,0.00016558999777771533,0.00011420000373618677,0.0015017300611361861,-6.851999933132902e-05,0.02449999935925007,0.13750000298023224,0.16200000047683716,0.0020000000949949026,0.007000000216066837,0.0572500005364418,-0.0005000000237487257,-0.4958478510379791,-0.07638832181692123,0.8549588322639465,-0.9715442657470703,0.0
14,4809,-0.1350217409296403,-0.5830755688012229,0.22997825907035968,-0.09507556880122292,0.2488561098866362,0.08302935169115867,0.8486703634262085,0.21009087562561035,-1.0,0.3139534890651703,0.37627118825912476,-0.01912499964237213,0.038750000298023224,0.04899999871850014,-0.07137499749660492,0.0001827200030675158,7.994000043254346e-05,0.0019585301633924246,6.28100024187006e-05,0.023000000044703484,0.1770000010728836,0.20000000298023224,0.0022499999031424522,0.0005000000237487257,0.07000000029802322,0.0002500000118743628,-0.7714436650276184,-0.7759325504302979,0.9695336222648621,-0.9671630859375,-0.058032405
15,4810,-0.13378559885740177,-0.5841987341985249,0.23121440114259822,-0.09619873419852487,0.25042822476136506,0.08173424188403544,0.8487866520881653,0.2151261568069458,-1.0,0.3139534890651703,0.37627118825912476,-0.03350000083446503,0.02462499961256981,0.06037500128149986,-0.08974999934434891,0.00017701000615488738,0.0,0.0018100700108334422,6.28100024187006e-05,0.01549999974668026,0.164000004529953,0.17949999868869781,0.0022499999031424522,-0.0002500000118743628,0.06525000184774399,0.000750000006519258,0.07548774033784866,-0.8669996857643127,0.08657854050397873,0.5525597333908081,-0.1304711
16,4811,-0.13302138289686516,-0.5849702686741166,0.23197861710313483,-0.09697026867411662,0.25143053076309807,0.0809191065713886,0.8516613841056824,0.21322248876094818,-1.0,0.3139534890651703,0.37627118825912476,-0.03350000083446503,0.02837499976158142,0.06037500128149986,-0.08250000327825546,0.00041683000745251775,0.0,0.001878590090200305,9.707000572234392e-05,0.0364999994635582,0.17299999296665192,0.2094999998807907,0.004999999888241291,-0.0002500000118743628,0.06750000268220901,0.006750000175088644,0.9322347640991211,-0.06091560795903206,-0.8580501079559326,0.7095916867256165,-0.031309873
17,4812,-0.13305237312667206,-0.5858896674106527,0.23194762687332793,-0.09788966741065275,0.25175799609533117,0.08065455793914729,0.8534386157989502,0.2119147926568985,-1.0,0.3139534890651703,0.37627118825912476,-0.019750000908970833,0.03200000151991844,0.06012500077486038,-0.07137499749660492,0.001319010043516755,6.851999933132902e-05,0.0007194600184448063,0.0001541700039524585,0.12150000035762787,0.07649999856948853,0.1979999989271164,0.012249999679625034,0.0,0.035999998450279236,0.010999999940395355,0.6861740946769714,-0.8204996585845947,0.8196468353271484,-0.5335362553596497,0.0
18,4813,-0.1332278642382967,-0.5879985105705654,0.2317721357617033,-0.09999851057056541,0.25242429564499713,0.08011894336313963,0.8533665537834167,0.21035648882389069,-1.0,0.3139534890651703,0.37627118825912476,-0.009624999947845936,0.016875000670552254,0.05999999865889549,-0.07599999755620956,0.002072730101644993,-8.565000462112948e-05,0.0018272000597789884,6.851999933132902e-05,0.1889999955892563,0.16599999368190765,0.35499998927116394,0.017500000074505806,-0.0005000000237487257,0.06674999743700027,0.0002500000118743628,0.9113517999649048,-0.17629577219486237,0.8645315766334534,-0.9118368625640869,-0.10616412
19,4814,-0.1330799936768589,-0.5886020705931869,0.23192000632314108,-0.10060207059318693,0.2527996557366374,0.0798187725370929,0.8529584407806396,0.20678219199180603,-1.0,0.3139534890651703,0.37627118825912476,-0.0036249998956918716,0.013500000350177288,0.0598750002682209,-0.09337499737739563,0.0025295300874859095,-7.994000043254346e-05,0.002523820148780942,7.994000043254346e-05,0.22849999368190765,0.2280000001192093,0.45649999380111694,0.0215000007301569,-0.0002500000118743628,0.08399999886751175,0.0010000000474974513,0.08718908578157425,0.5909677743911743,0.9152605533599854,-0.9023182392120361,-0.14538853
20,4815,-0.13232636479735127,-0.5889372833037881,0.23267363520264872,-0.10093728330378815,0.2536244382530289,0.07916314870841663,0.8533023595809937,0.205759197473526,-1.0,0.3139534890651703,0.37627118825912476,-0.0013749999925494194,0.02437499910593033,0.0598750002682209,-0.11050000041723251,0.0021241200156509876,7.994000043254346e-05,0.0017586800968274474,7.423000351991504e-05,0.19300000369548798,0.16050000488758087,0.35350000858306885,0.01875000074505806,0.0,0.06525000184774399,0.001500000013038516,0.3254551589488983,-0.38955697417259216,0.3471479117870331,-0.27621662616729736,-0.04002607
21,4816,-0.13054177399790712,-0.5890020958916712,0.23445822600209287,-0.1010020958916712,0.25528823536261674,0.07785693106638537,0.8550549745559692,0.20519104599952698,-1.0,0.3139534890651703,0.37627118825912476,-0.0013749999925494194,0.017500000074505806,0.0598750002682209,-0.11550000309944153,0.0028550000861287117,-8.565000462112948e-05,0.002004210138693452,7.994000043254346e-05,0.2574999928474426,0.18250000476837158,0.4399999976158142,0.024250000715255737,-0.000750000006519258,0.07225000113248825,0.0012499999720603228,-0.3401303291320801,-0.7840330600738525,-0.9253756999969482,-0.6662474870681763,-0.025013035
22,4817,-0.1304931512829991,-0.5889802998898608,0.2345068487170009,-0.10098029988986079,0.2553242704112254,0.07782888033778079,0.8592051863670349,0.20508119463920593,-1.0,0.3139534890651703,0.37627118825912476,-0.0012499999720603228,0.0024999999441206455,0.0598750002682209,-0.12812499701976776,0.0023867799900472164,0.0,0.0007537199999205768,7.994000043254346e-05,0.20900000631809235,0.0729999989271164,0.28200000524520874,0.020749999210238457,0.0,0.0377499982714653,0.0017500000540167093,-0.7372788190841675,0.8614288568496704,0.9339756965637207,0.32195502519607544,-0.023727883
23,4818,-0.13089348287320707,-0.5901435900284666,0.23410651712679292,-0.10214359002846662,0.25541960446516404,0.07775471826749067,0.8593182563781738,0.20511813461780548,-1.0,0.3139534890651703,0.37627118825912476,-0.0020000000949949026,0.01850000023841858,0.0598750002682209,-0.12687499821186066,0.000245530012762174,7.994000043254346e-05,0.002049890113994479,0.0001598800008650869,0.02850000001490116,0.19349999725818634,0.22200000286102295,0.0035000001080334187,0.0002500000118743628,0.07275000214576721,0.011250000447034836,0.3179609477519989,-0.696742057800293,-0.900661289691925,-0.9840189814567566,0.0
24,4819,-0.12975535192708654,-0.5930552589136752,0.23524464807291345,-0.10505525891367518,0.2576366663974059,0.07604981719904583,0.8583872318267822,0.20314645767211914,-1.0,0.3139534890651703,0.37627118825912476,-0.0010000000474974513,0.005625000223517418,0.0598750002682209,-0.1404999941587448,0.0013646900188177824,0.0,0.0007936900365166366,7.423000351991504e-05,0.11949999630451202,0.07599999755620956,0.19550000131130219,0.013249999843537807,0.0,0.039000000804662704,0.0017500000540167093,0.8688716292381287,-0.5292418599128723,0.4334280788898468,-0.673907458782196,-0.08750903
25,4820,-0.11901532980902824,-0.5950414857395555,0.24598467019097175,-0.10704148573955552,0.2682654238590814,0.06838141248418808,0.8610340356826782,0.1982114315032959,-1.0,0.3139534890651703,0.37627118825912476,0.011874999850988388,0.008999999612569809,0.05974999815225601,-0.15449999272823334,0.0023753601126372814,8.565000462112948e-05,0.0013247199822217226,8.565000462112948e-05,0.21549999713897705,0.12349999696016312,0.33899998664855957,0.019999999552965164,0.000750000006519258,0.05550000071525574,0.0044999998062849045,0.8152855038642883,0.6098655462265015,0.971558690071106,-0.898824155330658,-0.05818204
26,4821,-0.12730937094096817,-0.5938587949693135,0.23769062905903182,-0.1058587949693135,0.26019784706033483,0.07412677539365035,0.8860108852386475,0.19484494626522064,-1.0,0.3139534890651703,0.37627118825912476,0.015375000424683094,0.01575000025331974,0.05974999815225601,-0.1704999953508377,0.003129080170765519,0.0001541700039524585,0.0027807701844722033,9.13600015337579e-05,0.2874999940395355,0.2515000104904175,0.5389999747276306,0.02525000087916851,0.009999999776482582,0.09175000339746475,0.003000000026077032,-0.8891792893409729,-0.9440774917602539,0.6988228559494019,-0.18908213078975677,-0.192795
27,4822,-0.12821619603297157,-0.5928981072456753,0.23678380396702842,-0.10489810724567528,0.25897911638744414,0.07503570861585829,0.8667224049568176,0.1968494951725006,-1.0,0.3139534890651703,0.37627118825912476,0.01549999974668026,0.0032500000670552254,0.05974999815225601,-0.1731249988079071,0.002238319953903556,-7.994000043254346e-05,0.0020270501263439655,7.423000351991504e-05,0.2029999941587448,0.18400000035762787,0.3869999945163727,0.01899999938905239,-0.0002500000118743628,0.0729999989271164,0.0012499999720603228,-0.4940929710865021,-0.6592838764190674,-0.42076143622398376,0.8914393186569214,0.0
28,4823,-0.1281504903569916,-0.5925898072389327,0.23684950964300838,-0.10458980723893274,0.2589144993939324,0.07508421010323998,0.8646134734153748,0.19847778975963593,-1.0,0.3139534890651703,0.37627118825912476,0.013749999925494194,-0.00912499986588955,0.05974999815225601,-0.16437500715255737,0.0003197600017301738,0.0,0.0014275000430643559,0.000245530012762174,0.02800000086426735,0.14650000631809235,0.1745000034570694,0.004000000189989805,0.0,0.0572500005364418,0.017000000923871994,-0.3793356120586395,-0.007795935962349176,-0.8477853536605835,-0.2569809556007385,-0.024935512
29,4824,-0.1301768740775725,-0.5919321280253358,0.2348231259224275,-0.1039321280253358,0.2567952252357022,0.07669243148336445,0.8647662997245789,0.19900032877922058,-1.0,0.3139534890651703,0.37627118825912476,0.00712500000372529,-0.005499999970197678,0.05887499824166298,-0.16425000131130219,0.00022840000747237355,7.423000351991504e-05,0.0004625100118573755,0.00011420000373618677,0.026499999687075615,0.05050000175833702,0.07699999958276749,0.0032500000670552254,0.0002500000118743628,0.027249999344348907,0.007249999791383743,-0.12623265385627747,-0.8137671947479248,0.916163980960846,0.9034490585327148,0.0
30,4825,-0.12813580399134783,-0.5920721056201179,0.23686419600865216,-0.10407210562011793,0.258719250383558,0.07523095449227922,0.8600537776947021,0.20011503994464874,-1.0,0.3139534890651703,0.37627118825912476,0.005249999929219484,-0.020625000819563866,0.05874999985098839,-0.15074999630451202,0.00019414001144468784,0.0,0.0016273499932140112,0.00019414001144468784,0.017000000923871994,0.15950000286102295,0.17649999260902405,0.0024999999441206455,0.0,0.06174999848008156,0.014000000432133675,0.5526964664459229,0.4947175085544586,0.3362813889980316,-0.8796852231025696,0.0
31,4826,-0.13139087941319555,-0.5947357655006331,0.23360912058680444,-0.10673576550063313,0.2568379739414448,0.07665965346809059,0.8648004531860352,0.1998777836561203,-1.0,0.3139534890651703,0.37627118825912476,0.009499999694526196,-0.011625000275671482,0.0586250014603138,-0.16124999523162842,0.001570250024087727,7.994000043254346e-05,0.0020955700892955065,7.423000351991504e-05,0.1445000022649765,0.1899999976158142,0.3345000147819519,0.014499999582767487,0.0005000000237487257,0.07450000196695328,0.0022499999031424522,0.9178078770637512,0.8035272359848022,0.8983561992645264,0.9883961081504822,-0.057394184
32,4827,-0.13118025551081408,-0.5946204838655691,0.2338197444891859,-0.1066204838655691,0.25698171237019235,0.07654954324102538,0.8572304844856262,0.1953631043434143,-1.0,0.3139534890651703,0.37627118825912476,0.02199999988079071,0.0032500000670552254,0.057999998331069946,-0.1547500044107437,0.0028550000861287117,7.994000043254346e-05,0.0027522200252860785,0.0004054100136272609,0.25699999928474426,0.27649998664855957,0.5335000157356262,0.023749999701976776,0.000750000006519258,0.09149999916553497,0.026249999180436134,0.6966301798820496,0.08906010538339615,-0.8906261920928955,-0.4468943476676941,-0.10965546
33,4828,-0.1295457077039988,-0.5940718723611091,0.23545429229600118,-0.10607187236110915,0.25824400451279056,0.07558933742254945,0.8577203154563904,0.19555850327014923,-1.0,0.3139534890651703,0.37627118825912476,0.02237500064074993,0.0043750000186264515,0.057999998331069946,-0.1547500044107437,0.003768600057810545,7.994000043254346e-05,0.001975659979507327,0.0001484600070398301,0.3370000123977661,0.1860000044107437,0.5230000019073486,0.029500000178813934,0.0017500000540167093,0.07275000214576721,0.009499999694526196,-0.234137162566185,-0.5987018942832947,-0.45371466875076294,-0.08313668519258499,-0.01909646
34,4829,-0.1298071304063264,-0.5943227395212547,0.23519286959367358,-0.1063227395212547,0.2581089127616699,0.07569152138764769,0.8615216016769409,0.19648835062980652,-1.0,0.3139534890651703,0.37627118825912476,0.02237500064074993,-0.005874999798834324,0.057999998331069946,-0.1547500044107437,0.0033460601698607206,0.0,0.0013361400924623013,0.00011991000064881518,0.2930000126361847,0.1274999976158142,0.4205000102519989,0.026750000193715096,0.0,0.05575000122189522,0.006500000134110451,0.93616783618927,0.03290734067559242,0.2695370614528656,0.7406861782073975,-0.14319128
35,4830,-0.1292772167500083,-0.5937141089011397,0.23572278324999169,-0.10571410890113975,0.2583422214116086,0.07551513236641354,0.8609136343002319,0.19606314599514008,-1.0,0.3139534890651703,0.37627118825912476,0.02237500064074993,-0.0022499999031424522,0.057999998331069946,-0.15062500536441803,0.0027807701844722033,7.994000043254346e-05,0.0017130000051110983,0.0004054100136272609,0.25049999356269836,0.18549999594688416,0.4359999895095825,0.023499999195337296,0.0002500000118743628,0.06575000286102295,0.026000000536441803,-0.972326397895813,-0.7575668096542358,-0.6026296615600586,-0.8448448777198792,-0.04723264
36,4831,-0.13183280259740981,-0.5938996940713124,0.23316719740259018,-0.10589969407131239,0.25608921716654925,0.07723580210125844,0.8621460199356079,0.19709472358226776,-1.0,0.3139534890651703,0.37627118825912476,0.02162499912083149,-0.016249999403953552,0.057999998331069946,-0.1548749953508377,0.0005253200070001185,0.0,0.0009193100268021226,7.423000351991504e-05,0.04600000008940697,0.08699999749660492,0.13300000131130219,0.0062500000931322575,0.0,0.04324999824166298,0.003000000026077032,-0.3241388499736786,-0.527995765209198,-0.21026362478733063,-0.009513508528470993,-0.087359495
37,4832,-0.12198577432707586,-0.5973804639013731,0.24301422567292413,-0.10938046390137313,0.2664957781329575,0.06960229198746601,0.8562027812004089,0.19678017497062683,-1.0,0.3139534890651703,0.37627118825912476,0.016875000670552254,-0.012500000186264515,0.0572500005364418,-0.1547500044107437,0.0003026300109922886,0.0,0.0007194600184448063,7.423000351991504e-05,0.026499999687075615,0.06949999928474426,0.09600000083446503,0.0037499999161809683,0.0,0.03700000047683716,0.0024999999441206455,0.8645161390304565,0.8435114622116089,-0.356821209192276,-0.9035574197769165,0.0
38,4833,-0.1049314279553035,-0.5989567513458568,0.26006857204469647,-0.11095675134585681,0.28274911641699924,0.05916109310761694,0.8791028261184692,0.19088056683540344,-1.0,0.3139534890651703,0.37627118825912476,0.026624999940395355,0.000750000006519258,0.051874998956918716,-0.17137500643730164,0.0018614600412547588,9.707000572234392e-05,0.0006452300003729761,7.994000043254346e-05,0.17149999737739563,0.06350000202655792,0.23499999940395355,0.016499999910593033,0.004999999888241291,0.03449999913573265,0.0020000000949949026,0.21616989374160767,0.9101129770278931,0.006951882969588041,0.21346065402030945,-0.012249052
39,4834,-0.11126776388382104,-0.601918614688949,0.25373223611617896,-0.11391861468894904,0.27813215998364094,0.06195657145133649,0.9187641143798828,0.18820889294147491,-1.0,0.3139534890651703,0.37627118825912476,0.026624999940395355,0.010499999858438969,0.051874998956918716,-0.1706250011920929,0.0024552999529987574,0.0003197600017301738,0.0006281000096350908,0.00013133000175002962,0.24300000071525574,0.06650000065565109,0.3095000088214874,0.020749999210238457,0.019500000402331352,0.03474999964237213,0.008500000461935997,-0.8568120002746582,-0.7956848740577698,-0.46766284108161926,-0.9984934329986572,-0.0356812
40,4835,-0.1286850903226393,-0.5958210565261698,0.23631490967736068,-0.1078210565261698,0.25975010445857116,0.07445941667905999,0.9040284752845764,0.183188796043396,-1.0,0.3139534890651703,0.37627118825912476,0.025624999776482582,0.0044999998062849045,0.05050000175833702,-0.18562500178813934,0.00029121001716703176,7.994000043254346e-05,0.00029121001716703176,6.28100024187006e-05,0.032499998807907104,0.03099999949336052,0.06350000202655792,0.004000000189989805,0.0017500000540167093,0.019999999552965164,0.0012499999720603228,-0.7469815611839294,-0.22735561430454254,0.10277000069618225,0.5386142730712891,0.0
41,4836,-0.1242825739753432,-0.5967927273642731,0.2407174260246568,-0.10879272736427315,0.26416043746044404,0.0712468711412638,0.8635230660438538,0.19352363049983978,-1.0,0.3139534890651703,0.37627118825912476,0.012875000014901161,0.0011249999515712261,0.05062500014901161,-0.17775000631809235,0.00013703999866265804,0.0,0.00035973000922240317,9.13600015337579e-05,0.012000000104308128,0.039500001817941666,0.051500000059604645,0.001500000013038516,0.0,0.023499999195337296,0.005499999970197678,0.9271224737167358,-0.36387887597084045,0.26763591170310974,0.9935306310653687,-0.06766547
42,4837,-0.13028493530238922,-0.5954093055396881,0.23471506469761078,-0.10740930553968808,0.2581238472371774,0.07568021809998916,0.8737614750862122,0.19187673926353455,-1.0,0.3139534890651703,0.37627118825912476,0.024250000715255737,0.0018749999580904841,0.05012499913573265,-0.16349999606609344,0.0014217899879440665,0.00010278000263497233,0.0006566499941982329,0.00020556000526994467,0.13349999487400055,0.0754999965429306,0.20900000631809235,0.013500000350177288,0.006000000052154064,0.03449999913573265,0.01425000000745058,-0.1292082518339157,-0.9155952334403992,-0.7966867089271545,0.5543504953384399,0.0
43,4838,-0.12068082557963605,-0.6014601047089981,0.24431917442036394,-0.11346010470899814,0.26937901616500315,0.06762414658907419,0.8598024845123291,0.19422151148319244,-1.0,0.3139534890651703,0.37627118825912476,0.02437499910593033,-0.012249999679625034,0.04349999874830246,-0.15049999952316284,0.0007822700426913798,0.0,0.0002512400096748024,0.00011991000064881518,0.06849999725818634,0.032499998807907104,0.10100000351667404,0.008500000461935997,0.0,0.017999999225139618,0.008999999612569809,0.7168030738830566,0.33723926544189453,-0.6363399028778076,-0.33506423234939575,0.0
44,4839,-0.1067573598717381,-0.6039827760342396,0.2582426401282619,-0.11598277603423957,0.2830923268423635,0.0589583941093309,0.8821375966072083,0.18396592140197754,-1.0,0.3139534890651703,0.37627118825912476,0.03762499988079071,-0.008500000461935997,0.03212499991059303,-0.15262499451637268,0.0008336600149050355,9.13600015337579e-05,0.00023411000438500196,6.851999933132902e-05,0.08100000023841858,0.026499999687075615,0.10750000178813934,0.008750000037252903,0.004999999888241291,0.017000000923871994,0.000750000006519258,0.9489026069641113,0.5954031944274902,0.989649772644043,0.0733988881111145,0.0
45,4840,-0.12439133382516027,-0.6019573247517983,0.24060866617483972,-0.11395732475179832,0.2662307309515982,0.06978701559475721,0.9145177602767944,0.17969021201133728,-1.0,0.3139534890651703,0.37627118825912476,0.04987499862909317,-0.005625000223517418,0.03212499991059303,-0.15275000035762787,0.0023353900760412216,0.00033117999555543065,0.0012562000192701817,8.565000462112948e-05,0.23350000381469727,0.11749999970197678,0.35100001096725464,0.019750000908970833,0.0215000007301569,0.05400000140070915,0.0037499999161809683,-0.8318731784820557,-0.9906625747680664,0.22345714271068573,-0.2714802324771881,0.0
46,4841,-0.13173222127160483,-0.5979054755958849,0.23326777872839516,-0.10990547559588493,0.25786250242878894,0.07587826309840892,0.8735085129737854,0.1831231713294983,-1.0,0.3139534890651703,0.37627118825912476,0.0430000014603138,-0.013749999925494194,0.03237500041723251,-0.15625,0.00019414001144468784,7.423000351991504e-05,0.00159880006685853,6.28100024187006e-05,0.023499999195337296,0.14550000429153442,0.16899999976158142,0.0024999999441206455,0.000750000006519258,0.06174999848008156,0.000750000006519258,-0.7825157642364502,0.060407064855098724,-0.2238190770149231,-0.6725566387176514,0.0
47,4842,-0.11291077829712745,-0.6029814711445551,0.2520892217028725,-0.11498147114455515,0.2770734819597974,0.06261597638636032,0.8564366698265076,0.18999071419239044,-1.0,0.3139534890651703,0.37627118825912476,0.028999999165534973,-0.013124999590218067,0.038874998688697815,-0.16887499392032623,0.00013703999866265804,7.423000351991504e-05,0.0008165300241671503,6.851999933132902e-05,0.01850000023841858,0.07750000059604645,0.09600000083446503,0.0012499999720603228,0.0017500000540167093,0.04050000011920929,0.0010000000474974513,0.9687230587005615,0.48746785521507263,0.6187633275985718,-0.5046957731246948,0.0
48,4843,-0.10548924215883551,-0.6048520996308189,0.2595107578411645,-0.11685209963081888,0.2846054226880197,0.05807301232686131,0.90020751953125,0.18138733506202698,-1.0,0.3139534890651703,0.37627118825912476,0.04112499952316284,-0.008249999955296516,0.038750000298023224,-0.1782499998807907,0.001416080049239099,0.0001541700039524585,0.0016216400545090437,7.423000351991504e-05,0.13750000298023224,0.148499995470047,0.28600001335144043,0.013249999843537807,0.010250000283122063,0.0637499988079071,0.0010000000474974513,0.5658340454101562,-0.30211207270622253,0.5004744529724121,-0.5924652814865112,0.0
49,4844,-0.09813731119343053,-0.6069316844054544,0.2668626888065695,-0.11893168440545443,0.29216509071514785,0.053844721247838796,0.9174668788909912,0.17821678519248962,-1.0,0.3139534890651703,0.37627118825912476,0.048875000327825546,-0.011374999769032001,0.038624998182058334,-0.18912500143051147,0.0021640900522470474,0.00010278000263497233,0.0023582300636917353,7.423000351991504e-05,0.19850000739097595,0.21299999952316284,0.4115000069141388,0.01875000074505806,0.005249999929219484,0.08275000005960464,0.000750000006519258,0.10453463345766068,0.057194627821445465,-0.5151591300964355,-0.4476451873779297,-0.0052791596
50,4845,-0.12970055522739998,-0.6022237738619959,0.2352994447726,-0.11422377386199589,0.2615585961607269,0.07312492773958142,0.9345644116401672,0.1746920645236969,-1.0,0.3139534890651703,0.37627118825912476,0.048875000327825546,-0.011374999769032001,0.038624998182058334,-0.19724999368190765,0.0025409499648958445,0.00011420000373618677,0.00159880006685853,6.851999933132902e-05,0.23250000178813934,0.1459999978542328,0.3785000145435333,0.021250000223517418,0.007249999791383743,0.06400000303983688,0.0002500000118743628,-0.19326065480709076,-0.9958732724189758,0.060540925711393356,0.2756440341472626,-0.030673934
51,4846,-0.1229539248122603,-0.6053490363902914,0.24204607518773968,-0.11734903639029137,0.2689927487043449,0.06788586179783641,0.861161470413208,0.18267157673835754,-1.0,0.3139534890651703,0.37627118825912476,0.048250000923871994,-0.026249999180436134,0.038750000298023224,-0.19612500071525574,0.00029121001716703176,1.7129999832832254e-05,0.0017187100602313876,0.00011420000373618677,0.027000000700354576,0.16050000488758087,0.1875,0.0037499999161809683,-0.0002500000118743628,0.06599999964237213,0.008249999955296516,0.5612155199050903,-0.9673879146575928,-0.3903177082538605,-0.5775247812271118,-0.14008656
52,4847,-0.0998499167864409,-0.6090008084679293,0.2651500832135591,-0.12100080846792927,0.29145456297345873,0.05422866532906235,0.8768513202667236,0.17737451195716858,-1.0,0.3139534890651703,0.37627118825912476,0.05287500098347664,-0.025750000029802322,0.038624998182058334,-0.20337499678134918,0.0016901600174605846,0.00010848999954760075,0.0013761100126430392,7.423000351991504e-05,0.1574999988079071,0.12700000405311584,0.28450000286102295,0.01549999974668026,0.0062500000931322575,0.051750000566244125,0.0012499999720603228,0.8919957876205444,0.5708181858062744,-0.7888335585594177,0.2346755862236023,0.0
53,4848,-0.1212038388853347,-0.6080086922202591,0.2437961611146653,-0.12000869222025912,0.2717326892051538,0.06605108032014238,0.9305815696716309,0.17118507623672485,-1.0,0.3139534890651703,0.37627118825912476,0.06475000083446503,-0.022749999538064003,0.03337499871850014,-0.20250000059604645,0.0031347901094704866,0.00034831001539714634,0.0005481599946506321,0.0001256200048374012,0.3050000071525574,0.05900000035762787,0.36399999260902405,0.02500000037252903,0.0215000007301569,0.032749999314546585,0.008249999955296516,0.8293472528457642,-0.9522313475608826,0.8346142172813416,-0.2847980856895447,-0.07698002
54,4849,-0.1248325335321584,-0.6073263035249131,0.2401674664678416,-0.11932630352491314,0.2681775133423783,0.06844155336843966,0.8809213042259216,0.17286662757396698,-1.0,0.3139534890651703,0.37627118825912476,0.06837499886751175,-0.03099999949336052,0.03312499821186066,-0.20374999940395355,0.003054850036278367,8.565000462112948e-05,0.0016444800421595573,7.994000043254346e-05,0.2750000059604645,0.1509999930858612,0.4259999990463257,0.02474999986588955,0.0024999999441206455,0.06449999660253525,0.0002500000118743628,0.7955812215805054,-0.41997823119163513,0.8979548811912537,-0.39774084091186523,-0.07346398
55,4850,-0.11197705894346108,-0.6098971168986187,0.2530229410565389,-0.12189711689861871,0.2808549729114588,0.06029236928476335,0.8724824786186218,0.17402321100234985,-1.0,0.3139534890651703,0.37627118825912476,0.07237499952316284,-0.03799999877810478,0.032999999821186066,-0.2121250033378601,0.0028093201108276844,7.994000043254346e-05,0.0029977501835674047,7.994000043254346e-05,0.2529999911785126,0.2694999873638153,0.5224999785423279,0.023499999195337296,0.0010000000474974513,0.09825000166893005,0.0022499999031424522,-0.6258841156959534,0.8216223120689392,-0.5494756698608398,0.0341000035405159,-0.100270055
56,4851,-0.11058779720245898,-0.6097701295548512,0.254412202797541,-0.12177012955485123,0.28205235929540173,0.05957474162636572,0.9023789167404175,0.16966590285301208,-1.0,0.3139534890651703,0.37627118825912476,0.07237499952316284,-0.03362499922513962,0.03312499821186066,-0.2121250033378601,0.002261160174384713,0.0003368900215718895,0.002872130135074258,8.565000462112948e-05,0.22750000655651093,0.2590000033378601,0.48649999499320984,0.019500000402331352,0.023000000044703484,0.09574999660253525,0.0035000001080334187,0.8903423547744751,0.3634745180606842,0.2029884308576584,0.7368923425674438,-0.09292814
57,4852,-0.1159057642168268,-0.6090376408618514,0.2490942357831732,-0.12103764086185143,0.2769441257831724,0.062697026429687,0.9056097865104675,0.16988113522529602,-1.0,0.3139534890651703,0.37627118825912476,0.07362499833106995,-0.030375000089406967,0.032999999821186066,-0.20424999296665192,0.003882799996063113,0.0005024800193496048,0.0027008301112800837,0.0001884299999801442,0.3840000033378601,0.2529999911785126,0.6370000243186951,0.03099999949336052,0.029999999329447746,0.09375,0.015250000171363354,-0.17847968637943268,-0.48568928241729736,-0.47579821944236755,0.26940780878067017,-0.015321776
58,4853,-0.09727355435204738,-0.6110838697782971,0.2677264456479526,-0.1230838697782971,0.2946643661844556,0.0525156708341948,0.8932424187660217,0.17112264037132263,-1.0,0.3139534890651703,0.37627118825912476,0.07362499833106995,-0.030249999836087227,0.032999999821186066,-0.19987499713897705,0.003477390157058835,0.00017130000924225897,0.0020099200773984194,0.00023411000438500196,0.31949999928474426,0.1965000033378601,0.515999972820282,0.02824999950826168,0.011749999597668648,0.07500000298023224,0.016499999910593033,0.11361043155193329,0.9558917284011841,-0.1420595645904541,-0.9573324918746948,-0.022633255
59,4854,-0.08666776262669923,-0.6109221498803317,0.27833223737330076,-0.12292214988033168,0.30426746341406624,0.0477071196106573,0.9365731477737427,0.16765445470809937,-1.0,0.3139534890651703,0.37627118825912476,0.07362499833106995,-0.025624999776482582,0.03312499821186066,-0.2096250057220459,0.0030891101341694593,0.000770850048866123,0.001735839992761612,7.423000351991504e-05,0.33799999952316284,0.15850000083446503,0.4964999854564667,0.025499999523162842,0.03824999928474426,0.06949999928474426,0.0002500000118743628,0.3138531744480133,0.92689049243927,0.9070267677307129,-0.21078908443450928,-0.19224279
60,4855,-0.09086939168622682,-0.6102613880913522,0.27413060831377317,-0.12226138809135223,0.30015902024177715,0.04970795976738592,0.9612377882003784,0.1679285615682602,-1.0,0.3139534890651703,0.37627118825912476,0.07325000315904617,-0.019375000149011612,0.03312499821186066,-0.21324999630451202,0.0006623599911108613,0.0015188599936664104,0.0019014300778508186,0.0,0.19099999964237213,0.1665000021457672,0.35749998688697815,0.007499999832361937,0.060499999672174454,0.07374999672174454,-0.0002500000118743628,0.7107124328613281,-0.06552078574895859,0.2683160603046417,0.3695259094238281,-0.014978477
61,4856,-0.0981668561542701,-0.6090641684267338,0.26683314384572987,-0.12106416842673384,0.29301272929934724,0.053390241508960296,0.9514665603637695,0.1690484881401062,-1.0,0.3139534890651703,0.37627118825912476,0.07437500357627869,-0.019375000149011612,0.03312499821186066,-0.20874999463558197,0.003957029897719622,0.0014275000430643559,0.0020099200773984194,9.13600015337579e-05,0.4715000092983246,0.18400000035762787,0.6554999947547913,0.03175000101327896,0.05824999883770943,0.07900000363588333,0.0044999998062849045,-0.4746915400028229,0.06577328592538834,-0.4298209846019745,0.4767746329307556,-0.09335208
62,4857,-0.09417571396630822,-0.6116350102644237,0.2708242860336918,-0.1236350102644237,0.29771027807038014,0.05094020522376803,0.9344956874847412,0.1710776835680008,-1.0,0.3139534890651703,0.37627118825912476,0.07450000196695328,-0.01924999989569187,0.03312499821186066,-0.2016250044107437,0.0035402001813054085,0.0015017300611361861,0.0019528201082721353,0.00011420000373618677,0.4415000081062317,0.1809999942779541,0.6225000023841858,0.028750000521540642,0.06024999916553497,0.07724999636411667,0.00800000037997961,-0.6324157118797302,-0.9731445908546448,-0.7137817144393921,-0.4683552086353302,-0.06688989
63,4858,-0.11177871476647111,-0.608340552995086,0.2532212852335289,-0.12034055299508606,0.28036203022250233,0.06059030984594734,0.9437773823738098,0.16672031581401825,-1.0,0.3139534890651703,0.37627118825912476,0.07437500357627869,-0.01924999989569187,0.03312499821186066,-0.20624999701976776,0.003180470084771514,0.0003997000167146325,0.0010906100505962968,0.0,0.31349998712539673,0.09549999982118607,0.4090000092983246,0.026249999180436134,0.024000000208616257,0.05050000175833702,-0.0002500000118743628,-0.01687975786626339,-0.8603109121322632,0.014779265969991684,-0.20306891202926636,-0.106342696
64,4859,-0.10216659849365095,-0.6098371668710889,0.26283340150634904,-0.12183716687108892,0.28969931338988575,0.05518891650023875,0.9028401970863342,0.1723041534423828,-1.0,0.3139534890651703,0.37627118825912476,0.07437500357627869,-0.025750000029802322,0.03312499821186066,-0.20550000667572021,0.0006680700462311506,9.707000572234392e-05,0.0011591300135478377,9.13600015337579e-05,0.06700000166893005,0.10949999839067459,0.17649999260902405,0.007499999832361937,0.004749999847263098,0.050999999046325684,0.005750000011175871,-0.07435711473226547,-0.09319883584976196,-0.5576245784759521,-0.590355396270752,0.0
65,4860,-0.10921186524558635,-0.6089100115843634,0.25578813475441364,-0.12091001158436343,0.28292543325490016,0.0590568740438602,0.9251939654350281,0.16976751387119293,-1.0,0.3139534890651703,0.37627118825912476,0.07437500357627869,-0.026000000536441803,0.033250000327825546,-0.21375000476837158,0.0003768599999602884,7.994000043254346e-05,0.0005139000131748617,6.28100024187006e-05,0.03999999910593033,0.05050000175833702,0.09049999713897705,0.004749999847263098,0.0020000000949949026,0.029999999329447746,0.0002500000118743628,-0.37768667936325073,0.03027600236237049,-0.24045883119106293,-0.029870621860027313,0.0
66,4861,-0.10891411832386733,-0.6089053035981109,0.25608588167613267,-0.12090530359811091,0.2831926397913505,0.05889928085960348,0.9088096022605896,0.17133896052837372,-1.0,0.3139534890651703,0.37627118825912476,0.06812500208616257,-0.025750000029802322,0.03337499871850014,-0.21400000154972076,0.00025695000658743083,8.565000462112948e-05,0.0002969200140796602,0.0,0.029999999329447746,0.026000000536441803,0.0560000017285347,0.0032500000670552254,0.0024999999441206455,0.020749999210238457,-0.0002500000118743628,0.33723926544189453,-0.07168477028608322,0.1694631725549698,-0.7097440958023071,-0.1091693
67,4862,-0.12107512896879064,-0.6070614026348568,0.24392487103120936,-0.11906140263485676,0.2714313178411283,0.0662504396168832,0.9095020294189453,0.17134694755077362,-1.0,0.3139534890651703,0.37627118825912476,0.06949999928474426,-0.026374999433755875,0.03337499871850014,-0.2133750021457672,0.001347560086287558,7.423000351991504e-05,0.00042254000436514616,0.00010278000263497233,0.12449999898672104,0.04600000008940697,0.1704999953508377,0.013000000268220901,0.0012499999720603228,0.027000000700354576,0.006000000052154064,-0.006579572334885597,-0.45103001594543457,0.9269600510597229,-0.6557928323745728,0.0
68,4863,-0.1252069659774629,-0.607623114837019,0.2397930340225371,-0.11962311483701904,0.2679746047091856,0.06858056817774429,0.8812206387519836,0.17447219789028168,-1.0,0.3139534890651703,0.37627118825912476,0.06962499767541885,-0.03449999913573265,0.03337499871850014,-0.22300000488758087,0.0013361400924623013,7.994000043254346e-05,0.001541700097732246,7.423000351991504e-05,0.12399999797344208,0.14149999618530273,0.265500009059906,0.012749999761581421,0.000750000006519258,0.06174999848008156,0.000750000006519258,0.4812207818031311,-0.34975627064704895,-0.8979650735855103,0.7040666341781616,0.0
69,4864,-0.13109866394111225,-0.6081702415813062,0.23390133605888774,-0.12017024158130618,0.2629652486011074,0.07210351486551134,0.8716117143630981,0.17352014780044556,-1.0,0.3139534890651703,0.37627118825912476,0.0767500028014183,-0.04100000113248825,0.03312499821186066,-0.2162500023841858,0.0018272000597789884,7.423000351991504e-05,0.0004682200087700039,0.0001884299999801442,0.1665000021457672,0.057500001043081284,0.2240000069141388,0.016499999910593033,0.000750000006519258,0.028750000521540642,0.013500000350177288,0.2481844425201416,-0.9696212410926819,0.8470577001571655,-0.9344794154167175,-0.014021429
70,4865,-0.12960600009209838,-0.6072490874071912,0.2353939999079016,-0.1192490874071912,0.26387625895500544,0.0714496273932375,0.8579100966453552,0.17259280383586884,-1.0,0.3139534890651703,0.37627118825912476,0.07887499779462814,-0.0586250014603138,0.03312499821186066,-0.2280000001192093,0.0018900100840255618,0.0,0.0014903100673109293,7.423000351991504e-05,0.1655000001192093,0.13699999451637268,0.30250000953674316,0.017000000923871994,-0.0002500000118743628,0.060499999672174454,0.0020000000949949026,-0.8904255628585815,0.21013635396957397,0.6256676912307739,-0.9442497491836548,0.0
71,4866,-0.12215689925325912,-0.6105821869517656,0.24284310074674087,-0.12258218695176559,0.27202787382577054,0.0658563951709597,0.8613814115524292,0.17415408790111542,-1.0,0.3139534890651703,0.37627118825912476,0.06962499767541885,-0.054875001311302185,0.03762499988079071,-0.24525000154972076,0.0001884299999801442,0.0,0.0020670201629400253,6.851999933132902e-05,0.016499999910593033,0.18700000643730164,0.20350000262260437,0.0022499999031424522,0.0,0.07474999874830246,0.0012499999720603228,0.8497564792633057,-0.9047642350196838,-0.8017338514328003,-0.9737536311149597,-0.13257171
72,4867,-0.12866691522537932,-0.6091229662161814,0.23633308477462067,-0.12112296621618146,0.26556373981418147,0.07025404459343713,0.8787049055099487,0.1685047745704651,-1.0,0.3139534890651703,0.37627118825912476,0.07850000262260437,-0.05324999988079071,0.03737499937415123,-0.26362499594688416,0.0017929400783032179,9.13600015337579e-05,0.0009706999990157783,6.851999933132902e-05,0.16500000655651093,0.09099999815225601,0.25600001215934753,0.016249999403953552,0.0042500002309679985,0.045249998569488525,0.001500000013038516,-0.49964508414268494,-0.9632137417793274,0.010593710467219353,-0.12749184668064117,0.0
73,4868,-0.12866858879490567,-0.609105434899325,0.23633141120509432,-0.12110543489932502,0.2655542548790097,0.07026070846004909,0.8635653257369995,0.17097802460193634,-1.0,0.3139534890651703,0.37627118825912476,0.07599999755620956,-0.0689999982714653,0.03750000149011612,-0.2653749883174896,0.0002169799990952015,0.0,0.000982120051048696,6.28100024187006e-05,0.01899999938905239,0.09149999916553497,0.11050000041723251,0.002749999985098839,-0.0002500000118743628,0.045249998569488525,0.0002500000118743628,0.5769913196563721,-0.8433103561401367,0.5295263528823853,0.9602078795433044,-0.12519725
74,4869,-0.12857584769924535,-0.607925553371268,0.23642415230075464,-0.11992555337126798,0.26510095839610853,0.07057992072274834,0.8635613918304443,0.17100773751735687,-1.0,0.3139534890651703,0.37627118825912476,0.07999999821186066,-0.06525000184774399,0.03725000098347664,-0.2535000145435333,0.0017986500170081854,0.0,0.0017015800112858415,0.00017130000924225897,0.1574999988079071,0.164000004529953,0.3215000033378601,0.016249999403953552,-0.0002500000118743628,0.06549999862909317,0.012500000186264515,-0.835171639919281,-0.9701432585716248,0.12197699397802353,-0.08305200934410095,-0.1404172
75,4870,-0.12992735187172472,-0.6074761726316736,0.23507264812827527,-0.11947617263167365,0.26369244533121045,0.07158108232155802,0.8637771010398865,0.173007532954216,-1.0,0.3139534890651703,0.37627118825912476,0.07124999910593033,-0.06162500008940697,0.03762499988079071,-0.25224998593330383,0.00019985000835731626,7.994000043254346e-05,0.0018728800350800157,0.00010848999954760075,0.02449999935925007,0.17350000143051147,0.1979999989271164,0.0024999999441206455,0.0,0.06925000250339508,0.007000000216066837,0.2602510452270508,-0.0725671797990799,0.7175241708755493,0.8820000886917114,-0.041139968
76,4871,-0.12854139601824932,-0.6070116294177689,0.23645860398175067,-0.11901162941776888,0.2647195484539643,0.07084963358641375,0.8606340885162354,0.17376920580863953,-1.0,0.3139534890651703,0.37627118825912476,0.07237499952316284,-0.06237500160932541,0.03750000149011612,-0.23800000548362732,0.0009706999990157783,-8.565000462112948e-05,0.0024153301492333412,0.0001598800008650869,0.0925000011920929,0.22550000250339508,0.3179999887943268,0.009999999776482582,-0.0010000000474974513,0.08349999785423279,0.011500000022351742,0.5188796520233154,-0.8618542551994324,0.8576174378395081,-0.36191514134407043,-0.13576174
77,4872,-0.13098261810167894,-0.606812555735622,0.23401738189832105,-0.118812555735622,0.26245105911574246,0.07247521836873555,0.8638572096824646,0.17455655336380005,-1.0,0.3139534890651703,0.37627118825912476,0.07824999839067459,-0.07900000363588333,0.03725000098347664,-0.2396250069141388,0.001964240102097392,0.0,0.0016787400236353278,7.423000351991504e-05,0.1720000058412552,0.1535000056028366,0.3255000114440918,0.017500000074505806,0.0,0.06525000184774399,0.0012499999720603228,-0.8990685939788818,-0.8984773755073547,0.9914420247077942,-0.5328572988510132,-0.1318173
78,4873,-0.12987877700342498,-0.6089669689471049,0.235121222996575,-0.1209669689471049,0.26441444188934726,0.07106613057480736,0.8581799864768982,0.17489397525787354,-1.0,0.3139534890651703,0.37627118825912476,0.0689999982714653,-0.07562500238418579,0.04125000163912773,-0.24950000643730164,0.00019414001144468784,8.565000462112948e-05,0.002843579975888133,6.851999933132902e-05,0.02449999935925007,0.2549999952316284,0.27950000762939453,0.0024999999441206455,0.000750000006519258,0.09425000101327896,0.0012499999720603228,0.802322268486023,0.8339551687240601,0.739757776260376,-0.9547444581985474,-0.05757683
79,4874,-0.12904860547152963,-0.607827918239954,0.23595139452847036,-0.11982791823995398,0.2646352028163505,0.07090941737057194,0.8607470393180847,0.17124243080615997,-1.0,0.3139534890651703,0.37627118825912476,0.07699999958276749,-0.05999999865889549,0.04125000163912773,-0.26750001311302185,0.0018043600721284747,8.565000462112948e-05,0.003180470084771514,7.994000043254346e-05,0.1655000001192093,0.2854999899864197,0.45100000500679016,0.016499999910593033,0.000750000006519258,0.10374999791383743,0.001500000013038516,-0.6866064071655273,-0.2349501997232437,0.04199952632188797,-0.24549883604049683,-0.016199956
80,4875,-0.1290839369961148,-0.6060581313400767,0.23591606300388518,-0.1180581313400767,0.26380695813182015,0.07149915973436155,0.8626776337623596,0.17317302525043488,-1.0,0.3139534890651703,0.37627118825912476,0.07112500071525574,-0.0638749971985817,0.04149999842047691,-0.27137500047683716,0.0002169799990952015,-1.7129999832832254e-05,0.0030091700609773397,6.28100024187006e-05,0.020500000566244125,0.26899999380111694,0.28949999809265137,0.002749999985098839,-0.0002500000118743628,0.09875000268220901,0.0002500000118743628,-0.5568482875823975,0.984004020690918,0.9056523442268372,0.19728504121303558,-0.14056523
81,4876,-0.1169251491053187,-0.6076986432061493,0.2480748508946813,-0.11969864320614931,0.27544309182081766,0.06364522870563562,0.8625954985618591,0.1761726588010788,-1.0,0.3139534890651703,0.37627118825912476,0.060874998569488525,-0.045625001192092896,0.04712500050663948,-0.2698749899864197,0.0001827200030675158,0.0,0.0018043600721284747,8.565000462112948e-05,0.01600000075995922,0.1655000001192093,0.18150000274181366,0.0024999999441206455,0.0,0.06875000149011612,0.0044999998062849045,0.48965442180633545,0.651145339012146,-0.5568099021911621,-0.6156527996063232,0.0
82,4877,-0.12013105448036754,-0.6069418715761377,0.24486894551963245,-0.11894187157613767,0.272227789349161,0.06572486952776144,0.8908717632293701,0.1733921319246292,-1.0,0.3139534890651703,0.37627118825912476,0.0651250034570694,-0.03674999997019768,0.04712500050663948,-0.27924999594688416,0.0012733300682157278,0.00010848999954760075,0.001050640014000237,6.851999933132902e-05,0.12099999934434891,0.09799999743700027,0.21899999678134918,0.012249999679625034,0.006500000134110451,0.04800000041723251,0.0002500000118743628,0.04858759045600891,-0.3014482855796814,0.1291782259941101,0.09266174584627151,0.0
83,4878,-0.11649794058459406,-0.609599126676177,0.24850205941540593,-0.121599126676177,0.2766579497178906,0.062876707292156,0.8834161758422852,0.17467479407787323,-1.0,0.3139534890651703,0.37627118825912476,0.0651250034570694,-0.039374999701976776,0.04712500050663948,-0.27924999594688416,0.0015188599936664104,7.423000351991504e-05,0.0012105200439691544,8.565000462112948e-05,0.13950000703334808,0.11349999904632568,0.2529999911785126,0.014000000432133675,0.0005000000237487257,0.05274999886751175,0.0035000001080334187,0.4196510910987854,0.11306875944137573,0.9057477712631226,-0.6033834218978882,0.0
84,4879,-0.12300570437406638,-0.6088128929682453,0.2419942956259336,-0.12081289296824527,0.27047549652944247,0.06688671140438748,0.8918652534484863,0.17017097771167755,-1.0,0.3139534890651703,0.37627118825912476,0.07124999910593033,-0.039500001817941666,0.04699999839067459,-0.2887499928474426,0.0019585301633924246,9.707000572234392e-05,0.0025124000385403633,6.851999933132902e-05,0.18000000715255737,0.22599999606609344,0.4059999883174896,0.017249999567866325,0.004749999847263098,0.08675000071525574,0.0,0.025560412555933,-0.5130531191825867,0.09936477988958359,-0.8758010864257812,-0.059936475
85,4880,-0.11910080123244626,-0.6097153676914874,0.24589919876755373,-0.12171536769148739,0.274373917650346,0.06432935780040305,0.8767309188842773,0.17150357365608215,-1.0,0.3139534890651703,0.37627118825912476,0.07124999910593033,-0.046875,0.04699999839067459,-0.30512499809265137,0.002072730101644993,7.994000043254346e-05,0.001764390035532415,0.0,0.18850000202655792,0.15449999272823334,0.34299999475479126,0.017999999225139618,0.0005000000237487257,0.06800000369548798,0.0,0.24065376818180084,-0.037476830184459686,0.9007424116134644,-0.9630128741264343,-0.20354451
86,4881,-0.12812573529414434,-0.6075354776981217,0.23687426470585565,-0.11953547769812167,0.26532649266226305,0.07042091818649365,0.8858121037483215,0.1699739545583725,-1.0,0.3139534890651703,0.37627118825912476,0.07362499833106995,-0.04749999940395355,0.04699999839067459,-0.3032500147819519,0.0019870800897479057,7.994000043254346e-05,0.002483850112184882,7.994000043254346e-05,0.1809999942779541,0.22450000047683716,0.40549999475479126,0.017500000074505806,0.0005000000237487257,0.08649999648332596,0.0037499999161809683,-0.8491004705429077,-0.3187422752380371,0.8926501274108887,-0.2032831460237503,-0.13926502
87,4882,-0.12801868059863408,-0.6072060988089456,0.2369813194013659,-0.11920609880894562,0.2652738956973722,0.07045796719458078,0.8648238778114319,0.17366868257522583,-1.0,0.3139534890651703,0.37627118825912476,0.06537500023841858,-0.05299999937415123,0.04724999889731407,-0.30512499809265137,0.00017130000924225897,-8.565000462112948e-05,0.0017472601030021906,0.0,0.02250000089406967,0.15299999713897705,0.17550000548362732,0.0022499999031424522,-0.0002500000118743628,0.06724999845027924,0.0,-0.11147311329841614,-0.3163999319076538,-0.3818236291408539,-0.19378796219825745,-0.047254562
88,4883,-0.12786898676202674,-0.6029719038730049,0.23713101323797325,-0.11497190387300493,0.2635330266199122,0.07169528696812932,0.8650728464126587,0.17422695457935333,-1.0,0.3139534890651703,0.37627118825912476,0.0637499988079071,-0.05874999985098839,0.04724999889731407,-0.3023749887943268,0.00013133000175002962,-8.565000462112948e-05,0.0012162299826741219,6.851999933132902e-05,0.01899999938905239,0.11249999701976776,0.1315000057220459,0.001500000013038516,-0.0005000000237487257,0.05299999937415123,0.0020000000949949026,-0.8563803434371948,0.9369539618492126,0.452432245016098,-0.8939082026481628,0.0
89,4884,-0.12532667004527198,-0.6039803786531208,0.239673329954728,-0.11598037865312083,0.26626068677915865,0.06976611344756795,0.865420937538147,0.18140354752540588,-1.0,0.3139534890651703,0.37627118825912476,0.04749999940395355,-0.04149999842047691,0.057500001043081284,-0.31812500953674316,0.00016558999777771533,1.7129999832832254e-05,0.0013532700249925256,0.0,0.01600000075995922,0.1185000017285347,0.13449999690055847,0.0020000000949949026,0.0,0.04924999922513962,0.0,0.65962815284729,-0.843023419380188,0.978865385055542,0.6881193518638611,-0.12516282
90,4885,-0.12314473046846103,-0.6059572648043912,0.24185526953153896,-0.11795726480439117,0.2690871377831104,0.0678218151895303,0.8713333010673523,0.1796942800283432,-1.0,0.3139534890651703,0.37627118825912476,0.054875001311302185,-0.03799999877810478,0.057374998927116394,-0.30674999952316284,0.0011705500073730946,7.994000043254346e-05,0.0024724300019443035,7.994000043254346e-05,0.10949999839067459,0.22349999845027924,0.3330000042915344,0.011749999597668648,0.0005000000237487257,0.0860000029206276,0.003000000026077032,0.6801367402076721,0.15143275260925293,-0.8497881889343262,0.49992048740386963,-0.03497882
91,4886,-0.12749864712568826,-0.6037937750484114,0.23750135287431173,-0.11579377504841137,0.2642254547864199,0.07120056338646953,0.8764076232910156,0.1763436198234558,-1.0,0.3139534890651703,0.37627118825912476,0.06424999982118607,-0.03737499937415123,0.05712499842047691,-0.29875001311302185,0.0023468099534511566,9.707000572234392e-05,0.0017415500478819013,9.707000572234392e-05,0.21400000154972076,0.16099999845027924,0.375,0.01850000023841858,0.004749999847263098,0.0677499994635582,0.005499999970197678,-0.9131038188934326,-0.7824577689170837,-0.9223791360855103,-0.7739234566688538,0.0
92,4887,-0.1172036259925458,-0.6055412880620114,0.2477963740074542,-0.11754128806201136,0.2742608199698215,0.06440215396960157,0.8662822246551514,0.18001055717468262,-1.0,0.3139534890651703,0.37627118825912476,0.05525000020861626,-0.04962500184774399,0.0572500005364418,-0.31049999594688416,0.00017701000615488738,0.0,0.0005938400281593204,0.0,0.01549999974668026,0.052000001072883606,0.06750000268220901,0.0024999999441206455,0.0,0.032999999821186066,0.0,0.1810973435640335,0.9190249443054199,-0.6886266469955444,0.28987056016921997,0.0
93,4888,-0.08448182014967875,-0.6120891210399132,0.28051817985032124,-0.12408912103991321,0.306738584444467,0.046542665732252374,0.8902240991592407,0.1770486682653427,-1.0,0.3139534890651703,0.37627118825912476,0.05587499961256981,-0.03375000134110451,0.054499998688697815,-0.3059999942779541,0.0007023300277069211,8.565000462112948e-05,0.00017130000924225897,6.851999933132902e-05,0.0689999982714653,0.020999999716877937,0.09000000357627869,0.00800000037997961,0.0024999999441206455,0.012749999761581421,0.0017500000540167093,0.6799019575119019,0.9536874294281006,-0.8858678340911865,-0.9893234968185425,0.0
94,4889,-0.08394483772361594,-0.6149177280440806,0.28105516227638405,-0.12691772804408064,0.3083830636304072,0.04578354021975141,0.9663213491439819,0.16595064103603363,-1.0,0.3139534890651703,0.37627118825912476,0.06674999743700027,-0.02500000037252903,0.039250001311302185,-0.32362499833106995,0.0011876800563186407,0.00033117999555543065,0.00014275001012720168,0.0,0.13300000131130219,0.012500000186264515,0.14550000429153442,0.011500000022351742,0.020749999210238457,0.010250000283122063,0.0,0.23097963631153107,-0.945097029209137,-0.9588884115219116,-0.9868100881576538,-0.14241722
95,4890,-0.08723076039345459,-0.6122703723442998,0.2777692396065454,-0.12427037234429983,0.3043006341008664,0.047691297455733674,0.9675701260566711,0.16115638613700867,-1.0,0.3139534890651703,0.37627118825912476,0.07412499934434891,-0.03375000134110451,0.02437499910593033,-0.31987500190734863,0.00042825000127777457,8.565000462112948e-05,8.565000462112948e-05,1.1420000191719737e-05,0.04500000178813934,0.008500000461935997,0.05350000038743019,0.005249999929219484,0.003000000026077032,0.0042500002309679985,0.0,-0.30694442987442017,0.5452350378036499,-0.5153273344039917,-0.8691534399986267,-0.12829842
96,4891,-0.08844049067905257,-0.6120715926956529,0.2765595093209474,-0.12407159269565293,0.303115361388827,0.0482599326723753,0.9599284529685974,0.16564343869686127,-1.0,0.3139534890651703,0.37627118825912476,0.07062499970197678,-0.026374999433755875,0.01575000025331974,-0.3162499964237213,0.00010278000263497233,0.00013703999866265804,7.994000043254346e-05,6.851999933132902e-05,0.020999999716877937,0.013000000268220901,0.03400000184774399,0.000750000006519258,0.008500000461935997,0.0022499999031424522,0.0002500000118743628,0.09320801496505737,-0.6113484501838684,0.9130317568778992,-0.9620323181152344,0.0
97,4892,-0.08500185545986658,-0.610341739703341,0.2799981445401334,-0.12234173970334106,0.30555926138730843,0.04709480346517014,0.957115113735199,0.16598035395145416,-1.0,0.3139534890651703,0.37627118825912476,0.07074999809265137,-0.03474999964237213,0.0253749992698431,-0.33412501215934753,0.0003026300109922886,8.565000462112948e-05,0.00023982000129763037,0.0,0.03400000184774399,0.020999999716877937,0.054999999701976776,0.0037499999161809683,0.0024999999441206455,0.017000000923871994,0.0,-0.9966394901275635,0.931756317615509,-0.14833664894104004,0.814018726348877,0.0
98,4893,-0.08356928054466317,-0.6073847354418757,0.2814307194553368,-0.11938473544187567,0.30570568347624016,0.047025896729809814,0.9651119709014893,0.16891230642795563,-1.0,0.3139534890651703,0.37627118825912476,0.05350000038743019,-0.019625000655651093,0.027374999597668648,-0.3188750147819519,0.00010278000263497233,0.00010848999954760075,0.00010848999954760075,0.0,0.01850000023841858,0.009499999694526196,0.02800000086426735,0.0010000000474974513,0.007000000216066837,0.007499999832361937,0.0,-0.9494531750679016,0.0357566773891449,0.9320928454399109,-0.9788026213645935,-0.14145632
99,4894,-0.08221415107647337,-0.6082353854237968,0.28278584892352665,-0.12023538542379686,0.30728550935475074,0.04628880714019008,0.9684435129165649,0.17392417788505554,-1.0,0.3139534890651703,0.37627118825912476,0.035875000059604645,-0.017625000327825546,0.04412499815225601,-0.3151249885559082,0.00010848999954760075,9.707000572234392e-05,0.00013133000175002962,0.0,0.017999999225139618,0.011500000022351742,0.029500000178813934,0.000750000006519258,0.0042500002309679985,0.008750000037252903,0.0,0.988814651966095,0.747079074382782,-0.3364163935184479,0.12879568338394165,-0.008544519
100,4895,-0.08114591246769384,-0.6031388928598758,0.2838540875323061,-0.11513889285987577,0.30631700517241295,0.04673929414473448,0.9715949892997742,0.17248240113258362,-1.0,0.3139534890651703,0.37627118825912476,0.0507499985396862,-0.01075000036507845,0.03962500020861626,-0.31162500381469727,0.0007023300277069211,0.0002969200140796602,9.13600015337579e-05,6.28100024187006e-05,0.08749999850988388,0.013500000350177288,0.10100000351667404,0.00800000037997961,0.01850000023841858,0.005249999929219484,0.0005000000237487257,-0.772108256816864,0.853781521320343,0.4188041687011719,0.8550336956977844,0.0
101,4896,-0.08519174033259375,-0.6060319368799549,0.27980825966740624,-0.11803193687995495,0.3036843761238571,0.04798610633926934,0.9740792512893677,0.18112051486968994,-1.0,0.3139534890651703,0.37627118825912476,0.03962500020861626,0.006000000052154064,0.041999999433755875,-0.2952499985694885,0.00013703999866265804,0.0002512400096748024,0.00022840000747237355,0.0,0.03400000184774399,0.019999999552965164,0.05400000140070915,0.001500000013038516,0.017000000923871994,0.01600000075995922,-0.0002500000118743628,0.9815533757209778,-0.7774673700332642,0.5387274026870728,-0.8921356797218323,-0.1310563
102,4897,-0.08241228045524182,-0.6069003091213372,0.28258771954475814,-0.1189003091213372,0.3065829459488189,0.04661516043723283,0.9646703600883484,0.17621704936027527,-1.0,0.3139534890651703,0.37627118825912476,0.05237499997019768,-0.004124999977648258,0.0430000014603138,-0.2916249930858612,0.001330430037342012,0.00013133000175002962,0.0006338100065477192,6.28100024187006e-05,0.12800000607967377,0.061000000685453415,0.1889999955892563,0.012749999761581421,0.008249999955296516,0.03400000184774399,0.0,0.41125810146331787,0.7879301905632019,0.17113155126571655,-0.6693920493125916,0.0
103,4898,-0.08602345905065342,-0.6049471726936234,0.27897654094934654,-0.11694717269362342,0.3024971927160558,0.048559184445064144,0.9711342453956604,0.17474523186683655,-1.0,0.3139534890651703,0.37627118825912476,0.0572500005364418,-0.0028750000055879354,0.0430000014603138,-0.30399999022483826,0.0020955700892955065,0.0007023300277069211,0.000770850048866123,-6.851999933132902e-05,0.24500000476837158,0.07349999994039536,0.31850001215934753,0.0182499997317791,0.03525000065565109,0.04024999961256981,-0.0002500000118743628,-0.9205114245414734,-0.7501412630081177,-0.48563575744628906,-0.7062181830406189,0.0
104,4899,-0.08287318977735425,-0.6069483371599239,0.28212681022264574,-0.11894833715992392,0.3061768181288644,0.04680486252782218,0.9627361297607422,0.17805564403533936,-1.0,0.3139534890651703,0.37627118825912476,0.048250000923871994,-0.002624999964609742,0.04362500086426735,-0.31725001335144043,0.0001541700039524585,0.00010848999954760075,0.00032546999864280224,0.0,0.023000000044703484,0.02850000001490116,0.051500000059604645,0.0017500000540167093,0.006750000175088644,0.020999999716877937,0.0,-0.3096886873245239,-0.2090471237897873,0.5818062424659729,-0.19757120311260223,-0.04770855
105,4900,-0.09527358927384066,-0.6038351856149341,0.2697264107261593,-0.11583518561493411,0.2935474865667615,0.05310549534137597,0.9700623750686646,0.17466384172439575,-1.0,0.3139534890651703,0.37627118825912476,0.042500000447034836,-0.004000000189989805,0.05350000038743019,-0.3138749897480011,0.00014275001012720168,7.423000351991504e-05,0.00037115000304766,6.28100024187006e-05,0.01899999938905239,0.03799999877810478,0.05700000002980232,0.0017500000540167093,0.0017500000540167093,0.023000000044703484,0.000750000006519258,0.2748603820800781,-0.09871240705251694,0.7622917890548706,0.5530688762664795,0.0
106,4901,-0.107928606018447,-0.6067386392946069,0.257071393981553,-0.11873863929460693,0.28316879429971376,0.058913327357356604,0.941224217414856,0.1799403578042984,-1.0,0.3139534890651703,0.37627118825912476,0.04387500137090683,-0.006750000175088644,0.0586250014603138,-0.3036249876022339,0.0008793400484137237,9.13600015337579e-05,0.0008336600149050355,6.851999933132902e-05,0.08500000089406967,0.07900000363588333,0.164000004529953,0.00925000011920929,0.0037499999161809683,0.04125000163912773,0.000750000006519258,0.9539295434951782,-0.8080617785453796,-0.952582836151123,-0.6411134004592896,0.0
107,4902,-0.083191248764871,-0.6114365093658801,0.281808751235129,-0.12343650936588013,0.3076568609947385,0.046117231667082495,0.9117939472198486,0.1750192493200302,-1.0,0.3139534890651703,0.37627118825912476,0.0598750002682209,-0.02187499962747097,0.05274999886751175,-0.3149999976158142,0.001358980080112815,9.13600015337579e-05,0.000245530012762174,-6.851999933132902e-05,0.12700000405311584,0.027499999850988388,0.15449999272823334,0.013000000268220901,0.0037499999161809683,0.017500000074505806,-0.0005000000237487257,0.8461638689041138,-0.005136593710631132,-0.8683742880821228,-0.434440553188324,0.0
108,4903,-0.08504376991433332,-0.6125225398738611,0.27995623008566667,-0.12452253987386108,0.3064006424608409,0.04670021900945106,0.969322681427002,0.16705676913261414,-1.0,0.3139534890651703,0.37627118825912476,0.07412499934434891,-0.02487500011920929,0.03824999928474426,-0.3232499957084656,0.0018157800659537315,0.0001484600070398301,0.00019414001144468784,-6.851999933132902e-05,0.1720000058412552,0.023000000044703484,0.19499999284744263,0.01600000075995922,0.009750000201165676,0.014000000432133675,-0.0002500000118743628,-0.06485672295093536,-0.33168116211891174,0.15749309957027435,-0.6665143370628357,0.0
109,4904,-0.09412334536154054,-0.6128347228419601,0.27087665463845945,-0.12483472284196007,0.29825805949739603,0.050661927114412184,0.9650145173072815,0.16521602869033813,-1.0,0.3139534890651703,0.37627118825912476,0.07412499934434891,-0.02850000001490116,0.03824999928474426,-0.3356249928474426,0.0014960200060158968,0.00010278000263497233,0.0002969200140796602,-7.423000351991504e-05,0.14000000059604645,0.032499998807907104,0.17249999940395355,0.013749999925494194,0.004749999847263098,0.019750000908970833,-0.0002500000118743628,-0.986373782157898,-0.5809800624847412,-0.583187460899353,-0.8600701093673706,0.0
110,4905,-0.12828882661854607,-0.6080563182471403,0.23671117338145392,-0.12005631824714036,0.26541608684230766,0.07035785339767335,0.9438992142677307,0.1646869033575058,-1.0,0.3139534890651703,0.37627118825912476,0.06212500110268593,-0.03750000149011612,0.0364999994635582,-0.351749986410141,9.707000572234392e-05,7.423000351991504e-05,7.423000351991504e-05,0.0,0.014999999664723873,0.006500000134110451,0.0215000007301569,0.0010000000474974513,0.0010000000474974513,0.001500000013038516,-0.0002500000118743628,0.48806527256965637,-0.828000009059906,0.9485380053520203,0.8102532625198364,0.0
111,4906,-0.11610219923697129,-0.611402002678786,0.2488978007630287,-0.12340200267878598,0.27780959214866474,0.06215674609843711,0.8644446134567261,0.1727859079837799,-1.0,0.3139534890651703,0.37627118825912476,0.06849999725818634,-0.05249999836087227,0.03962500020861626,-0.33762499690055847,0.0005652900435961783,0.0,0.0005538699915632606,6.851999933132902e-05,0.0494999997317791,0.054499998688697815,0.10400000214576721,0.006500000134110451,0.0,0.030750000849366188,0.0017500000540167093,0.9732679128646851,0.6350987553596497,0.9756938219070435,0.030456865206360817,0.0
112,4907,-0.12513893532039727,-0.6110348582648693,0.23986106467960272,-0.12303485826486926,0.26957541931246076,0.06749146097874135,0.8927856087684631,0.1671152561903,-1.0,0.3139534890651703,0.37627118825912476,0.08237499743700027,-0.04600000008940697,0.0403750017285347,-0.3375000059604645,0.00159880006685853,0.0001598800008650869,0.0020099200773984194,7.423000351991504e-05,0.15399999916553497,0.18250000476837158,0.33649998903274536,0.014999999664723873,0.01075000036507845,0.06575000286102295,0.0024999999441206455,0.5147252082824707,-0.7171285152435303,0.481256902217865,0.6799782514572144,-0.029695477
113,4908,-0.12917417972247164,-0.6090698267158863,0.23582582027752835,-0.12106982671588629,0.26508813713665846,0.07058897053764158,0.871769905090332,0.16773752868175507,-1.0,0.3139534890651703,0.37627118825912476,0.08974999934434891,-0.054375000298023224,0.04012500122189522,-0.32587501406669617,0.002244030125439167,7.994000043254346e-05,0.0024039100389927626,8.565000462112948e-05,0.20350000262260437,0.21799999475479126,0.42149999737739563,0.019500000402331352,0.000750000006519258,0.07500000298023224,0.0044999998062849045,-0.8792855739593506,-0.1189824566245079,0.08701629191637039,-0.6643459796905518,-0.05870163
114,4909,-0.12290493264859126,-0.6109110628730874,0.24209506735140873,-0.1229110628730874,0.27150902565564033,0.06619897784565078,0.862385630607605,0.17106808722019196,-1.0,0.3139534890651703,0.37627118825912476,0.0820000022649765,-0.05612500011920929,0.04050000011920929,-0.336124986410141,0.0001827200030675158,0.0,0.0015759600792080164,6.28100024187006e-05,0.01600000075995922,0.14350000023841858,0.15950000286102295,0.0022499999031424522,0.0,0.05550000071525574,0.0002500000118743628,0.70892333984375,-0.06864434480667114,0.8108603954315186,-0.06280789524316788,-0.06377427
115,4910,-0.1296361860446023,-0.6090209951117439,0.23536381395539768,-0.12102099511174391,0.2646548812651446,0.07089546487004736,0.8769652843475342,0.16794735193252563,-1.0,0.3139534890651703,0.37627118825912476,0.0886249989271164,-0.05575000122189522,0.04024999961256981,-0.33412501215934753,0.0016730300849303603,0.00011420000373618677,0.002518109977245331,8.565000462112948e-05,0.15649999678134918,0.2280000001192093,0.38449999690055847,0.01549999974668026,0.006750000175088644,0.08624999970197678,0.0037499999161809683,-0.7609621286392212,-0.35705164074897766,0.056731294840574265,0.19606152176856995,-0.014673129
116,4911,-0.13074029459631648,-0.6080869385763913,0.23425970540368352,-0.1200869385763913,0.2632460491488344,0.0719013317992666,0.8613111972808838,0.17115086317062378,-1.0,0.3139534890651703,0.37627118825912476,0.08112499862909317,-0.05874999985098839,0.04050000011920929,-0.32987499237060547,0.00017130000924225897,-8.565000462112948e-05,0.0023924901615828276,7.423000351991504e-05,0.02250000089406967,0.2160000056028366,0.23849999904632568,0.0020000000949949026,-0.0005000000237487257,0.08250000327825546,0.0024999999441206455,-0.2204734832048416,-0.4883285462856293,0.7386804819107056,-0.9861714839935303,-0.08586805
117,4912,-0.12391266593761557,-0.6097190851034255,0.24108733406238442,-0.12171908510342555,0.27007154297282543,0.0671574491131569,0.8587434887886047,0.17273400723934174,-1.0,0.3139534890651703,0.37627118825912476,0.07724999636411667,-0.06800000369548798,0.0442500002682209,-0.34712499380111694,0.00013703999866265804,0.0,0.0022782899904996157,6.28100024187006e-05,0.012000000104308128,0.20499999821186066,0.21699999272823334,0.001500000013038516,-0.0002500000118743628,0.07050000131130219,0.0002500000118743628,0.5045347213745117,0.8429112434387207,-0.6578198075294495,-0.5704998970031738,0.0
118,4913,-0.12080023054768535,-0.6108311537638772,0.24419976945231464,-0.12283115376387721,0.2733514582648662,0.06499047341664917,0.8746216893196106,0.1699676513671875,-1.0,0.3139534890651703,0.37627118825912476,0.08112499862909317,-0.05387499928474426,0.04412499815225601,-0.3577499985694885,0.0012847500620409846,8.565000462112948e-05,0.0009935400448739529,6.851999933132902e-05,0.11999999731779099,0.09300000220537186,0.21299999952316284,0.012500000186264515,0.003000000026077032,0.04625000059604645,0.0002500000118743628,0.5358802676200867,0.011596130207180977,-0.4018333852291107,0.867293119430542,0.0
119,4914,-0.13025684226146106,-0.6098858562406657,0.23474315773853893,-0.12188585624066572,0.2645004953805962,0.0710050019937635,0.8818599581718445,0.16808278858661652,-1.0,0.3139534890651703,0.37627118825912476,0.08837500214576721,-0.05400000140070915,0.04387500137090683,-0.34412500262260437,0.002061309991404414,8.565000462112948e-05,0.000559579988475889,9.707000572234392e-05,0.18799999356269836,0.057500001043081284,0.24549999833106995,0.017999999225139618,0.0035000001080334187,0.03175000101327896,0.005499999970197678,0.2869551479816437,-0.9261264801025391,0.7740130424499512,-0.047731637954711914,-0.01809195
120,4915,-0.1305818056243347,-0.6097258926512757,0.2344181943756653,-0.12172589265127576,0.2641383781204411,0.07126258946442574,0.8598678112030029,0.1696849912405014,-1.0,0.3139534890651703,0.37627118825912476,0.08962500095367432,-0.06937500089406967,0.04387500137090683,-0.34412500262260437,0.002398200100287795,0.0,0.0015074399998411536,8.565000462112948e-05,0.20999999344348907,0.13950000703334808,0.34950000047683716,0.020500000566244125,-0.0002500000118743628,0.060750000178813934,0.0037499999161809683,0.40492793917655945,-0.8984092473983765,0.030345458537340164,-0.7730181217193604,-0.24040051
121,4916,-0.1300820710821981,-0.6103979663770365,0.2349179289178019,-0.12239796637703648,0.2648918562362074,0.07072765926985194,0.8591120839118958,0.16995611786842346,-1.0,0.3139534890651703,0.37627118825912476,0.08837500214576721,-0.06575000286102295,0.04387500137090683,-0.3568750023841858,0.0003197600017301738,7.994000043254346e-05,0.001541700097732246,6.851999933132902e-05,0.03500000014901161,0.14100000262260437,0.17599999904632568,0.0042500002309679985,0.0,0.06174999848008156,0.0005000000237487257,0.4218595325946808,-0.21207590401172638,0.5646823644638062,0.6479465365409851,0.0
122,4917,-0.13084595276550098,-0.6102928626164881,0.234154047234499,-0.12229286261648808,0.2641659744994257,0.07124292628345065,0.8602742552757263,0.16881701350212097,-1.0,0.3139534890651703,0.37627118825912476,0.09012500196695328,-0.06937500089406967,0.04374999925494194,-0.3477500081062317,0.0018043600721284747,-7.994000043254346e-05,0.002381070051342249,0.00010848999954760075,0.16500000655651093,0.21799999475479126,0.382999986410141,0.016499999910593033,-0.0005000000237487257,0.08299999684095383,0.006500000134110451,0.5375865697860718,-0.9653858542442322,0.9218195676803589,0.38457977771759033,-0.20035765
123,4918,-0.13021138290095935,-0.609995711199695,0.23478861709904064,-0.12199571119969499,0.26459147429650737,0.07094043178979649,0.8584977984428406,0.16899514198303223,-1.0,0.3139534890651703,0.37627118825912476,0.09287499636411667,-0.08762499690055847,0.04374999925494194,-0.3412500023841858,0.0025866301730275154,0.0,0.0016330600483343005,0.00010848999954760075,0.226500004529953,0.1525000035762787,0.3790000081062317,0.02174999937415123,0.0,0.06424999982118607,0.00774999987334013,0.4100687503814697,-0.7176889777183533,-0.36263954639434814,-0.758000373840332,-0.14038575
124,4919,-0.12847501465534822,-0.6105307065068021,0.23652498534465177,-0.12253070650680209,0.26637913343455377,0.06968352673984217,0.8599735498428345,0.16949880123138428,-1.0,0.3139534890651703,0.37627118825912476,0.09337499737739563,-0.08387500047683716,0.04374999925494194,-0.351500004529953,0.0032889600843191147,0.0,0.001136290025897324,7.423000351991504e-05,0.2879999876022339,0.10599999874830246,0.39399999380111694,0.026499999687075615,0.0,0.0507499985396862,0.0,0.17621861398220062,0.477090060710907,-0.8999506831169128,-0.9314332008361816,-0.067621864
125,4920,-0.12974543808995664,-0.6111185635911227,0.23525456191004335,-0.12311856359112272,0.26552380232330913,0.07028210789960125,0.8640115857124329,0.16859202086925507,-1.0,0.3139534890651703,0.37627118825912476,0.09337499737739563,-0.07500000298023224,0.04087499901652336,-0.36912500858306885,0.0006794900400564075,0.0,0.00034831001539714634,6.851999933132902e-05,0.05950000137090683,0.0364999994635582,0.09600000083446503,0.00774999987334013,0.0,0.023000000044703484,0.0005000000237487257,-0.35137730836868286,-0.5554745197296143,0.26458245515823364,-0.9875008463859558,-0.09065694
126,4921,-0.12123263655147781,-0.6128518763449532,0.24376736344852218,-0.1248518763449532,0.273880482162383,0.06464756611169512,0.8610571026802063,0.16759565472602844,-1.0,0.3139534890651703,0.37627118825912476,0.08974999934434891,-0.07112500071525574,0.04100000113248825,-0.3876250088214874,0.0001484600070398301,0.0,0.0005995500250719488,6.28100024187006e-05,0.013000000268220901,0.057999998331069946,0.07100000232458115,0.0020000000949949026,-0.0002500000118743628,0.032499998807907104,0.0005000000237487257,0.54243004322052,0.7532397508621216,0.12926465272903442,0.28147220611572266,0.0
127,4922,-0.12202713632173862,-0.6142078595889711,0.24297286367826137,-0.12620785958897107,0.27379597569366215,0.06470222057695683,0.8808543086051941,0.1646578311920166,-1.0,0.3139534890651703,0.37627118825912476,0.09399999678134918,-0.05974999815225601,0.04087499901652336,-0.38462498784065247,0.0014503400307148695,9.707000572234392e-05,0.0007194600184448063,9.13600015337579e-05,0.1354999989271164,0.07100000232458115,0.20649999380111694,0.013749999925494194,0.004999999888241291,0.03750000149011612,0.004999999888241291,0.11030519753694534,-0.5166886448860168,-0.972818911075592,0.4672906994819641,0.0
128,4923,-0.12935148159551246,-0.6129045269940329,0.23564851840448753,-0.12490452699403287,0.26670464017304457,0.0694570709290981,0.8790066838264465,0.1623595654964447,-1.0,0.3139534890651703,0.37627118825912476,0.09737499803304672,-0.06712500005960464,0.0351249985396862,-0.37537500262260437,0.0010734800016507506,7.423000351991504e-05,0.00017701000615488738,9.13600015337579e-05,0.10050000250339508,0.023499999195337296,0.12399999797344208,0.010999999940395355,0.0005000000237487257,0.012749999761581421,0.004000000189989805,0.03814113512635231,-0.7059742212295532,0.5615628957748413,-0.9669933319091797,0.0
129,4924,-0.12838383162539263,-0.6151068333964457,0.23661616837460736,-0.12710683339644568,0.2685951567552035,0.06815630779844649,0.8619732856750488,0.16456860303878784,-1.0,0.3139534890651703,0.37627118825912476,0.09749999642372131,-0.07999999821186066,0.03525000065565109,-0.3917500078678131,0.0012105200439691544,0.0,0.000616680015809834,6.851999933132902e-05,0.10599999874830246,0.05999999865889549,0.16599999368190765,0.012000000104308128,0.0,0.03350000083446503,0.0005000000237487257,0.6054681539535522,-0.5435790419578552,0.42950576543807983,0.904804527759552,-0.08922949
130,4925,-0.13000267197233484,-0.61530802981602,0.23499732802766515,-0.12730802981601996,0.267265932426448,0.06906830584534818,0.8642236590385437,0.1608358770608902,-1.0,0.3139534890651703,0.37627118825912476,0.10637500137090683,-0.07699999958276749,0.03462500125169754,-0.3791249990463257,0.001850040047429502,7.423000351991504e-05,0.001164840068668127,0.00013133000175002962,0.16850000619888306,0.11349999904632568,0.28200000524520874,0.016750000417232513,0.001500000013038516,0.0507499985396862,0.008999999612569809,0.7228528261184692,-0.3106493055820465,0.5382283926010132,-0.9142369031906128,-0.041202612
131,4926,-0.12715274506271834,-0.614897802694477,0.23784725493728165,-0.12689780269447704,0.2695818410239953,0.06748712701096579,0.8604589104652405,0.160494863986969,-1.0,0.3139534890651703,0.37627118825912476,0.11050000041723251,-0.0820000022649765,0.03449999913573265,-0.3922500014305115,0.00267799012362957,-3.997000021627173e-05,0.0019071400165557861,7.994000043254346e-05,0.23800000548362732,0.17399999499320984,0.41200000047683716,0.02250000089406967,0.0,0.07100000232458115,0.0010000000474974513,-0.9838547110557556,0.4050605297088623,-0.6832356452941895,0.15177710354328156,0.0
132,4927,-0.1272776676093948,-0.6140375094096998,0.2377223323906052,-0.12603750940969982,0.26906757719099034,0.06783508283574072,0.86708664894104,0.16119016706943512,-1.0,0.3139534890651703,0.37627118825912476,0.10199999809265137,-0.0754999965429306,0.03487500175833702,-0.39149999618530273,0.00020556000526994467,8.565000462112948e-05,0.0009649900021031499,8.565000462112948e-05,0.025499999523162842,0.09200000017881393,0.11749999970197678,0.002749999985098839,0.0020000000949949026,0.04475000128149986,0.004999999888241291,0.34974247217178345,-0.1581132411956787,0.3361591100692749,-0.2929355502128601,0.0
133,4928,-0.1162187821152254,-0.6160984894693052,0.24878121788477459,-0.12809848946930524,0.2798237255426162,0.06091734976527649,0.8667961359024048,0.1626482903957367,-1.0,0.3139534890651703,0.37627118825912476,0.10387499630451202,-0.07737500220537186,0.03487500175833702,-0.3946250081062317,0.0012105200439691544,0.0,0.0013932400615885854,6.851999933132902e-05,0.10599999874830246,0.12800000607967377,0.23399999737739563,0.012000000104308128,0.0,0.0572500005364418,0.0005000000237487257,0.8581538796424866,0.9432836771011353,0.1029847040772438,0.9180529713630676,0.0
134,4929,-0.10843749503736505,-0.6179839039804323,0.25656250496263494,-0.12998390398043236,0.2876110815783987,0.05635350635892819,0.8925144672393799,0.15915510058403015,-1.0,0.3139534890651703,0.37627118825912476,0.11412499845027924,-0.06887499988079071,0.03449999913573265,-0.3817499876022339,0.0027979000005871058,0.00027407999732531607,0.0015474100364372134,0.0001256200048374012,0.26899999380111694,0.14650000631809235,0.4154999852180481,0.023499999195337296,0.0182499997317791,0.06174999848008156,0.008999999612569809,0.13901852071285248,0.13907554745674133,-0.9154945015907288,-0.8532763123512268,-0.006784104
135,4930,-0.09280367384428961,-0.6203457169353062,0.2721963261557104,-0.13234571693530617,0.3026652090409237,0.048477665589643164,0.9106104969978333,0.15595948696136475,-1.0,0.3139534890651703,0.37627118825912476,0.11412499845027924,-0.06787499785423279,0.03449999913573265,-0.3932499885559082,0.003151920158416033,0.00035402001230977476,0.00043967002420686185,6.851999933132902e-05,0.3070000112056732,0.04450000077486038,0.351500004529953,0.026000000536441803,0.021250000223517418,0.027499999850988388,0.0002500000118743628,-0.24174362421035767,0.5866451263427734,0.772498607635498,-0.949853777885437,-0.025825638
136,4931,-0.0913270412775676,-0.6208606761198027,0.27367295872243236,-0.13286067611980268,0.3042184208671482,0.047730522135303634,0.9469681978225708,0.15195640921592712,-1.0,0.3139534890651703,0.37627118825912476,0.11400000005960464,-0.06412500143051147,0.03449999913573265,-0.41087499260902405,0.0006338100065477192,0.0007365900091826916,0.0013132999883964658,6.851999933132902e-05,0.11999999731779099,0.12099999934434891,0.2409999966621399,0.007499999832361937,0.03550000116229057,0.05624999850988388,0.0,-0.031531281769275665,0.3066193163394928,0.24605213105678558,-0.6789636015892029,0.0
137,4932,-0.0861820310281887,-0.6200699172397975,0.2788179689718113,-0.13206991723979755,0.30851567684850784,0.04572286543399061,0.9504022002220154,0.15108360350131989,-1.0,0.3139534890651703,0.37627118825912476,0.11400000005960464,-0.06412500143051147,0.03462500125169754,-0.4235000014305115,0.0005538699915632606,0.0010848999954760075,0.0015759600792080164,5.7100001868093386e-05,0.14350000023841858,0.14300000667572021,0.2865000069141388,0.006500000134110451,0.04675000160932541,0.06499999761581421,0.0,0.5769404172897339,0.9174149632453918,-0.8140895962715149,-0.01877257227897644,-0.02625271
138,4933,-0.08477757821055518,-0.6202205304542581,0.2802224217894448,-0.13222053045425808,0.30984976092801314,0.04511693476467394,0.9623673558235168,0.15242387354373932,-1.0,0.3139534890651703,0.37627118825912476,0.1146249994635582,-0.05550000071525574,0.03449999913573265,-0.42012500762939453,0.003248990047723055,0.0017872300231829286,0.000559579988475889,7.994000043254346e-05,0.4410000145435333,0.0560000017285347,0.4970000088214874,0.026750000193715096,0.0637499988079071,0.03474999964237213,0.000750000006519258,-0.8214407563209534,-0.6391953229904175,-0.47525814175605774,-0.9731661081314087,-0.07314408
139,4934,-0.0886787329889204,-0.619934142295167,0.2763212670110796,-0.13193414229516698,0.30620264614429726,0.04679277532171508,0.9656335115432739,0.15216858685016632,-1.0,0.3139534890651703,0.37627118825912476,0.1146249994635582,-0.05550000071525574,0.03350000083446503,-0.4375,0.002775060012936592,0.001022089971229434,0.0002512400096748024,-7.994000043254346e-05,0.33250001072883606,0.028999999165534973,0.36149999499320984,0.023499999195337296,0.03999999910593033,0.01899999938905239,-0.000750000006519258,-0.9668501615524292,-0.8978859186172485,0.2858704924583435,0.10324116796255112,-0.08468502
140,4935,-0.0913168480487038,-0.6207566001227706,0.2736831519512962,-0.13275660012277057,0.30418215354973327,0.04774783585469123,0.9565610885620117,0.1526539921760559,-1.0,0.3139534890651703,0.37627118825912476,0.1146249994635582,-0.057999998331069946,0.03350000083446503,-0.4362500011920929,0.0021412500645965338,0.00017130000924225897,0.0005081900162622333,7.423000351991504e-05,0.20250000059604645,0.050999999046325684,0.2535000145435333,0.01899999938905239,0.011500000022351742,0.029500000178813934,0.0005000000237487257,0.42884087562561035,-0.599818229675293,-0.3499322533607483,-0.6326743364334106,-0.027902106
141,4936,-0.09088824906128981,-0.6204181106676472,0.2741117509387102,-0.1324181106676472,0.30442044615215114,0.04763419175055728,0.950425922870636,0.15126000344753265,-1.0,0.3139534890651703,0.37627118825912476,0.11749999970197678,-0.0677499994635582,0.03350000083446503,-0.4477500021457672,0.0023924901615828276,0.00013703999866265804,0.00022840000747237355,0.0,0.2214999943971634,0.019999999552965164,0.24150000512599945,0.020500000566244125,0.008750000037252903,0.016499999910593033,0.0,-0.12153942883014679,0.6041536331176758,0.6706669330596924,-0.8483831882476807,-0.125806
142,4937,-0.09673319686899112,-0.6204892877663216,0.26826680313100887,-0.13248928776632163,0.29919974771874164,0.05018708897046162,0.9514226913452148,0.15183371305465698,-1.0,0.3139534890651703,0.37627118825912476,0.11749999970197678,-0.0676250010728836,0.03350000083446503,-0.44462499022483826,0.0017301300540566444,0.0005824200343340635,0.0008393700118176639,6.851999933132902e-05,0.20250000059604645,0.0794999971985817,0.28200000524520874,0.01600000075995922,0.03099999949336052,0.04149999842047691,0.0012499999720603228,0.5710756182670593,-0.6187363862991333,-0.5461918115615845,0.9573097825050354,-0.030536557
143,4938,-0.09404336104899386,-0.619969451847368,0.27095663895100613,-0.13196945184736797,0.30138585967579945,0.049101848523297936,0.9378297924995422,0.1517130732536316,-1.0,0.3139534890651703,0.37627118825912476,0.11749999970197678,-0.0677499994635582,0.03350000083446503,-0.42774999141693115,0.0034488399978727102,0.00013703999866265804,0.000308340007904917,9.13600015337579e-05,0.3140000104904175,0.03500000014901161,0.3490000069141388,0.02775000035762787,0.008249999955296516,0.021250000223517418,0.0032500000670552254,-0.3916013836860657,0.2612341642379761,0.8692102432250977,-0.4580531120300293,-0.04483217
144,4939,-0.08763428105505952,-0.6201077171900591,0.27736571894494044,-0.1321077171900591,0.30722010186023363,0.04631909339284211,0.9440851807594299,0.15259414911270142,-1.0,0.3139534890651703,0.37627118825912476,0.11762499809265137,-0.0677499994635582,0.03350000083446503,-0.43424999713897705,0.003323220182210207,0.00028550002025440335,0.0012390700867399573,-7.423000351991504e-05,0.3160000145435333,0.11500000208616257,0.4309999942779541,0.027000000700354576,0.017999999225139618,0.05375000089406967,-0.000750000006519258,-0.7475343346595764,0.6964927911758423,0.6724228262901306,-0.9129465818405151,-0.06275343
145,4940,-0.0862412306798003,-0.6209577111420417,0.2787587693201997,-0.1329577111420417,0.308843333140029,0.04557329675813309,0.9589900374412537,0.15235979855060577,-1.0,0.3139534890651703,0.37627118825912476,0.11749999970197678,-0.06700000166893005,0.03350000083446503,-0.45137500762939453,0.002649439964443445,0.0008907600422389805,0.0020955700892955065,-7.423000351991504e-05,0.3100000023841858,0.1899999976158142,0.5,0.022749999538064003,0.042500000447034836,0.07874999940395355,-0.0005000000237487257,0.910050094127655,0.7134535312652588,0.12382593005895615,-0.12647420167922974,-0.14531416
146,4941,-0.09779306377417718,-0.617497555184104,0.2672069362258228,-0.129497555184104,0.2969329277224926,0.0513377321730614,0.9622296690940857,0.1509191393852234,-1.0,0.3139534890651703,0.37627118825912476,0.11699999868869781,-0.06062500178813934,0.03350000083446503,-0.45350000262260437,0.0003882800228893757,0.0013418500311672688,0.002238319953903556,-6.28100024187006e-05,0.15150000154972076,0.20149999856948853,0.3529999852180481,0.004999999888241291,0.05649999901652336,0.08174999803304672,-0.000750000006519258,-0.9942238330841064,-0.9365995526313782,-0.13258929550647736,-0.6307486295700073,-0.010872322
147,4942,-0.12613230433612405,-0.6109113806068355,0.23886769566387595,-0.12291138060683549,0.2686354100159702,0.06812887818316708,0.9353649616241455,0.1567838042974472,-1.0,0.3139534890651703,0.37627118825912476,0.0988750010728836,-0.0586250014603138,0.04800000041723251,-0.46537500619888306,0.00026837000041268766,0.00026266000350005925,0.0011991000501438975,-6.28100024187006e-05,0.04650000110268593,0.11050000041723251,0.15700000524520874,0.004000000189989805,0.017500000074505806,0.052000001072883606,-0.0005000000237487257,-0.7966207265853882,-0.915465772151947,0.5226842164993286,0.633881688117981,0.0
148,4943,-0.11849550289527949,-0.6124322647633897,0.2465044971047205,-0.12443226476338975,0.2761301425179755,0.06320945243425352,0.8694597482681274,0.16794681549072266,-1.0,0.3139534890651703,0.37627118825912476,0.0846249982714653,-0.06687500327825546,0.057500001043081284,-0.4560000002384186,0.00019985000835731626,0.0,0.0012276499764993787,8.565000462112948e-05,0.017500000074505806,0.11500000208616257,0.13249999284744263,0.002749999985098839,-0.0002500000118743628,0.05249999836087227,0.0044999998062849045,0.7062880396842957,0.4074648320674896,0.9308857321739197,0.9418016672134399,0.0
149,4944,-0.12687804888192422,-0.6102585678348631,0.23812195111807577,-0.12225856783486311,0.2676737211855342,0.06878722655240942,0.8872197866439819,0.16536904871463776,-1.0,0.3139534890651703,0.37627118825912476,0.09149999916553497,-0.06337500363588333,0.057624999433755875,-0.4411250054836273,0.0016102200606837869,0.0001256200048374012,0.002495269989594817,0.00014275001012720168,0.15199999511241913,0.23100000619888306,0.382999986410141,0.015250000171363354,0.00800000037997961,0.08699999749660492,0.009999999776482582,-0.5762219429016113,-0.8867608308792114,0.06969866901636124,-0.4320681095123291,-0.05696987
150,4945,-0.12614722006318224,-0.6090447485451488,0.23885277993681775,-0.1210447485451488,0.2677731906556446,0.06871883828101838,0.8677254915237427,0.16905327141284943,-1.0,0.3139534890651703,0.37627118825912476,0.08712500333786011,-0.07599999755620956,0.057874999940395355,-0.44437500834465027,0.00017701000615488738,0.0,0.0017701000906527042,6.28100024187006e-05,0.01549999974668026,0.16050000488758087,0.17599999904632568,0.0024999999441206455,0.0,0.0677499994635582,0.0005000000237487257,-0.42985984683036804,-0.43763259053230286,-0.6025798320770264,0.45021721720695496,-0.07651591
151,4946,-0.12687459804641188,-0.6110934235739776,0.2381254019535881,-0.12309342357397757,0.26805913150407795,0.06852262371429357,0.8694250583648682,0.171110600233078,-1.0,0.3139534890651703,0.37627118825912476,0.07975000143051147,-0.07212500274181366,0.058125000447034836,-0.43799999356269836,0.00013703999866265804,0.0,0.0009592800051905215,9.13600015337579e-05,0.012000000104308128,0.09200000017881393,0.10400000214576721,0.0012499999720603228,-0.0002500000118743628,0.04475000128149986,0.0044999998062849045,0.571727991104126,-0.7098308801651001,0.6933567523956299,-0.6164087653160095,-0.109179705
152,4947,-0.1254194810719662,-0.6098560600147992,0.23958051892803378,-0.1218560600147992,0.26878936811592136,0.0680240689586461,0.8677334785461426,0.16763827204704285,-1.0,0.3139534890651703,0.37627118825912476,0.08574999868869781,-0.06849999725818634,0.057999998331069946,-0.4476250112056732,0.0009992499835789204,7.994000043254346e-05,0.0018728800350800157,6.851999933132902e-05,0.09449999779462814,0.17000000178813934,0.2644999921321869,0.010499999858438969,0.0,0.07100000232458115,0.000750000006519258,-0.4377496540546417,0.11650089174509048,-0.6144466400146484,0.41261568665504456,0.0
153,4948,-0.1281497574596106,-0.6097039979801654,0.2368502425403894,-0.1217039979801654,0.26628912954868694,0.06974627285445205,0.8711174726486206,0.16973549127578735,-1.0,0.3139534890651703,0.37627118825912476,0.08212500065565109,-0.0663750022649765,0.058125000447034836,-0.4423750042915344,0.00013703999866265804,7.423000351991504e-05,0.0010335100814700127,9.13600015337579e-05,0.01850000023841858,0.09849999845027924,0.11699999868869781,0.001500000013038516,0.0,0.04774999991059303,0.005499999970197678,-0.1640518754720688,-0.8522260785102844,0.7818602323532104,-0.24866227805614471,0.0
154,4949,-0.1274107150123921,-0.6091410618211148,0.2375892849876079,-0.12114106182111484,0.2666905045180085,0.06946688983500977,0.8647680282592773,0.16999322175979614,-1.0,0.3139534890651703,0.37627118825912476,0.07912500202655792,-0.08224999904632568,0.06162500008940697,-0.44449999928474426,0.0001484600070398301,0.0,0.001878590090200305,6.851999933132902e-05,0.013000000268220901,0.1704999953508377,0.1835000067949295,0.001500000013038516,0.0,0.07000000029802322,0.0005000000237487257,0.6220315098762512,0.3618580102920532,0.7496744394302368,0.941928505897522,-0.043235227
155,4950,-0.12641185321857085,-0.6089673578951655,0.23858814678142914,-0.12096735789516555,0.26750215973097086,0.06890534020861917,0.8664867281913757,0.1709473580121994,-1.0,0.3139534890651703,0.37627118825912476,0.0846249982714653,-0.07562500238418579,0.06162500008940697,-0.4325000047683716,0.0014217899879440665,7.994000043254346e-05,0.0024210400879383087,0.00016558999777771533,0.1315000057220459,0.226500004529953,0.3580000102519989,0.013749999925494194,0.0002500000118743628,0.08449999988079071,0.011749999597668648,-0.015530276112258434,-0.4191035032272339,0.33315303921699524,-0.8618517518043518,-0.083315305
156,4951,-0.12786784095365866,-0.6100810300570145,0.23713215904634133,-0.12208103005701454,0.2667122770960516,0.06945176674860899,0.8688096404075623,0.17124176025390625,-1.0,0.3139534890651703,0.37627118825912476,0.0846249982714653,-0.08312500268220901,0.06162500008940697,-0.44325000047683716,0.001358980080112815,-7.994000043254346e-05,0.0016844500787556171,6.851999933132902e-05,0.12600000202655792,0.1535000056028366,0.27950000762939453,0.013249999843537807,-0.0002500000118743628,0.06575000286102295,0.0010000000474974513,-0.33444449305534363,-0.691550612449646,0.9275274872779846,-0.3814326524734497,0.0
157,4952,-0.12677301257030438,-0.6068439064428107,0.2382269874296956,-0.11884390644281073,0.2662254150873201,0.06979072547639523,0.8654236197471619,0.16935418546199799,-1.0,0.3139534890651703,0.37627118825912476,0.08375000208616257,-0.09587500244379044,0.06162500008940697,-0.44999998807907104,0.00017701000615488738,-8.565000462112948e-05,0.0031005300115793943,5.7100001868093386e-05,0.023000000044703484,0.27649998664855957,0.2994999885559082,0.0024999999441206455,-0.0005000000237487257,0.10050000250339508,0.0002500000118743628,-0.7192717790603638,-0.009709857404232025,0.7582885026931763,0.2003822773694992,-0.12582885
158,4953,-0.12553918481668197,-0.6079122624678654,0.23946081518331802,-0.11991226246786546,0.2678067077173786,0.0686958096050522,0.8679697513580322,0.17484083771705627,-1.0,0.3139534890651703,0.37627118825912476,0.0703750029206276,-0.09587500244379044,0.0703750029206276,-0.4488750100135803,0.00019414001144468784,-8.565000462112948e-05,0.0016216400545090437,8.565000462112948e-05,0.02449999935925007,0.14949999749660492,0.17399999499320984,0.0024999999441206455,-0.000750000006519258,0.06424999982118607,0.005499999970197678,0.4647229313850403,0.4764150381088257,-0.17256399989128113,-0.7137743830680847,0.0
159,4954,-0.12535380267207863,-0.6109732888068306,0.23964619732792136,-0.12297328880683056,0.26935613906815115,0.06763961880031362,0.8708391189575195,0.1730300635099411,-1.0,0.3139534890651703,0.37627118825912476,0.07437500357627869,-0.08737500011920929,0.0703750029206276,-0.4598749876022339,0.0011991000501438975,0.0,0.0013932400615885854,6.851999933132902e-05,0.10499999672174454,0.12800000607967377,0.2329999953508377,0.011749999597668648,0.0,0.057999998331069946,0.000750000006519258,0.9603421688079834,-0.14322522282600403,0.5909544825553894,-0.9364772439002991,-0.041187033
160,4955,-0.12503060130268662,-0.6112605952592378,0.23996939869731337,-0.12326059525923783,0.2697748814378607,0.06735697524484906,0.8712702393531799,0.16784188151359558,-1.0,0.3139534890651703,0.37627118825912476,0.08874999731779099,-0.08375000208616257,0.07000000029802322,-0.4777500033378601,0.002175510162487626,7.423000351991504e-05,0.002238319953903556,7.994000043254346e-05,0.19699999690055847,0.2029999941587448,0.4000000059604645,0.01899999938905239,0.0002500000118743628,0.0807500034570694,0.001500000013038516,0.5979182720184326,-0.9604628086090088,-0.33876925706863403,-0.07499203085899353,-0.03950566
161,4956,-0.12511588843692667,-0.6113064857939321,0.23988411156307332,-0.12330648579393211,0.2697199963281443,0.0673939543416945,0.8720218539237976,0.16735492646694183,-1.0,0.3139534890651703,0.37627118825912476,0.09200000017881393,-0.1014999970793724,0.07000000029802322,-0.47850000858306885,0.00263802008703351,0.0,0.0019984999671578407,7.423000351991504e-05,0.23100000619888306,0.18150000274181366,0.4124999940395355,0.02250000089406967,-0.0002500000118743628,0.06825000047683716,0.0002500000118743628,0.4986056685447693,-0.7088609933853149,-0.4189337491989136,0.5840154886245728,-0.14653054
162,4957,-0.12499329100729956,-0.6116828256689153,0.24000670899270043,-0.12368282566891531,0.2700012254175045,0.06720468919667862,0.8718234896659851,0.16727714240550995,-1.0,0.3139534890651703,0.37627118825912476,0.09337499737739563,-0.09787499904632568,0.07000000029802322,-0.47475001215934753,0.0032318599987775087,7.994000043254346e-05,0.001416080049239099,0.00020556000526994467,0.28999999165534973,0.1420000046491623,0.4320000112056732,0.026499999687075615,0.0,0.05274999886751175,0.014499999582767487,0.7466503977775574,0.06328821182250977,-0.19089175760746002,-0.5446041226387024,-0.124665044
163,4958,-0.1237957440659353,-0.6090483356091798,0.2412042559340647,-0.12104833560917982,0.2698744015916634,0.06728997482447914,0.8721086382865906,0.1666392832994461,-1.0,0.3139534890651703,0.37627118825912476,0.09337499737739563,-0.09724999964237213,0.07000000029802322,-0.4778749942779541,0.000673780043143779,7.994000043254346e-05,0.0011876800563186407,5.7100001868093386e-05,0.06599999964237213,0.10899999737739563,0.17499999701976776,0.00774999987334013,0.0010000000474974513,0.04574999958276749,0.0005000000237487257,-0.9530252814292908,0.8164242506027222,0.7438367605209351,-0.6765425205230713,0.0
164,4959,-0.12415490458300432,-0.6104412462686176,0.24084509541699567,-0.12244124626861763,0.2701818253958508,0.06708342707518368,0.8748936057090759,0.1711045205593109,-1.0,0.3139534890651703,0.37627118825912476,0.07850000262260437,-0.08150000125169754,0.07450000196695328,-0.49050000309944153,0.0001827200030675158,0.0,0.0015930900117382407,6.28100024187006e-05,0.01600000075995922,0.14499999582767487,0.16099999845027924,0.0020000000949949026,0.0,0.06449999660253525,0.0005000000237487257,0.2189345508813858,0.10291845351457596,-0.0829876959323883,0.928787887096405,-0.0116497865
165,4960,-0.12493148924937492,-0.610102213461847,0.24006851075062507,-0.12210221346184702,0.2693359247970932,0.06765329303822767,0.8740583658218384,0.16874365508556366,-1.0,0.3139534890651703,0.37627118825912476,0.07887499779462814,-0.07800000160932541,0.07450000196695328,-0.47749999165534973,0.0008336600149050355,7.994000043254346e-05,0.0014788900734856725,0.0001256200048374012,0.07999999821186066,0.1404999941587448,0.22050000727176666,0.00925000011920929,0.0005000000237487257,0.061500001698732376,0.00925000011920929,0.8866639137268066,0.3477778434753418,0.728593111038208,0.20742638409137726,0.0
166,4961,-0.124027111192731,-0.6117627712539826,0.240972888807269,-0.1237627712539826,0.2708969484667298,0.06660540925644,0.872252345085144,0.169318288564682,-1.0,0.3139534890651703,0.37627118825912476,0.09025000035762787,-0.07150000333786011,0.0742499977350235,-0.47600001096725464,0.0022154799662530422,7.994000043254346e-05,0.002523820148780942,0.0001827200030675158,0.20100000500679016,0.2370000034570694,0.43799999356269836,0.019500000402331352,0.0005000000237487257,0.08924999833106995,0.014000000432133675,0.7098448276519775,-0.8792089819908142,-0.583890974521637,-0.800710141658783,-0.05792182
167,4962,-0.12369858531946434,-0.6126663457886633,0.24130141468053565,-0.12466634578866331,0.27160278072789756,0.06613694203154333,0.8743555545806885,0.16650377213954926,-1.0,0.3139534890651703,0.37627118825912476,0.09375,-0.08762499690055847,0.0742499977350235,-0.48475000262260437,0.0028778400737792253,0.0,0.0017872300231829286,7.423000351991504e-05,0.25200000405311584,0.16300000250339508,0.41499999165534973,0.024000000208616257,0.0,0.07050000131130219,0.001500000013038516,0.8118172287940979,-0.25298476219177246,0.41370177268981934,-0.6801265478134155,-0.1628103
168,4963,-0.11987140797341711,-0.6140578195359849,0.24512859202658288,-0.12605781953598494,0.2756421602278974,0.063518657186421,0.8751195669174194,0.16497229039669037,-1.0,0.3139534890651703,0.37627118825912476,0.09612499922513962,-0.08387500047683716,0.0742499977350235,-0.4971249997615814,0.0027122499886900187,0.0,0.0021127001382410526,7.423000351991504e-05,0.23749999701976776,0.1914999932050705,0.42899999022483826,0.022749999538064003,0.0,0.07874999940395355,0.000750000006519258,0.3263966739177704,-0.012623116374015808,0.960326075553894,-0.9949131608009338,-0.12142325
169,4964,-0.12102421930896443,-0.6151345293812236,0.24397578069103557,-0.1271345293812236,0.27511337685540754,0.0638554228798502,0.8840199708938599,0.1626138687133789,-1.0,0.3139534890651703,0.37627118825912476,0.09799999743700027,-0.08162499964237213,0.0742499977350235,-0.515625,0.002341100014746189,9.13600015337579e-05,0.002746510086581111,7.423000351991504e-05,0.21299999952316284,0.24699999392032623,0.46000000834465027,0.020500000566244125,0.003000000026077032,0.09525000303983688,0.0005000000237487257,0.9133950471878052,-0.5019415616989136,-0.826326847076416,-0.2944813370704651,-0.10349878
170,4965,-0.11305939771150308,-0.6166482449750021,0.2519406022884969,-0.12864824497500216,0.28288590989414575,0.05908021991847205,0.8813390135765076,0.16078893840312958,-1.0,0.3139534890651703,0.37627118825912476,0.10300000011920929,-0.08950000256299973,0.0742499977350235,-0.5210000276565552,0.0029463600367307663,0.0,0.002004210138693452,6.851999933132902e-05,0.257999986410141,0.18150000274181366,0.43950000405311584,0.02449999935925007,0.0,0.07649999856948853,0.0002500000118743628,-0.6029263734817505,-0.6588174104690552,-0.975732684135437,-0.823991596698761,-0.10305809
171,4966,-0.08792698994422174,-0.6227369503559262,0.2770730100557782,-0.13473695035592625,0.3080965736462915,0.04591489354407172,0.8998618721961975,0.15822331607341766,-1.0,0.3139534890651703,0.37627118825912476,0.10175000131130219,-0.08762499690055847,0.0742499977350235,-0.5362499952316284,0.0003368900215718895,9.13600015337579e-05,0.000770850048866123,6.28100024187006e-05,0.03750000149011612,0.0729999989271164,0.11050000041723251,0.0044999998062849045,0.0037499999161809683,0.03999999910593033,0.0,0.9526568055152893,0.9276652336120605,-0.8723411560058594,-0.46619242429733276,0.0
172,4967,-0.08494249898710934,-0.6221463013580306,0.2800575010128906,-0.13414630135803063,0.3105276703316869,0.0448121171821347,0.9583093523979187,0.1479034721851349,-1.0,0.3139534890651703,0.37627118825912476,0.10999999940395355,-0.08037500083446503,0.06662499904632568,-0.5443750023841858,0.0028093201108276844,0.0003997000167146325,0.0003368900215718895,-7.994000043254346e-05,0.2809999883174896,0.0364999994635582,0.3174999952316284,0.023499999195337296,0.024000000208616257,0.022749999538064003,-0.0010000000474974513,0.9198517799377441,-0.5097702741622925,-0.32086724042892456,0.3557925820350647,-0.100980304
173,4968,-0.08535636660291049,-0.6218010397522673,0.27964363339708953,-0.13380103975226731,0.3100052901779478,0.04504681927362332,0.9652500152587891,0.14890457689762115,-1.0,0.3139534890651703,0.37627118825912476,0.1120000034570694,-0.08062499761581421,0.06424999982118607,-0.5389999747276306,0.0026437300257384777,9.707000572234392e-05,0.00021127000218257308,7.423000351991504e-05,0.23999999463558197,0.02500000037252903,0.26499998569488525,0.02225000038743019,0.005499999970197678,0.01549999974668026,0.001500000013038516,-0.31131356954574585,0.7147684097290039,0.9749558568000793,-0.8124523162841797,0.0
174,4969,-0.07901914431903084,-0.6196130635210925,0.28598085568096915,-0.13161306352109248,0.31481271941493477,0.042932455777697776,0.964287519454956,0.14948976039886475,-1.0,0.3139534890651703,0.37627118825912476,0.1120000034570694,-0.08012499660253525,0.06424999982118607,-0.5526250004768372,0.0010106699774041772,0.0005652900435961783,0.0011305800871923566,-6.28100024187006e-05,0.1379999965429306,0.10450000315904617,0.24250000715255737,0.01075000036507845,0.03125,0.052000001072883606,-0.001500000013038516,-0.8067667484283447,0.4732571840286255,0.011769577860832214,-0.7380470037460327,0.0
175,4970,-0.08454437204132376,-0.6196462588374091,0.28045562795867623,-0.1316462588374091,0.3098162305618954,0.04513206517458079,0.9790252447128296,0.15319819748401642,-1.0,0.3139534890651703,0.37627118825912476,0.10050000250339508,-0.06912499666213989,0.0676250010728836,-0.5662500262260437,0.00023982000129763037,0.0004739300056826323,0.0009535700082778931,-6.851999933132902e-05,0.0625,0.08950000256299973,0.15199999511241913,0.0035000001080334187,0.026750000193715096,0.045499999076128006,-0.0017500000540167093,-0.26940709352493286,0.09937941282987595,0.34648799896240234,-0.9717104434967041,0.0
176,4971,-0.07810845023064383,-0.6184754393232144,0.28689154976935616,-0.13047543932321437,0.3151675770057078,0.04278037669114323,0.9661758542060852,0.15314193069934845,-1.0,0.3139534890651703,0.37627118825912476,0.09549999982118607,-0.06674999743700027,0.07187499850988388,-0.5842499732971191,0.00026837000041268766,0.00041683000745251775,0.0010906100505962968,-6.851999933132902e-05,0.05999999865889549,0.1014999970793724,0.1615000069141388,0.0035000001080334187,0.025499999523162842,0.04975000023841858,-0.0020000000949949026,0.1814286708831787,0.4335571229457855,0.740544319152832,0.23372580111026764,0.0
177,4972,-0.08058313958685043,-0.6179100506338477,0.28441686041314956,-0.12991005063384775,0.31268126221915166,0.043857364698479936,0.9811431169509888,0.15512637794017792,-1.0,0.3139534890651703,0.37627118825912476,0.09562499821186066,-0.06400000303983688,0.07187499850988388,-0.5816249847412109,0.0009078900329768658,0.0006794900400564075,0.002044179942458868,6.851999933132902e-05,0.13899999856948853,0.1850000023841858,0.3240000009536743,0.009999999776482582,0.036249998956918716,0.07750000059604645,0.001500000013038516,0.22188733518123627,-0.8362374901771545,0.11902640014886856,0.9730691909790039,-0.0037612342
178,4973,-0.11060430513759997,-0.6174128055443091,0.2543956948624,-0.12941280554430912,0.285420468438009,0.057601614372074415,0.9753880500793457,0.15608465671539307,-1.0,0.3139534890651703,0.37627118825912476,0.0963750034570694,-0.0651250034570694,0.07187499850988388,-0.5633749961853027,0.0018043600721284747,0.00011991000064881518,0.0022211901377886534,7.423000351991504e-05,0.16850000619888306,0.20100000500679016,0.3695000112056732,0.016750000417232513,0.007249999791383743,0.08049999922513962,0.0012499999720603228,0.811959981918335,-0.9356273412704468,0.5120877623558044,0.860228419303894,-0.097301744
179,4974,-0.09703655177628867,-0.6168914811303905,0.2679634482237113,-0.1288914811303905,0.29735067427521905,0.051123717896525846,0.9055714011192322,0.1569274514913559,-1.0,0.3139534890651703,0.37627118825912476,0.10324999690055847,-0.07999999821186066,0.07175000011920929,-0.5482500195503235,0.0021640900522470474,8.565000462112948e-05,0.0023182600270956755,8.565000462112948e-05,0.19699999690055847,0.21050000190734863,0.4074999988079071,0.01924999989569187,0.0020000000949949026,0.08349999785423279,0.0032500000670552254,-0.9789844751358032,0.9668751358985901,0.40691712498664856,-0.9711690545082092,-0.052691717
180,4975,-0.1093838783803254,-0.6144236333440138,0.2556161216196746,-0.12642363334401385,0.2851710656777541,0.05774545368331729,0.9371243119239807,0.15781104564666748,-1.0,0.3139534890651703,0.37627118825912476,0.09312500059604645,-0.06912499666213989,0.07762499898672104,-0.5643749833106995,0.00021127000218257308,0.00023411000438500196,0.0016730300849303603,-6.851999933132902e-05,0.039000000804662704,0.1525000035762787,0.1914999932050705,0.003000000026077032,0.016499999910593033,0.06724999845027924,-0.000750000006519258,-0.4310910403728485,-0.45625823736190796,-0.8546158075332642,-0.34443140029907227,0.0
181,4976,-0.07888786794422842,-0.6160632554786236,0.2861121320557716,-0.12806325547862363,0.31346506904802407,0.04351495136158933,0.908409595489502,0.1619938462972641,-1.0,0.3139534890651703,0.37627118825912476,0.08550000190734863,-0.06937500089406967,0.078125,-0.5703750252723694,0.00016558999777771533,6.851999933132902e-05,0.0006223900127224624,-6.851999933132902e-05,0.020500000566244125,0.060499999672174454,0.08100000023841858,0.0022499999031424522,0.0,0.03424999862909317,-0.001500000013038516,-0.11336730420589447,0.8074281811714172,-0.8281452655792236,-0.28899523615837097,0.0
182,4977,-0.08336948845606523,-0.616979898464278,0.28163051154393476,-0.12897989846427804,0.309760486893267,0.04515723045681098,0.9793305397033691,0.1592148244380951,-1.0,0.3139534890651703,0.37627118825912476,0.08362500369548798,-0.06137499958276749,0.07724999636411667,-0.5756250023841858,0.00013703999866265804,0.00022269001055974513,9.707000572234392e-05,-6.851999933132902e-05,0.03150000050663948,0.014499999582767487,0.04600000008940697,0.0017500000540167093,0.01425000000745058,0.004999999888241291,-0.0017500000540167093,-0.6135128736495972,-0.15559755265712738,-0.9681099057197571,-0.8985246419906616,0.0
183,4978,-0.0779029120641507,-0.6168202583742977,0.2870970879358493,-0.12882025837429767,0.3146734765894094,0.0429922777814487,0.9689081907272339,0.15766118466854095,-1.0,0.3139534890651703,0.37627118825912476,0.07275000214576721,-0.0586250014603138,0.061000000685453415,-0.5927500128746033,9.707000572234392e-05,8.565000462112948e-05,7.423000351991504e-05,-6.851999933132902e-05,0.01600000075995922,0.012500000186264515,0.02850000001490116,0.0005000000237487257,0.003000000026077032,0.0012499999720603228,-0.0010000000474974513,0.4398263990879059,0.020955653861165047,-0.4698508381843567,0.34656018018722534,0.0
184,4979,-0.08561632890466736,-0.6166764410741428,0.27938367109533263,-0.12867644107414278,0.3075920385221509,0.04614713568815386,0.9816211462020874,0.15793175995349884,-1.0,0.3139534890651703,0.37627118825912476,0.07975000143051147,-0.05874999985098839,0.052000001072883606,-0.5874999761581421,0.00020556000526994467,9.13600015337579e-05,7.423000351991504e-05,6.28100024187006e-05,0.026000000536441803,0.012000000104308128,0.03799999877810478,0.002749999985098839,0.004000000189989805,0.0017500000540167093,0.0012499999720603228,0.6903040409088135,0.559523344039917,-0.8662223815917969,-0.03521184250712395,0.0
185,4980,-0.08763257936202795,-0.615196761621288,0.27736742063797204,-0.127196761621288,0.30514210164823946,0.04729167437200188,0.9636829495429993,0.158175528049469,-1.0,0.3139534890651703,0.37627118825912476,0.09162499755620956,-0.05112500116229057,0.03500000014901161,-0.5874999761581421,0.00035973000922240317,0.00014275001012720168,9.13600015337579e-05,0.0,0.04399999976158142,0.00800000037997961,0.052000001072883606,0.004749999847263098,0.009499999694526196,0.0035000001080334187,0.0,-0.11838704347610474,0.8509966135025024,0.1437789797782898,-0.9793862104415894,-0.14152636
186,4981,-0.09021336905227581,-0.6149559896215099,0.27478663094772415,-0.1269559896215099,0.3026970694413438,0.04846222287145854,0.9589940309524536,0.16068345308303833,-1.0,0.3139534890651703,0.37627118825912476,0.09099999815225601,-0.039500001817941666,0.03487500175833702,-0.5842499732971191,0.00013703999866265804,0.00029121001716703176,0.00013133000175002962,6.28100024187006e-05,0.03750000149011612,0.017000000923871994,0.054499998688697815,0.0017500000540167093,0.017999999225139618,0.008999999612569809,0.0010000000474974513,0.948682963848114,0.0773247554898262,-0.6279586553573608,-0.884937047958374,0.0
187,4982,-0.09309039000247091,-0.6128862878758239,0.2719096099975291,-0.1248862878758239,0.2992180156815621,0.05017792164907475,0.9529921412467957,0.16109153628349304,-1.0,0.3139534890651703,0.37627118825912476,0.10362499952316284,-0.039500001817941666,0.024000000208616257,-0.5997499823570251,0.0011933899950236082,0.0003368900215718895,0.00010848999954760075,-7.423000351991504e-05,0.1340000033378601,0.01600000075995922,0.15000000596046448,0.012000000104308128,0.020749999210238457,0.007249999791383743,-0.0010000000474974513,0.1670064926147461,0.3011263906955719,0.9179815053939819,0.3454664647579193,0.0
188,4983,-0.09018798208905554,-0.6120720020093819,0.27481201791094445,-0.12407200200938195,0.30152198405904224,0.04903505440668847,0.9463014006614685,0.16459950804710388,-1.0,0.3139534890651703,0.37627118825912476,0.10575000196695328,-0.038750000298023224,0.026499999687075615,-0.5946249961853027,0.0014731800183653831,0.000559579988475889,0.000673780043143779,6.851999933132902e-05,0.17800000309944153,0.06499999761581421,0.24300000071525574,0.014000000432133675,0.030500000342726707,0.0364999994635582,0.001500000013038516,0.009843072853982449,0.9681046009063721,0.8474521636962891,-0.9689080119132996,0.0
189,4984,-0.09071554282384217,-0.612026591602324,0.2742844571761578,-0.12402659160232399,0.30102252220209236,0.04928057843902235,0.9530512094497681,0.16597965359687805,-1.0,0.3139534890651703,0.37627118825912476,0.10562500357627869,-0.03087499924004078,0.03175000101327896,-0.6115000247955322,0.001513150054961443,0.0011876800563186407,0.0012847500620409846,-7.423000351991504e-05,0.23649999499320984,0.11900000274181366,0.3555000126361847,0.014499999582767487,0.050999999046325684,0.057750001549720764,-0.0010000000474974513,0.15428994596004486,-0.8866978883743286,-0.5969728827476501,-0.8202571272850037,0.0
190,4985,-0.08904517673767601,-0.615942895923959,0.275954823262324,-0.12794289592395902,0.3041717427690309,0.04775280703593709,0.9518243074417114,0.16605661809444427,-1.0,0.3139534890651703,0.37627118825912476,0.10562500357627869,-0.03087499924004078,0.03175000101327896,-0.6268749833106995,0.0023525201249867678,0.00026266000350005925,0.0006566499941982329,-7.423000351991504e-05,0.2290000021457672,0.06400000303983688,0.2930000126361847,0.020250000059604645,0.017750000581145287,0.03550000116229057,-0.0010000000474974513,-0.1335415095090866,-0.9096130132675171,0.6827173233032227,-0.4059118628501892,-0.03664585
191,4986,-0.08914224831541567,-0.6152216393878517,0.2758577516845843,-0.1272216393878517,0.3037809156168411,0.0479398031495351,0.955708920955658,0.15941882133483887,-1.0,0.3139534890651703,0.37627118825912476,0.10450000315904617,-0.04362500086426735,0.042249999940395355,-0.6346250176429749,0.00027407999732531607,0.00014275001012720168,0.0008051100303418934,-6.28100024187006e-05,0.0364999994635582,0.07599999755620956,0.11249999701976776,0.0037499999161809683,0.00925000011920929,0.03999999910593033,-0.0005000000237487257,0.9389071464538574,0.11321888118982315,0.8849311470985413,-0.6346146464347839,0.0
192,4987,-0.08908858200535788,-0.6158792044555248,0.27591141799464214,-0.1278792044555248,0.3041055762592854,0.047784413857070336,0.9554831385612488,0.16064128279685974,-1.0,0.3139534890651703,0.37627118825912476,0.11124999821186066,-0.04387500137090683,0.04374999925494194,-0.6462500095367432,0.003043430158868432,0.0001884299999801442,0.0018443299923092127,-7.423000351991504e-05,0.28299999237060547,0.1679999977350235,0.45100000500679016,0.02525000087916851,0.013749999925494194,0.07000000029802322,-0.0010000000474974513,0.12727639079093933,0.5685355067253113,0.7366960644721985,-0.8594090938568115,-0.055418268
193,4988,-0.08903375458469676,-0.6157893295871979,0.27596624541530324,-0.1277893295871979,0.30411754530931767,0.04777869485892987,0.9556079506874084,0.1595267653465271,-1.0,0.3139534890651703,0.37627118825912476,0.11124999821186066,-0.04387500137090683,0.04374999925494194,-0.6622499823570251,0.003071980085223913,0.0006566499941982329,0.002341100014746189,-7.994000043254346e-05,0.3264999985694885,0.21199999749660492,0.5385000109672546,0.025750000029802322,0.03500000014901161,0.08449999988079071,-0.0010000000474974513,-0.780534565448761,-0.6392624378204346,-0.4579150080680847,0.8153930902481079,-0.061844956
194,4989,-0.08792436487993388,-0.6167823995352686,0.2770756351200661,-0.1287823995352686,0.30554183675439534,0.04710301027677772,0.955735445022583,0.1596790999174118,-1.0,0.3139534890651703,0.37627118825912476,0.11112499982118607,-0.04475000128149986,0.04387500137090683,-0.6476250290870667,0.0005995500250719488,0.0001827200030675158,0.002255450002849102,6.28100024187006e-05,0.06849999725818634,0.2029999941587448,0.27149999141693115,0.007249999791383743,0.013000000268220901,0.07975000143051147,0.0002500000118743628,0.8311064839363098,0.8821086287498474,-0.5999612808227539,0.5414862632751465,0.0
195,4990,-0.08802085550534827,-0.6167247113058267,0.2769791444946517,-0.12872471130582674,0.30543002109445233,0.04715570827538861,0.9583154320716858,0.15799593925476074,-1.0,0.3139534890651703,0.37627118825912476,0.11512500047683716,-0.04462499916553497,0.04387500137090683,-0.6377500295639038,0.003740050131455064,0.000982120051048696,0.0012790400069206953,7.994000043254346e-05,0.41350001096725464,0.11900000274181366,0.5325000286102295,0.030249999836087227,0.04574999958276749,0.057500001043081284,0.000750000006519258,0.09630507230758667,0.5382559299468994,-0.8315261006355286,-0.914484441280365,-0.011448648
196,4991,-0.0883254883654559,-0.6164588229310946,0.2766745116345441,-0.12845882293109456,0.3050417259606557,0.04733916754713564,0.9580910205841064,0.15809370577335358,-1.0,0.3139534890651703,0.37627118825912476,0.11512500047683716,-0.04462499916553497,0.04374999925494194,-0.6539999842643738,0.00371721014380455,0.0018443299923092127,0.0003882800228893757,-7.994000043254346e-05,0.4869999885559082,0.04100000113248825,0.527999997138977,0.030249999836087227,0.06575000286102295,0.026750000193715096,-0.0010000000474974513,-0.9022917747497559,0.005023675505071878,-0.19850555062294006,-0.952755331993103,-0.09927502
197,4992,-0.08873561148282735,-0.6151286965232572,0.2762643885171726,-0.1271286965232572,0.3041113576347811,0.047781651340533346,0.9573825597763062,0.1585443615913391,-1.0,0.3139534890651703,0.37627118825912476,0.11512500047683716,-0.04462499916553497,0.04362500086426735,-0.671750009059906,0.003317510010674596,0.0018557501025497913,0.00025695000658743083,-7.994000043254346e-05,0.453000009059906,0.029500000178813934,0.48249998688697815,0.027499999850988388,0.06575000286102295,0.019750000908970833,-0.0010000000474974513,-0.30688220262527466,-0.4461461901664734,-0.9366894960403442,-0.9768262505531311,-0.01931178
198,4993,-0.0922000900511363,-0.6149563740783847,0.2727999099488637,-0.12695637407838467,0.3008948517127518,0.04934353537482778,0.9564288258552551,0.1607988178730011,-1.0,0.3139534890651703,0.37627118825912476,0.11512500047683716,-0.039000000804662704,0.03087499924004078,-0.6902499794960022,0.0007765600457787514,0.0007822700426913798,0.00014275001012720168,-6.851999933132902e-05,0.13650000095367432,0.01850000023841858,0.1550000011920929,0.008750000037252903,0.03799999877810478,0.010250000283122063,-0.0005000000237487257,0.7147397994995117,-0.9299159646034241,0.7424409985542297,0.9549998044967651,0.0
199,4994,-0.09060521798755566,-0.6180763848478866,0.2743947820124443,-0.13007638484788664,0.30366488484965193,0.04799546035441507,0.9483718872070312,0.1610908955335617,-1.0,0.3139534890651703,0.37627118825912476,0.11949999630451202,-0.04450000077486038,0.03099999949336052,-0.6732500195503235,0.0032718300353735685,0.00019985000835731626,0.0007194600184448063,7.994000043254346e-05,0.30399999022483826,0.07000000029802322,0.37400001287460327,0.026750000193715096,0.01425000000745058,0.0377499982714653,0.0012499999720603228,0.06977003067731857,-0.6730575561523438,-0.784907877445221,-0.7966284155845642,-0.006260325
200,4995,-0.09251826363626822,-0.6209032322313035,0.27248173636373174,-0.13290323223130351,0.3031659047276293,0.04823554665437194,0.9520809054374695,0.15580274164676666,-1.0,0.3139534890651703,0.37627118825912476,0.12425000220537186,-0.05537499859929085,0.030625000596046448,-0.687125027179718,0.0019413999980315566,0.0001598800008650869,0.00013703999866265804,-7.423000351991504e-05,0.18400000035762787,0.01850000023841858,0.20250000059604645,0.017500000074505806,0.010999999940395355,0.00925000011920929,-0.000750000006519258,0.7597511410713196,-0.056180864572525024,0.2715335190296173,-0.9912216067314148,-0.045220397
201,4996,-0.08996483138632672,-0.6216567865411542,0.2750351686136733,-0.1336567865411542,0.30579156391708934,0.0469855280192794,0.9476319551467896,0.15101146697998047,-1.0,0.3139534890651703,0.37627118825912476,0.12737500667572021,-0.05700000002980232,0.030500000342726707,-0.7055000066757202,0.0031005300115793943,0.00017701000615488738,0.0002797899942379445,-7.994000043254346e-05,0.28700000047683716,0.03150000050663948,0.31850001215934753,0.025499999523162842,0.012249999679625034,0.019500000402331352,-0.0010000000474974513,0.8045812845230103,-0.605894923210144,0.0911596342921257,-0.8523082137107849,-0.074343316
202,4997,-0.09083587309286151,-0.6215803666159203,0.2741641269071385,-0.13358036661592032,0.3049748888482414,0.047370818255796726,0.9535701870918274,0.1497342586517334,-1.0,0.3139534890651703,0.37627118825912476,0.13237500190734863,-0.06849999725818634,0.030500000342726707,-0.7214999794960022,0.0026151800993829966,0.00017701000615488738,0.00034260001848451793,-7.994000043254346e-05,0.24449999630451202,0.03700000047683716,0.2815000116825104,0.02225000038743019,0.012749999761581421,0.022749999538064003,-0.000750000006519258,-0.33981797099113464,-0.0642247125506401,-0.12902355194091797,-0.5067760348320007,0.0
203,4998,-0.08770148283077059,-0.6254346915673428,0.2772985171692294,-0.13743469156734278,0.3094879029468907,0.045280489733845124,0.951544463634491,0.14986377954483032,-1.0,0.3139534890651703,0.37627118825912476,0.13237500190734863,-0.06849999725818634,0.030500000342726707,-0.7308750152587891,0.0008907600422389805,0.0001541700039524585,0.00025695000658743083,-6.851999933132902e-05,0.09149999916553497,0.02850000001490116,0.11999999731779099,0.009750000201165676,0.010499999858438969,0.017999999225139618,-0.0010000000474974513,0.0608723908662796,-0.7582495212554932,-0.9846315979957581,-0.6411879658699036,0.0
204,4999,-0.0889749950175176,-0.6267436986653961,0.2760250049824824,-0.13874369866539615,0.3089330304369115,0.045532437070597905,0.9588337540626526,0.14333103597164154,-1.0,0.3139534890651703,0.37627118825912476,0.13449999690055847,-0.07925000041723251,0.01887499913573265,-0.7433750033378601,0.000673780043143779,9.13600015337579e-05,9.13600015337579e-05,0.0,0.06700000166893005,0.00800000037997961,0.07500000298023224,0.00774999987334013,0.0037499999161809683,0.0044999998062849045,0.0,-0.4270431399345398,-0.9934856295585632,0.8278079628944397,0.17276401817798615,-0.0032683185
205,5000,-0.08572748272219258,-0.6247579181961929,0.27927251727780744,-0.13675791819619287,0.31095959077674357,0.0446189818818399,0.955872118473053,0.14111237227916718,-1.0,0.3139534890651703,0.37627118825912476,0.12987500429153442,-0.09712500125169754,0.030375000089406967,-0.7400000095367432,0.00010278000263497233,7.994000043254346e-05,0.00017701000615488738,6.28100024187006e-05,0.01600000075995922,0.020999999716877937,0.03700000047683716,0.0010000000474974513,0.0022499999031424522,0.012500000186264515,0.000750000006519258,-0.13466165959835052,0.8639253377914429,0.08109672367572784,0.6679813861846924,0.0
206,5001,-0.08744240748195287,-0.6258969995500732,0.2775575925180471,-0.13789699955007317,0.30992547434718426,0.045082788119166044,0.9634244441986084,0.14447809755802155,-1.0,0.3139534890651703,0.37627118825912476,0.12700000405311584,-0.08775000274181366,0.030375000089406967,-0.7269999980926514,0.0001256200048374012,0.00022840000747237355,0.0002169799990952015,0.0,0.03099999949336052,0.01899999938905239,0.05000000074505806,0.0017500000540167093,0.01575000025331974,0.01549999974668026,-0.0002500000118743628,0.9048397541046143,0.0983450636267662,0.8620496392250061,0.8698410391807556,0.0
207,5002,-0.0879394071689559,-0.6260586759089096,0.2770605928310441,-0.13805867590890963,0.309552532041996,0.04525123481768297,0.9594362378120422,0.14254745841026306,-1.0,0.3139534890651703,0.37627118825912476,0.1368750035762787,-0.08787500113248825,0.032749999314546585,-0.7108749747276306,0.0016901600174605846,0.00029121001716703176,0.0009021800360642374,0.0,0.17350000143051147,0.07900000363588333,0.2524999976158142,0.01575000025331974,0.019500000402331352,0.0430000014603138,0.0,0.21643556654453278,0.33912554383277893,0.4389948844909668,0.9102028012275696,0.0
208,5003,-0.08696695243947977,-0.6254608226157603,0.2780330475605202,-0.13746082261576031,0.310157787730684,0.04497817632935334,0.9582804441452026,0.1422734260559082,-1.0,0.3139534890651703,0.37627118825912476,0.13737499713897705,-0.08775000274181366,0.032749999314546585,-0.6940000057220459,0.0026437300257384777,0.0005538699915632606,0.0014389200368896127,6.851999933132902e-05,0.2800000011920929,0.13199999928474426,0.41200000047683716,0.022749999538064003,0.03175000101327896,0.05925000086426735,0.0002500000118743628,-0.894443690776825,-0.959660530090332,0.055794600397348404,-0.6417700052261353,-0.07744437
209,5004,-0.08405996201899282,-0.6256808968037757,0.2809400379810072,-0.1376808968037757,0.3128631238824124,0.043777677447819595,0.9605419635772705,0.14328673481941223,-1.0,0.3139534890651703,0.37627118825912476,0.13750000298023224,-0.09274999797344208,0.0377499982714653,-0.7057499885559082,0.0020099200773984194,0.00010848999954760075,0.0011705500073730946,-3.425999966566451e-05,0.18549999594688416,0.1054999977350235,0.29100000858306885,0.017999999225139618,0.006000000052154064,0.051249999552965164,-0.0002500000118743628,0.1876821368932724,0.8854342103004456,0.44964298605918884,-0.8695017695426941,-0.011580739
210,5005,-0.0864305188752578,-0.6247798546638063,0.2785694811247422,-0.13677985466380627,0.3103380164529639,0.04489718574292276,0.9673024415969849,0.14291372895240784,-1.0,0.3139534890651703,0.37627118825912476,0.13750000298023224,-0.09200000017881393,0.0377499982714653,-0.721875011920929,0.00240961997769773,0.0006966200307942927,0.001735839992761612,-7.423000351991504e-05,0.2720000147819519,0.15850000083446503,0.43050000071525574,0.021250000223517418,0.03750000149011612,0.06800000369548798,-0.0005000000237487257,0.07067491859197617,-0.6814507246017456,-0.8851537704467773,-0.9380960464477539,-0.12433918
211,5006,-0.0834139986757916,-0.6249751087160458,0.2815860013242084,-0.1369751087160458,0.3131339274967337,0.04365928629114203,0.9617894887924194,0.1444409191608429,-1.0,0.3139534890651703,0.37627118825912476,0.1366250067949295,-0.09200000017881393,0.039250001311302185,-0.7396249771118164,0.00032546999864280224,0.00017701000615488738,0.001416080049239099,0.0,0.04399999976158142,0.12399999797344208,0.1679999977350235,0.0042500002309679985,0.012000000104308128,0.0572500005364418,0.0,-0.6156498193740845,0.218354731798172,0.7964259386062622,0.3103620111942291,0.0
212,5007,-0.08308947156709107,-0.6249290073496432,0.2819105284329089,-0.1369290073496432,0.3134056462399499,0.04354081685185971,0.968804657459259,0.14410997927188873,-1.0,0.3139534890651703,0.37627118825912476,0.1251250058412552,-0.09175000339746475,0.05649999901652336,-0.7338749766349792,0.0003197600017301738,0.0003026300109922886,0.0012162299826741219,6.28100024187006e-05,0.054499998688697815,0.1120000034570694,0.1665000021457672,0.0042500002309679985,0.019500000402331352,0.05249999836087227,0.0,0.5843323469161987,-0.43983858823776245,0.8921961188316345,0.5971332788467407,0.0
213,5008,-0.08245616196809169,-0.625852937052323,0.2825438380319083,-0.13785293705232304,0.3143794723956273,0.043118862872685265,0.969559371471405,0.14418812096118927,-1.0,0.3139534890651703,0.37627118825912476,0.12812499701976776,-0.09412500262260437,0.057750001549720764,-0.7228749990463257,0.002272580051794648,0.00013133000175002962,0.002369650173932314,7.423000351991504e-05,0.21050000190734863,0.21400000154972076,0.4244999885559082,0.019999999552965164,0.00800000037997961,0.0832500010728836,0.0002500000118743628,-0.8911656141281128,-0.3911023736000061,0.45094338059425354,0.7879931330680847,-0.057094343
214,5009,-0.08175540236018042,-0.6259817456530075,0.2832445976398196,-0.13798174565300747,0.3150658093567033,0.04282393543533266,0.9710322022438049,0.14262214303016663,-1.0,0.3139534890651703,0.37627118825912476,0.11999999731779099,-0.10012499988079071,0.07050000131130219,-0.7080000042915344,0.0002169799990952015,0.00010278000263497233,0.001233360031619668,2.2840000383439474e-05,0.02800000086426735,0.10999999940395355,0.1379999965429306,0.003000000026077032,0.005499999970197678,0.05324999988079071,0.0,0.3689066767692566,-0.13736610114574432,-0.3032069802284241,-0.9954376816749573,-0.14345253
215,5010,-0.10030623894473559,-0.6241060561462852,0.26469376105526443,-0.13610605614628524,0.2976367679929299,0.050977665174813995,0.9726618528366089,0.14240382611751556,-1.0,0.3139534890651703,0.37627118825912476,0.12062499672174454,-0.10212499648332596,0.07050000131130219,-0.7045000195503235,0.0016559000359848142,9.13600015337579e-05,0.0008507900056429207,7.423000351991504e-05,0.15299999713897705,0.08100000023841858,0.23399999737739563,0.01549999974668026,0.0044999998062849045,0.041999999433755875,0.0005000000237487257,-0.86522376537323,-0.8937766551971436,-0.4581258296966553,-0.2970101833343506,0.0
216,5011,-0.08123878708665291,-0.6267780405843513,0.2837612129133471,-0.13877804058435128,0.3158793606782275,0.04247695409211157,0.9295203685760498,0.14558295905590057,-1.0,0.3139534890651703,0.37627118825912476,0.11150000244379044,-0.11687500029802322,0.07100000232458115,-0.7097499966621399,0.00013133000175002962,7.423000351991504e-05,0.0003768599999602884,0.0,0.017999999225139618,0.032999999821186066,0.050999999046325684,0.001500000013038516,0.0005000000237487257,0.024000000208616257,0.0,0.9878147840499878,0.8660809397697449,0.5252840518951416,-0.8828544616699219,-0.12994255
217,5012,-0.08762689723623371,-0.6266180200556128,0.27737310276376625,-0.13861802005561286,0.3100819143725366,0.04501231573188567,0.9738633036613464,0.141054168343544,-1.0,0.3139534890651703,0.37627118825912476,0.1236250028014183,-0.11087500303983688,0.07150000333786011,-0.7070000171661377,0.00148460001219064,0.0003140500048175454,0.0010563500691205263,7.423000351991504e-05,0.1574999988079071,0.0989999994635582,0.2565000057220459,0.01425000000745058,0.020749999210238457,0.042500000447034836,0.0020000000949949026,-0.5252885222434998,-0.3469648063182831,-0.06870806217193604,0.2872503101825714,0.0
218,5013,-0.07717064788444317,-0.6257753643175732,0.2878293521155568,-0.1377753643175732,0.3191046645727718,0.041128801119600274,0.959007203578949,0.14132538437843323,-1.0,0.3139534890651703,0.37627118825912476,0.11999999731779099,-0.1107499971985817,0.0716250017285347,-0.7012500166893005,0.00016558999777771533,0.00011991000064881518,0.0007822700426913798,7.423000351991504e-05,0.02500000037252903,0.07500000298023224,0.10000000149011612,0.0020000000949949026,0.007499999832361937,0.03974999859929085,0.0012499999720603228,0.01651168242096901,0.8620905876159668,-0.17391091585159302,0.11501698195934296,0.0
219,5014,-0.09287980170106416,-0.6242464877066942,0.27212019829893586,-0.13624648770669423,0.30432303188333043,0.047680616858828365,0.9833240509033203,0.14275361597537994,-1.0,0.3139534890651703,0.37627118825912476,0.1198749989271164,-0.10300000011920929,0.0716250017285347,-0.6983749866485596,0.00021127000218257308,0.00041112001053988934,0.0007023300277069211,0.0,0.054499998688697815,0.061500001698732376,0.11599999666213989,0.002749999985098839,0.024250000715255737,0.033250000327825546,-0.0002500000118743628,-0.2248193323612213,-0.9791128635406494,0.6756556034088135,-0.03548121452331543,-0.028257748
220,5015,-0.08427465044384155,-0.6249269408093647,0.28072534955615847,-0.13692694080936474,0.31233909297883067,0.04400768814372357,0.9467911720275879,0.14534494280815125,-1.0,0.3139534890651703,0.37627118825912476,0.11612500250339508,-0.10975000262260437,0.07774999737739563,-0.6957499980926514,0.00017130000924225897,7.994000043254346e-05,0.0009935400448739529,7.423000351991504e-05,0.02199999988079071,0.09350000321865082,0.11550000309944153,0.0020000000949949026,0.0012499999720603228,0.04625000059604645,0.0020000000949949026,0.06808116286993027,0.20159782469272614,0.8378970623016357,-0.8515178561210632,0.0
221,5016,-0.08002907635379358,-0.6255566605171772,0.2849709236462064,-0.1375566605171772,0.3164336615728642,0.04224215530264132,0.9668031334877014,0.14419162273406982,-1.0,0.3139534890651703,0.37627118825912476,0.11612500250339508,-0.10987500101327896,0.08150000125169754,-0.7107499837875366,0.00035402001230977476,0.00014275001012720168,0.001850040047429502,1.7129999832832254e-05,0.04349999874830246,0.16349999606609344,0.2070000022649765,0.0044999998062849045,0.008999999612569809,0.07000000029802322,0.0002500000118743628,0.5827845335006714,0.5853922367095947,-0.9696757197380066,0.14131277799606323,-0.0070424676
222,5017,-0.08028163423953322,-0.6243793727512087,0.2847183657604668,-0.1363793727512087,0.3156958680650161,0.042554967717919105,0.9766765832901001,0.1431242972612381,-1.0,0.3139534890651703,0.37627118825912476,0.11999999731779099,-0.1081250011920929,0.08150000125169754,-0.7077500224113464,0.002101280028000474,0.0004568000149447471,0.0006052600219845772,7.423000351991504e-05,0.2240000069141388,0.05950000137090683,0.28349998593330383,0.01850000023841858,0.027249999344348907,0.03375000134110451,0.0017500000540167093,-0.710166335105896,0.09129874408245087,0.000472784013254568,0.7698183059692383,0.0
223,5018,-0.07936998510563636,-0.6240905166059783,0.2856300148943636,-0.13609051660597826,0.3163939539855912,0.04225893197390937,0.9760892391204834,0.14511971175670624,-1.0,0.3139534890651703,0.37627118825912476,0.1145000010728836,-0.10199999809265137,0.08162499964237213,-0.6928750276565552,0.00021127000218257308,0.00027407999732531607,0.0006052600219845772,6.851999933132902e-05,0.042500000447034836,0.05900000035762787,0.1014999970793724,0.003000000026077032,0.0182499997317791,0.03350000083446503,0.000750000006519258,0.048737965524196625,0.5088256597518921,0.9237761497497559,0.375190407037735,0.0
224,5019,-0.08004881227088095,-0.6238911249020029,0.28495118772911904,-0.13589112490200295,0.31569538675021436,0.04255517254177053,0.9782093167304993,0.1456092894077301,-1.0,0.3139534890651703,0.37627118825912476,0.11437500268220901,-0.09799999743700027,0.08237499743700027,-0.6859999895095825,0.0003654400061350316,0.0004739300056826323,0.0016616100911051035,6.28100024187006e-05,0.07349999994039536,0.1509999930858612,0.22450000047683716,0.004999999888241291,0.029249999672174454,0.06650000065565109,0.0010000000474974513,0.6184065341949463,-0.4240407347679138,0.3163197338581085,0.0719471126794815,0.0
225,5020,-0.09559395890799738,-0.6233200004741762,0.2694060410920026,-0.13532000047417625,0.3014815375859637,0.049054891368173335,0.976630687713623,0.14594724774360657,-1.0,0.3139534890651703,0.37627118825912476,0.11812499910593033,-0.09799999743700027,0.08250000327825546,-0.6859999895095825,0.0023582300636917353,0.0001827200030675158,0.002523820148780942,9.13600015337579e-05,0.2224999964237213,0.2290000021457672,0.4514999985694885,0.020500000566244125,0.013500000350177288,0.07800000160932541,0.0035000001080334187,-0.3004269599914551,-0.9867139458656311,0.7184287905693054,-0.6211142539978027,-0.12184288
226,5021,-0.08981134544990307,-0.6219600460537913,0.2751886545500969,-0.1339600460537913,0.3060622314690698,0.04685852539578658,0.9404791593551636,0.1469152569770813,-1.0,0.3139534890651703,0.37627118825912476,0.11824999749660492,-0.11037500202655792,0.08262500166893005,-0.6958749890327454,0.0008279500179924071,8.565000462112948e-05,0.0016559000359848142,6.851999933132902e-05,0.07999999821186066,0.1509999930858612,0.23100000619888306,0.008999999612569809,0.0012499999720603228,0.05900000035762787,0.0,-0.8087612390518188,0.9514167904853821,0.9421930313110352,-0.02421644702553749,0.0
227,5022,-0.08880190460875131,-0.6244413201811307,0.2761980953912487,-0.13644132018113075,0.3080610682162274,0.045931198718927944,0.9539270997047424,0.14922025799751282,-1.0,0.3139534890651703,0.37627118825912476,0.10587500035762787,-0.0989999994635582,0.09562499821186066,-0.6961249709129333,0.00025695000658743083,0.00019985000835731626,0.0017586800968274474,-5.7100000958598685e-06,0.03999999910593033,0.15449999272823334,0.19449999928474426,0.0035000001080334187,0.014000000432133675,0.06825000047683716,-0.0002500000118743628,0.12558084726333618,-0.9806720018386841,0.9510588645935059,-0.86619633436203,-0.17959748
228,5023,-0.0812181376582069,-0.6250389113069439,0.2837818623417931,-0.1370389113069439,0.31513776131458576,0.04279313385784251,0.9562746286392212,0.1450147181749344,-1.0,0.3139534890651703,0.37627118825912476,0.10587500035762787,-0.11112499982118607,0.10137499868869781,-0.6936249732971191,0.0006852000369690359,7.994000043254346e-05,0.002101280028000474,6.851999933132902e-05,0.06700000166893005,0.1899999976158142,0.25699999928474426,0.00800000037997961,0.001500000013038516,0.07625000178813934,0.0022499999031424522,0.9400067925453186,0.5988069772720337,-0.4751531183719635,0.29385530948638916,0.0
229,5024,-0.0740032698144581,-0.624706911299624,0.2909967301855419,-0.13670691129962398,0.3215087503875444,0.04015182023002347,0.9739112854003906,0.14400184154510498,-1.0,0.3139534890651703,0.37627118825912476,0.11512500047683716,-0.11037500202655792,0.10125000029802322,-0.6881250143051147,0.002957780146971345,0.00034831001539714634,0.001638769987039268,7.994000043254346e-05,0.28949999809265137,0.15049999952316284,0.4399999976158142,0.02474999986588955,0.02225000038743019,0.05874999985098839,0.0022499999031424522,-0.16079753637313843,0.42571714520454407,0.06272657215595245,-0.4901442229747772,0.0
230,5025,-0.07393942266196468,-0.6230629898438907,0.2910605773380353,-0.13506298984389076,0.3208711126074165,0.04040866139314037,0.9906900525093079,0.14456455409526825,-1.0,0.3139534890651703,0.37627118825912476,0.11512500047683716,-0.10849999636411667,0.10125000029802322,-0.6956250071525574,0.0020670201629400253,0.0006109700188972056,0.0017130000051110983,-7.423000351991504e-05,0.2345000058412552,0.15649999678134918,0.39100000262260437,0.01875000074505806,0.03424999862909317,0.061000000685453415,-0.0010000000474974513,0.16034668684005737,0.7334918975830078,-0.8151317238807678,-0.05502495914697647,-0.010082601
231,5026,-0.07497074976310789,-0.6231429618390649,0.2900292502368921,-0.13514296183906493,0.3199696643864989,0.04077457131877908,0.9908385276794434,0.14735086262226105,-1.0,0.3139534890651703,0.37627118825912476,0.11512500047683716,-0.09825000166893005,0.10125000029802322,-0.6967499852180481,0.0024781401734799147,0.0009078900329768658,0.000491060025524348,-7.423000351991504e-05,0.29649999737739563,0.0494999997317791,0.34599998593330383,0.0215000007301569,0.04125000163912773,0.030500000342726707,-0.000750000006519258,0.7917157411575317,-0.7359277606010437,-0.09840232133865356,0.4145462214946747,-0.12917158
232,5027,-0.08602277719548995,-0.6235665360114627,0.27897722280451004,-0.13556653601146273,0.3101718499958764,0.04497185182361402,0.9884400963783264,0.1472153216600418,-1.0,0.3139534890651703,0.37627118825912476,0.11387500166893005,-0.09812500327825546,0.10125000029802322,-0.6892499923706055,0.0003882800228893757,0.00019414001144468784,0.00044538002111949027,0.0,0.050999999046325684,0.039000000804662704,0.09000000357627869,0.005249999929219484,0.013500000350177288,0.027000000700354576,-0.0002500000118743628,-0.47734883427619934,-0.9274730682373047,0.9312576651573181,0.5718561410903931,0.0
233,5028,-0.07729895920751209,-0.6251834785510497,0.2877010407924879,-0.13718347855104973,0.31873373787606346,0.041281642111770094,0.9627377390861511,0.14649739861488342,-1.0,0.3139534890651703,0.37627118825912476,0.10625000298023224,-0.10962499678134918,0.10687500238418579,-0.6793749928474426,0.00019414001144468784,8.565000462112948e-05,0.0011305800871923566,6.28100024187006e-05,0.02449999935925007,0.10450000315904617,0.1289999932050705,0.002749999985098839,0.0017500000540167093,0.05050000175833702,0.0012499999720603228,0.8062711954116821,0.39070767164230347,-0.7927841544151306,-0.7898129224777222,0.0
234,5029,-0.08981266063810078,-0.6258276564989717,0.2751873393618992,-0.13782765649897166,0.30777351192245184,0.04606346685318091,0.9830256700515747,0.14375682175159454,-1.0,0.3139534890651703,0.37627118825912476,0.11312499642372131,-0.109375,0.1067499965429306,-0.6933749914169312,0.002175510162487626,0.00023982000129763037,0.000308340007904917,-7.423000351991504e-05,0.21150000393390656,0.03350000083446503,0.24500000476837158,0.01899999938905239,0.01575000025331974,0.021250000223517418,-0.0002500000118743628,-0.7114176750183105,-0.8931349515914917,0.7743905782699585,-0.3392684757709503,0.0
235,5030,-0.08422884529180524,-0.6265261705707148,0.28077115470819475,-0.1385261705707148,0.3130845592634038,0.04368084543071372,0.9539240598678589,0.14266498386859894,-1.0,0.3139534890651703,0.37627118825912476,0.1080000028014183,-0.11862500011920929,0.10787499696016312,-0.6997500061988831,0.00019985000835731626,7.994000043254346e-05,0.0010620600078254938,5.7100001868093386e-05,0.02449999935925007,0.09799999743700027,0.12250000238418579,0.002749999985098839,0.0010000000474974513,0.04800000041723251,0.0,0.7785986661911011,0.10215400159358978,-0.6883898973464966,0.8319889307022095,0.0
236,5031,-0.07312062839758182,-0.6256229117764831,0.29187937160241817,-0.13762291177648311,0.3226974332294265,0.039677367885583785,0.966909646987915,0.14148107171058655,-1.0,0.3139534890651703,0.37627118825912476,0.11550000309944153,-0.11887499690055847,0.10774999856948853,-0.6848750114440918,0.0018272000597789884,0.00010278000263497233,0.00034831001539714634,7.423000351991504e-05,0.16899999976158142,0.03700000047683716,0.20600000023841858,0.016750000417232513,0.005249999929219484,0.02250000089406967,0.0012499999720603228,-0.7113059759140015,0.9160994291305542,0.8559823036193848,-0.7105638980865479,0.0
237,5032,-0.07278269248497349,-0.6247187139393119,0.2922173075150265,-0.1367187139393119,0.3226189107175073,0.039708535786819,0.9927427172660828,0.14301201701164246,-1.0,0.3139534890651703,0.37627118825912476,0.10887499898672104,-0.10925000160932541,0.10987500101327896,-0.6974999904632568,0.0002512400096748024,0.000308340007904917,0.001119159976951778,0.0,0.04899999871850014,0.09799999743700027,0.1469999998807907,0.0035000001080334187,0.020250000059604645,0.05025000125169754,0.0,0.8467374444007874,0.7713006138801575,0.861778974533081,0.4265463352203369,0.0
238,5033,-0.07297042576038484,-0.6252585416859221,0.2920295742396152,-0.1372585416859221,0.3226781360679972,0.03968502523011688,0.9935286045074463,0.1445445567369461,-1.0,0.3139534890651703,0.37627118825912476,0.11512500047683716,-0.10562500357627869,0.10975000262260437,-0.6898750066757202,0.0026151800993829966,0.0007936900365166366,0.002272580051794648,7.423000351991504e-05,0.2985000014305115,0.20550000667572021,0.5040000081062317,0.022749999538064003,0.041749998927116394,0.08275000005960464,0.0005000000237487257,0.29819321632385254,-0.60313880443573,0.1698438823223114,-0.18530891835689545,-0.039619766
239,5034,-0.07533340438949737,-0.6248721184265666,0.2896665956105026,-0.13687211842656666,0.32037589393578686,0.04060926894235768,0.9930920600891113,0.14362959563732147,-1.0,0.3139534890651703,0.37627118825912476,0.11512500047683716,-0.10562500357627869,0.10975000262260437,-0.6923750042915344,0.0031861800234764814,0.00026266000350005925,0.002341100014746189,-8.565000462112948e-05,0.3019999861717224,0.21250000596046448,0.5145000219345093,0.026750000193715096,0.01924999989569187,0.08349999785423279,-0.0012499999720603228,0.1657714694738388,-0.5978731513023376,0.4864044189453125,-0.8768634796142578,-0.1652176
240,5035,-0.07389111039232352,-0.6248962168448233,0.29110888960767645,-0.13689621684482334,0.32169078288791436,0.040078797350565326,0.9875967502593994,0.14428454637527466,-1.0,0.3139534890651703,0.37627118825912476,0.11512500047683716,-0.10925000160932541,0.10975000262260437,-0.7093750238418579,0.0006852000369690359,9.13600015337579e-05,0.001638769987039268,0.0,0.06800000369548798,0.14350000023841858,0.21150000393390656,0.00800000037997961,0.0042500002309679985,0.06475000083446503,0.0,0.6094361543655396,0.3308759033679962,-0.15434174239635468,0.2709473967552185,0.0
241,5036,-0.07391445240387529,-0.6253086744076163,0.2910855475961247,-0.1373086744076163,0.321845410231236,0.04001687245973199,0.990950882434845,0.14424370229244232,-1.0,0.3139534890651703,0.37627118825912476,0.11824999749660492,-0.10925000160932541,0.10975000262260437,-0.7046250104904175,0.002952069975435734,0.00023411000438500196,0.0013932400615885854,7.423000351991504e-05,0.27900001406669617,0.12849999964237213,0.4074999988079071,0.02449999935925007,0.016499999910593033,0.05900000035762787,0.0005000000237487257,0.22739513218402863,0.3901975750923157,-0.6146897077560425,-0.265719473361969,-0.020683862
242,5037,-0.0740003411604559,-0.6251443951309821,0.2909996588395441,-0.1371443951309821,0.32169766328118393,0.04007603986655385,0.9908966422080994,0.14354461431503296,-1.0,0.3139534890651703,0.37627118825912476,0.11824999749660492,-0.10899999737739563,0.10975000262260437,-0.7088750004768372,0.0032318599987775087,0.0005538699915632606,0.0006509399972856045,-7.994000043254346e-05,0.33149999380111694,0.06400000303983688,0.3955000042915344,0.026499999687075615,0.030500000342726707,0.035999998450279236,-0.000750000006519258,-0.12387903779745102,-0.5355241894721985,0.8682861924171448,-0.09988217055797577,-0.037612095
243,5038,-0.07502520347780348,-0.6251712406799224,0.2899747965221965,-0.13717124067992237,0.32078237465259596,0.04044453512728598,0.990696907043457,0.1438230574131012,-1.0,0.3139534890651703,0.37627118825912476,0.11812499910593033,-0.10912500321865082,0.10975000262260437,-0.7108749747276306,0.0007137500215321779,0.00016558999777771533,0.0018043600721284747,-6.851999933132902e-05,0.07699999958276749,0.164000004529953,0.2409999966621399,0.00800000037997961,0.01075000036507845,0.06849999725818634,-0.0002500000118743628,-0.7410355806350708,0.0347517654299736,0.24154597520828247,-0.6797192096710205,-0.013443485
244,5039,-0.07004964684427634,-0.6233202819292132,0.29495035315572365,-0.1353202819292132,0.3245108465492145,0.03896433784199373,0.9883134961128235,0.14377756416797638,-1.0,0.3139534890651703,0.37627118825912476,0.10662499815225601,-0.10887499898672104,0.11962500214576721,-0.7235000133514404,0.00023982000129763037,0.00017130000924225897,0.0012390700867399573,0.0,0.035999998450279236,0.10849999636411667,0.1445000022649765,0.0032500000670552254,0.011500000022351742,0.05350000038743019,-0.0002500000118743628,-0.6626843810081482,0.39352428913116455,-0.4745732545852661,-0.7903246283531189,-0.11883896
245,5040,-0.06944937136020835,-0.61999356962518,0.29555062863979165,-0.13199356962518005,0.32368576816377526,0.039287154083756055,0.9998845458030701,0.1469147801399231,-1.0,0.3139534890651703,0.37627118825912476,0.09462500363588333,-0.10199999809265137,0.1237500011920929,-0.7198749780654907,0.0001827200030675158,0.0001884299999801442,0.00044538002111949027,6.28100024187006e-05,0.032499998807907104,0.04450000077486038,0.07699999958276749,0.0024999999441206455,0.012500000186264515,0.027499999850988388,0.0,-0.20715467631816864,0.7956013679504395,-0.7124423980712891,-0.9375212788581848,-1.0
