step,action_count,cube_x,cube_y,dist_to_goal_x,dist_to_goal_y,dist_to_goal,distance_reward,obs_cube_x_norm,obs_cube_y_norm,obs_cube_yaw_norm,obs_goal_x_norm,obs_goal_y_norm,obs_motor_16_pos_delta_norm,obs_motor_17_pos_delta_norm,obs_motor_18_pos_delta_norm,obs_motor_19_pos_delta_norm,obs_motor_16_current_norm,obs_motor_17_current_norm,obs_motor_18_current_norm,obs_motor_19_current_norm,obs_horizontal_tension_norm,obs_vertical_tension_norm,obs_total_tension_norm,obs_motor_16_target_error_norm,obs_motor_17_target_error_norm,obs_motor_18_target_error_norm,obs_motor_19_target_error_norm,action_m16,action_m17,action_m18,action_m19,total_safety_penalty
1,2401,-0.20396070035451142,-0.4051095179373372,0.16103929964548858,0.08289048206266281,0.1811200928856047,0.16345771779364093,0.6830598711967468,0.5201249122619629,-1.0,0.3139534890651703,0.37627118825912476,0.0,0.0,0.0,0.0,0.0012162299826741219,0.00033117999555543065,8.565000462112948e-05,6.851999933132902e-05,0.1354999989271164,0.013500000350177288,0.14900000393390656,0.011749999597668648,0.020999999716877937,0.0020000000949949026,0.0005000000237487257,0.5796953439712524,-0.6811686754226685,0.75051349401474,0.3106571435928345,0.0
2,2402,-0.20982248730994735,-0.4072722421012115,0.15517751269005264,0.0807277578987885,0.1749200712898233,0.17391289424545986,0.6884635090827942,0.5167635083198547,-1.0,0.3139534890651703,0.37627118825912476,0.010874999687075615,-0.011250000447034836,0.013749999925494194,0.005874999798834324,0.001164840068668127,0.00026837000041268766,8.565000462112948e-05,7.423000351991504e-05,0.12549999356269836,0.014000000432133675,0.13950000703334808,0.011500000022351742,0.017999999225139618,0.0024999999441206455,0.0002500000118743628,0.15711207687854767,-0.8453842997550964,-0.8838339447975159,0.15114609897136688,0.0
3,2403,-0.2077673793326013,-0.40724288208995113,0.15723262066739868,0.08075711791004886,0.17675918390588824,0.17074367237365165,0.6748314499855042,0.513097882270813,-1.0,0.3139534890651703,0.37627118825912476,0.016750000417232513,-0.02199999988079071,-0.001500000013038516,0.008750000037252903,0.00043967002420686185,0.00011991000064881518,7.423000351991504e-05,6.28100024187006e-05,0.04899999871850014,0.012000000104308128,0.061000000685453415,0.005499999970197678,0.00800000037997961,0.0,0.0,0.04411396011710167,0.5140417218208313,0.2672627866268158,-0.3339266777038574,-0.0640712
4,2404,-0.20119735769970085,-0.408527716427712,0.16380264230029914,0.07947228357228797,0.18206358636683476,0.16192275739392048,0.6796107292175293,0.5131476521492004,-1.0,0.3139534890651703,0.37627118825912476,0.016625000163912773,-0.02174999937415123,0.0028750000055879354,0.012249999679625034,0.0006109700188972056,0.0004510900180321187,7.423000351991504e-05,6.851999933132902e-05,0.09300000220537186,0.012500000186264515,0.1054999977350235,0.007249999791383743,0.026750000193715096,0.0012499999720603228,0.0005000000237487257,0.7010324001312256,0.11826715618371964,0.9650692939758301,-0.9044630527496338,0.0
5,2405,-0.1996355667986266,-0.4092706826272033,0.1653644332013734,0.0787293173727967,0.18314939580025383,0.16017409556713016,0.6948898434638977,0.5109699964523315,-1.0,0.3139534890651703,0.37627118825912476,0.025750000029802322,-0.02225000038743019,0.019750000908970833,-0.0042500002309679985,0.0017072900664061308,0.0005995500250719488,9.13600015337579e-05,-6.851999933132902e-05,0.20200000703334808,0.014000000432133675,0.2160000056028366,0.015250000171363354,0.03200000151991844,0.0035000001080334187,-0.0002500000118743628,0.5565183162689209,0.35687875747680664,0.7795668244361877,-0.929236650466919,-0.04006932
6,2406,-0.2028502899518869,-0.40936732969222345,0.1621497100481131,0.07863267030777654,0.180209947861983,0.16495221078815409,0.6985219120979309,0.5097107291221619,-1.0,0.3139534890651703,0.37627118825912476,0.02775000035762787,-0.02237500064074993,0.03337499871850014,-0.021375000476837158,0.002329680137336254,0.0010106699774041772,0.00010278000263497233,-7.423000351991504e-05,0.29249998927116394,0.01549999974668026,0.30799999833106995,0.019500000402331352,0.045499999076128006,0.005249999929219484,-0.000750000006519258,0.7886131405830383,-0.5499364733695984,-0.6939288377761841,0.5063613057136536,-0.055483673
7,2407,-0.20674620396477406,-0.4109106396111323,0.15825379603522594,0.07708936038886771,0.17603134222269515,0.1719909495880967,0.6910458207130432,0.5095468759536743,-1.0,0.3139534890651703,0.37627118825912476,0.03212499991059303,-0.024250000715255737,0.022749999538064003,-0.012749999761581421,0.0027693500742316246,0.0004967700224369764,7.423000351991504e-05,6.851999933132902e-05,0.28600001335144043,0.012500000186264515,0.2985000014305115,0.022749999538064003,0.028750000521540642,0.0005000000237487257,0.000750000006519258,0.8001053333282471,-0.5535315275192261,-0.792209267616272,-0.38720574975013733,-0.06140009
8,2408,-0.20410660832411973,-0.4110207127116839,0.16089339167588027,0.0769792872883161,0.17836057343590628,0.16803117784960178,0.6819855570793152,0.5069311261177063,-1.0,0.3139534890651703,0.37627118825912476,0.0403750017285347,-0.032749999314546585,0.008124999701976776,-0.01912499964237213,0.001918560010381043,0.0003939900198020041,6.851999933132902e-05,-7.994000043254346e-05,0.20250000059604645,0.013000000268220901,0.21549999713897705,0.017000000923871994,0.02500000037252903,0.0002500000118743628,-0.0010000000474974513,-0.8505544066429138,0.5303940773010254,0.3089165687561035,-0.852398157119751,0.0
9,2409,-0.20123028987065725,-0.4086217080394529,0.16376971012934274,0.07937829196054708,0.1819929426940034,0.16203718599041617,0.6881241798400879,0.5067445635795593,-1.0,0.3139534890651703,0.37627118825912476,0.03175000101327896,-0.03162499889731407,0.013000000268220901,-0.03550000116229057,0.0001827200030675158,0.000925020023714751,7.994000043254346e-05,0.0,0.09700000286102295,0.007000000216066837,0.10400000214576721,0.0024999999441206455,0.042500000447034836,0.0020000000949949026,0.0,-0.5756294131278992,0.4850919246673584,0.5158283114433289,-0.9334754943847656,-0.13601707
10,2410,-0.20133502050148105,-0.4091192356571948,0.16366497949851894,0.07888076434280517,0.18168214138311942,0.16254158311900885,0.6948132514953613,0.5108106732368469,-1.0,0.3139534890651703,0.37627118825912476,0.020999999716877937,-0.02250000089406967,0.02225000038743019,-0.03187499940395355,0.00017701000615488738,0.000925020023714751,8.565000462112948e-05,6.28100024187006e-05,0.09650000184774399,0.013000000268220901,0.10949999839067459,0.0024999999441206455,0.042249999940395355,0.002749999985098839,0.0002500000118743628,0.7465075254440308,0.1818772852420807,0.36469751596450806,-0.9643504023551941,0.0
11,2411,-0.20567049875690477,-0.409219765056792,0.15932950124309522,0.07878023494320802,0.17774199105467603,0.169073810557226,0.6945697069168091,0.5099673867225647,-1.0,0.3139534890651703,0.37627118825912476,0.02800000086426735,-0.022749999538064003,0.02812499925494194,-0.04962500184774399,0.001850040047429502,0.001164840068668127,9.707000572234392e-05,-6.851999933132902e-05,0.2639999985694885,0.014499999582767487,0.2784999907016754,0.016249999403953552,0.0494999997317791,0.0044999998062849045,-0.0002500000118743628,0.7983514666557312,0.7001665830612183,-0.9970592260360718,-0.3572431802749634,-0.087381914
12,2412,-0.2012531818078956,-0.40922734883172474,0.1637468181921044,0.07877265116827525,0.18170897347163917,0.16249797566820148,0.6844872236251831,0.5097970366477966,-1.0,0.3139534890651703,0.37627118825912476,0.032749999314546585,-0.022874999791383743,0.011625000275671482,-0.0560000017285347,0.0027408001478761435,0.0016559000359848142,6.851999933132902e-05,-7.423000351991504e-05,0.38499999046325684,0.012500000186264515,0.39750000834465027,0.02250000089406967,0.06274999678134918,0.0002500000118743628,-0.000750000006519258,0.6769895553588867,-0.40415042638778687,0.783636748790741,-0.9424490332603455,-0.05144038
13,2413,-0.19529286301876822,-0.4103637757160327,0.16970713698123177,0.07763622428396727,0.18662233431033123,0.15470683453394765,0.6947600245475769,0.5097841620445251,-1.0,0.3139534890651703,0.37627118825912476,0.03525000065565109,-0.023125000298023224,0.023375000804662704,-0.07362499833106995,0.003323220182210207,0.0010906100505962968,0.00010848999954760075,-7.994000043254346e-05,0.3865000009536743,0.016499999910593033,0.40299999713897705,0.026750000193715096,0.048250000923871994,0.006000000052154064,-0.000750000006519258,-0.9759275913238525,0.40460002422332764,0.94537353515625,-0.9878289699554443,-0.07417049
14,2414,-0.19639298848772507,-0.4100636845874882,0.16860701151227492,0.07793631541251178,0.18574819942917056,0.15606510886406488,0.7086212635040283,0.5078579783439636,-1.0,0.3139534890651703,0.37627118825912476,0.03525000065565109,-0.023125000298023224,0.04024999961256981,-0.09224999696016312,0.002032760065048933,0.0016559000359848142,0.00011420000373618677,-7.423000351991504e-05,0.3230000138282776,0.016499999910593033,0.3395000100135803,0.017999999225139618,0.06324999779462814,0.007499999832361937,-0.0005000000237487257,0.34193187952041626,-0.058680277317762375,0.1800665408372879,-0.9298728108406067,-0.021213455
15,2415,-0.20091034025960183,-0.40932290592283,0.16408965974039816,0.07867709407717,0.18197665115653575,0.16206358648974858,0.7060627937316895,0.5083666443824768,-1.0,0.3139534890651703,0.37627118825912476,0.03525000065565109,-0.023125000298023224,0.04324999824166298,-0.10962499678134918,0.0028949701227247715,0.0015588300302624702,0.0001256200048374012,-7.423000351991504e-05,0.38999998569488525,0.017500000074505806,0.4074999988079071,0.024000000208616257,0.061250001192092896,0.008249999955296516,-0.0005000000237487257,-0.5093852281570435,-0.817243754863739,-0.7634221315383911,0.3938770294189453,-0.0009385228
16,2416,-0.20337353691273038,-0.4069639804947296,0.1616264630872696,0.0810360195052704,0.18080362282697515,0.16397583193461626,0.6955573558807373,0.5096222162246704,-1.0,0.3139534890651703,0.37627118825912476,0.03487500175833702,-0.023125000298023224,0.032999999821186066,-0.10262499749660492,0.00047964000259526074,0.0005481599946506321,7.423000351991504e-05,6.28100024187006e-05,0.09000000357627869,0.012000000104308128,0.10199999809265137,0.006000000052154064,0.030750000849366188,0.0002500000118743628,0.0002500000118743628,-0.9018219113349915,0.9530835151672363,-0.5567628145217896,0.6090880632400513,0.0
17,2417,-0.204476524185351,-0.4058429077365525,0.16052347581464899,0.08215709226344747,0.1803262989605255,0.1647603986882136,0.6898289918899536,0.5136203765869141,-1.0,0.3139534890651703,0.37627118825912476,0.019500000402331352,-0.016124999150633812,0.022624999284744263,-0.0911249965429306,0.00020556000526994467,0.0012447800254449248,7.423000351991504e-05,0.0,0.12700000405311584,0.006500000134110451,0.13349999487400055,0.003000000026077032,0.05225000157952309,0.0002500000118743628,0.0,-0.6407015323638916,-0.5334898829460144,-0.33527323603630066,-0.7585263252258301,-0.115023166
18,2418,-0.2033960388393551,-0.40528267374021204,0.1616039611606449,0.08271732625978795,0.18154337312713847,0.16276729581170993,0.6872639060020447,0.5155205130577087,-1.0,0.3139534890651703,0.37627118825912476,0.008249999955296516,-0.013249999843537807,0.016374999657273293,-0.08737500011920929,0.00013703999866265804,0.00044538002111949027,7.423000351991504e-05,5.139000131748617e-05,0.050999999046325684,0.010999999940395355,0.06199999898672104,0.001500000013038516,0.026499999687075615,0.0002500000118743628,0.0,-0.3522116243839264,-0.6750461459159851,0.17856615781784058,-0.982021689414978,0.0
19,2419,-0.2081098807190102,-0.4027974704162126,0.15689011928098978,0.08520252958378738,0.17853285573103725,0.16774193910498192,0.6897766590118408,0.5164700150489807,-1.0,0.3139534890651703,0.37627118825912476,0.0022499999031424522,-0.01412499975413084,0.01924999989569187,-0.10575000196695328,9.707000572234392e-05,8.565000462112948e-05,7.994000043254346e-05,0.0,0.01600000075995922,0.007000000216066837,0.023000000044703484,0.0005000000237487257,0.003000000026077032,0.0010000000474974513,0.0,-0.37255874276161194,0.8560482263565063,-0.9662917256355286,-0.5999495983123779,-0.09599396
20,2420,-0.2059245696562921,-0.4040668264104652,0.15907543034370789,0.08393317358953478,0.17986041856908608,0.16552977587571027,0.6788142323493958,0.5206822752952576,-1.0,0.3139534890651703,0.37627118825912476,-0.004875000100582838,-0.006500000134110451,0.0018749999580904841,-0.10199999809265137,0.00010848999954760075,0.000308340007904917,0.0,6.28100024187006e-05,0.0364999994635582,0.005499999970197678,0.041999999433755875,0.0010000000474974513,0.019750000908970833,-0.0002500000118743628,0.0,0.6512746810913086,0.6544607877731323,0.36556538939476013,-0.5962690711021423,0.0
21,2421,-0.2019539976523571,-0.40217211280990817,0.16304600234764288,0.08582788719009182,0.18425641128889572,0.15841072193817843,0.6838963627815247,0.5185307860374451,-1.0,0.3139534890651703,0.37627118825912476,0.003000000026077032,-0.005375000182539225,0.007249999791383743,-0.11287499964237213,0.0009078900329768658,0.0008736300515010953,8.565000462112948e-05,-6.851999933132902e-05,0.15600000321865082,0.013500000350177288,0.16949999332427979,0.009499999694526196,0.041999999433755875,0.0024999999441206455,-0.0005000000237487257,-0.9547171592712402,-0.1619885116815567,0.7874415516853333,-0.4832461178302765,0.0
22,2422,-0.20600278823637458,-0.40209991818038693,0.1589972117636254,0.08590008181961306,0.1807178392002941,0.16411655670090453,0.6931302547454834,0.5217421650886536,-1.0,0.3139534890651703,0.37627118825912476,-0.010874999687075615,0.0011249999515712261,0.02250000089406967,-0.12212499976158142,0.00013133000175002962,0.00037115000304766,7.994000043254346e-05,0.0,0.04399999976158142,0.007000000216066837,0.050999999046325684,0.001500000013038516,0.023000000044703484,0.001500000013038516,0.0,0.3914646804332733,0.27840378880500793,-0.807499349117279,-0.6332806944847107,-0.09999368
23,2423,-0.2041701118975031,-0.40290895363112783,0.1608298881024969,0.08509104636887216,0.18195257370867615,0.16210261196326553,0.6837144494056702,0.5218645334243774,-1.0,0.3139534890651703,0.37627118825912476,-0.006874999962747097,0.0011249999515712261,0.008124999701976776,-0.1185000017285347,0.0007023300277069211,0.0006338100065477192,0.0,6.28100024187006e-05,0.11699999868869781,0.005499999970197678,0.12250000238418579,0.00800000037997961,0.033250000327825546,0.0,0.0002500000118743628,0.5467617511749268,0.7926477789878845,-0.7237823009490967,0.409639835357666,-0.15841275
24,2424,-0.2078215745001436,-0.4018081997488503,0.1571784254998564,0.0861918002511497,0.1792598222501294,0.1665269330636606,0.6879764795303345,0.5204933285713196,-1.0,0.3139534890651703,0.37627118825912476,0.0008750000270083547,0.0008750000270083547,0.010250000283122063,-0.11087500303983688,0.0013704000739380717,0.0011134500382468104,8.565000462112948e-05,6.851999933132902e-05,0.2175000011920929,0.013500000350177288,0.23100000619888306,0.013000000268220901,0.048500001430511475,0.0032500000670552254,0.0002500000118743628,-0.4924268126487732,-0.7559375762939453,-0.7053438425064087,-0.9908870458602905,0.0
25,2425,-0.20691176758105967,-0.40328809901949886,0.15808823241894032,0.08471190098050113,0.17935438493963599,0.16636953514858252,0.6794847249984741,0.5223589539527893,-1.0,0.3139534890651703,0.37627118825912476,-0.0028750000055879354,0.0008750000270083547,-0.0011249999515712261,-0.12925000488758087,0.00016558999777771533,0.0003026300109922886,0.0,0.0,0.04100000113248825,0.0,0.04100000113248825,0.0022499999031424522,0.020250000059604645,-0.0002500000118743628,0.0,0.8146920800209045,-0.20089717209339142,0.21953316032886505,-0.9052839279174805,-0.13263409
26,2426,-0.20998995840590726,-0.40260618191290753,0.15501004159409273,0.08539381808709245,0.17697518798547382,0.17037525711492987,0.6816005110740662,0.5198506712913513,-1.0,0.3139534890651703,0.37627118825912476,0.006124999839812517,-0.0031250000465661287,0.0017500000540167093,-0.12587499618530273,0.001638769987039268,0.0003140500048175454,7.423000351991504e-05,6.851999933132902e-05,0.17100000381469727,0.012500000186264515,0.1835000067949295,0.014750000089406967,0.020749999210238457,0.0020000000949949026,0.000750000006519258,-0.7476571798324585,-0.05891574174165726,-0.4483157992362976,-0.7467855215072632,0.0
27,2427,-0.2075790891451215,-0.4039130225574523,0.1574209108548785,0.08408697744254767,0.17847118240714135,0.16784542304210717,0.674441933631897,0.5210064649581909,-1.0,0.3139534890651703,0.37627118825912476,-0.0012499999720603228,-0.0028750000055879354,-0.005625000223517418,-0.1393750011920929,0.00014275001012720168,0.0002797899942379445,0.0,0.0,0.03700000047683716,0.0,0.03700000047683716,0.001500000013038516,0.0182499997317791,0.0,-0.0002500000118743628,0.9392437934875488,0.8857006430625916,-0.24393607676029205,-0.17542845010757446,-0.098323755
28,2428,-0.20992510336461181,-0.4035478991774831,0.15507489663538818,0.08445210082251686,0.17657967295193658,0.17105045123719312,0.6800486445426941,0.5187914967536926,-1.0,0.3139534890651703,0.37627118825912476,0.008875000290572643,-0.002374999923631549,-0.0032500000670552254,-0.13574999570846558,0.0017986500170081854,0.001416080049239099,7.994000043254346e-05,6.28100024187006e-05,0.2815000116825104,0.012500000186264515,0.2939999997615814,0.016249999403953552,0.05025000125169754,0.002749999985098839,0.0,0.2230796068906784,-0.30410081148147583,-0.19580352306365967,-0.8254900574684143,-0.012378242
29,2429,-0.20739297596855408,-0.4043205423042946,0.1576070240314459,0.0836794576957054,0.17844390060827553,0.16789122053973354,0.6745927929878235,0.5194103121757507,-1.0,0.3139534890651703,0.37627118825912476,0.008875000290572643,-0.002374999923631549,-0.005499999970197678,-0.1508750021457672,0.0024210400879383087,0.0009592800051905215,0.0,-7.423000351991504e-05,0.29600000381469727,0.006500000134110451,0.30250000953674316,0.020500000566244125,0.039000000804662704,0.0,-0.0005000000237487257,-0.6582561731338501,-0.8813294768333435,-0.9142642617225647,-0.9728804230690002,-0.15270245
30,2430,-0.21088845291503527,-0.4041854141725917,0.15411154708496472,0.0838145858274083,0.17542877113615454,0.17303044602900944,0.6804814338684082,0.5181007981300354,-1.0,0.3139534890651703,0.37627118825912476,0.008124999701976776,-0.005625000223517418,-0.0024999999441206455,-0.1692499965429306,0.00022269001055974513,0.0001827200030675158,7.994000043254346e-05,0.0,0.03550000116229057,0.007000000216066837,0.042500000447034836,0.0032500000670552254,0.012500000186264515,0.001500000013038516,0.0,0.3015097379684448,0.4212137758731842,-0.4818190932273865,-0.7774021625518799,-0.11728827
31,2431,-0.2102156333193781,-0.4030146242589802,0.1547843666806219,0.08498537574101978,0.17658061688238472,0.17104883664752252,0.6723524332046509,0.5183297991752625,-1.0,0.3139534890651703,0.37627118825912476,0.00912499986588955,-0.005750000011175871,-0.010625000111758709,-0.1655000001192093,0.0012733300682157278,0.0004967700224369764,1.1420000191719737e-05,6.851999933132902e-05,0.1550000011920929,0.007000000216066837,0.16200000047683716,0.012500000186264515,0.02850000001490116,-0.0002500000118743628,0.0,-0.5046675205230713,0.7488831281661987,-0.9919214844703674,0.8655757904052734,-0.14303058
32,2432,-0.2147334042362322,-0.4038954087107938,0.1502665957637678,0.08410459128920617,0.17220229986372426,0.17870426350753837,0.6739171147346497,0.5203142166137695,-1.0,0.3139534890651703,0.37627118825912476,0.004875000100582838,-0.0022499999031424522,-0.00800000037997961,-0.14925000071525574,0.0001827200030675158,0.0011762600624933839,7.994000043254346e-05,0.0,0.11900000274181366,0.007000000216066837,0.12600000202655792,0.0022499999031424522,0.0494999997317791,0.0020000000949949026,-0.0002500000118743628,0.6414552927017212,-0.18188069760799408,-0.9547227025032043,-0.7830755710601807,-0.11796907
33,2433,-0.21297154262127252,-0.40132148448070926,0.15202845737872747,0.08667851551929073,0.17500233400038834,0.17376988761326198,0.6634106636047363,0.5188213586807251,-1.0,0.3139534890651703,0.37627118825912476,0.009750000201165676,-0.002374999923631549,-0.02474999986588955,-0.1457500010728836,0.001850040047429502,0.0009307300206273794,0.0,6.851999933132902e-05,0.2434999942779541,0.006000000052154064,0.24950000643730164,0.016499999910593033,0.0430000014603138,-0.0002500000118743628,0.0002500000118743628,-0.9657865762710571,0.932927668094635,-0.9672151207923889,-0.4802505075931549,-0.14006582
34,2434,-0.21419422429379462,-0.40159513331697044,0.15080577570620537,0.08640486668302955,0.17380501423394676,0.17586297429113387,0.667508065700531,0.5231839418411255,-1.0,0.3139534890651703,0.37627118825912476,-0.0016250000335276127,0.006874999962747097,-0.02174999937415123,-0.15449999272823334,0.0002512400096748024,0.0015588300302624702,7.994000043254346e-05,-5.7100000958598685e-06,0.15850000083446503,0.007499999832361937,0.16599999368190765,0.0032500000670552254,0.05925000086426735,0.0012499999720603228,-0.0002500000118743628,0.5239439606666565,-0.8437576293945312,-0.9803553223609924,-0.5861343145370483,-0.09433612
35,2435,-0.21421695421253217,-0.40092402158358886,0.15078304578746782,0.08707597841641113,0.17411993830150788,0.17531001062400994,0.6646645665168762,0.5227200984954834,-1.0,0.3139534890651703,0.37627118825912476,0.0013749999925494194,0.006750000175088644,-0.039374999701976776,-0.15125000476837158,0.0019299800042062998,0.00047964000259526074,0.0,6.851999933132902e-05,0.210999995470047,0.006000000052154064,0.21699999272823334,0.016750000417232513,0.02800000086426735,-0.0002500000118743628,0.000750000006519258,0.32345959544181824,0.11200166493654251,0.03421683982014656,-0.959277868270874,-0.03903762
36,2436,-0.21481215229194406,-0.40106680847715226,0.15018784770805593,0.08693319152284773,0.17353319390689012,0.17634165588522752,0.6646117568016052,0.523857593536377,-1.0,0.3139534890651703,0.37627118825912476,0.0013749999925494194,0.006750000175088644,-0.035624999552965164,-0.16862499713897705,0.002757929963991046,0.0005938400281593204,0.0,-7.423000351991504e-05,0.29350000619888306,0.006500000134110451,0.30000001192092896,0.022749999538064003,0.03200000151991844,-0.0002500000118743628,-0.0002500000118743628,-0.1333838850259781,0.6401098370552063,0.5836615562438965,-0.06891811639070511,-0.001338385
37,2437,-0.21387550856133763,-0.4023478651240012,0.15112449143866236,0.08565213487599876,0.1737092401727974,0.17603148608608443,0.6632275581359863,0.5236155986785889,-1.0,0.3139534890651703,0.37627118825912476,0.001500000013038516,0.006750000175088644,-0.02500000037252903,-0.16975000500679016,0.002089860150590539,0.0014046600554138422,7.423000351991504e-05,-7.423000351991504e-05,0.3059999942779541,0.013000000268220901,0.3190000057220459,0.017999999225139618,0.0560000017285347,0.0002500000118743628,-0.0005000000237487257,0.9872958064079285,-0.8822967410087585,-0.07183652371168137,-0.8974704146385193,-0.06257876
38,2438,-0.21010180821335336,-0.40311340177577426,0.15489819178664663,0.08488659822422573,0.1766329085330757,0.17095941576921608,0.665405809879303,0.5214443206787109,-1.0,0.3139534890651703,0.37627118825912476,0.007499999832361937,0.004000000189989805,-0.026000000536441803,-0.18649999797344208,0.0028093201108276844,0.00048534999950788915,0.0,-7.423000351991504e-05,0.28850001096725464,0.006500000134110451,0.29499998688697815,0.023250000551342964,0.02850000001490116,-0.0002500000118743628,-0.0005000000237487257,-0.18611754477024078,-0.4877629280090332,0.7455812692642212,-0.8765740394592285,0.0
39,2439,-0.2090029109762742,-0.4041718670104816,0.1559970890237258,0.08382813298951841,0.1770938950511412,0.17017312964011808,0.6741818189620972,0.5201467871665955,-1.0,0.3139534890651703,0.37627118825912476,0.007625000085681677,-0.0001250000059371814,-0.012749999761581421,-0.2029999941587448,0.0017929400783032179,0.00026266000350005925,7.994000043254346e-05,-6.851999933132902e-05,0.18000000715255737,0.013000000268220901,0.19300000369548798,0.016249999403953552,0.01850000023841858,0.0010000000474974513,-0.0002500000118743628,0.5628387928009033,0.10302666574716568,0.38885796070098877,-0.6645737290382385,-0.03104169
40,2440,-0.21009376565720037,-0.4042449079718253,0.15490623434279963,0.08375509202817472,0.1760989973819112,0.17187462819046595,0.6767374277114868,0.518352746963501,-1.0,0.3139534890651703,0.37627118825912476,0.011374999769032001,-0.0016250000335276127,-0.0062500000931322575,-0.21512499451637268,0.002323969965800643,0.0004054100136272609,7.994000043254346e-05,-7.423000351991504e-05,0.23899999260902405,0.013500000350177288,0.2524999976158142,0.019999999552965164,0.02525000087916851,0.0024999999441206455,-0.000750000006519258,-0.4693972170352936,-0.5508463978767395,-0.3046117126941681,-0.7665815353393555,0.0
41,2441,-0.20908437221901371,-0.40428540487677145,0.15591562778098628,0.08371459512322854,0.17696840515466353,0.17038681377229242,0.6742005348205566,0.5182289481163025,-1.0,0.3139534890651703,0.37627118825912476,0.01075000036507845,-0.005750000011175871,-0.010625000111758709,-0.22962500154972076,0.0002969200140796602,0.0001884299999801442,0.0,0.0,0.042500000447034836,0.0,0.042500000447034836,0.0037499999161809683,0.013000000268220901,0.0,-0.0002500000118743628,-0.8262807130813599,0.13025996088981628,-0.6569762229919434,-0.9779708981513977,-0.24419366
42,2442,-0.21485609477207052,-0.40380083764807523,0.15014390522792948,0.08419916235192476,0.1721414860452275,0.17881297344597577,0.6765479445457458,0.518160343170166,-1.0,0.3139534890651703,0.37627118825912476,-0.0035000001080334187,-0.005249999929219484,-0.007375000044703484,-0.22612500190734863,0.00013133000175002962,0.00023982000129763037,7.423000351991504e-05,6.851999933132902e-05,0.032499998807907104,0.012500000186264515,0.04500000178813934,0.001500000013038516,0.016750000417232513,0.0010000000474974513,0.0002500000118743628,0.9706649780273438,0.8313541412353516,-0.9924858808517456,0.5734581351280212,0.0
43,2443,-0.20921863027769075,-0.40552717983881414,0.15578136972230924,0.08247282016118584,0.17626571197455876,0.17158832682360403,0.6631253361701965,0.5189816355705261,-1.0,0.3139534890651703,0.37627118825912476,0.008624999783933163,-0.004124999977648258,-0.02525000087916851,-0.21525000035762787,0.0014046600554138422,0.001022089971229434,0.0,6.28100024187006e-05,0.21250000596046448,0.005499999970197678,0.21799999475479126,0.013500000350177288,0.045499999076128006,-0.0002500000118743628,0.0,0.9710431694984436,-0.06610807031393051,0.9472197890281677,-0.7861173152923584,0.0
44,2444,-0.2142687731594042,-0.4049306363637444,0.15073122684059578,0.08306936363625561,0.17210584510644492,0.17887671542682243,0.6762357354164124,0.5160556435585022,-1.0,0.3139534890651703,0.37627118825912476,0.020749999210238457,-0.004749999847263098,-0.00925000011920929,-0.22949999570846558,0.0031918901950120926,0.0009706999990157783,8.565000462112948e-05,-7.994000043254346e-05,0.3644999861717224,0.014499999582767487,0.3790000081062317,0.025499999523162842,0.04450000077486038,0.0032500000670552254,-0.000750000006519258,-0.6245988607406616,-0.3407953977584839,-0.959064781665802,0.9683212041854858,0.0
45,2445,-0.21115589393585454,-0.4049458995903401,0.15384410606414545,0.08305410040965988,0.1748313260417992,0.17406730217952196,0.6644912362098694,0.5170667171478271,-1.0,0.3139534890651703,0.37627118825912476,0.01899999938905239,-0.004749999847263098,-0.0253749992698431,-0.21150000393390656,0.00044538002111949027,0.0005881300312466919,0.0,-6.851999933132902e-05,0.09049999713897705,0.006000000052154064,0.09650000184774399,0.005750000011175871,0.03175000101327896,-0.0002500000118743628,-0.0005000000237487257,0.5473934412002563,0.24710403382778168,0.5070093274116516,-0.6297261118888855,0.0
46,2446,-0.2145948867369911,-0.4058377388323898,0.1504051132630089,0.08216226116761016,0.17138359097601238,0.18017333670622096,0.6717304587364197,0.5170408487319946,-1.0,0.3139534890651703,0.37627118825912476,0.020749999210238457,-0.004749999847263098,-0.017124999314546585,-0.22312499582767487,0.002775060012936592,0.0008450800087302923,7.994000043254346e-05,-7.423000351991504e-05,0.31700000166893005,0.013500000350177288,0.3305000066757202,0.022749999538064003,0.04100000113248825,0.0022499999031424522,-0.000750000006519258,-0.47956791520118713,-0.8834195137023926,-0.9160781502723694,0.8501960039138794,-0.0020432086
47,2447,-0.21529144534218392,-0.40517402952535153,0.14970855465781607,0.08282597047464846,0.17109293592313987,0.18069778140658657,0.6637328267097473,0.5155292749404907,-1.0,0.3139534890651703,0.37627118825912476,0.019874999299645424,-0.010250000283122063,-0.032999999821186066,-0.20749999582767487,0.0004510900180321187,0.00029121001716703176,0.0,0.0,0.06499999761581421,0.0,0.06499999761581421,0.005750000011175871,0.01899999938905239,-0.0002500000118743628,-0.0002500000118743628,-0.36127766966819763,0.26076334714889526,0.26278984546661377,-0.05966129153966904,-0.031159354
48,2448,-0.21068060170268024,-0.40570329915383796,0.15431939829731975,0.08229670084616203,0.1748920342983336,0.1739616610248684,0.6621128916740417,0.5166541934013367,-1.0,0.3139534890651703,0.37627118825912476,0.014624999836087227,-0.010125000029802322,-0.02824999950826168,-0.20399999618530273,0.00019414001144468784,0.000491060025524348,7.423000351991504e-05,6.851999933132902e-05,0.05999999865889549,0.012500000186264515,0.07249999791383743,0.002749999985098839,0.02850000001490116,0.0,0.0002500000118743628,0.04428260400891304,-0.4297790825366974,0.9952398538589478,0.4679984450340271,0.0
49,2449,-0.21401600158229164,-0.4055273621958798,0.15098399841770835,0.08247263780412017,0.17204041317251056,0.17899379622102118,0.6728358268737793,0.515757143497467,-1.0,0.3139534890651703,0.37627118825912476,0.014624999836087227,-0.010250000283122063,-0.010125000029802322,-0.19512499868869781,0.0003197600017301738,0.0001827200030675158,7.423000351991504e-05,3.425999966566451e-05,0.04399999976158142,0.009499999694526196,0.05350000038743019,0.0042500002309679985,0.012749999761581421,0.0010000000474974513,0.0,0.5584704875946045,0.6183061599731445,-0.6434879302978516,-0.8953043222427368,-0.13143654
50,2450,-0.2119003590974164,-0.4068753880907334,0.1530996409025836,0.08112461190926656,0.1732648340025441,0.17681552173286424,0.6650790572166443,0.5160553455352783,-1.0,0.3139534890651703,0.37627118825912476,0.019500000402331352,-0.010499999858438969,-0.0215000007301569,-0.1914999932050705,0.0016901600174605846,0.0007137500215321779,0.0,6.851999933132902e-05,0.21050000190734863,0.006000000052154064,0.21649999916553497,0.015250000171363354,0.036249998956918716,-0.0002500000118743628,0.0002500000118743628,-0.20789508521556854,-0.8441984057426453,-0.2649809420108795,-0.9976356625556946,-0.05579772
51,2451,-0.214026772242944,-0.4094541460223436,0.150973227757056,0.0785458539776564,0.17018333254600235,0.18234891251660756,0.6699991822242737,0.5137705206871033,-1.0,0.3139534890651703,0.37627118825912476,0.019500000402331352,-0.014750000089406967,-0.018124999478459358,-0.20987500250339508,0.0006794900400564075,0.0001884299999801442,7.423000351991504e-05,0.0,0.07599999755620956,0.006500000134110451,0.08250000327825546,0.007499999832361937,0.013249999843537807,0.0005000000237487257,-0.0002500000118743628,0.586493730545044,-0.6488229036331177,-0.33187776803970337,0.15045511722564697,-0.0059453864
52,2452,-0.21286340715048357,-0.4099686431189028,0.15213659284951642,0.07803135688109719,0.17098080459678708,0.18090051386762457,0.6650540232658386,0.5093997716903687,-1.0,0.3139534890651703,0.37627118825912476,0.029874999076128006,-0.026499999687075615,-0.023874999955296516,-0.20649999380111694,0.0007879800396040082,0.00017701000615488738,0.0,6.851999933132902e-05,0.08449999988079071,0.006000000052154064,0.09049999713897705,0.008500000461935997,0.012500000186264515,-0.0002500000118743628,0.0005000000237487257,0.3321014642715454,0.8195358514785767,0.14978750050067902,-0.11004229635000229,-0.0060255006
53,2453,-0.20834046213020777,-0.409978553132525,0.15665953786979223,0.07802144686747498,0.17501301944961434,0.17375132051215772,0.6677595376968384,0.5085276961326599,-1.0,0.3139534890651703,0.37627118825912476,0.032999999821186066,-0.026249999180436134,-0.020749999210238457,-0.20787499845027924,0.0015645400853827596,0.0009078900329768658,7.423000351991504e-05,-7.423000351991504e-05,0.21649999916553497,0.013000000268220901,0.22949999570846558,0.014499999582767487,0.042500000447034836,0.0010000000474974513,-0.000750000006519258,0.11685287207365036,0.3780703842639923,0.8588420152664185,-0.6671459674835205,0.0
54,2454,-0.20577176012168585,-0.4089962239368424,0.15922823987831414,0.07900377606315762,0.17775046837345745,0.16905947823883594,0.6782779693603516,0.508510947227478,-1.0,0.3139534890651703,0.37627118825912476,0.032999999821186066,-0.026249999180436134,-0.005375000182539225,-0.22050000727176666,0.0021412500645965338,0.0014217899879440665,7.994000043254346e-05,-7.423000351991504e-05,0.31200000643730164,0.013500000350177288,0.3255000114440918,0.01875000074505806,0.05649999901652336,0.0022499999031424522,-0.0005000000237487257,-0.87724369764328,-0.14135637879371643,0.5527737736701965,-0.5167071223258972,0.0
55,2455,-0.20228343850315286,-0.4090285514566265,0.16271656149684713,0.07897144854337351,0.1808678220977848,0.16387059443067978,0.6842517256736755,0.510175883769989,-1.0,0.3139534890651703,0.37627118825912476,0.02487500011920929,-0.02237500064074993,0.005125000141561031,-0.23025000095367432,0.00017701000615488738,0.0009478600113652647,7.994000043254346e-05,0.0,0.09849999845027924,0.007000000216066837,0.1054999977350235,0.0022499999031424522,0.04349999874830246,0.0017500000540167093,-0.0002500000118743628,0.2619990408420563,0.23561722040176392,0.7436062097549438,0.9375152587890625,0.0
56,2456,-0.20680158219864894,-0.40620142512691554,0.15819841780135105,0.08179857487308445,0.17809476759893433,0.16847840864772445,0.6923640966415405,0.5101211071014404,-1.0,0.3139534890651703,0.37627118825912476,0.0253749992698431,-0.02237500064074993,0.01837499998509884,-0.21262499690055847,0.0011020300444215536,0.001261910074390471,8.565000462112948e-05,0.0,0.2070000022649765,0.007499999832361937,0.21449999511241913,0.010999999940395355,0.05225000157952309,0.003000000026077032,-0.0005000000237487257,-0.8829214572906494,-0.29677650332450867,-0.8947846293449402,-0.45544934272766113,-0.078653924
57,2457,-0.20710422118250305,-0.40617431989373864,0.15789577881749695,0.08182568010626134,0.17783846291856026,0.16891078055252756,0.6818568110466003,0.5149128437042236,-1.0,0.3139534890651703,0.37627118825912476,0.013375000096857548,-0.016750000417232513,0.0031250000465661287,-0.20912499725818634,0.0001598800008650869,0.0005367400008253753,6.851999933132902e-05,6.28100024187006e-05,0.061000000685453415,0.011500000022351742,0.07249999791383743,0.0020000000949949026,0.029999999329447746,0.0,0.0,-0.27888649702072144,-0.7516814470291138,-0.9247667193412781,-0.5657797455787659,0.0
58,2458,-0.20965107455315463,-0.40390311842748194,0.15534892544684537,0.08409688157251805,0.17665099526385816,0.17092849759606626,0.6811529994010925,0.5149587988853455,-1.0,0.3139534890651703,0.37627118825912476,0.008750000037252903,-0.017625000327825546,-0.014000000432133675,-0.21950000524520874,0.00010278000263497233,9.13600015337579e-05,0.0,0.0,0.017000000923871994,0.0,0.017000000923871994,0.0010000000474974513,0.0037499999161809683,-0.0002500000118743628,-0.0002500000118743628,-0.556377112865448,0.8374010920524597,-0.4801652133464813,-0.8876973390579224,-0.21214353
59,2459,-0.21097916988484364,-0.4036067691680296,0.15402083011515635,0.08439323083197037,0.17562640325309886,0.17268881998814725,0.675230085849762,0.5188082456588745,-1.0,0.3139534890651703,0.37627118825912476,-0.0017500000540167093,-0.008875000290572643,-0.010374999605119228,-0.21574999392032623,0.00011420000373618677,0.0003026300109922886,0.0,0.0,0.0364999994635582,0.0,0.0364999994635582,0.0012499999720603228,0.017500000074505806,0.0,-0.0002500000118743628,0.28806793689727783,0.9076486229896545,-0.5063226222991943,-0.6042574048042297,-0.18126962
60,2460,-0.20706550348337996,-0.4020802910883842,0.15793449651662003,0.08591970891161577,0.17979294082197736,0.16564150933263547,0.6721414923667908,0.5193105340003967,-1.0,0.3139534890651703,0.37627118825912476,0.0006249999860301614,-0.004000000189989805,-0.007499999832361937,-0.21199999749660492,0.0006281000096350908,0.0008964700391516089,7.423000351991504e-05,0.0,0.13349999487400055,0.006500000134110451,0.14000000059604645,0.007249999791383743,0.041749998927116394,0.0017500000540167093,-0.0002500000118743628,-0.29081591963768005,0.9431814551353455,0.5779831409454346,-0.777118980884552,-0.11725428
61,2461,-0.20208965135614848,-0.4029672637105846,0.1629103486438515,0.08503273628941538,0.18376710243165537,0.15918773908800996,0.6812430024147034,0.5218977928161621,-1.0,0.3139534890651703,0.37627118825912476,-0.002749999985098839,0.0042500002309679985,0.0028750000055879354,-0.2083750069141388,0.00023411000438500196,0.0016216400545090437,7.994000043254346e-05,2.8550000934046693e-05,0.16249999403953552,0.009499999694526196,0.1720000058412552,0.0032500000670552254,0.060499999672174454,0.0024999999441206455,0.0,0.3990831673145294,-0.7893537282943726,0.836243748664856,-0.8251619338989258,0.0
62,2462,-0.20167570516040312,-0.40184352575870796,0.16332429483959687,0.08615647424129202,0.18465579692644904,0.1577793139820513,0.6928147673606873,0.5203944444656372,-1.0,0.3139534890651703,0.37627118825912476,-0.000750000006519258,0.0042500002309679985,0.017999999225139618,-0.22349999845027924,0.0015188599936664104,0.0005710000405088067,9.13600015337579e-05,-6.851999933132902e-05,0.18299999833106995,0.014000000432133675,0.19699999690055847,0.014000000432133675,0.03099999949336052,0.0035000001080334187,-0.0005000000237487257,-0.719169020652771,-0.6820646524429321,-0.03860842436552048,-0.9489796161651611,0.0
63,2463,-0.2059513425369093,-0.39966005138052857,0.1590486574630907,0.08833994861947142,0.1819352136418412,0.16213075552784367,0.6937774419784546,0.5222991108894348,-1.0,0.3139534890651703,0.37627118825912476,-0.00800000037997961,0.0028750000055879354,0.01837499998509884,-0.24150000512599945,0.00014275001012720168,0.0001256200048374012,7.423000351991504e-05,0.0,0.023499999195337296,0.006500000134110451,0.029999999329447746,0.0017500000540167093,0.008249999955296516,0.001500000013038516,0.0,-0.2983400523662567,0.6913502216339111,-0.5563779473304749,-0.13046973943710327,-0.039656367
64,2464,-0.20426392389896653,-0.40116457083718887,0.16073607610103346,0.08683542916281112,0.1826923039381977,0.160907914157963,0.6838340759277344,0.525999903678894,-1.0,0.3139534890651703,0.37627118825912476,-0.013375000096857548,0.00712500000372529,0.008750000037252903,-0.23787499964237213,0.00014275001012720168,0.000433959998190403,0.0,6.851999933132902e-05,0.05050000175833702,0.006000000052154064,0.05649999901652336,0.001500000013038516,0.025499999523162842,0.0,0.0002500000118743628,0.7022900581359863,0.21880438923835754,-0.17856185138225555,-0.9797398447990417,-0.045427427
65,2465,-0.20882999691012952,-0.40138405736531035,0.15617000308987047,0.08661594263468964,0.17858160986951035,0.16766017790031823,0.6877583265304565,0.5234498977661133,-1.0,0.3139534890651703,0.37627118825912476,-0.005375000182539225,0.006874999962747097,0.011250000447034836,-0.25575000047683716,0.0012105200439691544,0.0006623599911108613,7.994000043254346e-05,-2.8550000934046693e-05,0.164000004529953,0.009499999694526196,0.17350000143051147,0.011749999597668648,0.03400000184774399,0.0024999999441206455,-0.0005000000237487257,0.8854687809944153,0.6578496098518372,-0.7197508811950684,-0.464688777923584,-0.13289079
66,2466,-0.2024856014221229,-0.40219384320842877,0.16251439857787708,0.08580615679157122,0.18377602207162064,0.15917354074804427,0.6771395206451416,0.5230778455734253,-1.0,0.3139534890651703,0.37627118825912476,0.0001250000059371814,0.006624999921768904,-0.000750000006519258,-0.2526249885559082,0.001964240102097392,0.0015474100364372134,0.0,6.851999933132902e-05,0.3075000047683716,0.006000000052154064,0.31349998712539673,0.017249999567866325,0.05900000035762787,-0.0002500000118743628,0.000750000006519258,0.7394729256629944,-0.2272021323442459,0.8714463114738464,-0.7966721057891846,-0.044634588
67,2467,-0.20897894864399774,-0.40139988964143936,0.15602105135600225,0.08660011035856063,0.1784436818168331,0.16789158787175854,0.6918939352035522,0.5217053294181824,-1.0,0.3139534890651703,0.37627118825912476,0.004749999847263098,0.0062500000931322575,0.013124999590218067,-0.2668749988079071,0.0026323101483285427,0.0012276499764993787,9.13600015337579e-05,-7.423000351991504e-05,0.33799999952316284,0.014499999582767487,0.35249999165534973,0.02174999937415123,0.051249999552965164,0.0044999998062849045,-0.0005000000237487257,-0.8483697772026062,-0.5615401864051819,-0.928395688533783,-0.9925209879875183,0.0
68,2468,-0.2041652774312264,-0.40193434520063875,0.1608347225687736,0.08606565479936124,0.18241465105582166,0.16135530042261073,0.6767931580543518,0.5230510234832764,-1.0,0.3139534890651703,0.37627118825912476,-0.0017500000540167093,0.006500000134110451,-0.0018749999580904841,-0.28562501072883606,0.00022269001055974513,0.0005310300039127469,0.0,0.0,0.06599999964237213,0.0,0.06599999964237213,0.003000000026077032,0.029750000685453415,-0.0002500000118743628,0.0,0.2892511487007141,-0.459902286529541,0.8199644684791565,0.8152772188186646,0.0
69,2469,-0.20827431014821424,-0.400198399821597,0.15672568985178575,0.087801600178403,0.17964426752169488,0.165887957186882,0.687987744808197,0.52214515209198,-1.0,0.3139534890651703,0.37627118825912476,-0.0006249999860301614,0.005750000011175871,0.012000000104308128,-0.27037501335144043,0.0011933899950236082,0.00020556000526994467,7.994000043254346e-05,6.851999933132902e-05,0.12250000238418579,0.013000000268220901,0.1354999989271164,0.011500000022351742,0.01425000000745058,0.0024999999441206455,0.0,-0.8353712558746338,-0.23138825595378876,-0.7232697010040283,0.052258435636758804,0.0
70,2470,-0.20623075666770832,-0.4051515178984204,0.15876924333229167,0.08284848210157958,0.17908529703703818,0.16681781830865697,0.6784318089485168,0.5250874757766724,-1.0,0.3139534890651703,0.37627118825912476,-0.011125000193715096,0.005375000182539225,-0.0002500000118743628,-0.27037501335144043,0.0001256200048374012,0.00010848999954760075,7.423000351991504e-05,7.423000351991504e-05,0.020500000566244125,0.013000000268220901,0.03350000083446503,0.0012499999720603228,0.006500000134110451,0.0,0.0017500000540167093,0.8827282190322876,-0.9514958262443542,0.3229547142982483,0.9051975607872009,0.0
71,2471,-0.2063062106971877,-0.4030387252300821,0.1586937893028123,0.08496127476991788,0.18000593594049855,0.16528907646914973,0.6831842660903931,0.5166923403739929,-1.0,0.3139534890651703,0.37627118825912476,0.004124999977648258,-0.012374999932944775,0.005249999929219484,-0.2526249885559082,0.00029121001716703176,0.00010848999954760075,7.423000351991504e-05,0.0,0.03500000014901161,0.006500000134110451,0.04149999842047691,0.0037499999161809683,0.006500000134110451,0.0010000000474974513,0.0,-0.5760834217071533,0.8235451579093933,0.13261926174163818,-0.012213755398988724,-0.02546565
72,2472,-0.21042215120266114,-0.40403887696403507,0.15457784879733885,0.08396112303596492,0.1759084464153822,0.17220244918954988,0.6830087900161743,0.5202733278274536,-1.0,0.3139534890651703,0.37627118825912476,-0.005375000182539225,-0.0042500002309679985,0.007499999832361937,-0.24899999797344208,0.00011991000064881518,0.00033117999555543065,7.423000351991504e-05,6.28100024187006e-05,0.039500001817941666,0.012000000104308128,0.051500000059604645,0.0012499999720603228,0.020999999716877937,0.0012499999720603228,0.0002500000118743628,0.6598901748657227,-0.4358905851840973,-0.8522318601608276,-0.9792542457580566,0.0
73,2473,-0.20988261590826995,-0.4071584583606874,0.15511738409173004,0.08084154163931256,0.17491928910809695,0.17391425456565848,0.6734368801116943,0.5185781717300415,-1.0,0.3139534890651703,0.37627118825912476,0.003000000026077032,-0.006750000175088644,-0.00774999987334013,-0.2669999897480011,0.0008450800087302923,0.0001484600070398301,0.0,0.0,0.08699999749660492,0.0,0.08699999749660492,0.008999999612569809,0.009750000201165676,0.0,-0.0002500000118743628,0.7365400791168213,-0.5223926901817322,-0.22474314272403717,-0.5254337191581726,-0.13802123
74,2474,-0.20877428724175984,-0.40873111836291387,0.15622571275824015,0.07926888163708612,0.17518569839691403,0.17345154745794383,0.6746916174888611,0.5132907629013062,-1.0,0.3139534890651703,0.37627118825912476,0.016750000417232513,-0.01862500049173832,-0.004625000059604645,-0.26350000500679016,0.0008108200272545218,0.00019985000835731626,7.994000043254346e-05,6.851999933132902e-05,0.0885000005364418,0.013000000268220901,0.1014999970793724,0.008999999612569809,0.014000000432133675,0.0012499999720603228,0.0002500000118743628,0.907238781452179,0.33862990140914917,0.10385202616453171,-0.11123304814100266,0.0
75,2475,-0.21257673344564934,-0.40924861838390364,0.15242326655435065,0.07875138161609635,0.17156524209041488,0.1798463469124545,0.6772691011428833,0.5106252431869507,-1.0,0.3139534890651703,0.37627118825912476,0.028875000774860382,-0.019625000655651093,-0.003375000087544322,-0.26487499475479126,0.0021983501501381397,0.0004967700224369764,7.994000043254346e-05,-7.423000351991504e-05,0.23600000143051147,0.013500000350177288,0.24950000643730164,0.01875000074505806,0.02850000001490116,0.0024999999441206455,-0.0010000000474974513,-0.43034783005714417,-0.9455435872077942,-0.7535672783851624,0.1118215024471283,0.0
76,2476,-0.21130221219366588,-0.40935199589853744,0.1536977878063341,0.07864800410146255,0.17265143650055326,0.1779034369375261,0.6684262156486511,0.509748101234436,-1.0,0.3139534890651703,0.37627118825912476,0.02837499976158142,-0.02824999950826168,-0.016124999150633812,-0.26337501406669617,0.0002969200140796602,0.0001598800008650869,0.0,0.0,0.03999999910593033,0.0,0.03999999910593033,0.0037499999161809683,0.010499999858438969,-0.0002500000118743628,0.0,-0.09643851220607758,0.803403913974762,-0.9371696710586548,0.1737966239452362,-0.13960478
77,2477,-0.21313159696200268,-0.4095700197964365,0.1518684030379973,0.07842998020356351,0.17092476016084665,0.18100192695577716,0.671390175819397,0.5095728635787964,-1.0,0.3139534890651703,0.37627118825912476,0.027374999597668648,-0.027124999091029167,-0.012875000014901161,-0.25975000858306885,0.0001827200030675158,0.0007822700426913798,7.994000043254346e-05,6.28100024187006e-05,0.08449999988079071,0.012500000186264515,0.09700000286102295,0.0022499999031424522,0.03824999928474426,0.000750000006519258,0.0002500000118743628,0.8112416863441467,0.32303184270858765,-0.2252560257911682,-0.9562775492668152,0.0
78,2478,-0.21106489066435732,-0.40990197617440655,0.15393510933564267,0.07809802382559344,0.17261320694442595,0.17797146163374378,0.6671358346939087,0.5092033743858337,-1.0,0.3139534890651703,0.37627118825912476,0.0351249985396862,-0.027124999091029167,-0.016374999657273293,-0.2775000035762787,0.001918560010381043,0.0011819700011983514,-7.423000351991504e-05,0.0,0.27149999141693115,0.006500000134110451,0.27799999713897705,0.017000000923871994,0.05025000125169754,-0.0005000000237487257,0.0,-0.7097128033638,-0.8612273931503296,-0.6782480478286743,-0.8853989243507385,-0.23563763
79,2479,-0.2120746154722617,-0.40807303715910426,0.1529253845277383,0.07992696284089573,0.17255286906315567,0.17807887824615445,0.6719421148300171,0.508640706539154,-1.0,0.3139534890651703,0.37627118825912476,0.029249999672174454,-0.027249999344348907,-0.013375000096857548,-0.27399998903274536,0.0001827200030675158,0.0002797899942379445,7.994000043254346e-05,6.28100024187006e-05,0.04050000011920929,0.012500000186264515,0.05299999937415123,0.0022499999031424522,0.0182499997317791,0.0010000000474974513,0.0005000000237487257,-0.5598750114440918,0.2850225865840912,-0.4877622127532959,-0.009120270609855652,0.0
80,2480,-0.2139765857509624,-0.40764600829691,0.1510234142490376,0.08035399170308999,0.1710696806393718,0.1807398080749364,0.6695939302444458,0.5117406249046326,-1.0,0.3139534890651703,0.37627118825912476,0.01924999989569187,-0.02462499961256981,-0.02187499962747097,-0.27399998903274536,0.0001256200048374012,0.0003825699968729168,0.0,4.568000076687895e-05,0.04450000077486038,0.004000000189989805,0.048500001430511475,0.001500000013038516,0.023499999195337296,-0.0002500000118743628,0.0002500000118743628,-0.3895776867866516,-0.16149449348449707,-0.9309839010238647,-0.9820975661277771,-0.13571808
81,2481,-0.21073679972101989,-0.40404806934077864,0.1542632002789801,0.08395193065922135,0.1756276220351555,0.17268671530062124,0.6651707291603088,0.5124644041061401,-1.0,0.3139534890651703,0.37627118825912476,0.012249999679625034,-0.024250000715255737,-0.018124999478459358,-0.29225000739097595,0.00010278000263497233,0.0002512400096748024,0.0,0.0,0.03099999949336052,0.0,0.03099999949336052,0.0010000000474974513,0.016750000417232513,-0.0002500000118743628,0.0,-0.7621108889579773,0.9569106101989746,-0.1800059974193573,0.9576961994171143,-0.045600723
82,2482,-0.21084656462337448,-0.403917383854699,0.1541534353766255,0.08408261614530099,0.17559375836359756,0.172745203265242,0.6727051138877869,0.5185626149177551,-1.0,0.3139534890651703,0.37627118825912476,-0.0022499999031424522,-0.00800000037997961,-0.014624999836087227,-0.27437499165534973,0.0001256200048374012,0.0003026300109922886,7.423000351991504e-05,0.0,0.03750000149011612,0.006500000134110451,0.04399999976158142,0.001500000013038516,0.019999999552965164,0.0002500000118743628,0.0,-0.00925346091389656,-0.09362252056598663,-0.8692491054534912,-0.5901248455047607,-0.094814986
83,2483,-0.21197814920223942,-0.40413230250717097,0.15302185079776057,0.08386769749282902,0.17449778653129322,0.17464885472177308,0.6724498271942139,0.5187841057777405,-1.0,0.3139534890651703,0.37627118825912476,-0.0022499999031424522,-0.00800000037997961,-0.030625000596046448,-0.2706249952316284,0.00010278000263497233,0.000245530012762174,0.0,6.28100024187006e-05,0.030500000342726707,0.005499999970197678,0.035999998450279236,0.0012499999720603228,0.016499999910593033,-0.0002500000118743628,0.0,-0.9988396763801575,-0.8645676374435425,0.2759397625923157,0.05491730943322182,0.0
84,2484,-0.20993769039889193,-0.40591903567425436,0.15506230960110806,0.08208096432574563,0.17544687105638052,0.17299913049044074,0.6698182821273804,0.5184198021888733,-1.0,0.3139534890651703,0.37627118825912476,-0.020500000566244125,-0.016124999150633812,-0.025499999523162842,-0.2697499990463257,9.707000572234392e-05,7.423000351991504e-05,0.0,6.28100024187006e-05,0.014999999664723873,0.005499999970197678,0.020500000566244125,0.0005000000237487257,0.0005000000237487257,-0.0002500000118743628,0.0002500000118743628,0.8767527341842651,-0.34086447954177856,0.9387281537055969,0.0071643260307610035,0.0
85,2485,-0.20885735138846032,-0.4062813531250438,0.15614264861153968,0.08171864687495617,0.17623411690844806,0.1716425488341912,0.6745635271072388,0.51539146900177,-1.0,0.3139534890651703,0.37627118825912476,-0.0044999998062849045,-0.022874999791383743,-0.008124999701976776,-0.2697499990463257,0.00011420000373618677,7.994000043254346e-05,0.0,6.28100024187006e-05,0.017000000923871994,0.005499999970197678,0.02250000089406967,0.0012499999720603228,0.0012499999720603228,0.0,0.0005000000237487257,0.11624490469694138,0.2693427503108978,-0.8770499229431152,0.6298335194587708,-0.129246
86,2486,-0.21006446025119155,-0.4067804481479499,0.15493553974880844,0.0812195518520501,0.17493323606536998,0.17389000051027323,0.6770759224891663,0.5147773623466492,-1.0,0.3139534890651703,0.37627118825912476,-0.0031250000465661287,-0.02225000038743019,-0.004625000059604645,-0.257625013589859,0.0001884299999801442,0.0001484600070398301,7.423000351991504e-05,0.0,0.029500000178813934,0.006500000134110451,0.035999998450279236,0.002749999985098839,0.009999999776482582,0.0005000000237487257,-0.0002500000118743628,0.7886332273483276,0.6426565647125244,-0.15997816622257233,0.6549254655838013,0.0
87,2487,-0.2099830733842065,-0.4050775618933538,0.1550169266157935,0.08292243810664618,0.17580209975696215,0.17238567815165093,0.6742687225341797,0.5139314532279968,-1.0,0.3139534890651703,0.37627118825912476,0.00937500037252903,-0.019625000655651093,-0.007249999791383743,-0.24549999833106995,0.0006281000096350908,0.0005024800193496048,0.0,0.0,0.0989999994635582,0.0,0.0989999994635582,0.007249999791383743,0.028750000521540642,0.0,0.0,-0.8409788012504578,-0.22537265717983246,0.09675579518079758,-0.938387393951416,-0.1489958
88,2488,-0.2080556537688097,-0.40705519916755817,0.1569443462311903,0.08094480083244182,0.17658875557560116,0.17103491607394153,0.6744579672813416,0.5168176889419556,-1.0,0.3139534890651703,0.37627118825912476,-0.0032500000670552254,-0.015375000424683094,-0.0037499999161809683,-0.24187499284744263,0.00010848999954760075,0.00017701000615488738,7.423000351991504e-05,6.28100024187006e-05,0.02500000037252903,0.012000000104308128,0.03700000047683716,0.0010000000474974513,0.012000000104308128,0.0005000000237487257,0.0002500000118743628,0.36397436261177063,-0.7487428188323975,0.31886935234069824,-0.0617828443646431,0.0
89,2489,-0.21036222150690925,-0.4071243301346128,0.15463777849309074,0.08087566986538719,0.1745099324206313,0.17462764335332912,0.6789403557777405,0.5134657621383667,-1.0,0.3139534890651703,0.37627118825912476,0.003000000026077032,-0.024250000715255737,0.0022499999031424522,-0.24262499809265137,0.00017130000924225897,7.994000043254346e-05,7.423000351991504e-05,-6.28100024187006e-05,0.02199999988079071,0.012000000104308128,0.03400000184774399,0.0020000000949949026,0.0017500000540167093,0.0002500000118743628,-0.0005000000237487257,0.4028629660606384,0.6081531643867493,-0.6451119184494019,-0.22169475257396698,0.0
90,2490,-0.20981488040937443,-0.407801538706078,0.15518511959062556,0.080198461293922,0.1746831833241811,0.17432536131216603,0.6735762357711792,0.5133485794067383,-1.0,0.3139534890651703,0.37627118825912476,0.008624999783933163,-0.023125000298023224,-0.009624999947845936,-0.24687500298023224,0.0004568000149447471,0.00035402001230977476,0.0,-2.8550000934046693e-05,0.07100000232458115,0.0024999999441206455,0.07349999994039536,0.005750000011175871,0.02225000038743019,0.0,-0.0002500000118743628,0.45839232206344604,0.6175757050514221,-0.9602185487747192,0.866887629032135,-0.13922624
91,2491,-0.21386392674719118,-0.40704873337972086,0.1511360732528088,0.08095126662027913,0.1714503432650571,0.18005310701222216,0.6748490929603577,0.5122007727622986,-1.0,0.3139534890651703,0.37627118825912476,0.015375000424683094,-0.021124999970197678,-0.006874999962747097,-0.23074999451637268,0.0008507900056429207,0.0008850500453263521,7.994000043254346e-05,0.0,0.15199999511241913,0.007000000216066837,0.1589999943971634,0.00925000011920929,0.04125000163912773,0.0020000000949949026,0.0,0.2079051285982132,-0.3492586612701416,-0.7087446451187134,-0.7791764736175537,-0.11750118
92,2492,-0.2100903348110048,-0.40685431394957317,0.15490966518899518,0.08114568605042682,0.1748760324731809,0.17398950029303445,0.6654327511787415,0.5134767293930054,-1.0,0.3139534890651703,0.37627118825912476,0.0182499997317791,-0.021124999970197678,-0.01899999938905239,-0.22699999809265137,0.001136290025897324,0.000491060025524348,0.0,6.28100024187006e-05,0.14249999821186066,0.005499999970197678,0.14800000190734863,0.011250000447034836,0.02824999950826168,-0.0002500000118743628,0.0,-0.4636373817920685,0.5608058571815491,-0.47304457426071167,-0.8293120861053467,-0.08076535
93,2493,-0.21220772311890612,-0.4063654920692168,0.15279227688109387,0.0816345079307832,0.173233001358315,0.1768718157483008,0.6742085218429565,0.5138062238693237,-1.0,0.3139534890651703,0.37627118825912476,0.014000000432133675,-0.017625000327825546,-0.01575000025331974,-0.24250000715255737,0.00017701000615488738,0.000925020023714751,6.851999933132902e-05,0.0,0.09650000184774399,0.006000000052154064,0.10249999910593033,0.0024999999441206455,0.042249999940395355,0.000750000006519258,0.0,0.2604624927043915,0.2656415104866028,-0.9889035224914551,0.9092837572097778,0.0
94,2494,-0.21399215199866328,-0.40496421611806654,0.1510078480013367,0.08303578388193344,0.17233198067358818,0.17847266857091149,0.6692843437194824,0.5146347880363464,-1.0,0.3139534890651703,0.37627118825912476,0.015124999918043613,-0.017625000327825546,-0.03375000134110451,-0.2253749966621399,0.0009478600113652647,0.0012504900805652142,0.0,0.0,0.19249999523162842,0.0,0.19249999523162842,0.009999999776482582,0.052000001072883606,-0.0002500000118743628,-0.0002500000118743628,-0.8130422830581665,-0.02199414186179638,-0.3496120870113373,0.5476388931274414,-0.065953456
95,2495,-0.2145303544629567,-0.40143476888881463,0.15046964553704328,0.08656523111118536,0.17359335662800113,0.1762355958540942,0.6651345491409302,0.5170097947120667,-1.0,0.3139534890651703,0.37627118825912476,0.004000000189989805,-0.00912499986588955,-0.029999999329447746,-0.21512499451637268,0.00017130000924225897,0.000673780043143779,0.0,0.0,0.07400000095367432,0.0,0.07400000095367432,0.0020000000949949026,0.03424999862909317,-0.0002500000118743628,-0.0002500000118743628,-0.573794960975647,0.8691109418869019,-0.4026169180870056,-0.9205452799797058,-0.20677948
96,2496,-0.21509774231174633,-0.40133094797518554,0.14990225768825366,0.08666905202481445,0.17315372198978454,0.1770120942055246,0.6638829112052917,0.5229918956756592,-1.0,0.3139534890651703,0.37627118825912476,-0.007249999791383743,0.003874999936670065,-0.026624999940395355,-0.21137499809265137,0.0002169799990952015,0.0008850500453263521,7.423000351991504e-05,0.0,0.09650000184774399,0.006500000134110451,0.10300000011920929,0.003000000026077032,0.04075000062584877,0.0005000000237487257,-0.0002500000118743628,0.7714747190475464,0.5338339805603027,-0.17213836312294006,-0.8765300512313843,-0.12918362
97,2497,-0.2140066797187681,-0.4020557043579791,0.15099332028123189,0.08594429564202088,0.17373947370403123,0.17597827359616997,0.6625633835792542,0.5231679081916809,-1.0,0.3139534890651703,0.37627118825912476,0.0008750000270083547,0.004000000189989805,-0.029374999925494194,-0.20774999260902405,0.001735839992761612,0.0016045100055634975,0.0,6.851999933132902e-05,0.29249998927116394,0.006000000052154064,0.2985000014305115,0.01549999974668026,0.060499999672174454,-0.0002500000118743628,0.0,-0.0831226259469986,0.7810218334197998,-0.18340809643268585,0.2709159255027771,-0.046008974
98,2498,-0.21484622179562712,-0.4000418753451864,0.15015377820437287,0.08795812465481356,0.17401950695781127,0.1754861652657447,0.6651007533073425,0.5219394564628601,-1.0,0.3139534890651703,0.37627118825912476,0.0008750000270083547,0.005125000141561031,-0.026624999940395355,-0.20287500321865082,0.0013075900496914983,0.002757929963991046,7.994000043254346e-05,6.851999933132902e-05,0.35600000619888306,0.013000000268220901,0.36899998784065247,0.012500000186264515,0.08749999850988388,0.0017500000540167093,0.0002500000118743628,-0.7494121789932251,-0.6849286556243896,0.08209057152271271,-0.9053674936294556,-0.018492866
99,2499,-0.2108819422021086,-0.401019189450386,0.1541180577978914,0.08698081054961398,0.17696902876848827,0.1703857512198793,0.6631483435630798,0.5253527760505676,-1.0,0.3139534890651703,0.37627118825912476,-0.008249999955296516,0.011625000275671482,-0.02474999986588955,-0.21950000524520874,0.0001884299999801442,0.0014389200368896127,7.423000351991504e-05,0.0,0.14249999821186066,0.006500000134110451,0.14900000393390656,0.002749999985098839,0.05575000122189522,0.0010000000474974513,-0.0002500000118743628,0.7110003232955933,-0.9470685720443726,0.41684019565582275,0.47756296396255493,0.0
100,2500,-0.2123177316889606,-0.4007512719635898,0.1526822683110394,0.0872487280364102,0.17585282369235844,0.17229825952459113,0.6723675727844238,0.5236963033676147,-1.0,0.3139534890651703,0.37627118825912476,-0.002749999985098839,0.00912499986588955,-0.017124999314546585,-0.21062499284744263,0.0021355401258915663,0.0004054100136272609,7.994000043254346e-05,0.0,0.2224999964237213,0.007000000216066837,0.22949999570846558,0.0182499997317791,0.02525000087916851,0.0012499999720603228,-0.0002500000118743628,-0.8913953900337219,-0.7160640358924866,-0.8695966005325317,-0.7077200412750244,-0.10892641
101,2501,-0.21089833776055253,-0.4026971415895106,0.15410166223944746,0.0853028584104894,0.17613602685981297,0.1718109956951189,0.6690285205841064,0.5241503715515137,-1.0,0.3139534890651703,0.37627118825912476,-0.010999999940395355,0.005499999970197678,-0.032625000923871994,-0.2070000022649765,0.00014275001012720168,0.00010278000263497233,0.0,0.0,0.0215000007301569,0.0,0.0215000007301569,0.001500000013038516,0.005750000011175871,-0.0002500000118743628,0.0,-0.35854625701904297,-0.9058196544647217,0.9627537727355957,0.3267812132835388,0.0
102,2502,-0.20974333472578102,-0.4050432165855453,0.15525666527421897,0.08295678341445467,0.17602971347628676,0.171993750907324,0.6723294258117676,0.5208523273468018,-1.0,0.3139534890651703,0.37627118825912476,-0.017124999314546585,-0.00912499986588955,-0.014624999836087227,-0.20087499916553497,8.565000462112948e-05,7.994000043254346e-05,0.0,0.0,0.014499999582767487,0.0,0.014499999582767487,0.0005000000237487257,0.0012499999720603228,-0.0002500000118743628,0.0,0.33897173404693604,-0.6008858680725098,-0.8223189115524292,0.9469446539878845,-0.12267828
103,2503,-0.21193436206673136,-0.40409143317501317,0.15306563793326863,0.08390856682498682,0.17455582803946068,0.1745475153048033,0.6750155091285706,0.5168759226799011,-1.0,0.3139534890651703,0.37627118825912476,-0.010999999940395355,-0.020250000059604645,-0.011125000193715096,-0.18312500417232513,0.00010848999954760075,7.423000351991504e-05,7.423000351991504e-05,0.0,0.01600000075995922,0.006500000134110451,0.02250000089406967,0.000750000006519258,0.0010000000474974513,0.0002500000118743628,0.0,0.16249620914459229,0.7724944353103638,-0.7376291155815125,-0.9681819677352905,-0.14018185
104,2504,-0.2112694808827324,-0.4042421460255374,0.1537305191172676,0.08375785397446261,0.17506698892273204,0.17365757313969923,0.6699200868606567,0.5184891223907471,-1.0,0.3139534890651703,0.37627118825912476,-0.008999999612569809,-0.012249999679625034,-0.02462499961256981,-0.17937499284744263,0.0001884299999801442,0.00020556000526994467,0.0,6.851999933132902e-05,0.03449999913573265,0.006000000052154064,0.04050000011920929,0.002749999985098839,0.013749999925494194,-0.0002500000118743628,0.0,0.836752712726593,0.713944673538208,-0.7977594137191772,0.8644163608551025,-0.119731136
105,2505,-0.2119037314133615,-0.4035501166892932,0.1530962685866385,0.0844498833107068,0.1748435021564832,0.1740461088354704,0.6714663505554199,0.5182336568832397,-1.0,0.3139534890651703,0.37627118825912476,0.004124999977648258,-0.009750000201165676,-0.020874999463558197,-0.16312499344348907,0.0007080400246195495,0.0006966200307942927,0.0,0.0,0.12300000339746475,0.0,0.12300000339746475,0.00774999987334013,0.03550000116229057,-0.0002500000118743628,-0.0002500000118743628,-0.710724949836731,-0.6147927641868591,-0.1291268914937973,0.10751368850469589,-0.05059359
106,2506,-0.21101876639794637,-0.40401556676204076,0.15398123360205362,0.08398443323795923,0.1753955681535638,0.17308790683670422,0.6699913144111633,0.5194065570831299,-1.0,0.3139534890651703,0.37627118825912476,-0.005625000223517418,-0.00925000011920929,-0.017124999314546585,-0.15962499380111694,9.707000572234392e-05,0.00017130000924225897,0.0,6.28100024187006e-05,0.023499999195337296,0.005499999970197678,0.028999999165534973,0.000750000006519258,0.011500000022351742,-0.0002500000118743628,0.0002500000118743628,0.5500831604003906,0.8879776000976562,0.2390708178281784,-0.956129789352417,0.0
107,2507,-0.2101417346049017,-0.4020296262737151,0.15485826539509828,0.08597037372628491,0.1771213920445969,0.1701263435784725,0.6720494031906128,0.5186176896095276,-1.0,0.3139534890651703,0.37627118825912476,0.0008750000270083547,-0.006624999921768904,-0.013375000096857548,-0.1772499978542328,0.0007537199999205768,0.0008051100303418934,7.423000351991504e-05,0.0,0.13650000095367432,0.006500000134110451,0.14300000667572021,0.008249999955296516,0.039500001817941666,0.0010000000474974513,-0.0002500000118743628,-0.9768660068511963,-0.2354009449481964,0.33776751160621643,-0.7917494773864746,-0.11900994
108,2508,-0.20503337610961794,-0.4001715687702191,0.15996662389038205,0.0878284312297809,0.18249151786088935,0.1612313194145929,0.6740890145301819,0.5219836831092834,-1.0,0.3139534890651703,0.37627118825912476,-0.013875000178813934,-0.0001250000059371814,-0.007000000216066837,-0.17387500405311584,0.00011420000373618677,0.00025695000658743083,7.423000351991504e-05,6.28100024187006e-05,0.032499998807907104,0.012000000104308128,0.04450000077486038,0.0012499999720603228,0.017750000581145287,0.000750000006519258,0.0005000000237487257,-0.7390075325965881,0.15574392676353455,0.7477461099624634,-0.2777130603790283,0.0
109,2509,-0.21007451515921938,-0.4003724795159047,0.15492548484078061,0.08762752048409528,0.1779901351180494,0.16865478404333284,0.6859688758850098,0.525132954120636,-1.0,0.3139534890651703,0.37627118825912476,-0.027249999344348907,0.006124999839812517,0.006874999962747097,-0.1784999966621399,9.707000572234392e-05,0.0001541700039524585,7.423000351991504e-05,-6.851999933132902e-05,0.02199999988079071,0.012500000186264515,0.03449999913573265,0.0005000000237487257,0.010999999940395355,0.0010000000474974513,-0.0005000000237487257,0.8885825276374817,0.5405178070068359,-0.9588816165924072,0.22369374334812164,0.0
110,2510,-0.20589219810091494,-0.4008226607662095,0.15910780189908505,0.08717733923379051,0.18142541470544274,0.16295940682817217,0.674245297908783,0.5247924327850342,-1.0,0.3139534890651703,0.37627118825912476,-0.01425000000745058,0.007000000216066837,-0.010499999858438969,-0.17475000023841858,0.0007023300277069211,0.0005310300039127469,0.0,6.28100024187006e-05,0.1080000028014183,0.005499999970197678,0.11349999904632568,0.00774999987334013,0.029500000178813934,0.0,0.0002500000118743628,-0.08948477357625961,-0.0804433822631836,0.8152259588241577,0.8138985633850098,0.0
111,2511,-0.20138677739581828,-0.401051672353383,0.1636132226041817,0.08694832764661697,0.18528167284291497,0.1567948950885331,0.683971643447876,0.5240293741226196,-1.0,0.3139534890651703,0.37627118825912476,-0.01425000000745058,0.007000000216066837,0.004000000189989805,-0.15925000607967377,0.00035973000922240317,0.0004568000149447471,7.423000351991504e-05,0.0,0.07150000333786011,0.006500000134110451,0.07800000160932541,0.0044999998062849045,0.026499999687075615,0.001500000013038516,-0.0002500000118743628,-0.09794726222753525,0.32097771763801575,0.8020808696746826,-0.8864190578460693,-0.1303703
112,2512,-0.20720636078882726,-0.40104438174209606,0.15779363921117273,0.08695561825790393,0.18016690073961994,0.1650232332536397,0.6944493651390076,0.5236412286758423,-1.0,0.3139534890651703,0.37627118825912476,-0.014624999836087227,0.007000000216066837,0.01862500049173832,-0.15562500059604645,0.0001541700039524585,0.0008165300241671503,7.994000043254346e-05,5.7100001868093386e-05,0.08500000089406967,0.012000000104308128,0.09700000286102295,0.0017500000540167093,0.03849999979138374,0.0022499999031424522,0.0,0.9190449118614197,0.9833373427391052,-0.9424968957901001,-0.20223520696163177,0.0
113,2513,-0.2061148728651896,-0.40085374273868113,0.1588851271348104,0.08714625726131886,0.1812152139840936,0.16330230894193207,0.6809154152870178,0.5236535668373108,-1.0,0.3139534890651703,0.37627118825912476,-0.0044999998062849045,0.008999999612569809,0.0022499999031424522,-0.1588750034570694,0.0017758100293576717,0.002049890113994479,5.7100001868093386e-05,-6.851999933132902e-05,0.33500000834465027,0.010999999940395355,0.34599998593330383,0.01575000025331974,0.07124999910593033,-0.0002500000118743628,-0.0010000000474974513,-0.2853054404258728,-0.1841922253370285,-0.5335497856140137,-0.9829388856887817,-0.08802598
114,2514,-0.21107737691514966,-0.40030107894565603,0.15392262308485033,0.08769892105434396,0.17715325187931763,0.1700721502400044,0.6834537982940674,0.5239766836166382,-1.0,0.3139534890651703,0.37627118825912476,-0.004625000059604645,0.008999999612569809,0.0044999998062849045,-0.17775000631809235,0.000433959998190403,0.001764390035532415,7.994000043254346e-05,2.8550000934046693e-05,0.19249999523162842,0.009499999694526196,0.20200000703334808,0.005499999970197678,0.06449999660253525,0.002749999985098839,0.0,-0.14003023505210876,-0.26630884408950806,-0.9855273365974426,0.17139938473701477,-0.0034320743
115,2515,-0.20979638217295593,-0.4010359395343257,0.15520361782704406,0.08696406046567429,0.17790702852692641,0.168795005543701,0.6719130873680115,0.5249134302139282,-1.0,0.3139534890651703,0.37627118825912476,-0.006000000052154064,0.00925000011920929,-0.012374999932944775,-0.17412500083446503,0.00021127000218257308,0.0013532700249925256,0.0,6.28100024187006e-05,0.13699999451637268,0.005499999970197678,0.14249999821186066,0.003000000026077032,0.054249998182058334,-0.0002500000118743628,0.0002500000118743628,0.1895483136177063,-0.2713887095451355,0.016086949035525322,-0.8089799880981445,-0.022069568
116,2516,-0.21480032235120367,-0.3975856241567706,0.15019967764879633,0.09041437584322937,0.1753131555957027,0.1732306118034063,0.6748921275138855,0.5236678719520569,-1.0,0.3139534890651703,0.37627118825912476,-0.005874999798834324,0.00925000011920929,-0.009750000201165676,-0.1889999955892563,0.0009136000298894942,0.0009764100541360676,7.994000043254346e-05,0.0,0.1655000001192093,0.007000000216066837,0.17249999940395355,0.009750000201165676,0.0442500002682209,0.0020000000949949026,-0.0002500000118743628,-0.7576000690460205,0.8365697264671326,-0.9041337966918945,-0.6448065042495728,-0.10137679
117,2517,-0.21502601590395426,-0.39611882543092847,0.14997398409604573,0.09188117456907152,0.1758816253786426,0.17224864186611394,0.6632550358772278,0.5295158624649048,-1.0,0.3139534890651703,0.37627118825912476,-0.016625000163912773,0.019625000655651093,-0.0253749992698431,-0.18524999916553497,0.00022840000747237355,0.0013704000739380717,-7.423000351991504e-05,0.0,0.14000000059604645,0.006500000134110451,0.14650000631809235,0.003000000026077032,0.054749999195337296,-0.0005000000237487257,-0.0002500000118743628,-0.5033202767372131,-0.22819969058036804,-0.8195632696151733,-0.837464451789856,-0.124495745
118,2518,-0.21401738060002864,-0.39729500512581706,0.15098261939997135,0.09070499487418293,0.176133890708183,0.1718146658777041,0.6627302169799805,0.5320019721984863,-1.0,0.3139534890651703,0.37627118825912476,-0.0253749992698431,0.023749999701976776,-0.04062499850988388,-0.18150000274181366,0.0001598800008650869,0.000799400033429265,0.0,2.2840000383439474e-05,0.08399999886751175,0.0020000000949949026,0.0860000029206276,0.0017500000540167093,0.03799999877810478,-0.0005000000237487257,-0.0002500000118743628,0.5934555530548096,0.7784786820411682,0.7780786752700806,0.8436411619186401,0.0
119,2519,-0.21470112589393658,-0.3971124665526444,0.1502988741060634,0.09088753344735556,0.17564252131444275,0.17266098814124486,0.6650758385658264,0.5300084948539734,-1.0,0.3139534890651703,0.37627118825912476,-0.020124999806284904,0.023624999448657036,-0.026875000447034836,-0.16587500274181366,0.001416080049239099,0.001850040047429502,7.423000351991504e-05,6.851999933132902e-05,0.28600001335144043,0.012500000186264515,0.2985000014305115,0.013500000350177288,0.06724999845027924,0.0010000000474974513,0.0,-0.24099205434322357,-0.8300508260726929,-0.8520497679710388,-0.27725309133529663,0.0
120,2520,-0.21415405932833656,-0.39686315580510734,0.15084594067166343,0.09113684419489265,0.17623967256813416,0.17163301322318691,0.6634857654571533,0.5303178429603577,-1.0,0.3139534890651703,0.37627118825912476,-0.020250000059604645,0.023624999448657036,-0.041999999433755875,-0.17100000381469727,0.0003654400061350316,0.0007308800122700632,-7.423000351991504e-05,0.0,0.09600000083446503,0.006500000134110451,0.10249999910593033,0.004749999847263098,0.036249998956918716,-0.0005000000237487257,0.0,-0.31603264808654785,-0.7708989381790161,-0.9814147353172302,-0.3669092059135437,-0.068029106
121,2521,-0.214162300062963,-0.3967818588494665,0.150837699937037,0.0912181411505335,0.17627467486072484,0.17157294824638902,0.664758026599884,0.5307404398918152,-1.0,0.3139534890651703,0.37627118825912476,-0.02487500011920929,0.022624999284744263,-0.06062500178813934,-0.16737499833106995,0.00016558999777771533,0.00014275001012720168,0.0,6.851999933132902e-05,0.027000000700354576,0.006000000052154064,0.032999999821186066,0.0022499999031424522,0.009499999694526196,0.0,0.0002500000118743628,0.020991258323192596,0.6620516777038574,-0.38343551754951477,-0.9343770742416382,-0.07001227
122,2522,-0.21393261594408847,-0.3969999065717931,0.15106738405591152,0.09100009342820686,0.1763586446121614,0.1714289393386367,0.6647388339042664,0.5308781862258911,-1.0,0.3139534890651703,0.37627118825912476,-0.02487500011920929,0.022874999791383743,-0.05674999952316284,-0.18462499976158142,0.00021127000218257308,0.0007480100030079484,3.997000021627173e-05,1.1420000191719737e-05,0.08399999886751175,0.0044999998062849045,0.0885000005364418,0.003000000026077032,0.03375000134110451,-0.0002500000118743628,-0.0002500000118743628,0.24388808012008667,-0.7444512844085693,-0.3323346674442291,0.3500698208808899,-0.06388017
123,2523,-0.2160156292824823,-0.3959269481839674,0.1489843707175177,0.09207305181603259,0.17513934334926737,0.17353196964384301,0.6652730107307434,0.5305086374282837,-1.0,0.3139534890651703,0.37627118825912476,-0.023250000551342964,0.02162499912083149,-0.05299999937415123,-0.17812499403953552,0.0007936900365166366,0.00013703999866265804,0.0,0.0,0.08150000125169754,0.0,0.08150000125169754,0.008750000037252903,0.008500000461935997,-0.0002500000118743628,-0.0002500000118743628,-0.7874953150749207,0.34347230195999146,-0.744539201259613,-0.1160394698381424,-0.15126944
124,2524,-0.21504004649278657,-0.39307925693557627,0.14995995350721342,0.09492074306442372,0.17747657625666535,0.16952315351757766,0.6604287624359131,0.5323272347450256,-1.0,0.3139534890651703,0.37627118825912476,-0.03400000184774399,0.023624999448657036,-0.04937500134110451,-0.1745000034570694,0.00010278000263497233,0.00025695000658743083,2.2840000383439474e-05,0.0,0.03150000050663948,0.0020000000949949026,0.03350000083446503,0.000750000006519258,0.017249999567866325,0.0,0.0,-0.5663670897483826,0.7586267590522766,0.8393917679786682,-0.9096108675003052,-0.13315332
125,2525,-0.21457981877901158,-0.39101868041111637,0.1504201812209884,0.09698131958888362,0.17897376139466972,0.16700398343482784,0.6626975536346436,0.5371537804603577,-1.0,0.3139534890651703,0.37627118825912476,-0.044874999672174454,0.03474999964237213,-0.03362499922513962,-0.17087499797344208,0.00014275001012720168,0.0003768599999602884,0.0,6.851999933132902e-05,0.045499999076128006,0.006000000052154064,0.051500000059604645,0.001500000013038516,0.023250000551342964,-0.0002500000118743628,0.0002500000118743628,-0.6436222195625305,0.3681727349758148,-0.7789677977561951,-0.5454110503196716,-0.117476135
126,2526,-0.21606459693847185,-0.3913493199766743,0.14893540306152814,0.09665068002332566,0.1775474816325794,0.1694029950927403,0.6637678742408752,0.5406463146209717,-1.0,0.3139534890651703,0.37627118825912476,-0.05674999952316284,0.04387500137090683,-0.029999999329447746,-0.18074999749660492,0.00011420000373618677,0.00029121001716703176,7.423000351991504e-05,0.0,0.03550000116229057,0.006500000134110451,0.041999999433755875,0.0012499999720603228,0.01875000074505806,0.0,-0.0002500000118743628,0.36885911226272583,-0.584410548210144,-0.059033993631601334,-0.32029396295547485,-0.06243528
127,2527,-0.2158744737551218,-0.39129658385969196,0.14912552624487818,0.09670341614030803,0.1777356837301318,0.16908447492749185,0.6603149175643921,0.5400859117507935,-1.0,0.3139534890651703,0.37627118825912476,-0.0521249994635582,0.03987500071525574,-0.030750000849366188,-0.1771250069141388,0.00044538002111949027,9.707000572234392e-05,-7.994000043254346e-05,6.28100024187006e-05,0.04749999940395355,0.012500000186264515,0.05999999865889549,0.005750000011175871,0.004999999888241291,-0.0005000000237487257,0.0,0.23416920006275177,0.6656686663627625,-0.5868332982063293,-0.5538347959518433,0.0
128,2528,-0.2151758748737282,-0.3902272100243496,0.1498241251262718,0.09777278997565036,0.17890440723882514,0.16711984781150183,0.6607570648193359,0.5401752591133118,-1.0,0.3139534890651703,0.37627118825912476,-0.048374999314546585,0.0403750017285347,-0.041875001043081284,-0.1873749941587448,0.0006281000096350908,0.0005139000131748617,-2.8550000934046693e-05,0.0,0.10000000149011612,0.0024999999441206455,0.10249999910593033,0.007000000216066837,0.028750000521540642,-0.0002500000118743628,-0.0002500000118743628,-0.37089523673057556,0.6069859862327576,-0.8853311538696289,0.023548658937215805,-0.1514139
129,2529,-0.21627256851168353,-0.3889539098706161,0.14872743148831646,0.09904609012938387,0.17868961034998623,0.1674792018477134,0.6623817086219788,0.5419877767562866,-1.0,0.3139534890651703,0.37627118825912476,-0.05287500098347664,0.04650000110268593,-0.03812500089406967,-0.1837500035762787,0.00017130000924225897,0.0008108200272545218,0.0,6.28100024187006e-05,0.0860000029206276,0.005499999970197678,0.09149999916553497,0.0022499999031424522,0.039250001311302185,-0.0002500000118743628,0.0,-0.46931129693984985,-0.1859091967344284,-0.32692715525627136,-0.9426009654998779,-0.06323127
130,2530,-0.2146110510353582,-0.38963173731669537,0.15038894896464178,0.09836826268330462,0.17970295232416536,0.16579063472642452,0.6598312258720398,0.544145941734314,-1.0,0.3139534890651703,0.37627118825912476,-0.061250001192092896,0.05087500065565109,-0.03437500074505806,-0.20149999856948853,0.0001256200048374012,0.0003768599999602884,0.0,6.28100024187006e-05,0.04399999976158142,0.005499999970197678,0.0494999997317791,0.001500000013038516,0.023749999701976776,-0.0002500000118743628,0.0002500000118743628,-0.6390194892883301,-0.8805056214332581,-0.1526678502559662,-0.9595022201538086,-0.042320147
131,2531,-0.21606954449446494,-0.38562215881871376,0.14893045550553505,0.10237784118128623,0.18072493724449545,0.1641049080485863,0.663695216178894,0.5429970622062683,-1.0,0.3139534890651703,0.37627118825912476,-0.07249999791383743,0.04600000008940697,-0.030750000849366188,-0.21912500262260437,0.00010278000263497233,7.423000351991504e-05,7.423000351991504e-05,0.0,0.01549999974668026,0.006500000134110451,0.02199999988079071,0.0002500000118743628,0.0005000000237487257,0.0,-0.0002500000118743628,-0.9490329623222351,0.464092493057251,0.09868648648262024,-0.9421225786209106,-0.13705473
132,2532,-0.21400295007245018,-0.38795966607453847,0.1509970499275498,0.10004033392546152,0.18113027769740989,0.1634410707804505,0.6603034138679504,0.5497929453849792,-1.0,0.3139534890651703,0.37627118825912476,-0.09025000035762787,0.05299999937415123,-0.028875000774860382,-0.21562500298023224,9.707000572234392e-05,9.13600015337579e-05,0.0,6.851999933132902e-05,0.016499999910593033,0.006000000052154064,0.02250000089406967,0.0002500000118743628,0.0037499999161809683,-0.0002500000118743628,0.0002500000118743628,0.9461825489997864,0.2920052409172058,-0.4359923303127289,-0.7261137962341309,-0.07631908
133,2533,-0.21502353190495996,-0.3867475895610594,0.14997646809504003,0.10125241043894057,0.18095577250244946,0.16372653294036976,0.665109395980835,0.5458310842514038,-1.0,0.3139534890651703,0.37627118825912476,-0.07400000095367432,0.05362499877810478,-0.0253749992698431,-0.22887499630451202,0.00022840000747237355,0.0001884299999801442,7.423000351991504e-05,0.0,0.0364999994635582,0.006500000134110451,0.0430000014603138,0.003000000026077032,0.013249999843537807,0.0002500000118743628,-0.0002500000118743628,0.13731738924980164,0.7118240594863892,-0.8212530612945557,-0.9822083711624146,-0.14186502
134,2534,-0.21231222169507505,-0.3897031157909473,0.15268777830492494,0.09829688420905269,0.1815924973364864,0.16268735730075373,0.6627359986305237,0.5478854179382324,-1.0,0.3139534890651703,0.37627118825912476,-0.07262499630451202,0.05937499925494194,-0.0403750017285347,-0.2252500057220459,0.00042825000127777457,0.0004739300056826323,-2.8550000934046693e-05,6.851999933132902e-05,0.07900000363588333,0.008500000461935997,0.08749999850988388,0.005249999929219484,0.02824999950826168,-0.0005000000237487257,0.0,0.8512970209121704,-0.9665005207061768,0.9171505570411682,-0.9838411808013916,0.0
135,2535,-0.2146999157590903,-0.38989049719461705,0.15030008424090968,0.09810950280538294,0.17948701864910452,0.16614901933416876,0.6690413355827332,0.5428760647773743,-1.0,0.3139534890651703,0.37627118825912476,-0.057874999940395355,0.04987499862909317,-0.023624999448657036,-0.2436250001192093,0.000673780043143779,0.0001598800008650869,6.851999933132902e-05,0.0,0.0729999989271164,0.006000000052154064,0.07900000363588333,0.007499999832361937,0.011250000447034836,0.0002500000118743628,0.0,0.7737844586372375,0.9939569234848022,-0.9972259998321533,-0.5959312319755554,-0.09551175
136,2536,-0.2143888262463084,-0.38985979723433345,0.1506111737536916,0.09814020276566654,0.1797643598112563,0.16568885811623452,0.6634885668754578,0.542558491230011,-1.0,0.3139534890651703,0.37627118825912476,-0.04662499949336052,0.05037499964237213,-0.041875001043081284,-0.24012500047683716,0.0015359900426119566,0.0010734800016507506,-7.423000351991504e-05,6.851999933132902e-05,0.22849999368190765,0.012500000186264515,0.2409999966621399,0.014000000432133675,0.04749999940395355,-0.0005000000237487257,0.0005000000237487257,0.04923897609114647,0.5084326267242432,0.3913687467575073,0.6355424523353577,0.0
137,2537,-0.2144273301235876,-0.38891934780132675,0.15057266987641238,0.09908065219867324,0.18024734270947107,0.1648905386923134,0.6642120480537415,0.5426105260848999,-1.0,0.3139534890651703,0.37627118825912476,-0.04662499949336052,0.05037499964237213,-0.03500000014901161,-0.2280000001192093,0.0017872300231829286,0.0018100700108334422,6.851999933132902e-05,6.851999933132902e-05,0.3149999976158142,0.012000000104308128,0.3269999921321869,0.01575000025331974,0.06650000065565109,0.0002500000118743628,0.0,-0.8501971364021301,-0.8432221412658691,-0.4841780960559845,-0.48591354489326477,0.0
138,2538,-0.21512928897372385,-0.3913206357080596,0.14987071102627614,0.0966793642919404,0.17834833754037432,0.16805173922689326,0.664122462272644,0.5442044734954834,-1.0,0.3139534890651703,0.37627118825912476,-0.05550000071525574,0.05087500065565109,-0.04374999925494194,-0.2370000034570694,0.00014275001012720168,0.0006566499941982329,0.0,0.0,0.07000000029802322,0.0,0.07000000029802322,0.0017500000540167093,0.03400000184774399,-0.0002500000118743628,0.0,0.8115404844284058,-0.7809776067733765,0.21521078050136566,-0.954584002494812,-0.13855009
139,2539,-0.21469924337160945,-0.391180213179885,0.15030075662839054,0.096819786820115,0.178785873499444,0.16731805866652247,0.6624900102615356,0.5401344895362854,-1.0,0.3139534890651703,0.37627118825912476,-0.045499999076128006,0.045375000685453415,-0.03974999859929085,-0.23350000381469727,0.001261910074390471,0.00023411000438500196,0.0,7.423000351991504e-05,0.13099999725818634,0.006500000134110451,0.13750000298023224,0.012000000104308128,0.01575000025331974,-0.0002500000118743628,0.0005000000237487257,-0.23709788918495178,-0.03953707218170166,0.4707842469215393,0.7284088134765625,0.0
140,2540,-0.21213231462883697,-0.39101386815700445,0.15286768537116302,0.09698613184299554,0.18103822524705604,0.16359159155939226,0.6634901165962219,0.5403724908828735,-1.0,0.3139534890651703,0.37627118825912476,-0.045499999076128006,0.045375000685453415,-0.03112499974668026,-0.21950000524520874,0.00025695000658743083,0.0002169799990952015,7.423000351991504e-05,0.0,0.04149999842047691,0.006500000134110451,0.04800000041723251,0.0032500000670552254,0.014499999582767487,0.0,-0.0002500000118743628,-0.9671674966812134,-0.7622238397598267,0.9013476967811584,0.6724095344543457,0.0
141,2541,-0.20893916848907934,-0.39547469153822074,0.15606083151092065,0.09252530846177925,0.18142743959453145,0.16295610711433217,0.6694597601890564,0.5406544804573059,-1.0,0.3139534890651703,0.37627118825912476,-0.06224999949336052,0.03787500038743019,-0.01425000000745058,-0.2071249932050705,9.13600015337579e-05,7.423000351991504e-05,6.851999933132902e-05,0.0,0.014499999582767487,0.006000000052154064,0.020500000566244125,0.0005000000237487257,0.0010000000474974513,0.0,0.0,0.7704726457595825,-0.9187056422233582,0.6166701316833496,-0.4485890567302704,-0.07783069
142,2542,-0.20906964196331015,-0.3966260355955127,0.15593035803668984,0.0913739644044873,0.18073040122913134,0.164095941626588,0.6768856644630432,0.5330937504768372,-1.0,0.3139534890651703,0.37627118825912476,-0.04800000041723251,0.020500000566244125,-0.0028750000055879354,-0.20337499678134918,0.00010278000263497233,7.994000043254346e-05,7.423000351991504e-05,0.0,0.01600000075995922,0.006500000134110451,0.02250000089406967,0.000750000006519258,0.001500000013038516,0.0002500000118743628,0.0,0.36012133955955505,-0.1195235326886177,-0.9291014671325684,-0.452868789434433,-0.07834426
143,2543,-0.20928547195326466,-0.39424307896621946,0.15571452804673533,0.09375692103378053,0.1817618620243314,0.16241205556366908,0.6765822172164917,0.5311422944068909,-1.0,0.3139534890651703,0.37627118825912476,-0.042125001549720764,0.01837499998509884,-0.019999999552965164,-0.19975000619888306,0.00019414001144468784,7.994000043254346e-05,0.0,6.28100024187006e-05,0.024000000208616257,0.005499999970197678,0.029500000178813934,0.0024999999441206455,0.001500000013038516,-0.0002500000118743628,0.0002500000118743628,-0.6164783239364624,0.8393583297729492,0.6886948943138123,-0.775275707244873,0.0
144,2544,-0.20580810680878142,-0.39363138726985175,0.15919189319121857,0.09436861273014824,0.1850607844099258,0.15714161967157297,0.6760802865028381,0.5351812243461609,-1.0,0.3139534890651703,0.37627118825912476,-0.05287500098347664,0.029374999925494194,-0.007499999832361937,-0.21400000154972076,0.00010278000263497233,0.0001598800008650869,7.423000351991504e-05,1.7129999832832254e-05,0.023000000044703484,0.00800000037997961,0.03099999949336052,0.0010000000474974513,0.01075000036507845,0.0005000000237487257,-0.0002500000118743628,-0.09678985923528671,0.21090996265411377,0.8001315593719482,0.6890349388122559,0.0
145,2545,-0.20108507111068105,-0.38934228790139574,0.16391492888931894,0.09865771209860424,0.19131504924945544,0.14761459457131296,0.684167206287384,0.536217987537384,-1.0,0.3139534890651703,0.37627118825912476,-0.054499998688697815,0.03125,0.007375000044703484,-0.20125000178813934,9.707000572234392e-05,0.00022269001055974513,7.423000351991504e-05,0.0,0.02800000086426735,0.006500000134110451,0.03449999913573265,0.000750000006519258,0.014750000089406967,0.000750000006519258,0.0,-0.8907044529914856,0.8932356238365173,0.8643283843994141,0.6142116189002991,0.0
146,2546,-0.20101555759859865,-0.3895981870161531,0.16398444240140134,0.09840181298384687,0.19124281463157378,0.1477212619303806,0.6951509714126587,0.5434876680374146,-1.0,0.3139534890651703,0.37627118825912476,-0.07124999910593033,0.048250000923871994,0.023499999195337296,-0.18962499499320984,0.00010848999954760075,0.00020556000526994467,7.994000043254346e-05,0.0,0.027499999850988388,0.007000000216066837,0.03449999913573265,0.0010000000474974513,0.014000000432133675,0.000750000006519258,-0.0002500000118743628,0.38198918104171753,0.39889708161354065,0.03338094800710678,-0.7251962423324585,-0.11102355
147,2547,-0.19696171852861344,-0.3891497648496555,0.16803828147138655,0.09885023515034447,0.19495700302665542,0.1423352582844213,0.6953126788139343,0.543053925037384,-1.0,0.3139534890651703,0.37627118825912476,-0.06624999642372131,0.04937500134110451,0.023499999195337296,-0.1860000044107437,0.00042254000436514616,0.0004568000149447471,7.994000043254346e-05,6.28100024187006e-05,0.07699999958276749,0.012500000186264515,0.08950000256299973,0.005249999929219484,0.026499999687075615,0.0020000000949949026,0.0,0.3995238244533539,0.9223585724830627,0.7831466794013977,-0.7972145676612854,0.0
148,2548,-0.1971165609215237,-0.3890171592785251,0.1678834390784763,0.0989828407214749,0.19489087170544786,0.14242941760223787,0.7047401666641235,0.543813943862915,-1.0,0.3139534890651703,0.37627118825912476,-0.060750000178813934,0.054625000804662704,0.03737499937415123,-0.20087499916553497,0.0008279500179924071,0.0011933899950236082,8.565000462112948e-05,0.0,0.1770000010728836,0.007499999832361937,0.18449999392032623,0.008999999612569809,0.05050000175833702,0.0035000001080334187,0.0,0.5967711210250854,0.47642210125923157,-0.1292596310377121,0.23745620250701904,-0.03580627
149,2549,-0.20105912656522387,-0.3892703335089468,0.16394087343477612,0.09872966649105319,0.19137438968679135,0.14752702540985405,0.7043800950050354,0.544038712978363,-1.0,0.3139534890651703,0.37627118825912476,-0.057624999433755875,0.05537499859929085,0.03674999997019768,-0.1967500001192093,0.0014560500858351588,0.0018043600721284747,6.851999933132902e-05,7.423000351991504e-05,0.2854999899864197,0.012500000186264515,0.2980000078678131,0.013749999925494194,0.06674999743700027,0.0,0.0005000000237487257,0.8275710940361023,-0.7936232089996338,-0.48195549845695496,-0.6144994497299194,0.0
150,2550,-0.20479852923633435,-0.39186238391084227,0.16020147076366564,0.09613761608915772,0.18683402383438594,0.15437968276742198,0.6952113509178162,0.543609619140625,-1.0,0.3139534890651703,0.37627118825912476,-0.04574999958276749,0.054999999701976776,0.027499999850988388,-0.20774999260902405,0.0025695001240819693,0.0007480100030079484,7.423000351991504e-05,-7.994000043254346e-05,0.2904999852180481,0.013500000350177288,0.30399999022483826,0.020999999716877937,0.0377499982714653,0.0005000000237487257,-0.0005000000237487257,0.753798246383667,-0.904346227645874,-0.9242708086967468,-0.5046324133872986,-0.055630315
151,2551,-0.2034335894593275,-0.39288243063220324,0.1615664105406725,0.09511756936779675,0.1874861515350794,0.1533762056243045,0.6865150332450867,0.5392162799835205,-1.0,0.3139534890651703,0.37627118825912476,-0.03725000098347664,0.04500000178813934,0.010374999605119228,-0.21712499856948853,0.0018329099984839559,0.0003882800228893757,7.423000351991504e-05,-6.851999933132902e-05,0.19449999928474426,0.012500000186264515,0.2070000022649765,0.014750000089406967,0.024000000208616257,0.0002500000118743628,-0.0005000000237487257,0.8615058660507202,0.4555744528770447,-0.03227144107222557,0.42775246500968933,-0.048382174
152,2552,-0.2030308078254552,-0.3938554208634332,0.16196919217454478,0.09414457913656676,0.18734252318807895,0.1535966556095722,0.6896893382072449,0.5374873876571655,-1.0,0.3139534890651703,0.37627118825912476,-0.032625000923871994,0.04462499916553497,0.009875000454485416,-0.2094999998807907,0.0027693500742316246,0.000867919996380806,6.28100024187006e-05,6.851999933132902e-05,0.31850001215934753,0.011500000022351742,0.33000001311302185,0.02250000089406967,0.041749998927116394,0.0002500000118743628,0.0002500000118743628,-0.4124409258365631,-0.9086765050888062,0.30905553698539734,-0.2713616192340851,0.0
153,2553,-0.20875353884894218,-0.39275701622374043,0.1562464611510578,0.09524298377625956,0.18298683717916395,0.16043468411541825,0.6906260251998901,0.53583824634552,-1.0,0.3139534890651703,0.37627118825912476,-0.032625000923871994,0.039124999195337296,0.014375000260770321,-0.21412500739097595,0.0006452300003729761,0.00029121001716703176,8.565000462112948e-05,-6.851999933132902e-05,0.0820000022649765,0.013500000350177288,0.09549999982118607,0.007249999791383743,0.01875000074505806,0.002749999985098839,-0.0005000000237487257,0.06268411874771118,-0.12809185683727264,-0.8976503014564514,0.4841223657131195,0.0
154,2554,-0.20314628769199597,-0.3951410315583128,0.16185371230800402,0.09285896844168717,0.18659960398654757,0.15474200389525608,0.6773173809051514,0.5376999974250793,-1.0,0.3139534890651703,0.37627118825912476,-0.032625000923871994,0.039000000804662704,-0.0008750000270083547,-0.20537500083446503,0.0009136000298894942,0.00021127000218257308,5.7100000958598685e-06,0.0,0.09849999845027924,0.0005000000237487257,0.0989999994635582,0.009499999694526196,0.01425000000745058,-0.0002500000118743628,0.0,0.9502944350242615,0.8602969646453857,0.7994883060455322,0.6696144938468933,0.0
155,2555,-0.2050800393713642,-0.39426900939040455,0.15991996062863578,0.09373099060959544,0.18536421555446048,0.1566655257303954,0.6903574466705322,0.5336592793464661,-1.0,0.3139534890651703,0.37627118825912476,-0.022624999284744263,0.03824999928474426,0.011374999769032001,-0.1928749978542328,0.003094820072874427,0.0010848999954760075,9.13600015337579e-05,7.423000351991504e-05,0.3659999966621399,0.014499999582767487,0.3804999887943268,0.02500000037252903,0.04800000041723251,0.004999999888241291,0.0,0.6706594228744507,-0.41314512491226196,-0.28880950808525085,-0.7696837782859802,-0.062089648
156,2556,-0.20985705829330997,-0.39404149934208266,0.15514294170669002,0.09395850065791733,0.1813767686537867,0.16303869943019256,0.6858603954315186,0.5351372957229614,-1.0,0.3139534890651703,0.37627118825912476,-0.022624999284744263,0.03824999928474426,0.008375000208616257,-0.2068749964237213,0.0038656701799482107,0.000616680015809834,7.423000351991504e-05,-7.994000043254346e-05,0.39250001311302185,0.013500000350177288,0.4059999883174896,0.030500000342726707,0.032749999314546585,0.0002500000118743628,-0.000750000006519258,-0.8548153638839722,0.5732445120811462,-0.9482051134109497,0.04988501965999603,-0.10095785
157,2557,-0.2086488592473608,-0.3950694738677639,0.1563511407526392,0.09293052613223607,0.18188392425353542,0.162213932729325,0.6747510433197021,0.5355228781700134,-1.0,0.3139534890651703,0.37627118825912476,-0.02250000089406967,0.03824999928474426,-0.00925000011920929,-0.2068749964237213,0.003740050131455064,0.0013075900496914983,0.0,7.423000351991504e-05,0.44200000166893005,0.006500000134110451,0.44850000739097595,0.029750000685453415,0.05400000140070915,0.0,0.0010000000474974513,0.2630431056022644,-0.7876203060150146,-0.9507373571395874,0.5405910015106201,-0.17865367
158,2558,-0.21269687987267394,-0.3960275505836986,0.15230312012732605,0.0919724494163014,0.17791900362848492,0.16877479338059914,0.6775608062744141,0.533780574798584,-1.0,0.3139534890651703,0.37627118825912476,-0.021124999970197678,0.035999998450279236,-0.006624999921768904,-0.1965000033378601,0.002917810110375285,0.0005139000131748617,7.994000043254346e-05,7.423000351991504e-05,0.3005000054836273,0.013500000350177288,0.3140000104904175,0.024250000715255737,0.028999999165534973,0.0022499999031424522,0.0005000000237487257,-0.866811990737915,-0.9371969103813171,-0.9283240437507629,-0.11426245421171188,-0.0366812
159,2559,-0.2123111867190425,-0.3951503306220327,0.15268881328095749,0.09284966937796729,0.17870348291162355,0.16745596980368443,0.6681467890739441,0.5321567058563232,-1.0,0.3139534890651703,0.37627118825912476,-0.021124999970197678,0.026125000789761543,-0.022749999538064003,-0.19812500476837158,0.00042825000127777457,0.00019414001144468784,0.0,-6.851999933132902e-05,0.054499998688697815,0.006000000052154064,0.060499999672174454,0.005499999970197678,0.013749999925494194,-0.0002500000118743628,-0.0005000000237487257,-0.9275329113006592,0.15599408745765686,-0.1503814458847046,-0.9729784727096558,-0.042045772
160,2560,-0.2149240506739074,-0.39771035137032523,0.15007594932609258,0.09028964862967476,0.17514283090037697,0.17352591773324255,0.669043779373169,0.5336434841156006,-1.0,0.3139534890651703,0.37627118825912476,-0.036375001072883606,0.02787500061094761,-0.019375000149011612,-0.21649999916553497,0.0001256200048374012,0.00023982000129763037,7.423000351991504e-05,1.7129999832832254e-05,0.03200000151991844,0.00800000037997961,0.03999999910593033,0.0012499999720603228,0.01600000075995922,0.0005000000237487257,0.0,0.8711377382278442,-0.7409886717796326,-0.8789901733398438,0.22272749245166779,0.0
161,2561,-0.21327925265400824,-0.3969695912347795,0.15172074734599175,0.0910304087652205,0.17693422646619109,0.17044505970385052,0.662967324256897,0.5293045043945312,-1.0,0.3139534890651703,0.37627118825912476,-0.022624999284744263,0.017500000074505806,-0.035374999046325684,-0.2122499942779541,0.0005081900162622333,0.0001484600070398301,0.0,0.0,0.057500001043081284,0.0,0.057500001043081284,0.0062500000931322575,0.008999999612569809,-0.0002500000118743628,-0.0002500000118743628,-0.26278194785118103,0.7161076068878174,0.6322522163391113,0.030274078249931335,-0.020367112
162,2562,-0.21162273763020834,-0.398074564245915,0.15337726236979166,0.08992543575408501,0.17779529973431238,0.16898370356076603,0.6667924523353577,0.5305600166320801,-1.0,0.3139534890651703,0.37627118825912476,-0.02512500062584877,0.020375000312924385,-0.024125000461935997,-0.20862500369548798,0.00014275001012720168,0.000559579988475889,7.994000043254346e-05,6.28100024187006e-05,0.061500001698732376,0.012500000186264515,0.07400000095367432,0.001500000013038516,0.029999999329447746,0.000750000006519258,0.0,0.9829795360565186,-0.3192046880722046,0.4320238530635834,-0.8042973279953003,0.0
163,2563,-0.21010500877158247,-0.39887375910959,0.15489499122841752,0.08912624089040999,0.1787063096896887,0.1674512362619649,0.6706448197364807,0.5286871790885925,-1.0,0.3139534890651703,0.37627118825912476,-0.013749999925494194,0.01924999989569187,-0.016374999657273293,-0.22337499260902405,0.0017015800112858415,0.00032546999864280224,7.423000351991504e-05,-5.139000131748617e-05,0.17749999463558197,0.010999999940395355,0.18850000202655792,0.01549999974668026,0.020500000566244125,0.0012499999720603228,-0.0005000000237487257,-0.15944254398345947,0.05844036117196083,0.15443170070648193,-0.9625997543334961,-0.13951199
164,2564,-0.21169121530233004,-0.398887601387503,0.15330878469766995,0.08911239861249698,0.17732626159694753,0.16977816327944328,0.674174427986145,0.527332603931427,-1.0,0.3139534890651703,0.37627118825912476,-0.013749999925494194,0.01924999989569187,-0.013500000350177288,-0.21987499296665192,0.0009193100268021226,0.00037115000304766,7.423000351991504e-05,6.851999933132902e-05,0.11299999803304672,0.012500000186264515,0.12549999356269836,0.009750000201165676,0.02250000089406967,0.0012499999720603228,0.0,0.8436664938926697,0.10918888449668884,-0.21292802691459656,-0.935516357421875,0.0
165,2565,-0.21129869039222615,-0.40052740538906295,0.15370130960777384,0.08747259461093704,0.17684893944582783,0.17059048922406525,0.6704855561256409,0.5273091793060303,-1.0,0.3139534890651703,0.37627118825912476,-0.004625000059604645,0.018124999478459358,-0.016625000163912773,-0.23725000023841858,0.0028378700371831656,0.0005253200070001185,0.0,-7.994000043254346e-05,0.2944999933242798,0.007000000216066837,0.30149999260902405,0.023000000044703484,0.028750000521540642,-0.0002500000118743628,-0.0002500000118743628,-0.6919829249382019,-0.9299778342247009,-0.7285140752792358,-0.7890052795410156,-0.1114217
166,2566,-0.21201481028141617,-0.4000890441503555,0.15298518971858382,0.08791095584964448,0.17644490480495384,0.171281128165328,0.671398401260376,0.5245298147201538,-1.0,0.3139534890651703,0.37627118825912476,-0.007499999832361937,0.009499999694526196,-0.013375000096857548,-0.25212499499320984,0.00021127000218257308,0.00016558999777771533,7.423000351991504e-05,0.0,0.032999999821186066,0.006500000134110451,0.039500001817941666,0.003000000026077032,0.011250000447034836,0.000750000006519258,0.0,0.1092955693602562,0.8769752979278564,-0.933329164981842,-0.05759652704000473,-0.030911583
167,2567,-0.21218068330516607,-0.40052832361459756,0.15281931669483392,0.08747167638540243,0.17608247421236595,0.17190302967303508,0.6697329878807068,0.525272786617279,-1.0,0.3139534890651703,0.37627118825912476,-0.007499999832361937,0.010125000029802322,-0.030249999836087227,-0.2486249953508377,0.0005938400281593204,0.0009592800051905215,0.0,6.851999933132902e-05,0.13600000739097595,0.006000000052154064,0.1420000046491623,0.007000000216066837,0.042750000953674316,-0.0002500000118743628,0.0005000000237487257,0.11622379720211029,-0.9744749665260315,-0.3958795368671417,-0.7535275220870972,-0.07150555
168,2568,-0.21318667028882474,-0.4015904825964579,0.15181332971117525,0.08640951740354208,0.1746822594767627,0.17432697181995543,0.6693472266197205,0.5245282649993896,-1.0,0.3139534890651703,0.37627118825912476,-0.006750000175088644,0.008750000037252903,-0.026624999940395355,-0.26237499713897705,0.0008850500453263521,0.00013133000175002962,0.0,0.0,0.08900000154972076,0.0,0.08900000154972076,0.009750000201165676,0.008999999612569809,0.0,-0.0002500000118743628,0.8816401958465576,0.457954078912735,-0.6181238889694214,-0.30523398518562317,-0.15880294
169,2569,-0.21195153837929856,-0.40373243229985223,0.15304846162070143,0.08426756770014776,0.1747136359033327,0.17427228282582538,0.6670077443122864,0.5227279663085938,-1.0,0.3139534890651703,0.37627118825912476,0.004875000100582838,0.00800000037997961,-0.023624999448657036,-0.2588750123977661,0.0022897101007401943,0.00047964000259526074,7.994000043254346e-05,7.423000351991504e-05,0.24250000715255737,0.013500000350177288,0.25600001215934753,0.019500000402331352,0.027499999850988388,0.001500000013038516,0.0002500000118743628,0.06579641252756119,-0.9270453453063965,0.37657925486564636,-0.7370692491531372,-0.0026318566
170,2570,-0.20755052226577453,-0.40488691942397387,0.15744947773422546,0.08311308057602612,0.17803966468632032,0.1685712707405244,0.6698801517486572,0.5190975666046143,-1.0,0.3139534890651703,0.37627118825912476,0.009624999947845936,-0.0036249998956918716,-0.016374999657273293,-0.2723749876022339,0.0011020300444215536,0.00022840000747237355,7.994000043254346e-05,-5.7100001868093386e-05,0.11649999767541885,0.012000000104308128,0.12849999964237213,0.011250000447034836,0.01600000075995922,0.0010000000474974513,-0.0002500000118743628,0.35330668091773987,0.11399410665035248,0.6413367390632629,-0.5878602266311646,0.0
171,2571,-0.20989416536224137,-0.4036626791541891,0.15510583463775862,0.08433732084581091,0.17655198561932112,0.17109781710143698,0.6801150441169739,0.517140805721283,-1.0,0.3139534890651703,0.37627118825912476,0.013249999843537807,-0.004000000189989805,-0.005125000141561031,-0.28349998593330383,0.0019128500716760755,0.00032546999864280224,7.994000043254346e-05,-5.7100000958598685e-06,0.19599999487400055,0.007499999832361937,0.20350000262260437,0.017000000923871994,0.020999999716877937,0.0024999999441206455,0.0,-0.8268084526062012,-0.377481609582901,-0.6237866878509521,-0.9274147748947144,-0.13528979
172,2572,-0.21156005848340975,-0.4030028267983979,0.15343994151659024,0.0849971732016021,0.1754090508066154,0.17306457156789318,0.6746647357940674,0.5192158222198486,-1.0,0.3139534890651703,0.37627118825912476,0.005375000182539225,-0.005125000141561031,-0.015375000424683094,-0.2800000011920929,0.0001598800008650869,0.00014275001012720168,0.0,6.28100024187006e-05,0.026499999687075615,0.005499999970197678,0.03200000151991844,0.0017500000540167093,0.00925000011920929,-0.0002500000118743628,0.0005000000237487257,-0.36915290355682373,-0.08216989040374756,-0.8330562114715576,-0.8410031795501709,-0.12396676
173,2573,-0.20926449772698352,-0.40259783544753236,0.15573550227301647,0.08540216455246763,0.17761496665111157,0.16928871201642282,0.6707905530929565,0.5203341841697693,-1.0,0.3139534890651703,0.37627118825912476,-0.0011249999515712261,-0.004999999888241291,-0.011625000275671482,-0.2955000102519989,0.00011420000373618677,0.00010848999954760075,0.0,0.0,0.019500000402331352,0.0,0.019500000402331352,0.0010000000474974513,0.006000000052154064,-0.0002500000118743628,0.0,-0.6150588989257812,0.33637842535972595,-0.9104496836662292,-0.7884083390235901,-0.25186297
174,2574,-0.21136801985807288,-0.39809535036518007,0.1536319801419271,0.08990464963481992,0.17800458238003092,0.1686304198048628,0.6761291027069092,0.5210205912590027,-1.0,0.3139534890651703,0.37627118825912476,-0.012500000186264515,-0.0020000000949949026,-0.008500000461935997,-0.2919999957084656,0.00010278000263497233,0.0001884299999801442,7.423000351991504e-05,6.28100024187006e-05,0.025499999523162842,0.012000000104308128,0.03750000149011612,0.000750000006519258,0.012500000186264515,0.0010000000474974513,0.0005000000237487257,-0.7129939198493958,0.9953862428665161,-0.3899971842765808,-0.8752747774124146,0.0
175,2575,-0.20999127441345133,-0.39685293707044716,0.15500872558654866,0.09114706292955282,0.17982072207799024,0.16559549843236307,0.6712371706962585,0.5286519527435303,-1.0,0.3139534890651703,0.37627118825912476,-0.026000000536441803,0.013624999672174454,-0.015124999918043613,-0.30812498927116394,0.00013133000175002962,0.00029121001716703176,0.0,0.0,0.03700000047683716,0.0,0.03700000047683716,0.0012499999720603228,0.01850000023841858,-0.0002500000118743628,0.0,-0.28461018204689026,0.5918490290641785,0.13037383556365967,0.09187598526477814,-0.021330025
176,2576,-0.21102596225087866,-0.3965585381749738,0.15397403774912133,0.09144146182502622,0.17907971756026858,0.16682712612973852,0.6744388937950134,0.5307577252388,-1.0,0.3139534890651703,0.37627118825912476,-0.03125,0.021124999970197678,-0.011749999597668648,-0.304625004529953,0.00013133000175002962,0.0004510900180321187,7.423000351991504e-05,6.28100024187006e-05,0.050999999046325684,0.012000000104308128,0.06300000101327896,0.0012499999720603228,0.025499999523162842,0.0005000000237487257,0.0005000000237487257,-0.028151463717222214,-0.13437823951244354,-0.29087385535240173,-0.49426156282424927,0.0
177,2577,-0.207906968945488,-0.39734550749269054,0.157093031054512,0.09065449250730945,0.18137380576492212,0.1630435301572271,0.6720326542854309,0.5312567353248596,-1.0,0.3139534890651703,0.37627118825912476,-0.03150000050663948,0.021124999970197678,-0.016750000417232513,-0.31349998712539673,0.00010848999954760075,0.0003368900215718895,0.0,-3.997000021627173e-05,0.039000000804662704,0.0035000001080334187,0.042500000447034836,0.000750000006519258,0.020500000566244125,-0.0002500000118743628,-0.0002500000118743628,0.706413984298706,0.35156548023223877,0.8635022640228271,0.8812165260314941,0.0
178,2578,-0.20363425971586682,-0.39912102729427085,0.16136574028413317,0.08887897270572914,0.18422370620165057,0.1584625387759031,0.6792861223220825,0.5299228429794312,-1.0,0.3139534890651703,0.37627118825912476,-0.022874999791383743,0.020874999463558197,-0.001500000013038516,-0.2971250116825104,0.0009136000298894942,0.0006852000369690359,7.994000043254346e-05,0.0,0.14000000059604645,0.007000000216066837,0.1469999998807907,0.009750000201165676,0.03400000184774399,0.001500000013038516,0.0,0.8599711060523987,0.2085973024368286,0.800168514251709,0.10358147323131561,-0.011570225
179,2579,-0.20880072876981098,-0.39775238127272583,0.156199271230189,0.09024761872727416,0.1803963553367573,0.16464501394533143,0.6892226338386536,0.5269135236740112,-1.0,0.3139534890651703,0.37627118825912476,-0.011374999769032001,0.020375000312924385,0.012374999932944775,-0.29362499713897705,0.002169799990952015,0.0009649900021031499,9.13600015337579e-05,6.851999933132902e-05,0.2745000123977661,0.014000000432133675,0.28850001096725464,0.01875000074505806,0.042750000953674316,0.0037499999161809683,0.0005000000237487257,-0.650898814201355,-0.09134972095489502,-0.9106901288032532,-0.579614520072937,0.0
180,2580,-0.20631972562630072,-0.3950455403611612,0.15868027437369928,0.0929544596388388,0.18390204197360344,0.15897307674680972,0.6772075891494751,0.5292332768440247,-1.0,0.3139534890651703,0.37627118825912476,-0.015625,0.020625000819563866,-0.002749999985098839,-0.30412501096725464,0.00022840000747237355,0.0008565000025555491,0.0,-2.2840000383439474e-05,0.0949999988079071,0.0020000000949949026,0.09700000286102295,0.003000000026077032,0.039000000804662704,0.0,0.0,-0.906745970249176,0.6714950799942017,-0.7220273017883301,-0.9593030214309692,-0.24975964
181,2581,-0.20881190688851523,-0.39502884098732743,0.15618809311148477,0.09297115901267256,0.18176456430768204,0.16240766678903096,0.6829773783683777,0.5338211059570312,-1.0,0.3139534890651703,0.37627118825912476,-0.03237500041723251,0.03212499991059303,0.000375000003259629,-0.3003750145435333,0.00019414001144468784,0.0008850500453263521,7.994000043254346e-05,3.425999966566451e-05,0.09449999779462814,0.009999999776482582,0.10450000315904617,0.0024999999441206455,0.04100000113248825,0.0012499999720603228,0.0,0.1869610995054245,-0.583369255065918,-0.5479652285575867,0.6484174728393555,0.0
182,2582,-0.20836266791683877,-0.39498220769195297,0.15663733208316122,0.09301779230804702,0.18217454127290536,0.1617431957851758,0.677181601524353,0.5338494181632996,-1.0,0.3139534890651703,0.37627118825912476,-0.03200000151991844,0.03212499991059303,-0.00925000011920929,-0.28824999928474426,0.0008165300241671503,0.0003026300109922886,0.0,0.0,0.09799999743700027,0.0,0.09799999743700027,0.008750000037252903,0.01924999989569187,0.0,0.0,-0.1329171508550644,-0.018818775191903114,-0.15141598880290985,-0.7516701221466064,-0.15637034
183,2583,-0.21206283711220403,-0.3942987494341412,0.15293716288779596,0.09370125056585876,0.17935913734676046,0.1663616287788141,0.6782263517379761,0.5339284539222717,-1.0,0.3139534890651703,0.37627118825912476,-0.03200000151991844,0.03212499991059303,-0.0062500000931322575,-0.28462499380111694,0.000308340007904917,0.0002969200140796602,7.994000043254346e-05,6.28100024187006e-05,0.05299999937415123,0.012500000186264515,0.06549999862909317,0.004000000189989805,0.01875000074505806,0.001500000013038516,0.0002500000118743628,0.09574171155691147,-0.11024409532546997,-0.6747908592224121,-0.9003199934959412,0.0
184,2584,-0.21103880678076803,-0.39461207942460536,0.15396119321923196,0.09338792057539463,0.1800704104701433,0.16518254146220493,0.6696212887763977,0.5350868701934814,-1.0,0.3139534890651703,0.37627118825912476,-0.03200000151991844,0.03212499991059303,-0.017999999225139618,-0.30137500166893005,0.0006852000369690359,0.0002169799990952015,0.0,0.0,0.07900000363588333,0.0,0.07900000363588333,0.007499999832361937,0.014750000089406967,-0.0002500000118743628,0.0,-0.25189560651779175,0.7755692601203918,-0.5875284671783447,0.8059866428375244,-0.09450342
185,2585,-0.2112218306379611,-0.3948292964772839,0.1537781693620389,0.09317070352271611,0.1798012941200863,0.16562767338145595,0.6720027923583984,0.5345557928085327,-1.0,0.3139534890651703,0.37627118825912476,-0.03362499922513962,0.03237500041723251,-0.014624999836087227,-0.2863749861717224,0.0001541700039524585,0.0009764100541360676,6.851999933132902e-05,0.0,0.0989999994635582,0.006000000052154064,0.10499999672174454,0.001500000013038516,0.04324999824166298,0.0005000000237487257,0.0,-0.0022929494734853506,0.008940942585468292,-0.3239540755748749,-0.05607370287179947,-0.030728847
186,2586,-0.2114606234167258,-0.394280632067557,0.15353937658327418,0.09371936793244301,0.179882350682987,0.1654934756775712,0.6715771555900574,0.5341876149177551,-1.0,0.3139534890651703,0.37627118825912476,-0.03362499922513962,0.03237500041723251,-0.020124999806284904,-0.2828750014305115,0.00014275001012720168,0.0009878299897536635,-7.423000351991504e-05,6.28100024187006e-05,0.0989999994635582,0.012000000104308128,0.11100000143051147,0.001500000013038516,0.04349999874830246,-0.0005000000237487257,0.0005000000237487257,0.17892418801784515,-0.373818576335907,-0.7572273015975952,-0.7394583225250244,0.0
187,2587,-0.2154853642020054,-0.3953659282869617,0.1495146357979946,0.09263407171303828,0.17588546716526435,0.17224202456794666,0.6710218191146851,0.5351175665855408,-1.0,0.3139534890651703,0.37627118825912476,-0.032999999821186066,0.03237500041723251,-0.03437500074505806,-0.29637500643730164,0.0006281000096350908,0.0005481599946506321,0.0,-5.7100000958598685e-06,0.10300000011920929,0.0005000000237487257,0.10350000113248825,0.006750000175088644,0.029500000178813934,-0.0002500000118743628,0.0,0.8990512490272522,-0.3310290575027466,-0.8885465860366821,-0.7996742129325867,-0.2505865
188,2588,-0.213990016503067,-0.39663567552013695,0.15100998349693298,0.09136432447986303,0.17649774758734366,0.17119064236121065,0.6616619229316711,0.5332781076431274,-1.0,0.3139534890651703,0.37627118825912476,-0.0215000007301569,0.028750000521540642,-0.030625000596046448,-0.2930000126361847,0.001975659979507327,0.00041112001053988934,0.0,6.851999933132902e-05,0.20900000631809235,0.006000000052154064,0.2150000035762787,0.017249999567866325,0.02449999935925007,-0.0002500000118743628,0.000750000006519258,0.7287812232971191,0.47220638394355774,-0.15598729252815247,0.825448751449585,-0.086830154
189,2589,-0.21477623643666363,-0.3965720791343953,0.15022376356333636,0.0914279208656047,0.17585859050083524,0.17228832370044822,0.6651394963264465,0.5311259627342224,-1.0,0.3139534890651703,0.37627118825912476,-0.017000000923871994,0.02837499976158142,-0.027374999597668648,-0.2775000035762787,0.0025695001240819693,0.000925020023714751,7.994000043254346e-05,6.851999933132902e-05,0.3059999942779541,0.013000000268220901,0.3190000057220459,0.02174999937415123,0.042750000953674316,0.000750000006519258,0.0005000000237487257,-0.2724175751209259,-0.5861947536468506,-0.5956135988235474,0.4156463146209717,0.0
190,2590,-0.21398608627169657,-0.39691027679192775,0.15101391372830342,0.09108972320807224,0.17635912171946957,0.17142812144058997,0.6633110642433167,0.5312337875366211,-1.0,0.3139534890651703,0.37627118825912476,-0.017000000923871994,0.027124999091029167,-0.03799999877810478,-0.2693749964237213,0.0011819700011983514,0.0003825699968729168,0.0,0.0,0.13699999451637268,0.0,0.13699999451637268,0.011749999597668648,0.023499999195337296,-0.0002500000118743628,-0.0002500000118743628,-0.11604821681976318,0.995127260684967,0.5865078568458557,0.10381411015987396,-0.011542308
191,2591,-0.2141129773720353,-0.3962819618378109,0.1508870226279647,0.0917180381621891,0.17657602363246463,0.17105669352851682,0.6651486158370972,0.5306605696678162,-1.0,0.3139534890651703,0.37627118825912476,-0.017000000923871994,0.027249999344348907,-0.02787500061094761,-0.2658750116825104,0.0006852000369690359,0.00159880006685853,7.423000351991504e-05,6.851999933132902e-05,0.20000000298023224,0.012500000186264515,0.21250000596046448,0.007499999832361937,0.060499999672174454,0.0012499999720603228,0.0002500000118743628,0.45583075284957886,-0.24963964521884918,-0.5602154731750488,-0.7977026104927063,0.0
192,2592,-0.2144874604456597,-0.3969715136144383,0.1505125395543403,0.09102848638556171,0.1758982941837221,0.1722199324685724,0.6648535132408142,0.5317254662513733,-1.0,0.3139534890651703,0.37627118825912476,-0.01549999974668026,0.027124999091029167,-0.03737499937415123,-0.28025001287460327,0.0025637901853770018,0.0012276499764993787,-7.423000351991504e-05,-7.423000351991504e-05,0.3319999873638153,0.013000000268220901,0.3449999988079071,0.0215000007301569,0.051500000059604645,-0.000750000006519258,-0.000750000006519258,-0.21972493827342987,-0.9936290979385376,-0.18891306221485138,-0.7609073519706726,-0.028027505
193,2593,-0.21524741651472112,-0.39784251919831476,0.14975258348527887,0.09015748080168523,0.17479761899128277,0.17412598502257237,0.663982629776001,0.5305567383766174,-1.0,0.3139534890651703,0.37627118825912476,-0.016124999150633812,0.02500000037252903,-0.04112499952316284,-0.29487499594688416,0.00032546999864280224,0.0002969200140796602,0.0,0.0,0.054499998688697815,0.0,0.054499998688697815,0.004000000189989805,0.01850000023841858,-0.0002500000118743628,0.0,0.9862286448478699,0.6044204235076904,0.3901023268699646,-0.541786789894104,-0.08901442
194,2594,-0.21412233248034396,-0.3975851341288038,0.15087766751965603,0.09041486587119618,0.17589462335920977,0.1722262544761028,0.6622152924537659,0.5290804505348206,-1.0,0.3139534890651703,0.37627118825912476,-0.00800000037997961,0.024250000715255737,-0.03400000184774399,-0.2916249930858612,0.0030491400975733995,0.000925020023714751,7.423000351991504e-05,7.994000043254346e-05,0.3479999899864197,0.013500000350177288,0.36149999499320984,0.02449999935925007,0.042500000447034836,0.0,0.0010000000474974513,-0.6296615600585938,-0.44314706325531006,0.24631495773792267,-0.39233481884002686,0.0
195,2595,-0.21474577156090638,-0.39767859349704954,0.1502542284390936,0.09032140650295045,0.17531197801775708,0.17323265174089686,0.6648317575454712,0.5295166969299316,-1.0,0.3139534890651703,0.37627118825912476,-0.010125000029802322,0.023499999195337296,-0.029874999076128006,-0.2982499897480011,0.0004054100136272609,0.00048534999950788915,7.423000351991504e-05,-6.851999933132902e-05,0.07800000160932541,0.012500000186264515,0.09049999713897705,0.005249999929219484,0.027499999850988388,0.000750000006519258,-0.0002500000118743628,0.08375928550958633,0.9125798940658569,-0.5769228935241699,-0.19439302384853363,0.0
196,2596,-0.21464241505735865,-0.3968710763321167,0.15035758494264134,0.09112892366788328,0.17581775814362582,0.1723586874488226,0.6633819341659546,0.5293583273887634,-1.0,0.3139534890651703,0.37627118825912476,-0.010125000029802322,0.023499999195337296,-0.04012500122189522,-0.3017500042915344,0.0007251700153574347,0.0016444800421595573,-5.7100000958598685e-06,-6.851999933132902e-05,0.20749999582767487,0.006500000134110451,0.21400000154972076,0.008249999955296516,0.061500001698732376,-0.0002500000118743628,-0.0005000000237487257,-0.5933592319488525,-0.41276150941848755,-0.9513570666313171,-0.9506065249443054,-0.13816285
197,2597,-0.21495151365053194,-0.3986988106170452,0.15004848634946805,0.08930118938295478,0.1746117140428352,0.17444999492716887,0.6636223196983337,0.530726969242096,-1.0,0.3139534890651703,0.37627118825912476,-0.01850000023841858,0.023874999955296516,-0.036375001072883606,-0.31962499022483826,0.00019414001144468784,0.001050640014000237,0.0,0.0,0.10899999737739563,0.0,0.10899999737739563,0.002749999985098839,0.045499999076128006,-0.0002500000118743628,-0.0002500000118743628,0.8505752086639404,-0.9414146542549133,-0.9942048192024231,0.22052721679210663,-0.14330459
198,2598,-0.21602714937345358,-0.39874122889426233,0.14897285062654642,0.08925877110573766,0.17366645744963471,0.17610681326181538,0.6629034280776978,0.5276291370391846,-1.0,0.3139534890651703,0.37627118825912476,-0.00937500037252903,0.01837499998509884,-0.032999999821186066,-0.3160000145435333,0.001821490004658699,0.0003368900215718895,7.994000043254346e-05,7.423000351991504e-05,0.1889999955892563,0.013500000350177288,0.20250000059604645,0.016249999403953552,0.021250000223517418,0.0005000000237487257,0.000750000006519258,0.24716441333293915,0.9088023900985718,-0.42744287848472595,0.5432507991790771,-0.013839233
199,2599,-0.2150005782147229,-0.39884111999220806,0.1499994217852771,0.08915888000779193,0.17449679773612264,0.1746505816497519,0.6604019999504089,0.5275572538375854,-1.0,0.3139534890651703,0.37627118825912476,-0.007625000085681677,0.01837499998509884,-0.0403750017285347,-0.3057500123977661,0.002015630016103387,0.0013932400615885854,-6.851999933132902e-05,6.28100024187006e-05,0.2985000014305115,0.011500000022351742,0.3100000023841858,0.017500000074505806,0.05525000020861626,-0.000750000006519258,0.0005000000237487257,-0.3739316463470459,0.6495618224143982,-0.781517505645752,0.2504388093948364,0.0
200,2600,-0.21490562009971148,-0.39935966226458736,0.1500943799002885,0.08864033773541263,0.17431417713857972,0.1749698209952504,0.6627893447875977,0.5273879170417786,-1.0,0.3139534890651703,0.37627118825912476,-0.008124999701976776,0.01875000074505806,-0.05525000020861626,-0.3009999990463257,0.00033117999555543065,0.0024210400879383087,0.0,6.28100024187006e-05,0.2409999966621399,0.005499999970197678,0.24650000035762787,0.0044999998062849045,0.07874999940395355,-0.0002500000118743628,0.0002500000118743628,0.9758024215698242,-0.34435972571372986,-0.37533649802207947,-0.4749334156513214,-0.08771722
201,2601,-0.21668903907683432,-0.3993506948652719,0.14831096092316567,0.08864930513472807,0.17278553304840918,0.17766503445055273,0.6630101799964905,0.5265090465545654,-1.0,0.3139534890651703,0.37627118825912476,-0.0012499999720603228,0.01837499998509884,-0.051624998450279236,-0.3095000088214874,0.0034488399978727102,0.0015873800730332732,3.425999966566451e-05,-7.994000043254346e-05,0.4410000145435333,0.009999999776482582,0.45100000500679016,0.027249999344348907,0.060750000178813934,0.0,-0.0005000000237487257,-0.6597603559494019,-0.9419137835502625,-0.9610671997070312,0.9481972455978394,-0.20662364
202,2602,-0.21666365542950422,-0.4007796269959433,0.14833634457049577,0.08722037300405666,0.17207865814069923,0.17892535318943886,0.6588627099990845,0.5265242457389832,-1.0,0.3139534890651703,0.37627118825912476,-0.0011249999515712261,0.01587500050663948,-0.04774999991059303,-0.29212498664855957,0.002917810110375285,0.0005538699915632606,0.0,7.423000351991504e-05,0.30399999022483826,0.006500000134110451,0.31049999594688416,0.023499999195337296,0.030500000342726707,-0.0002500000118743628,0.0002500000118743628,0.8844281435012817,-0.9022310376167297,-0.5183127522468567,-0.3807777166366577,-0.2523289
203,2603,-0.21720161094589346,-0.3990986734399487,0.14779838905410653,0.08890132656005129,0.17247553354353168,0.17821664973826984,0.6589217185974121,0.5241023302078247,-1.0,0.3139534890651703,0.37627118825912476,-0.0011249999515712261,0.007499999832361937,-0.04399999976158142,-0.29899999499320984,0.00037115000304766,0.00019414001144468784,0.0,-6.851999933132902e-05,0.0494999997317791,0.006000000052154064,0.05550000071525574,0.004749999847263098,0.013500000350177288,-0.0002500000118743628,-0.0002500000118743628,-0.7114534378051758,0.7786649465560913,0.022562295198440552,0.45117509365081787,-0.021292526
204,2604,-0.21593152868529447,-0.3950254279119102,0.14906847131470552,0.09297457208808979,0.17568631191719686,0.17258539540628173,0.6576706767082214,0.5269513726234436,-1.0,0.3139534890651703,0.37627118825912476,-0.013124999590218067,0.013249999843537807,-0.04024999961256981,-0.29087498784065247,0.00017701000615488738,0.0005767100374214351,0.0,6.851999933132902e-05,0.06599999964237213,0.006000000052154064,0.07199999690055847,0.0022499999031424522,0.03099999949336052,-0.0002500000118743628,0.0002500000118743628,-0.9788293838500977,0.9331840872764587,0.2579028308391571,-0.11972016096115112,0.0
205,2605,-0.21604318202378847,-0.3941936774045839,0.14895681797621152,0.0938063225954161,0.17603340529704437,0.17198740132353454,0.6606243252754211,0.5338551998138428,-1.0,0.3139534890651703,0.37627118825912476,-0.03137499839067459,0.029750000685453415,-0.035624999552965164,-0.2927500009536743,0.0001827200030675158,0.0006395200034603477,7.423000351991504e-05,-6.851999933132902e-05,0.07199999690055847,0.012500000186264515,0.08449999988079071,0.0022499999031424522,0.032749999314546585,0.0,-0.0002500000118743628,-0.16405977308750153,-0.395717591047287,-0.9697664380073547,-0.9232231378555298,0.0
206,2606,-0.21599163388720527,-0.39476534099310384,0.14900836611279472,0.09323465900689615,0.17577313449937926,0.17243561733952162,0.6603646874427795,0.5352649688720703,-1.0,0.3139534890651703,0.37627118825912476,-0.0338749997317791,0.029874999076128006,-0.05362499877810478,-0.3101249933242798,0.0001256200048374012,0.00027407999732531607,0.0,0.0,0.03500000014901161,0.0,0.03500000014901161,0.0012499999720603228,0.017750000581145287,-0.0002500000118743628,0.0,-0.47132328152656555,-0.6795414090156555,0.7434056997299194,0.8576401472091675,0.0
207,2607,-0.21589417920926451,-0.3950549683892069,0.14910582079073548,0.0929450316107931,0.17570237532489494,0.172557674537108,0.6604845523834229,0.5342960357666016,-1.0,0.3139534890651703,0.37627118825912476,-0.042125001549720764,0.025499999523162842,-0.03974999859929085,-0.2941249907016754,9.13600015337579e-05,7.994000043254346e-05,0.0,0.0,0.014999999664723873,0.0,0.014999999664723873,0.0002500000118743628,0.0012499999720603228,-0.0002500000118743628,0.0,-0.5830066800117493,-0.402050644159317,-0.8116379976272583,0.8662290573120117,-0.12139657
208,2608,-0.21601922435144194,-0.39772074126106155,0.14898077564855805,0.09027925873893844,0.17419993131829353,0.17516983093224164,0.6607112288475037,0.5338051319122314,-1.0,0.3139534890651703,0.37627118825912476,-0.05312500149011612,0.01850000023841858,-0.035999998450279236,-0.27799999713897705,9.13600015337579e-05,7.423000351991504e-05,0.0,0.0,0.014499999582767487,0.0,0.014499999582767487,0.0005000000237487257,0.0002500000118743628,-0.0002500000118743628,0.0,0.7084009647369385,-0.5026187300682068,-0.26168587803840637,0.9741514921188354,-0.055402312
209,2609,-0.21232384717485575,-0.39505997000668336,0.15267615282514424,0.09294002999331663,0.17873963415159325,0.16739544333539072,0.6604204177856445,0.5292868614196777,-1.0,0.3139534890651703,0.37627118825912476,-0.03999999910593033,0.008624999783933163,-0.03237500041723251,-0.25962498784065247,0.00010848999954760075,7.994000043254346e-05,6.851999933132902e-05,0.0,0.016499999910593033,0.006000000052154064,0.02250000089406967,0.000750000006519258,0.0012499999720603228,0.0,-0.0002500000118743628,-0.5177706480026245,0.8543800711631775,0.9434431195259094,0.11061825603246689,-0.01072581
210,2610,-0.21082406662499736,-0.39816018336398296,0.15417593337500263,0.08983981663601703,0.17844161814231121,0.16789505264343252,0.6690143346786499,0.5337966680526733,-1.0,0.3139534890651703,0.37627118825912476,-0.04962500184774399,0.02199999988079071,-0.014624999836087227,-0.25600001215934753,9.707000572234392e-05,0.00011420000373618677,0.0,5.7100001868093386e-05,0.01850000023841858,0.004999999888241291,0.023499999195337296,0.000750000006519258,0.006500000134110451,-0.0002500000118743628,0.0,0.5262154936790466,-0.958035409450531,-0.07370442152023315,0.04580889642238617,-0.032844532
211,2611,-0.21219404341499948,-0.3997753027128096,0.1528059565850005,0.0882246972871904,0.1764461889054945,0.17127892875755657,0.6725021600723267,0.5285420417785645,-1.0,0.3139534890651703,0.37627118825912476,-0.03987500071525574,0.006750000175088644,-0.011125000193715096,-0.2554999887943268,0.00010848999954760075,7.994000043254346e-05,7.423000351991504e-05,6.28100024187006e-05,0.016499999910593033,0.012000000104308128,0.02850000001490116,0.000750000006519258,0.0012499999720603228,0.0002500000118743628,0.0005000000237487257,0.9544826745986938,0.3360900282859802,-0.6550064086914062,-0.7632004022598267,0.0
212,2612,-0.21187344931206775,-0.39889300642919767,0.15312655068793224,0.08910699357080232,0.17716601488098918,0.17005044531375596,0.6693161725997925,0.5258045792579651,-1.0,0.3139534890651703,0.37627118825912476,-0.023749999701976776,0.00712500000372529,-0.023125000298023224,-0.2693749964237213,0.0003140500048175454,0.0001884299999801442,-3.425999966566451e-05,0.0,0.04399999976158142,0.003000000026077032,0.04699999839067459,0.0042500002309679985,0.013000000268220901,-0.0002500000118743628,-0.0002500000118743628,0.17176136374473572,0.745396614074707,-0.6211733818054199,-0.7998508214950562,-0.21852292
213,2613,-0.21266921164152716,-0.39983836046788684,0.15233078835847283,0.08816163953211315,0.1760032493078014,0.17203927364668992,0.6700617671012878,0.5273000001907349,-1.0,0.3139534890651703,0.37627118825912476,-0.02174999937415123,0.011874999850988388,-0.019375000149011612,-0.265749990940094,0.0005310300039127469,0.0006052600219845772,0.0,6.851999933132902e-05,0.09950000047683716,0.006000000052154064,0.1054999977350235,0.006500000134110451,0.03125,-0.0002500000118743628,0.0,0.6839184761047363,0.4176265299320221,-0.8151286840438843,-0.7106730937957764,-0.12181545
214,2614,-0.20962318089649076,-0.3987149305052401,0.15537681910350923,0.0892850694947599,0.1792031795181345,0.1666212851873428,0.6682111620903015,0.5256977081298828,-1.0,0.3139534890651703,0.37627118825912476,-0.011625000275671482,0.011625000275671482,-0.016374999657273293,-0.2788749933242798,0.0011876800563186407,0.0010906100505962968,7.994000043254346e-05,-6.28100024187006e-05,0.19949999451637268,0.012500000186264515,0.21199999749660492,0.011749999597668648,0.04724999889731407,0.0012499999720603228,-0.0002500000118743628,-0.5922445058822632,0.3250763416290283,0.3513433039188385,0.5874165892601013,0.0
215,2615,-0.20514001409200802,-0.3988326355439946,0.15985998590799197,0.08916736445600537,0.1830465350082691,0.16033893667428512,0.6752949357032776,0.5276018381118774,-1.0,0.3139534890651703,0.37627118825912476,-0.017875000834465027,0.017374999821186066,-0.010125000029802322,-0.26787498593330383,0.00017701000615488738,0.0011305800871923566,7.423000351991504e-05,0.0,0.1145000010728836,0.006500000134110451,0.12099999934434891,0.0022499999031424522,0.04774999991059303,0.0017500000540167093,-0.0002500000118743628,0.04038722440600395,-0.5205203294754028,0.7679503560066223,0.6146235466003418,0.0
216,2616,-0.20968739982711457,-0.40013611435404034,0.15531260017288542,0.08786388564595965,0.17844345371368725,0.16789197083818888,0.6857209205627441,0.5274023413658142,-1.0,0.3139534890651703,0.37627118825912476,-0.017875000834465027,0.017374999821186066,0.0042500002309679985,-0.2563750147819519,0.00028550002025440335,0.0005081900162622333,7.994000043254346e-05,0.0,0.06949999928474426,0.007000000216066837,0.07649999856948853,0.0037499999161809683,0.02824999950826168,0.0017500000540167093,-0.0002500000118743628,0.9233840703964233,-0.49674370884895325,-0.7286008596420288,-0.8937260508537292,-0.13124713
217,2617,-0.2082240149533806,-0.4005976990009707,0.15677598504661938,0.08740230099902929,0.17949337510689006,0.16613845847754544,0.6751455664634705,0.5251930356025696,-1.0,0.3139534890651703,0.37627118825912476,-0.0062500000931322575,0.01075000036507845,-0.008500000461935997,-0.2529999911785126,0.0016844500787556171,0.00037115000304766,5.7100000958598685e-06,7.423000351991504e-05,0.18000000715255737,0.007000000216066837,0.18700000643730164,0.014999999664723873,0.023000000044703484,0.0,0.0005000000237487257,-0.04312591627240181,-0.4568248987197876,0.22587138414382935,-0.18679587543010712,0.0
218,2618,-0.20906488596203626,-0.4048287656709766,0.15593511403796373,0.0831712343290234,0.17672921096934166,0.17079485693660457,0.6785488128662109,0.5244106650352478,-1.0,0.3139534890651703,0.37627118825912476,-0.005249999929219484,0.00800000037997961,-0.005125000141561031,-0.25600001215934753,0.0011876800563186407,0.00016558999777771533,7.423000351991504e-05,-6.851999933132902e-05,0.1185000017285347,0.012500000186264515,0.13099999725818634,0.011500000022351742,0.011500000022351742,0.001500000013038516,-0.0005000000237487257,0.7530394792556763,-0.5168108940124512,-0.0855347067117691,-0.9469962120056152,0.0
219,2619,-0.20866276183699836,-0.4069919912581338,0.15633723816300163,0.0810080087418662,0.17607847544988958,0.17190990380432053,0.6765933036804199,0.5172393918037415,-1.0,0.3139534890651703,0.37627118825912476,0.008500000461935997,-0.005625000223517418,-0.006000000052154064,-0.27399998903274536,0.001233360031619668,0.0003026300109922886,0.0,0.0,0.13449999690055847,0.0,0.13449999690055847,0.012000000104308128,0.019500000402331352,0.0002500000118743628,0.0,0.5057101249694824,-0.9554539322853088,-0.1008632481098175,-0.5983841419219971,-0.1319097
220,2620,-0.20688493595574042,-0.4081112531754585,0.15811506404425957,0.0798887468245415,0.17715130636525375,0.17007545904979265,0.677528440952301,0.5135728716850281,-1.0,0.3139534890651703,0.37627118825912476,0.019750000908970833,-0.020250000059604645,-0.002624999964609742,-0.27037501335144043,0.0007765600457787514,0.0001827200030675158,7.423000351991504e-05,6.851999933132902e-05,0.08399999886751175,0.012500000186264515,0.09650000184774399,0.008249999955296516,0.013000000268220901,0.0010000000474974513,0.0002500000118743628,-0.36678168177604675,-0.46668434143066406,0.13667508959770203,0.8034263253211975,0.0
221,2621,-0.20415508516785974,-0.40926503039912226,0.16084491483214025,0.07873496960087772,0.17908177479969756,0.16682369413162387,0.681662917137146,0.5116758346557617,-1.0,0.3139534890651703,0.37627118825912476,0.016374999657273293,-0.02462499961256981,-0.0001250000059371814,-0.2551249861717224,0.00011991000064881518,9.13600015337579e-05,7.423000351991504e-05,0.0,0.01850000023841858,0.006500000134110451,0.02500000037252903,0.0012499999720603228,0.0042500002309679985,0.0010000000474974513,-0.0002500000118743628,0.3660086393356323,-0.23004622757434845,0.8813690543174744,-0.7892627120018005,-0.11871152
222,2622,-0.2017926698649666,-0.4103085194699897,0.16320733013503338,0.07769148053001029,0.18075563271099118,0.16405454301180536,0.6880114078521729,0.5097202658653259,-1.0,0.3139534890651703,0.37627118825912476,0.020999999716877937,-0.029874999076128006,0.016249999403953552,-0.2516250014305115,0.0004682200087700039,0.00010848999954760075,7.423000351991504e-05,6.851999933132902e-05,0.05050000175833702,0.012500000186264515,0.06300000101327896,0.005499999970197678,0.0062500000931322575,0.0012499999720603228,0.0002500000118743628,-0.33601102232933044,-0.4060393273830414,0.10829250514507294,-0.9422817230224609,0.0
223,2623,-0.20493793316145964,-0.41013673338697443,0.16006206683854035,0.07786326661302556,0.1779959368308065,0.16864499946105097,0.6935054063796997,0.5079516768455505,-1.0,0.3139534890651703,0.37627118825912476,0.017124999314546585,-0.03500000014901161,0.01850000023841858,-0.26899999380111694,8.565000462112948e-05,7.994000043254346e-05,7.423000351991504e-05,0.0,0.014499999582767487,0.006500000134110451,0.020999999716877937,0.000750000006519258,0.001500000013038516,0.000750000006519258,-0.0002500000118743628,0.3746964633464813,0.7770508527755737,-0.4692727029323578,-0.3090634047985077,-0.061087612
224,2624,-0.20324688528383464,-0.40907378072915607,0.16175311471616535,0.07892621927084392,0.1799817163179924,0.16532911370775275,0.6861908435821533,0.5082428455352783,-1.0,0.3139534890651703,0.37627118825912476,0.02162499912083149,-0.032625000923871994,0.010125000029802322,-0.265500009059906,0.000491060025524348,0.00044538002111949027,0.0,6.28100024187006e-05,0.0820000022649765,0.005499999970197678,0.08749999850988388,0.005750000011175871,0.025750000029802322,0.0,0.0002500000118743628,-0.26922672986984253,0.1676337569952011,0.6908859014511108,-0.8178656101226807,0.0
225,2625,-0.20080275145085202,-0.4066584644709999,0.16419724854914797,0.08134153552900009,0.18324077557499657,0.1600277956938324,0.6901234984397888,0.5100444555282593,-1.0,0.3139534890651703,0.37627118825912476,0.01887499913573265,-0.029999999329447746,0.02225000038743019,-0.28062498569488525,0.00010848999954760075,0.0004682200087700039,7.423000351991504e-05,0.0,0.05050000175833702,0.006500000134110451,0.05700000002980232,0.0012499999720603228,0.026750000193715096,0.001500000013038516,0.0,-0.8134499788284302,0.4816794693470001,0.11140616983175278,-0.37569570541381836,-0.06908349
226,2626,-0.20149134917894346,-0.4090416082749367,0.16350865082105653,0.0789583917250633,0.18157507129870756,0.16271570973137928,0.6958075761795044,0.5141382217407227,-1.0,0.3139534890651703,0.37627118825912476,0.0036249998956918716,-0.017500000074505806,0.02449999935925007,-0.2771250009536743,0.00013133000175002962,0.0003026300109922886,7.423000351991504e-05,6.28100024187006e-05,0.03799999877810478,0.012000000104308128,0.05000000074505806,0.0012499999720603228,0.019750000908970833,0.0010000000474974513,0.0005000000237487257,0.9157859683036804,-0.9120945930480957,-0.06749694794416428,-0.8624143004417419,0.0
227,2627,-0.19983243264083905,-0.40968217576023613,0.16516756735916094,0.07831782423976386,0.18279498598428104,0.1607427754178238,0.694206178188324,0.5100989937782288,-1.0,0.3139534890651703,0.37627118825912476,0.01837499998509884,-0.028875000774860382,0.023749999701976776,-0.2930000126361847,0.00048534999950788915,0.00013133000175002962,0.0,0.0,0.05400000140070915,0.0,0.05400000140070915,0.006000000052154064,0.008500000461935997,0.0,0.0,-0.8294727802276611,-0.9574277400970459,0.5304014086723328,-0.9661871790885925,-0.13994247
228,2628,-0.1961703703193872,-0.40999704466173725,0.1688296296806128,0.07800295533826274,0.18597823770429664,0.15570651199272315,0.6980640888214111,0.5090132355690002,-1.0,0.3139534890651703,0.37627118825912476,0.005750000011175871,-0.04287499934434891,0.03350000083446503,-0.2893750071525574,9.13600015337579e-05,7.423000351991504e-05,7.423000351991504e-05,3.997000021627173e-05,0.014499999582767487,0.009999999776482582,0.02449999935925007,0.0002500000118743628,0.000750000006519258,0.0002500000118743628,0.0002500000118743628,0.016237732023000717,0.4591638147830963,0.7199757099151611,-0.0192717295140028,0.0
229,2629,-0.19570057748829514,-0.4069222981124051,0.16929942251170485,0.08107770188759489,0.18771224841807863,0.15302981853688963,0.7065805196762085,0.5084795951843262,-1.0,0.3139534890651703,0.37627118825912476,0.005750000011175871,-0.03712499886751175,0.04675000160932541,-0.2893750071525574,0.00011420000373618677,0.00011420000373618677,7.423000351991504e-05,-6.851999933132902e-05,0.019999999552965164,0.012500000186264515,0.032499998807907104,0.000750000006519258,0.0062500000931322575,0.0005000000237487257,-0.0002500000118743628,-0.5465930700302124,0.9439452886581421,0.2600407004356384,-0.8824889659881592,0.0
230,2630,-0.19202239618762026,-0.4035981942178035,0.17297760381237973,0.08440180578219647,0.19247055941096086,0.1459187098608097,0.7076730728149414,0.5136910080909729,-1.0,0.3139534890651703,0.37627118825912476,-0.0043750000186264515,-0.02250000089406967,0.051249999552965164,-0.3059999942779541,9.707000572234392e-05,0.00017701000615488738,7.423000351991504e-05,0.0,0.024000000208616257,0.006500000134110451,0.030500000342726707,0.000750000006519258,0.012249999679625034,0.0012499999720603228,0.0,-0.928992509841919,0.34478363394737244,0.5906728506088257,0.15800179541110992,-0.0050397855
231,2631,-0.18588141937316807,-0.4053145083257475,0.17911858062683192,0.08268549167425249,0.1972824281561431,0.13906354645761396,0.7162269949913025,0.5193250775337219,-1.0,0.3139534890651703,0.37627118825912476,-0.02174999937415123,-0.012875000014901161,0.0625,-0.3023749887943268,0.00010278000263497233,0.00010848999954760075,7.994000043254346e-05,6.28100024187006e-05,0.01850000023841858,0.012500000186264515,0.03099999949336052,0.000750000006519258,0.005750000011175871,0.000750000006519258,0.0002500000118743628,-0.4943191707134247,-0.7705780267715454,0.7841894626617432,-0.27950379252433777,0.0
232,2632,-0.18697493135960122,-0.40628657667774315,0.17802506864039877,0.08171342332225684,0.19588263990323657,0.1410238295430115,0.7305083274841309,0.516416072845459,-1.0,0.3139534890651703,0.37627118825912476,-0.030625000596046448,-0.024250000715255737,0.07750000059604645,-0.3072499930858612,7.994000043254346e-05,0.0,0.0,-6.851999933132902e-05,0.007000000216066837,0.006000000052154064,0.013000000268220901,0.0,-0.0002500000118743628,0.0,-0.0002500000118743628,0.9416675567626953,-0.9120246171951294,-0.13309429585933685,-0.9697082042694092,-0.17341428
233,2633,-0.19109843464921872,-0.4050947171801022,0.17390156535078127,0.08290528281989779,0.19265264169198223,0.1456532594878446,0.7279652953147888,0.5147685408592224,-1.0,0.3139534890651703,0.37627118825912476,-0.013500000350177288,-0.023624999448657036,0.08100000023841858,-0.3253749907016754,0.00011420000373618677,0.00010278000263497233,7.423000351991504e-05,0.0,0.01899999938905239,0.006500000134110451,0.025499999523162842,0.0010000000474974513,0.006000000052154064,0.0005000000237487257,-0.0002500000118743628,0.09323248267173767,0.5559060573577881,-0.8393490314483643,0.5726012587547302,0.0
234,2634,-0.1897874457765146,-0.40330344458693573,0.1752125542234854,0.08469655541306426,0.19460972652042877,0.1428304144794515,0.7183757424354553,0.5167886018753052,-1.0,0.3139534890651703,0.37627118825912476,-0.012625000439584255,-0.017500000074505806,0.06575000286102295,-0.3148750066757202,0.00019985000835731626,0.00019985000835731626,0.0,0.0,0.03500000014901161,0.0,0.03500000014901161,0.0024999999441206455,0.014499999582767487,-0.0002500000118743628,0.0,-0.1860782355070114,0.7401009798049927,-0.34209415316581726,-0.9636393785476685,-0.20468803
235,2635,-0.18490820101859154,-0.39920995566941925,0.18009179898140845,0.08879004433058074,0.2007902588090033,0.1342699990342613,0.7214245200157166,0.5198246836662292,-1.0,0.3139534890651703,0.37627118825912476,-0.015124999918043613,-0.00774999987334013,0.06825000047683716,-0.3113749921321869,0.00010848999954760075,0.0003768599999602884,8.565000462112948e-05,7.423000351991504e-05,0.042500000447034836,0.014000000432133675,0.05649999901652336,0.000750000006519258,0.022749999538064003,0.0022499999031424522,0.0005000000237487257,-0.9910054206848145,0.7650160789489746,0.9064614772796631,0.9556230306625366,0.0
236,2636,-0.19017838402408022,-0.39902477080875515,0.17482161597591978,0.08897522919124484,0.1961611297430419,0.14063163886509986,0.732771635055542,0.5267627835273743,-1.0,0.3139534890651703,0.37627118825912476,-0.0338749997317791,0.008999999612569809,0.08500000089406967,-0.2932499945163727,0.0001256200048374012,0.00026266000350005925,7.994000043254346e-05,0.0,0.03400000184774399,0.007000000216066837,0.04100000113248825,0.0012499999720603228,0.017750000581145287,0.0024999999441206455,0.0,-0.0003311634063720703,-0.2750980854034424,-0.9750947952270508,-0.9897333979606628,-0.14276801
237,2637,-0.1893958677464181,-0.39911988285033345,0.1756041322535819,0.08888011714966654,0.1968158695051594,0.13971387536719065,0.7205153703689575,0.5270766615867615,-1.0,0.3139534890651703,0.37627118825912476,-0.0338749997317791,0.00912499986588955,0.06812500208616257,-0.28962498903274536,0.00013133000175002962,0.00011420000373618677,0.0,6.851999933132902e-05,0.0215000007301569,0.006000000052154064,0.027499999850988388,0.0012499999720603228,0.007249999791383743,-0.0002500000118743628,0.0002500000118743628,0.5049278140068054,0.8751947283744812,0.00754050025716424,-0.469222754240036,-0.023095142
238,2638,-0.18612314269989272,-0.3990433023992292,0.17887685730010727,0.0889566976007708,0.1997754342395429,0.13563954144659732,0.7223352193832397,0.526915431022644,-1.0,0.3139534890651703,0.37627118825912476,-0.02762500010430813,0.012374999932944775,0.07000000029802322,-0.2981249988079071,0.0006623599911108613,0.0006623599911108613,9.13600015337579e-05,-6.851999933132902e-05,0.11599999666213989,0.014000000432133675,0.12999999523162842,0.007499999832361937,0.03350000083446503,0.0035000001080334187,-0.0002500000118743628,-0.05732513591647148,-0.9177625775337219,0.31157201528549194,0.026386840268969536,0.0
239,2639,-0.19218485977560443,-0.40135494079387435,0.17281514022439556,0.08664505920612564,0.19331952559327917,0.1446851530096452,0.7299461960792542,0.5270452499389648,-1.0,0.3139534890651703,0.37627118825912476,-0.027499999850988388,0.009750000201165676,0.07637500017881393,-0.2980000078678131,0.000433959998190403,9.13600015337579e-05,8.565000462112948e-05,6.851999933132902e-05,0.04600000008940697,0.013500000350177288,0.05950000137090683,0.005249999929219484,0.0044999998062849045,0.0022499999031424522,0.0002500000118743628,0.37866175174713135,-0.505178689956665,-0.9868242740631104,-0.9572859406471252,0.0
240,2640,-0.1873715769883289,-0.4051382451559784,0.1776284230116711,0.08286175484402158,0.19600491595223804,0.14085149655854984,0.7158491611480713,0.5231271982192993,-1.0,0.3139534890651703,0.37627118825912476,-0.019625000655651093,0.0006249999860301614,0.05887499824166298,-0.31575000286102295,0.00026837000041268766,9.13600015337579e-05,6.851999933132902e-05,0.0,0.03150000050663948,0.006000000052154064,0.03750000149011612,0.0035000001080334187,0.004000000189989805,0.0002500000118743628,0.0,0.9795225262641907,-0.5382876396179199,0.957166850566864,-0.09823974221944809,-0.03578877
241,2641,-0.19104136459586876,-0.4050714965464986,0.17395863540413123,0.08292850345350139,0.19271414975736695,0.14556369853219303,0.7270428538322449,0.5167148113250732,-1.0,0.3139534890651703,0.37627118825912476,-0.0028750000055879354,-0.012249999679625034,0.07575000077486038,-0.3122499883174896,0.0005767100374214351,0.0001484600070398301,8.565000462112948e-05,6.28100024187006e-05,0.06350000202655792,0.013000000268220901,0.07649999856948853,0.006500000134110451,0.009750000201165676,0.0022499999031424522,0.0005000000237487257,0.2012244462966919,0.39207884669303894,-0.7895373702049255,-0.8408834934234619,0.0
242,2642,-0.1959076797852247,-0.4033460820827157,0.1690923202147753,0.08465391791728427,0.18909917655654243,0.1509220552909402,0.7185084819793701,0.5168280005455017,-1.0,0.3139534890651703,0.37627118825912476,-0.0001250000059371814,-0.012249999679625034,0.06212500110268593,-0.32774999737739563,0.000799400033429265,0.0003997000167146325,7.423000351991504e-05,0.0,0.10499999672174454,0.006500000134110451,0.11150000244379044,0.008500000461935997,0.024250000715255737,0.0,0.0,-0.5228923559188843,0.26269179582595825,-0.8552479147911072,-0.9334508776664734,-0.1360141
243,2643,-0.1907891918749497,-0.40518105875522875,0.1742108081250503,0.08281894124477124,0.19289474512409083,0.14530105446989952,0.7071914672851562,0.5197523832321167,-1.0,0.3139534890651703,0.37627118825912476,-0.0063749998807907104,-0.007249999791383743,0.04612499848008156,-0.3240000009536743,0.00013133000175002962,0.0003997000167146325,0.0,6.28100024187006e-05,0.04650000110268593,0.005499999970197678,0.052000001072883606,0.001500000013038516,0.024000000208616257,0.0,0.0,0.9832216501235962,0.6358432769775391,0.9748328328132629,0.5081929564476013,0.0
244,2644,-0.18721215863722906,-0.40594056053318844,0.17778784136277093,0.08205943946681155,0.19581181818787424,0.1411237404132835,0.7190949320793152,0.5166422724723816,-1.0,0.3139534890651703,0.37627118825912476,0.006000000052154064,-0.006874999962747097,0.06162500008940697,-0.31462499499320984,0.0014674700796604156,0.0010848999954760075,0.00010278000263497233,6.851999933132902e-05,0.22349999845027924,0.014999999664723873,0.23849999904632568,0.013500000350177288,0.04699999839067459,0.005499999970197678,0.0002500000118743628,0.4746266305446625,-0.6837929487228394,0.7095052599906921,-0.36869028210639954,0.0
245,2645,-0.19009116104553814,-0.4055080594075728,0.17490883895446185,0.0824919405924272,0.19338568252872915,0.1445894654018474,0.7274135947227478,0.5153549909591675,-1.0,0.3139534890651703,0.37627118825912476,0.011250000447034836,-0.00925000011920929,0.07412499934434891,-0.32100000977516174,0.002495269989594817,0.00043967002420686185,0.00011420000373618677,-7.994000043254346e-05,0.25699999928474426,0.017000000923871994,0.27399998903274536,0.020749999210238457,0.026249999180436134,0.007000000216066837,-0.000750000006519258,-0.6884661912918091,-0.47152602672576904,-0.851614773273468,-0.211961567401886,0.0
246,2646,-0.19585319498093234,-0.40479680440072785,0.16914680501906765,0.08320319559927214,0.18850308593253645,0.15182437415937838,0.7207182049751282,0.5160880088806152,-1.0,0.3139534890651703,0.37627118825912476,0.007499999832361937,-0.011125000193715096,0.06162500008940697,-0.3251250088214874,0.0001827200030675158,0.0001827200030675158,6.851999933132902e-05,0.0,0.03200000151991844,0.006000000052154064,0.03799999877810478,0.0024999999441206455,0.012500000186264515,0.0002500000118743628,-0.0002500000118743628,-0.1852790266275406,0.2636603116989136,-0.6834858059883118,0.24392415583133698,0.0
247,2647,-0.19192165314984222,-0.40501745975952247,0.17307834685015777,0.08298254024047752,0.1919432627969682,0.14669016642177465,0.707318127155304,0.5172935724258423,-1.0,0.3139534890651703,0.37627118825912476,0.004625000059604645,-0.010999999940395355,0.048875000327825546,-0.32074999809265137,0.00013703999866265804,0.00035973000922240317,6.851999933132902e-05,6.28100024187006e-05,0.04349999874830246,0.011500000022351742,0.054999999701976776,0.001500000013038516,0.02199999988079071,0.0002500000118743628,0.0,-0.04240598902106285,0.8067706227302551,0.6796735525131226,0.9890923500061035,0.0
248,2648,-0.1898363784766612,-0.4043996403014025,0.17516362152333878,0.08360035969859747,0.19409099527517076,0.1435732454495717,0.7164613008499146,0.5169195532798767,-1.0,0.3139534890651703,0.37627118825912476,0.003375000087544322,-0.00787500012665987,0.05974999815225601,-0.3022499978542328,0.00019414001144468784,0.0010620600078254938,8.565000462112948e-05,0.0,0.10999999940395355,0.007499999832361937,0.11749999970197678,0.0024999999441206455,0.04600000008940697,0.0037499999161809683,0.0,0.21751102805137634,0.8847150802612305,0.3310554325580597,-0.9212480187416077,-0.13454977
249,2649,-0.1900500089211224,-0.40423091440027015,0.1749499910788776,0.08376908559972984,0.19397102639495986,0.14374559202487738,0.7213107347488403,0.5179666876792908,-1.0,0.3139534890651703,0.37627118825912476,0.003874999936670065,-0.004875000100582838,0.06462500244379044,-0.29862499237060547,0.0009136000298894942,0.00215838011354208,0.00010848999954760075,6.28100024187006e-05,0.26899999380111694,0.014999999664723873,0.2840000092983246,0.009499999694526196,0.0729999989271164,0.0062500000931322575,0.0002500000118743628,-0.35402050614356995,-0.060858409851789474,-0.1431376039981842,0.3788160979747772,0.0
250,2650,-0.19387513360894212,-0.40010691882787874,0.17112486639105787,0.08789308117212125,0.19237700906107907,0.14605528119594818,0.7208139300346375,0.5182526707649231,-1.0,0.3139534890651703,0.37627118825912476,0.000750000006519258,-0.004625000059604645,0.06475000083446503,-0.2915000021457672,0.0001884299999801442,0.002032760065048933,7.994000043254346e-05,0.0,0.19449999928474426,0.007000000216066837,0.20149999856948853,0.0024999999441206455,0.0702499970793724,0.000750000006519258,0.0,-0.6698272228240967,0.7345916032791138,-0.5876727104187012,0.6854474544525146,-0.045697477
251,2651,-0.1958416573412259,-0.4001382568490708,0.16915834265877408,0.0878617431509292,0.19061540021882567,0.14865100002390763,0.711918294429779,0.5252425074577332,-1.0,0.3139534890651703,0.37627118825912476,-0.012125000357627869,0.01075000036507845,0.05387499928474426,-0.2787500023841858,0.00025695000658743083,0.0013075900496914983,7.423000351991504e-05,0.0,0.13699999451637268,0.006500000134110451,0.14350000023841858,0.0032500000670552254,0.05274999886751175,0.0005000000237487257,0.0,0.10567673295736313,-0.9384050369262695,-0.3636924624443054,-0.7954545021057129,-0.11945454
252,2652,-0.19313256059074568,-0.3998906259931165,0.1718674394092543,0.08810937400688351,0.19313642462513017,0.1449503156091352,0.7073450088500977,0.5251893997192383,-1.0,0.3139534890651703,0.37627118825912476,-0.012125000357627869,0.010499999858438969,0.04724999889731407,-0.27524998784065247,0.0005995500250719488,0.00026266000350005925,7.423000351991504e-05,6.851999933132902e-05,0.0754999965429306,0.012500000186264515,0.08799999952316284,0.007000000216066837,0.0182499997317791,0.0002500000118743628,0.0005000000237487257,-0.398313045501709,-0.15549232065677643,0.36405256390571594,-0.9777085185050964,0.0
253,2653,-0.19862082224541275,-0.39999217569661877,0.16637917775458724,0.08800782430338122,0.18822169887902765,0.15225218991913173,0.7136452198028564,0.5256091356277466,-1.0,0.3139534890651703,0.37627118825912476,-0.016750000417232513,0.010499999858438969,0.05287500098347664,-0.2932499945163727,0.00013703999866265804,0.0001827200030675158,7.994000043254346e-05,0.0,0.02800000086426735,0.007000000216066837,0.03500000014901161,0.001500000013038516,0.012500000186264515,0.0024999999441206455,0.0,0.6695004105567932,0.31987616419792175,-0.9185516238212585,0.6488999128341675,0.0
254,2654,-0.19752920209791178,-0.4000054580259961,0.16747079790208821,0.08799454197400391,0.18918115013704936,0.15079838977189536,0.7008817791938782,0.5254369974136353,-1.0,0.3139534890651703,0.37627118825912476,-0.009750000201165676,0.010250000283122063,0.03687499836087227,-0.28125,0.0012847500620409846,0.00042254000436514616,6.851999933132902e-05,6.851999933132902e-05,0.14949999749660492,0.012000000104308128,0.1615000069141388,0.012500000186264515,0.02474999986588955,0.0002500000118743628,0.0002500000118743628,-0.49017730355262756,0.6440398693084717,-0.045496027916669846,0.4189567267894745,0.0
255,2655,-0.2034119208315315,-0.3982262539235283,0.16158807916846848,0.0897737460764717,0.18485138034095946,0.1574710253913246,0.7034204602241516,0.5254144668579102,-1.0,0.3139534890651703,0.37627118825912476,-0.013875000178813934,0.012125000357627869,0.036249998956918716,-0.273499995470047,0.00019414001144468784,0.0012276499764993787,5.139000131748617e-05,6.28100024187006e-05,0.12449999898672104,0.009999999776482582,0.13449999690055847,0.0024999999441206455,0.04500000178813934,0.0,0.0002500000118743628,-0.4835014045238495,-0.47965413331985474,-0.9397932291030884,0.8408389091491699,0.0
256,2656,-0.20099342646754817,-0.39985613593771574,0.16400657353245182,0.08814386406228425,0.18619209686151011,0.15537387517237758,0.6897397041320801,0.5284301042556763,-1.0,0.3139534890651703,0.37627118825912476,-0.02225000038743019,0.013749999925494194,0.01875000074505806,-0.2574999928474426,0.0001256200048374012,0.0003939900198020041,2.2840000383439474e-05,0.0,0.045499999076128006,0.0020000000949949026,0.04749999940395355,0.0012499999720603228,0.024000000208616257,0.0,-0.0002500000118743628,0.9689863920211792,0.30204975605010986,0.23070459067821503,0.00022861361503601074,-0.023972569
257,2657,-0.20302209916303876,-0.3993320886575068,0.16197790083696123,0.08866791134249319,0.18465870914037247,0.15777471917780686,0.6953641176223755,0.5256675481796265,-1.0,0.3139534890651703,0.37627118825912476,-0.010125000029802322,0.013249999843537807,0.021375000476837158,-0.2541249990463257,0.0013989500002935529,0.0007480100030079484,8.565000462112948e-05,6.851999933132902e-05,0.18799999356269836,0.013500000350177288,0.20149999856948853,0.013249999843537807,0.036249998956918716,0.0032500000670552254,0.0005000000237487257,-0.9742137789726257,-0.9770291447639465,-0.11639773845672607,-0.2853018641471863,0.0
258,2658,-0.19829708169825333,-0.39880907066047444,0.16670291830174666,0.08919092933952555,0.18906317686627153,0.15097639654414996,0.6906462907791138,0.5265557765960693,-1.0,0.3139534890651703,0.37627118825912476,-0.02237500064074993,0.010874999687075615,0.020874999463558197,-0.2590000033378601,0.00011420000373618677,9.13600015337579e-05,0.0,-6.851999933132902e-05,0.017999999225139618,0.006000000052154064,0.024000000208616257,0.0012499999720603228,0.0044999998062849045,0.0,-0.0002500000118743628,-0.9114877581596375,-0.3346259593963623,0.6926247477531433,-0.36724454164505005,-0.068069346
259,2659,-0.2026392050067346,-0.40006860562046037,0.1623607949932654,0.08793139437953962,0.18464278450125063,0.15779984623310475,0.7016347050666809,0.5274422764778137,-1.0,0.3139534890651703,0.37627118825912476,-0.038874998688697815,0.006624999921768904,0.03350000083446503,-0.2553749978542328,8.565000462112948e-05,7.423000351991504e-05,7.423000351991504e-05,6.851999933132902e-05,0.014000000432133675,0.012500000186264515,0.026499999687075615,0.0002500000118743628,0.0005000000237487257,0.0005000000237487257,0.0,0.9603346586227417,0.3428105115890503,-0.6899566650390625,-0.7901050448417664,0.0
260,2660,-0.2020641337262103,-0.4036599495421497,0.1629358662737897,0.08434005045785031,0.1834702717870746,0.15966095906353475,0.6915367245674133,0.5253074765205383,-1.0,0.3139534890651703,0.37627118825912476,-0.022874999791383743,0.006750000175088644,0.020874999463558197,-0.27000001072883606,0.0003197600017301738,0.0001884299999801442,0.0,0.0,0.04450000077486038,0.0,0.04450000077486038,0.0042500002309679985,0.013000000268220901,0.0,-0.0002500000118743628,0.9463198184967041,-0.7311071157455444,-0.8963627815246582,-0.030631911009550095,-0.15923938
261,2661,-0.2060018425506567,-0.4028478580084934,0.15899815744934329,0.08515214199150661,0.18036435722732988,0.16469770566678824,0.6928741335868835,0.5192204117774963,-1.0,0.3139534890651703,0.37627118825912476,-0.006124999839812517,-0.004749999847263098,0.023874999955296516,-0.26637500524520874,0.0004568000149447471,0.00013133000175002962,7.423000351991504e-05,6.28100024187006e-05,0.051500000059604645,0.012000000104308128,0.06350000202655792,0.006000000052154064,0.008750000037252903,0.001500000013038516,0.0,0.17773295938968658,0.8945796489715576,-0.7440800666809082,0.9184097647666931,0.0
262,2662,-0.20319876223074432,-0.403394296619436,0.16180123776925567,0.084605703380564,0.18258632366139363,0.16107853520714746,0.6837166547775269,0.5205968618392944,-1.0,0.3139534890651703,0.37627118825912476,-0.004124999977648258,-0.0031250000465661287,0.01075000036507845,-0.24924999475479126,0.0008108200272545218,0.0008165300241671503,0.0,0.0,0.14249999821186066,0.0,0.14249999821186066,0.008500000461935997,0.039000000804662704,0.0,0.0,0.9789594411849976,0.7772185206413269,0.4841824769973755,-0.8070303201675415,-0.17958121
263,2663,-0.20421140106640692,-0.4029215556559472,0.16078859893359307,0.08507844434405282,0.18191018453905194,0.16217134048011056,0.690235435962677,0.5196706652641296,-1.0,0.3139534890651703,0.37627118825912476,0.002624999964609742,-0.0008750000270083547,0.017875000834465027,-0.24574999511241913,0.0014503400307148695,0.0017472601030021906,8.565000462112948e-05,6.851999933132902e-05,0.2800000011920929,0.013500000350177288,0.29350000619888306,0.013249999843537807,0.06350000202655792,0.0037499999161809683,0.0005000000237487257,0.047698646783828735,0.8579559326171875,-0.34040603041648865,0.6436541080474854,-0.045732483
264,2664,-0.20369896078903083,-0.4032000784973694,0.16130103921096917,0.0847999215026306,0.18223350937023336,0.1616478470155043,0.6878804564476013,0.5204719305038452,-1.0,0.3139534890651703,0.37627118825912476,0.0024999999441206455,0.0002500000118743628,0.013375000096857548,-0.23362499475479126,0.001695870072580874,0.0023639400023967028,0.0,6.851999933132902e-05,0.3555000126361847,0.006000000052154064,0.36149999499320984,0.015250000171363354,0.07900000363588333,0.0,0.0002500000118743628,0.09005024284124374,-0.7425103187561035,-0.8653067946434021,-0.9087661504745483,-0.15693806
265,2665,-0.20883338772546275,-0.40152368728743554,0.15616661227453724,0.08647631271256445,0.1785109617073049,0.16777866858557258,0.6890721917152405,0.5199998617172241,-1.0,0.3139534890651703,0.37627118825912476,0.0035000001080334187,0.0002500000118743628,0.01549999974668026,-0.25037500262260437,0.001878590090200305,0.001570250024087727,8.565000462112948e-05,-6.851999933132902e-05,0.3019999861717224,0.013500000350177288,0.3154999911785126,0.016499999910593033,0.06024999916553497,0.0032500000670552254,-0.0002500000118743628,-0.5297855138778687,0.6637405157089233,-0.940406322479248,-0.8877803087234497,0.0
266,2666,-0.20599964403332124,-0.40333903956036904,0.15900035596667875,0.08466096043963095,0.18013492559770666,0.16507600810362935,0.6771316528320312,0.522841215133667,-1.0,0.3139534890651703,0.37627118825912476,-0.0001250000059371814,0.004875000100582838,-0.000375000003259629,-0.2669999897480011,0.000308340007904917,0.0022497400641441345,0.0,0.0,0.2240000069141388,0.0,0.2240000069141388,0.004000000189989805,0.07575000077486038,-0.0002500000118743628,-0.0002500000118743628,0.9908266663551331,0.4134572148323059,0.028752177953720093,-0.7879800796508789,-0.16739774
267,2667,-0.2057285774045314,-0.40302304558768864,0.1592714225954686,0.08497695441231135,0.18052276542524043,0.16443701752944415,0.6837217807769775,0.5197643637657166,-1.0,0.3139534890651703,0.37627118825912476,0.008500000461935997,0.004625000059604645,0.0013749999925494194,-0.26374998688697815,0.0028778400737792253,0.0024781401734799147,8.565000462112948e-05,7.423000351991504e-05,0.4690000116825104,0.014000000432133675,0.4830000102519989,0.023749999701976776,0.08275000005960464,0.0037499999161809683,0.000750000006519258,-0.36592990159988403,-0.9303608536720276,0.0603272020816803,-0.31212401390075684,-0.07084676
268,2668,-0.21083395810114514,-0.4021623504134314,0.15416604189885486,0.08583764958656859,0.17645189305106934,0.17126915903676337,0.6843521595001221,0.5202999114990234,-1.0,0.3139534890651703,0.37627118825912476,0.008500000461935997,0.004625000059604645,0.0024999999441206455,-0.26875001192092896,0.00240961997769773,0.0017130000051110983,9.13600015337579e-05,-7.423000351991504e-05,0.3610000014305115,0.014499999582767487,0.37549999356269836,0.020500000566244125,0.06400000303983688,0.0037499999161809683,-0.000750000006519258,-0.9166985154151917,-0.4152284860610962,-0.9493180513381958,-0.9377042651176453,-0.041669853
269,2669,-0.20991909031609593,-0.40276520078779793,0.15508090968390406,0.08523479921220206,0.17696061580230674,0.17040008631850265,0.6724791526794434,0.5217587351799011,-1.0,0.3139534890651703,0.37627118825912476,0.007000000216066837,0.004749999847263098,-0.013375000096857548,-0.2866249978542328,0.0003768599999602884,0.0011248700320720673,5.7100000958598685e-06,0.0,0.1315000057220459,0.0005000000237487257,0.13199999928474426,0.004749999847263098,0.048250000923871994,0.0,0.0,0.7637514472007751,0.43581056594848633,-0.7623789310455322,-0.14556343853473663,-0.1569531
270,2670,-0.21260691609680554,-0.4031535176702293,0.15239308390319445,0.08484648232977071,0.17442069139085006,0.17478355241762045,0.6746067404747009,0.5207369327545166,-1.0,0.3139534890651703,0.37627118825912476,0.010999999940395355,0.004625000059604645,-0.010999999940395355,-0.28337499499320984,0.003180470084771514,0.0017301300540566444,7.994000043254346e-05,7.994000043254346e-05,0.4300000071525574,0.014000000432133675,0.4440000057220459,0.02525000087916851,0.06475000083446503,0.002749999985098839,0.0010000000474974513,-0.9849117398262024,-0.0047184475697577,-0.7099668979644775,0.32490864396095276,-0.08076277
271,2671,-0.21264099577644752,-0.40295678578608285,0.15235900422355247,0.08504321421391714,0.17448671712146652,0.17466818838930157,0.6683560013771057,0.5200787782669067,-1.0,0.3139534890651703,0.37627118825912476,0.010999999940395355,0.004625000059604645,-0.022749999538064003,-0.2772499918937683,0.002175510162487626,0.001735839992761612,-7.423000351991504e-05,7.423000351991504e-05,0.3425000011920929,0.013000000268220901,0.3555000126361847,0.01875000074505806,0.06475000083446503,-0.0002500000118743628,0.000750000006519258,0.9079135060310364,-0.9457522630691528,-0.4340800344944,0.6238259673118591,-0.059530076
272,2672,-0.2101767989587912,-0.40574164554225867,0.15482320104120878,0.08225835445774132,0.17531873961086408,0.17322093884985115,0.6682767271995544,0.5204122066497803,-1.0,0.3139534890651703,0.37627118825912476,0.011250000447034836,0.0042500002309679985,-0.03087499924004078,-0.265500009059906,0.004402410238981247,0.0005196100100874901,0.0,7.994000043254346e-05,0.4309999942779541,0.007000000216066837,0.43799999356269836,0.03350000083446503,0.030249999836087227,-0.0002500000118743628,0.0005000000237487257,-0.8743932247161865,-0.8600707054138184,0.9219914078712463,0.03137315437197685,-0.103307195
273,2673,-0.21387225059452494,-0.4084736789465754,0.15112774940547505,0.07952632105342461,0.1707748001921139,0.18127356100911224,0.6740074157714844,0.5156921148300171,-1.0,0.3139534890651703,0.37627118825912476,0.019375000149011612,-0.008500000461935997,-0.01425000000745058,-0.265500009059906,0.0018900100840255618,0.00037115000304766,7.423000351991504e-05,7.423000351991504e-05,0.1979999989271164,0.013000000268220901,0.210999995470047,0.016750000417232513,0.023499999195337296,0.0010000000474974513,0.001500000013038516,0.9577842950820923,-0.943647027015686,-0.9720321297645569,-0.8619027733802795,-0.05588097
274,2674,-0.21441932244017753,-0.4098610479829606,0.15058067755982246,0.07813895201703941,0.1696473880632897,0.183328825000419,0.6654133796691895,0.5110615491867065,-1.0,0.3139534890651703,0.37627118825912476,0.03125,-0.023624999448657036,-0.03175000101327896,-0.28087499737739563,0.0010963199893012643,0.00026266000350005925,0.0,0.0,0.11900000274181366,0.0,0.11900000274181366,0.011250000447034836,0.01850000023841858,-0.0002500000118743628,0.0,0.7621225118637085,0.8735132813453674,-0.9333834052085876,-0.20961277186870575,-0.18515955
275,2675,-0.2147632435690176,-0.409217045891997,0.1502367564309824,0.07878295410800301,0.16964031608343,0.18334179043645116,0.6641411185264587,0.5087100863456726,-1.0,0.3139534890651703,0.37627118825912476,0.039124999195337296,-0.024125000461935997,-0.02824999950826168,-0.2775000035762787,0.002900680061429739,0.0012105200439691544,6.851999933132902e-05,7.423000351991504e-05,0.36000001430511475,0.012500000186264515,0.3725000023841858,0.024000000208616257,0.05225000157952309,0.0002500000118743628,0.000750000006519258,-0.6916692852973938,-0.17691396176815033,-0.9813123941421509,-0.7798458933830261,0.0
276,2676,-0.21440812225669753,-0.40894731061493494,0.15059187774330246,0.07905268938506504,0.17008010272005755,0.18253724817417158,0.6633412837982178,0.5098016262054443,-1.0,0.3139534890651703,0.37627118825912476,0.035999998450279236,-0.024000000208616257,-0.04625000059604645,-0.2916249930858612,0.0003197600017301738,0.0009992499835789204,-7.423000351991504e-05,0.0,0.11550000309944153,0.006500000134110451,0.12200000137090683,0.0044999998062849045,0.045499999076128006,-0.0005000000237487257,0.0,-0.29011616110801697,0.042242273688316345,-0.8186176419258118,-0.8477534651756287,-0.12573043
277,2677,-0.21394626463891084,-0.40834155637228736,0.15105373536108915,0.07965844362771263,0.1707708950838152,0.1812806400762083,0.6641671657562256,0.5102587938308716,-1.0,0.3139534890651703,0.37627118825912476,0.03137499839067459,-0.023874999955296516,-0.06174999848008156,-0.28812500834465027,0.00021127000218257308,0.0010392200201749802,0.0,6.851999933132902e-05,0.10949999839067459,0.006000000052154064,0.11550000309944153,0.003000000026077032,0.04675000160932541,0.0,0.0005000000237487257,-0.5127856135368347,-0.8778553009033203,0.8993640542030334,0.1796979308128357,0.0
278,2678,-0.21502334929079153,-0.4090295545231946,0.14997665070920846,0.07897044547680537,0.16949727731369907,0.18360422792682707,0.6652412414550781,0.5112854838371277,-1.0,0.3139534890651703,0.37627118825912476,0.022624999284744263,-0.023499999195337296,-0.044874999672174454,-0.28462499380111694,0.0001484600070398301,0.0001884299999801442,2.8550000934046693e-05,0.0,0.029500000178813934,0.0024999999441206455,0.03200000151991844,0.001500000013038516,0.013249999843537807,-0.0002500000118743628,0.0,0.20490889251232147,-0.4921373426914215,-0.932269811630249,-0.9087114930152893,-0.26891777
279,2679,-0.21542456436458407,-0.40980612632612584,0.14957543563541592,0.07819387367387415,0.16878119808097772,0.18492369826173857,0.6627364158630371,0.5101193785667419,-1.0,0.3139534890651703,0.37627118825912476,0.02437499910593033,-0.028750000521540642,-0.04112499952316284,-0.281125009059906,0.0004625100118573755,0.00010278000263497233,0.0,6.28100024187006e-05,0.0494999997317791,0.005499999970197678,0.054999999701976776,0.005499999970197678,0.005499999970197678,-0.0002500000118743628,0.0005000000237487257,0.4409107267856598,0.6389783620834351,-0.020464245229959488,-0.8181384205818176,-0.02645571
280,2680,-0.21634194959581746,-0.4078978277119886,0.14865805040418253,0.08010217228801136,0.16886554993612737,0.18476777746193215,0.6618033647537231,0.5088031888008118,-1.0,0.3139534890651703,0.37627118825912476,0.030124999582767487,-0.028750000521540642,-0.03750000149011612,-0.29612499475479126,0.0010449300752952695,0.0005196100100874901,1.7129999832832254e-05,0.0,0.13699999451637268,0.001500000013038516,0.13850000500679016,0.010499999858438969,0.029249999672174454,0.0,0.0,-0.5299153327941895,0.9419315457344055,0.2419673055410385,-0.8294923305511475,-0.12353909
281,2681,-0.21208886120459347,-0.40911276797123236,0.15291113879540652,0.07888723202876763,0.17206106981205452,0.1789568259362705,0.6596698760986328,0.5120375752449036,-1.0,0.3139534890651703,0.37627118825912476,0.024125000461935997,-0.02174999937415123,-0.032875001430511475,-0.2926250100135803,0.00020556000526994467,0.0011705500073730946,0.0,6.28100024187006e-05,0.12049999833106995,0.005499999970197678,0.12600000202655792,0.002749999985098839,0.05050000175833702,-0.0002500000118743628,0.0005000000237487257,0.554671049118042,0.3998676836490631,0.8446787595748901,-0.5091266632080078,0.0
282,2682,-0.214949124684295,-0.4095721029734207,0.150050875315705,0.07842789702657926,0.1693109571617294,0.18394663849421078,0.6695607900619507,0.5099783539772034,-1.0,0.3139534890651703,0.37627118825912476,0.02824999950826168,-0.02187499962747097,-0.018124999478459358,-0.30162501335144043,0.0016901600174605846,0.0017187100602313876,7.423000351991504e-05,-6.851999933132902e-05,0.2985000014305115,0.012500000186264515,0.3109999895095825,0.015250000171363354,0.06549999862909317,0.0017500000540167093,-0.0005000000237487257,0.9610977172851562,0.0147516755387187,-0.9140730500221252,-0.24972611665725708,0.0
283,2683,-0.21465894901406438,-0.409988836215559,0.15034105098593561,0.078011163784441,0.16937583442320978,0.18382733765631332,0.6629090309143066,0.5091997981071472,-1.0,0.3139534890651703,0.37627118825912476,0.03974999859929085,-0.02237500064074993,-0.03424999862909317,-0.3059999942779541,0.003563040168955922,0.0017586800968274474,0.0,-8.565000462112948e-05,0.4659999907016754,0.007499999832361937,0.47350001335144043,0.02824999950826168,0.06700000166893005,-0.0002500000118743628,-0.0010000000474974513,-0.9396862983703613,-0.8339365720748901,-0.9642539024353027,-0.984680712223053,-0.2355585
284,2684,-0.21475804987676603,-0.409467193885097,0.15024195012323396,0.07853280611490299,0.1695288919715848,0.18354619125283564,0.6635838150978088,0.5084934830665588,-1.0,0.3139534890651703,0.37627118825912476,0.03974999859929085,-0.02250000089406967,-0.030625000596046448,-0.3244999945163727,0.002775060012936592,0.0006852000369690359,4.568000076687895e-05,-7.423000351991504e-05,0.30300000309944153,0.010499999858438969,0.31349998712539673,0.023000000044703484,0.035999998450279236,0.0,-0.000750000006519258,-0.8032474517822266,-0.008957951329648495,-0.6550096273422241,-0.834083080291748,-0.18459086
285,2685,-0.20931152395348832,-0.4095608919755865,0.15568847604651168,0.0784391080244135,0.17433185377707325,0.17493889494594375,0.6633533835411072,0.509377658367157,-1.0,0.3139534890651703,0.37627118825912476,0.03974999859929085,-0.02250000089406967,-0.027000000700354576,-0.34037500619888306,0.0020955700892955065,0.000673780043143779,7.994000043254346e-05,-7.423000351991504e-05,0.24250000715255737,0.013500000350177288,0.25600001215934753,0.01850000023841858,0.035750001668930054,0.0002500000118743628,-0.0002500000118743628,-0.5803095102310181,-0.07870881259441376,0.6601482629776001,-0.8782470226287842,0.0
286,2686,-0.21398940330901778,-0.4095129985268049,0.1510105966909822,0.0784870014731951,0.17018933489857646,0.18233796762044216,0.6760197281837463,0.5092188119888306,-1.0,0.3139534890651703,0.37627118825912476,0.035750001668930054,-0.02237500064074993,-0.015124999918043613,-0.3567500114440918,0.00035402001230977476,0.0005995500250719488,7.994000043254346e-05,0.0,0.08349999785423279,0.007000000216066837,0.09049999713897705,0.004749999847263098,0.032749999314546585,0.0012499999720603228,-0.0002500000118743628,0.7275910377502441,0.10112719982862473,-0.8460895419120789,0.9722176790237427,0.0
287,2687,-0.21469264301074661,-0.4100579298137137,0.15030735698925338,0.0779420701862863,0.1693141100736109,0.18394083891021842,0.6651409268379211,0.5092999935150146,-1.0,0.3139534890651703,0.37627118825912476,0.039250001311302185,-0.02250000089406967,-0.030124999582767487,-0.33899998664855957,0.0030605599749833345,0.0007023300277069211,0.0,7.994000043254346e-05,0.3294999897480011,0.007000000216066837,0.33649998903274536,0.02500000037252903,0.03674999997019768,-0.0002500000118743628,0.0005000000237487257,0.47843608260154724,-0.41928473114967346,0.32123830914497375,-0.9537811279296875,-0.044150088
288,2688,-0.2145345382666896,-0.4097352526688916,0.15046546173331038,0.07826474733110839,0.16960314221564565,0.18340995834075974,0.663505494594574,0.50837641954422,-1.0,0.3139534890651703,0.37627118825912476,0.042125001549720764,-0.026499999687075615,-0.02474999986588955,-0.35624998807907104,0.002815030049532652,0.0005081900162622333,7.423000351991504e-05,-7.423000351991504e-05,0.29100000858306885,0.013000000268220901,0.30399999022483826,0.023250000551342964,0.029249999672174454,0.0010000000474974513,-0.000750000006519258,-0.8367693424224854,-0.19511543214321136,-0.45297709107398987,0.8474709987640381,0.0
289,2689,-0.21337866487529394,-0.4091956360104085,0.15162133512470605,0.07880436398959151,0.17087760838916974,0.18108729269525384,0.6638731956481934,0.5089232921600342,-1.0,0.3139534890651703,0.37627118825912476,0.036249998956918716,-0.026249999180436134,-0.032499998807907104,-0.3407500088214874,0.00026837000041268766,0.00033117999555543065,0.0,0.0,0.05249999836087227,0.0,0.05249999836087227,0.0037499999161809683,0.0215000007301569,-0.0002500000118743628,0.0,-0.20153257250785828,0.6234177350997925,-0.6289442777633667,-0.9838916063308716,-0.24154033
290,2690,-0.21465760299110637,-0.4097508279714557,0.15034239700889362,0.07824917202854431,0.16948678196700917,0.18362349883834211,0.6665612459182739,0.5098379254341125,-1.0,0.3139534890651703,0.37627118825912476,0.032875001430511475,-0.026125000789761543,-0.028750000521540642,-0.3370000123977661,0.00019985000835731626,0.0009935400448739529,0.0,0.0,0.10450000315904617,0.0,0.10450000315904617,0.003000000026077032,0.04450000077486038,-0.0002500000118743628,0.0,0.6638448238372803,0.6923604011535645,-0.7984638810157776,-0.8748365640640259,-0.24879605
291,2691,-0.2128015891472024,-0.41014614459491516,0.1521984108527976,0.07785385540508483,0.17095490360780188,0.1809473749582766,0.6635869741439819,0.5088968873023987,-1.0,0.3139534890651703,0.37627118825912476,0.03799999877810478,-0.026249999180436134,-0.026000000536441803,-0.3333750069141388,0.001964240102097392,0.0019813701510429382,7.994000043254346e-05,6.851999933132902e-05,0.34549999237060547,0.013000000268220901,0.35850000381469727,0.017500000074505806,0.07050000131130219,0.0017500000540167093,0.0002500000118743628,0.31956520676612854,0.17709477245807648,0.3902258276939392,-0.3698679506778717,-0.029817337
292,2692,-0.2121260513031762,-0.409970781677561,0.1528739486968238,0.07802921832243898,0.1716362522958654,0.17971868298458993,0.6679033041000366,0.5082268714904785,-1.0,0.3139534890651703,0.37627118825912476,0.03799999877810478,-0.026249999180436134,-0.01875000074505806,-0.3397499918937683,0.0028093201108276844,0.0020784400403499603,7.994000043254346e-05,-7.994000043254346e-05,0.42800000309944153,0.014000000432133675,0.44200000166893005,0.023499999195337296,0.07374999672174454,0.0017500000540167093,-0.000750000006519258,-0.250670850276947,-0.9560496807098389,-0.3522118926048279,-0.04423251375555992,-0.024932915
293,2693,-0.21288999646547546,-0.4075713594942619,0.15211000353452453,0.08042864050573811,0.17206457912328826,0.1789505458944681,0.6694743037223816,0.5085241198539734,-1.0,0.3139534890651703,0.37627118825912476,0.03787500038743019,-0.026249999180436134,-0.024250000715255737,-0.34062498807907104,0.0003825699968729168,0.0009535700082778931,0.0,-6.851999933132902e-05,0.11699999868869781,0.006000000052154064,0.12300000339746475,0.004999999888241291,0.03799999877810478,-0.0002500000118743628,-0.0005000000237487257,-0.7790586948394775,0.9632737636566162,-0.9399838447570801,-0.8062471747398376,-0.13679807
294,2694,-0.21386716809180464,-0.4050512972687569,0.15113283190819535,0.0829487027312431,0.17239959444670097,0.1783520372520044,0.6676976680755615,0.5125909447669983,-1.0,0.3139534890651703,0.37627118825912476,0.024250000715255737,-0.017625000327825546,-0.021124999970197678,-0.3557499945163727,0.00025695000658743083,0.0014103699941188097,7.994000043254346e-05,0.0,0.1459999978542328,0.007000000216066837,0.15299999713897705,0.0032500000670552254,0.05674999952316284,0.0010000000474974513,-0.0002500000118743628,-0.6927908658981323,0.0011756712337955832,-0.3040773570537567,0.296805739402771,0.0
295,2695,-0.21362758765789988,-0.40221759575677196,0.1513724123421001,0.08578240424322803,0.17398916085784014,0.17553942655384486,0.665425181388855,0.5168622136116028,-1.0,0.3139534890651703,0.37627118825912476,0.011749999597668648,-0.00912499986588955,-0.026125000789761543,-0.3503749966621399,0.00020556000526994467,0.0008165300241671503,0.0,0.0,0.08950000256299973,0.0,0.08950000256299973,0.0024999999441206455,0.03974999859929085,-0.0002500000118743628,0.0,-0.9729108810424805,-0.020592177286744118,0.21400633454322815,-0.6735438108444214,-0.104825266
296,2696,-0.21304503474575925,-0.40167020607233284,0.15195496525424074,0.08632979392766715,0.17476597147331338,0.17418110029581974,0.6659823656082153,0.521665096282959,-1.0,0.3139534890651703,0.37627118825912476,-0.005874999798834324,-0.000750000006519258,-0.02225000038743019,-0.3466250002384186,0.00011991000064881518,0.00033117999555543065,6.851999933132902e-05,1.7129999832832254e-05,0.039500001817941666,0.007499999832361937,0.04699999839067459,0.001500000013038516,0.02225000038743019,0.0,0.0,-0.9298937916755676,-0.5755577087402344,0.17525295913219452,-0.9817932844161987,-0.14181522
297,2697,-0.21178488306067658,-0.40201615712113065,0.1532151169393234,0.08598384287886934,0.17569317942068394,0.17257354350520354,0.6673371195793152,0.5225928425788879,-1.0,0.3139534890651703,0.37627118825912476,-0.022874999791383743,-0.0006249999860301614,-0.01899999938905239,-0.34299999475479126,9.13600015337579e-05,7.423000351991504e-05,7.423000351991504e-05,0.0,0.014499999582767487,0.006500000134110451,0.020999999716877937,0.000750000006519258,0.0005000000237487257,0.0,0.0002500000118743628,-0.12770070135593414,-0.41035687923431396,-0.9763743877410889,-0.9844875335693359,-0.14213851
298,2698,-0.2124116537845236,-0.4032476596385028,0.1525883462154764,0.0847523403614972,0.17454558888016952,0.1745653884179468,0.6702677011489868,0.5220065116882324,-1.0,0.3139534890651703,0.37627118825912476,-0.02500000037252903,-0.008249999955296516,-0.03712499886751175,-0.33937498927116394,9.13600015337579e-05,7.423000351991504e-05,0.0,6.28100024187006e-05,0.014499999582767487,0.005499999970197678,0.019999999552965164,0.0002500000118743628,0.0005000000237487257,-0.0002500000118743628,0.0005000000237487257,0.6713266968727112,0.3453812003135681,0.9857666492462158,0.9315959811210632,0.0
299,2699,-0.2135959693087539,-0.4036747981808798,0.15140403069124608,0.08432520181912018,0.17330297219433696,0.17674810034753208,0.6688101291656494,0.519919216632843,-1.0,0.3139534890651703,0.37627118825912476,-0.013624999672174454,-0.007499999832361937,-0.01887499913573265,-0.3216249942779541,0.00019985000835731626,0.00017130000924225897,6.851999933132902e-05,0.0,0.032499998807907104,0.006000000052154064,0.03849999979138374,0.0024999999441206455,0.011749999597668648,0.0,-0.0002500000118743628,0.9518246650695801,0.6355366706848145,-0.8768396377563477,0.22068578004837036,0.0
300,2700,-0.21297224746551058,-0.40378154206224304,0.1520277525344894,0.08421845793775695,0.17379639293754542,0.17587813661299267,0.6660558581352234,0.5191952586174011,-1.0,0.3139534890651703,0.37627118825912476,0.0012499999720603228,-0.005874999798834324,-0.0351249985396862,-0.3177500069141388,0.0007651399937458336,0.0005995500250719488,0.0,6.851999933132902e-05,0.11949999630451202,0.006000000052154064,0.12549999356269836,0.008249999955296516,0.032249998301267624,-0.0002500000118743628,0.0002500000118743628,0.0806877389550209,0.27834582328796387,0.7659757733345032,-0.9482387900352478,0.0
301,2701,-0.21089943440142825,-0.4030216192291654,0.15410056559857174,0.08497838077083458,0.17597815067852218,0.1720824585653818,0.6675063967704773,0.5190143585205078,-1.0,0.3139534890651703,0.37627118825912476,0.0016250000335276127,-0.005874999798834324,-0.020874999463558197,-0.33537501096725464,0.0010392200201749802,0.0009136000298894942,0.0,0.0,0.17100000381469727,0.0,0.17100000381469727,0.010499999858438969,0.042500000447034836,-0.0002500000118743628,0.0,-0.3902313709259033,0.5570067167282104,-0.8745653629302979,-0.8618186712265015,-0.2563661
302,2702,-0.21435311961400827,-0.39915977517324397,0.15064688038599172,0.08884022482675602,0.1748915896128223,0.17396243460889022,0.672326922416687,0.5203023552894592,-1.0,0.3139534890651703,0.37627118825912476,-0.0016250000335276127,0.0002500000118743628,-0.017750000581145287,-0.3316250145435333,0.0001884299999801442,0.0012276499764993787,7.423000351991504e-05,0.0,0.12399999797344208,0.006500000134110451,0.13050000369548798,0.0024999999441206455,0.050999999046325684,0.0010000000474974513,0.0,-0.44088801741600037,0.9397927522659302,-0.8687167763710022,0.7360843420028687,0.0
303,2703,-0.21405354617926625,-0.3997380042834921,0.15094645382073374,0.08826199571650789,0.1748571182677896,0.1740224121368879,0.6642950773239136,0.5268478393554688,-1.0,0.3139534890651703,0.37627118825912476,-0.010625000111758709,0.012749999761581421,-0.033250000327825546,-0.3178749978542328,0.0002969200140796602,0.0016102200606837869,-7.423000351991504e-05,0.0,0.16699999570846558,0.006500000134110451,0.17350000143051147,0.004000000189989805,0.061000000685453415,-0.0005000000237487257,0.0,0.06824243068695068,-0.4859126806259155,0.2726505398750305,0.9654731154441833,0.0
304,2704,-0.21309307836939065,-0.3999792475348475,0.15190692163060934,0.08802075246515251,0.17556584435424716,0.1727934301081434,0.6649917364120483,0.525867760181427,-1.0,0.3139534890651703,0.37627118825912476,-0.010625000111758709,0.012749999761581421,-0.02850000001490116,-0.2998749911785126,0.0005481599946506321,0.00107919005677104,7.423000351991504e-05,0.0,0.14249999821186066,0.006500000134110451,0.14900000393390656,0.006500000134110451,0.0430000014603138,0.0,0.0,-0.09905456751585007,-0.8848497271537781,0.4306086003780365,-0.8941012620925903,-0.13129216
305,2705,-0.2124295175636011,-0.4001107138555079,0.1525704824363989,0.0878892861444921,0.17607463965564127,0.17191649804099282,0.6672254204750061,0.5254589319229126,-1.0,0.3139534890651703,0.37627118825912476,-0.010625000111758709,0.011250000447034836,-0.020749999210238457,-0.29624998569488525,0.00022269001055974513,0.0001884299999801442,6.851999933132902e-05,6.851999933132902e-05,0.035999998450279236,0.012000000104308128,0.04800000041723251,0.003000000026077032,0.013000000268220901,0.0005000000237487257,0.0002500000118743628,0.3971971869468689,0.1301461160182953,-0.1248508170247078,-0.7143475413322449,0.0
306,2706,-0.21228367314840815,-0.40083386540876564,0.15271632685159184,0.08716613459123435,0.17584143853659584,0.1723178770665369,0.668768584728241,0.5252360701560974,-1.0,0.3139534890651703,0.37627118825912476,-0.008249999955296516,0.011125000193715096,-0.022624999284744263,-0.3095000088214874,0.001358980080112815,0.0002797899942379445,0.0,0.0,0.14350000023841858,0.0,0.14350000023841858,0.013000000268220901,0.017999999225139618,-0.0002500000118743628,0.0,0.3443634808063507,0.785960853099823,-0.9167603254318237,-0.34287986159324646,-0.19915685
307,2707,-0.21281097491722484,-0.40046403857770463,0.15218902508277515,0.08753596142229536,0.17556777579547775,0.17279009273682033,0.6691077351570129,0.524010419845581,-1.0,0.3139534890651703,0.37627118825912476,-0.0042500002309679985,0.010999999940395355,-0.019874999299645424,-0.3059999942779541,0.0020556000526994467,0.0013132999883964658,7.994000043254346e-05,6.851999933132902e-05,0.29499998688697815,0.013000000268220901,0.30799999833106995,0.017750000581145287,0.04749999940395355,0.0017500000540167093,0.0005000000237487257,0.4375382959842682,0.2618975043296814,-0.9150398373603821,-0.6106991767883301,-0.027585914
308,2708,-0.2115360313555223,-0.40132113304043937,0.1534639686444777,0.08667886695956062,0.17625100183972414,0.17161356955441462,0.667881429195404,0.5246372222900391,-1.0,0.3139534890651703,0.37627118825912476,-0.0022499999031424522,0.010874999687075615,-0.035999998450279236,-0.31687501072883606,0.0025752100627869368,0.0016844500787556171,0.0,-7.423000351991504e-05,0.37299999594688416,0.006500000134110451,0.37950000166893005,0.0215000007301569,0.057500001043081284,-0.0002500000118743628,-0.0005000000237487257,0.036989614367485046,-0.9894973039627075,0.8705369234085083,-0.7898836731910706,0.0
309,2709,-0.2136646172819659,-0.4012987946727779,0.1513353827180341,0.08670120532722209,0.17441186045566676,0.17479898812139397,0.6708464622497559,0.5231845378875732,-1.0,0.3139534890651703,0.37627118825912476,-0.000750000006519258,0.009624999947845936,-0.020250000059604645,-0.3316250145435333,0.0023525201249867678,0.0003654400061350316,7.423000351991504e-05,-7.423000351991504e-05,0.23800000548362732,0.013000000268220901,0.25099998712539673,0.019750000908970833,0.023000000044703484,0.000750000006519258,-0.0005000000237487257,0.3087054193019867,-0.6160722374916077,-0.517047643661499,0.539016604423523,-0.08087055
310,2710,-0.2140594011708448,-0.40184808935572897,0.1509405988291552,0.08615191064427102,0.17379647891301603,0.17587798540100205,0.6658962368965149,0.5232223868370056,-1.0,0.3139534890651703,0.37627118825912476,-0.0018749999580904841,0.0043750000186264515,-0.029374999925494194,-0.3218750059604645,0.0002512400096748024,0.0001541700039524585,0.0,6.28100024187006e-05,0.03550000116229057,0.005499999970197678,0.04100000113248825,0.0032500000670552254,0.010499999858438969,-0.0002500000118743628,0.0,0.41491901874542236,0.6371917724609375,-0.21171914041042328,-0.22937403619289398,-0.0494063
311,2711,-0.21114611978196482,-0.40266192772337916,0.15385388021803517,0.08533807227662082,0.17593636076159833,0.17215438671016597,0.6649781465530396,0.522291362285614,-1.0,0.3139534890651703,0.37627118825912476,0.0008750000270083547,0.004124999977648258,-0.025624999776482582,-0.32600000500679016,0.0014103699941188097,0.0006680700462311506,0.0,0.0,0.18199999630451202,0.0,0.18199999630451202,0.013249999843537807,0.03474999964237213,-0.0002500000118743628,-0.0002500000118743628,0.851996898651123,0.8123931884765625,-0.18058542907238007,-0.7509267926216125,-0.2109013
312,2712,-0.21392657514283125,-0.4019379270294109,0.15107342485716874,0.0860620729705891,0.17386736353344065,0.17575335913428644,0.6717532277107239,0.5209119915962219,-1.0,0.3139534890651703,0.37627118825912476,0.005750000011175871,0.0037499999161809683,-0.022874999791383743,-0.32249999046325684,0.002244030125439167,0.001764390035532415,7.994000043254346e-05,6.851999933132902e-05,0.35100001096725464,0.013000000268220901,0.36399999260902405,0.01924999989569187,0.06575000286102295,0.0017500000540167093,0.0002500000118743628,-0.6677607893943787,-0.9779937267303467,-0.839783787727356,-0.3888053297996521,0.0
313,2713,-0.21385378077094377,-0.40076746083299514,0.15114621922905622,0.08723253916700485,0.17451273729089506,0.17462274534318015,0.6652870178222656,0.5221391320228577,-1.0,0.3139534890651703,0.37627118825912476,0.0012499999720603228,0.003874999936670065,-0.03737499937415123,-0.3296250104904175,0.00026266000350005925,0.0005081900162622333,-7.423000351991504e-05,0.0,0.06750000268220901,0.006500000134110451,0.07400000095367432,0.0032500000670552254,0.028999999165534973,-0.0005000000237487257,0.0,-0.5658274292945862,0.3265654146671295,0.5197510719299316,0.2470926195383072,0.0
314,2714,-0.21365662348536094,-0.4000463437247768,0.15134337651463906,0.08795365627522317,0.175044746470815,0.17369620313787526,0.6654562950134277,0.524122953414917,-1.0,0.3139534890651703,0.37627118825912476,-0.008624999783933163,0.007499999832361937,-0.02787500061094761,-0.32499998807907104,0.0001541700039524585,0.0006566499941982329,0.0,6.28100024187006e-05,0.07100000232458115,0.005499999970197678,0.07649999856948853,0.0020000000949949026,0.03375000134110451,-0.0002500000118743628,0.0,-0.5243851542472839,-0.46734747290611267,-0.8921197652816772,-0.7503043413162231,-0.13105439
315,2715,-0.20932222537823153,-0.3990219676157876,0.15567777462176846,0.08897803238421237,0.17931162750405252,0.16644068570539697,0.6659148335456848,0.5253452062606812,-1.0,0.3139534890651703,0.37627118825912476,-0.017875000834465027,0.00787500012665987,-0.02449999935925007,-0.33899998664855957,0.00010848999954760075,0.0002169799990952015,7.423000351991504e-05,0.0,0.02850000001490116,0.006500000134110451,0.03500000014901161,0.0010000000474974513,0.01549999974668026,0.0005000000237487257,0.0,0.18613053858280182,0.8643842935562134,0.9915246963500977,-0.06789825111627579,-0.032147795
316,2716,-0.21095997914754203,-0.40006115256285,0.15404002085245797,0.08793884743714997,0.1773740931274915,0.1696969752037148,0.6759948134422302,0.5270814299583435,-1.0,0.3139534890651703,0.37627118825912476,-0.016750000417232513,0.012625000439584255,-0.0063749998807907104,-0.33537501096725464,0.0004739300056826323,0.0007879800396040082,7.994000043254346e-05,6.28100024187006e-05,0.11050000041723251,0.012500000186264515,0.12300000339746475,0.005499999970197678,0.03824999928474426,0.0012499999720603228,0.0002500000118743628,0.9685394167900085,0.5687829852104187,-0.23974227905273438,-0.45604175329208374,0.0
317,2717,-0.20870785349853926,-0.4008624031219272,0.15629214650146073,0.08713759687807276,0.17894187840670384,0.16705723778385664,0.6721860766410828,0.5253200531005859,-1.0,0.3139534890651703,0.37627118825912476,-0.0044999998062849045,0.012875000014901161,-0.010125000029802322,-0.343625009059906,0.0019699500408023596,0.0015359900426119566,0.0,-6.851999933132902e-05,0.3070000112056732,0.006000000052154064,0.31299999356269836,0.017249999567866325,0.05900000035762787,0.0,-0.0002500000118743628,-0.3291565775871277,0.2892349660396576,-0.4842374920845032,0.11264345049858093,-0.0821085
318,2718,-0.21274293483147572,-0.39987878025445595,0.15225706516852427,0.08812121974554404,0.1759191952663913,0.1721839403996114,0.6774235963821411,0.5239620208740234,-1.0,0.3139534890651703,0.37627118825912476,-0.0044999998062849045,0.012875000014901161,-0.007625000085681677,-0.34200000762939453,0.0003768599999602884,0.0019813701510429382,7.994000043254346e-05,6.851999933132902e-05,0.20649999380111694,0.013000000268220901,0.21950000524520874,0.004999999888241291,0.06975000351667404,0.0024999999441206455,0.0005000000237487257,0.15031374990940094,-0.757653534412384,-0.9123015403747559,-0.26551932096481323,0.0
319,2719,-0.21263344842114504,-0.39958850216165714,0.15236655157885495,0.08841149783834285,0.1761594703388131,0.17177072194139217,0.6680396795272827,0.5256291627883911,-1.0,0.3139534890651703,0.37627118825912476,-0.0044999998062849045,0.012875000014901161,-0.023250000551342964,-0.3463749885559082,0.0010392200201749802,0.0008964700391516089,0.0,-6.851999933132902e-05,0.16949999332427979,0.006000000052154064,0.17550000548362732,0.010499999858438969,0.04149999842047691,-0.0002500000118743628,-0.0005000000237487257,-0.6298123598098755,0.1728520691394806,-0.23681826889514923,0.8289687633514404,-0.052418195
320,2720,-0.21416887476734792,-0.3960979308018048,0.15083112523265207,0.09190206919819521,0.17662394702264422,0.17097473700159047,0.6682943105697632,0.526121199131012,-1.0,0.3139534890651703,0.37627118825912476,-0.012125000357627869,0.013375000096857548,-0.019999999552965164,-0.3311249911785126,0.0001884299999801442,0.00107919005677104,7.423000351991504e-05,0.0,0.11100000143051147,0.006500000134110451,0.11749999970197678,0.0022499999031424522,0.04675000160932541,0.000750000006519258,0.0,-0.6161044239997864,0.93296879529953,-0.8409192562103271,-0.2677931487560272,-0.05613518
321,2721,-0.21446173340610308,-0.39588471946490666,0.1505382665938969,0.09211528053509332,0.1764851116019539,0.17121227535251007,0.6647235751152039,0.5320373773574829,-1.0,0.3139534890651703,0.37627118825912476,-0.02449999935925007,0.02762500010430813,-0.03525000065565109,-0.32749998569488525,0.0003026300109922886,0.0013132999883964658,0.0,6.28100024187006e-05,0.14149999618530273,0.005499999970197678,0.1469999998807907,0.004000000189989805,0.05299999937415123,-0.0002500000118743628,0.0002500000118743628,0.1469363421201706,-0.5795193910598755,-0.24678942561149597,0.8615579009056091,-0.053614736
322,2722,-0.21472577878893218,-0.3978612620761668,0.15027422121106782,0.0901387379238332,0.1752350810628238,0.1733659136056272,0.6640424728393555,0.5323987603187561,-1.0,0.3139534890651703,0.37627118825912476,-0.02449999935925007,0.02762500010430813,-0.03162499889731407,-0.3113749921321869,0.0008907600422389805,0.0005938400281593204,7.423000351991504e-05,6.28100024187006e-05,0.12999999523162842,0.012000000104308128,0.1420000046491623,0.009499999694526196,0.03150000050663948,0.0,0.0002500000118743628,0.6293118000030518,-0.7478994131088257,-0.16120527684688568,-0.9929472208023071,0.0
323,2723,-0.21588873511722628,-0.39978944579844056,0.1491112648827737,0.08821055420155943,0.17324915926920673,0.17684323926666298,0.6634284257888794,0.5290486812591553,-1.0,0.3139534890651703,0.37627118825912476,-0.015375000424683094,0.019999999552965164,-0.03449999913573265,-0.3297500014305115,0.0016045100055634975,0.00029121001716703176,-7.423000351991504e-05,-5.7100000958598685e-06,0.16599999368190765,0.007000000216066837,0.17299999296665192,0.014750000089406967,0.01875000074505806,-0.0002500000118743628,0.0,-0.04961742088198662,-0.8585082292556763,-0.20333655178546906,-0.5310884714126587,-0.08773062
324,2724,-0.2147360594566917,-0.40304915257752566,0.1502639405433083,0.08495084742247433,0.17261488436806197,0.1779684763234192,0.660723865032196,0.5257806181907654,-1.0,0.3139534890651703,0.37627118825912476,-0.011874999850988388,0.009499999694526196,-0.03824999928474426,-0.32600000500679016,0.00048534999950788915,0.00011991000064881518,0.0,6.28100024187006e-05,0.05299999937415123,0.005499999970197678,0.05849999934434891,0.006000000052154064,0.00774999987334013,-0.0002500000118743628,0.0,0.5377788543701172,-0.7148177623748779,-0.24000810086727142,0.7738207578659058,-0.052800976
325,2725,-0.21195555432421068,-0.40155122287007355,0.15304444567578931,0.08644877712992644,0.1757725616228805,0.17243660518547843,0.6634045243263245,0.5202556848526001,-1.0,0.3139534890651703,0.37627118825912476,-0.0013749999925494194,-0.0037499999161809683,-0.03462500125169754,-0.31162500381469727,0.00041683000745251775,0.00011991000064881518,0.0,5.7100000958598685e-06,0.04699999839067459,0.0005000000237487257,0.04749999940395355,0.004999999888241291,0.007499999832361937,0.0,0.0002500000118743628,-0.6390758752822876,0.6185404062271118,0.8886646628379822,-0.6772633790969849,-0.105271615
326,2726,-0.21381204009162225,-0.3971184996002948,0.15118795990837774,0.09088150039970516,0.17640081160856047,0.17135666814232609,0.6698707938194275,0.5227945446968079,-1.0,0.3139534890651703,0.37627118825912476,-0.011250000447034836,0.0021250001154839993,-0.018124999478459358,-0.30787500739097595,0.00011991000064881518,0.0002797899942379445,7.423000351991504e-05,6.851999933132902e-05,0.03500000014901161,0.012500000186264515,0.04749999940395355,0.0010000000474974513,0.01875000074505806,0.0002500000118743628,0.0002500000118743628,-0.9204915761947632,0.959718644618988,-0.24683983623981476,-0.7266803979873657,0.0
327,2727,-0.21248184546714977,-0.39809944994925156,0.15251815453285023,0.08990055005074843,0.17704207511643527,0.170261336097075,0.6655533909797668,0.5303076505661011,-1.0,0.3139534890651703,0.37627118825912476,-0.0286250002682209,0.01899999938905239,-0.02250000089406967,-0.32124999165534973,0.00013133000175002962,0.0003368900215718895,0.0,0.0,0.04100000113248825,0.0,0.04100000113248825,0.0012499999720603228,0.020749999210238457,-0.0002500000118743628,-0.0002500000118743628,0.7892237901687622,0.07426969707012177,-0.7467682361602783,0.3771841824054718,-0.11361219
328,2728,-0.20794181311976623,-0.3988885560090611,0.15705818688023376,0.0891114439909389,0.18057719544908396,0.1643475387754579,0.6686468720436096,0.5286449790000916,-1.0,0.3139534890651703,0.37627118825912476,-0.01875000074505806,0.01875000074505806,-0.019375000149011612,-0.31462499499320984,0.0010848999954760075,0.0003939900198020041,7.994000043254346e-05,6.851999933132902e-05,0.12950000166893005,0.013000000268220901,0.14249999821186066,0.010999999940395355,0.024000000208616257,0.0010000000474974513,0.0005000000237487257,0.40981772541999817,0.38122111558914185,0.820438027381897,0.15468333661556244,0.0
329,2729,-0.21209143288058865,-0.39789027077348044,0.15290856711941134,0.09010972922651955,0.1774846280661742,0.16950950438569146,0.679205060005188,0.5273075103759766,-1.0,0.3139534890651703,0.37627118825912476,-0.013500000350177288,0.01862500049173832,-0.0044999998062849045,-0.31174999475479126,0.0017301300540566444,0.0007822700426913798,7.994000043254346e-05,7.423000351991504e-05,0.2199999988079071,0.013500000350177288,0.23350000381469727,0.01575000025331974,0.03849999979138374,0.0020000000949949026,0.0005000000237487257,-0.3923482298851013,0.6205938458442688,-0.8919670581817627,-0.9698449969291687,0.0
330,2730,-0.21417955766137778,-0.3938333493877929,0.1508204423386222,0.09416665061220708,0.17780372300584468,0.16896947020403533,0.6695548295974731,0.5289995670318604,-1.0,0.3139534890651703,0.37627118825912476,-0.014499999582767487,0.01862500049173832,-0.019750000908970833,-0.3296250104904175,0.00026266000350005925,0.0016730300849303603,-7.423000351991504e-05,0.0,0.16949999332427979,0.006500000134110451,0.17599999904632568,0.0032500000670552254,0.06174999848008156,-0.000750000006519258,0.0,-0.9350632429122925,0.5903421640396118,-0.26432859897613525,-0.164975106716156,-0.043797016
331,2731,-0.21194938455745008,-0.3915553199605824,0.15305061544254991,0.09644468003941759,0.18090347480147786,0.16381218054689056,0.6646987199783325,0.535875678062439,-1.0,0.3139534890651703,0.37627118825912476,-0.03187499940395355,0.03437500074505806,-0.02487500011920929,-0.32587501406669617,0.00022840000747237355,0.001261910074390471,0.0,6.28100024187006e-05,0.13050000369548798,0.005499999970197678,0.13600000739097595,0.003000000026077032,0.05225000157952309,-0.0002500000118743628,0.0,-0.9919043779373169,-0.07955460250377655,0.21432583034038544,0.356143981218338,0.0
332,2732,-0.21406127092133315,-0.3917014839339976,0.15093872907866684,0.09629851606600237,0.17904162681454083,0.16689068393020912,0.6698851585388184,0.5397367477416992,-1.0,0.3139534890651703,0.37627118825912476,-0.04987499862909317,0.04475000128149986,-0.021124999970197678,-0.3191249966621399,0.0001541700039524585,0.0004967700224369764,7.423000351991504e-05,1.7129999832832254e-05,0.05700000002980232,0.00800000037997961,0.06499999761581421,0.0020000000949949026,0.028750000521540642,0.0002500000118743628,-0.0002500000118743628,0.9554864764213562,0.061602089554071426,-0.22501535713672638,0.7509567141532898,0.0
333,2733,-0.21205384962797488,-0.3933075147392065,0.1529461503720251,0.09469248526079349,0.1798866078352908,0.16548643051822137,0.664973795413971,0.5394890308380127,-1.0,0.3139534890651703,0.37627118825912476,-0.03837500140070915,0.04437499865889549,-0.02500000037252903,-0.30537500977516174,0.0016844500787556171,0.0005881300312466919,0.0,6.851999933132902e-05,0.19900000095367432,0.006000000052154064,0.20499999821186066,0.014750000089406967,0.03175000101327896,-0.0002500000118743628,0.0002500000118743628,0.8161572217941284,0.10974283516407013,0.15044312179088593,0.6437857747077942,-0.0059468257
334,2734,-0.21321681012659655,-0.3928310405165013,0.15178318987340345,0.09516895948349868,0.1791515212810582,0.16670738104175012,0.6696422100067139,0.5367669463157654,-1.0,0.3139534890651703,0.37627118825912476,-0.0286250002682209,0.04374999925494194,-0.02237500064074993,-0.29350000619888306,0.0032432801090180874,0.0007194600184448063,7.994000043254346e-05,7.994000043254346e-05,0.34700000286102295,0.014000000432133675,0.3610000014305115,0.025750000029802322,0.03700000047683716,0.0020000000949949026,0.0005000000237487257,0.3398694396018982,0.4156731367111206,-0.7801826596260071,0.47511982917785645,-0.03197492
335,2735,-0.21161619450952063,-0.39417810135168413,0.15338380549047936,0.09382189864831586,0.17980306018729508,0.1656247483112571,0.6669376492500305,0.5375745296478271,-1.0,0.3139534890651703,0.37627118825912476,-0.0286250002682209,0.04374999925494194,-0.035750001668930054,-0.28462499380111694,0.0036372700706124306,0.001233360031619668,-5.7100000958598685e-06,7.994000043254346e-05,0.42649999260902405,0.007499999832361937,0.4339999854564667,0.02850000001490116,0.05249999836087227,-0.0005000000237487257,0.0005000000237487257,0.8570607900619507,-0.8205388188362122,0.8009388446807861,0.8567547798156738,-0.1118473
336,2736,-0.2106981952008823,-0.3936943079322424,0.1543018047991177,0.09430569206775757,0.18083863116227056,0.16391843677270074,0.6706600189208984,0.5352913737297058,-1.0,0.3139534890651703,0.37627118825912476,-0.027000000700354576,0.04075000062584877,-0.0215000007301569,-0.2685000002384186,0.002746510086581111,0.00047964000259526074,7.423000351991504e-05,7.423000351991504e-05,0.2824999988079071,0.013000000268220901,0.2955000102519989,0.02250000089406967,0.02775000035762787,0.0010000000474974513,0.0002500000118743628,0.1735447496175766,0.4512283205986023,0.2959060072898865,-0.9848789572715759,-0.06735448
337,2737,-0.21270055817575792,-0.3931581724452809,0.15229944182424207,0.0948418275547191,0.17941597541438378,0.16626709891076955,0.6727948784828186,0.5361113548278809,-1.0,0.3139534890651703,0.37627118825912476,-0.02775000035762787,0.04062499850988388,-0.016374999657273293,-0.2867499887943268,0.00042825000127777457,0.0009764100541360676,7.994000043254346e-05,0.0,0.12300000339746475,0.007000000216066837,0.12999999523162842,0.005249999929219484,0.04475000128149986,0.0017500000540167093,0.0,0.15033435821533203,0.6888906955718994,-0.5247777104377747,0.1980266124010086,-0.00023680688
338,2738,-0.21255497216224867,-0.39400457923855736,0.15244502783775132,0.09399542076144263,0.17909390172915832,0.16680346476653793,0.6681382656097412,0.5370200276374817,-1.0,0.3139534890651703,0.37627118825912476,-0.02775000035762787,0.04075000062584877,-0.02487500011920929,-0.28312501311302185,0.0010563500691205263,0.0019585301633924246,-7.423000351991504e-05,6.28100024187006e-05,0.2639999985694885,0.012000000104308128,0.2759999930858612,0.01075000036507845,0.0702499970793724,-0.000750000006519258,0.0002500000118743628,0.6283204555511475,-0.3459438979625702,0.1378493458032608,-0.8211848735809326,0.0
339,2739,-0.21376938463281903,-0.393225241883848,0.15123061536718096,0.09477475811615199,0.17847395832532922,0.16784076385514937,0.6684768199920654,0.5355854630470276,-1.0,0.3139534890651703,0.37627118825912476,-0.023874999955296516,0.04050000011920929,-0.023624999448657036,-0.2980000078678131,0.0032718300353735685,0.0014217899879440665,7.994000043254346e-05,-7.994000043254346e-05,0.41100001335144043,0.014000000432133675,0.42500001192092896,0.026499999687075615,0.057999998331069946,0.0017500000540167093,-0.000750000006519258,-0.7889236211776733,0.11141170561313629,-0.6982479095458984,-0.954993724822998,0.0
340,2740,-0.2147386956497945,-0.3940091122463602,0.1502613043502055,0.09399088775363978,0.17723641433334855,0.16993077286083869,0.6656525731086731,0.536906361579895,-1.0,0.3139534890651703,0.37627118825912476,-0.02787500061094761,0.04062499850988388,-0.03550000116229057,-0.3162499964237213,0.0003997000167146325,0.0016045100055634975,-6.851999933132902e-05,0.0,0.17550000548362732,0.006000000052154064,0.18150000274181366,0.004999999888241291,0.06174999848008156,-0.0005000000237487257,0.0,0.9372055530548096,0.4772680103778839,-0.7334393858909607,-0.7032549381256104,-0.1083906
341,2741,-0.21400630753590927,-0.39411440561726524,0.15099369246409072,0.09388559438273475,0.17780213721027033,0.16897214973566174,0.6633983850479126,0.5355777740478516,-1.0,0.3139534890651703,0.37627118825912476,-0.02187499962747097,0.0403750017285347,-0.04899999871850014,-0.31312501430511475,0.0034145801328122616,0.0023011299781501293,-7.423000351991504e-05,7.994000043254346e-05,0.5005000233650208,0.013500000350177288,0.5139999985694885,0.02800000086426735,0.07999999821186066,-0.0010000000474974513,0.0012499999720603228,-0.7871360182762146,0.5761440396308899,0.6655722856521606,0.8012197613716125,-0.1076144
342,2742,-0.2129810930473749,-0.39379476226480403,0.1520189069526251,0.09420523773519596,0.17884175935115287,0.167224577668133,0.6651015877723694,0.535399317741394,-1.0,0.3139534890651703,0.37627118825912476,-0.0253749992698431,0.0403750017285347,-0.03700000047683716,-0.29750001430511475,0.00044538002111949027,0.0015645400853827596,0.0,0.0,0.17599999904632568,0.0,0.17599999904632568,0.005499999970197678,0.061250001192092896,-0.0002500000118743628,0.0,0.3021951913833618,-0.5294488668441772,0.6975585222244263,-0.7944880723953247,-0.11933857
343,2743,-0.21324503121260013,-0.39332610362423875,0.15175496878739986,0.09467389637576124,0.178865081015365,0.16718558266096814,0.6674858331680298,0.5359410643577576,-1.0,0.3139534890651703,0.37627118825912476,-0.02525000087916851,0.0403750017285347,-0.02474999986588955,-0.2941249907016754,0.0018614600412547588,0.0008507900056429207,7.994000043254346e-05,6.851999933132902e-05,0.23749999701976776,0.013000000268220901,0.25049999356269836,0.016499999910593033,0.04149999842047691,0.0012499999720603228,0.000750000006519258,-0.5551223754882812,-0.6500097513198853,-0.8995445966720581,-0.9854354858398438,0.0
344,2744,-0.21420973212487152,-0.39290953876604107,0.15079026787512848,0.09509046123395892,0.17826918046465587,0.1681848167325415,0.6668720245361328,0.5367354154586792,-1.0,0.3139534890651703,0.37627118825912476,-0.028999999165534973,0.039250001311302185,-0.04075000062584877,-0.31212499737739563,0.00025695000658743083,0.0002969200140796602,0.0,0.0,0.048500001430511475,0.0,0.048500001430511475,0.0032500000670552254,0.019500000402331352,-0.0002500000118743628,0.0,-0.2615630328655243,0.3468573987483978,-0.09301609545946121,0.6384416818618774,-0.035161935
345,2745,-0.21392099694737637,-0.39241079384792876,0.15107900305262362,0.09558920615207123,0.17877964508343175,0.1673284802558264,0.6646285057067871,0.5374414324760437,-1.0,0.3139534890651703,0.37627118825912476,-0.033250000327825546,0.039374999701976776,-0.03700000047683716,-0.30024999380111694,0.00017130000924225897,0.0006052600219845772,0.0,0.0,0.06800000369548798,0.0,0.06800000369548798,0.0020000000949949026,0.032249998301267624,-0.0002500000118743628,0.0,-0.44979482889175415,-0.01936211623251438,-0.5275854468345642,-0.9098340272903442,-0.22049035
346,2746,-0.2150154587470685,-0.39157580108749435,0.14998454125293148,0.09642419891250564,0.1783058853509069,0.16812309601482084,0.6653000116348267,0.5382868051528931,-1.0,0.3139534890651703,0.37627118825912476,-0.04149999842047691,0.03974999859929085,-0.033250000327825546,-0.29649999737739563,0.00014275001012720168,0.000559579988475889,0.0,0.0,0.061500001698732376,0.0,0.061500001698732376,0.0017500000540167093,0.03099999949336052,-0.0002500000118743628,0.0,-0.022661613300442696,0.9708855152130127,-0.163922518491745,0.031948745250701904,-0.06383686
347,2747,-0.2125290201780317,-0.389813884379479,0.15247097982196828,0.09818611562052099,0.1813502494856772,0.16308194167046575,0.6627547740936279,0.5397020578384399,-1.0,0.3139534890651703,0.37627118825912476,-0.042374998331069946,0.044874999672174454,-0.029500000178813934,-0.2930000126361847,0.00019985000835731626,0.0014103699941188097,0.0,6.28100024187006e-05,0.14100000262260437,0.005499999970197678,0.14650000631809235,0.002749999985098839,0.05700000002980232,-0.0002500000118743628,0.0005000000237487257,-0.6343878507614136,-0.006990922149270773,-0.6885850429534912,0.5341890454292297,-0.10663021
348,2748,-0.21397970850580292,-0.3891561637656984,0.15102029149419707,0.0988438362343016,0.18049164081614885,0.16448820587402485,0.6685371398925781,0.5426883101463318,-1.0,0.3139534890651703,0.37627118825912476,-0.05412499979138374,0.05375000089406967,-0.026000000536441803,-0.2828750014305115,0.00017701000615488738,0.0007822700426913798,6.851999933132902e-05,6.28100024187006e-05,0.08399999886751175,0.011500000022351742,0.09549999982118607,0.0024999999441206455,0.039000000804662704,0.0002500000118743628,0.0002500000118743628,0.34685519337654114,0.28753727674484253,-0.4706628918647766,-0.9248701333999634,0.0
349,2749,-0.21418514033850078,-0.38794605930233766,0.1508148596614992,0.10005394069766232,0.1809859468131408,0.16367713704044706,0.6651634573936462,0.5438030958175659,-1.0,0.3139534890651703,0.37627118825912476,-0.0521249994635582,0.05375000089406967,-0.03449999913573265,-0.30000001192092896,0.0011591300135478377,0.001147710019722581,0.0,0.0,0.20200000703334808,0.0,0.20200000703334808,0.011500000022351742,0.04975000023841858,-0.0002500000118743628,0.0,-0.3756815791130066,0.534149706363678,-0.9019317626953125,-0.2456895112991333,-0.18571457
350,2750,-0.2132441301790531,-0.38896199485276006,0.15175586982094688,0.09903800514723993,0.1812136045904305,0.16330493714009284,0.6646857261657715,0.5458541512489319,-1.0,0.3139534890651703,0.37627118825912476,-0.054999999701976776,0.05824999883770943,-0.030750000849366188,-0.29649999737739563,0.00022840000747237355,0.001541700097732246,0.0,6.851999933132902e-05,0.1550000011920929,0.006000000052154064,0.16099999845027924,0.0032500000670552254,0.060750000178813934,-0.0002500000118743628,0.0005000000237487257,0.9103789329528809,0.2861926853656769,-0.6657814979553223,0.04562870040535927,-0.10389379
351,2751,-0.20819470039269605,-0.3898962399751351,0.15680529960730394,0.09810376002486487,0.1849655365627679,0.15729136498457166,0.6668741106987,0.5441322326660156,-1.0,0.3139534890651703,0.37627118825912476,-0.04612499848008156,0.057999998331069946,-0.02787500061094761,-0.29649999737739563,0.002295420039445162,0.0019585301633924246,7.994000043254346e-05,7.994000043254346e-05,0.3725000023841858,0.014000000432133675,0.3865000009536743,0.019500000402331352,0.07175000011920929,0.001500000013038516,0.0020000000949949026,0.27156707644462585,-0.792777955532074,0.9219496250152588,0.34145769476890564,-0.018946694
352,2752,-0.20632401938907338,-0.3899407858768673,0.1586759806109266,0.09805921412313268,0.1865306309893513,0.15484877090923635,0.678617000579834,0.5425487160682678,-1.0,0.3139534890651703,0.37627118825912476,-0.04612499848008156,0.057999998331069946,-0.010874999687075615,-0.2893750071525574,0.0029235200490802526,0.0008622099994681776,7.994000043254346e-05,7.423000351991504e-05,0.33149999380111694,0.013500000350177288,0.3449999988079071,0.023749999701976776,0.042249999940395355,0.0020000000949949026,0.0005000000237487257,0.20102544128894806,-0.7163478136062622,0.5814530849456787,-0.6580437421798706,-0.07010254
353,2753,-0.20587411200538355,-0.3878479929954781,0.15912588799461644,0.10015200700452187,0.18801987325043332,0.15255978415607396,0.6829674243927002,0.5424732565879822,-1.0,0.3139534890651703,0.37627118825912476,-0.04637499898672104,0.05550000071525574,0.0002500000118743628,-0.30137500166893005,0.00043967002420686185,0.000308340007904917,7.994000043254346e-05,0.0,0.06549999862909317,0.007000000216066837,0.07249999791383743,0.005499999970197678,0.020500000566244125,0.001500000013038516,0.0,-0.8473268747329712,0.7959581613540649,0.1733763962984085,-0.5592536926269531,-0.09111045
354,2754,-0.20118213682653058,-0.3871038922711383,0.1638178631734694,0.1008961077288617,0.19239624957247897,0.14602718211620955,0.6840136647224426,0.5460203289985657,-1.0,0.3139534890651703,0.37627118825912476,-0.060750000178813934,0.06162500008940697,0.0035000001080334187,-0.29774999618530273,0.00017701000615488738,0.0007480100030079484,7.994000043254346e-05,6.28100024187006e-05,0.08100000023841858,0.012500000186264515,0.09350000321865082,0.0024999999441206455,0.03799999877810478,0.001500000013038516,0.0002500000118743628,-0.1301100254058838,0.518792450428009,0.6629346609115601,-0.8658217191696167,0.0
355,2755,-0.2000977367723033,-0.38530079972552445,0.1649022632276967,0.10269920027447554,0.1942675530155085,0.14331997941785915,0.6949252486228943,0.5472815632820129,-1.0,0.3139534890651703,0.37627118825912476,-0.06324999779462814,0.06449999660253525,0.01549999974668026,-0.3137499988079071,0.00019985000835731626,0.0012105200439691544,7.994000043254346e-05,0.0,0.12349999696016312,0.007000000216066837,0.13050000369548798,0.002749999985098839,0.051500000059604645,0.0022499999031424522,0.0,-0.49072855710983276,-0.17067676782608032,0.35779279470443726,-0.8858596086502075,-0.13030317
356,2756,-0.19828184458725578,-0.382779212708795,0.1667181554127442,0.10522078729120499,0.1971455234653045,0.13925406135812204,0.6974471211433411,0.5503376126289368,-1.0,0.3139534890651703,0.37627118825912476,-0.07212500274181366,0.06987500190734863,0.02225000038743019,-0.31025001406669617,0.00017701000615488738,0.0006452300003729761,7.994000043254346e-05,6.28100024187006e-05,0.07199999690055847,0.012500000186264515,0.08449999988079071,0.0022499999031424522,0.03449999913573265,0.0020000000949949026,0.0005000000237487257,-0.9359229207038879,0.18660499155521393,0.3879319727420807,0.6985898017883301,0.0
357,2757,-0.20028584867673235,-0.3818545983794679,0.16471415132326764,0.1061454016205321,0.19595305032412322,0.14092456902005654,0.7016701102256775,0.5546115040779114,-1.0,0.3139534890651703,0.37627118825912476,-0.08937499672174454,0.0793749988079071,0.029874999076128006,-0.296999990940094,0.00014275001012720168,0.00034260001848451793,7.423000351991504e-05,0.0,0.042500000447034836,0.006500000134110451,0.04899999871850014,0.0017500000540167093,0.02225000038743019,0.0012499999720603228,0.0,-0.004849589429795742,0.6143201589584351,-0.2561091184616089,-0.9831717014312744,-0.14198062
358,2758,-0.20208573329694235,-0.3781248937026928,0.16291426670305764,0.10987510629730718,0.19650342816154517,0.1401510819279638,0.6970096826553345,0.556178629398346,-1.0,0.3139534890651703,0.37627118825912476,-0.08937499672174454,0.08262500166893005,0.025750000029802322,-0.2933749854564667,0.00013703999866265804,0.0007765600457787514,1.1420000191719737e-05,6.851999933132902e-05,0.07999999821186066,0.007000000216066837,0.08699999749660492,0.0017500000540167093,0.038750000298023224,0.0,0.0002500000118743628,-0.6959983110427856,0.7553179860115051,-0.3572131395339966,-0.6326614618301392,0.0
359,2759,-0.20522362747294975,-0.37867652333785917,0.15977637252705024,0.10932347666214082,0.1935978093042387,0.1442830775114299,0.6928238868713379,0.5625001788139343,-1.0,0.3139534890651703,0.37627118825912476,-0.10275000333786011,0.09775000065565109,0.01899999938905239,-0.3050000071525574,0.0002169799990952015,0.0007137500215321779,6.851999933132902e-05,0.0,0.08150000125169754,0.006000000052154064,0.08749999850988388,0.0024999999441206455,0.03674999997019768,0.0002500000118743628,0.0,0.6293463706970215,-0.1746426820755005,-0.8381814360618591,-0.38681766390800476,-0.07041813
360,2760,-0.2077216790512623,-0.38077909043756697,0.1572783209487377,0.10722090956243302,0.19034913629394168,0.14904733142056256,0.685526430606842,0.5615652203559875,-1.0,0.3139534890651703,0.37627118825912476,-0.09612499922513962,0.0976250022649765,0.0035000001080334187,-0.30137500166893005,0.001347560086287558,0.0005310300039127469,6.851999933132902e-05,6.851999933132902e-05,0.16449999809265137,0.012000000104308128,0.17649999260902405,0.012749999761581421,0.030500000342726707,0.0,0.0002500000118743628,0.8100125789642334,-0.5158696174621582,-0.5452662110328674,-0.6103237867355347,0.0
361,2761,-0.20763043952336305,-0.38193578365105346,0.15736956047663694,0.10606421634894653,0.1897756479486397,0.14990455618788043,0.6797170042991638,0.5580015182495117,-1.0,0.3139534890651703,0.37627118825912476,-0.0832500010728836,0.09000000357627869,-0.006750000175088644,-0.312375009059906,0.001964240102097392,0.00043967002420686185,6.28100024187006e-05,-7.423000351991504e-05,0.21050000190734863,0.012000000104308128,0.2224999964237213,0.017249999567866325,0.026499999687075615,0.0002500000118743628,-0.0005000000237487257,0.3137000501155853,-0.522611141204834,0.05313662067055702,0.11824946850538254,-0.03645314
362,2762,-0.20677029807390648,-0.38350882252058327,0.1582297019260935,0.10449117747941672,0.1896181550976999,0.1501408311563633,0.6799291968345642,0.5560410618782043,-1.0,0.3139534890651703,0.37627118825912476,-0.07874999940395355,0.08449999988079071,-0.003874999936670065,-0.3108749985694885,0.0015188599936664104,0.00026837000041268766,7.994000043254346e-05,6.851999933132902e-05,0.15649999678134918,0.013000000268220901,0.16949999332427979,0.014000000432133675,0.017999999225139618,0.0020000000949949026,0.000750000006519258,-0.5303537249565125,-0.8500146865844727,0.15181049704551697,-0.22706525027751923,0.0
363,2763,-0.20598195865735122,-0.38387426674336605,0.15901804134264877,0.10412573325663393,0.1900760526701984,0.1494549115382832,0.6819295287132263,0.5533748865127563,-1.0,0.3139534890651703,0.37627118825912476,-0.08237499743700027,0.07487499713897705,-0.0002500000118743628,-0.31462499499320984,0.0001256200048374012,0.00010278000263497233,7.423000351991504e-05,-6.851999933132902e-05,0.019999999552965164,0.012500000186264515,0.032499998807907104,0.001500000013038516,0.005499999970197678,0.0002500000118743628,-0.0002500000118743628,0.5453627109527588,0.6676822900772095,0.2998386323451996,-0.9404242634773254,0.0
364,2764,-0.21000703355069752,-0.3812003385053751,0.15499296644930247,0.10679966149462489,0.18822589445695578,0.1522458021938583,0.6837629079818726,0.5527554750442505,-1.0,0.3139534890651703,0.37627118825912476,-0.07625000178813934,0.07512500137090683,0.004625000059604645,-0.3323749899864197,0.0009193100268021226,0.0005310300039127469,7.994000043254346e-05,0.0,0.12700000405311584,0.007000000216066837,0.1340000033378601,0.009499999694526196,0.029999999329447746,0.001500000013038516,0.0,-0.7527862191200256,0.5626282691955566,-0.9045497179031372,-0.9849323630332947,-0.14219189
365,2765,-0.21304284098484175,-0.38319899953952646,0.15195715901515824,0.10480100046047353,0.18459205799132924,0.15787991289355444,0.6744022369384766,0.5572875738143921,-1.0,0.3139534890651703,0.37627118825912476,-0.08662500232458115,0.08375000208616257,-0.011374999769032001,-0.32875001430511475,0.00016558999777771533,0.0006452300003729761,6.28100024187006e-05,6.28100024187006e-05,0.07100000232458115,0.010999999940395355,0.0820000022649765,0.0022499999031424522,0.03375000134110451,-0.0002500000118743628,0.0002500000118743628,0.8787204027175903,-0.8131442666053772,-0.9827783107757568,-0.8563824892044067,0.0
366,2766,-0.213422813107715,-0.3830468502106257,0.151577186892285,0.10495314978937431,0.18436596008181536,0.1582372799236021,0.6673422455787659,0.5539000034332275,-1.0,0.3139534890651703,0.37627118825912476,-0.07500000298023224,0.07662499696016312,-0.029750000685453415,-0.34462499618530273,0.0011876800563186407,0.00025695000658743083,0.0,0.0,0.1264999955892563,0.0,0.1264999955892563,0.011749999597668648,0.017750000581145287,-0.0002500000118743628,0.0,-0.33156007528305054,0.477251261472702,-0.696026086807251,-0.12212619185447693,-0.14617828
367,2767,-0.2117979525462155,-0.38363225340931917,0.1532020474537845,0.10436774659068082,0.18537392986190968,0.15665030749874392,0.6664585471153259,0.5541578531265259,-1.0,0.3139534890651703,0.37627118825912476,-0.07637500017881393,0.0767500028014183,-0.026000000536441803,-0.3411250114440918,0.00016558999777771533,0.0006794900400564075,0.0,6.28100024187006e-05,0.07400000095367432,0.005499999970197678,0.0794999971985817,0.0022499999031424522,0.03525000065565109,-0.0002500000118743628,0.0005000000237487257,0.3296302556991577,0.6508065462112427,-0.9050160050392151,-0.8256607055664062,-0.13260193
368,2768,-0.2130881114607937,-0.3831346920868703,0.15191188853920629,0.1048653079131297,0.18459131800619372,0.1578810811857644,0.6702373027801514,0.5531656742095947,-1.0,0.3139534890651703,0.37627118825912476,-0.07462500035762787,0.07762499898672104,-0.023000000044703484,-0.35612499713897705,0.0011305800871923566,0.0014503400307148695,7.423000351991504e-05,0.0,0.22599999606609344,0.006500000134110451,0.23250000178813934,0.010999999940395355,0.057750001549720764,0.0012499999720603228,-0.0002500000118743628,0.22597990930080414,0.9138780236244202,-0.4705289602279663,0.6728394031524658,0.0
369,2769,-0.21296398448826975,-0.38295762263637273,0.15203601551173024,0.10504237736362726,0.18479407743454807,0.1575612867243434,0.6672369241714478,0.5540090203285217,-1.0,0.3139534890651703,0.37627118825912476,-0.07325000315904617,0.0793749988079071,-0.03099999949336052,-0.3440000116825104,0.0018386200536042452,0.002729380037635565,-3.425999966566451e-05,6.851999933132902e-05,0.4000000059604645,0.008999999612569809,0.4090000092983246,0.016499999910593033,0.0885000005364418,-0.0002500000118743628,0.0005000000237487257,-0.24932613968849182,-0.7306236028671265,0.26593467593193054,-0.5373302698135376,-0.023062361
370,2770,-0.21216326174905545,-0.38295461347591414,0.15283673825094454,0.10504538652408585,0.1854551206874114,0.15652317343851502,0.667525589466095,0.5543091297149658,-1.0,0.3139534890651703,0.37627118825912476,-0.07325000315904617,0.0793749988079071,-0.026125000789761543,-0.35350000858306885,0.0006338100065477192,0.0019128500716760755,3.425999966566451e-05,-6.851999933132902e-05,0.22300000488758087,0.008999999612569809,0.23199999332427979,0.007249999791383743,0.06975000351667404,-0.0002500000118743628,-0.0005000000237487257,-0.5044266581535339,-0.8498388528823853,-0.993598997592926,0.2335556000471115,-0.14323188
371,2771,-0.21195212238830827,-0.3832250944845372,0.15304787761169172,0.10477490551546281,0.185476234777444,0.1564901284834469,0.6693877577781677,0.5543141961097717,-1.0,0.3139534890651703,0.37627118825912476,-0.08012499660253525,0.07999999821186066,-0.022874999791383743,-0.34950000047683716,0.00017130000924225897,0.0007080400246195495,7.994000043254346e-05,6.851999933132902e-05,0.07699999958276749,0.013000000268220901,0.09000000357627869,0.0022499999031424522,0.03674999997019768,0.000750000006519258,0.0002500000118743628,0.6962000131607056,0.87759929895401,-0.025448979809880257,0.11389636248350143,0.0
372,2772,-0.21370505056710176,-0.38172302324000773,0.15129494943289823,0.10627697675999226,0.18489174538942285,0.15740747496255317,0.6698787808418274,0.5538557767868042,-1.0,0.3139534890651703,0.37627118825912476,-0.07349999994039536,0.0807500034570694,-0.022874999791383743,-0.3474999964237213,0.0016559000359848142,0.0018443299923092127,6.851999933132902e-05,6.851999933132902e-05,0.30649998784065247,0.012000000104308128,0.31850001215934753,0.014999999664723873,0.06800000369548798,0.0,0.0005000000237487257,-0.8314359188079834,-0.7015122175216675,-0.30907297134399414,-0.9280748963356018,0.0
373,2773,-0.21333181034365326,-0.38178661690252325,0.15166818965634674,0.10621338309747674,0.185160801744443,0.1569845293840149,0.6658021807670593,0.5564016699790955,-1.0,0.3139534890651703,0.37627118825912476,-0.08262500166893005,0.08275000005960464,-0.02850000001490116,-0.3647499978542328,0.00016558999777771533,0.0007480100030079484,0.0,6.28100024187006e-05,0.07999999821186066,0.005499999970197678,0.08550000190734863,0.0022499999031424522,0.0377499982714653,-0.0002500000118743628,0.0002500000118743628,-0.0989476665854454,-0.11188634485006332,-0.695560097694397,-0.4707362949848175,-0.10746721
374,2774,-0.21348981349706436,-0.38009183155797915,0.15151018650293563,0.10790816844202084,0.18600943371416911,0.15565794534969107,0.6666702032089233,0.5562938451766968,-1.0,0.3139534890651703,0.37627118825912476,-0.08412499725818634,0.08299999684095383,-0.02512500062584877,-0.3733749985694885,0.00013703999866265804,0.000616680015809834,7.423000351991504e-05,0.0,0.06599999964237213,0.006500000134110451,0.07249999791383743,0.0017500000540167093,0.033250000327825546,0.0005000000237487257,0.0,-0.3126301169395447,0.16230508685112,-0.7067323923110962,-0.13833734393119812,-0.040600486
375,2775,-0.21431376840881342,-0.37645011091539443,0.15068623159118658,0.11154988908460556,0.18748258091337586,0.153381682206164,0.6663027405738831,0.5591663718223572,-1.0,0.3139534890651703,0.37627118825912476,-0.0898749977350235,0.08624999970197678,-0.03799999877810478,-0.3697499930858612,0.0001484600070398301,0.000616680015809834,-5.7100000958598685e-06,6.28100024187006e-05,0.06700000166893005,0.006000000052154064,0.0729999989271164,0.0017500000540167093,0.032749999314546585,-0.0002500000118743628,0.0002500000118743628,-0.9149783253669739,0.8010339140892029,-0.49834632873535156,-0.8991464972496033,-0.08380157
376,2776,-0.2124719615123577,-0.3743392259377389,0.1525280384876423,0.1136607740622611,0.1902198046611342,0.14924022147498647,0.6643865704536438,0.5653387904167175,-1.0,0.3139534890651703,0.37627118825912476,-0.10724999755620956,0.10249999910593033,-0.03424999862909317,-0.38624998927116394,0.00017130000924225897,0.0005367400008253753,0.0,0.0,0.06199999898672104,0.0,0.06199999898672104,0.0022499999031424522,0.030249999836087227,-0.0002500000118743628,-0.0002500000118743628,-0.48536235094070435,0.7253126502037048,0.5706683397293091,-0.9717423319816589,-0.14060909
377,2777,-0.21110063969833306,-0.3722090604028812,0.15389936030166693,0.11579093959711878,0.19259427508118174,0.14573829717332146,0.6686698794364929,0.5689165592193604,-1.0,0.3139534890651703,0.37627118825912476,-0.11625000089406967,0.11262500286102295,-0.024250000715255737,-0.382750004529953,0.00019985000835731626,0.0007137500215321779,7.994000043254346e-05,6.851999933132902e-05,0.07999999821186066,0.013000000268220901,0.09300000220537186,0.0022499999031424522,0.03700000047683716,0.0010000000474974513,0.0002500000118743628,-0.7702052593231201,-0.4896222949028015,0.08883234113454819,-0.0870111733675003,0.0
378,2778,-0.21224030079450912,-0.3702372661357272,0.15275969920549087,0.11776273386427277,0.1928823143487748,0.14531911764018526,0.6718589663505554,0.5725269913673401,-1.0,0.3139534890651703,0.37627118825912476,-0.12999999523162842,0.11550000309944153,-0.02212500013411045,-0.3840000033378601,0.00010848999954760075,0.0001827200030675158,7.423000351991504e-05,-6.28100024187006e-05,0.025499999523162842,0.012000000104308128,0.03750000149011612,0.0010000000474974513,0.013000000268220901,0.0,-0.0005000000237487257,-0.6476109027862549,0.43440157175064087,-0.9171667098999023,-0.0647306963801384,0.0
379,2779,-0.2127279421702156,-0.3710402253100202,0.1522720578297844,0.11695977468997981,0.19200616784688987,0.14659791991625387,0.6692085862159729,0.5758690237998962,-1.0,0.3139534890651703,0.37627118825912476,-0.1421249955892563,0.12387499958276749,-0.039124999195337296,-0.38499999046325684,0.00010848999954760075,0.0001827200030675158,0.0,-6.28100024187006e-05,0.025499999523162842,0.005499999970197678,0.03099999949336052,0.0010000000474974513,0.012500000186264515,-0.0002500000118743628,-0.000750000006519258,0.9848387837409973,0.0700579360127449,-0.5661291480064392,0.16744093596935272,-0.0919355
380,2780,-0.2129585943203764,-0.36967360601955224,0.1520414056796236,0.11832639398044775,0.19265960799672574,0.1456431131913349,0.6680745482444763,0.5745080709457397,-1.0,0.3139534890651703,0.37627118825912476,-0.1274999976158142,0.12325000017881393,-0.03550000116229057,-0.3824999928474426,0.0007765600457787514,0.00022840000747237355,6.851999933132902e-05,6.28100024187006e-05,0.08799999952316284,0.011500000022351742,0.09950000047683716,0.008500000461935997,0.016249999403953552,0.0,0.0005000000237487257,-0.5880006551742554,0.992422342300415,0.11013266444206238,-0.9823477268218994,0.0
381,2781,-0.21372216624034485,-0.3698104644774774,0.15127783375965514,0.11818953552252259,0.1919733035972541,0.1466461061402028,0.6675381660461426,0.5768243670463562,-1.0,0.3139534890651703,0.37627118825912476,-0.1353749930858612,0.13112500309944153,-0.03350000083446503,-0.40062499046325684,0.00017130000924225897,0.0007480100030079484,4.568000076687895e-05,5.7100001868093386e-05,0.08049999922513962,0.008999999612569809,0.08950000256299973,0.0022499999031424522,0.03750000149011612,0.0,0.0,0.5249060988426208,-0.7279465198516846,-0.6096932888031006,0.26431402564048767,0.0
382,2782,-0.21320386428123128,-0.37095135781576294,0.1517961357187687,0.11704864218423705,0.19168320598405172,0.1470721406531663,0.6657624244689941,0.5765924453735352,-1.0,0.3139534890651703,0.37627118825912476,-0.1303749978542328,0.1288750022649765,-0.04475000128149986,-0.3959999978542328,0.0011876800563186407,0.00021127000218257308,0.0,6.28100024187006e-05,0.12250000238418579,0.005499999970197678,0.12800000607967377,0.011749999597668648,0.014750000089406967,-0.0002500000118743628,0.0005000000237487257,0.46962419152259827,0.20488080382347107,-0.9101053476333618,-0.9699450731277466,-0.13321266
383,2783,-0.2129647184185574,-0.37099725741035855,0.15203528158144258,0.11700274258964144,0.19184464709510773,0.1468348973109135,0.6669677495956421,0.5746586918830872,-1.0,0.3139534890651703,0.37627118825912476,-0.12349999696016312,0.12825000286102295,-0.04100000113248825,-0.4137499928474426,0.0017586800968274474,0.00037115000304766,5.139000131748617e-05,0.0,0.18649999797344208,0.0044999998062849045,0.19099999964237213,0.01549999974668026,0.023499999195337296,-0.0002500000118743628,-0.0002500000118743628,-0.17082582414150238,0.5138649344444275,-0.4177704453468323,-0.726414144039154,-0.18530215
384,2784,-0.21406526884979316,-0.3690342458429814,0.15093473115020684,0.1189657541570186,0.19218257915204856,0.14633953259163046,0.6675239205360413,0.5745809078216553,-1.0,0.3139534890651703,0.37627118825912476,-0.12349999696016312,0.12825000286102295,-0.03737499937415123,-0.4102500081062317,0.0008907600422389805,0.0009078900329768658,7.423000351991504e-05,6.851999933132902e-05,0.1574999988079071,0.012500000186264515,0.17000000178813934,0.00925000011920929,0.042750000953674316,0.0,0.0002500000118743628,-0.714449405670166,0.39169514179229736,-0.9234187006950378,0.9414973855018616,0.0
385,2785,-0.21393912209939328,-0.369873472966794,0.1510608779006067,0.11812652703320597,0.1917635659374031,0.14695400102437745,0.664964497089386,0.5779080390930176,-1.0,0.3139534890651703,0.37627118825912476,-0.13362500071525574,0.1341249942779541,-0.054499998688697815,-0.39237499237060547,0.00019985000835731626,0.000982120051048696,0.0,-6.851999933132902e-05,0.10350000113248825,0.006000000052154064,0.10949999839067459,0.002749999985098839,0.045499999076128006,-0.0002500000118743628,-0.0002500000118743628,0.7946775555610657,0.8199127912521362,-0.07681828737258911,-0.9948419332504272,-0.033218194
386,2786,-0.21471769686601547,-0.3680587293744981,0.15028230313398452,0.11994127062550192,0.1922776092906158,0.1462005319877239,0.6652578711509705,0.5764856338500977,-1.0,0.3139534890651703,0.37627118825912476,-0.12612499296665192,0.13449999690055847,-0.05087500065565109,-0.41100001335144043,0.002015630016103387,0.0021640900522470474,6.851999933132902e-05,0.0,0.3659999966621399,0.006000000052154064,0.3720000088214874,0.017500000074505806,0.07524999976158142,0.0,-0.0002500000118743628,-0.9279773831367493,-0.0532512441277504,-0.7186423540115356,0.02194969914853573,-0.021366037
387,2787,-0.2146354465553794,-0.36797342725344706,0.1503645534446206,0.12002657274655293,0.19239510674100765,0.1460288509703395,0.6634472012519836,0.5795614719390869,-1.0,0.3139534890651703,0.37627118825912476,-0.13650000095367432,0.14100000262260437,-0.06424999982118607,-0.4073750078678131,0.0002512400096748024,0.0015645400853827596,-5.7100000958598685e-06,6.28100024187006e-05,0.1589999943971634,0.006000000052154064,0.16500000655651093,0.0035000001080334187,0.060499999672174454,0.0,0.0,0.3912214934825897,0.8537275791168213,-0.36306992173194885,-0.7560790777206421,-0.0675684
388,2788,-0.21531000897710223,-0.36901362975447405,0.14968999102289776,0.11898637024552594,0.19121937589229965,0.14775588998984868,0.6636384725570679,0.579706072807312,-1.0,0.3139534890651703,0.37627118825912476,-0.13512499630451202,0.14100000262260437,-0.060874998569488525,-0.42137500643730164,0.0016444800421595573,0.0029235200490802526,6.851999933132902e-05,-6.851999933132902e-05,0.4000000059604645,0.012000000104308128,0.41200000047683716,0.015250000171363354,0.0925000011920929,0.000750000006519258,-0.0002500000118743628,0.9180681705474854,0.8215541839599609,-0.9568926095962524,0.768970251083374,-0.13215542
389,2789,-0.21517096080881518,-0.368275343040972,0.14982903919118482,0.11972465695902801,0.19178825425168908,0.14691772503689787,0.6620697379112244,0.5779430270195007,-1.0,0.3139534890651703,0.37627118825912476,-0.12349999696016312,0.14037500321865082,-0.07824999839067459,-0.4073750078678131,0.003294670023024082,0.002101280028000474,0.0,7.423000351991504e-05,0.4724999964237213,0.006500000134110451,0.4790000021457672,0.026249999180436134,0.07500000298023224,-0.0002500000118743628,0.0005000000237487257,-0.7976873517036438,0.10930649191141129,0.24548956751823425,0.7553240060806274,-0.0036508366
390,2790,-0.2148498724562212,-0.3658832367919192,0.1501501275437788,0.12211676320808079,0.1935395687135618,0.14436713330293818,0.6623930931091309,0.5791943073272705,-1.0,0.3139534890651703,0.37627118825912476,-0.1277499943971634,0.140625,-0.07387500256299973,-0.3930000066757202,0.0003825699968729168,0.002226900076493621,6.851999933132902e-05,0.0,0.22849999368190765,0.006000000052154064,0.2345000058412552,0.004999999888241291,0.07699999958276749,0.0,0.0,-0.8237711787223816,0.48547491431236267,0.11193913221359253,0.8827977776527405,-0.032973457
391,2791,-0.21575352333066358,-0.3630834575085145,0.1492464766693364,0.12491654249148548,0.19462439052245706,0.14280947136016245,0.663139820098877,0.5832487344741821,-1.0,0.3139534890651703,0.37627118825912476,-0.14262500405311584,0.15049999952316284,-0.07187499850988388,-0.3765000104904175,0.0002969200140796602,0.0017015800112858415,6.28100024187006e-05,0.0,0.17499999701976776,0.005499999970197678,0.18050000071525574,0.004000000189989805,0.06499999761581421,0.0,0.0,-0.6200674772262573,0.21137657761573792,-0.751567006111145,0.3530881702899933,-0.114188045
392,2792,-0.21585437162246532,-0.36191839936481063,0.14914562837753467,0.12608160063518936,0.1952971799152795,0.14185188925237127,0.661038339138031,0.5879941582679749,-1.0,0.3139534890651703,0.37627118825912476,-0.15399999916553497,0.15925000607967377,-0.06812500208616257,-0.3701249957084656,0.00026266000350005925,0.0013361400924623013,7.423000351991504e-05,6.28100024187006e-05,0.14000000059604645,0.012000000104308128,0.15199999511241913,0.0035000001080334187,0.05525000020861626,0.0,0.0002500000118743628,-0.3534644842147827,0.022847985848784447,0.7364897727966309,0.8193648457527161,0.0
393,2793,-0.21625618031218857,-0.3618565472070771,0.14874381968781142,0.12614345279292288,0.19503049653282564,0.14223068954291562,0.6608037948608398,0.5899688005447388,-1.0,0.3139534890651703,0.37627118825912476,-0.1601250022649765,0.16312499344348907,-0.054249998182058334,-0.35462498664855957,0.0001827200030675158,0.00107919005677104,0.0,0.0,0.11050000041723251,0.0,0.11050000041723251,0.0024999999441206455,0.048250000923871994,-0.0002500000118743628,-0.0002500000118743628,-0.030951520428061485,0.6707957983016968,-0.8278799057006836,-0.8393468260765076,-0.24806724
394,2794,-0.2157063736635775,-0.3573471115040874,0.14929362633642249,0.1306528884959126,0.19839043358237995,0.13753121962581044,0.659869372844696,0.5900736451148987,-1.0,0.3139534890651703,0.37627118825912476,-0.16050000488758087,0.16312499344348907,-0.05087500065565109,-0.35100001096725464,0.00016558999777771533,0.002015630016103387,6.851999933132902e-05,0.0,0.19099999964237213,0.006000000052154064,0.19699999690055847,0.0022499999031424522,0.07325000315904617,0.0005000000237487257,0.0,-0.9536483287811279,0.9718813896179199,-0.6049380302429199,-0.4736480116844177,-0.14080675
395,2795,-0.2149748191804247,-0.3577460988101966,0.1500251808195753,0.1302539011898034,0.19867972633137318,0.13713392672668537,0.661147952079773,0.597716748714447,-1.0,0.3139534890651703,0.37627118825912476,-0.17912499606609344,0.1823749989271164,-0.06187500059604645,-0.3472500145435333,0.0002797899942379445,0.0011991000501438975,0.0,0.0,0.12950000166893005,0.0,0.12950000166893005,0.0037499999161809683,0.05225000157952309,0.0,0.0,0.7870587110519409,0.2577095031738281,-0.519402265548706,0.22964274883270264,-0.086328276
396,2796,-0.2148830894250643,-0.35821906110707397,0.1501169105749357,0.12978093889292602,0.1984393583452956,0.13746394925994884,0.6628492474555969,0.5970405340194702,-1.0,0.3139534890651703,0.37627118825912476,-0.17225000262260437,0.1822499930858612,-0.057999998331069946,-0.34337499737739563,0.002272580051794648,0.0015474100364372134,0.0,7.423000351991504e-05,0.3345000147819519,0.006500000134110451,0.3409999907016754,0.019500000402331352,0.06199999898672104,-0.0002500000118743628,0.000750000006519258,0.6224786043167114,0.8981471657752991,-0.4674692451953888,-0.9661868810653687,-0.12331624
397,2797,-0.215046899335378,-0.35827783720806244,0.149953100664622,0.12972216279193755,0.19827700804266796,0.13768730365678683,0.663062572479248,0.5962388515472412,-1.0,0.3139534890651703,0.37627118825912476,-0.17000000178813934,0.1821250021457672,-0.054499998688697815,-0.3607499897480011,0.0030034601222723722,0.002974910195916891,7.423000351991504e-05,-7.423000351991504e-05,0.5235000252723694,0.013000000268220901,0.5364999771118164,0.02474999986588955,0.09574999660253525,0.0002500000118743628,-0.0005000000237487257,-0.7459216117858887,-0.7735093832015991,0.4902617335319519,-0.8298790454864502,-0.13325427
398,2798,-0.21492810648178318,-0.35801125269291706,0.15007189351821681,0.12998874730708293,0.19854129960944567,0.13732388817447252,0.6626816391944885,0.5961392521858215,-1.0,0.3139534890651703,0.37627118825912476,-0.17000000178813934,0.1821250021457672,-0.045249998569488525,-0.3763749897480011,0.0024210400879383087,0.002849290147423744,6.28100024187006e-05,-7.423000351991504e-05,0.46149998903274536,0.012000000104308128,0.47350001335144043,0.020749999210238457,0.09300000220537186,0.0,-0.0002500000118743628,0.16312932968139648,0.29531726241111755,-0.8046796321868896,-0.9535055160522461,-0.14584467
399,2799,-0.21513183806654865,-0.35817128297730566,0.14986816193345134,0.12982871702269433,0.19828253005514637,0.13767970075661615,0.6629579067230225,0.5965911149978638,-1.0,0.3139534890651703,0.37627118825912476,-0.17137500643730164,0.1821250021457672,-0.06012500077486038,-0.3943749964237213,0.0003768599999602884,0.0020556000526994467,-7.423000351991504e-05,0.0,0.21299999952316284,0.006500000134110451,0.21950000524520874,0.004749999847263098,0.0742499977350235,-0.0002500000118743628,0.0,0.06239195168018341,0.08718390762805939,0.8402726054191589,-0.939589262008667,-0.14007767
400,2800,-0.21196201653925426,-0.3586800871508012,0.15303798346074574,0.1293199128491988,0.20036033599756178,0.13484849904974547,0.6624841094017029,0.596319854259491,-1.0,0.3139534890651703,0.37627118825912476,-0.17137500643730164,0.1821250021457672,-0.04462499916553497,-0.390625,0.0005995500250719488,0.002129829954355955,6.851999933132902e-05,6.851999933132902e-05,0.23899999260902405,0.012000000104308128,0.25099998712539673,0.007000000216066837,0.07625000178813934,0.0002500000118743628,0.0,0.1215895339846611,0.7623489499092102,0.6110314130783081,0.6060278415679932,-0.04972955
