step,action_count,cube_x,cube_y,dist_to_goal_x,dist_to_goal_y,dist_to_goal,distance_reward,obs_cube_x_norm,obs_cube_y_norm,obs_cube_yaw_norm,obs_goal_x_norm,obs_goal_y_norm,obs_motor_16_pos_delta_norm,obs_motor_17_pos_delta_norm,obs_motor_18_pos_delta_norm,obs_motor_19_pos_delta_norm,obs_motor_16_current_norm,obs_motor_17_current_norm,obs_motor_18_current_norm,obs_motor_19_current_norm,obs_horizontal_tension_norm,obs_vertical_tension_norm,obs_total_tension_norm,obs_motor_16_target_error_norm,obs_motor_17_target_error_norm,obs_motor_18_target_error_norm,obs_motor_19_target_error_norm,action_m16,action_m17,action_m18,action_m19,total_safety_penalty
1,10370,-0.15569932127687514,-0.39000527149622993,-0.03669932127687514,0.1379947285037701,0.14279140477288021,0.23980863023594345,0.7995907068252563,0.5450963377952576,-1.0,0.8860465288162231,0.3084745705127716,0.0,0.0,0.0,0.0,0.0006909100338816643,0.0014217899879440665,0.0001598800008650869,6.28100024187006e-05,0.1850000023841858,0.019500000402331352,0.2045000046491623,0.00774999987334013,0.057500001043081284,0.01075000036507845,0.0002500000118743628,0.9410088658332825,-0.5949823260307312,-0.28487640619277954,-0.8313917517662048,-0.0065870644
2,10371,-0.1568809301673795,-0.39115606549467,-0.037880930167379506,0.13684393450533,0.14199023657014215,0.2417376176276344,0.8006992340087891,0.5423639416694641,-1.0,0.8860465288162231,0.3084745705127716,0.005750000011175871,-0.002374999923631549,-0.0002500000118743628,-0.014875000342726707,0.003631560131907463,0.000799400033429265,7.423000351991504e-05,-7.994000043254346e-05,0.3880000114440918,0.013500000350177288,0.40149998664855957,0.028999999165534973,0.03999999910593033,0.000750000006519258,-0.0010000000474974513,-0.27924662828445435,-0.9446734189987183,-0.15968836843967438,0.08523955196142197,-0.028835006
3,10372,-0.16059964717832567,-0.39104557088069236,-0.04159964717832568,0.13695442911930766,0.14313296720447266,0.23899093131846666,0.797951340675354,0.5404134392738342,-1.0,0.8860465288162231,0.3084745705127716,0.011625000275671482,-0.011500000022351742,-0.0031250000465661287,-0.014000000432133675,0.0017244199989363551,0.0003654400061350316,7.423000351991504e-05,7.423000351991504e-05,0.18299999833106995,0.013000000268220901,0.19599999487400055,0.01600000075995922,0.023000000044703484,0.000750000006519258,0.0002500000118743628,-0.23397620022296906,-0.0536646842956543,-0.8289169073104858,-0.6735787391662598,-0.0016378328
4,10373,-0.15969757052725278,-0.3884476878733664,-0.040697570527252785,0.1395523121266336,0.14536553947449196,0.23371440634123336,0.7893031239509583,0.5406007170677185,-1.0,0.8860465288162231,0.3084745705127716,0.011625000275671482,-0.011374999769032001,-0.01887499913573265,-0.026374999433755875,0.0006909100338816643,0.00032546999864280224,7.423000351991504e-05,0.0,0.08900000154972076,0.006500000134110451,0.09549999982118607,0.00800000037997961,0.020749999210238457,0.0012499999720603228,-0.0002500000118743628,-0.9553139209747314,0.45105594396591187,0.20720799267292023,-0.6359866857528687,-0.108343035
5,10374,-0.16423156075513537,-0.3879163023336478,-0.045231560755135375,0.1400836976663522,0.1472050829293047,0.2294544304580038,0.7914009690284729,0.5450038909912109,-1.0,0.8860465288162231,0.3084745705127716,-0.0020000000949949026,-0.0043750000186264515,-0.01575000025331974,-0.022749999538064003,0.0001541700039524585,0.0003882800228893757,7.994000043254346e-05,6.851999933132902e-05,0.04749999940395355,0.013000000268220901,0.060499999672174454,0.0020000000949949026,0.023499999195337296,0.002749999985098839,0.0,-0.04508422687649727,0.9193729162216187,-0.9205988645553589,0.5034204721450806,-0.00031558945
6,10375,-0.16637137674933125,-0.38288991589573446,-0.047371376749331257,0.14511008410426557,0.15264659787847912,0.2173022627425481,0.7808568477630615,0.5459045767784119,-1.0,0.8860465288162231,0.3084745705127716,-0.0031250000465661287,0.0001250000059371814,-0.03187499940395355,-0.013375000096857548,0.00020556000526994467,0.0011305800871923566,7.423000351991504e-05,0.0,0.11699999868869781,0.006500000134110451,0.12349999696016312,0.002749999985098839,0.04874999821186066,0.0005000000237487257,0.0,-0.9844894409179688,0.6412916779518127,-0.6020643711090088,0.44104838371276855,-0.0068914234
7,10376,-0.16646851822754102,-0.3818939668345762,-0.04746851822754103,0.1461060331654238,0.15362367379428965,0.2151893936455279,0.7758805155754089,0.5544238686561584,-1.0,0.8860465288162231,0.3084745705127716,-0.020749999210238457,0.01862500049173832,-0.04324999824166298,-0.005249999929219484,0.0002797899942379445,0.0006794900400564075,7.423000351991504e-05,6.28100024187006e-05,0.08399999886751175,0.012000000104308128,0.09600000083446503,0.0037499999161809683,0.035750001668930054,0.000750000006519258,0.0002500000118743628,-0.4358507990837097,0.4215763807296753,-0.21589428186416626,-0.5363897085189819,-0.0030509562
8,10377,-0.16740872064505968,-0.3827867873052331,-0.04840872064505969,0.14521321269476695,0.15306953117987607,0.21638515984254444,0.7756546139717102,0.5561119318008423,-1.0,0.8860465288162231,0.3084745705127716,-0.02775000035762787,0.02525000087916851,-0.046875,-0.014999999664723873,0.00019985000835731626,0.0007594299968332052,1.1420000191719737e-05,0.0,0.08399999886751175,0.0010000000474974513,0.08500000089406967,0.002749999985098839,0.03824999928474426,0.0,-0.0002500000118743628,0.961462676525116,0.8947071433067322,0.3879353404045105,-0.8348534107208252,-0.12418242
9,10378,-0.16875620809974706,-0.3829217328519911,-0.04975620809974707,0.14507826714800892,0.15337334789048057,0.21572874322428207,0.7734680771827698,0.5545986890792847,-1.0,0.8860465288162231,0.3084745705127716,-0.01912499964237213,0.0253749992698431,-0.0442500002682209,-0.011874999850988388,0.0025124000385403633,0.001964240102097392,0.0001256200048374012,6.851999933132902e-05,0.3919999897480011,0.017000000923871994,0.4090000092983246,0.0215000007301569,0.07150000333786011,0.00925000011920929,0.0010000000474974513,-0.13972729444503784,-0.7866187691688538,-0.5424907207489014,-0.49509188532829285,0.0
10,10379,-0.16757276556459239,-0.3828851258983542,-0.04857276556459239,0.1451148741016458,0.15302823347385724,0.2164745404045151,0.7703344225883484,0.5543699264526367,-1.0,0.8860465288162231,0.3084745705127716,-0.01912499964237213,0.0253749992698431,-0.05025000125169754,-0.020375000312924385,0.0018043600721284747,0.0008736300515010953,7.423000351991504e-05,-6.851999933132902e-05,0.2345000058412552,0.012500000186264515,0.24699999392032623,0.016499999910593033,0.042249999940395355,0.0010000000474974513,-0.0005000000237487257,0.025663327425718307,0.2652132213115692,0.41237449645996094,-0.24362877011299133,0.0
11,10380,-0.16405937413058672,-0.38310592374657493,-0.04505937413058672,0.1448940762534251,0.15173872455762094,0.21928407456974672,0.7730866074562073,0.5544319748878479,-1.0,0.8860465288162231,0.3084745705127716,-0.01912499964237213,0.02525000087916851,-0.04612499848008156,-0.02474999986588955,0.0019071400165557861,0.001204809988848865,0.00011420000373618677,-7.423000351991504e-05,0.27250000834465027,0.016499999910593033,0.289000004529953,0.017249999567866325,0.05225000157952309,0.00800000037997961,-0.000750000006519258,0.33626705408096313,0.4884851574897766,0.6499200463294983,-0.21931961178779602,-0.019732151
12,10381,-0.16418142584920353,-0.3830453651682356,-0.04518142584920354,0.1449546348317644,0.15183282715202678,0.21907781962730408,0.7812572717666626,0.554057776927948,-1.0,0.8860465288162231,0.3084745705127716,-0.01912499964237213,0.02525000087916851,-0.035374999046325684,-0.028750000521540642,0.002763640135526657,0.0019128500716760755,0.00014275001012720168,-7.423000351991504e-05,0.40950000286102295,0.01899999938905239,0.4284999966621399,0.023499999195337296,0.07050000131130219,0.01075000036507845,-0.000750000006519258,-0.7426735162734985,-0.07820690423250198,-0.07797449827194214,-0.07547417283058167,-0.02776735
13,10382,-0.16163467665840775,-0.3830013528530809,-0.042634676658407755,0.14499864714691912,0.15113677027184264,0.2206080453061175,0.7809734344482422,0.5541604161262512,-1.0,0.8860465288162231,0.3084745705127716,-0.01924999989569187,0.02525000087916851,-0.035374999046325684,-0.030249999836087227,0.0005139000131748617,0.0018272000597789884,0.00011991000064881518,-7.423000351991504e-05,0.20499999821186066,0.017000000923871994,0.22200000286102295,0.006500000134110451,0.0677499994635582,0.00800000037997961,-0.0005000000237487257,0.17657773196697235,0.596773087978363,0.6986901760101318,-0.6927903294563293,-0.03499803
14,10383,-0.16102998864239337,-0.38301144631156947,-0.04202998864239338,0.14498855368843055,0.15095761208346742,0.22100363694509173,0.7868961095809937,0.5542349815368652,-1.0,0.8860465288162231,0.3084745705127716,-0.01924999989569187,0.02512500062584877,-0.02437499910593033,-0.04324999824166298,0.0012390700867399573,0.0023068401496857405,0.00017130000924225897,-6.28100024187006e-05,0.31049999594688416,0.020500000566244125,0.3310000002384186,0.012500000186264515,0.07975000143051147,0.012000000104308128,-0.0002500000118743628,0.5054921507835388,0.318301796913147,0.18634751439094543,0.20600388944149017,-0.085368626
15,10384,-0.16084954381446626,-0.38294531050669456,-0.04184954381446626,0.14505468949330547,0.150971014640156,0.2209740187922056,0.7883023619651794,0.5542178750038147,-1.0,0.8860465288162231,0.3084745705127716,-0.01912499964237213,0.02500000037252903,-0.021375000476837158,-0.04012500122189522,0.0036943701561540365,0.0015017300611361861,0.0001827200030675158,7.423000351991504e-05,0.45500001311302185,0.02250000089406967,0.47749999165534973,0.029750000685453415,0.061250001192092896,0.012749999761581421,0.0010000000474974513,-0.2970270812511444,-0.7388521432876587,-0.4353989064693451,-0.6806704998016357,-0.033634454
16,10385,-0.16427254854817824,-0.38489510543573424,-0.04527254854817825,0.14310489456426578,0.15009535136138222,0.22291750390449785,0.7887219786643982,0.5543299913406372,-1.0,0.8860465288162231,0.3084745705127716,-0.01912499964237213,0.02437499910593033,-0.023624999448657036,-0.051874998956918716,0.0036372700706124306,0.0006338100065477192,6.851999933132902e-05,-7.994000043254346e-05,0.37400001287460327,0.013000000268220901,0.3869999945163727,0.029249999672174454,0.03500000014901161,0.0010000000474974513,-0.0010000000474974513,0.6624953746795654,-0.8080872297286987,-0.5615620017051697,-0.10419080406427383,-0.08786945
17,10386,-0.16582897573163027,-0.38723528704115123,-0.04682897573163028,0.1407647129588488,0.14834978052717404,0.22684284698793253,0.7807615399360657,0.5510252714157104,-1.0,0.8860465288162231,0.3084745705127716,-0.013124999590218067,0.015250000171363354,-0.03400000184774399,-0.05387499928474426,0.0015474100364372134,0.00034831001539714634,7.423000351991504e-05,-7.423000351991504e-05,0.16599999368190765,0.013000000268220901,0.17900000512599945,0.014750000089406967,0.023000000044703484,0.000750000006519258,-0.000750000006519258,0.4964543879032135,-0.6400251984596252,-0.4129428267478943,-0.4737839996814728,-0.0069503607
18,10387,-0.1729738793898206,-0.3898601745551052,-0.053973879389820595,0.13813982544489484,0.14830978062937358,0.22693360204465024,0.7771419286727905,0.5470588207244873,-1.0,0.8860465288162231,0.3084745705127716,-0.0032500000670552254,0.004999999888241291,-0.0416250005364418,-0.06312499940395355,0.0010563500691205263,0.0003026300109922886,7.423000351991504e-05,0.0,0.11900000274181366,0.006500000134110451,0.12549999356269836,0.010999999940395355,0.019500000402331352,0.000750000006519258,0.0,0.6412988305091858,-0.8215731382369995,-0.9825451374053955,-0.970533549785614,-0.15123786
19,10388,-0.17686619394037154,-0.390056915657889,-0.05786619394037154,0.137943084342111,0.14958873927859492,0.2240496964043979,0.7605258822441101,0.5426098704338074,-1.0,0.8860465288162231,0.3084745705127716,0.008500000461935997,-0.007499999832361937,-0.05962499976158142,-0.05950000137090683,0.0006909100338816643,0.00019414001144468784,6.851999933132902e-05,6.28100024187006e-05,0.07750000059604645,0.011500000022351742,0.08900000154972076,0.00800000037997961,0.013749999925494194,0.0,0.0002500000118743628,0.21204343438148499,0.26456448435783386,-0.8502600789070129,0.0033651164267212152,-0.002968608
20,10389,-0.17327735651181778,-0.3910679174650298,-0.05427735651181778,0.13693208253497025,0.14729706941169898,0.22924346044555036,0.7514739632606506,0.5422764420509338,-1.0,0.8860465288162231,0.3084745705127716,0.010374999605119228,-0.00774999987334013,-0.07562500238418579,-0.05950000137090683,0.0010563500691205263,0.0003825699968729168,7.423000351991504e-05,6.28100024187006e-05,0.12600000202655792,0.012000000104308128,0.1379999965429306,0.010999999940395355,0.024000000208616257,0.0002500000118743628,0.0002500000118743628,-0.0063365246169269085,-0.8457632064819336,0.5011908411979675,-0.2482144683599472,-8.871132e-05
21,10390,-0.16862977333188447,-0.39224060590717397,-0.04962977333188448,0.13575939409282606,0.14454662737478688,0.23563617997213954,0.7598201036453247,0.5405628681182861,-1.0,0.8860465288162231,0.3084745705127716,0.013124999590218067,-0.014375000260770321,-0.06687500327825546,-0.0638749971985817,0.00041112001053988934,0.00010848999954760075,7.994000043254346e-05,-4.568000076687895e-05,0.045499999076128006,0.010999999940395355,0.05649999901652336,0.005499999970197678,0.005750000011175871,0.001500000013038516,-0.0002500000118743628,-0.9257247447967529,-0.8829919695854187,0.12456156313419342,0.3286679983139038,-0.006480074
22,10391,-0.16507279282566445,-0.39211491871230436,-0.046072792825664455,0.13588508128769566,0.1434833006148111,0.23815513113685785,0.7706284523010254,0.5385752320289612,-1.0,0.8860465288162231,0.3084745705127716,-0.0002500000118743628,-0.02787500061094761,-0.0638749971985817,-0.057999998331069946,0.00010278000263497233,0.0,7.423000351991504e-05,6.28100024187006e-05,0.008999999612569809,0.012000000104308128,0.020999999716877937,0.0,-0.0002500000118743628,0.0,0.0002500000118743628,0.3371838927268982,0.481709361076355,0.9830449819564819,-0.9900133013725281,-0.0023602874
23,10392,-0.16910376333571236,-0.3942324352431711,-0.05010376333571237,0.13376756475682894,0.14284309042223042,0.2396847156140052,0.7789005041122437,0.5387882590293884,-1.0,0.8860465288162231,0.3084745705127716,0.005125000141561031,-0.022624999284744263,-0.045875001698732376,-0.07625000178813934,0.00011991000064881518,0.00011420000373618677,7.423000351991504e-05,2.8550000934046693e-05,0.020500000566244125,0.008999999612569809,0.029500000178813934,0.0010000000474974513,0.007249999791383743,0.000750000006519258,-0.0002500000118743628,0.7442108392715454,-0.8553205728530884,-0.271815687417984,0.47948628664016724,-0.0052094758
24,10393,-0.1669801822854916,-0.3924048373746412,-0.04798018228549161,0.1355951626253588,0.14383374437018076,0.2373219920463085,0.7695261240005493,0.5351992845535278,-1.0,0.8860465288162231,0.3084745705127716,0.018124999478459358,-0.035624999552965164,-0.05050000175833702,-0.06750000268220901,0.00010278000263497233,7.423000351991504e-05,0.0,0.0,0.01549999974668026,0.0,0.01549999974668026,0.000750000006519258,0.0012499999720603228,0.0,0.0,-0.5738711357116699,0.736045241355896,-0.5331413745880127,0.15127414464950562,-0.09864459
25,10394,-0.16954312006659672,-0.38999591703139985,-0.050543120066596725,0.13800408296860017,0.1469684792806631,0.22999797077698314,0.7744646668434143,0.5382968783378601,-1.0,0.8860465288162231,0.3084745705127716,0.008124999701976776,-0.024000000208616257,-0.04712500050663948,-0.0637499988079071,0.00010848999954760075,0.00010278000263497233,7.994000043254346e-05,0.0,0.01850000023841858,0.007000000216066837,0.025499999523162842,0.000750000006519258,0.005499999970197678,0.000750000006519258,0.0,-0.4246101379394531,0.6068387031555176,-0.6017107963562012,-0.9825391173362732,-0.14547142
26,10395,-0.16961891632797818,-0.3896299115325378,-0.050618916327978186,0.13837008846746224,0.14733823696757126,0.22914910593894255,0.7685043811798096,0.5423797965049744,-1.0,0.8860465288162231,0.3084745705127716,0.0008750000270083547,-0.013000000268220901,-0.057999998331069946,-0.05999999865889549,9.707000572234392e-05,0.00010848999954760075,0.0,0.0,0.017999999225139618,0.0,0.017999999225139618,0.0005000000237487257,0.0062500000931322575,0.0,0.0,0.010070161893963814,0.6914388537406921,0.05707769840955734,0.9650470018386841,-0.01715068
27,10396,-0.171005803796999,-0.3904192224059223,-0.05200580379699901,0.13758077759407772,0.14708186153283156,0.22973734167926588,0.7683281302452087,0.5430001616477966,-1.0,0.8860465288162231,0.3084745705127716,0.0006249999860301614,-0.00800000037997961,-0.05537499859929085,-0.041999999433755875,0.00013703999866265804,0.00034831001539714634,8.565000462112948e-05,0.0,0.042500000447034836,0.007499999832361937,0.05000000074505806,0.0012499999720603228,0.02199999988079071,0.0022499999031424522,0.0,0.9658348560333252,0.9880940318107605,0.1251862794160843,0.8260573744773865,0.0
28,10397,-0.17493946935586274,-0.3901260956715895,-0.05593946935586275,0.1378739043284105,0.1487899113736385,0.22584663557038936,0.7651028037071228,0.541662335395813,-1.0,0.8860465288162231,0.3084745705127716,0.010874999687075615,-0.006624999921768904,-0.054875001311302185,-0.026624999940395355,0.0018443299923092127,0.0016787400236353278,9.707000572234392e-05,6.851999933132902e-05,0.3084999918937683,0.014499999582767487,0.3230000138282776,0.016750000417232513,0.05624999850988388,0.005750000011175871,0.0,-0.11386211216449738,-0.6352334022521973,-0.945327877998352,-0.7281435132026672,0.0
29,10398,-0.17405270406172305,-0.3915662688024116,-0.05505270406172305,0.13643373119758845,0.14712227306904782,0.22964452004681793,0.7559547424316406,0.5421591401100159,-1.0,0.8860465288162231,0.3084745705127716,0.010999999940395355,-0.006624999921768904,-0.06987500190734863,-0.04024999961256981,0.0012219400377944112,0.0006109700188972056,7.423000351991504e-05,-1.1420000191719737e-05,0.16050000488758087,0.007499999832361937,0.1679999977350235,0.012249999679625034,0.032499998807907104,0.0005000000237487257,0.0,0.26589953899383545,-0.865005612373352,0.3022589683532715,-0.45665428042411804,-0.07879852
30,10399,-0.17121902639060863,-0.3920368521760381,-0.05221902639060863,0.1359631478239619,0.14564616123806215,0.23305947222606577,0.7580169439315796,0.5397182106971741,-1.0,0.8860465288162231,0.3084745705127716,0.01587500050663948,-0.013875000178813934,-0.06537500023841858,-0.03662500157952309,0.001233360031619668,0.0002169799990952015,8.565000462112948e-05,6.851999933132902e-05,0.12700000405311584,0.013500000350177288,0.1404999941587448,0.012249999679625034,0.014750000089406967,0.002749999985098839,0.0002500000118743628,-0.07959170639514923,-0.22508159279823303,0.435217022895813,-0.5418339967727661,0.0
31,10400,-0.16801120688027887,-0.3900164586238144,-0.04901120688027888,0.13798354137618563,0.1464293552897609,0.2312412935301752,0.7646068930625916,0.5389205813407898,-1.0,0.8860465288162231,0.3084745705127716,0.01587500050663948,-0.01587500050663948,-0.0572500005364418,-0.04637499898672104,0.000867919996380806,0.0001598800008650869,8.565000462112948e-05,-6.851999933132902e-05,0.09000000357627869,0.013500000350177288,0.10350000113248825,0.009499999694526196,0.010499999858438969,0.002749999985098839,-0.0005000000237487257,-0.7826656103134155,0.9248539209365845,0.6999152898788452,-0.9475714564323425,-0.13770857
32,10401,-0.16909722553198728,-0.3874298334646449,-0.05009722553198728,0.14057016653535515,0.14923037132494268,0.22485405914486,0.7720669507980347,0.5423449873924255,-1.0,0.8860465288162231,0.3084745705127716,0.004749999847263098,-0.007625000085681677,-0.04437499865889549,-0.0430000014603138,0.00021127000218257308,0.0005024800193496048,8.565000462112948e-05,6.28100024187006e-05,0.0625,0.013000000268220901,0.0754999965429306,0.0024999999441206455,0.02850000001490116,0.003000000026077032,0.0002500000118743628,-0.6418414115905762,0.3624458909034729,-0.7227787971496582,-0.8926894664764404,0.0
33,10402,-0.16978060172917753,-0.3858511834973256,-0.05078060172917753,0.1421488165026744,0.1509468633164941,0.22102739338776903,0.769541323184967,0.5467290878295898,-1.0,0.8860465288162231,0.3084745705127716,-0.00712500000372529,0.002374999923631549,-0.05649999901652336,-0.05950000137090683,0.00017130000924225897,0.00035402001230977476,7.423000351991504e-05,0.0,0.04600000008940697,0.006500000134110451,0.05249999836087227,0.0022499999031424522,0.02199999988079071,0.0002500000118743628,0.0,-0.4922843277454376,-0.14999838173389435,-0.09938165545463562,-0.8961234092712402,-0.13153481
34,10403,-0.165924393795611,-0.3867821659281691,-0.046924393795611,0.14121783407183092,0.14880986322493797,0.22580157948040705,0.7679520845413208,0.5494047999382019,-1.0,0.8860465288162231,0.3084745705127716,-0.01549999974668026,0.0063749998807907104,-0.058125000447034836,-0.05575000122189522,0.00010848999954760075,0.00014275001012720168,0.0,1.1420000191719737e-05,0.02199999988079071,0.0010000000474974513,0.023000000044703484,0.000750000006519258,0.008500000461935997,0.0,0.0,0.7553340196609497,-0.006541099399328232,0.831529438495636,0.7413792610168457,0.0
35,10404,-0.1699613846774108,-0.3872760727072546,-0.05096138467741079,0.1407239272927454,0.14966725239989184,0.22387385703201712,0.7769200205802917,0.5478268265724182,-1.0,0.8860465288162231,0.3084745705127716,-0.006124999839812517,0.003000000026077032,-0.04437499865889549,-0.041875001043081284,0.0009649900021031499,0.0002169799990952015,8.565000462112948e-05,0.0,0.10350000113248825,0.007499999832361937,0.11100000143051147,0.010250000283122063,0.015250000171363354,0.0035000001080334187,0.0,-0.016188671812415123,0.1866411417722702,-0.890700101852417,0.6876174807548523,0.0
36,10405,-0.17513372613747644,-0.3866609583313434,-0.05613372613747644,0.14133904166865663,0.15207800600314123,0.21854134507590708,0.76753169298172,0.5469896793365479,-1.0,0.8860465288162231,0.3084745705127716,-0.005874999798834324,0.0031250000465661287,-0.05925000086426735,-0.028875000774860382,0.0008393700118176639,0.00034831001539714634,6.851999933132902e-05,0.0,0.10400000214576721,0.006000000052154064,0.10999999940395355,0.00925000011920929,0.02174999937415123,0.0,-0.0002500000118743628,-0.40237486362457275,0.3039228916168213,-0.7547829151153564,-0.8597850203514099,-0.12717421
37,10406,-0.16992438037999938,-0.38401851043725,-0.050924380379999384,0.14398148956275003,0.1527218447171038,0.21713881116335976,0.7555029392242432,0.548032283782959,-1.0,0.8860465288162231,0.3084745705127716,-0.009499999694526196,0.0063749998807907104,-0.07337500154972076,-0.0253749992698431,0.00013703999866265804,0.0004510900180321187,7.423000351991504e-05,5.7100001868093386e-05,0.051500000059604645,0.011500000022351742,0.06300000101327896,0.001500000013038516,0.026499999687075615,0.0,0.0002500000118743628,-0.626257598400116,-0.11784288287162781,0.9531842470169067,-0.615115761756897,0.0
38,10407,-0.174469599826446,-0.3839319538425714,-0.055469599826446,0.14406804615742863,0.15437771350983615,0.21357288238150265,0.7676177024841309,0.5525109767913818,-1.0,0.8860465288162231,0.3084745705127716,-0.020999999716877937,0.012374999932944775,-0.05624999850988388,-0.03662500157952309,0.00013133000175002962,0.0001598800008650869,7.423000351991504e-05,0.0,0.025499999523162842,0.006500000134110451,0.03200000151991844,0.0012499999720603228,0.010250000283122063,0.0012499999720603228,-0.0002500000118743628,0.32521554827690125,0.5294588208198547,-0.7918630242347717,0.1314096748828888,-0.00823084
39,10408,-0.17851592901478672,-0.3847280079068005,-0.05951592901478672,0.14327199209319952,0.15514190125445465,0.2119470048791869,0.7570474147796631,0.5526577234268188,-1.0,0.8860465288162231,0.3084745705127716,-0.017750000581145287,0.012749999761581421,-0.0703750029206276,-0.032875001430511475,0.0005538699915632606,0.0005995500250719488,7.423000351991504e-05,0.0,0.10100000351667404,0.006500000134110451,0.10750000178813934,0.006750000175088644,0.029249999672174454,0.0,-0.0002500000118743628,0.3557758331298828,-0.5060407519340515,-0.9265803694725037,-0.8430747389793396,-0.12516898
40,10409,-0.17495882253258058,-0.3823778850320135,-0.05595882253258058,0.14562211496798655,0.15600381465522675,0.2101280553870302,0.7476373910903931,0.5513084530830383,-1.0,0.8860465288162231,0.3084745705127716,-0.012875000014901161,0.011625000275671482,-0.08775000274181366,-0.029124999418854713,0.0009706999990157783,0.0001827200030675158,7.423000351991504e-05,0.0,0.10100000351667404,0.006500000134110451,0.10750000178813934,0.010250000283122063,0.012749999761581421,0.0002500000118743628,-0.0002500000118743628,-0.8626939654350281,0.8465754985809326,0.9145445823669434,-0.9317591786384583,-0.1358111
41,10410,-0.17328890471919747,-0.3830454118645685,-0.05428890471919748,0.14495458813543155,0.15478733086762203,0.2126998400708717,0.7559097409248352,0.5552917122840881,-1.0,0.8860465288162231,0.3084745705127716,-0.02512500062584877,0.0215000007301569,-0.07137499749660492,-0.0253749992698431,0.0001827200030675158,0.0003939900198020041,7.994000043254346e-05,0.0,0.05050000175833702,0.007000000216066837,0.057500001043081284,0.0024999999441206455,0.02449999935925007,0.0017500000540167093,-0.0002500000118743628,0.7532217502593994,0.9737400412559509,0.13188518583774567,-0.9381151795387268,-0.13657382
42,10411,-0.17927116565789625,-0.3822519790772942,-0.06027116565789625,0.14574802092270583,0.15771841684675594,0.2065559067270171,0.759793221950531,0.5541602969169617,-1.0,0.8860465288162231,0.3084745705127716,-0.018124999478459358,0.02225000038743019,-0.07062499970197678,-0.02174999937415123,0.0017986500170081854,0.001513150054961443,9.707000572234392e-05,6.851999933132902e-05,0.28999999165534973,0.014499999582767487,0.304500013589859,0.016499999910593033,0.05950000137090683,0.004999999888241291,0.0,-0.5892696976661682,-0.6988970041275024,-0.9434279799461365,-0.9689091444015503,0.0
43,10412,-0.17800188631835004,-0.3830459377698892,-0.059001886318350044,0.14495406223011081,0.15650208543701372,0.20908365281993135,0.7458810210227966,0.555505096912384,-1.0,0.8860465288162231,0.3084745705127716,-0.02250000089406967,0.022624999284744263,-0.0858749970793724,-0.03987500071525574,0.00022269001055974513,0.0006109700188972056,6.851999933132902e-05,0.0,0.0729999989271164,0.006000000052154064,0.07900000363588333,0.0032500000670552254,0.032749999314546585,0.0002500000118743628,0.0,0.4109058976173401,0.8717287182807922,0.23246148228645325,-0.9899532198905945,-0.1427944
44,10413,-0.17909279315737514,-0.38387339390552816,-0.060092793157375146,0.14412660609447187,0.15615256121423732,0.20981572947973262,0.7488328218460083,0.55415940284729,-1.0,0.8860465288162231,0.3084745705127716,-0.019999999552965164,0.023375000804662704,-0.08362500369548798,-0.036125000566244125,0.0014217899879440665,0.0016844500787556171,8.565000462112948e-05,6.851999933132902e-05,0.2720000147819519,0.013500000350177288,0.2854999899864197,0.013500000350177288,0.0637499988079071,0.0042500002309679985,0.0,0.9081063866615295,-0.40406936407089233,-0.3999561071395874,-0.1716432273387909,0.0
45,10414,-0.17631034352699554,-0.3840193812699792,-0.057310343526995544,0.14398061873002083,0.15496739671641213,0.2123171849174903,0.7462958097457886,0.5527569651603699,-1.0,0.8860465288162231,0.3084745705127716,-0.010499999858438969,0.022624999284744263,-0.08924999833106995,-0.038874998688697815,0.003563040168955922,0.0011534200748428702,7.423000351991504e-05,-7.994000043254346e-05,0.4129999876022339,0.013500000350177288,0.42649999260902405,0.02850000001490116,0.05025000125169754,0.000750000006519258,-0.000750000006519258,-0.10259480774402618,0.495292991399765,0.9418095350265503,-0.7569864988327026,-0.010464671
46,10415,-0.17911176922657387,-0.38404241025842023,-0.06011176922657388,0.1439575897415798,0.1560038859892723,0.2101279054942409,0.7527666687965393,0.5525095462799072,-1.0,0.8860465288162231,0.3084745705127716,-0.010499999858438969,0.02250000089406967,-0.07487499713897705,-0.05287500098347664,0.0034374201204627752,0.0018671700963750482,0.00011420000373618677,-7.994000043254346e-05,0.4645000100135803,0.017000000923871994,0.4814999997615814,0.02800000086426735,0.0689999982714653,0.007249999791383743,-0.0010000000474974513,-0.3395659625530243,0.31650006771087646,-0.9213778972625732,-0.4448321759700775,-0.049841594
47,10416,-0.18301991968276016,-0.383901674419913,-0.06401991968276016,0.144098325580087,0.15767966752619636,0.20663596124673905,0.7462517023086548,0.5524705052375793,-1.0,0.8860465288162231,0.3084745705127716,-0.010499999858438969,0.02250000089406967,-0.08874999731779099,-0.06137499958276749,0.0030091700609773397,0.00211841007694602,6.851999933132902e-05,-7.994000043254346e-05,0.4490000009536743,0.013000000268220901,0.4620000123977661,0.02525000087916851,0.07500000298023224,0.0005000000237487257,-0.0005000000237487257,-0.20234258472919464,-0.17211812734603882,-0.9243195652961731,-0.9306596517562866,-0.008234255
48,10417,-0.1862555837894263,-0.38302763648825283,-0.06725558378942631,0.1449723635117472,0.15981332777036686,0.20227375471490117,0.7371630072593689,0.5527090430259705,-1.0,0.8860465288162231,0.3084745705127716,-0.010499999858438969,0.022624999284744263,-0.10575000196695328,-0.07874999940395355,0.002369650173932314,0.0018671700963750482,6.851999933132902e-05,-7.423000351991504e-05,0.3709999918937683,0.012500000186264515,0.38350000977516174,0.020749999210238457,0.06849999725818634,0.0,-0.0005000000237487257,-0.7618371248245239,0.09693463891744614,-0.7641512155532837,-0.8681871294975281,-0.028626466
49,10418,-0.18552899585214203,-0.3841475859091956,-0.06652899585214203,0.1438524140908044,0.15849171690926497,0.20496476983154924,0.7296381592750549,0.554190456867218,-1.0,0.8860465288162231,0.3084745705127716,-0.012249999679625034,0.022749999538064003,-0.11999999731779099,-0.0951249971985817,0.00042254000436514616,0.001975659979507327,0.0,0.0,0.20999999344348907,0.0,0.20999999344348907,0.005499999970197678,0.07074999809265137,0.0,-0.0002500000118743628,0.20261375606060028,-0.8761366009712219,-0.6666114330291748,-0.9781572222709656,-0.24537225
50,10419,-0.18854168991882156,-0.38203850396666533,-0.06954168991882156,0.1459614960333347,0.1616811830766175,0.19853064046019772,0.7313278913497925,0.5522922277450562,-1.0,0.8860465288162231,0.3084745705127716,-0.012249999679625034,0.022749999538064003,-0.1172500029206276,-0.09149999916553497,0.0013132999883964658,0.00074230000609532,7.994000043254346e-05,6.28100024187006e-05,0.18000000715255737,0.012500000186264515,0.19249999523162842,0.013000000268220901,0.03799999877810478,0.0020000000949949026,0.0,-0.9227359890937805,-0.6937626004219055,-0.9963006377220154,-0.7209059000015259,0.0
51,10420,-0.188988583162186,-0.3784544635243811,-0.06998858316218601,0.1495455364756189,0.16511289850532845,0.19183320949249222,0.7243216633796692,0.5558669567108154,-1.0,0.8860465288162231,0.3084745705127716,-0.024000000208616257,0.02237500064074993,-0.13487499952316284,-0.10499999672174454,0.0001484600070398301,0.00017701000615488738,0.0,0.0,0.02850000001490116,0.0,0.02850000001490116,0.0020000000949949026,0.012749999761581421,0.0,0.0,-0.9490633606910706,-0.33962514996528625,-0.2732214331626892,-0.2056165486574173,-0.105460554
52,10421,-0.18425326604548445,-0.37806261468269575,-0.06525326604548445,0.14993738531730427,0.16352127765337618,0.19491089442217835,0.7232823371887207,0.5619415640830994,-1.0,0.8860465288162231,0.3084745705127716,-0.04075000062584877,0.02250000089406967,-0.13112500309944153,-0.1016250029206276,9.13600015337579e-05,1.1420000191719737e-05,0.0,6.28100024187006e-05,0.008999999612569809,0.005499999970197678,0.014499999582767487,0.0,0.0,0.0,0.000750000006519258,-0.05113428086042404,0.8692053556442261,0.8772149085998535,0.7526500225067139,0.0
53,10422,-0.1860120022447642,-0.3781211023266287,-0.0670120022447642,0.14987889767337131,0.16417762457971302,0.193635791883226,0.7342947125434875,0.5626057386398315,-1.0,0.8860465288162231,0.3084745705127716,-0.041875001043081284,0.03400000184774399,-0.11500000208616257,-0.08712500333786011,0.00010278000263497233,0.00014275001012720168,7.423000351991504e-05,0.0,0.0215000007301569,0.006500000134110451,0.02800000086426735,0.0005000000237487257,0.009499999694526196,0.0005000000237487257,-0.0002500000118743628,0.1477188616991043,-0.04067274183034897,-0.6505845785140991,-0.6353931427001953,-0.10024718
54,10423,-0.1866258258656345,-0.377118886259557,-0.06762582586563451,0.15088111374044305,0.16534316680034175,0.1913919866248716,0.7302046418190002,0.5625066161155701,-1.0,0.8860465288162231,0.3084745705127716,-0.04075000062584877,0.0338749997317791,-0.12687499821186066,-0.08349999785423279,0.0003026300109922886,0.0001256200048374012,0.0,6.28100024187006e-05,0.03750000149011612,0.005499999970197678,0.0430000014603138,0.0037499999161809683,0.008249999955296516,0.0,0.0,-0.23118269443511963,0.8719624876976013,-0.8360621929168701,-0.7629199028015137,-0.12432747
55,10424,-0.19040616323151227,-0.3782630530989772,-0.07140616323151228,0.14973694690102285,0.16589151097836535,0.19034537195678763,0.7287771701812744,0.5642052888870239,-1.0,0.8860465288162231,0.3084745705127716,-0.04399999976158142,0.04075000062584877,-0.12312500178813934,-0.0976250022649765,0.0001541700039524585,0.0004510900180321187,6.851999933132902e-05,0.0,0.05299999937415123,0.006000000052154064,0.05900000035762787,0.0017500000540167093,0.027000000700354576,0.0,-0.0002500000118743628,0.8320067524909973,0.30161628127098083,-0.587502658367157,-0.9902967214584351,-0.14283562
56,10425,-0.18935986467401164,-0.3779025057500245,-0.07035986467401165,0.15009749424997554,0.165770227535184,0.19057636943036219,0.7199856638908386,0.5622659921646118,-1.0,0.8860465288162231,0.3084745705127716,-0.0351249985396862,0.04012500122189522,-0.1340000033378601,-0.09399999678134918,0.0015930900117382407,0.0008051100303418934,-6.851999933132902e-05,6.851999933132902e-05,0.20999999344348907,0.012000000104308128,0.22200000286102295,0.014999999664723873,0.039500001817941666,-0.0002500000118743628,0.0,-0.28981152176856995,-0.6760531663894653,-0.6052711606025696,-0.9500350952148438,0.0
57,10426,-0.18978239062422617,-0.37900153780815204,-0.07078239062422617,0.14899846219184798,0.1649566262931444,0.19213322585271556,0.7224189043045044,0.5628771185874939,-1.0,0.8860465288162231,0.3084745705127716,-0.0351249985396862,0.038750000298023224,-0.14537499845027924,-0.11162500083446503,0.0003368900215718895,0.000245530012762174,0.0,0.0,0.050999999046325684,0.0,0.050999999046325684,0.0042500002309679985,0.017000000923871994,0.0,-0.0002500000118743628,0.6589596271514893,0.14065507054328918,0.6621432304382324,0.5683690905570984,0.0
58,10427,-0.1908628004917022,-0.37861063510827503,-0.07186280049170221,0.149389364891725,0.16577528295033356,0.19056673524723652,0.7214363217353821,0.5610143542289734,-1.0,0.8860465288162231,0.3084745705127716,-0.030124999582767487,0.03674999997019768,-0.13362500071525574,-0.10137499868869781,0.002169799990952015,0.000433959998190403,7.994000043254346e-05,7.423000351991504e-05,0.2280000001192093,0.013500000350177288,0.24150000512599945,0.01875000074505806,0.026249999180436134,0.0012499999720603228,0.0005000000237487257,-0.6447329521179199,0.992435097694397,-0.8489103317260742,-0.5562028288841248,0.0
59,10428,-0.1900267032451438,-0.37592072081782946,-0.07102670324514382,0.15207927918217057,0.16784784696397598,0.18665776554473776,0.7189237475395203,0.5616768598556519,-1.0,0.8860465288162231,0.3084745705127716,-0.03462500125169754,0.039250001311302185,-0.14887499809265137,-0.11124999821186066,0.0002797899942379445,0.0014903100673109293,0.0,-6.851999933132902e-05,0.1550000011920929,0.006000000052154064,0.16099999845027924,0.0037499999161809683,0.05824999883770943,0.0,-0.0005000000237487257,-0.8283629417419434,-0.6853339672088623,-0.6733006834983826,-0.314267635345459,-0.10479608
60,10429,-0.1908743522555353,-0.37615417512094557,-0.07187435225553532,0.15184582487905446,0.16799725308871347,0.18637909563750804,0.7208681106567383,0.5662360787391663,-1.0,0.8860465288162231,0.3084745705127716,-0.04899999871850014,0.04662499949336052,-0.14512500166893005,-0.11737500131130219,0.00013133000175002962,0.00026837000041268766,5.7100000958598685e-06,0.0,0.03500000014901161,0.0005000000237487257,0.03550000116229057,0.001500000013038516,0.017999999225139618,0.0,0.0,0.812563955783844,0.6552340984344482,0.6903223991394043,-0.5914351940155029,-0.09497222
61,10430,-0.18871563033050134,-0.3798492075185601,-0.06971563033050135,0.14815079248143992,0.16373431657797882,0.19449610034207235,0.7188968658447266,0.5658403635025024,-1.0,0.8860465288162231,0.3084745705127716,-0.04050000011920929,0.04637499898672104,-0.132750004529953,-0.11362499743700027,0.0015759600792080164,0.0009078900329768658,7.994000043254346e-05,6.851999933132902e-05,0.2175000011920929,0.013000000268220901,0.2304999977350235,0.014750000089406967,0.0430000014603138,0.0010000000474974513,0.0,0.9658318161964417,-0.8241329789161682,0.10019324719905853,0.8969694972038269,0.0
62,10431,-0.18891335506618742,-0.38006939375960885,-0.06991335506618743,0.14793060624039117,0.1636195021360854,0.19471953819910354,0.7239171266555786,0.5595776438713074,-1.0,0.8860465288162231,0.3084745705127716,-0.025624999776482582,0.03462500125169754,-0.13087500631809235,-0.09700000286102295,0.0024781401734799147,0.0006794900400564075,7.423000351991504e-05,7.423000351991504e-05,0.27649998664855957,0.013000000268220901,0.28949999809265137,0.020999999716877937,0.035750001668930054,0.0010000000474974513,0.0002500000118743628,0.06968359649181366,0.6442797183990479,-0.7544390559196472,-0.6934891939163208,-0.0030103314
63,10432,-0.18977960466508512,-0.38016921504301004,-0.07077960466508512,0.14783078495698998,0.16390147472657332,0.19417125583931993,0.7234573364257812,0.5592043995857239,-1.0,0.8860465288162231,0.3084745705127716,-0.025624999776482582,0.03449999913573265,-0.1443749964237213,-0.10949999839067459,0.0026323101483285427,0.001513150054961443,-6.851999933132902e-05,-7.994000043254346e-05,0.3630000054836273,0.013000000268220901,0.37599998712539673,0.02225000038743019,0.05999999865889549,-0.0002500000118743628,-0.000750000006519258,-0.03304973244667053,0.33085453510284424,-0.4019191265106201,-0.5616710186004639,-0.046695028
64,10433,-0.1919114615763476,-0.3782574427270176,-0.07291146157634759,0.1497425572729824,0.1665500365891633,0.1890960171092192,0.7214427590370178,0.5590352416038513,-1.0,0.8860465288162231,0.3084745705127716,-0.026125000789761543,0.03462500125169754,-0.15199999511241913,-0.12025000154972076,0.00033117999555543065,0.002049890113994479,0.0,0.0,0.2084999978542328,0.0,0.2084999978542328,0.0044999998062849045,0.07199999690055847,0.0,-0.0002500000118743628,-0.618757963180542,-0.766332745552063,-0.35737505555152893,0.27028167247772217,-0.06688501
65,10434,-0.19031020573579807,-0.37905502666865043,-0.07131020573579808,0.1489449733313496,0.16513555196491847,0.1917897575557689,0.7164849638938904,0.5622755289077759,-1.0,0.8860465288162231,0.3084745705127716,-0.0364999994635582,0.038750000298023224,-0.14824999868869781,-0.11550000309944153,0.0001827200030675158,0.0006794900400564075,5.7100000958598685e-06,5.7100001868093386e-05,0.0754999965429306,0.005499999970197678,0.08100000023841858,0.0022499999031424522,0.03525000065565109,0.0,0.0002500000118743628,0.9857820272445679,0.37059682607650757,0.17083479464054108,-0.3618716895580292,-0.0034998253
66,10435,-0.19282626211312442,-0.3805120826570056,-0.07382626211312443,0.14748791734299443,0.16493332816556425,0.19217799451172568,0.7202088236808777,0.56092369556427,-1.0,0.8860465288162231,0.3084745705127716,-0.027374999597668648,0.03812500089406967,-0.1446249932050705,-0.12174999713897705,0.0024210400879383087,0.001164840068668127,6.851999933132902e-05,-7.994000043254346e-05,0.3140000104904175,0.013000000268220901,0.3269999921321869,0.020749999210238457,0.05025000125169754,0.0002500000118743628,-0.000750000006519258,0.7802056670188904,-0.8088388442993164,-0.38293972611427307,-0.9951909184455872,-0.055809673
67,10436,-0.18939702016077217,-0.3819439912851829,-0.07039702016077218,0.1460560087148171,0.16213604821019567,0.19762964450897721,0.7143575549125671,0.5584540963172913,-1.0,0.8860465288162231,0.3084745705127716,-0.02225000038743019,0.03162499889731407,-0.15150000154972076,-0.140625,0.002649439964443445,0.0005995500250719488,-7.423000351991504e-05,-7.423000351991504e-05,0.28450000286102295,0.013000000268220901,0.29750001430511475,0.02225000038743019,0.032999999821186066,-0.0002500000118743628,-0.0002500000118743628,-0.3887547254562378,-0.7692859172821045,0.7960684299468994,-0.8518040776252747,0.0
68,10437,-0.18195211813266024,-0.3838110084756261,-0.06295211813266025,0.14418899152437392,0.157332242258872,0.20735511532560444,0.7223325371742249,0.5560271143913269,-1.0,0.8860465288162231,0.3084745705127716,-0.02212500013411045,0.026624999940395355,-0.13712500035762787,-0.15649999678134918,0.0006395200034603477,0.00020556000526994467,7.423000351991504e-05,0.0,0.07400000095367432,0.006500000134110451,0.08049999922513962,0.007499999832361937,0.01425000000745058,0.000750000006519258,-0.0002500000118743628,-0.7137434482574463,-0.9295061230659485,0.5205628275871277,0.08034422248601913,-0.014358695
69,10438,-0.18407273899189286,-0.3811766298260312,-0.06507273899189286,0.14682337017396885,0.16059751987234827,0.20069374316592245,0.7396462559700012,0.5528627038002014,-1.0,0.8860465288162231,0.3084745705127716,-0.03200000151991844,0.016249999403953552,-0.12700000405311584,-0.15275000035762787,9.13600015337579e-05,7.423000351991504e-05,7.423000351991504e-05,0.0,0.014499999582767487,0.006500000134110451,0.020999999716877937,0.0005000000237487257,0.0002500000118743628,0.0,-0.0002500000118743628,0.08308649808168411,0.9181668758392334,0.9549517035484314,0.8909429311752319,0.0
70,10439,-0.18001754149692864,-0.38133707933279093,-0.061017541496928646,0.1466629206672091,0.15884946543493775,0.20423282143727015,0.7347145676612854,0.5573277473449707,-1.0,0.8860465288162231,0.3084745705127716,-0.03150000050663948,0.026000000536441803,-0.10949999839067459,-0.13625000417232513,0.00017701000615488738,0.0002169799990952015,7.423000351991504e-05,0.0,0.03449999913573265,0.006500000134110451,0.04100000113248825,0.0024999999441206455,0.014999999664723873,0.000750000006519258,0.0,0.48638680577278137,0.47235316038131714,0.7984480857849121,-0.8905360698699951,-0.13086434
71,10440,-0.1825069660555866,-0.3820707199074482,-0.06350696605558662,0.14592928009255185,0.15914926806591315,0.20362144298755527,0.7441452741622925,0.5570557713508606,-1.0,0.8860465288162231,0.3084745705127716,-0.026000000536441803,0.026000000536441803,-0.09537500143051147,-0.13262499868869781,0.0008736300515010953,0.0005995500250719488,7.994000043254346e-05,6.851999933132902e-05,0.1289999932050705,0.013000000268220901,0.1420000046491623,0.009499999694526196,0.032499998807907104,0.0022499999031424522,0.0002500000118743628,0.5139191746711731,0.21797703206539154,-0.23347774147987366,-0.28176450729370117,0.0
72,10441,-0.1797715348363651,-0.38283997245292317,-0.060771534836365104,0.14516002754707685,0.15736776367425334,0.2072814729339594,0.7383558750152588,0.5558123588562012,-1.0,0.8860465288162231,0.3084745705127716,-0.019874999299645424,0.025499999523162842,-0.09862499684095383,-0.13750000298023224,0.0018157800659537315,0.0008507900056429207,0.0,-7.423000351991504e-05,0.23350000381469727,0.006500000134110451,0.23999999463558197,0.016499999910593033,0.04149999842047691,0.0,-0.0005000000237487257,0.5182561278343201,-0.5370115637779236,-0.9210604429244995,-0.9660017490386963,-0.16337134
73,10442,-0.17832857889095402,-0.3831571536454015,-0.059328578890954026,0.14484284635459854,0.15652261949418683,0.20904072387079994,0.7447173595428467,0.5545085072517395,-1.0,0.8860465288162231,0.3084745705127716,-0.016374999657273293,0.02237500064074993,-0.09662500023841858,-0.15549999475479126,0.0022782899904996157,0.0004682200087700039,8.565000462112948e-05,-7.423000351991504e-05,0.24050000309944153,0.014000000432133675,0.25450000166893005,0.019750000908970833,0.02775000035762787,0.0035000001080334187,-0.0005000000237487257,-0.2888476848602295,0.3484947979450226,0.24550580978393555,0.524495005607605,0.0
74,10443,-0.1809980499181619,-0.3824274265485729,-0.06199804991816191,0.1455725734514271,0.15822494220231537,0.20551229399889204,0.7480731010437012,0.5539709329605103,-1.0,0.8860465288162231,0.3084745705127716,-0.016374999657273293,0.02237500064074993,-0.09212499856948853,-0.1459999978542328,0.000799400033429265,0.0008507900056429207,9.13600015337579e-05,6.851999933132902e-05,0.1445000022649765,0.014000000432133675,0.15850000083446503,0.008999999612569809,0.04075000062584877,0.0035000001080334187,0.0,-0.20790743827819824,-0.33940866589546204,-0.29380932450294495,-0.8382102847099304,0.0
75,10444,-0.17917110396077082,-0.38361973604877264,-0.06017110396077083,0.14438026395122738,0.15641682253032754,0.20926199964076847,0.7418649792671204,0.5552077293395996,-1.0,0.8860465288162231,0.3084745705127716,-0.017999999225139618,0.02237500064074993,-0.09587500244379044,-0.1615000069141388,0.00033117999555543065,0.000491060025524348,2.8550000934046693e-05,0.0,0.07199999690055847,0.0024999999441206455,0.07450000196695328,0.0044999998062849045,0.02824999950826168,0.0,-0.0002500000118743628,0.7311563491821289,0.3620724380016327,-0.16735178232192993,-0.3355814814567566,-0.108352
76,10445,-0.175945328025251,-0.38151529742792406,-0.05694532802525101,0.14648470257207596,0.1571640495518393,0.20770416496297342,0.7461137175559998,0.5531868934631348,-1.0,0.8860465288162231,0.3084745705127716,-0.013000000268220901,0.02199999988079071,-0.09425000101327896,-0.15812499821186066,0.002746510086581111,0.0008964700391516089,9.13600015337579e-05,7.423000351991504e-05,0.3190000057220459,0.014499999582767487,0.3334999978542328,0.02174999937415123,0.042500000447034836,0.0042500002309679985,0.0005000000237487257,-0.9888516664505005,0.9974626898765564,0.6578793525695801,-0.4236280918121338,0.0
77,10446,-0.17786052528596552,-0.37814425929986417,-0.058860525285965526,0.14985574070013585,0.16100094551811223,0.1998857241104843,0.7536154985427856,0.5567537546157837,-1.0,0.8860465288162231,0.3084745705127716,-0.022749999538064003,0.02837499976158142,-0.0820000022649765,-0.16562500596046448,0.000308340007904917,0.0018272000597789884,9.13600015337579e-05,-6.851999933132902e-05,0.18700000643730164,0.014000000432133675,0.20100000500679016,0.0042500002309679985,0.06700000166893005,0.0042500002309679985,-0.0002500000118743628,-0.8318514823913574,-0.09333712607622147,-0.031016157940030098,0.9481093287467957,0.0
78,10447,-0.18016265722927433,-0.37998942230935345,-0.06116265722927433,0.14801057769064657,0.16014993520967977,0.20159403085109778,0.7491615414619446,0.5624673366546631,-1.0,0.8860465288162231,0.3084745705127716,-0.03762499988079071,0.039250001311302185,-0.08174999803304672,-0.14787499606609344,0.00022269001055974513,0.000867919996380806,7.994000043254346e-05,0.0,0.09549999982118607,0.007000000216066837,0.10249999910593033,0.003000000026077032,0.041749998927116394,0.002749999985098839,-0.0002500000118743628,0.7620584964752197,-0.8726701736450195,-0.9491479992866516,0.4757592976093292,0.0
79,10448,-0.18097844518429163,-0.38099365281043446,-0.06197844518429163,0.14700634718956557,0.1595374369277673,0.20283258000057477,0.7438077926635742,0.5593399405479431,-1.0,0.8860465288162231,0.3084745705127716,-0.028750000521540642,0.032625000923871994,-0.09825000166893005,-0.1392499953508377,0.001444630092009902,0.00034260001848451793,7.423000351991504e-05,6.851999933132902e-05,0.15649999678134918,0.012500000186264515,0.16899999976158142,0.013749999925494194,0.02250000089406967,0.0002500000118743628,0.0002500000118743628,0.2895943820476532,0.817408561706543,0.30090805888175964,-0.5407357811927795,0.0
80,10449,-0.17892113816551952,-0.38002032767119537,-0.05992113816551953,0.14797967232880466,0.15965126439083305,0.2026018321726031,0.7419105768203735,0.5576378703117371,-1.0,0.8860465288162231,0.3084745705127716,-0.026000000536441803,0.032499998807907104,-0.09425000101327896,-0.14887499809265137,0.0021640900522470474,0.001261910074390471,8.565000462112948e-05,-6.851999933132902e-05,0.30000001192092896,0.013500000350177288,0.31349998712539673,0.01899999938905239,0.05324999988079071,0.0035000001080334187,-0.000750000006519258,0.3074321448802948,-0.5213204622268677,0.32587191462516785,-0.9722179174423218,-0.020312658
81,10450,-0.18218948294258067,-0.3812951493202871,-0.06318948294258067,0.14670485067971295,0.15973485520545466,0.20243254641418118,0.7466950416564941,0.5592876076698303,-1.0,0.8860465288162231,0.3084745705127716,-0.026000000536441803,0.03237500041723251,-0.0885000005364418,-0.16712500154972076,0.002883550012484193,0.0006281000096350908,9.13600015337579e-05,-7.994000043254346e-05,0.3075000047683716,0.014999999664723873,0.32249999046325684,0.024000000208616257,0.03400000184774399,0.004000000189989805,-0.0005000000237487257,-0.8704043626785278,-0.12444691359996796,-0.8185122013092041,-0.8808377981185913,-0.03704044
82,10451,-0.17711945314825536,-0.38124736031721257,-0.05811945314825537,0.14675263968278746,0.1578423520102203,0.20630006989501462,0.7390941977500916,0.5571268796920776,-1.0,0.8860465288162231,0.3084745705127716,-0.026125000789761543,0.03237500041723251,-0.10175000131130219,-0.18387499451637268,0.00042254000436514616,0.0005139000131748617,7.423000351991504e-05,0.0,0.0820000022649765,0.006500000134110451,0.0885000005364418,0.005499999970197678,0.029500000178813934,0.0,0.0,0.7902133464813232,0.5153408050537109,0.9145826101303101,-0.9145616888999939,-0.13374741
83,10452,-0.17973401820689117,-0.38194322133198666,-0.06073401820689117,0.14605677866801337,0.1581809203489221,0.2056027842359398,0.750885009765625,0.5572078824043274,-1.0,0.8860465288162231,0.3084745705127716,-0.02187499962747097,0.03200000151991844,-0.0872500017285347,-0.18050000071525574,0.0032033100724220276,0.0011134500382468104,9.707000572234392e-05,7.994000043254346e-05,0.3779999911785126,0.01549999974668026,0.3935000002384186,0.026499999687075615,0.0494999997317791,0.005249999929219484,0.000750000006519258,-0.4353996217250824,-0.010087565518915653,-0.8751077055931091,-0.5698373913764954,0.0
84,10453,-0.18093022245423868,-0.3818610303574345,-0.06193022245423868,0.1461389696425655,0.15871972436159965,0.20449796725623448,0.7448046207427979,0.556028425693512,-1.0,0.8860465288162231,0.3084745705127716,-0.02187499962747097,0.03200000151991844,-0.10100000351667404,-0.19050000607967377,0.0009535700082778931,0.0011248700320720673,7.423000351991504e-05,-6.851999933132902e-05,0.18199999630451202,0.012500000186264515,0.19449999928474426,0.010250000283122063,0.04924999922513962,0.0,-0.0005000000237487257,0.9194859266281128,0.22685937583446503,0.31281018257141113,0.5795843005180359,0.0
85,10454,-0.1839897747702358,-0.3816427724105558,-0.06498977477023579,0.14635722758944425,0.16013778096487524,0.20161853457220974,0.7420227527618408,0.556167721748352,-1.0,0.8860465288162231,0.3084745705127716,-0.016875000670552254,0.03150000050663948,-0.09787499904632568,-0.18037499487400055,0.004425249993801117,0.0014389200368896127,9.707000572234392e-05,8.565000462112948e-05,0.5134999752044678,0.01600000075995922,0.5295000076293945,0.03449999913573265,0.05874999985098839,0.005249999929219484,0.000750000006519258,-0.8561428785324097,-0.09265078604221344,-0.9251365065574646,-0.9893487691879272,-0.08064746
86,10455,-0.18524079826741568,-0.381816618495823,-0.06624079826741569,0.14618338150417703,0.160491197213742,0.20090723956672532,0.7349075078964233,0.5565376877784729,-1.0,0.8860465288162231,0.3084745705127716,-0.016875000670552254,0.03150000050663948,-0.11262500286102295,-0.1979999989271164,0.0036886599846184254,0.0014275000430643559,7.423000351991504e-05,-7.994000043254346e-05,0.4480000138282776,0.013500000350177288,0.46149998903274536,0.029750000685453415,0.05824999883770943,0.0002500000118743628,-0.0010000000474974513,0.7603008151054382,0.3190404176712036,-0.3963533937931061,0.7836571931838989,-0.09324491
87,10456,-0.18507883620951307,-0.3821142152955003,-0.06607883620951308,0.1458857847044997,0.16015328524151884,0.20158727749999897,0.7319981455802917,0.5562430024147034,-1.0,0.8860465288162231,0.3084745705127716,-0.016875000670552254,0.03150000050663948,-0.1198749989271164,-0.18424999713897705,0.0035915900953114033,0.0019014300778508186,0.0,7.423000351991504e-05,0.48100000619888306,0.006500000134110451,0.48750001192092896,0.029249999672174454,0.07000000029802322,0.0,0.000750000006519258,-0.9550142884254456,-0.5047271847724915,-0.45606085658073425,-0.7603646516799927,-0.18495902
88,10457,-0.18547657557981506,-0.3819854350242037,-0.06647657557981507,0.14601456497579635,0.1604349970732381,0.20102018145142053,0.7323747873306274,0.555738627910614,-1.0,0.8860465288162231,0.3084745705127716,-0.016875000670552254,0.03150000050663948,-0.11774999648332596,-0.19762499630451202,0.0032318599987775087,0.0011705500073730946,8.565000462112948e-05,-7.994000043254346e-05,0.3855000138282776,0.014499999582767487,0.4000000059604645,0.026750000193715096,0.051249999552965164,0.0032500000670552254,-0.0010000000474974513,-0.7738548517227173,-0.7387001514434814,0.3855052888393402,-0.9908285737037659,-0.067065485
89,10458,-0.18706474786198404,-0.38231163831303727,-0.06806474786198405,0.14568836168696275,0.16080394470455858,0.20027988873944527,0.7314498424530029,0.5559569001197815,-1.0,0.8860465288162231,0.3084745705127716,-0.016625000163912773,0.02812499925494194,-0.11037500202655792,-0.21637499332427979,0.0026265999767929316,0.0005196100100874901,8.565000462112948e-05,-7.423000351991504e-05,0.27549999952316284,0.014000000432133675,0.28949999809265137,0.02250000089406967,0.030500000342726707,0.002749999985098839,-0.0005000000237487257,-0.7560981512069702,-0.7080650925636292,-0.6646053194999695,-0.6555361747741699,-0.032609817
90,10459,-0.18404230072077957,-0.3869207823727307,-0.06504230072077957,0.14107921762726933,0.1553507210455579,0.2115048793697911,0.7277563810348511,0.555404007434845,-1.0,0.8860465288162231,0.3084745705127716,-0.016625000163912773,0.02225000038743019,-0.12137500196695328,-0.22875000536441803,0.0005652900435961783,0.00022269001055974513,0.0,-6.28100024187006e-05,0.0689999982714653,0.005499999970197678,0.07450000196695328,0.006500000134110451,0.01575000025331974,0.0,-0.0002500000118743628,0.8035736680030823,-0.95522540807724,0.8612078428268433,0.9453613758087158,-0.011250031
91,10460,-0.18120399420245678,-0.38783700503269,-0.062203994202456786,0.14016299496731005,0.15334602066224431,0.21578770396611552,0.7347853183746338,0.5475918650627136,-1.0,0.8860465288162231,0.3084745705127716,-0.0036249998956918716,0.0063749998807907104,-0.10562500357627869,-0.21125000715255737,0.000491060025524348,0.00017701000615488738,7.994000043254346e-05,0.0,0.05849999934434891,0.007000000216066837,0.06549999862909317,0.0062500000931322575,0.011749999597668648,0.000750000006519258,0.0,-0.06691762059926987,-0.7734273672103882,0.14606478810310364,-0.9484021663665771,-0.13893248
92,10461,-0.1811034898881342,-0.3880580653009749,-0.06210348988813422,0.1399419346990251,0.15310319573278605,0.21631232700603215,0.7413860559463501,0.5460389852523804,-1.0,0.8860465288162231,0.3084745705127716,-0.002374999923631549,-0.0031250000465661287,-0.1028750017285347,-0.20749999582767487,0.00013703999866265804,7.994000043254346e-05,7.423000351991504e-05,0.0,0.01899999938905239,0.006500000134110451,0.025499999523162842,0.0017500000540167093,0.0017500000540167093,0.0005000000237487257,0.0,-0.20586827397346497,-0.5311614871025085,-0.5241276621818542,-0.9366775155067444,-0.1398599
93,10462,-0.17924759157556094,-0.39045496661329465,-0.06024759157556095,0.13754503338670537,0.15016127496796736,0.2227705970746751,0.7416197657585144,0.5456643104553223,-1.0,0.8860465288162231,0.3084745705127716,-0.004749999847263098,-0.012125000357627869,-0.11237499862909317,-0.20362499356269836,0.0,1.1420000191719737e-05,0.0,0.0,0.0010000000474974513,0.0,0.0010000000474974513,0.0,0.0,0.0,-0.0002500000118743628,-0.4706706702709198,-0.5532046556472778,-0.16284237802028656,0.7417095899581909,-0.124021575
94,10463,-0.18094258471641286,-0.39259347484089535,-0.06194258471641287,0.13540652515910467,0.14890201763916172,0.22559358920835682,0.74593585729599,0.5416017770767212,-1.0,0.8860465288162231,0.3084745705127716,-0.0010000000474974513,-0.02237500064074993,-0.10862500220537186,-0.18975000083446503,9.13600015337579e-05,0.0,0.0,0.0,0.00800000037997961,0.0,0.00800000037997961,0.0,0.0,0.0,-0.0002500000118743628,0.7019817233085632,-0.023956572636961937,0.27443650364875793,-0.966619610786438,-0.17276579
95,10464,-0.18565439976688342,-0.39289278723847104,-0.06665439976688342,0.13510721276152898,0.15065446541165836,0.22167461863054339,0.7419939637184143,0.5379771590232849,-1.0,0.8860465288162231,0.3084745705127716,0.010625000111758709,-0.021250000223517418,-0.10362499952316284,-0.1861249953508377,0.00010848999954760075,9.707000572234392e-05,6.851999933132902e-05,4.568000076687895e-05,0.017999999225139618,0.009999999776482582,0.02800000086426735,0.0010000000474974513,0.005249999929219484,0.0002500000118743628,0.0,0.8641716241836548,0.550518274307251,-0.6629496812820435,-0.12662748992443085,-0.046454336
96,10465,-0.1847112314816122,-0.3928838086302288,-0.0657112314816122,0.1351161913697712,0.1502476326372654,0.22257830062247785,0.7310363054275513,0.5374698638916016,-1.0,0.8860465288162231,0.3084745705127716,0.02162499912083149,-0.020124999806284904,-0.1158749982714653,-0.18250000476837158,0.000799400033429265,0.0003882800228893757,0.0,6.851999933132902e-05,0.10400000214576721,0.006000000052154064,0.10999999940395355,0.008999999612569809,0.023499999195337296,0.0,0.0002500000118743628,-0.6606202125549316,-0.6423689126968384,-0.23701001703739166,0.037486713379621506,-0.057990417
97,10466,-0.18467276111116918,-0.39165660531050983,-0.06567276111116918,0.1363433946894902,0.15133549757878617,0.22017007220898932,0.7332296967506409,0.5374850630760193,-1.0,0.8860465288162231,0.3084745705127716,0.014375000260770321,-0.021250000223517418,-0.11237499862909317,-0.1821250021457672,9.13600015337579e-05,7.994000043254346e-05,7.994000043254346e-05,6.851999933132902e-05,0.014999999664723873,0.013000000268220901,0.02800000086426735,0.0005000000237487257,0.0017500000540167093,0.0005000000237487257,0.000750000006519258,-0.14182347059249878,0.6366242170333862,-0.5356346368789673,-0.9868770837783813,-0.0009927646
98,10467,-0.18777526440201078,-0.38952657041139344,-0.06877526440201079,0.1384734295886066,0.15461218482253358,0.21307270185968732,0.7333191633224487,0.5395650863647461,-1.0,0.8860465288162231,0.3084745705127716,0.011749999597668648,-0.016249999403953552,-0.12212499976158142,-0.20012499392032623,0.00010278000263497233,0.00023411000438500196,0.0,3.997000021627173e-05,0.029500000178813934,0.0035000001080334187,0.032999999821186066,0.0010000000474974513,0.01549999974668026,0.0,-0.0002500000118743628,-0.14721891283988953,0.6480456590652466,0.05297917127609253,-0.8980476260185242,-0.14940822
99,10468,-0.1889613837099027,-0.3865766686224743,-0.06996138370990271,0.14142333137752572,0.15778198207818817,0.20642465070788485,0.7261040210723877,0.5431752800941467,-1.0,0.8860465288162231,0.3084745705127716,0.008375000208616257,-0.010250000283122063,-0.11874999850988388,-0.1965000033378601,0.00017130000924225897,0.0004967700224369764,7.423000351991504e-05,6.28100024187006e-05,0.05849999934434891,0.012000000104308128,0.07050000131130219,0.0022499999031424522,0.02775000035762787,0.000750000006519258,0.0,-0.6940090656280518,0.8269914388656616,-0.8952188491821289,-0.8966059684753418,0.0
100,10469,-0.18997767358320058,-0.38611308740861383,-0.07097767358320059,0.1418869125913862,0.15864969622409944,0.20464122352792494,0.7233456373214722,0.5481751561164856,-1.0,0.8860465288162231,0.3084745705127716,-0.004999999888241291,0.0043750000186264515,-0.13512499630451202,-0.21324999630451202,0.00021127000218257308,0.0005367400008253753,0.0,0.0,0.06549999862909317,0.0,0.06549999862909317,0.003000000026077032,0.029500000178813934,0.0,0.0,0.12635517120361328,-0.5281073451042175,0.11265096068382263,-0.927214503288269,-0.14574765
101,10470,-0.18907778722667049,-0.3859624999783868,-0.07007778722667049,0.14203750002161325,0.15838417747671732,0.20518530634255125,0.7209821343421936,0.5489608645439148,-1.0,0.8860465288162231,0.3084745705127716,-0.004875000100582838,0.004124999977648258,-0.1315000057220459,-0.2097499966621399,0.000616680015809834,0.0001598800008650869,6.851999933132902e-05,6.851999933132902e-05,0.06800000369548798,0.012000000104308128,0.07999999821186066,0.007249999791383743,0.010250000283122063,0.0002500000118743628,0.0005000000237487257,-0.3256009817123413,-0.19509369134902954,0.13822436332702637,-0.39955848455429077,-0.007413077
102,10471,-0.19196336247043955,-0.3880224666297034,-0.07296336247043955,0.13997753337029661,0.1578523427492454,0.2062794600229792,0.7230749130249023,0.549216091632843,-1.0,0.8860465288162231,0.3084745705127716,-0.00787500012665987,0.003874999936670065,-0.1276250034570694,-0.21674999594688416,0.00011991000064881518,9.13600015337579e-05,6.851999933132902e-05,-6.28100024187006e-05,0.01850000023841858,0.011500000022351742,0.029999999329447746,0.0012499999720603228,0.0035000001080334187,0.0,-0.0002500000118743628,0.8973075151443481,0.1677866280078888,-0.9604062438011169,0.9382027387619019,0.0
103,10472,-0.19075865458866723,-0.3870939349634909,-0.07175865458866723,0.1409060650365091,0.1581259740600784,0.2057157863780354,0.7163642644882202,0.545724630355835,-1.0,0.8860465288162231,0.3084745705127716,0.002749999985098839,0.0,-0.14562499523162842,-0.1992499977350235,0.001416080049239099,0.00026266000350005925,0.0,0.0,0.1469999998807907,0.0,0.1469999998807907,0.013500000350177288,0.017500000074505806,0.0,-0.0002500000118743628,-0.9349956512451172,-0.2525510787963867,-0.3698848783969879,-0.47055354714393616,-0.14885262
104,10473,-0.19228029586863546,-0.386203494480971,-0.07328029586863546,0.141796505519029,0.15961281508701855,0.20267974614431886,0.7191659212112427,0.5472984313964844,-1.0,0.8860465288162231,0.3084745705127716,-0.008375000208616257,0.0013749999925494194,-0.1418749988079071,-0.19562500715255737,9.707000572234392e-05,0.00010278000263497233,0.0,5.7100001868093386e-05,0.017500000074505806,0.004999999888241291,0.02250000089406967,0.000750000006519258,0.005499999970197678,0.0,0.0,0.22039757668972015,0.71213698387146,-0.7383815050125122,-0.8929030895233154,-0.11260578
105,10474,-0.19123112084108831,-0.3871229846893185,-0.07223112084108832,0.14087701531068153,0.15831509170261027,0.2053271091769448,0.7156271934509277,0.5488076210021973,-1.0,0.8860465288162231,0.3084745705127716,-0.006500000134110451,0.004124999977648258,-0.1381250023841858,-0.2122499942779541,0.0004054100136272609,0.0005196100100874901,0.0,0.0,0.08100000023841858,0.0,0.08100000023841858,0.005249999929219484,0.026499999687075615,0.0,0.0,0.8393771648406982,0.6625051498413086,-0.9324185252189636,-0.8113194108009338,-0.25724855
106,10475,-0.19020250661962945,-0.38496824035713806,-0.07120250661962946,0.14303175964286197,0.15977446984875843,0.20235236936496306,0.7180671691894531,0.5472491979598999,-1.0,0.8860465288162231,0.3084745705127716,0.0031250000465661287,0.0042500002309679985,-0.13487499952316284,-0.20887500047683716,0.0019014300778508186,0.0012162299826741219,7.423000351991504e-05,6.851999933132902e-05,0.27300000190734863,0.012500000186264515,0.2854999899864197,0.017249999567866325,0.050999999046325684,0.0010000000474974513,0.000750000006519258,-0.8467698097229004,0.9503176212310791,-0.47935450077056885,-0.9736816883087158,0.0
107,10476,-0.1897308227772541,-0.385506749776756,-0.0707308227772541,0.14249325022324405,0.15908229206901492,0.20375786615918462,0.7204592823982239,0.5509012937545776,-1.0,0.8860465288162231,0.3084745705127716,-0.006500000134110451,0.012749999761581421,-0.1431249976158142,-0.22675000131130219,0.00034831001539714634,0.001964240102097392,-7.423000351991504e-05,0.0,0.20250000059604645,0.006500000134110451,0.20900000631809235,0.004749999847263098,0.06949999928474426,-0.0002500000118743628,0.0,0.4252963960170746,0.02927636168897152,0.508461594581604,-0.5467311143875122,-0.08960773
108,10477,-0.19071120041107748,-0.38517829401814396,-0.07171120041107748,0.14282170598185606,0.15981406685259422,0.20227225975105395,0.7215562462806702,0.5499885678291321,-1.0,0.8860465288162231,0.3084745705127716,-0.005750000011175871,0.012749999761581421,-0.13437500596046448,-0.22337499260902405,0.0021526701748371124,0.0019585301633924246,7.423000351991504e-05,7.423000351991504e-05,0.36000001430511475,0.013000000268220901,0.37299999594688416,0.01899999938905239,0.07050000131130219,0.0012499999720603228,0.000750000006519258,-0.49726739525794983,0.2562173008918762,-0.7878965139389038,-0.9757691621780396,-0.015336144
109,10478,-0.1924116317343336,-0.3801194614914902,-0.0734116317343336,0.14788053850850985,0.16509973150633614,0.19185846983223087,0.7192762494087219,0.5505452752113342,-1.0,0.8860465288162231,0.3084745705127716,-0.007625000085681677,0.012875000014901161,-0.148499995470047,-0.24124999344348907,0.0003197600017301738,0.0021812201011925936,0.0,0.0,0.21899999678134918,0.0,0.21899999678134918,0.0042500002309679985,0.07500000298023224,0.0,0.0,-0.9584271311759949,0.8047805428504944,0.4203299582004547,-0.8858822584152222,-0.18388496
110,10479,-0.19270995671330993,-0.3786633403096228,-0.07370995671330993,0.14933665969037724,0.16653706988582923,0.18912053821852964,0.7153217792510986,0.5591195821762085,-1.0,0.8860465288162231,0.3084745705127716,-0.025624999776482582,0.03099999949336052,-0.1407500058412552,-0.23774999380111694,0.00033117999555543065,0.0012447800254449248,6.851999933132902e-05,6.851999933132902e-05,0.1379999965429306,0.012000000104308128,0.15000000596046448,0.0044999998062849045,0.052000001072883606,0.0002500000118743628,0.0005000000237487257,-0.38181692361831665,0.8030997514724731,-0.9688402414321899,0.6122556328773499,0.0
111,10480,-0.19281524358196253,-0.37833233077455486,-0.07381524358196254,0.14966766922544517,0.16688050034812854,0.18847215469037396,0.7146279811859131,0.5615875720977783,-1.0,0.8860465288162231,0.3084745705127716,-0.032749999314546585,0.038624998182058334,-0.15862500667572021,-0.22624999284744263,0.00032546999864280224,0.0018329099984839559,0.0,6.28100024187006e-05,0.1889999955892563,0.005499999970197678,0.19449999928474426,0.0044999998062849045,0.06674999743700027,-0.0002500000118743628,0.0002500000118743628,-0.08231092989444733,-0.09673495590686798,-0.8833447694778442,-0.8739235401153564,-0.13000138
112,10481,-0.19055524071565727,-0.37898048183426963,-0.07155524071565728,0.1490195181657304,0.16530870899085173,0.1914579474746813,0.7143831253051758,0.5621485710144043,-1.0,0.8860465288162231,0.3084745705127716,-0.03375000134110451,0.038750000298023224,-0.1550000011920929,-0.24250000715255737,0.0002512400096748024,0.0016501900972798467,7.423000351991504e-05,0.0,0.1665000021457672,0.006500000134110451,0.17299999296665192,0.0035000001080334187,0.06300000101327896,0.0,0.0,0.5563302040100098,-0.8437196016311646,-0.13090229034423828,-0.05956944078207016,-0.031148333
113,10482,-0.19176654427976478,-0.3775088485624001,-0.07276654427976478,0.15049115143759995,0.16716027227614105,0.1879455994297881,0.719639003276825,0.5610500574111938,-1.0,0.8860465288162231,0.3084745705127716,-0.03087499924004078,0.03849999979138374,-0.15712499618530273,-0.23899999260902405,0.0021069899667054415,0.0005767100374214351,-6.851999933132902e-05,7.994000043254346e-05,0.23499999940395355,0.013000000268220901,0.24799999594688416,0.01850000023841858,0.03200000151991844,-0.0005000000237487257,0.0005000000237487257,-0.8878676891326904,0.41316044330596924,-0.34212520718574524,-0.7293272018432617,0.0
114,10483,-0.1923309301612653,-0.37812262727805884,-0.0733309301612653,0.14987737272194118,0.166855183234888,0.1885198764398336,0.7168219685554504,0.5635443329811096,-1.0,0.8860465288162231,0.3084745705127716,-0.039374999701976776,0.042374998331069946,-0.16374999284744263,-0.2523750066757202,0.00019414001144468784,0.0007936900365166366,0.0,0.0,0.08649999648332596,0.0,0.08649999648332596,0.0022499999031424522,0.039500001817941666,0.0,0.0,0.676556408405304,0.6393173933029175,-0.8986635804176331,0.6771345734596252,-0.13183963
115,10484,-0.19238178485011032,-0.3786742431399032,-0.07338178485011032,0.1493257568600968,0.16638229476007543,0.18941347640863104,0.7155094742774963,0.5625039935112,-1.0,0.8860465288162231,0.3084745705127716,-0.03462500125169754,0.042125001549720764,-0.15987500548362732,-0.23999999463558197,0.002015630016103387,0.0016501900972798467,4.568000076687895e-05,7.423000351991504e-05,0.32100000977516174,0.010499999858438969,0.33149999380111694,0.017999999225139618,0.0637499988079071,-0.0002500000118743628,0.0005000000237487257,-0.07680942863225937,-0.18403011560440063,-0.8179911375045776,-0.38936498761177063,-0.12215895
116,10485,-0.19095577257745838,-0.37981348707258594,-0.07195577257745839,0.14818651292741408,0.16473274058548767,0.1925638665766942,0.715391218662262,0.561569094657898,-1.0,0.8860465288162231,0.3084745705127716,-0.03462500125169754,0.042125001549720764,-0.15625,-0.24674999713897705,0.0016273499932140112,0.0013818200677633286,7.423000351991504e-05,-7.423000351991504e-05,0.26350000500679016,0.013000000268220901,0.27649998664855957,0.015250000171363354,0.05700000002980232,0.0,-0.0005000000237487257,0.9787813425064087,-0.25793740153312683,-0.5522531867027283,-0.97208571434021,0.0
117,10486,-0.19319513169426705,-0.38087735215123253,-0.07419513169426706,0.1471226478487675,0.16477254345661502,0.19248723588066316,0.7187075018882751,0.5596381425857544,-1.0,0.8860465288162231,0.3084745705127716,-0.025750000029802322,0.04137500002980232,-0.1665000021457672,-0.26475000381469727,0.004351020324975252,0.0010677700629457831,0.0,-7.994000043254346e-05,0.47450000047683716,0.007000000216066837,0.4814999997615814,0.03400000184774399,0.04899999871850014,0.0,-0.000750000006519258,-0.2577665150165558,-0.9458912014961243,0.08095759153366089,-0.8020012378692627,-0.040577278
118,10487,-0.1913772156332768,-0.3817334903142173,-0.07237721563327681,0.1462665096857827,0.1631942192557292,0.19554941046130928,0.7134996652603149,0.5578349828720093,-1.0,0.8860465288162231,0.3084745705127716,-0.019874999299645424,0.03125,-0.1626249998807907,-0.2800000011920929,0.0024438800755888224,0.000616680015809834,1.1420000191719737e-05,-7.423000351991504e-05,0.2680000066757202,0.007499999832361937,0.27549999952316284,0.020999999716877937,0.03400000184774399,-0.0002500000118743628,-0.0002500000118743628,0.7394735813140869,0.9468451738357544,0.5449568033218384,-0.3575572073459625,-0.053206608
119,10488,-0.19398337543886773,-0.3812086082591516,-0.07498337543886774,0.14679139174084843,0.16483391423314991,0.1923691412107872,0.7177274227142334,0.5563839077949524,-1.0,0.8860465288162231,0.3084745705127716,-0.017374999821186066,0.03099999949336052,-0.15262499451637268,-0.2861250042915344,0.0032889600843191147,0.0018900100840255618,0.0,-7.994000043254346e-05,0.45350000262260437,0.007000000216066837,0.46050000190734863,0.027000000700354576,0.07000000029802322,0.0,-0.0012499999720603228,-0.9207707643508911,-0.8713244199752808,-0.449310302734375,-0.4505098760128021,-0.07791723
120,10489,-0.1915795542793458,-0.3815838188113305,-0.07257955427934581,0.1464161811886695,0.16341814407605357,0.1951120166946576,0.7116665840148926,0.5572735667228699,-1.0,0.8860465288162231,0.3084745705127716,-0.023375000804662704,0.03150000050663948,-0.14887499809265137,-0.29512500762939453,0.00034260001848451793,0.0007023300277069211,0.0,0.0,0.09149999916553497,0.0,0.09149999916553497,0.0044999998062849045,0.0364999994635582,0.0,0.0,0.789146363735199,0.5928366184234619,-0.9904003739356995,-0.529920220375061,-0.23043847
121,10490,-0.19305562389348843,-0.3819082101054278,-0.07405562389348844,0.14609178989457222,0.16378964101814758,0.19438852622354127,0.7172568440437317,0.5566375851631165,-1.0,0.8860465288162231,0.3084745705127716,-0.0182499997317791,0.03112499974668026,-0.14524999260902405,-0.2916249930858612,0.0028378700371831656,0.0014560500858351588,7.423000351991504e-05,7.423000351991504e-05,0.37599998712539673,0.013000000268220901,0.3889999985694885,0.023749999701976776,0.05925000086426735,0.0002500000118743628,0.0005000000237487257,0.9377601146697998,-0.650711178779602,0.04994575306773186,-0.6930050849914551,-0.07275143
122,10491,-0.1923718333877038,-0.3820802630173775,-0.07337183338770381,0.1459197369826225,0.16332787752172223,0.19528821710226854,0.7138241529464722,0.5560877919197083,-1.0,0.8860465288162231,0.3084745705127716,-0.01587500050663948,0.028999999165534973,-0.14425000548362732,-0.30387499928474426,0.003951319959014654,0.0007765600457787514,2.2840000383439474e-05,-7.423000351991504e-05,0.414000004529953,0.008500000461935997,0.42250001430511475,0.03125,0.039250001311302185,0.0,-0.000750000006519258,-0.5139381885528564,-0.1338365077972412,-0.7360981702804565,-0.7104760408401489,-0.16475348
123,10492,-0.19181044676732675,-0.38372560038163855,-0.07281044676732676,0.14427439961836147,0.16160588956995467,0.19868017742995,0.7154143452644348,0.5557961463928223,-1.0,0.8860465288162231,0.3084745705127716,-0.01587500050663948,0.028999999165534973,-0.14100000262260437,-0.31712499260902405,0.00352878007106483,0.0006281000096350908,7.423000351991504e-05,-7.994000043254346e-05,0.36399999260902405,0.013500000350177288,0.3774999976158142,0.02850000001490116,0.03424999862909317,0.0010000000474974513,-0.000750000006519258,0.3398255705833435,-0.7030776739120483,-0.9702110886573792,-0.9963003993034363,-0.049149074
124,10493,-0.1919522362266402,-0.38299396799630575,-0.07295223622664021,0.14500603200369427,0.16232306702352542,0.19726038529275775,0.7167198657989502,0.5530074834823608,-1.0,0.8860465288162231,0.3084745705127716,-0.011500000022351742,0.020999999716877937,-0.15850000083446503,-0.335875004529953,0.001935690059326589,0.0003768599999602884,0.0,-7.423000351991504e-05,0.20250000059604645,0.006500000134110451,0.20900000631809235,0.017249999567866325,0.024000000208616257,-0.0002500000118743628,-0.0005000000237487257,-0.7159475088119507,-0.0697282999753952,-0.8273028135299683,0.7801961898803711,-0.1292903
125,10494,-0.19097802478397985,-0.38321597416894565,-0.07197802478397985,0.14478402583105437,0.16168874477727457,0.19851562873503156,0.7163901329040527,0.5542474985122681,-1.0,0.8860465288162231,0.3084745705127716,-0.016625000163912773,0.021250000223517418,-0.1548749953508377,-0.3215000033378601,0.00019414001144468784,0.0003197600017301738,6.851999933132902e-05,3.997000021627173e-05,0.04500000178813934,0.009499999694526196,0.054499998688697815,0.002749999985098839,0.020999999716877937,0.0,0.0,0.3113659918308258,-0.1794484555721283,0.6856316328048706,0.5253118872642517,-0.002179563
126,10495,-0.19250221170818124,-0.3819359887078982,-0.07350221170818125,0.14606401129210184,0.16351535255361666,0.1949224434292568,0.7186557650566101,0.553871214389801,-1.0,0.8860465288162231,0.3084745705127716,-0.01575000025331974,0.021250000223517418,-0.1421249955892563,-0.31200000643730164,0.0011591300135478377,0.00020556000526994467,0.0,6.28100024187006e-05,0.11949999630451202,0.005499999970197678,0.125,0.011749999597668648,0.014499999582767487,0.0,0.0005000000237487257,0.034973885864019394,-0.03062872402369976,-0.3787550926208496,-0.9081021547317505,-0.069744386
127,10496,-0.19208175035949426,-0.38230713954586293,-0.07308175035949427,0.1456928604541371,0.1629949441636645,0.1959394802559268,0.7151111364364624,0.5560407042503357,-1.0,0.8860465288162231,0.3084745705127716,-0.01575000025331974,0.021250000223517418,-0.13887499272823334,-0.32862499356269836,0.001301879994571209,0.0001827200030675158,7.994000043254346e-05,-2.8550000934046693e-05,0.12999999523162842,0.009499999694526196,0.13950000703334808,0.012749999761581421,0.013500000350177288,0.0010000000474974513,-0.0002500000118743628,-0.44603753089904785,0.5357604026794434,-0.5257639288902283,-0.32097604870796204,-0.06626384
128,10497,-0.1878933781091271,-0.38172688521668335,-0.0688933781091271,0.14627311478331667,0.16168525491120236,0.19852255678549596,0.7160889506340027,0.5554116368293762,-1.0,0.8860465288162231,0.3084745705127716,-0.01837499998509884,0.0215000007301569,-0.14800000190734863,-0.3251250088214874,0.00017701000615488738,0.000616680015809834,-7.423000351991504e-05,6.28100024187006e-05,0.06949999928474426,0.012000000104308128,0.08150000125169754,0.0024999999441206455,0.032999999821186066,-0.0002500000118743628,0.0002500000118743628,-0.7707472443580627,-0.6578244566917419,0.9488435983657837,-0.8856030702590942,-0.0053952276
129,10498,-0.18401046919670608,-0.377852329660022,-0.06501046919670608,0.150147670339978,0.163617492994174,0.19472345043025613,0.7258293628692627,0.5563951134681702,-1.0,0.8860465288162231,0.3084745705127716,-0.03087499924004078,0.023499999195337296,-0.1303749978542328,-0.3413749933242798,9.707000572234392e-05,9.13600015337579e-05,7.423000351991504e-05,0.0,0.016499999910593033,0.006500000134110451,0.023000000044703484,0.000750000006519258,0.0044999998062849045,0.0,-0.0002500000118743628,-0.9456436038017273,0.6903441548347473,0.8736171722412109,-0.7997322678565979,-0.12791128
130,10499,-0.18303345916368607,-0.3824003396505398,-0.06403345916368608,0.1455996603494602,0.15905830687626984,0.20380674373757252,0.7348593473434448,0.5629621744155884,-1.0,0.8860465288162231,0.3084745705127716,-0.04737500101327896,0.035624999552965164,-0.11412499845027924,-0.33787500858306885,0.00011420000373618677,0.00010848999954760075,6.851999933132902e-05,6.851999933132902e-05,0.019500000402331352,0.012000000104308128,0.03150000050663948,0.0010000000474974513,0.006000000052154064,0.0002500000118743628,0.0002500000118743628,0.8371566534042358,-0.74852055311203,-0.45278871059417725,-0.8172149658203125,-0.0058600963
131,10500,-0.17445459065108468,-0.3839642700778424,-0.055454590651084684,0.14403572992215763,0.15434216247833288,0.21364882324228035,0.7371314764022827,0.5552536845207214,-1.0,0.8860465288162231,0.3084745705127716,-0.032999999821186066,0.023624999448657036,-0.1223749965429306,-0.3528749942779541,0.00011991000064881518,8.565000462112948e-05,0.0,-3.425999966566451e-05,0.017999999225139618,0.003000000026077032,0.020999999716877937,0.0012499999720603228,0.0020000000949949026,0.0,-0.0002500000118743628,-0.33460524678230286,-0.49803197383880615,0.6931165456771851,-0.8821800947189331,0.0
132,10501,-0.18122389996398192,-0.38006707885293134,-0.06222389996398192,0.14793292114706869,0.16048664394843726,0.20091638761462507,0.7570823431015015,0.5526029467582703,-1.0,0.8860465288162231,0.3084745705127716,-0.03849999979138374,0.01549999974668026,-0.10962499678134918,-0.3695000112056732,0.0,0.0,6.28100024187006e-05,0.0,0.0,0.005499999970197678,0.005499999970197678,-0.0002500000118743628,-0.0002500000118743628,0.0002500000118743628,0.0,-0.6175258755683899,0.9919410943984985,0.4040190577507019,0.9190502762794495,-0.09810311
133,10502,-0.18058432029424476,-0.3805623361751532,-0.061584320294244765,0.1474376638248468,0.1597826436764415,0.202335830106933,0.7413397431373596,0.559208333492279,-1.0,0.8860465288162231,0.3084745705127716,-0.035750001668930054,0.02800000086426735,-0.10225000232458115,-0.35237500071525574,0.0001484600070398301,0.00016558999777771533,7.423000351991504e-05,2.8550000934046693e-05,0.027499999850988388,0.008999999612569809,0.0364999994635582,0.0017500000540167093,0.011749999597668648,0.0005000000237487257,0.0,0.10902182757854462,0.45771923661231995,0.008671714924275875,0.06732910871505737,-0.015920509
134,10503,-0.18161203038209098,-0.38079690536502775,-0.06261203038209098,0.14720309463497228,0.1599656757516452,0.20196582935153223,0.7428271770477295,0.5583689212799072,-1.0,0.8860465288162231,0.3084745705127716,-0.035374999046325684,0.030124999582767487,-0.10225000232458115,-0.3486250042915344,0.0003768599999602884,0.0003997000167146325,7.423000351991504e-05,5.7100001868093386e-05,0.06800000369548798,0.011500000022351742,0.0794999971985817,0.004999999888241291,0.02449999935925007,0.000750000006519258,0.0,0.352275013923645,-0.5905637741088867,0.08786515146493912,0.7307331562042236,0.0
135,10504,-0.17628712423373993,-0.3780235323792148,-0.05728712423373994,0.1499764676207852,0.16054518193636452,0.20079880962115265,0.7404371500015259,0.5579713582992554,-1.0,0.8860465288162231,0.3084745705127716,-0.030375000089406967,0.027124999091029167,-0.10074999928474426,-0.3348749876022339,0.0006966200307942927,0.00013133000175002962,7.994000043254346e-05,0.0,0.07249999791383743,0.007000000216066837,0.0794999971985817,0.00800000037997961,0.008500000461935997,0.0010000000474974513,-0.0002500000118743628,-0.8670130372047424,0.8681879639625549,0.5867412090301514,-0.9403920769691467,-0.13684705
136,10505,-0.17527977436882705,-0.37849096241584806,-0.05627977436882706,0.14950903758415196,0.15975094779795657,0.20239997239046828,0.7528206706047058,0.562671959400177,-1.0,0.8860465288162231,0.3084745705127716,-0.04337500035762787,0.03849999979138374,-0.09000000357627869,-0.33137500286102295,0.00013703999866265804,0.00026837000041268766,7.994000043254346e-05,0.0,0.03550000116229057,0.007000000216066837,0.042500000447034836,0.001500000013038516,0.0182499997317791,0.001500000013038516,0.0002500000118743628,0.4894404709339142,0.14665630459785461,0.9471813440322876,0.7838969230651855,0.0
137,10506,-0.17489144032257037,-0.37603457271203466,-0.055891440322570374,0.15196542728796536,0.16191770808699502,0.1980616207353804,0.755163311958313,0.5618797540664673,-1.0,0.8860465288162231,0.3084745705127716,-0.039000000804662704,0.03812500089406967,-0.0728750005364418,-0.3167499899864197,0.0010392200201749802,0.0003882800228893757,8.565000462112948e-05,6.851999933132902e-05,0.125,0.013500000350177288,0.13850000500679016,0.010999999940395355,0.024250000715255737,0.002749999985098839,0.0002500000118743628,-0.7288245558738708,0.5742471814155579,-0.11981285363435745,-0.789099931716919,0.0
138,10507,-0.17402947851563372,-0.37624952265153316,-0.05502947851563372,0.15175047734846686,0.16142010680578225,0.19904963404252998,0.7560664415359497,0.5660430788993835,-1.0,0.8860465288162231,0.3084745705127716,-0.048500001430511475,0.045625001192092896,-0.07362499833106995,-0.33137500286102295,0.00020556000526994467,0.0005538699915632606,2.2840000383439474e-05,0.0,0.06650000065565109,0.0020000000949949026,0.06849999725818634,0.002749999985098839,0.030750000849366188,0.0,0.0,-0.06079307198524475,-0.44825536012649536,0.017411040142178535,-0.7509005069732666,-0.11410807
139,10508,-0.1760862492185237,-0.3766625178978163,-0.057086249218523705,0.15133748210218373,0.1617463240351019,0.19840135781066687,0.7580710053443909,0.5656787753105164,-1.0,0.8860465288162231,0.3084745705127716,-0.04912500083446503,0.045499999076128006,-0.07349999994039536,-0.32762500643730164,0.0001541700039524585,0.00019985000835731626,7.423000351991504e-05,3.997000021627173e-05,0.03099999949336052,0.009999999776482582,0.04100000113248825,0.0017500000540167093,0.01425000000745058,0.0002500000118743628,0.0,0.4207257330417633,0.9448745250701904,-0.6708098649978638,-0.7289458513259888,0.0
140,10509,-0.17351005197374827,-0.37399462601673683,-0.05451005197374828,0.1540053739832632,0.16336768646799618,0.1952104903929614,0.7532877922058105,0.5649787783622742,-1.0,0.8860465288162231,0.3084745705127716,-0.04612499848008156,0.045875001698732376,-0.0860000029206276,-0.3409999907016754,0.0011991000501438975,0.0011134500382468104,6.851999933132902e-05,-3.997000021627173e-05,0.20250000059604645,0.009499999694526196,0.21199999749660492,0.011500000022351742,0.04874999821186066,0.0002500000118743628,-0.0005000000237487257,-0.8186546564102173,0.7662639617919922,0.3450454771518707,-0.5138557553291321,-0.08566269
141,10510,-0.17068983102022237,-0.3720418540859699,-0.05168983102022237,0.15595814591403012,0.16430088833552012,0.19339725617780115,0.7592789530754089,0.5695006251335144,-1.0,0.8860465288162231,0.3084745705127716,-0.057874999940395355,0.05900000035762787,-0.08124999701976776,-0.33762499690055847,0.0003368900215718895,0.0012162299826741219,8.565000462112948e-05,6.28100024187006e-05,0.13600000739097595,0.013000000268220901,0.14900000393390656,0.0044999998062849045,0.050999999046325684,0.0035000001080334187,0.0002500000118743628,-0.60570228099823,-0.6764703392982483,0.7033509016036987,-0.6318103075027466,0.0
142,10511,-0.17433320075539968,-0.3709182499662393,-0.055333200755399686,0.15708175003376074,0.16654260505800386,0.1891100703608313,0.7658376097679138,0.5728104114532471,-1.0,0.8860465288162231,0.3084745705127716,-0.0676250010728836,0.06237500160932541,-0.06712500005960464,-0.3491249978542328,0.00014275001012720168,0.00029121001716703176,7.994000043254346e-05,0.0,0.03799999877810478,0.007000000216066837,0.04500000178813934,0.001500000013038516,0.01899999938905239,0.001500000013038516,-0.0002500000118743628,-0.2839808762073517,0.003223765641450882,-0.4346860349178314,-0.9716824889183044,-0.1406019
143,10512,-0.16953584896206347,-0.36982922313749683,-0.05053584896206348,0.1581707768625032,0.16604778433813644,0.1900481451525076,0.7573646306991577,0.5747148394584656,-1.0,0.8860465288162231,0.3084745705127716,-0.07249999791383743,0.06537500023841858,-0.07437500357627869,-0.34549999237060547,0.00010848999954760075,0.0001884299999801442,0.0,6.28100024187006e-05,0.026000000536441803,0.005499999970197678,0.03150000050663948,0.000750000006519258,0.013000000268220901,-0.0002500000118743628,0.0,-0.4190414547920227,0.35379981994628906,0.6829513907432556,-0.7208164930343628,0.0
144,10513,-0.18123208929006016,-0.36161725342781087,-0.06223208929006016,0.16638274657218916,0.177640229943308,0.16924594951628563,0.7685213088989258,0.5765606164932251,-1.0,0.8860465288162231,0.3084745705127716,-0.08037500083446503,0.07187499850988388,-0.06224999949336052,-0.35887500643730164,0.00010848999954760075,0.0001827200030675158,7.994000043254346e-05,0.0,0.025499999523162842,0.007000000216066837,0.032499998807907104,0.0010000000474974513,0.013249999843537807,0.0010000000474974513,-0.0002500000118743628,-0.8029962778091431,-0.5162909030914307,-0.7350133657455444,-0.1827809065580368,-0.045933712
145,10514,-0.1695324380079675,-0.36702159005745555,-0.0505324380079675,0.16097840994254448,0.1687233705171248,0.1850306660568842,0.7413207292556763,0.5904792547225952,-1.0,0.8860465288162231,0.3084745705127716,-0.09487500041723251,0.06887499988079071,-0.0754999965429306,-0.3555000126361847,9.13600015337579e-05,0.0,0.0,6.851999933132902e-05,0.00800000037997961,0.006000000052154064,0.014000000432133675,0.0,0.0,0.0,0.0005000000237487257,0.19332586228847504,0.9492800235748291,-0.9540900588035583,0.9106437563896179,-0.13849081
146,10515,-0.17409803257388762,-0.36801364928824953,-0.05509803257388762,0.1599863507117505,0.1692082315006466,0.18413569598329596,0.7685292363166809,0.5813193321228027,-1.0,0.8860465288162231,0.3084745705127716,-0.09224999696016312,0.08150000125169754,-0.07212500274181366,-0.33812499046325684,0.0001484600070398301,0.0001484600070398301,7.423000351991504e-05,0.0,0.026000000536441803,0.006500000134110451,0.032499998807907104,0.0017500000540167093,0.010250000283122063,0.000750000006519258,-0.0002500000118743628,0.7904382944107056,0.21472059190273285,-0.650202214717865,0.5731838941574097,0.0
147,10516,-0.17170366452907893,-0.3698440827992089,-0.05270366452907893,0.15815591720079114,0.16670623983647762,0.1888008735618663,0.7579115629196167,0.579637885093689,-1.0,0.8860465288162231,0.3084745705127716,-0.08137500286102295,0.08049999922513962,-0.08399999886751175,-0.32762500643730164,0.0009136000298894942,0.000308340007904917,7.423000351991504e-05,0.0,0.10700000077486038,0.006500000134110451,0.11349999904632568,0.009499999694526196,0.020250000059604645,0.0002500000118743628,0.0,0.9682354927062988,0.29853105545043945,0.7489385604858398,0.9293608069419861,0.0
148,10517,-0.1710930364370965,-0.37025312221047824,-0.05209303643709651,0.1577468777895218,0.1661257412250702,0.18990004726862159,0.7634798288345337,0.5765354633331299,-1.0,0.8860465288162231,0.3084745705127716,-0.07000000029802322,0.07649999856948853,-0.07275000214576721,-0.31049999594688416,0.0027807701844722033,0.0007879800396040082,0.00010278000263497233,7.423000351991504e-05,0.3125,0.01549999974668026,0.328000009059906,0.023000000044703484,0.039250001311302185,0.005750000011175871,0.0005000000237487257,0.22353897988796234,0.12106923013925552,0.06339586526155472,-0.5111160278320312,-0.01717316
149,10518,-0.16817257291749743,-0.37003085174060035,-0.04917257291749744,0.15796914825939967,0.16544544033948713,0.19119634332922433,0.7648999094963074,0.5758421421051025,-1.0,0.8860465288162231,0.3084745705127716,-0.07000000029802322,0.07649999856948853,-0.07175000011920929,-0.31937500834465027,0.0031918901950120926,0.0009193100268021226,0.00010848999954760075,-7.994000043254346e-05,0.36000001430511475,0.016499999910593033,0.3765000104904175,0.026000000536441803,0.04374999925494194,0.006000000052154064,-0.000750000006519258,0.9175969362258911,-0.2960345149040222,0.8650456666946411,-0.9208515882492065,-0.1037597
150,10519,-0.16429336552422819,-0.3708809600648177,-0.04529336552422819,0.15711903993518234,0.16351722132749433,0.19491880080358856,0.7716916799545288,0.5762189030647278,-1.0,0.8860465288162231,0.3084745705127716,-0.07000000029802322,0.07637500017881393,-0.05624999850988388,-0.33675000071525574,0.002535240026190877,0.0006109700188972056,0.00011991000064881518,-7.423000351991504e-05,0.27549999952316284,0.017000000923871994,0.29249998927116394,0.0215000007301569,0.032999999821186066,0.007249999791383743,-0.0005000000237487257,-0.8266550898551941,-0.9098460078239441,0.9732285141944885,-0.3832659423351288,-0.03266551
151,10520,-0.161479492321029,-0.3707945268355439,-0.042479492321029017,0.1572054731644561,0.16284369211213828,0.1962360669797736,0.7807130813598633,0.5747780203819275,-1.0,0.8860465288162231,0.3084745705127716,-0.07074999809265137,0.06887499988079071,-0.0364999994635582,-0.343874990940094,0.00034260001848451793,0.00019985000835731626,9.13600015337579e-05,-6.851999933132902e-05,0.04749999940395355,0.014000000432133675,0.061500001698732376,0.0042500002309679985,0.014000000432133675,0.004000000189989805,-0.0005000000237487257,0.03659496083855629,-0.08116698265075684,0.6512736082077026,-0.897118091583252,0.0
152,10521,-0.15923775496190687,-0.372301942819093,-0.040237754961906874,0.155698057180907,0.16081343828885525,0.20026087590189268,0.7872570157051086,0.5749245285987854,-1.0,0.8860465288162231,0.3084745705127716,-0.07074999809265137,0.06800000369548798,-0.02500000037252903,-0.3607499897480011,0.0004510900180321187,0.0001827200030675158,0.00010278000263497233,0.0,0.05550000071525574,0.008999999612569809,0.06449999660253525,0.005499999970197678,0.012749999761581421,0.005249999929219484,-0.0002500000118743628,0.9576228857040405,0.8322598338127136,0.293192595243454,0.7279829978942871,0.0
153,10522,-0.15964636551260283,-0.37244997089615645,-0.04064636551260284,0.15555002910384358,0.16077294108024115,0.20034199239042727,0.7924703359603882,0.5723695755004883,-1.0,0.8860465288162231,0.3084745705127716,-0.0625,0.06724999845027924,-0.022749999538064003,-0.3476249873638153,0.0030091700609773397,0.000982120051048696,0.00016558999777771533,7.994000043254346e-05,0.34950000047683716,0.0215000007301569,0.3709999918937683,0.02474999986588955,0.045249998569488525,0.011500000022351742,0.000750000006519258,0.5472171902656555,-0.5208091735839844,0.19124279916286469,-0.49489450454711914,-0.05010321
154,10523,-0.16379710866754787,-0.3743773040211955,-0.04479710866754788,0.1536226959788045,0.16002097882705346,0.20185416691585345,0.7915200591087341,0.5721186995506287,-1.0,0.8860465288162231,0.3084745705127716,-0.06237500160932541,0.06487499922513962,-0.01837499998509884,-0.35624998807907104,0.0037115002050995827,0.0005253200070001185,0.0001484600070398301,-7.994000043254346e-05,0.3709999918937683,0.019999999552965164,0.39100000262260437,0.029249999672174454,0.030500000342726707,0.009750000201165676,-0.0005000000237487257,-0.1927342563867569,-0.8834713697433472,-0.9643587470054626,-0.6189906597137451,-0.01412811
155,10524,-0.16636874519547193,-0.3768631520702655,-0.047368745195471934,0.15113684792973453,0.15838606259241766,0.20518143839858433,0.7818672060966492,0.5688520073890686,-1.0,0.8860465288162231,0.3084745705127716,-0.054875001311302185,0.054625000804662704,-0.03175000101327896,-0.36787500977516174,0.0011534200748428702,0.00026837000041268766,7.423000351991504e-05,-7.423000351991504e-05,0.12449999898672104,0.013000000268220901,0.13750000298023224,0.011500000022351742,0.017999999225139618,0.0005000000237487257,-0.0002500000118743628,0.2901816964149475,-0.9691436290740967,-0.8598923683166504,0.4045383334159851,0.0
156,10525,-0.16812337501360905,-0.3747251627339746,-0.049123375013609055,0.15327483726602542,0.16095428453959915,0.19997901450867592,0.7758866548538208,0.5646387338638306,-1.0,0.8860465288162231,0.3084745705127716,-0.04612499848008156,0.0416250005364418,-0.04762500151991844,-0.3605000078678131,0.0003768599999602884,0.00011991000064881518,7.423000351991504e-05,6.851999933132902e-05,0.04349999874830246,0.012500000186264515,0.0560000017285347,0.004749999847263098,0.00774999987334013,0.0002500000118743628,0.0,-0.7378605008125305,0.6484922170639038,-0.10823888331651688,-0.7713656425476074,0.0
157,10526,-0.17015387402015458,-0.3710219081519605,-0.05115387402015459,0.1569780918480395,0.16510251405572654,0.19185313134982146,0.7718061208724976,0.5682624578475952,-1.0,0.8860465288162231,0.3084745705127716,-0.05824999883770943,0.0507499985396862,-0.0494999997317791,-0.374875009059906,0.00011991000064881518,0.00019414001144468784,2.2840000383439474e-05,0.0,0.027499999850988388,0.0020000000949949026,0.029500000178813934,0.001500000013038516,0.013749999925494194,0.0,0.0,-0.786757230758667,0.07308711856603622,-0.5688515901565552,-0.43968871235847473,-0.076762654
158,10527,-0.1595333631093357,-0.37502975918021997,-0.040533363109335696,0.15297024081978006,0.15824932259385746,0.20546219540431288,0.767084002494812,0.5745391249656677,-1.0,0.8860465288162231,0.3084745705127716,-0.07262499630451202,0.05587499961256981,-0.05999999865889549,-0.3714999854564667,0.00011420000373618677,0.00010848999954760075,0.0,6.851999933132902e-05,0.019500000402331352,0.006000000052154064,0.025499999523162842,0.000750000006519258,0.006000000052154064,-0.0002500000118743628,0.000750000006519258,-0.08885512501001358,-0.5623409748077393,-0.05872971564531326,-0.8696901798248291,-0.03104757
159,10528,-0.17078554555295358,-0.3712619908394414,-0.05178554555295359,0.15673800916055863,0.1650713368329959,0.19191295515311368,0.7917828559875488,0.5677461624145508,-1.0,0.8860465288162231,0.3084745705127716,-0.07374999672174454,0.048500001430511475,-0.05649999901652336,-0.38725000619888306,0.0,0.0,7.423000351991504e-05,0.0,0.0,0.006500000134110451,0.006500000134110451,-0.0002500000118743628,-0.0002500000118743628,0.0002500000118743628,-0.0002500000118743628,-0.8361865878105164,0.5200337767601013,-0.3661143481731415,0.04152192175388336,-0.14335978
160,10529,-0.1681592305696861,-0.37317933642524054,-0.0491592305696861,0.1548206635747595,0.16243788911437018,0.19703401677935675,0.7656149864196777,0.5741322040557861,-1.0,0.8860465288162231,0.3084745705127716,-0.07062499970197678,0.05537499859929085,-0.06300000101327896,-0.38374999165534973,0.00010848999954760075,9.707000572234392e-05,-1.1420000191719737e-05,6.28100024187006e-05,0.017999999225139618,0.006500000134110451,0.02449999935925007,0.0010000000474974513,0.005499999970197678,-0.0002500000118743628,0.0002500000118743628,0.7787360548973083,0.49844682216644287,-0.8247782588005066,-0.949639618396759,-0.1229734
161,10530,-0.17420452086132376,-0.3730985987085728,-0.05520452086132377,0.1549014012914272,0.16444446857701264,0.1931197751819527,0.7717227339744568,0.5708824992179871,-1.0,0.8860465288162231,0.3084745705127716,-0.05974999815225601,0.05637500062584877,-0.061124999076128006,-0.4012500047683716,0.0007251700153574347,0.00034831001539714634,9.13600015337579e-05,0.0,0.09399999678134918,0.00800000037997961,0.10199999809265137,0.008249999955296516,0.02199999988079071,0.0035000001080334187,-0.0002500000118743628,-0.26472270488739014,0.6632610559463501,-0.8120048642158508,-0.9009059071540833,-0.13210872
162,10531,-0.17400818338727822,-0.37495823608310286,-0.055008183387278226,0.15304176391689717,0.1626274323180555,0.19666090590645935,0.757663905620575,0.5710193514823914,-1.0,0.8860465288162231,0.3084745705127716,-0.06199999898672104,0.05974999815225601,-0.07450000196695328,-0.39774999022483826,0.00021127000218257308,0.0008450800087302923,7.423000351991504e-05,6.851999933132902e-05,0.0925000011920929,0.012500000186264515,0.10499999672174454,0.003000000026077032,0.03999999910593033,0.0,0.0002500000118743628,0.8815603256225586,-0.7135173082351685,0.3196629285812378,-0.5336812138557434,0.0
163,10532,-0.17534146112522073,-0.3754592077994133,-0.05634146112522073,0.15254079220058675,0.1626132021912961,0.1966888929939078,0.7581204771995544,0.5678673982620239,-1.0,0.8860465288162231,0.3084745705127716,-0.051624998450279236,0.054375000298023224,-0.07062499970197678,-0.4073750078678131,0.0016901600174605846,0.0003882800228893757,9.13600015337579e-05,-7.423000351991504e-05,0.18199999630451202,0.014499999582767487,0.1965000033378601,0.015250000171363354,0.024000000208616257,0.004000000189989805,-0.0005000000237487257,-0.19682270288467407,-0.8157479166984558,-0.773739755153656,0.25665047764778137,0.0
164,10533,-0.17319001911861398,-0.3789751979818705,-0.054190019118613986,0.1490248020181295,0.15857159199749002,0.2048011194074771,0.7550198435783386,0.5670182704925537,-1.0,0.8860465288162231,0.3084745705127716,-0.05025000125169754,0.04749999940395355,-0.08312500268220901,-0.40299999713897705,0.000433959998190403,0.00011420000373618677,0.0,6.28100024187006e-05,0.04800000041723251,0.005499999970197678,0.05350000038743019,0.005249999929219484,0.007249999791383743,0.0,0.0002500000118743628,0.3706740736961365,-0.764236330986023,0.7777289152145386,-0.21782688796520233,0.0
165,10534,-0.16760632335592576,-0.37911684365932447,-0.04860632335592577,0.14888315634067556,0.15661663038177925,0.20884429517750547,0.7600232362747192,0.5610589981079102,-1.0,0.8860465288162231,0.3084745705127716,-0.041999999433755875,0.03487500175833702,-0.0689999982714653,-0.40674999356269836,0.00019414001144468784,9.13600015337579e-05,7.423000351991504e-05,-6.851999933132902e-05,0.02500000037252903,0.012500000186264515,0.03750000149011612,0.0024999999441206455,0.004000000189989805,0.000750000006519258,-0.0002500000118743628,0.568813681602478,0.4636223614215851,0.8565798401832581,0.43583452701568604,0.0
166,10535,-0.17149989463376747,-0.3828887265566578,-0.052499894633767474,0.14511127344334224,0.15431630055475387,0.21370408408312494,0.7730085253715515,0.5608189105987549,-1.0,0.8860465288162231,0.3084745705127716,-0.03550000116229057,0.03449999913573265,-0.054499998688697815,-0.39887499809265137,0.0010449300752952695,0.00041683000745251775,8.565000462112948e-05,6.851999933132902e-05,0.12800000607967377,0.013500000350177288,0.14149999618530273,0.01075000036507845,0.02199999988079071,0.0037499999161809683,0.0002500000118743628,0.9843502640724182,-0.6433663964271545,-0.7498465776443481,-0.8850574493408203,0.0
167,10536,-0.168375450741122,-0.3826583822648161,-0.04937545074112201,0.14534161773518395,0.1534995797446016,0.21545659663581798,0.7639537453651428,0.5544258952140808,-1.0,0.8860465288162231,0.3084745705127716,-0.01875000074505806,0.021250000223517418,-0.06674999743700027,-0.4152500033378601,0.0014788900734856725,0.0003939900198020041,7.994000043254346e-05,0.0,0.164000004529953,0.007000000216066837,0.17100000381469727,0.014000000432133675,0.02449999935925007,0.0002500000118743628,0.0,-0.7049663066864014,-0.47780635952949524,0.9831029176712036,-0.9305698871612549,-0.1356684
168,10537,-0.16149166585450936,-0.3792869369358772,-0.042491665854509364,0.14871306306412285,0.15466452984768375,0.21296119808619587,0.7712199091911316,0.5548163056373596,-1.0,0.8860465288162231,0.3084745705127716,-0.025750000029802322,0.020625000819563866,-0.04912500083446503,-0.4116249978542328,0.0001484600070398301,0.00013133000175002962,7.994000043254346e-05,6.28100024187006e-05,0.02449999935925007,0.012500000186264515,0.03700000047683716,0.0017500000540167093,0.00800000037997961,0.0017500000540167093,0.0002500000118743628,-0.7273634672164917,0.9482083916664124,0.9566234350204468,-0.6101789474487305,0.0
169,10538,-0.16699516851984042,-0.3792314527597014,-0.047995168519840425,0.14876854724029864,0.1563189587005903,0.20946689168905167,0.7872287034988403,0.5605306029319763,-1.0,0.8860465288162231,0.3084745705127716,-0.039374999701976776,0.03200000151991844,-0.03162499889731407,-0.42287498712539673,0.0001541700039524585,0.0003197600017301738,8.565000462112948e-05,-1.7129999832832254e-05,0.04149999842047691,0.008999999612569809,0.05050000175833702,0.0017500000540167093,0.020749999210238457,0.0024999999441206455,0.0,0.2189408242702484,0.8117427229881287,-0.9857610464096069,0.6062666177749634,0.0
170,10539,-0.16100353858154215,-0.3771876307754459,-0.042003538581542155,0.1508123692245541,0.15655244477329103,0.20897838618812012,0.7744298577308655,0.5606246590614319,-1.0,0.8860465288162231,0.3084745705127716,-0.038750000298023224,0.03474999964237213,-0.04899999871850014,-0.4116249978542328,0.0007822700426913798,0.0010335100814700127,7.423000351991504e-05,0.0,0.1589999943971634,0.006500000134110451,0.1655000001192093,0.008500000461935997,0.045499999076128006,0.0005000000237487257,0.0,-0.691338062286377,-0.7347830533981323,0.9771314263343811,-0.2104729562997818,-0.04925676
171,10540,-0.15800043194250868,-0.37690264433742837,-0.039000431942508684,0.15109735566257165,0.1560494940072666,0.2100320921722315,0.7883638739585876,0.564088761806488,-1.0,0.8860465288162231,0.3084745705127716,-0.047874998301267624,0.03762499988079071,-0.03099999949336052,-0.40812501311302185,0.00011420000373618677,0.00017701000615488738,7.423000351991504e-05,6.28100024187006e-05,0.025499999523162842,0.012000000104308128,0.03750000149011612,0.0010000000474974513,0.012249999679625034,0.0010000000474974513,0.0005000000237487257,-0.2168707549571991,0.25855761766433716,0.8648112416267395,-0.3850877583026886,0.0
172,10541,-0.1580909118660879,-0.3783737324661533,-0.0390909118660879,0.14962626753384672,0.15464837317809885,0.21299560830301237,0.7953478097915649,0.5645717978477478,-1.0,0.8860465288162231,0.3084745705127716,-0.052000001072883606,0.04050000011920929,-0.015625,-0.41499999165534973,0.00011420000373618677,0.00022840000747237355,7.994000043254346e-05,0.0,0.029999999329447746,0.007000000216066837,0.03700000047683716,0.0012499999720603228,0.01600000075995922,0.0024999999441206455,0.0,0.16392359137535095,-0.8053241968154907,-0.338184654712677,0.12240009009838104,-0.00931199
173,10542,-0.15676639160986636,-0.37446345266328085,-0.03776639160986636,0.15353654733671918,0.15811316106924936,0.2057421464115962,0.7951374053955078,0.5620784163475037,-1.0,0.8860465288162231,0.3084745705127716,-0.048875000327825546,0.032999999821186066,-0.020625000819563866,-0.4113749861717224,0.00011420000373618677,7.994000043254346e-05,0.0,6.851999933132902e-05,0.017000000923871994,0.006000000052154064,0.023000000044703484,0.0010000000474974513,0.0010000000474974513,0.0,0.0002500000118743628,-0.7849894165992737,0.9799640774726868,0.8543766736984253,-0.8469247221946716,0.0
174,10543,-0.15380705471124873,-0.3751793537478468,-0.03480705471124873,0.15282064625215325,0.15673442818537867,0.20859842602750428,0.7982177138328552,0.5687060356140137,-1.0,0.8860465288162231,0.3084745705127716,-0.06350000202655792,0.04699999839067459,-0.005499999970197678,-0.4271250069141388,0.00010848999954760075,0.00014275001012720168,7.994000043254346e-05,0.0,0.02199999988079071,0.007000000216066837,0.028999999165534973,0.0010000000474974513,0.009499999694526196,0.0017500000540167093,0.0,0.726232647895813,0.7213419675827026,0.08823128789663315,-0.16289319097995758,-0.043547183
175,10544,-0.1599197395047001,-0.3731787573778408,-0.0409197395047001,0.15482124262215924,0.16013757288095137,0.20161895410840422,0.8050998449325562,0.5674926042556763,-1.0,0.8860465288162231,0.3084745705127716,-0.054999999701976776,0.048250000923871994,-0.005125000141561031,-0.42362499237060547,0.00107919005677104,0.0006680700462311506,9.13600015337579e-05,6.28100024187006e-05,0.15299999713897705,0.013500000350177288,0.1665000021457672,0.010999999940395355,0.03400000184774399,0.0042500002309679985,0.0005000000237487257,-0.9426690340042114,0.1796819567680359,-0.97166907787323,-0.481083482503891,0.0
176,10545,-0.16165638149985143,-0.3739545651137054,-0.04265638149985143,0.15404543488629463,0.15984230632710636,0.20221514719233918,0.7908843159675598,0.5708834528923035,-1.0,0.8860465288162231,0.3084745705127716,-0.06787499785423279,0.057999998331069946,-0.0215000007301569,-0.4322499930858612,0.00013703999866265804,0.00033117999555543065,7.423000351991504e-05,0.0,0.04100000113248825,0.006500000134110451,0.04749999940395355,0.001500000013038516,0.020999999716877937,0.000750000006519258,-0.0002500000118743628,0.7282155752182007,0.41791832447052,-0.5914148092269897,-0.25020405650138855,-0.05402449
177,10546,-0.1581138868565852,-0.3725848438735475,-0.039113886856585206,0.1554151561264525,0.1602615577699136,0.20136913197487624,0.7868456244468689,0.5695685148239136,-1.0,0.8860465288162231,0.3084745705127716,-0.06012500077486038,0.057624999433755875,-0.032499998807907104,-0.42887499928474426,0.0013704000739380717,0.0007480100030079484,7.994000043254346e-05,6.851999933132902e-05,0.18549999594688416,0.013000000268220901,0.19850000739097595,0.013249999843537807,0.03725000098347664,0.000750000006519258,0.0005000000237487257,-0.8195937275886536,-0.7254773378372192,0.7685784101486206,-0.37796828150749207,0.0
178,10547,-0.16159585242017682,-0.3734871997825974,-0.04259585242017683,0.1545128002174026,0.16027667351933797,0.20133869582185318,0.7950839996337891,0.571890115737915,-1.0,0.8860465288162231,0.3084745705127716,-0.06925000250339508,0.057750001549720764,-0.01875000074505806,-0.43562498688697815,0.00011991000064881518,0.0001541700039524585,7.994000043254346e-05,0.0,0.024000000208616257,0.007000000216066837,0.03099999949336052,0.0010000000474974513,0.009999999776482582,0.0020000000949949026,0.0,0.8723667860031128,0.9108514189720154,-0.739436149597168,-0.5869367718696594,-0.09443242
179,10548,-0.16405899391604808,-0.3717590800626837,-0.04505899391604809,0.1562409199373163,0.16260854219746682,0.1966980588977478,0.7869864106178284,0.5703606605529785,-1.0,0.8860465288162231,0.3084745705127716,-0.05974999815225601,0.058375000953674316,-0.03200000151991844,-0.4321250021457672,0.0015474100364372134,0.0009307300206273794,7.994000043254346e-05,7.423000351991504e-05,0.21699999272823334,0.013500000350177288,0.2304999977350235,0.014499999582767487,0.042750000953674316,0.0010000000474974513,0.0005000000237487257,-0.8986356258392334,-0.5826480984687805,-0.8047797679901123,-0.93513023853302,0.0
180,10549,-0.16176846233468462,-0.37564571596434326,-0.04276846233468462,0.15235428403565676,0.15824338606871036,0.20547439308126636,0.7812581658363342,0.573289692401886,-1.0,0.8860465288162231,0.3084745705127716,-0.06975000351667404,0.061500001698732376,-0.04650000110268593,-0.4494999945163727,0.00011991000064881518,0.0002169799990952015,1.7129999832832254e-05,0.0,0.029500000178813934,0.001500000013038516,0.03099999949336052,0.0010000000474974513,0.014750000089406967,0.0,0.0002500000118743628,0.9812893867492676,-0.777779757976532,0.8000895380973816,0.5392748117446899,0.0
181,10550,-0.16123786572930388,-0.37597006206618927,-0.04223786572930388,0.15202993793381075,0.15778827373897295,0.2064116635776435,0.7865849733352661,0.5667021870613098,-1.0,0.8860465288162231,0.3084745705127716,-0.054375000298023224,0.047874998301267624,-0.03312499821186066,-0.43937501311302185,0.0005938400281593204,0.0001884299999801442,9.13600015337579e-05,6.28100024187006e-05,0.06849999725818634,0.013500000350177288,0.0820000022649765,0.007000000216066837,0.013000000268220901,0.0032500000670552254,0.0,-0.17287342250347137,-0.4375981092453003,0.10074424743652344,-0.3826533854007721,0.0
182,10551,-0.15627012705370744,-0.37376011129813913,-0.03727012705370744,0.1542398887018609,0.1586789388588225,0.20458138979134272,0.7878189086914062,0.5661524534225464,-1.0,0.8860465288162231,0.3084745705127716,-0.054749999195337296,0.04462499916553497,-0.030375000089406967,-0.4465000033378601,0.0001256200048374012,8.565000462112948e-05,7.423000351991504e-05,0.0,0.01850000023841858,0.006500000134110451,0.02500000037252903,0.001500000013038516,0.0032500000670552254,0.001500000013038516,0.0,-0.5992175936698914,0.7415744066238403,0.9509192109107971,0.16884669661521912,-0.0037383968
183,10552,-0.15578543685231372,-0.37329707523201794,-0.036785436852313724,0.1547029247679821,0.15901623595150116,0.20389250515845034,0.7993717789649963,0.5698981285095215,-1.0,0.8860465288162231,0.3084745705127716,-0.06587500125169754,0.05312500149011612,-0.012875000014901161,-0.4426249861717224,0.00013133000175002962,0.00022840000747237355,7.994000043254346e-05,4.568000076687895e-05,0.03150000050663948,0.010999999940395355,0.042500000447034836,0.001500000013038516,0.014000000432133675,0.0020000000949949026,-0.0002500000118743628,-0.017372559756040573,-0.43363961577415466,-0.10897219181060791,0.15551389753818512,0.0
184,10553,-0.15485493103408104,-0.37190583883520445,-0.03585493103408105,0.15609416116479558,0.1601591809082448,0.2015753929362962,0.8004989624023438,0.570682942867279,-1.0,0.8860465288162231,0.3084745705127716,-0.06575000286102295,0.051375001668930054,-0.013875000178813934,-0.4398750066757202,0.00010278000263497233,7.994000043254346e-05,0.0,6.28100024187006e-05,0.01600000075995922,0.005499999970197678,0.0215000007301569,0.000750000006519258,0.0012499999720603228,0.0,0.0,-0.588021993637085,0.06910017132759094,0.007631197571754456,-0.8319118618965149,-0.023084259
185,10554,-0.15803910602358284,-0.375262195052572,-0.03903910602358285,0.152737804947428,0.15764799034329333,0.2067014280666013,0.8026629686355591,0.5730409622192383,-1.0,0.8860465288162231,0.3084745705127716,-0.07649999856948853,0.051874998956918716,-0.010374999605119228,-0.45524999499320984,9.707000572234392e-05,8.565000462112948e-05,6.851999933132902e-05,0.0,0.01600000075995922,0.006000000052154064,0.02199999988079071,0.0002500000118743628,0.002749999985098839,0.0005000000237487257,-0.0002500000118743628,0.6812701225280762,-0.922760546207428,-0.612748920917511,-0.3045533299446106,-0.060546402
186,10555,-0.15706260299807273,-0.37130789076583465,-0.038062602998072737,0.15669210923416538,0.1612488103622489,0.1993908911837397,0.7952578663825989,0.5673522353172302,-1.0,0.8860465288162231,0.3084745705127716,-0.0637499988079071,0.035875000059604645,-0.0215000007301569,-0.4518750011920929,9.13600015337579e-05,7.423000351991504e-05,0.0,6.28100024187006e-05,0.014499999582767487,0.005499999970197678,0.019999999552965164,0.0002500000118743628,0.0002500000118743628,0.0,0.0005000000237487257,-0.6761869192123413,0.9440672993659973,-0.9374273419380188,-0.8208146095275879,-0.13649128
187,10556,-0.15215985264044765,-0.3718044009582433,-0.03315985264044766,0.15619559904175673,0.15967667640312858,0.20255035351125933,0.7975288033485413,0.5740544199943542,-1.0,0.8860465288162231,0.3084745705127716,-0.07637500017881393,0.05225000157952309,-0.017999999225139618,-0.46687498688697815,9.707000572234392e-05,9.13600015337579e-05,6.851999933132902e-05,0.0,0.016499999910593033,0.006000000052154064,0.02250000089406967,0.0002500000118743628,0.002749999985098839,0.0005000000237487257,-0.0002500000118743628,-0.20524285733699799,0.01610017754137516,0.8970273733139038,-0.3939356207847595,-0.07127228
188,10557,-0.15671392470013465,-0.37222806062118163,-0.037713924700134654,0.1557719393788184,0.16027238444013273,0.20134733158318377,0.8089305758476257,0.5732128620147705,-1.0,0.8860465288162231,0.3084745705127716,-0.07987499982118607,0.05237499997019768,-0.0012499999720603228,-0.4632500112056732,5.139000131748617e-05,8.565000462112948e-05,7.423000351991504e-05,6.851999933132902e-05,0.012000000104308128,0.012500000186264515,0.02449999935925007,-0.0002500000118743628,0.003000000026077032,0.0005000000237487257,0.0,0.4802241027355194,0.5066336393356323,-0.8030170202255249,-0.991510808467865,0.0
189,10558,-0.15976109948351175,-0.37309865640500656,-0.040761099483511753,0.15490134359499347,0.16017457188529946,0.2015443709011799,0.7983397245407104,0.5724948048591614,-1.0,0.8860465288162231,0.3084745705127716,-0.07225000113248825,0.05649999901652336,-0.016124999150633812,-0.4817500114440918,0.00019985000835731626,0.00019985000835731626,6.851999933132902e-05,0.0,0.03500000014901161,0.006000000052154064,0.04100000113248825,0.0024999999441206455,0.013500000350177288,0.0002500000118743628,0.0,0.3486809730529785,0.1338152140378952,-0.29977455735206604,0.9063178896903992,0.0
190,10559,-0.1623739111483605,-0.37419599017271743,-0.043373911148360506,0.1538040098272826,0.1598029086320293,0.2022948309951898,0.7912532687187195,0.5710192322731018,-1.0,0.8860465288162231,0.3084745705127716,-0.0676250010728836,0.05637500062584877,-0.02174999937415123,-0.4647499918937683,0.0005139000131748617,0.00029121001716703176,7.423000351991504e-05,0.0,0.07050000131130219,0.006500000134110451,0.07699999958276749,0.0062500000931322575,0.01875000074505806,0.0005000000237487257,-0.0002500000118743628,0.8648048639297485,0.9867966175079346,-0.7578031420707703,0.1073978915810585,-0.011112254
191,10560,-0.1660890572692594,-0.3741544753740342,-0.04708905726925941,0.15384552462596585,0.16089072304501045,0.20010616456411837,0.7851769328117371,0.5691593289375305,-1.0,0.8860465288162231,0.3084745705127716,-0.05649999901652336,0.0572500005364418,-0.036375001072883606,-0.46137499809265137,0.0018386200536042452,0.0013646900188177824,7.423000351991504e-05,6.851999933132902e-05,0.28049999475479126,0.012500000186264515,0.2930000126361847,0.016249999403953552,0.05400000140070915,0.001500000013038516,0.0005000000237487257,0.009114579297602177,-0.9609780311584473,-0.762114942073822,-0.6933470964431763,0.0
192,10561,-0.16913665991519153,-0.3748001640959738,-0.050136659915191534,0.15319983590402625,0.16119514381169223,0.1994979261155712,0.7765370607376099,0.5692297220230103,-1.0,0.8860465288162231,0.3084745705127716,-0.055125001817941666,0.0560000017285347,-0.05025000125169754,-0.4740000069141388,0.0016216400545090437,0.0003197600017301738,7.423000351991504e-05,-2.8550000934046693e-05,0.17000000178813934,0.008999999612569809,0.17900000512599945,0.013749999925494194,0.020500000566244125,0.000750000006519258,-0.0002500000118743628,-0.32748204469680786,0.26763325929641724,-0.7206308245658875,-0.9149566292762756,-0.1337948
193,10562,-0.16711965240505974,-0.37410862190934335,-0.04811965240505975,0.15389137809065667,0.1612391304808644,0.19941019291967524,0.7694496512413025,0.5681353211402893,-1.0,0.8860465288162231,0.3084745705127716,-0.0560000017285347,0.0560000017285347,-0.06350000202655792,-0.47062501311302185,0.00023982000129763037,0.0005767100374214351,7.423000351991504e-05,6.28100024187006e-05,0.07150000333786011,0.012000000104308128,0.08349999785423279,0.0032500000670552254,0.030500000342726707,0.0002500000118743628,0.0005000000237487257,-0.02754012495279312,0.8080300092697144,0.5907388925552368,0.9569563865661621,0.0
194,10563,-0.1716758141007409,-0.3721431888692679,-0.0526758141007409,0.15585681113073213,0.16451774058446256,0.1929783242741825,0.7741403579711914,0.5693074464797974,-1.0,0.8860465288162231,0.3084745705127716,-0.05624999850988388,0.0572500005364418,-0.054875001311302185,-0.45249998569488525,0.00019985000835731626,0.0015245700487866998,9.707000572234392e-05,-5.7100000958598685e-06,0.1509999930858612,0.008999999612569809,0.1599999964237213,0.002749999985098839,0.05824999883770943,0.004999999888241291,0.0,-0.500352144241333,-0.2942156493663788,-0.9508397579193115,-0.7431964874267578,-0.11318358
195,10564,-0.16986562918828796,-0.3698361180878061,-0.050865629188287964,0.15816388191219394,0.16614188446702668,0.18986939371882045,0.7635446190834045,0.5726386904716492,-1.0,0.8860465288162231,0.3084745705127716,-0.06562499701976776,0.06400000303983688,-0.0702499970793724,-0.4488750100135803,0.00019985000835731626,0.0006452300003729761,6.851999933132902e-05,6.28100024187006e-05,0.07400000095367432,0.011500000022351742,0.08550000190734863,0.002749999985098839,0.03375000134110451,0.0002500000118743628,0.0002500000118743628,-0.6587884426116943,-0.4305051267147064,0.06648588925600052,0.2940860390663147,0.0
196,10565,-0.17213122887836466,-0.36590482245747247,-0.05313122887836466,0.16209517754252756,0.17058069663554754,0.18162576114405987,0.7677543759346008,0.5765489339828491,-1.0,0.8860465288162231,0.3084745705127716,-0.0767500028014183,0.06800000369548798,-0.06925000250339508,-0.44325000047683716,0.00010278000263497233,0.0001484600070398301,7.994000043254346e-05,5.7100001868093386e-05,0.02199999988079071,0.012000000104308128,0.03400000184774399,0.0005000000237487257,0.009750000201165676,0.0005000000237487257,0.0,-0.9906939268112183,0.7400304079055786,-0.5288445353507996,-0.3820411264896393,-0.06984494
197,10566,-0.17296135265807652,-0.3669338782888629,-0.05396135265807653,0.1610661217111371,0.16986501447842675,0.1829302868700746,0.7624855041503906,0.58321213722229,-1.0,0.8860465288162231,0.3084745705127716,-0.09537500143051147,0.08399999886751175,-0.07887499779462814,-0.43937501311302185,0.00011420000373618677,9.707000572234392e-05,0.0,1.7129999832832254e-05,0.01850000023841858,0.001500000013038516,0.019999999552965164,0.000750000006519258,0.005499999970197678,0.0,-0.0002500000118743628,0.7059638500213623,0.5126228928565979,0.41023945808410645,-0.02368457242846489,-0.026842153
198,10567,-0.17327539283318924,-0.36812356692485554,-0.054275392833189245,0.1598764330751445,0.1688380647840651,0.18481856814615832,0.7605549693107605,0.5814679861068726,-1.0,0.8860465288162231,0.3084745705127716,-0.08637499809265137,0.08412499725818634,-0.0728750005364418,-0.4358749985694885,0.0008565000025555491,0.0003939900198020041,9.13600015337579e-05,6.851999933132902e-05,0.10949999839067459,0.014000000432133675,0.12349999696016312,0.008999999612569809,0.024250000715255737,0.0032500000670552254,0.0002500000118743628,0.7945162653923035,0.6895806789398193,-0.43789297342300415,-0.7705601453781128,0.0
199,10568,-0.17377578069962363,-0.3680080298459874,-0.05477578069962363,0.15999197015401262,0.1691088899644715,0.18431871010179984,0.7598246932029724,0.5794515609741211,-1.0,0.8860465288162231,0.3084745705127716,-0.07712499797344208,0.0833749994635582,-0.07975000143051147,-0.44987499713897705,0.0024210400879383087,0.0015017300611361861,7.423000351991504e-05,-7.423000351991504e-05,0.3434999883174896,0.013000000268220901,0.3564999997615814,0.020250000059604645,0.051500000059604645,0.000750000006519258,-0.0005000000237487257,0.8503310084342957,0.7076197266578674,0.23309656977653503,-0.19510698318481445,-0.103354484
200,10569,-0.17023524141739307,-0.36831609850604324,-0.05123524141739308,0.15968390149395678,0.16770211197069118,0.1869299895414509,0.7586609721183777,0.579647421836853,-1.0,0.8860465288162231,0.3084745705127716,-0.07487499713897705,0.08312500268220901,-0.07874999940395355,-0.453249990940094,0.0035801699850708246,0.0020955700892955065,0.00010848999954760075,-7.994000043254346e-05,0.4970000088214874,0.016499999910593033,0.5134999752044678,0.02850000001490116,0.06525000184774399,0.007249999791383743,-0.0010000000474974513,0.7518904805183411,-0.4757308065891266,0.8574187755584717,-0.5733177661895752,-0.087668926
201,10570,-0.16609794296441568,-0.3690331038750696,-0.04709794296441569,0.15896689612493042,0.16579713596764503,0.19052509521556046,0.7668947577476501,0.5791252851486206,-1.0,0.8860465288162231,0.3084745705127716,-0.07487499713897705,0.08287499845027924,-0.06300000101327896,-0.4638749957084656,0.0037057900335639715,0.0010734800016507506,0.00011991000064881518,-7.994000043254346e-05,0.41850000619888306,0.017500000074505806,0.4359999895095825,0.029249999672174454,0.04800000041723251,0.00774999987334013,-0.0010000000474974513,0.518913984298706,-0.29279622435569763,0.8663188219070435,-0.5995785593986511,-0.07126968
202,10571,-0.16574007644925492,-0.3689250528348403,-0.04674007644925493,0.15907494716515974,0.1657994980754784,0.19052059486051365,0.7765164375305176,0.5779100060462952,-1.0,0.8860465288162231,0.3084745705127716,-0.07487499713897705,0.08124999701976776,-0.04737500101327896,-0.4752500057220459,0.003277539974078536,0.0008222400210797787,0.00013703999866265804,-7.994000043254346e-05,0.35899999737739563,0.01899999938905239,0.3779999911785126,0.026499999687075615,0.04050000011920929,0.008750000037252903,-0.0005000000237487257,-0.8718719482421875,0.4736229479312897,0.3214362561702728,-0.6517632007598877,-0.0751872
203,10572,-0.16647068601790616,-0.36885342962257406,-0.04747068601790616,0.15914657037742597,0.16607557584999555,0.18999533523838621,0.7773486375808716,0.5780931115150452,-1.0,0.8860465288162231,0.3084745705127716,-0.07487499713897705,0.08112499862909317,-0.042125001549720764,-0.4873749911785126,0.0025866301730275154,0.0014731800183653831,0.0001541700039524585,-7.423000351991504e-05,0.3555000126361847,0.019999999552965164,0.37549999356269836,0.02199999988079071,0.05849999934434891,0.010250000283122063,-0.0005000000237487257,-0.6982603669166565,-0.37936344742774963,-0.5461727380752563,0.1464810073375702,-0.019826038
204,10573,-0.16120680949426813,-0.3681183947064104,-0.04220680949426814,0.15988160529358963,0.16535882945564362,0.19136201190521096,0.7756495475769043,0.5782145261764526,-1.0,0.8860465288162231,0.3084745705127716,-0.07612500339746475,0.08124999701976776,-0.04749999940395355,-0.48512500524520874,0.00047964000259526074,0.0009764100541360676,7.423000351991504e-05,6.28100024187006e-05,0.1274999976158142,0.012000000104308128,0.13950000703334808,0.005750000011175871,0.0442500002682209,0.000750000006519258,0.0002500000118743628,-0.2984052896499634,0.382278710603714,0.9473874568939209,0.2906763255596161,0.0
205,10574,-0.1607834753405045,-0.3679922139697331,-0.0417834753405045,0.16000778603026694,0.16537336666415858,0.1913341952324547,0.787891149520874,0.5794603228569031,-1.0,0.8860465288162231,0.3084745705127716,-0.0807500034570694,0.08162499964237213,-0.032749999314546585,-0.47975000739097595,0.0003140500048175454,0.0014617600245401263,0.00011420000373618677,6.28100024187006e-05,0.15549999475479126,0.01549999974668026,0.17100000381469727,0.004000000189989805,0.057750001549720764,0.006750000175088644,0.0002500000118743628,-0.17684678733348846,-0.8012202978134155,-0.10741641372442245,0.598026692867279,0.0
206,10575,-0.1649756842587521,-0.3697123048598154,-0.04597568425875209,0.15828769514018465,0.16482948151302454,0.19237766858542055,0.7888756394386292,0.5796741843223572,-1.0,0.8860465288162231,0.3084745705127716,-0.08349999785423279,0.08187499642372131,-0.032625000923871994,-0.46837499737739563,0.00023411000438500196,0.0004568000149447471,8.565000462112948e-05,5.7100000958598685e-06,0.060499999672174454,0.00800000037997961,0.06849999725818634,0.003000000026077032,0.027249999344348907,0.0024999999441206455,-0.0002500000118743628,0.7894420027732849,-0.45526182651519775,-0.8152848482131958,0.0412973016500473,-0.019044327
207,10576,-0.16638639595536817,-0.37015887782331724,-0.04738639595536817,0.15784112217668278,0.16480075962092358,0.19243293102764764,0.7791262865066528,0.5767588019371033,-1.0,0.8860465288162231,0.3084745705127716,-0.0742499977350235,0.07575000077486038,-0.04699999839067459,-0.4648750126361847,0.0015188599936664104,0.00034831001539714634,7.994000043254346e-05,7.423000351991504e-05,0.16349999606609344,0.013500000350177288,0.1770000010728836,0.014000000432133675,0.02250000089406967,0.000750000006519258,0.0002500000118743628,0.3116239607334137,0.9443473815917969,-0.4761539697647095,0.44972696900367737,0.0
208,10577,-0.1650963961333991,-0.3700049148426205,-0.04609639613339911,0.15799508515737953,0.16458227325679659,0.19285383037844228,0.7758455872535706,0.5760018825531006,-1.0,0.8860465288162231,0.3084745705127716,-0.07100000232458115,0.0754999965429306,-0.05587499961256981,-0.45649999380111694,0.002169799990952015,0.0014788900734856725,6.851999933132902e-05,7.423000351991504e-05,0.31949999928474426,0.012500000186264515,0.3319999873638153,0.01899999938905239,0.05824999883770943,0.000750000006519258,0.0002500000118743628,-0.44918617606163025,0.7781417369842529,0.7699030041694641,-0.9255375266075134,0.0
209,10578,-0.1640442083343518,-0.3667281803231631,-0.0450442083343518,0.1612718196768369,0.16744426095374748,0.18741261237699927,0.7788456082344055,0.5762628316879272,-1.0,0.8860465288162231,0.3084745705127716,-0.07237499952316284,0.07575000077486038,-0.04500000178813934,-0.4736250042915344,0.00041112001053988934,0.002729380037635565,0.00010848999954760075,0.0,0.2750000059604645,0.009499999694526196,0.28450000286102295,0.004999999888241291,0.08675000071525574,0.00774999987334013,0.0,-0.8201860189437866,-0.688818097114563,-0.23602843284606934,-0.29986000061035156,-0.08264138
210,10579,-0.16290377908889123,-0.3642067131959565,-0.04390377908889123,0.16379328680404354,0.16957530073792534,0.1834610294925998,0.7812925577163696,0.5818166732788086,-1.0,0.8860465288162231,0.3084745705127716,-0.08687499910593033,0.08637499809265137,-0.045625001192092896,-0.4701249897480011,0.00025695000658743083,0.0010620600078254938,7.423000351991504e-05,6.28100024187006e-05,0.11550000309944153,0.012000000104308128,0.1274999976158142,0.0032500000670552254,0.04675000160932541,0.0002500000118743628,0.0005000000237487257,-0.9588887095451355,-0.8094252347946167,-0.01567518524825573,-0.9835586547851562,0.0
211,10580,-0.17394316469149115,-0.35693705907484236,-0.05494316469149116,0.17106294092515767,0.1796699226478386,0.16584540388099403,0.7839447259902954,0.5860903263092041,-1.0,0.8860465288162231,0.3084745705127716,-0.10350000113248825,0.09137500077486038,-0.045625001192092896,-0.4881249964237213,0.00010848999954760075,0.00011420000373618677,-7.423000351991504e-05,0.0,0.019500000402331352,0.006500000134110451,0.026000000536441803,0.000750000006519258,0.006500000134110451,-0.0002500000118743628,-0.0002500000118743628,-0.8938972353935242,-0.1540539562702179,-0.6515341401100159,-0.4661506712436676,-0.079938084
212,10581,-0.1660475079932368,-0.36260603995516283,-0.047047507993236815,0.1653939600448372,0.17195531404317485,0.17914618321397596,0.7582716941833496,0.5984117388725281,-1.0,0.8860465288162231,0.3084745705127716,-0.11999999731779099,0.09187500178813934,-0.057874999940395355,-0.4846250116825104,9.13600015337579e-05,0.0,0.0,6.28100024187006e-05,0.00800000037997961,0.005499999970197678,0.013500000350177288,0.0002500000118743628,-0.0002500000118743628,0.0,0.0002500000118743628,0.5762659907341003,0.5288907885551453,-0.8919937014579773,0.662679135799408,-0.13103925
213,10582,-0.16951477127853976,-0.358072204891401,-0.05051477127853976,0.169927795108599,0.17727717751530567,0.16986151778694117,0.7766336798667908,0.5888033509254456,-1.0,0.8860465288162231,0.3084745705127716,-0.10987500101327896,0.09687499701976776,-0.054749999195337296,-0.47212499380111694,0.00014275001012720168,0.0001484600070398301,7.423000351991504e-05,0.0,0.025499999523162842,0.006500000134110451,0.03200000151991844,0.001500000013038516,0.009499999694526196,0.0012499999720603228,0.0,-0.7457230687141418,0.013519000262022018,-0.7639930844306946,0.9462862014770508,0.0
214,10583,-0.1652714766718462,-0.36200098162531247,-0.046271476671846196,0.16599901837468756,0.17232737349229535,0.17848089131972772,0.7685703039169312,0.5964877605438232,-1.0,0.8860465288162231,0.3084745705127716,-0.12312500178813934,0.10012499988079071,-0.06825000047683716,-0.4543749988079071,9.707000572234392e-05,8.565000462112948e-05,0.0,0.0,0.01600000075995922,0.0,0.01600000075995922,0.0002500000118743628,0.0035000001080334187,-0.0002500000118743628,-0.0002500000118743628,0.7525299191474915,0.4932391941547394,0.7600808143615723,-0.7389389276504517,-0.11267268
215,10584,-0.16697499837072607,-0.3630377899211763,-0.04797499837072608,0.16496221007882372,0.1717967730277875,0.1794304286551372,0.7784384489059448,0.5898288488388062,-1.0,0.8860465288162231,0.3084745705127716,-0.11100000143051147,0.10199999809265137,-0.05537499859929085,-0.45087501406669617,0.0003140500048175454,0.00026266000350005925,7.994000043254346e-05,6.28100024187006e-05,0.05050000175833702,0.012500000186264515,0.06300000101327896,0.004000000189989805,0.017999999225139618,0.0024999999441206455,0.0002500000118743628,0.07544460892677307,-0.9245451092720032,-0.7283006906509399,-0.5433133244514465,0.0
216,10585,-0.16503276850882428,-0.3665158347271049,-0.04603276850882429,0.1614841652728951,0.167917096837906,0.18652855002337404,0.7744767665863037,0.5880715250968933,-1.0,0.8860465288162231,0.3084745705127716,-0.1080000028014183,0.09337499737739563,-0.0676250010728836,-0.460750013589859,0.00010848999954760075,7.423000351991504e-05,-5.7100000958598685e-06,0.0,0.01600000075995922,0.0005000000237487257,0.016499999910593033,0.000750000006519258,0.000750000006519258,-0.0002500000118743628,-0.0002500000118743628,0.6797894239425659,-0.443940669298172,0.6595079302787781,-0.43582281470298767,-0.07629874
217,10586,-0.1701574765005064,-0.36893396728216044,-0.051157476500506394,0.1590660327178396,0.1670900660317443,0.18807759530590878,0.778993546962738,0.5821765661239624,-1.0,0.8860465288162231,0.3084745705127716,-0.09612499922513962,0.08375000208616257,-0.0560000017285347,-0.4571250081062317,0.0001827200030675158,8.565000462112948e-05,7.994000043254346e-05,6.28100024187006e-05,0.023499999195337296,0.012500000186264515,0.035999998450279236,0.0022499999031424522,0.0035000001080334187,0.0010000000474974513,0.0,0.8554337620735168,-0.5386294722557068,-0.3547728359699249,-0.9229352474212646,0.0
218,10587,-0.16733444042785578,-0.36911816043947376,-0.048334440427855785,0.15888183956052626,0.16607124095884496,0.1900035715078754,0.7670756578445435,0.578078031539917,-1.0,0.8860465288162231,0.3084745705127716,-0.08087500184774399,0.07212500274181366,-0.06199999898672104,-0.47437500953674316,0.0002969200140796602,0.00010848999954760075,0.0,0.0,0.03550000116229057,0.0,0.03550000116229057,0.0037499999161809683,0.006750000175088644,-0.0002500000118743628,0.0,-0.0987662598490715,0.9731992483139038,-0.9216691255569458,0.5149540901184082,-0.13460031
219,10588,-0.16555698360445814,-0.3690459984779105,-0.046556983604458146,0.15895400152208955,0.16563190309306425,0.1908401655353726,0.7736408114433289,0.5777658224105835,-1.0,0.8860465288162231,0.3084745705127716,-0.08187499642372131,0.07662499696016312,-0.0598750002682209,-0.4647499918937683,0.0001827200030675158,0.0006452300003729761,9.13600015337579e-05,6.28100024187006e-05,0.07249999791383743,0.013500000350177288,0.0860000029206276,0.0022499999031424522,0.03400000184774399,0.003000000026077032,0.0,-0.06459811329841614,0.25495147705078125,0.4654935300350189,0.4965132772922516,0.0
220,10589,-0.16821256367874482,-0.36907119140500816,-0.049212563678744825,0.15892880859499187,0.16637380390331308,0.18942955991840574,0.777774453163147,0.5778881311416626,-1.0,0.8860465288162231,0.3084745705127716,-0.08262500166893005,0.0767500028014183,-0.051375001668930054,-0.45537498593330383,0.0001598800008650869,0.0009478600113652647,8.565000462112948e-05,0.0,0.09700000286102295,0.007499999832361937,0.10450000315904617,0.001500000013038516,0.04324999824166298,0.0032500000670552254,-0.0002500000118743628,0.5282524228096008,-0.0681263729929924,-0.5280712842941284,-0.9436436295509338,-0.13723724
221,10590,-0.16780468145920885,-0.36909248305896647,-0.048804681459208854,0.15890751694103356,0.16623325742070902,0.18969598368264187,0.7715986967086792,0.5778454542160034,-1.0,0.8860465288162231,0.3084745705127716,-0.07800000160932541,0.07649999856948853,-0.05962499976158142,-0.4517500102519989,0.0012504900805652142,0.000867919996380806,7.423000351991504e-05,2.8550000934046693e-05,0.18549999594688416,0.008999999612569809,0.19449999928474426,0.012000000104308128,0.04125000163912773,0.0,0.0,-0.27905458211898804,-0.7482689619064331,0.6430256366729736,0.7094704508781433,0.0
222,10591,-0.1604511984145551,-0.36946293211521686,-0.04145119841455511,0.15853706788478317,0.1638664204268439,0.19423933314464448,0.7725472450256348,0.5778093338012695,-1.0,0.8860465288162231,0.3084745705127716,-0.07862500101327896,0.07612500339746475,-0.04975000023841858,-0.43837499618530273,0.00022269001055974513,0.00019985000835731626,8.565000462112948e-05,0.0,0.03700000047683716,0.007499999832361937,0.04450000077486038,0.003000000026077032,0.014000000432133675,0.0042500002309679985,-0.0002500000118743628,0.5038594007492065,0.7404096126556396,0.9096212983131409,-0.989967942237854,-0.14279616
223,10592,-0.15910808968506446,-0.36978727987826476,-0.04010808968506446,0.15821272012173526,0.16321741226506353,0.19550406192733585,0.7896483540534973,0.5771814584732056,-1.0,0.8860465288162231,0.3084745705127716,-0.07575000077486038,0.07587499916553497,-0.03462500125169754,-0.4350000023841858,0.0018043600721284747,0.0008907600422389805,0.0001256200048374012,6.851999933132902e-05,0.23600000143051147,0.017000000923871994,0.2529999911785126,0.01600000075995922,0.042249999940395355,0.00800000037997961,0.0005000000237487257,0.4699728786945343,0.7473112940788269,0.7259617447853088,-0.5834762454032898,-0.026156811
224,10593,-0.1541134606221744,-0.369713530463515,-0.03511346062217441,0.158286469536485,0.16213439349869474,0.1976329147364905,0.7927718758583069,0.5766317248344421,-1.0,0.8860465288162231,0.3084745705127716,-0.0742499977350235,0.07562500238418579,-0.022624999284744263,-0.445374995470047,0.0026551501359790564,0.0019585301633924246,0.0001541700039524585,-7.994000043254346e-05,0.40400001406669617,0.020500000566244125,0.4244999885559082,0.02225000038743019,0.07074999809265137,0.010999999940395355,-0.0005000000237487257,-0.5949405431747437,-0.32324936985969543,0.8419507741928101,-0.01358783058822155,-0.009494054
225,10594,-0.15113123039492007,-0.3700340748977568,-0.03213123039492008,0.15796592510224322,0.161200649688824,0.1994869423072591,0.8043872714042664,0.5767567157745361,-1.0,0.8860465288162231,0.3084745705127716,-0.07524999976158142,0.0754999965429306,-0.007000000216066837,-0.445374995470047,0.0004510900180321187,0.0015017300611361861,0.00016558999777771533,-6.851999933132902e-05,0.17100000381469727,0.020500000566244125,0.1914999932050705,0.005499999970197678,0.05900000035762787,0.011250000447034836,-0.0010000000474974513,0.08715303242206573,-0.6039596796035767,0.6962348222732544,-0.7349188923835754,0.0
226,10595,-0.1482508544933599,-0.36985155469580056,-0.0292508544933599,0.15814844530419947,0.16083079071100498,0.20022612880412421,0.8113227486610413,0.5762134194374084,-1.0,0.8860465288162231,0.3084745705127716,-0.07524999976158142,0.07524999976158142,0.005125000141561031,-0.4595000147819519,0.0008165300241671503,0.0007308800122700632,0.0001884299999801442,0.0,0.1354999989271164,0.016499999910593033,0.15199999511241913,0.008750000037252903,0.03700000047683716,0.013000000268220901,-0.0002500000118743628,-0.25968271493911743,-0.631420373916626,0.3906044065952301,-0.977372944355011,-0.14128476
227,10596,-0.14726471744527397,-0.37099912868917995,-0.02826471744527398,0.15700087131082008,0.15952481889855843,0.20285817508952833,0.818021297454834,0.5765227675437927,-1.0,0.8860465288162231,0.3084745705127716,-0.07762499898672104,0.07187499850988388,0.014750000089406967,-0.4558750092983246,0.0003197600017301738,0.000308340007904917,0.00013703999866265804,6.851999933132902e-05,0.054999999701976776,0.017999999225139618,0.0729999989271164,0.004000000189989805,0.020250000059604645,0.008249999955296516,0.0,-0.08403871953487396,-0.6966574192047119,0.1556248962879181,-0.9126148223876953,0.0
228,10597,-0.1468665020607287,-0.37253299412737434,-0.027866502060728715,0.15546700587262569,0.15794471137742988,0.20608901048688244,0.8203145861625671,0.5745777487754822,-1.0,0.8860465288162231,0.3084745705127716,-0.07824999839067459,0.06549999862909317,0.019625000655651093,-0.4728749990463257,0.0001827200030675158,0.00010848999954760075,9.13600015337579e-05,0.0,0.025499999523162842,0.00800000037997961,0.03350000083446503,0.0022499999031424522,0.007000000216066837,0.0042500002309679985,0.0,0.8777095675468445,0.6604610681533813,0.36010226607322693,-0.9633663892745972,-0.13960397
229,10598,-0.14768635491507526,-0.3718088177426802,-0.028686354915075263,0.15619118225731982,0.15880362833780895,0.2043264572923407,0.8212406635284424,0.571977972984314,-1.0,0.8860465288162231,0.3084745705127716,-0.06925000250339508,0.06487499922513962,0.02187499962747097,-0.46950000524520874,0.0019128500716760755,0.0006052600219845772,0.0001827200030675158,6.851999933132902e-05,0.22050000727176666,0.02199999988079071,0.24250000715255737,0.017000000923871994,0.032999999821186066,0.013249999843537807,0.000750000006519258,-0.0804639607667923,0.8129472136497498,-0.5704390406608582,-0.2663795053958893,0.0
230,10599,-0.15476216609257396,-0.3728042735075496,-0.03576216609257396,0.15519572649245045,0.15926282066179895,0.20339035678028689,0.8193340301513672,0.5732054114341736,-1.0,0.8860465288162231,0.3084745705127716,-0.06925000250339508,0.06487499922513962,0.017124999314546585,-0.4738749861717224,0.0014674700796604156,0.0016616100911051035,7.423000351991504e-05,-6.851999933132902e-05,0.27399998903274536,0.012500000186264515,0.2865000069141388,0.014000000432133675,0.06324999779462814,0.001500000013038516,-0.0002500000118743628,0.7504488229751587,-0.4382915794849396,-0.6948658227920532,0.08975391834974289,0.0
231,10600,-0.15593698075247123,-0.37299152856209666,-0.03693698075247123,0.15500847143790336,0.15934857001122957,0.20321602562714008,0.8028786778450012,0.5715181827545166,-1.0,0.8860465288162231,0.3084745705127716,-0.06237500160932541,0.06449999660253525,0.003375000087544322,-0.4728749990463257,0.003603010205551982,0.0010620600078254938,7.994000043254346e-05,7.994000043254346e-05,0.40849998593330383,0.014000000432133675,0.42250001430511475,0.02824999950826168,0.04774999991059303,0.003000000026077032,0.0010000000474974513,-0.45374512672424316,0.1928352564573288,-0.7304761409759521,-0.5198978781700134,-0.046282005
232,10601,-0.156866371041384,-0.37310722388139106,-0.03786637104138402,0.15489277611860897,0.15945417570441134,0.20300153121371087,0.8001465797424316,0.5712007880210876,-1.0,0.8860465288162231,0.3084745705127716,-0.06224999949336052,0.06449999660253525,-0.009499999694526196,-0.4817500114440918,0.003151920158416033,0.0013247199822217226,7.423000351991504e-05,-7.994000043254346e-05,0.3919999897480011,0.013500000350177288,0.40549999475479126,0.025499999523162842,0.054749999195337296,0.001500000013038516,-0.0005000000237487257,-0.04856562614440918,-0.9340196251869202,0.1793975830078125,-0.5802843570709229,-0.045143437
233,10602,-0.15887430376610825,-0.37561784416004523,-0.03987430376610826,0.1523821558399548,0.1575127979538937,0.20698106164519545,0.7979851961135864,0.5710046887397766,-1.0,0.8860465288162231,0.3084745705127716,-0.06224999949336052,0.06287500262260437,-0.00925000011920929,-0.49262499809265137,0.0005767100374214351,0.00037115000304766,0.00013133000175002962,-5.139000131748617e-05,0.08299999684095383,0.01600000075995922,0.0989999994635582,0.006750000175088644,0.023000000044703484,0.007499999832361937,-0.0005000000237487257,0.7771843075752258,-0.5597663521766663,-0.8938915133476257,-0.4789482653141022,0.0
234,10603,-0.1663804804558644,-0.37689193224171436,-0.047380480455864404,0.15110806775828567,0.15836211058795346,0.2052305893519535,0.793315589427948,0.5667493939399719,-1.0,0.8860465288162231,0.3084745705127716,-0.050999999046325684,0.052000001072883606,-0.022874999791383743,-0.5016250014305115,0.0013989500002935529,0.0003882800228893757,7.423000351991504e-05,-7.423000351991504e-05,0.15649999678134918,0.013000000268220901,0.16949999332427979,0.013249999843537807,0.024000000208616257,0.0012499999720603228,-0.0002500000118743628,0.7842898368835449,0.7390465140342712,-0.9800482988357544,-0.9754241108894348,0.0
235,10604,-0.16903698703718698,-0.37907538330043644,-0.05003698703718698,0.14892461669956358,0.15710582907986434,0.2078251265169035,0.7758593559265137,0.5645899176597595,-1.0,0.8860465288162231,0.3084745705127716,-0.04287499934434891,0.051249999552965164,-0.041749998927116394,-0.5197499990463257,0.00323757017031312,0.0012676200130954385,7.423000351991504e-05,-7.994000043254346e-05,0.3944999873638153,0.013500000350177288,0.40799999237060547,0.026249999180436134,0.05299999937415123,0.0022499999031424522,-0.0005000000237487257,0.8336142301559448,-0.9272671341896057,-0.9884153008460999,-0.9973611831665039,-0.07827637
236,10605,-0.17181503323369265,-0.37808333739415,-0.05281503323369266,0.14991666260585002,0.1589478954322841,0.2040318939792172,0.769681453704834,0.5608891844749451,-1.0,0.8860465288162231,0.3084745705127716,-0.036375001072883606,0.04362500086426735,-0.05950000137090683,-0.5383750200271606,0.002323969965800643,0.0006223900127224624,7.423000351991504e-05,-7.423000351991504e-05,0.257999986410141,0.013000000268220901,0.2709999978542328,0.019999999552965164,0.03350000083446503,0.000750000006519258,-0.0005000000237487257,-0.5528587102890015,-0.008243612013757229,-0.5002151727676392,-0.8935697674751282,0.0
237,10606,-0.17103161154560673,-0.37935675204588193,-0.05203161154560673,0.1486432479541181,0.1574868367908326,0.20703480331179372,0.7632208466529846,0.5625706315040588,-1.0,0.8860465288162231,0.3084745705127716,-0.03849999979138374,0.04374999925494194,-0.06862500309944153,-0.5553749799728394,0.0003026300109922886,0.000616680015809834,7.423000351991504e-05,0.0,0.08049999922513962,0.006500000134110451,0.08699999749660492,0.0037499999161809683,0.032999999821186066,0.0002500000118743628,0.0,0.7067151665687561,-0.5446633100509644,0.21737660467624664,-0.739433765411377,-0.11273206
238,10607,-0.17598898505700478,-0.37831039291779667,-0.05698898505700478,0.14968960708220336,0.16017091772931794,0.20155173578142593,0.765042781829834,0.5604122877120972,-1.0,0.8860465288162231,0.3084745705127716,-0.032875001430511475,0.03824999928474426,-0.06650000065565109,-0.5519999861717224,0.002186930039897561,0.0003768599999602884,9.13600015337579e-05,7.423000351991504e-05,0.22450000047683716,0.014499999582767487,0.23899999260902405,0.01899999938905239,0.023749999701976776,0.004000000189989805,0.000750000006519258,-0.7262343168258667,-0.07010109722614288,-0.5736660957336426,-0.7422740459442139,0.0
239,10608,-0.168696267431419,-0.3761578328790074,-0.049696267431419,0.15184216712099263,0.15976784004490568,0.20236578537486602,0.7535139918327332,0.5621857643127441,-1.0,0.8860465288162231,0.3084745705127716,-0.03799999877810478,0.03849999979138374,-0.07537499815225601,-0.565500020980835,0.00017701000615488738,0.00032546999864280224,7.423000351991504e-05,0.0,0.04399999976158142,0.006500000134110451,0.05050000175833702,0.0022499999031424522,0.020749999210238457,0.0002500000118743628,0.0,-0.8802639842033386,0.30033743381500244,0.823265552520752,-0.7919806838035583,-0.11903768
240,10609,-0.17405796339364513,-0.37498675328852504,-0.05505796339364513,0.15301324671147498,0.162617443720662,0.19668055055367673,0.7704737782478333,0.5658341646194458,-1.0,0.8860465288162231,0.3084745705127716,-0.05412499979138374,0.04800000041723251,-0.060499999672174454,-0.5617499947547913,0.0001256200048374012,0.0001884299999801442,7.994000043254346e-05,6.851999933132902e-05,0.027499999850988388,0.013000000268220901,0.04050000011920929,0.001500000013038516,0.013000000268220901,0.0012499999720603228,0.0,-0.011163456365466118,-0.09666731208562851,-0.942623496055603,-0.5500045418739319,0.0
241,10610,-0.17225322205518506,-0.3728798752913061,-0.05325322205518507,0.1551201247086939,0.16400658141946498,0.19396727607073425,0.7580047249794006,0.5678190588951111,-1.0,0.8860465288162231,0.3084745705127716,-0.05400000140070915,0.048124998807907104,-0.07750000059604645,-0.5718749761581421,0.00010848999954760075,0.00014275001012720168,5.7100000958598685e-06,-5.7100000958598685e-06,0.02199999988079071,0.0010000000474974513,0.023000000044703484,0.0010000000474974513,0.00925000011920929,0.0,-0.0002500000118743628,-0.8865252137184143,-0.03421969711780548,-0.35435351729393005,0.8178803324699402,-0.06652243
242,10611,-0.16914972705822803,-0.3746303250834289,-0.05014972705822804,0.1533696749165711,0.16136062812231944,0.19916806136030943,0.7622017860412598,0.5713900327682495,-1.0,0.8860465288162231,0.3084745705127716,-0.07012499868869781,0.050999999046325684,-0.07387500256299973,-0.5567499995231628,9.13600015337579e-05,8.565000462112948e-05,6.851999933132902e-05,0.0,0.01549999974668026,0.006000000052154064,0.0215000007301569,0.0002500000118743628,0.0022499999031424522,0.0002500000118743628,0.0,0.9877410531044006,0.951323390007019,0.9041351079940796,-0.7498181462287903,-0.11397818
243,10612,-0.1748191406548259,-0.37489129391704246,-0.055819140654825905,0.15310870608295757,0.16296641476648102,0.1959953885832634,0.769419252872467,0.5684231519699097,-1.0,0.8860465288162231,0.3084745705127716,-0.05550000071525574,0.054249998182058334,-0.05887499824166298,-0.5531250238418579,0.0007080400246195495,0.0005767100374214351,9.13600015337579e-05,4.568000076687895e-05,0.11249999701976776,0.012000000104308128,0.12449999898672104,0.00800000037997961,0.03125,0.004000000189989805,0.0002500000118743628,-0.07206479460000992,-0.7480781078338623,-0.9672584533691406,-0.7427573204040527,0.0
244,10613,-0.17294601984199365,-0.374968952276665,-0.05394601984199365,0.15303104772333503,0.16226113097132788,0.19738259843104744,0.7562345862388611,0.5679808855056763,-1.0,0.8860465288162231,0.3084745705127716,-0.05537499859929085,0.052000001072883606,-0.07512500137090683,-0.5668749809265137,0.0003997000167146325,0.00011991000064881518,7.423000351991504e-05,-2.2840000383439474e-05,0.045499999076128006,0.008500000461935997,0.05400000140070915,0.005249999929219484,0.00774999987334013,0.0002500000118743628,0.0,-0.056899454444646835,0.5936939716339111,0.45419225096702576,0.4770398736000061,0.0
245,10614,-0.17218897439733988,-0.3710291755131417,-0.05318897439733988,0.15697082448685834,0.1657374632891579,0.19063882057117398,0.760590672492981,0.5678492188453674,-1.0,0.8860465288162231,0.3084745705127716,-0.05537499859929085,0.05237499997019768,-0.06750000268220901,-0.5582500100135803,0.000245530012762174,0.0005253200070001185,8.565000462112948e-05,6.28100024187006e-05,0.06750000268220901,0.013000000268220901,0.08049999922513962,0.0032500000670552254,0.029249999672174454,0.0020000000949949026,0.0005000000237487257,-0.7591140866279602,0.6588847637176514,-0.2159455269575119,-0.905764639377594,0.0
246,10615,-0.16915017404179228,-0.3707503931951343,-0.050150174041792284,0.15724960680486572,0.16505295755213514,0.19194823061573835,0.7623512148857117,0.574526846408844,-1.0,0.8860465288162231,0.3084745705127716,-0.0689999982714653,0.06587500125169754,-0.07050000131130219,-0.574874997138977,0.0001827200030675158,0.0004568000149447471,7.423000351991504e-05,0.0,0.0560000017285347,0.006500000134110451,0.0625,0.0022499999031424522,0.026750000193715096,0.0,0.0,-0.1147056519985199,0.9672536849975586,0.3618178367614746,-0.5751299858093262,-0.0930156
247,10616,-0.16600822260766887,-0.3697815492373657,-0.047008222607668876,0.1582184507626343,0.1650540855430737,0.19194606546930165,0.7694181799888611,0.5749993324279785,-1.0,0.8860465288162231,0.3084745705127716,-0.07199999690055847,0.07150000333786011,-0.06587500125169754,-0.5715000033378601,0.0003197600017301738,0.0012447800254449248,9.13600015337579e-05,6.28100024187006e-05,0.13699999451637268,0.013500000350177288,0.15049999952316284,0.004000000189989805,0.051750000566244125,0.0042500002309679985,0.000750000006519258,-0.21184192597866058,0.3695448338985443,0.8273696303367615,-0.15983475744724274,0.0
248,10617,-0.16325147591338798,-0.3700380679680554,-0.04425147591338799,0.15796193203194464,0.164043180570781,0.19389629868321462,0.7767250537872314,0.5766414403915405,-1.0,0.8860465288162231,0.3084745705127716,-0.07575000077486038,0.0754999965429306,-0.05112500116229057,-0.5738750100135803,0.0002969200140796602,0.0014560500858351588,9.707000572234392e-05,-6.28100024187006e-05,0.1535000056028366,0.014000000432133675,0.16750000417232513,0.0037499999161809683,0.057500001043081284,0.005750000011175871,-0.0002500000118743628,0.7599875330924988,0.08363260328769684,0.689825177192688,-0.9739261269569397,0.0
249,10618,-0.16070233060982927,-0.37090583326782345,-0.04170233060982928,0.15709416673217658,0.16253510882135094,0.1968425539704627,0.7831361293792725,0.5762066841125488,-1.0,0.8860465288162231,0.3084745705127716,-0.07012499868869781,0.07512500137090683,-0.04062499850988388,-0.5918750166893005,0.0024324599653482437,0.0015759600792080164,0.0001484600070398301,-7.423000351991504e-05,0.35100001096725464,0.019500000402331352,0.37049999833106995,0.020749999210238457,0.061250001192092896,0.010499999858438969,-0.000750000006519258,0.8447445631027222,-0.8710997104644775,0.8033711314201355,0.8954195976257324,-0.06071011
250,10619,-0.1602234888631922,-0.37128482795557605,-0.041223488863192215,0.15671517204442398,0.16204635504375633,0.19780698431391439,0.789064347743988,0.5747358798980713,-1.0,0.8860465288162231,0.3084745705127716,-0.06687500327825546,0.07062499970197678,-0.025750000029802322,-0.5756250023841858,0.0033403499983251095,0.0007308800122700632,0.0001598800008650869,7.423000351991504e-05,0.3564999997615814,0.020500000566244125,0.37700000405311584,0.026750000193715096,0.0377499982714653,0.01075000036507845,0.0002500000118743628,-0.05653635784983635,-0.3702356815338135,0.14273522794246674,-0.8663260340690613,0.0
251,10620,-0.16565920660738764,-0.3683076714478493,-0.04665920660738765,0.1596923285521507,0.1663692320101254,0.18943822063352891,0.7901779413223267,0.5740935206413269,-1.0,0.8860465288162231,0.3084745705127716,-0.06487499922513962,0.06800000369548798,-0.023250000551342964,-0.590499997138977,0.00244959001429379,0.0005024800193496048,0.0001598800008650869,-7.994000043254346e-05,0.25850000977516174,0.020999999716877937,0.27950000762939453,0.020749999210238457,0.029249999672174454,0.010999999940395355,-0.0022499999031424522,-0.9435931444168091,-0.244646817445755,-0.37801483273506165,-0.7937817573547363,0.0
252,10621,-0.1806989585581348,-0.3600153664503118,-0.061698958558134814,0.16798463354968823,0.17895697414736728,0.16703202115984722,0.7775367498397827,0.5791395306587219,-1.0,0.8860465288162231,0.3084745705127716,-0.07349999994039536,0.06875000149011612,-0.02512500062584877,-0.6057500243186951,0.00019985000835731626,0.00028550002025440335,7.423000351991504e-05,-6.851999933132902e-05,0.042500000447034836,0.012500000186264515,0.054999999701976776,0.002749999985098839,0.01875000074505806,0.000750000006519258,-0.001500000013038516,-0.5981233716011047,-0.32256314158439636,0.036311663687229156,-0.8963199853897095,0.0
253,10622,-0.1608268992184542,-0.37033390855426157,-0.0418268992184542,0.15766609144573845,0.16311985130573986,0.19569489063769305,0.7425605654716492,0.593194305896759,-1.0,0.8860465288162231,0.3084745705127716,-0.0833749994635582,0.06949999928474426,-0.02512500062584877,-0.621999979019165,9.707000572234392e-05,9.13600015337579e-05,7.994000043254346e-05,-7.994000043254346e-05,0.016499999910593033,0.014000000432133675,0.030500000342726707,0.0002500000118743628,0.005249999929219484,0.0020000000949949026,-0.0024999999441206455,0.6639468669891357,0.7661082744598389,-0.5993044376373291,-0.005593569483608007,0.0
254,10623,-0.1639003946744883,-0.36539358179556464,-0.04490039467448831,0.1626064182044354,0.16869170899365668,0.18508925885983857,0.7887746691703796,0.5757052302360535,-1.0,0.8860465288162231,0.3084745705127716,-0.0754999965429306,0.07087499648332596,-0.035624999552965164,-0.6228749752044678,0.0008850500453263521,0.0005767100374214351,7.423000351991504e-05,-7.423000351991504e-05,0.12800000607967377,0.013000000268220901,0.14100000262260437,0.00925000011920929,0.03099999949336052,0.000750000006519258,-0.000750000006519258,-0.8154370188713074,0.6840781569480896,0.6199965476989746,0.948512077331543,0.0
255,10624,-0.16085672490297434,-0.3697369519778851,-0.041856724902974346,0.15826304802211494,0.1637045441912152,0.19455401509418055,0.7816269993782043,0.5840786695480347,-1.0,0.8860465288162231,0.3084745705127716,-0.08749999850988388,0.08162499964237213,-0.027499999850988388,-0.6053749918937683,0.00022840000747237355,0.0006794900400564075,0.00011420000373618677,-5.139000131748617e-05,0.0794999971985817,0.014499999582767487,0.09399999678134918,0.002749999985098839,0.03500000014901161,0.007499999832361937,-0.0002500000118743628,0.9243234992027283,-0.6613495945930481,-0.6440267562866211,-0.05227463319897652,-0.030272957
256,10625,-0.17036996431541973,-0.3649888244006243,-0.051369964315419736,0.16301117559937572,0.17091376949812442,0.18102182136033304,0.7887052893638611,0.5767170190811157,-1.0,0.8860465288162231,0.3084745705127716,-0.07625000178813934,0.07512500137090683,-0.036249998956918716,-0.6018750071525574,0.0016216400545090437,0.00037115000304766,7.423000351991504e-05,6.851999933132902e-05,0.1745000034570694,0.012500000186264515,0.18700000643730164,0.014750000089406967,0.023250000551342964,0.0010000000474974513,0.0002500000118743628,-0.7716925144195557,-0.5598678588867188,0.5913301706314087,-0.9556218981742859,0.0
257,10626,-0.17117327049690315,-0.36499173068965096,-0.05217327049690315,0.16300826931034906,0.171154158634543,0.1805871871832097,0.7665814757347107,0.5847647190093994,-1.0,0.8860465288162231,0.3084745705127716,-0.08375000208616257,0.0742499977350235,-0.027249999344348907,-0.6191250085830688,0.00011991000064881518,9.13600015337579e-05,9.707000572234392e-05,-6.851999933132902e-05,0.01850000023841858,0.014499999582767487,0.032999999821186066,0.0010000000474974513,0.0042500002309679985,0.004999999888241291,-0.0010000000474974513,0.5811514854431152,-0.4537958800792694,0.9695966839790344,-0.7309776544570923,0.0
258,10627,-0.17771684814142547,-0.3569992052772454,-0.05871684814142547,0.17100079472275465,0.1808008297864722,0.16398041190997725,0.7647133469581604,0.5847597718238831,-1.0,0.8860465288162231,0.3084745705127716,-0.07450000196695328,0.06412500143051147,-0.012249999679625034,-0.6318749785423279,0.00034260001848451793,0.00011991000064881518,0.00017701000615488738,-7.994000043254346e-05,0.04050000011920929,0.02250000089406967,0.06300000101327896,0.0042500002309679985,0.007499999832361937,0.011250000447034836,-0.002749999985098839,-0.9295017123222351,0.6925334930419922,0.8657734394073486,-0.9899695515632629,0.0
259,10628,-0.15624921451576232,-0.3670631368892656,-0.037249214515762324,0.1609368631107344,0.1651913372122296,0.19168279700207758,0.7494956851005554,0.59830641746521,-1.0,0.8860465288162231,0.3084745705127716,-0.09000000357627869,0.07387500256299973,0.0012499999720603228,-0.6496250033378601,0.00010278000263497233,0.0001884299999801442,0.00026266000350005925,-7.994000043254346e-05,0.025499999523162842,0.029999999329447746,0.05550000071525574,0.0005000000237487257,0.013749999925494194,0.016499999910593033,-0.0042500002309679985,0.5156028270721436,-0.7436902523040771,0.9510678648948669,-0.4805603623390198,0.0
260,10629,-0.15278934529488492,-0.3700123882671837,-0.03378934529488492,0.15798761173281634,0.16156053143170857,0.1987703155004262,0.7994204163551331,0.581248939037323,-1.0,0.8860465288162231,0.3084745705127716,-0.08112499862909317,0.0637499988079071,0.023874999955296516,-0.6602500081062317,0.00017130000924225897,0.00010848999954760075,0.00010848999954760075,-6.28100024187006e-05,0.02449999935925007,0.014999999664723873,0.039500001817941666,0.0020000000949949026,0.0062500000931322575,0.006750000175088644,-0.0010000000474974513,0.419544517993927,0.9177221059799194,-0.535151481628418,0.1618477702140808,0.0
261,10630,-0.14935214412623624,-0.3727316460015619,-0.03035214412623624,0.15526835399843814,0.15820718822621213,0.20554878384156094,0.8074666261672974,0.5762501955032349,-1.0,0.8860465288162231,0.3084745705127716,-0.0768750011920929,0.06525000184774399,0.016499999910593033,-0.6578750014305115,0.0008393700118176639,0.000770850048866123,7.994000043254346e-05,6.851999933132902e-05,0.14100000262260437,0.013000000268220901,0.15399999916553497,0.008999999612569809,0.03750000149011612,0.001500000013038516,0.0002500000118743628,0.8091658353805542,-0.8521274328231812,0.7644199728965759,0.37070232629776,0.0
262,10631,-0.14900556746407456,-0.3748671294255768,-0.030005567464074567,0.1531328705744232,0.15604489779933267,0.2100417459057668,0.8154601454734802,0.5716412663459778,-1.0,0.8860465288162231,0.3084745705127716,-0.0638749971985817,0.0560000017285347,0.02525000087916851,-0.6512500047683716,0.0013761100126430392,0.0003939900198020041,0.00017701000615488738,6.851999933132902e-05,0.1550000011920929,0.0215000007301569,0.17649999260902405,0.013249999843537807,0.024250000715255737,0.012500000186264515,0.000750000006519258,0.6055151224136353,-0.327088862657547,0.4114110469818115,-0.3618377149105072,0.0
263,10632,-0.1501037150055649,-0.37504332835293497,-0.031103715005564914,0.15295667164706506,0.15608710545235785,0.20995311092113614,0.8162661194801331,0.568021833896637,-1.0,0.8860465288162231,0.3084745705127716,-0.05387499928474426,0.04699999839067459,0.03137499839067459,-0.6568750143051147,0.001764390035532415,0.0005310300039127469,0.00023411000438500196,-7.423000351991504e-05,0.20100000500679016,0.027000000700354576,0.2280000001192093,0.01575000025331974,0.029999999329447746,0.01549999974668026,-0.001500000013038516,0.5169737935066223,0.9213350415229797,0.8382772207260132,-0.19162245094776154,-0.027991032
264,10633,-0.14597898677066487,-0.37693224910985235,-0.026978986770664876,0.15106775089014768,0.15345791307775375,0.21554638892356756,0.8137122988700867,0.5677231550216675,-1.0,0.8860465288162231,0.3084745705127716,-0.051624998450279236,0.04650000110268593,0.04100000113248825,-0.6596249938011169,0.002603759989142418,0.0017586800968274474,0.00042254000436514616,-8.565000462112948e-05,0.38199999928474426,0.04450000077486038,0.42649999260902405,0.02174999937415123,0.06549999862909317,0.027499999850988388,-0.003000000026077032,0.8588576316833496,0.30849698185920715,-0.59554123878479,0.7854423522949219,-0.08036434
265,10634,-0.14570637974376996,-0.3768334184478842,-0.026706379743769965,0.15116658155211582,0.153507544105073,0.2154394375791161,0.8233046531677246,0.5645216107368469,-1.0,0.8860465288162231,0.3084745705127716,-0.04962500184774399,0.04625000059604645,0.04087499901652336,-0.6470000147819519,0.0037914400454610586,0.0020270501263439655,9.707000572234392e-05,7.994000043254346e-05,0.5095000267028809,0.01549999974668026,0.5249999761581421,0.029999999329447746,0.07225000113248825,0.005499999970197678,0.0010000000474974513,-0.29195845127105713,0.5336102843284607,0.14668583869934082,0.9891688823699951,-0.07791378
266,10635,-0.1468617025171607,-0.3771338130232654,-0.02786170251716072,0.15086618697673465,0.15341734204467833,0.21563385606227178,0.8239386677742004,0.5646890997886658,-1.0,0.8860465288162231,0.3084745705127716,-0.0494999997317791,0.04625000059604645,0.04087499901652336,-0.6283749938011169,0.0037343401927500963,0.002072730101644993,0.0001598800008650869,7.994000043254346e-05,0.5084999799728394,0.020999999716877937,0.5295000076293945,0.029500000178813934,0.07349999994039536,0.010999999940395355,0.000750000006519258,-0.6938100457191467,-0.8155792951583862,-0.9573846459388733,-0.7367587089538574,-0.13120525
267,10636,-0.15086849120589754,-0.3770058899524972,-0.03186849120589755,0.15099411004750285,0.15432051710896308,0.21369507332454538,0.8212518692016602,0.5641799569129944,-1.0,0.8860465288162231,0.3084745705127716,-0.0494999997317791,0.04637499898672104,0.027249999344348907,-0.6412500143051147,0.003283250145614147,0.001878590090200305,7.423000351991504e-05,-7.994000043254346e-05,0.4519999921321869,0.013500000350177288,0.46549999713897705,0.026750000193715096,0.06875000149011612,0.0024999999441206455,-0.0010000000474974513,0.2860700190067291,-0.6975581645965576,-0.591372013092041,0.920291543006897,-0.040607005
268,10637,-0.1496956953255187,-0.37684590888825187,-0.030695695325518718,0.15115409111174816,0.15423937555415523,0.21386853919652404,0.8119337558746338,0.5643967986106873,-1.0,0.8860465288162231,0.3084745705127716,-0.04937500134110451,0.04650000110268593,0.016625000163912773,-0.624625027179718,0.002620890038087964,0.0008907600422389805,7.994000043254346e-05,7.423000351991504e-05,0.3075000047683716,0.013500000350177288,0.32100000977516174,0.02199999988079071,0.042500000447034836,0.0017500000540167093,0.0002500000118743628,-0.9292207360267639,-0.6001209020614624,0.4545259475708008,-0.43050098419189453,-0.042922076
269,10638,-0.14631295473903738,-0.3760577774033502,-0.027312954739037387,0.1519422225966498,0.15437757772483213,0.21357317238164644,0.8146611452102661,0.5646679401397705,-1.0,0.8860465288162231,0.3084745705127716,-0.04975000023841858,0.04500000178813934,0.02162499912083149,-0.6323750019073486,0.000308340007904917,0.0003654400061350316,0.00013703999866265804,0.0,0.05900000035762787,0.012000000104308128,0.07100000232458115,0.004000000189989805,0.023000000044703484,0.008750000037252903,-0.0002500000118743628,0.26427164673805237,0.49943578243255615,0.9166020154953003,0.09723174571990967,-0.012332192
270,10639,-0.14501199262077008,-0.37690018964007616,-0.026011992620770086,0.15109981035992387,0.15332245905576897,0.21583855300593632,0.8225280046463013,0.5660037398338318,-1.0,0.8860465288162231,0.3084745705127716,-0.04962500184774399,0.04462499916553497,0.035999998450279236,-0.6290000081062317,0.0014275000430643559,0.0008907600422389805,0.00021127000218257308,6.851999933132902e-05,0.2029999941587448,0.02449999935925007,0.22750000655651093,0.013500000350177288,0.042249999940395355,0.01425000000745058,0.0005000000237487257,-0.02334490604698658,-0.6269114017486572,-0.354425311088562,0.8568227887153625,0.0
271,10640,-0.14485236330206716,-0.3763653686223294,-0.025852363302067166,0.15163463137767064,0.15382264502128457,0.2147616543488087,0.8255534768104553,0.5645759701728821,-1.0,0.8860465288162231,0.3084745705127716,-0.04962500184774399,0.042750000953674316,0.035999998450279236,-0.612625002861023,0.0013361400924623013,0.00034831001539714634,7.423000351991504e-05,0.0,0.14749999344348907,0.006500000134110451,0.15399999916553497,0.012749999761581421,0.02250000089406967,0.0010000000474974513,-0.0002500000118743628,0.213235542178154,0.23961865901947021,0.972030758857727,-0.1514429897069931,-0.042173162
272,10641,-0.13741983151182446,-0.3792102215232771,-0.01841983151182447,0.14878977847672292,0.149925609460413,0.22329620963344193,0.8259247541427612,0.5654824376106262,-1.0,0.8860465288162231,0.3084745705127716,-0.04912500083446503,0.042500000447034836,0.04600000008940697,-0.6088749766349792,0.002255450002849102,0.0005824200343340635,0.00025695000658743083,-5.139000131748617e-05,0.2485000044107437,0.027000000700354576,0.27549999952316284,0.019500000402331352,0.03175000101327896,0.017249999567866325,-0.0002500000118743628,-0.15492230653762817,-0.9341490864753723,0.9331044554710388,-0.7829499244689941,-0.117954
273,10642,-0.13543757965169204,-0.37895034847500214,-0.01643757965169204,0.14904965152499788,0.14995330154594472,0.22323438281704372,0.8432096838951111,0.5606606602668762,-1.0,0.8860465288162231,0.3084745705127716,-0.04737500101327896,0.032749999314546585,0.06737499684095383,-0.6053749918937683,0.0009935400448739529,0.00023411000438500196,0.00014275001012720168,6.851999933132902e-05,0.10750000178813934,0.01850000023841858,0.12600000202655792,0.010250000283122063,0.016249999403953552,0.00925000011920929,0.0002500000118743628,-0.05865493416786194,0.39749348163604736,0.5676647424697876,0.15713222324848175,0.0
274,10643,-0.12951588650310003,-0.3780265257669017,-0.010515886503100036,0.14997347423309831,0.1503417002780396,0.22236902491200064,0.8478195667266846,0.5611010789871216,-1.0,0.8860465288162231,0.3084745705127716,-0.04737500101327896,0.032499998807907104,0.07599999755620956,-0.6023749709129333,0.0007594299968332052,0.0005710000405088067,0.00019414001144468784,6.851999933132902e-05,0.11649999767541885,0.023000000044703484,0.13950000703334808,0.008249999955296516,0.03150000050663948,0.013249999843537807,0.0,-0.695945143699646,-0.7832754254341125,0.7287437319755554,-0.22058019042015076,0.0
275,10644,-0.13160288113098917,-0.3769930512567386,-0.012602881130989174,0.15100694874326143,0.15153194772572492,0.21973797234799125,0.8615909814834595,0.5626668930053711,-1.0,0.8860465288162231,0.3084745705127716,-0.05712499842047691,0.030500000342726707,0.09337499737739563,-0.606124997138977,0.0001484600070398301,0.00010848999954760075,0.00010278000263497233,-6.851999933132902e-05,0.02250000089406967,0.014999999664723873,0.03750000149011612,0.0017500000540167093,0.0062500000931322575,0.005750000011175871,-0.000750000006519258,-0.20740732550621033,0.5603640079498291,-0.47264939546585083,0.5584121346473694,0.0
276,10645,-0.13071878534847545,-0.37532644555268313,-0.011718785348475452,0.1526735544473169,0.15312264417002952,0.21627026172951652,0.856737494468689,0.5644185543060303,-1.0,0.8860465288162231,0.3084745705127716,-0.060874998569488525,0.03449999913573265,0.08712500333786011,-0.5961250066757202,0.00013133000175002962,0.0002969200140796602,7.423000351991504e-05,6.28100024187006e-05,0.03750000149011612,0.012000000104308128,0.0494999997317791,0.001500000013038516,0.01924999989569187,0.000750000006519258,0.0,-0.37781181931495667,0.4534400403499603,0.015543393790721893,-0.5319920778274536,0.0
277,10646,-0.14703922264196376,-0.36516069747184404,-0.028039222641963762,0.16283930252815598,0.16523569969659074,0.19159778061032057,0.8587934970855713,0.5672433376312256,-1.0,0.8860465288162231,0.3084745705127716,-0.06787499785423279,0.041875001043081284,0.08712500333786011,-0.6057500243186951,0.00014275001012720168,0.0003368900215718895,7.994000043254346e-05,-6.851999933132902e-05,0.041999999433755875,0.013000000268220901,0.054999999701976776,0.001500000013038516,0.0215000007301569,0.0012499999720603228,-0.0005000000237487257,-0.7343676090240479,-0.9618188738822937,0.48035281896591187,-0.9390968084335327,0.0
278,10647,-0.13262159898489878,-0.3733996307928595,-0.013621598984898786,0.15460036920714054,0.15519929805862387,0.21182538897701322,0.820838987827301,0.5844733715057373,-1.0,0.8860465288162231,0.3084745705127716,-0.08087500184774399,0.03449999913573265,0.09624999761581421,-0.6232500076293945,9.13600015337579e-05,7.423000351991504e-05,7.423000351991504e-05,-6.851999933132902e-05,0.014499999582767487,0.012500000186264515,0.027000000700354576,0.0,0.0002500000118743628,0.0010000000474974513,-0.0005000000237487257,0.33222100138664246,0.43917691707611084,-0.42358702421188354,-0.7657318711280823,0.0
279,10648,-0.13657176852679778,-0.3704157570955781,-0.017571768526797787,0.1575842429044219,0.15856090520969918,0.20482300723803362,0.8543683886528015,0.5705090761184692,-1.0,0.8860465288162231,0.3084745705127716,-0.0754999965429306,0.03962500020861626,0.08874999731779099,-0.637374997138977,0.00014275001012720168,0.00010848999954760075,7.423000351991504e-05,-6.851999933132902e-05,0.02199999988079071,0.012500000186264515,0.03449999913573265,0.001500000013038516,0.0062500000931322575,0.0002500000118743628,-0.000750000006519258,-0.5864925980567932,0.7917316555976868,-0.8906907439231873,0.7201560735702515,0.0
280,10649,-0.13087011270439,-0.371868021803337,-0.011870112704390007,0.15613197819666302,0.15658254753074552,0.20891548739900354,0.845181941986084,0.5755665302276611,-1.0,0.8860465288162231,0.3084745705127716,-0.0860000029206276,0.054375000298023224,0.07212500274181366,-0.6241250038146973,0.00010278000263497233,0.00010848999954760075,7.423000351991504e-05,0.0,0.01850000023841858,0.006500000134110451,0.02500000037252903,0.000750000006519258,0.0062500000931322575,0.0002500000118743628,-0.0002500000118743628,0.2709793150424957,0.4282498359680176,0.7588406205177307,-0.9326825141906738,-0.13592191
281,10650,-0.1349153460869947,-0.3746913123290393,-0.015915346086994714,0.15330868767096073,0.15413257915334125,0.21409706510586207,0.8584415912628174,0.5731050372123718,-1.0,0.8860465288162231,0.3084745705127716,-0.08287499845027924,0.05537499859929085,0.08287499845027924,-0.6207500100135803,0.00037115000304766,0.0003197600017301738,0.00011420000373618677,6.851999933132902e-05,0.060499999672174454,0.01600000075995922,0.07649999856948853,0.0044999998062849045,0.020250000059604645,0.007000000216066837,0.0005000000237487257,0.8962692618370056,-0.44803184270858765,-0.8267881870269775,-0.26238110661506653,0.0
282,10651,-0.13313436492215425,-0.37597620704410617,-0.014134364922154252,0.15202379295589385,0.15267944817967186,0.2172308900184578,0.8490340709686279,0.5683197975158691,-1.0,0.8860465288162231,0.3084745705127716,-0.06912499666213989,0.048624999821186066,0.07000000029802322,-0.625124990940094,0.0010163800325244665,0.0002512400096748024,7.423000351991504e-05,-6.851999933132902e-05,0.11100000143051147,0.012500000186264515,0.12349999696016312,0.010499999858438969,0.017000000923871994,0.0017500000540167093,-0.0005000000237487257,0.8503924608230591,0.9194976091384888,0.9037497043609619,-0.745142936706543,0.0
283,10652,-0.13659265658906783,-0.3743906684309996,-0.017592656589067834,0.15360933156900042,0.15461348036615688,0.21306994142776675,0.8531758785247803,0.5661420226097107,-1.0,0.8860465288162231,0.3084745705127716,-0.05900000035762787,0.04800000041723251,0.07712499797344208,-0.6388750076293945,0.0026437300257384777,0.0012390700867399573,0.00033117999555543065,-7.423000351991504e-05,0.3400000035762787,0.03550000116229057,0.37549999356269836,0.02199999988079071,0.05249999836087227,0.021250000223517418,-0.000750000006519258,-0.9060215950012207,-0.2534852921962738,-0.9465885162353516,0.608943521976471,0.0
284,10653,-0.13971436548673186,-0.3740204818239126,-0.02071436548673186,0.1539795181760874,0.15536658892843705,0.21147132068584576,0.845133364200592,0.568829357624054,-1.0,0.8860465288162231,0.3084745705127716,-0.06650000065565109,0.048875000327825546,0.06962499767541885,-0.6278749704360962,0.00023411000438500196,0.0008907600422389805,7.423000351991504e-05,6.28100024187006e-05,0.09849999845027924,0.012000000104308128,0.11050000041723251,0.0032500000670552254,0.04125000163912773,0.0010000000474974513,0.0,-0.13780556619167328,-0.7423501014709473,-0.9808803200721741,-0.8481101393699646,-0.12577322
285,10654,-0.1400710998473792,-0.37579542373859415,-0.021071099847379204,0.15220457626140588,0.15365618856294835,0.2151194366857941,0.8378735780715942,0.5694568157196045,-1.0,0.8860465288162231,0.3084745705127716,-0.06812500208616257,0.04924999922513962,0.051375001668930054,-0.6240000128746033,0.00014275001012720168,0.0001827200030675158,7.423000351991504e-05,0.0,0.02850000001490116,0.006500000134110451,0.03500000014901161,0.001500000013038516,0.012749999761581421,0.000750000006519258,-0.0002500000118743628,0.922400712966919,0.5327713489532471,0.06949836015701294,-0.5124142169952393,-0.08548971
286,10655,-0.1357716282754186,-0.37594991324181726,-0.016771628275418615,0.15205008675818277,0.15297227329872473,0.21659571383771334,0.8370439410209656,0.566448450088501,-1.0,0.8860465288162231,0.3084745705127716,-0.057999998331069946,0.048624999821186066,0.05112500116229057,-0.6205000281333923,0.0017187100602313876,0.0006566499941982329,9.13600015337579e-05,6.851999933132902e-05,0.20800000429153442,0.014000000432133675,0.22200000286102295,0.01575000025331974,0.03375000134110451,0.0037499999161809683,0.0002500000118743628,-0.48688384890556335,-0.8453421592712402,0.7911471128463745,0.8429306745529175,0.0
287,10656,-0.13995545117842054,-0.3742587354373941,-0.020955451178420542,0.15374126456260595,0.155162841438923,0.21190262743191185,0.8470427393913269,0.5661866068840027,-1.0,0.8860465288162231,0.3084745705127716,-0.060874998569488525,0.04399999976158142,0.06424999982118607,-0.6044999957084656,0.00022840000747237355,0.00017130000924225897,0.00011420000373618677,0.0,0.03500000014901161,0.009999999776482582,0.04500000178813934,0.0032500000670552254,0.011500000022351742,0.007000000216066837,-0.0002500000118743628,-0.30752620100975037,0.8162986636161804,-0.8585696816444397,-0.17739158868789673,-0.04528699
288,10657,-0.1399270665542102,-0.3756882166746842,-0.0209270665542102,0.1523117833253158,0.15374271187377403,0.21493338872597806,0.8373128771781921,0.5690529942512512,-1.0,0.8860465288162231,0.3084745705127716,-0.06599999964237213,0.04962500184774399,0.051249999552965164,-0.6008750200271606,0.0001541700039524585,0.0005767100374214351,7.423000351991504e-05,6.28100024187006e-05,0.06400000303983688,0.012000000104308128,0.07599999755620956,0.0020000000949949026,0.030750000849366188,0.0010000000474974513,0.0,0.6986587047576904,-0.524648904800415,0.056774720549583435,0.8156868815422058,0.0
289,10658,-0.14089660470091295,-0.37709327501693835,-0.021896604700912953,0.15090672498306168,0.1524870517209296,0.21764923687136528,0.8373789191246033,0.5666301250457764,-1.0,0.8860465288162231,0.3084745705127716,-0.05824999883770943,0.045249998569488525,0.051249999552965164,-0.5856249928474426,0.0012733300682157278,0.000308340007904917,8.565000462112948e-05,6.851999933132902e-05,0.13850000500679016,0.013500000350177288,0.15199999511241913,0.012500000186264515,0.019999999552965164,0.003000000026077032,0.0,0.8473209142684937,0.8629316091537476,0.060299474745988846,-0.8611811399459839,0.0
290,10659,-0.13903465871751458,-0.37772963287407574,-0.020034658717514586,0.1502703671259243,0.15160003557416254,0.2195884084136296,0.8351241946220398,0.5642486810684204,-1.0,0.8860465288162231,0.3084745705127716,-0.04912500083446503,0.04437499865889549,0.050999999046325684,-0.6012499928474426,0.003248990047723055,0.0013075900496914983,9.707000572234392e-05,-8.565000462112948e-05,0.39899998903274536,0.01600000075995922,0.41499999165534973,0.026000000536441803,0.05400000140070915,0.005750000011175871,-0.0010000000474974513,-0.894534707069397,-0.8343760967254639,0.6723670959472656,-0.5789794921875,-0.06798463
291,10660,-0.1402572123389669,-0.3780581111580821,-0.021257212338966908,0.14994188884191795,0.15144120676323866,0.21993745519168603,0.8394542932510376,0.5631701350212097,-1.0,0.8860465288162231,0.3084745705127716,-0.04899999871850014,0.0416250005364418,0.05887499824166298,-0.612375020980835,0.0020384700037539005,0.00047964000259526074,0.00022840000747237355,-1.7129999832832254e-05,0.22050000727176666,0.0215000007301569,0.24199999868869781,0.017750000581145287,0.02824999950826168,0.014999999664723873,-0.0002500000118743628,0.9307281374931335,-0.004742586985230446,-0.43443790078163147,-0.25160273909568787,-0.11209107
292,10661,-0.14313759240628893,-0.3780441026751717,-0.024137592406288932,0.14995589732482834,0.1518861234927885,0.21896109027502197,0.8366111516952515,0.5626133680343628,-1.0,0.8860465288162231,0.3084745705127716,-0.04612499848008156,0.039374999701976776,0.05687500163912773,-0.609125018119812,0.0036258501932024956,0.0005995500250719488,7.994000043254346e-05,7.423000351991504e-05,0.3700000047683716,0.013500000350177288,0.38350000977516174,0.028750000521540642,0.032749999314546585,0.002749999985098839,0.000750000006519258,0.7039544582366943,-0.020210135728120804,-0.5399888753890991,0.0206405408680439,-0.08215572
293,10662,-0.14197956149754423,-0.38046388629808936,-0.022979561497544237,0.14753611370191066,0.1493149861630859,0.22466387971801008,0.8299126029014587,0.5626370906829834,-1.0,0.8860465288162231,0.3084745705127716,-0.04324999824166298,0.039250001311302185,0.04662499949336052,-0.6088749766349792,0.0028093201108276844,0.0005938400281593204,8.565000462112948e-05,7.994000043254346e-05,0.2980000078678131,0.014499999582767487,0.3125,0.023499999195337296,0.032249998301267624,0.0032500000670552254,0.0010000000474974513,0.4498905539512634,-0.6442248821258545,-0.09362943470478058,-0.9830824732780457,-0.034826927
294,10663,-0.14375797561761672,-0.38100689101687907,-0.024757975617616723,0.14699310898312096,0.1490635148022687,0.22522955599241296,0.8326056599617004,0.5585358142852783,-1.0,0.8860465288162231,0.3084745705127716,-0.03712499886751175,0.030249999836087227,0.04612499848008156,-0.6265000104904175,0.0019128500716760755,0.000433959998190403,7.423000351991504e-05,-7.423000351991504e-05,0.20550000667572021,0.013000000268220901,0.21850000321865082,0.017000000923871994,0.026249999180436134,0.000750000006519258,-0.0005000000237487257,0.44580477476119995,0.5282676219940186,-0.16793498396873474,0.6916918754577637,-0.025710454
295,10664,-0.14610965248741317,-0.37979975545137434,-0.027109652487413177,0.14820024454862568,0.15065936991193335,0.22166374686486812,0.8284698128700256,0.5576154589653015,-1.0,0.8860465288162231,0.3084745705127716,-0.035374999046325684,0.030124999582767487,0.042374998331069946,-0.6141250133514404,0.0025866301730275154,0.0010335100814700127,8.565000462112948e-05,7.423000351991504e-05,0.31700000166893005,0.014000000432133675,0.3310000002384186,0.02199999988079071,0.04625000059604645,0.0020000000949949026,0.0005000000237487257,-0.9245144128799438,0.3148792088031769,-0.5672589540481567,0.7408292293548584,0.0
296,10665,-0.14926618574306683,-0.37640738918779165,-0.03026618574306683,0.15159261081220837,0.15458448063209804,0.21313174010443295,0.8230007886886597,0.5596614480018616,-1.0,0.8860465288162231,0.3084745705127716,-0.04312499985098839,0.03500000014901161,0.032249998301267624,-0.5998749732971191,0.00023411000438500196,0.0011305800871923566,7.423000351991504e-05,0.0,0.11949999630451202,0.006500000134110451,0.12600000202655792,0.003000000026077032,0.048250000923871994,0.0010000000474974513,-0.0002500000118743628,-0.5327765345573425,0.651929497718811,-0.5355839133262634,-0.8231854438781738,-0.12278226
297,10666,-0.14696024675289426,-0.3757579867581786,-0.02796024675289427,0.1522420132418214,0.15478826181078997,0.21269785996545917,0.8156600594520569,0.5654112100601196,-1.0,0.8860465288162231,0.3084745705127716,-0.0533749982714653,0.04625000059604645,0.02199999988079071,-0.5963749885559082,0.00028550002025440335,0.0011762600624933839,7.994000043254346e-05,5.7100001868093386e-05,0.12800000607967377,0.012000000104308128,0.14000000059604645,0.0037499999161809683,0.05000000074505806,0.001500000013038516,0.0002500000118743628,-0.3676340579986572,0.1826118379831314,0.5805501937866211,0.941910445690155,0.0
298,10667,-0.14903662101611437,-0.3758488735765237,-0.030036621016114373,0.15215112642347633,0.15508760064556534,0.2120621246458974,0.8210226893424988,0.566511869430542,-1.0,0.8860465288162231,0.3084745705127716,-0.05999999865889549,0.050999999046325684,0.029874999076128006,-0.5786250233650208,0.00023411000438500196,0.0010906100505962968,0.00011420000373618677,0.0,0.11599999666213989,0.009999999776482582,0.12600000202655792,0.0032500000670552254,0.04724999889731407,0.007499999832361937,0.0,0.8324786424636841,0.6695021390914917,-0.9678614139556885,-0.9501709938049316,-0.13802053
299,10668,-0.1520492506310079,-0.3740825343211591,-0.033049250631007915,0.1539174656788409,0.15742566248318077,0.20716149416649374,0.8161938786506653,0.5663578510284424,-1.0,0.8860465288162231,0.3084745705127716,-0.05287500098347664,0.0507499985396862,0.014375000260770321,-0.575124979019165,0.0023468099534511566,0.002084149979054928,7.994000043254346e-05,6.851999933132902e-05,0.3880000114440918,0.013000000268220901,0.4009999930858612,0.019999999552965164,0.07275000214576721,0.0022499999031424522,0.0005000000237487257,-0.994179368019104,-0.9728134274482727,-0.7376123070716858,-0.9486590623855591,0.0
300,10669,-0.1553163120515425,-0.37033410284037266,-0.03631631205154251,0.15766589715962737,0.1617943436841202,0.19830610904589013,0.8091877698898315,0.5693516135215759,-1.0,0.8860465288162231,0.3084745705127716,-0.06262499839067459,0.054249998182058334,0.001500000013038516,-0.5924999713897705,0.00016558999777771533,0.0005196100100874901,6.851999933132902e-05,0.0,0.05999999865889549,0.006000000052154064,0.06599999964237213,0.0022499999031424522,0.029500000178813934,0.0005000000237487257,-0.0002500000118743628,-0.7963460087776184,-0.835953414440155,-0.3489079773426056,-0.9749200344085693,-0.14099042
301,10670,-0.15311690692469523,-0.37289573148711364,-0.03411690692469524,0.1551042685128864,0.15881214515592273,0.20430905592064685,0.8015899658203125,0.5757049322128296,-1.0,0.8860465288162231,0.3084745705127716,-0.07662499696016312,0.05299999937415123,-0.004625000059604645,-0.5889999866485596,0.00010278000263497233,7.423000351991504e-05,0.0,6.851999933132902e-05,0.01549999974668026,0.006000000052154064,0.0215000007301569,0.0005000000237487257,0.000750000006519258,-0.0002500000118743628,0.0002500000118743628,0.376894474029541,0.8972077369689941,-0.6662540435791016,0.12481678277254105,-0.10395049
302,10671,-0.15104794446958633,-0.37350673472640844,-0.03204794446958634,0.15449326527359158,0.15778225426080725,0.20642408885662875,0.8067048788070679,0.5713631510734558,-1.0,0.8860465288162231,0.3084745705127716,-0.07112500071525574,0.05925000086426735,-0.002749999985098839,-0.5864999890327454,0.00028550002025440335,0.00034831001539714634,8.565000462112948e-05,0.0,0.05550000071525574,0.007499999832361937,0.06300000101327896,0.0035000001080334187,0.02174999937415123,0.0035000001080334187,-0.0002500000118743628,0.5829379558563232,0.8829416036605835,0.9334784150123596,-0.9352485537528992,-0.13622983
303,10672,-0.15319713651735828,-0.37386303461687453,-0.034197136517358284,0.1541369653831255,0.15788492088703615,0.20621226896165146,0.8115164041519165,0.5703275799751282,-1.0,0.8860465288162231,0.3084745705127716,-0.0651250034570694,0.06012500077486038,0.011374999769032001,-0.5831249952316284,0.001358980080112815,0.0012733300682157278,0.00014275001012720168,7.423000351991504e-05,0.2304999977350235,0.01899999938905239,0.24950000643730164,0.013249999843537807,0.05299999937415123,0.010250000283122063,0.0005000000237487257,0.1612679809331894,-0.9523811936378479,-0.9859899878501892,-0.539486289024353,0.0
304,10673,-0.15416748365823318,-0.37623713985499785,-0.03516748365823319,0.15176286014500218,0.15578420210741392,0.21059003005463003,0.8065183162689209,0.5697236657142639,-1.0,0.8860465288162231,0.3084745705127716,-0.06287500262260437,0.05887499824166298,-0.0024999999441206455,-0.5926250219345093,0.001581670017912984,0.000308340007904917,7.994000043254346e-05,-7.423000351991504e-05,0.1655000001192093,0.013500000350177288,0.17900000512599945,0.014750000089406967,0.019999999552965164,0.0012499999720603228,-0.0005000000237487257,0.5250710248947144,-0.47446638345718384,0.01298648864030838,0.8696037530899048,0.0
305,10674,-0.1540632609325394,-0.37995215243188385,-0.03506326093253939,0.14804784756811618,0.15214334502953294,0.21839859892832106,0.8042616844177246,0.5656997561454773,-1.0,0.8860465288162231,0.3084745705127716,-0.05237499997019768,0.048500001430511475,-0.0024999999441206455,-0.5767499804496765,0.0014046600554138422,0.00037115000304766,7.994000043254346e-05,6.851999933132902e-05,0.15549999475479126,0.013000000268220901,0.16850000619888306,0.013249999843537807,0.023000000044703484,0.001500000013038516,0.0002500000118743628,0.6565620303153992,-0.9819164276123047,0.29234859347343445,0.5878684520721436,0.0
306,10675,-0.1581940746713636,-0.37999594790558716,-0.0391940746713636,0.14800405209441286,0.15310576385528438,0.21630677191182676,0.8045040369033813,0.559403121471405,-1.0,0.8860465288162231,0.3084745705127716,-0.03849999979138374,0.032625000923871994,0.0011249999515712261,-0.565625011920929,0.0009364400175400078,0.00026837000041268766,9.707000572234392e-05,0.0,0.1054999977350235,0.008500000461935997,0.11400000005960464,0.009999999776482582,0.017999999225139618,0.004999999888241291,0.0,-0.18076127767562866,-0.7349286079406738,-0.7969161868095398,-0.504142165184021,-0.084497064
307,10676,-0.16102516485653176,-0.3822688673777784,-0.042025164856531766,0.14573113262222165,0.1516696327435859,0.21943563426639962,0.7948974967002869,0.5593289136886597,-1.0,0.8860465288162231,0.3084745705127716,-0.03799999877810478,0.026249999180436134,-0.011374999769032001,-0.5619999766349792,0.0001827200030675158,9.13600015337579e-05,7.423000351991504e-05,6.28100024187006e-05,0.024000000208616257,0.012000000104308128,0.035999998450279236,0.0022499999031424522,0.0032500000670552254,0.0002500000118743628,0.0002500000118743628,0.9895567893981934,0.6461590528488159,-0.6953334808349609,0.5062148571014404,0.0
308,10677,-0.1589196873996667,-0.3817522954493042,-0.0399196873996667,0.1462477045506958,0.15159806241649237,0.21959274128190007,0.7883135676383972,0.5554764866828918,-1.0,0.8860465288162231,0.3084745705127716,-0.025499999523162842,0.025499999523162842,-0.02500000037252903,-0.5526250004768372,0.0015074399998411536,0.0005024800193496048,7.994000043254346e-05,6.851999933132902e-05,0.17599999904632568,0.013000000268220901,0.1889999955892563,0.01425000000745058,0.028750000521540642,0.001500000013038516,0.0002500000118743628,-0.422149658203125,-0.31193625926971436,0.462645024061203,-0.8390971422195435,0.0
309,10678,-0.1580108184125377,-0.3806846413435531,-0.0390108184125377,0.1473153586564469,0.15239310630502148,0.21785380442804042,0.7932100296020508,0.5563520193099976,-1.0,0.8860465288162231,0.3084745705127716,-0.02800000086426735,0.0253749992698431,-0.018124999478459358,-0.5681250095367432,0.00026266000350005925,0.00025695000658743083,9.707000572234392e-05,0.0,0.045499999076128006,0.008500000461935997,0.05400000140070915,0.0035000001080334187,0.017500000074505806,0.004999999888241291,0.0,-0.49868592619895935,0.26281240582466125,0.234900563955307,-0.0334705226123333,-0.028016465
310,10679,-0.16021105604656088,-0.37695350835427716,-0.04121105604656089,0.15104649164572287,0.15656753743657786,0.20894684816397424,0.7953236699104309,0.5581616163253784,-1.0,0.8860465288162231,0.3084745705127716,-0.036249998956918716,0.02800000086426735,-0.012749999761581421,-0.5642499923706055,0.0001484600070398301,0.0003368900215718895,8.565000462112948e-05,5.7100000958598685e-06,0.042500000447034836,0.00800000037997961,0.05050000175833702,0.001500000013038516,0.02199999988079071,0.003000000026077032,-0.0002500000118743628,-0.8309053182601929,0.442746639251709,-0.41479894518852234,0.5981192588806152,0.0
311,10680,-0.16093065820002916,-0.37744241927742495,-0.04193065820002917,0.15055758072257508,0.15628744418577706,0.20953291456651013,0.7902068495750427,0.5644855499267578,-1.0,0.8860465288162231,0.3084745705127716,-0.051750000566244125,0.04087499901652336,-0.01912499964237213,-0.5532500147819519,0.00011420000373618677,0.0001827200030675158,6.851999933132902e-05,0.0,0.026000000536441803,0.006000000052154064,0.03200000151991844,0.001500000013038516,0.012749999761581421,0.0002500000118743628,0.0,0.2503701448440552,-0.05691608041524887,-0.35693058371543884,0.9738477468490601,0.0
312,10681,-0.1572847090107759,-0.37457002619697294,-0.03828470901077591,0.1534299738030271,0.15813435997668995,0.2056985359470464,0.7885333299636841,0.5636569261550903,-1.0,0.8860465288162231,0.3084745705127716,-0.04962500184774399,0.04087499901652336,-0.025750000029802322,-0.5348749756813049,0.0005710000405088067,0.0001827200030675158,7.423000351991504e-05,0.0,0.06599999964237213,0.006500000134110451,0.07249999791383743,0.006500000134110451,0.01075000036507845,0.0002500000118743628,-0.0002500000118743628,-0.7976565361022949,0.953786313533783,0.5181403756141663,0.6805577278137207,0.0
313,10682,-0.15354969188493656,-0.3745526714091031,-0.03454969188493656,0.15344732859089694,0.1572887912758781,0.20744523273853455,0.7970123291015625,0.5685253739356995,-1.0,0.8860465288162231,0.3084745705127716,-0.06237500160932541,0.05324999988079071,-0.017500000074505806,-0.5223749876022339,0.00017130000924225897,0.00035973000922240317,8.565000462112948e-05,6.28100024187006e-05,0.04650000110268593,0.013000000268220901,0.05950000137090683,0.0022499999031424522,0.02174999937415123,0.003000000026077032,0.0002500000118743628,-0.03815651312470436,-0.19759666919708252,0.884539008140564,0.7591054439544678,0.0
314,10683,-0.14202890925630726,-0.3747393663095477,-0.023028909256307267,0.15326063369045234,0.15498113595123197,0.2122880161647192,0.8056983947753906,0.5685548186302185,-1.0,0.8860465288162231,0.3084745705127716,-0.06262499839067459,0.05312500149011612,-0.0017500000540167093,-0.5081250071525574,0.00013133000175002962,0.0002169799990952015,9.707000572234392e-05,0.0,0.030500000342726707,0.008500000461935997,0.039000000804662704,0.001500000013038516,0.014750000089406967,0.0044999998062849045,0.0,-0.9264968633651733,-0.5976042747497559,0.6764269471168518,-0.8934176564216614,-0.13121012
315,10684,-0.141881004312956,-0.37522091352094455,-0.022881004312956005,0.15277908647905547,0.15448297519061516,0.21334819025392135,0.8324909210205078,0.568238377571106,-1.0,0.8860465288162231,0.3084745705127716,-0.07912500202655792,0.04924999922513962,0.013000000268220901,-0.5043749809265137,9.13600015337579e-05,7.423000351991504e-05,7.423000351991504e-05,2.2840000383439474e-05,0.014499999582767487,0.008500000461935997,0.023000000044703484,0.0,0.0002500000118743628,0.0002500000118743628,0.0,-0.6024000644683838,-0.14844244718551636,-0.5700722932815552,-0.7483952045440674,-0.11380743
316,10685,-0.14581929178063016,-0.3731514437624753,-0.026819291780630167,0.15484855623752475,0.15715390475728067,0.20772523719264777,0.8328348994255066,0.5674221515655518,-1.0,0.8860465288162231,0.3084745705127716,-0.09037499874830246,0.04662499949336052,0.0024999999441206455,-0.5007500052452087,9.707000572234392e-05,0.0,0.0,6.28100024187006e-05,0.008500000461935997,0.005499999970197678,0.014000000432133675,0.0,0.0,0.0,0.0002500000118743628,-0.8527260422706604,-0.7489818334579468,-0.8876949548721313,-0.6053236722946167,-0.24440123
317,10686,-0.14614572471116283,-0.368929241235855,-0.027145724711162833,0.159070758764145,0.1613703710843321,0.19914865743702348,0.8236760497093201,0.570929765701294,-1.0,0.8860465288162231,0.3084745705127716,-0.10625000298023224,0.05000000074505806,0.0062500000931322575,-0.5118749737739563,9.707000572234392e-05,7.994000043254346e-05,0.0,0.0,0.01549999974668026,0.0,0.01549999974668026,0.0,0.000750000006519258,0.0,0.0,0.8128801584243774,0.9681047201156616,0.9291460514068604,-0.5385042428970337,-0.08862051
318,10687,-0.1429796937124419,-0.37306578498081955,-0.023979693712441907,0.15493421501918048,0.1567789421260144,0.20850559131170338,0.8229169249534607,0.5780860185623169,-1.0,0.8860465288162231,0.3084745705127716,-0.09149999916553497,0.06612499803304672,0.023250000551342964,-0.5082499980926514,0.00011420000373618677,9.707000572234392e-05,7.423000351991504e-05,6.28100024187006e-05,0.01850000023841858,0.012000000104308128,0.030500000342726707,0.000750000006519258,0.004749999847263098,0.000750000006519258,0.0002500000118743628,0.7086651921272278,-0.6951807737350464,0.13716904819011688,-0.5702394247055054,0.0
319,10688,-0.14611323917684507,-0.37315321359576353,-0.027113239176845078,0.1548467864042365,0.15720259221266056,0.20762412567678623,0.8302797675132751,0.5710749626159668,-1.0,0.8860465288162231,0.3084745705127716,-0.07837499678134918,0.054625000804662704,0.0253749992698431,-0.518750011920929,0.00011991000064881518,7.994000043254346e-05,7.994000043254346e-05,0.0,0.017500000074505806,0.007000000216066837,0.02449999935925007,0.0010000000474974513,0.0017500000540167093,0.001500000013038516,0.0,0.6958636045455933,0.7509042024612427,0.009739631786942482,-0.8460739254951477,-0.12552889
320,10689,-0.15004860280152546,-0.3741158419482939,-0.031048602801525466,0.15388415805170613,0.15698518985945575,0.20807599642266997,0.8229924440383911,0.5709267854690552,-1.0,0.8860465288162231,0.3084745705127716,-0.06912499666213989,0.05624999850988388,0.02525000087916851,-0.515250027179718,0.0007651399937458336,0.0004510900180321187,7.994000043254346e-05,6.851999933132902e-05,0.10649999976158142,0.013000000268220901,0.11949999630451202,0.008500000461935997,0.026499999687075615,0.0020000000949949026,0.0005000000237487257,0.6205663681030273,0.40739768743515015,-0.9527670741081238,0.06692120432853699,0.0
321,10690,-0.15131565606706812,-0.3749331087696709,-0.03231565606706813,0.15306689123032913,0.15644096272384175,0.20921148948597332,0.8138404488563538,0.5692951679229736,-1.0,0.8860465288162231,0.3084745705127716,-0.061250001192092896,0.05587499961256981,0.007625000085681677,-0.5141249895095825,0.0017701000906527042,0.0009307300206273794,7.423000351991504e-05,7.423000351991504e-05,0.23649999499320984,0.013000000268220901,0.24950000643730164,0.01600000075995922,0.042500000447034836,0.0017500000540167093,0.000750000006519258,0.5285802483558655,-0.2239176481962204,0.6960961222648621,0.6896100044250488,-0.028974658
322,10691,-0.14920489253009392,-0.37377297443906454,-0.030204892530093924,0.15422702556093548,0.15715696276693555,0.2077188850319641,0.8108938336372375,0.5679099559783936,-1.0,0.8860465288162231,0.3084745705127716,-0.057999998331069946,0.05550000071525574,0.015250000171363354,-0.5009999871253967,0.0023867799900472164,0.0006794900400564075,0.0001827200030675158,7.423000351991504e-05,0.2685000002384186,0.02250000089406967,0.29100000858306885,0.020250000059604645,0.03500000014901161,0.012500000186264515,0.0002500000118743628,-0.7888407707214355,0.3218159079551697,-0.19690603017807007,-0.6884710788726807,0.0
323,10692,-0.1520141914244702,-0.3708241830738979,-0.03301419142447021,0.1571758169261021,0.16060564828734739,0.20067743060858584,0.8158025741577148,0.5698763132095337,-1.0,0.8860465288162231,0.3084745705127716,-0.06424999982118607,0.0560000017285347,0.015375000424683094,-0.5137500166893005,0.00022840000747237355,0.0010563500691205263,9.707000572234392e-05,0.0,0.11249999701976776,0.008500000461935997,0.12099999934434891,0.0032500000670552254,0.04600000008940697,0.004999999888241291,0.0,-0.6153104305267334,0.8479002714157104,-0.9127046465873718,-0.03413676470518112,-0.028096413
324,10693,-0.1552121612165042,-0.3669446395921974,-0.036212161216504196,0.1610553604078026,0.16507619372900892,0.19190363436679866,0.8092693090438843,0.5748742818832397,-1.0,0.8860465288162231,0.3084745705127716,-0.07587499916553497,0.07050000131130219,0.0002500000118743628,-0.5099999904632568,0.00027407999732531607,0.0011591300135478377,6.851999933132902e-05,0.0,0.12549999356269836,0.006000000052154064,0.1315000057220459,0.0035000001080334187,0.04874999821186066,0.0012499999720603228,0.0,-0.7759014368057251,0.9525307416915894,-0.7605100870132446,-0.671765148639679,-0.10461182
325,10694,-0.15408544730273557,-0.3667500703651608,-0.03508544730273558,0.16124992963483925,0.16502281181604453,0.19200610354544242,0.8018321990966797,0.5814497470855713,-1.0,0.8860465288162231,0.3084745705127716,-0.09062500298023224,0.08699999749660492,-0.014000000432133675,-0.5065000057220459,0.0002969200140796602,0.0012219400377944112,7.423000351991504e-05,6.28100024187006e-05,0.13300000131130219,0.012000000104308128,0.14499999582767487,0.004000000189989805,0.051249999552965164,0.0012499999720603228,0.0005000000237487257,0.44342243671417236,0.8412665128707886,0.6544517278671265,-0.2836028039455414,0.0
326,10695,-0.155806363620964,-0.36800051822494373,-0.03680636362096401,0.1599994817750563,0.16417838643160432,0.1936343166709028,0.8044524192810059,0.5817795395851135,-1.0,0.8860465288162231,0.3084745705127716,-0.08924999833106995,0.08699999749660492,-0.006624999921768904,-0.5112500190734863,0.0020099200773984194,0.0025009801611304283,0.0001598800008650869,-7.423000351991504e-05,0.39500001072883606,0.020500000566244125,0.4154999852180481,0.017750000581145287,0.08275000005960464,0.010999999940395355,-0.0005000000237487257,0.7403281927108765,0.21929234266281128,-0.01661493442952633,0.7676138281822205,-0.13212068
327,10696,-0.15502236108269823,-0.3661697170324437,-0.03602236108269824,0.1618302829675563,0.16579098583255858,0.19053681312661977,0.800450325012207,0.5796601176261902,-1.0,0.8860465288162231,0.3084745705127716,-0.0860000029206276,0.08687499910593033,-0.006624999921768904,-0.4975000023841858,0.0030091700609773397,0.0019927900284528732,0.0001484600070398301,7.994000043254346e-05,0.43799999356269836,0.019999999552965164,0.4580000042915344,0.02449999935925007,0.06424999982118607,0.010499999858438969,0.000750000006519258,-0.9027164578437805,-0.8640945553779602,-0.5496147871017456,0.26613566279411316,0.0
328,10697,-0.15914688387817522,-0.36694124355525676,-0.04014688387817522,0.16105875644474327,0.16598703356785077,0.19016363594182145,0.8022735714912415,0.5827631950378418,-1.0,0.8860465288162231,0.3084745705127716,-0.09224999696016312,0.08749999850988388,-0.011874999850988388,-0.492249995470047,0.0002512400096748024,0.0005538699915632606,7.994000043254346e-05,6.851999933132902e-05,0.07050000131130219,0.013000000268220901,0.08349999785423279,0.0032500000670552254,0.030750000849366188,0.0005000000237487257,0.0,0.5399702787399292,0.9599442481994629,-0.785530149936676,0.3476031422615051,0.0
329,10698,-0.16098842747550127,-0.367984971779797,-0.04198842747550127,0.16001502822020303,0.16543227405248892,0.19122151844579482,0.7926816940307617,0.5814555287361145,-1.0,0.8860465288162231,0.3084745705127716,-0.08837500214576721,0.08787500113248825,-0.026875000447034836,-0.4860000014305115,0.0017015800112858415,0.0017872300231829286,7.423000351991504e-05,6.851999933132902e-05,0.30550000071525574,0.012500000186264515,0.3179999887943268,0.01549999974668026,0.06575000286102295,0.0012499999720603228,0.0005000000237487257,0.7338322401046753,-0.5604807138442993,-0.3671756684780121,-0.1488213688135147,0.0
330,10699,-0.164055675395736,-0.36624167700966,-0.04505567539573602,0.16175832299034004,0.16791595797306788,0.18653067434353984,0.7883989810943604,0.5796864628791809,-1.0,0.8860465288162231,0.3084745705127716,-0.07999999821186066,0.08699999749660492,-0.03400000184774399,-0.4880000054836273,0.003277539974078536,0.0010163800325244665,7.994000043254346e-05,-7.994000043254346e-05,0.37599998712539673,0.014000000432133675,0.38999998569488525,0.026249999180436134,0.04650000110268593,0.0017500000540167093,-0.0010000000474974513,-0.9739453196525574,0.9119599461555481,-0.8645071983337402,-0.7922095656394958,0.0
331,10700,-0.16885264543990808,-0.36301576098163385,-0.04985264543990808,0.16498423901836617,0.17235163295375697,0.1784375980682488,0.7812658548355103,0.5826412439346313,-1.0,0.8860465288162231,0.3084745705127716,-0.0872500017285347,0.09087499976158142,-0.04962500184774399,-0.503250002861023,0.00032546999864280224,0.002101280028000474,7.423000351991504e-05,0.0,0.21250000596046448,0.006500000134110451,0.21899999678134918,0.0042500002309679985,0.07275000214576721,0.000750000006519258,0.0,-0.6731210947036743,0.6742274761199951,-0.7944046258926392,0.911093533039093,-0.04330159
332,10701,-0.16801936149130015,-0.36411681331102086,-0.04901936149130015,0.16388318668897917,0.17105729063781397,0.18076220312731753,0.7701101303100586,0.5881088972091675,-1.0,0.8860465288162231,0.3084745705127716,-0.10000000149011612,0.10312499850988388,-0.06437499821186066,-0.48612499237060547,0.0003768599999602884,0.0015645400853827596,7.423000351991504e-05,0.0,0.17000000178813934,0.006500000134110451,0.17649999260902405,0.004749999847263098,0.05999999865889549,0.0005000000237487257,-0.0002500000118743628,0.7681549787521362,-0.6265592575073242,0.29599514603614807,0.5742648839950562,0.0
333,10702,-0.17205314786223247,-0.3649586908383051,-0.053053147862232475,0.1630413091616949,0.17145583977004483,0.180043210656194,0.7720479965209961,0.58624267578125,-1.0,0.8860465288162231,0.3084745705127716,-0.09437499940395355,0.1014999970793724,-0.06199999898672104,-0.47587499022483826,0.0026551501359790564,0.000799400033429265,0.00011420000373618677,7.423000351991504e-05,0.30250000953674316,0.016499999910593033,0.3190000057220459,0.02225000038743019,0.03999999910593033,0.006750000175088644,0.000750000006519258,0.3742015063762665,-0.6295983791351318,-0.6826668381690979,0.7812548875808716,-0.028119
334,10703,-0.17498593256351808,-0.3648252994576724,-0.05598593256351808,0.16317470054232763,0.1725120504257169,0.17815158245524504,0.7626671195030212,0.5848158001899719,-1.0,0.8860465288162231,0.3084745705127716,-0.09000000357627869,0.09549999982118607,-0.07150000333786011,-0.460999995470047,0.0021069899667054415,0.000491060025524348,7.423000351991504e-05,6.851999933132902e-05,0.22750000655651093,0.012500000186264515,0.23999999463558197,0.01850000023841858,0.02850000001490116,0.0002500000118743628,0.0002500000118743628,-0.48508694767951965,0.1394200474023819,-0.7921134829521179,0.12786193192005157,0.0
335,10704,-0.1737464235137655,-0.3649595284168185,-0.05474642351376552,0.16304047158318152,0.1719865293027765,0.17909027099484545,0.7558466792106628,0.585041880607605,-1.0,0.8860465288162231,0.3084745705127716,-0.09149999916553497,0.09562499821186066,-0.08624999970197678,-0.4584999978542328,0.0002797899942379445,0.0006281000096350908,6.851999933132902e-05,6.28100024187006e-05,0.0794999971985817,0.011500000022351742,0.09099999815225601,0.0035000001080334187,0.033250000327825546,0.0002500000118743628,0.0,0.3549748957157135,-0.1662813127040863,0.6602120399475098,0.836059033870697,0.0
336,10705,-0.17418015843778223,-0.3639343186181094,-0.055180158437782234,0.16406568138189065,0.1730964982098795,0.17711341620409193,0.7587292194366455,0.5848143696784973,-1.0,0.8860465288162231,0.3084745705127716,-0.09037499874830246,0.09549999982118607,-0.07587499916553497,-0.4427500069141388,0.0015531200915575027,0.0004682200087700039,9.13600015337579e-05,0.0,0.1770000010728836,0.00800000037997961,0.1850000023841858,0.014499999582767487,0.027499999850988388,0.0042500002309679985,-0.0002500000118743628,-0.8894442319869995,-0.5806468725204468,-0.5755453109741211,-0.791132926940918,-0.11893596
337,10706,-0.17592523913716318,-0.3663228016811432,-0.056925239137163186,0.16167719831885685,0.17140594886717958,0.18013305825056233,0.7577205896377563,0.5865520238876343,-1.0,0.8860465288162231,0.3084745705127716,-0.10037499666213989,0.0949999988079071,-0.08474999666213989,-0.43924999237060547,0.0001256200048374012,0.00010848999954760075,7.423000351991504e-05,6.28100024187006e-05,0.020500000566244125,0.012000000104308128,0.032499998807907104,0.0012499999720603228,0.006750000175088644,0.0005000000237487257,0.0002500000118743628,0.761958122253418,-0.4138936400413513,-0.4832330048084259,-0.8654203414916992,0.0
338,10707,-0.1700812751063733,-0.3691869366404175,-0.05108127510637331,0.1588130633595825,0.16682591453412673,0.18857506183397424,0.7536622285842896,0.5825037360191345,-1.0,0.8860465288162231,0.3084745705127716,-0.0886249989271164,0.0860000029206276,-0.09350000321865082,-0.45512500405311584,0.0005253200070001185,0.00013703999866265804,0.0,0.0,0.057999998331069946,0.0,0.057999998331069946,0.0062500000931322575,0.00925000011920929,0.0,-0.0002500000118743628,-0.3794448673725128,-0.8439418077468872,0.12366335093975067,-0.9285191297531128,-0.1445827
339,10708,-0.17016572890056078,-0.3693445083318263,-0.051165728900560786,0.15865549166817372,0.1667018201772123,0.1888092181015664,0.7672528624534607,0.5776492357254028,-1.0,0.8860465288162231,0.3084745705127716,-0.0925000011920929,0.07462500035762787,-0.0898749977350235,-0.4516249895095825,9.13600015337579e-05,7.423000351991504e-05,7.423000351991504e-05,6.28100024187006e-05,0.014499999582767487,0.012000000104308128,0.026499999687075615,0.0,0.0005000000237487257,0.0002500000118743628,0.0002500000118743628,0.005874014925211668,-0.7696172595024109,-0.5817205905914307,-0.10709559172391891,-0.036851473
340,10709,-0.17793859200627934,-0.3669251546473516,-0.05893859200627935,0.16107484535264843,0.17151928006222003,0.17992902694038315,0.7670564651489258,0.5773822069168091,-1.0,0.8860465288162231,0.3084745705127716,-0.0923750028014183,0.060499999672174454,-0.10050000250339508,-0.4478749930858612,0.0,6.851999933132902e-05,0.0,6.851999933132902e-05,0.006000000052154064,0.006000000052154064,0.012000000104308128,-0.0002500000118743628,0.0,-0.0002500000118743628,0.0002500000118743628,-0.7283022403717041,0.8084172010421753,0.43573230504989624,-0.8428731560707092,-0.111396275
341,10710,-0.1410780350719258,-0.3802725492940497,-0.022078035071925795,0.14772745070595034,0.149368133565082,0.2245445084268961,0.7489800453186035,0.5814827680587769,-1.0,0.8860465288162231,0.3084745705127716,-0.08887500315904617,0.0729999989271164,-0.0925000011920929,-0.4633750021457672,9.707000572234392e-05,0.00010278000263497233,1.1420000191719737e-05,0.0,0.017500000074505806,0.0010000000474974513,0.01850000023841858,0.0002500000118743628,0.005249999929219484,0.0,-0.0002500000118743628,-0.6058773994445801,-0.4157200753688812,0.9665696620941162,0.3209356665611267,0.0
342,10711,-0.16940396447663392,-0.36499010655712666,-0.05040396447663392,0.16300989344287337,0.17062469046189857,0.18154587459595653,0.8347022533416748,0.5588600635528564,-1.0,0.8860465288162231,0.3084745705127716,-0.10000000149011612,0.06800000369548798,-0.07450000196695328,-0.4573749899864197,9.13600015337579e-05,-7.423000351991504e-05,0.0,0.0,0.014499999582767487,0.0,0.014499999582767487,0.0,-0.0002500000118743628,0.0,-0.0002500000118743628,-0.15919843316078186,0.9300832152366638,0.23805028200149536,-0.3316054940223694,-0.06379266
343,10712,-0.1735600718392122,-0.36564411886469494,-0.054560071839212215,0.16235588113530508,0.17127823439748938,0.1803632612005919,0.7688279747962952,0.5847625136375427,-1.0,0.8860465288162231,0.3084745705127716,-0.10300000011920929,0.08375000208616257,-0.0702499970793724,-0.45375001430511475,9.707000572234392e-05,8.565000462112948e-05,7.994000043254346e-05,6.851999933132902e-05,0.01600000075995922,0.013000000268220901,0.028999999165534973,0.0002500000118743628,0.003000000026077032,0.0002500000118743628,0.0,0.3347647488117218,0.04376448318362236,-0.88206946849823,-0.9194661378860474,0.0
344,10713,-0.17260300799911346,-0.3656170037775887,-0.05360300799911347,0.1623829962224113,0.17100152025265936,0.18086304302100042,0.7591626048088074,0.5836540460586548,-1.0,0.8860465288162231,0.3084745705127716,-0.09712500125169754,0.08399999886751175,-0.08662500232458115,-0.47087499499320984,0.0001256200048374012,9.13600015337579e-05,0.0,0.0,0.01899999938905239,0.0,0.01899999938905239,0.0010000000474974513,0.004000000189989805,0.0,0.0,0.213199183344841,-0.18119914829730988,-0.4584612250328064,0.7903169989585876,-0.07901535
345,10714,-0.17154540254736844,-0.3679146465998627,-0.05254540254736845,0.1600853534001373,0.168488396342632,0.1854659515409684,0.76138836145401,0.5837000012397766,-1.0,0.8860465288162231,0.3084745705127716,-0.09375,0.08212500065565109,-0.0833749994635582,-0.4560000002384186,0.00017701000615488738,7.423000351991504e-05,7.994000043254346e-05,0.0,0.02199999988079071,0.007000000216066837,0.028999999165534973,0.0020000000949949026,0.0010000000474974513,0.0010000000474974513,-0.0002500000118743628,0.6926335096359253,-0.09072761237621307,0.15138235688209534,0.06649024784564972,-0.016021172
346,10715,-0.17237959438126682,-0.36785885421329406,-0.053379594381266826,0.16014114578670596,0.16880334022224674,0.18488275672806292,0.7638478875160217,0.5798056721687317,-1.0,0.8860465288162231,0.3084745705127716,-0.08275000005960464,0.0768750011920929,-0.08087500184774399,-0.45237499475479126,0.0004967700224369764,0.00013133000175002962,7.994000043254346e-05,0.0,0.054999999701976776,0.007000000216066837,0.06199999898672104,0.005750000011175871,0.008249999955296516,0.001500000013038516,0.0,-0.08677837252616882,0.6426175832748413,-0.08094315230846405,0.9864387512207031,0.0
347,10716,-0.1739863814290095,-0.37097917539194303,-0.054986381429009495,0.157020824608057,0.16637019415523538,0.18943639797172102,0.7619079351425171,0.5799002647399902,-1.0,0.8860465288162231,0.3084745705127716,-0.08275000005960464,0.07787500321865082,-0.08162499964237213,-0.4339999854564667,0.00017130000924225897,0.000559579988475889,0.0,0.0,0.06400000303983688,0.0,0.06400000303983688,0.0024999999441206455,0.030249999836087227,0.0,0.0,0.9069538712501526,-0.8641691207885742,0.058372870087623596,-0.8794714212417603,-0.14653185
348,10717,-0.175865544014604,-0.37177586937468676,-0.056865544014604,0.15622413062531326,0.16625182430792093,0.18966076631279183,0.7581712007522583,0.5746115446090698,-1.0,0.8860465288162231,0.3084745705127716,-0.06949999928474426,0.06875000149011612,-0.07912500202655792,-0.43050000071525574,0.0009478600113652647,0.00023411000438500196,8.565000462112948e-05,6.851999933132902e-05,0.10350000113248825,0.013500000350177288,0.11699999868869781,0.009999999776482582,0.016249999403953552,0.0024999999441206455,0.0005000000237487257,0.5123677849769592,0.37444138526916504,-0.7071961164474487,-0.8704409599304199,0.0
349,10718,-0.1769880862387863,-0.37209206865508315,-0.05798808623878632,0.15590793134491687,0.16634272211878773,0.18948844715717514,0.7538010478019714,0.5732612609863281,-1.0,0.8860465288162231,0.3084745705127716,-0.06337500363588333,0.06825000047683716,-0.09137500077486038,-0.4463750123977661,0.0018728800350800157,0.0005824200343340635,7.994000043254346e-05,-7.423000351991504e-05,0.2150000035762787,0.013500000350177288,0.22849999368190765,0.016750000417232513,0.03125,0.0005000000237487257,-0.0002500000118743628,0.5561715364456177,0.9168756008148193,-0.019421787932515144,0.7808070182800293,-0.03170178
350,10719,-0.17677414846986683,-0.3730520856293481,-0.05777414846986684,0.15494791437065192,0.16536840205805067,0.19134369445739532,0.7511904835700989,0.5727252960205078,-1.0,0.8860465288162231,0.3084745705127716,-0.06062500178813934,0.06800000369548798,-0.09137500077486038,-0.4322499930858612,0.002649439964443445,0.0017929400783032179,0.0,7.423000351991504e-05,0.3889999985694885,0.006500000134110451,0.3955000042915344,0.02199999988079071,0.06599999964237213,0.0,0.000750000006519258,0.9876971244812012,-0.818584144115448,-0.9371078014373779,-0.05529545247554779,-0.21000873
351,10720,-0.18033259338133603,-0.37285313749724136,-0.06133259338133604,0.15514686250275866,0.16682996120400617,0.18856743097814568,0.7516880035400391,0.5710981488227844,-1.0,0.8860465288162231,0.3084745705127716,-0.05624999850988388,0.0676250010728836,-0.09025000035762787,-0.4325000047683716,0.0034374201204627752,0.0007023300277069211,9.707000572234392e-05,-7.994000043254346e-05,0.36250001192092896,0.01549999974668026,0.3779999911785126,0.027249999344348907,0.036249998956918716,0.005249999929219484,-0.000750000006519258,0.3751981258392334,-0.1872180849313736,-0.4695855379104614,-0.7611613273620605,-0.044380296
352,10721,-0.18223082039622637,-0.37274220986323026,-0.06323082039622638,0.15525779013676977,0.16763984623630826,0.18704641911632408,0.7434125542640686,0.5714353322982788,-1.0,0.8860465288162231,0.3084745705127716,-0.05624999850988388,0.0676250010728836,-0.09662500023841858,-0.4468750059604645,0.0034317101817578077,0.0005139000131748617,7.423000351991504e-05,-7.423000351991504e-05,0.34549999237060547,0.013000000268220901,0.35850000381469727,0.027249999344348907,0.029249999672174454,0.0005000000237487257,-0.0005000000237487257,-0.8253105878829956,0.5941917896270752,-0.8282762765884399,0.15968389809131622,-0.09003728
353,10722,-0.18421755286310545,-0.3730431435902636,-0.06521755286310546,0.15495685640973644,0.16812185030459198,0.18614701708509573,0.7389981150627136,0.5716233849525452,-1.0,0.8860465288162231,0.3084745705127716,-0.05624999850988388,0.0677499994635582,-0.1120000034570694,-0.44449999928474426,0.002986330073326826,0.0012162299826741219,6.851999933132902e-05,7.423000351991504e-05,0.36800000071525574,0.012500000186264515,0.3804999887943268,0.02449999935925007,0.051249999552965164,0.0002500000118743628,0.0005000000237487257,0.07951170951128006,-0.9695268869400024,-0.06483824551105499,-0.734542727470398,-0.019951174
354,10723,-0.18284463834840328,-0.37285695360554166,-0.06384463834840329,0.15514304639445836,0.16776621438892714,0.18681020129542972,0.7343778014183044,0.5711132884025574,-1.0,0.8860465288162231,0.3084745705127716,-0.055125001817941666,0.06424999982118607,-0.11312499642372131,-0.45762500166893005,0.0020270501263439655,0.00034260001848451793,4.568000076687895e-05,-6.851999933132902e-05,0.20749999582767487,0.009999999776482582,0.2175000011920929,0.017750000581145287,0.02199999988079071,0.0002500000118743628,-0.000750000006519258,-0.19620637595653534,0.544068455696106,0.5639463663101196,-0.9693089127540588,0.0
355,10724,-0.18371836046197224,-0.37294735010678653,-0.06471836046197224,0.1550526498932135,0.16801723250843412,0.18634186189538574,0.737570583820343,0.5714288949966431,-1.0,0.8860465288162231,0.3084745705127716,-0.055125001817941666,0.06412500143051147,-0.10374999791383743,-0.47612500190734863,0.0009935400448739529,0.0009136000298894942,7.994000043254346e-05,0.0,0.16699999570846558,0.007000000216066837,0.17399999499320984,0.010499999858438969,0.042500000447034836,0.0024999999441206455,0.0,0.2566014528274536,0.20521526038646698,-0.4242361783981323,-0.9147109985351562,-0.13376534
356,10725,-0.1791030359425053,-0.3726423317099617,-0.060103035942505295,0.15535766829003833,0.16657845006489785,0.18904229599066272,0.7355387210845947,0.5712756514549255,-1.0,0.8860465288162231,0.3084745705127716,-0.055125001817941666,0.06412500143051147,-0.11050000041723251,-0.4727500081062317,0.0023525201249867678,0.001164840068668127,2.8550000934046693e-05,6.851999933132902e-05,0.30799999833106995,0.008500000461935997,0.3165000081062317,0.019999999552965164,0.05000000074505806,0.0002500000118743628,0.000750000006519258,0.9716072082519531,0.24469402432441711,0.9805357456207275,0.9135885238647461,-0.14716072
357,10726,-0.18096890887343822,-0.3737683177704099,-0.06196890887343823,0.1542316822295901,0.16621539480545644,0.18972987137288047,0.7462720274925232,0.5717926621437073,-1.0,0.8860465288162231,0.3084745705127716,-0.05674999952316284,0.06424999982118607,-0.09362500160932541,-0.45512500405311584,0.00034831001539714634,0.0015245700487866998,8.565000462112948e-05,0.0,0.164000004529953,0.007499999832361937,0.17149999737739563,0.0044999998062849045,0.05874999985098839,0.0032500000670552254,-0.0002500000118743628,0.7996841669082642,0.3018859326839447,-0.6210657358169556,-0.9398105144500732,-0.13677728
358,10727,-0.1772315871948888,-0.37374179349158265,-0.0582315871948888,0.15425820650841737,0.1648833285157401,0.19227410686193758,0.74193274974823,0.569884181022644,-1.0,0.8860465288162231,0.3084745705127716,-0.051874998956918716,0.0637499988079071,-0.10362499952316284,-0.4517500102519989,0.0029806201346218586,0.001947110053151846,6.851999933132902e-05,7.423000351991504e-05,0.43149998784065247,0.012500000186264515,0.4440000057220459,0.02449999935925007,0.07100000232458115,0.0,0.0005000000237487257,0.4076455235481262,-0.7069785594940186,0.9791452884674072,-0.9625528454780579,-0.03722619
359,10728,-0.17122796059123283,-0.3739914460219719,-0.05222796059123283,0.15400855397802815,0.16262347483042716,0.19666868889148464,0.7506242394447327,0.5699291825294495,-1.0,0.8860465288162231,0.3084745705127716,-0.051874998956918716,0.0637499988079071,-0.08799999952316284,-0.4690000116825104,0.0035116500221192837,0.0009535700082778931,9.707000572234392e-05,-7.994000043254346e-05,0.39100000262260437,0.01549999974668026,0.4065000116825104,0.02800000086426735,0.04450000077486038,0.005249999929219484,-0.0010000000474974513,0.6946480870246887,0.2769854664802551,0.8497704863548279,-0.6264355182647705,-0.09235778
360,10729,-0.17675049489214734,-0.3742133408141352,-0.05775049489214734,0.15378665918586482,0.16427250592791623,0.19345215476574626,0.7645861506462097,0.569506049156189,-1.0,0.8860465288162231,0.3084745705127716,-0.051874998956918716,0.06362500041723251,-0.0729999989271164,-0.4807499945163727,0.003083400195464492,0.0013247199822217226,0.00011420000373618677,-7.423000351991504e-05,0.38600000739097595,0.016499999910593033,0.4025000035762787,0.02525000087916851,0.054999999701976776,0.007000000216066837,-0.000750000006519258,0.8768366575241089,-0.46748238801956177,-0.9633272290229797,-0.41981348395347595,-0.13768367
361,10730,-0.17331658076407766,-0.3729091212624689,-0.054316580764077665,0.15509087873753113,0.1643273306954146,0.19334612413985325,0.7517430186271667,0.5691299438476562,-1.0,0.8860465288162231,0.3084745705127716,-0.0521249994635582,0.06362500041723251,-0.08787500113248825,-0.4886249899864197,0.0006109700188972056,0.0007537199999205768,7.423000351991504e-05,-6.851999933132902e-05,0.11949999630451202,0.012500000186264515,0.13199999928474426,0.007000000216066837,0.03750000149011612,0.000750000006519258,-0.0005000000237487257,-0.5910195112228394,-0.7570418119430542,0.9084087014198303,0.14349719882011414,0.0
362,10731,-0.17089310092052934,-0.37665564558491244,-0.051893100920529345,0.1513443544150876,0.15999377343030535,0.20190908961344564,0.7597289085388184,0.5713405013084412,-1.0,0.8860465288162231,0.3084745705127716,-0.061124999076128006,0.06237500160932541,-0.07124999910593033,-0.48625001311302185,0.00020556000526994467,0.00017701000615488738,7.994000043254346e-05,6.28100024187006e-05,0.03350000083446503,0.012500000186264515,0.04600000008940697,0.003000000026077032,0.011749999597668648,0.001500000013038516,0.0,0.8022940158843994,-0.9342578053474426,0.3538303077220917,-0.9318754076957703,0.0
363,10732,-0.17540054784993936,-0.3781610192684382,-0.056400547849939364,0.14983898073156182,0.160102285881391,0.20169011194184788,0.7653648853302002,0.5649904608726501,-1.0,0.8860465288162231,0.3084745705127716,-0.04699999839067459,0.045625001192092896,-0.06462500244379044,-0.5036249756813049,0.0003825699968729168,0.0001541700039524585,7.994000043254346e-05,0.0,0.04699999839067459,0.007000000216066837,0.05400000140070915,0.004749999847263098,0.010250000283122063,0.001500000013038516,0.0,0.9757585525512695,0.2843013107776642,-0.5807359218597412,0.8406409025192261,0.0
364,10733,-0.1781043682983755,-0.37781106758033794,-0.05910436829837551,0.15018893241966208,0.16140025332479452,0.19908915624691764,0.7548824548721313,0.56243896484375,-1.0,0.8860465288162231,0.3084745705127716,-0.035999998450279236,0.042249999940395355,-0.07500000298023224,-0.4878750145435333,0.0022097700275480747,0.0004625100118573755,7.423000351991504e-05,7.423000351991504e-05,0.23399999737739563,0.013000000268220901,0.24699999392032623,0.01924999989569187,0.027499999850988388,0.0005000000237487257,0.0,-0.7127394676208496,-0.8556827902793884,-0.8254541754722595,-0.8685298562049866,0.0
365,10734,-0.17581131957896445,-0.3785370199994554,-0.05681131957896446,0.14946298000054464,0.15989592997617683,0.2021067411196851,0.7485944628715515,0.5630320906639099,-1.0,0.8860465288162231,0.3084745705127716,-0.04024999961256981,0.03762499988079071,-0.09012500196695328,-0.5041249990463257,0.0001256200048374012,9.707000572234392e-05,0.0,3.997000021627173e-05,0.019500000402331352,0.0035000001080334187,0.023000000044703484,0.0012499999720603228,0.004749999847263098,0.0,0.0,0.02855577878654003,0.9992252588272095,-0.7192775011062622,-0.27114662528038025,-0.16685091
366,10735,-0.17831249488686615,-0.378818796832021,-0.05931249488686616,0.149181203167979,0.16053972539016736,0.20080976659989658,0.7539271712303162,0.5618016719818115,-1.0,0.8860465288162231,0.3084745705127716,-0.04050000011920929,0.04100000113248825,-0.08762499690055847,-0.5005000233650208,0.00021127000218257308,0.0006909100338816643,7.994000043254346e-05,6.28100024187006e-05,0.07900000363588333,0.012500000186264515,0.09149999916553497,0.002749999985098839,0.03525000065565109,0.0024999999441206455,0.0002500000118743628,0.8082992434501648,0.9972144961357117,0.28833138942718506,-0.6306997537612915,0.0
367,10736,-0.1797100063040942,-0.3788379983810965,-0.060710006304094205,0.14916200161890353,0.16104349596429202,0.199800689935519,0.7481104731559753,0.5613240599632263,-1.0,0.8860465288162231,0.3084745705127716,-0.03362499922513962,0.041999999433755875,-0.08375000208616257,-0.5120000243186951,0.002186930039897561,0.0019813701510429382,9.707000572234392e-05,-6.851999933132902e-05,0.36500000953674316,0.014499999582767487,0.37950000166893005,0.01924999989569187,0.07050000131130219,0.005499999970197678,-0.0002500000118743628,-0.47168418765068054,0.8032863736152649,-0.6816737055778503,0.021714849397540092,-0.04875627
368,10737,-0.17801207508883188,-0.37942896634698,-0.05901207508883188,0.14857103365302005,0.15986174353802335,0.20217584602732222,0.7448604702949524,0.561291515827179,-1.0,0.8860465288162231,0.3084745705127716,-0.03525000065565109,0.042500000447034836,-0.09387499839067459,-0.5120000243186951,0.0003939900198020041,0.00263802008703351,7.423000351991504e-05,6.28100024187006e-05,0.265500009059906,0.012000000104308128,0.2775000035762787,0.004999999888241291,0.08425000309944153,0.0002500000118743628,0.0005000000237487257,0.6862180233001709,-0.5273750424385071,0.5308827757835388,-0.45903801918029785,-0.0027375042
369,10738,-0.17609007046645525,-0.3780046970870786,-0.057090070466455256,0.1499953029129214,0.1604925762825305,0.20090446893679512,0.7488090991973877,0.5602898597717285,-1.0,0.8860465288162231,0.3084745705127716,-0.03200000151991844,0.042374998331069946,-0.08662500232458115,-0.5199999809265137,0.0028778400737792253,0.001735839992761612,0.00010848999954760075,-7.994000043254346e-05,0.40400001406669617,0.016499999910593033,0.4205000102519989,0.024000000208616257,0.06575000286102295,0.005499999970197678,-0.0005000000237487257,-0.7569053173065186,0.17845876514911652,0.11816222220659256,0.768488347530365,-0.009602509
370,10739,-0.17586116130388968,-0.37705669390217605,-0.056861161303889685,0.15094330609782397,0.16129808839712995,0.1992926594761479,0.753278911113739,0.5627039074897766,-1.0,0.8860465288162231,0.3084745705127716,-0.036249998956918716,0.04262499883770943,-0.08375000208616257,-0.5058749914169312,0.0003368900215718895,0.0019071400165557861,9.13600015337579e-05,0.0,0.1965000033378601,0.00800000037997961,0.2045000046491623,0.0042500002309679985,0.06875000149011612,0.004000000189989805,0.0,-0.29612070322036743,0.2229999452829361,0.16380858421325684,-0.9049862623214722,-0.145684
371,10740,-0.1762809357674679,-0.37329413949858414,-0.0572809357674679,0.15470586050141588,0.16496972108808433,0.19210806804799607,0.753811240196228,0.5643106698989868,-1.0,0.8860465288162231,0.3084745705127716,-0.0416250005364418,0.04724999889731407,-0.0807500034570694,-0.5022500157356262,0.0003197600017301738,0.0017130000051110983,9.13600015337579e-05,6.28100024187006e-05,0.17800000309944153,0.013500000350177288,0.1914999932050705,0.004000000189989805,0.0637499988079071,0.004000000189989805,0.0002500000118743628,-0.8288469910621643,0.5589926838874817,-0.17509666085243225,-0.876589298248291,-0.011179852
372,10741,-0.17476401984357903,-0.3708329898553611,-0.05576401984357904,0.1571670101446389,0.1667665883410706,0.1886869694311899,0.7528350353240967,0.5706878900527954,-1.0,0.8860465288162231,0.3084745705127716,-0.057374998927116394,0.06212500110268593,-0.08212500065565109,-0.5184999704360962,0.00034260001848451793,0.0011876800563186407,7.423000351991504e-05,0.0,0.1340000033378601,0.006500000134110451,0.1404999941587448,0.0044999998062849045,0.0507499985396862,0.0002500000118743628,0.0,-0.9341146945953369,-0.8701807260513306,-0.07168280333280563,0.8253157734870911,0.0
373,10742,-0.17210980462075684,-0.3712008009263308,-0.053109804620756845,0.15679919907366924,0.16554950974557164,0.19099746993139735,0.7563627362251282,0.5748593211174011,-1.0,0.8860465288162231,0.3084745705127716,-0.0729999989271164,0.06687500327825546,-0.0832500010728836,-0.503000020980835,0.00010278000263497233,0.00013703999866265804,0.0,-6.851999933132902e-05,0.020999999716877937,0.006000000052154064,0.027000000700354576,0.000750000006519258,0.008750000037252903,0.0,-0.0002500000118743628,-0.09358888864517212,-0.05264414846897125,-0.4016627073287964,0.25677719712257385,-0.07219952
374,10743,-0.17522130319881396,-0.36900444301532387,-0.056221303198813966,0.15899555698467616,0.16864288325998336,0.18517965211421647,0.7625353336334229,0.5742359161376953,-1.0,0.8860465288162231,0.3084745705127716,-0.07450000196695328,0.06700000166893005,-0.07999999821186066,-0.4984999895095825,9.707000572234392e-05,0.00010848999954760075,7.423000351991504e-05,6.28100024187006e-05,0.017999999225139618,0.012000000104308128,0.029999999329447746,0.0002500000118743628,0.006750000175088644,0.0010000000474974513,0.0002500000118743628,-0.3922070860862732,0.4211319386959076,-0.25317132472991943,0.326141357421875,0.0
375,10744,-0.17412162679822718,-0.37070163343466844,-0.055121626798227186,0.15729836656533158,0.1666768426176968,0.1888563839265793,0.7552992701530457,0.5779585838317871,-1.0,0.8860465288162231,0.3084745705127716,-0.08187499642372131,0.07412499934434891,-0.08412499725818634,-0.492249995470047,0.00010848999954760075,0.0001256200048374012,0.0,0.0,0.020500000566244125,0.0,0.020500000566244125,0.0005000000237487257,0.008249999955296516,0.0,-0.0002500000118743628,0.764644205570221,-0.21711337566375732,0.3344388008117676,-0.6757736206054688,-0.105092846
376,10745,-0.17084226537155858,-0.3748081454219418,-0.05184226537155859,0.15319185457805823,0.16172620315805364,0.19844128192033983,0.7578566670417786,0.575082004070282,-1.0,0.8860465288162231,0.3084745705127716,-0.07100000232458115,0.06875000149011612,-0.07887499779462814,-0.4886249899864197,0.0006452300003729761,0.0001598800008650869,7.994000043254346e-05,6.851999933132902e-05,0.07050000131130219,0.013000000268220901,0.08349999785423279,0.007249999791383743,0.010999999940395355,0.0020000000949949026,0.0,0.9687350988388062,-0.37726107239723206,0.4969234764575958,0.7684201002120972,0.0
377,10746,-0.1709750953691608,-0.371748246985157,-0.05197509536916081,0.156251753014843,0.1646694290354007,0.19268582034686887,0.7654830813407898,0.5681217908859253,-1.0,0.8860465288162231,0.3084745705127716,-0.054875001311302185,0.05674999952316284,-0.07012499868869781,-0.4742499887943268,0.0011534200748428702,0.00032546999864280224,9.13600015337579e-05,0.0,0.12950000166893005,0.00800000037997961,0.13750000298023224,0.011250000447034836,0.020999999716877937,0.003000000026077032,0.0,-0.8619417548179626,0.7670347094535828,-0.010253621265292168,-0.007735306862741709,-0.02492824
378,10747,-0.16904861543594696,-0.3716816572861286,-0.050048615435946964,0.1563183427138714,0.16413496938759473,0.19371840522044984,0.7651742100715637,0.5733080506324768,-1.0,0.8860465288162231,0.3084745705127716,-0.06662499904632568,0.06575000286102295,-0.07000000029802322,-0.47075000405311584,0.0001884299999801442,0.0005881300312466919,8.565000462112948e-05,6.28100024187006e-05,0.06800000369548798,0.013000000268220901,0.08100000023841858,0.0024999999441206455,0.03175000101327896,0.0024999999441206455,0.0005000000237487257,-0.22928079962730408,-0.4273115396499634,0.5678442716598511,-0.2242281585931778,0.0
379,10748,-0.1724542127715058,-0.3665405644569276,-0.053454212771505805,0.1614594355430724,0.17007792975253716,0.18254121469238244,0.769654393196106,0.5734209418296814,-1.0,0.8860465288162231,0.3084745705127716,-0.0702499970793724,0.06612499803304672,-0.05887499824166298,-0.47462499141693115,0.00013703999866265804,0.00021127000218257308,7.423000351991504e-05,-6.28100024187006e-05,0.030500000342726707,0.012000000104308128,0.042500000447034836,0.0012499999720603228,0.014999999664723873,0.001500000013038516,0.0,-0.9651562571525574,-0.7067481279373169,-0.6568732261657715,-0.3397532105445862,0.0
380,10749,-0.17034388342607001,-0.37192317328480834,-0.05134388342607002,0.15607682671519169,0.16430511313636542,0.19338908570148178,0.7617343664169312,0.5821346640586853,-1.0,0.8860465288162231,0.3084745705127716,-0.08762499690055847,0.060499999672174454,-0.0702499970793724,-0.4807499945163727,9.707000572234392e-05,0.0,0.0,-6.28100024187006e-05,0.008500000461935997,0.005499999970197678,0.014000000432133675,0.0,-0.0002500000118743628,-0.0002500000118743628,-0.0002500000118743628,0.9514428973197937,0.6592152118682861,0.30571573972702026,-0.22080238163471222,0.0
381,10750,-0.17031853754673837,-0.3708216393160387,-0.051318537546738374,0.15717836068396135,0.1653439728663656,0.19139044388531282,0.766642153263092,0.573011577129364,-1.0,0.8860465288162231,0.3084745705127716,-0.07137499749660492,0.06449999660253525,-0.06549999862909317,-0.48487499356269836,0.00022840000747237355,0.00023411000438500196,7.994000043254346e-05,-6.28100024187006e-05,0.04050000011920929,0.012500000186264515,0.05299999937415123,0.003000000026077032,0.016249999403953552,0.001500000013038516,-0.0002500000118743628,0.05774879828095436,0.8759233355522156,0.23905695974826813,0.22818957269191742,0.0
382,10751,-0.17281882201286206,-0.3702859378267461,-0.05381882201286206,0.1577140621732539,0.16664390480915023,0.18891859932637714,0.7667011022567749,0.5748785734176636,-1.0,0.8860465288162231,0.3084745705127716,-0.07150000333786011,0.0689999982714653,-0.06224999949336052,-0.4808749854564667,0.000433959998190403,0.0008393700118176639,9.13600015337579e-05,6.851999933132902e-05,0.11150000244379044,0.014000000432133675,0.12549999356269836,0.005249999929219484,0.03999999910593033,0.0037499999161809683,0.0002500000118743628,0.20075280964374542,0.9613958597183228,-0.9745035767555237,-0.40433555841445923,0.0
383,10752,-0.1771947384418812,-0.36779434350246987,-0.058194738441881194,0.16020565649753016,0.17044788046826392,0.18186714978489724,0.7608864307403564,0.5757865309715271,-1.0,0.8860465288162231,0.3084745705127716,-0.07087499648332596,0.07312499731779099,-0.07887499779462814,-0.4881249964237213,0.0011305800871923566,0.0018728800350800157,7.423000351991504e-05,0.0,0.2630000114440918,0.006500000134110451,0.2694999873638153,0.011500000022351742,0.0677499994635582,0.0005000000237487257,-0.0002500000118743628,-0.8352186679840088,-0.22761139273643494,-0.8524522185325623,-0.3402189016342163,-0.06482627
384,10753,-0.1796130906797861,-0.3681472883897914,-0.0606130906797861,0.15985271161020864,0.1709585802786526,0.18094072224118635,0.7507098913192749,0.5800095796585083,-1.0,0.8860465288162231,0.3084745705127716,-0.08224999904632568,0.08312500268220901,-0.09462500363588333,-0.4846250116825104,0.00022840000747237355,0.0007936900365166366,7.423000351991504e-05,6.28100024187006e-05,0.08950000256299973,0.012000000104308128,0.1014999970793724,0.003000000026077032,0.039250001311302185,0.0002500000118743628,0.0002500000118743628,0.7534914016723633,0.21342308819293976,-0.4683467447757721,0.7362183332443237,0.0
385,10754,-0.1800344985799921,-0.36872954188656576,-0.0610344985799921,0.15927045811343427,0.17056461779798962,0.18165496680305987,0.7450858354568481,0.5794113874435425,-1.0,0.8860465288162231,0.3084745705127716,-0.07575000077486038,0.08262500166893005,-0.10324999690055847,-0.47087499499320984,0.0021469600033015013,0.0010906100505962968,7.423000351991504e-05,6.851999933132902e-05,0.28349998593330383,0.012500000186264515,0.29600000381469727,0.0182499997317791,0.048250000923871994,0.0,0.0002500000118743628,-0.3238464593887329,-0.7971165180206299,0.17867395281791687,-0.030883174389600754,0.0
386,10755,-0.17613494199507554,-0.3700216831627532,-0.057134941995075544,0.15797831683724683,0.16799270873317745,0.18638756555870883,0.7441058158874512,0.5784245133399963,-1.0,0.8860465288162231,0.3084745705127716,-0.07575000077486038,0.08112499862909317,-0.10125000029802322,-0.47087499499320984,0.0005253200070001185,0.00033117999555543065,8.565000462112948e-05,-6.851999933132902e-05,0.07500000298023224,0.013500000350177288,0.0885000005364418,0.0062500000931322575,0.0215000007301569,0.0024999999441206455,-0.000750000006519258,0.7693859338760376,0.008539007045328617,0.46415024995803833,0.0032382195349782705,0.0
387,10756,-0.18166166395619013,-0.36883405108761835,-0.06266166395619013,0.15916594891238167,0.17105637498479087,0.18076385828947283,0.7531745433807373,0.5762344598770142,-1.0,0.8860465288162231,0.3084745705127716,-0.06812500208616257,0.07612500339746475,-0.09312500059604645,-0.47087499499320984,0.0023068401496857405,0.0005710000405088067,9.13600015337579e-05,-7.423000351991504e-05,0.25200000405311584,0.014499999582767487,0.26649999618530273,0.019750000908970833,0.03175000101327896,0.0035000001080334187,-0.000750000006519258,-0.8775539994239807,0.13484984636306763,-0.7963818907737732,-0.7463640570640564,0.0
388,10757,-0.17531387956315936,-0.3701160394045525,-0.056313879563159364,0.15788396059544751,0.16762636440834372,0.18707163809271443,0.740321695804596,0.5782473683357239,-1.0,0.8860465288162231,0.3084745705127716,-0.07587499916553497,0.07699999958276749,-0.10612499713897705,-0.48512500524520874,0.00019985000835731626,0.000673780043143779,5.7100000958598685e-06,0.0,0.07649999856948853,0.0005000000237487257,0.07699999958276749,0.0024999999441206455,0.03500000014901161,-0.0002500000118743628,0.0,0.5245031714439392,-0.4597410559654236,0.9816690683364868,-0.006556565873324871,-0.02478679
389,10758,-0.1748256495737465,-0.370546525952902,-0.0558256495737465,0.15745347404709803,0.16705717476310591,0.18813946658759642,0.7550839781761169,0.576074481010437,-1.0,0.8860465288162231,0.3084745705127716,-0.07150000333786011,0.07537499815225601,-0.08937499672174454,-0.4814999997615814,0.0013761100126430392,0.00033117999555543065,8.565000462112948e-05,6.28100024187006e-05,0.14949999749660492,0.013000000268220901,0.16249999403953552,0.013249999843537807,0.021250000223517418,0.003000000026077032,0.0002500000118743628,0.3325932025909424,0.7693337798118591,-0.11141017824411392,0.8679285049438477,0.0
390,10759,-0.17627155192549382,-0.3689560015390743,-0.057271551925493824,0.1590439984609257,0.16904148634697186,0.18444298945982343,0.7562194466590881,0.5753448605537415,-1.0,0.8860465288162231,0.3084745705127716,-0.06812500208616257,0.07512500137090683,-0.09000000357627869,-0.4651249945163727,0.0021526701748371124,0.001164840068668127,7.423000351991504e-05,7.423000351991504e-05,0.2904999852180481,0.013000000268220901,0.3034999966621399,0.01875000074505806,0.05050000175833702,0.0002500000118743628,0.0,-0.7157260775566101,-0.9780578017234802,-0.24907468259334564,-0.8894733786582947,0.0
391,10760,-0.1786454308944216,-0.37083500442788453,-0.05964543089442159,0.1571649955721155,0.16810238921491955,0.18618324684825224,0.7528568506240845,0.5780406594276428,-1.0,0.8860465288162231,0.3084745705127716,-0.07349999994039536,0.07487499713897705,-0.09462500363588333,-0.4817500114440918,0.0002169799990952015,0.00019985000835731626,0.0,0.0,0.0364999994635582,0.0,0.0364999994635582,0.002749999985098839,0.014499999582767487,0.0002500000118743628,0.0,0.7620633244514465,0.581302285194397,-0.10721705108880997,0.9272109270095825,0.0
392,10761,-0.18295265969208724,-0.37011618015845177,-0.06395265969208724,0.15788381984154826,0.17034448405936245,0.18205529113568492,0.747336208820343,0.5748559236526489,-1.0,0.8860465288162231,0.3084745705127716,-0.06674999743700027,0.0742499977350235,-0.09662500023841858,-0.46437498927116394,0.002015630016103387,0.0007365900091826916,7.423000351991504e-05,7.423000351991504e-05,0.2409999966621399,0.013000000268220901,0.2540000081062317,0.017750000581145287,0.03750000149011612,0.0002500000118743628,0.0,-0.2751624882221222,0.6841914653778076,-0.8643263578414917,-0.059351492673158646,0.0
393,10762,-0.18246522502932647,-0.37013059102328805,-0.06346522502932647,0.15786940897671198,0.1701487145960245,0.18241204889955792,0.7373194098472595,0.5760742425918579,-1.0,0.8860465288162231,0.3084745705127716,-0.06674999743700027,0.0742499977350235,-0.11275000125169754,-0.4651249945163727,0.0006338100065477192,0.0016730300849303603,6.851999933132902e-05,-6.851999933132902e-05,0.20200000703334808,0.012000000104308128,0.21400000154972076,0.007499999832361937,0.06300000101327896,0.0002500000118743628,-0.0005000000237487257,-0.08697022497653961,0.09105237573385239,-0.022677525877952576,0.8464576005935669,0.0
394,10763,-0.18830872901832305,-0.370894767634357,-0.06930872901832305,0.157105232365643,0.17171416352414853,0.17957871648311274,0.7384529709815979,0.5760498642921448,-1.0,0.8860465288162231,0.3084745705127716,-0.06687500327825546,0.0742499977350235,-0.11275000125169754,-0.4496249854564667,0.0003368900215718895,0.0017986500170081854,-7.423000351991504e-05,0.0,0.18700000643730164,0.006500000134110451,0.19349999725818634,0.0044999998062849045,0.06624999642372131,-0.0005000000237487257,0.0,0.7351977825164795,0.9067826271057129,-0.9992218613624573,-0.4696158766746521,-0.13051713
395,10764,-0.1880060863822654,-0.37117714635334503,-0.06900608638226541,0.156822853646655,0.17133373101545663,0.18026319346024422,0.7248634099960327,0.5747546553611755,-1.0,0.8860465288162231,0.3084745705127716,-0.06312499940395355,0.07400000095367432,-0.1315000057220459,-0.44624999165534973,0.002957780146971345,0.0025409499648958445,-6.851999933132902e-05,7.994000043254346e-05,0.4814999997615814,0.013000000268220901,0.4945000112056732,0.02449999935925007,0.08500000089406967,-0.0002500000118743628,0.000750000006519258,0.32392317056655884,-0.956801176071167,-0.4752195477485657,0.4341178834438324,-0.08437737
396,10765,-0.18721821059853708,-0.37144850096347365,-0.06821821059853708,0.15655149903652638,0.17076913101567823,0.18128383801842524,0.7255672216415405,0.5742760300636292,-1.0,0.8860465288162231,0.3084745705127716,-0.06312499940395355,0.07400000095367432,-0.14024999737739563,-0.43799999356269836,0.003363189985975623,0.0017187100602313876,-6.851999933132902e-05,7.423000351991504e-05,0.4449999928474426,0.012500000186264515,0.45750001072883606,0.027249999344348907,0.06624999642372131,-0.0005000000237487257,0.0005000000237487257,-0.3241557776927948,0.6072453260421753,-0.5025394558906555,-0.5211310386657715,-0.056663264
397,10766,-0.1878404356633916,-0.3709219660239219,-0.0688404356633916,0.1570780339760781,0.1715007706691591,0.17996233379356333,0.7273995280265808,0.5738161206245422,-1.0,0.8860465288162231,0.3084745705127716,-0.06312499940395355,0.07400000095367432,-0.1496250033378601,-0.44725000858306885,0.0026722801849246025,0.002255450002849102,-7.423000351991504e-05,-7.994000043254346e-05,0.43149998784065247,0.013500000350177288,0.4449999928474426,0.022749999538064003,0.07874999940395355,-0.0005000000237487257,-0.0005000000237487257,0.7274881601333618,-0.669055163860321,-0.01328533235937357,0.20138028264045715,-0.08474882
398,10767,-0.18900346194535295,-0.3707674133073159,-0.07000346194535295,0.15723258669268414,0.17211208848424014,0.17886554782631198,0.7259524464607239,0.5747085213661194,-1.0,0.8860465288162231,0.3084745705127716,-0.06312499940395355,0.07400000095367432,-0.1496250033378601,-0.4440000057220459,0.002044179942458868,0.0012562000192701817,-7.423000351991504e-05,7.423000351991504e-05,0.289000004529953,0.013000000268220901,0.3019999861717224,0.0182499997317791,0.05375000089406967,-0.000750000006519258,0.0005000000237487257,0.22452948987483978,-0.962919294834137,0.25942540168762207,0.3949064612388611,-0.014080694
399,10768,-0.1884598348472804,-0.371901201676616,-0.06945983484728041,0.15609879832338402,0.17085521208033425,0.18112785410654764,0.723247766494751,0.5749704837799072,-1.0,0.8860465288162231,0.3084745705127716,-0.06137499958276749,0.0702499970793724,-0.14524999260902405,-0.43650001287460327,0.0021412500645965338,0.0003997000167146325,0.0,7.423000351991504e-05,0.2224999964237213,0.006500000134110451,0.2290000021457672,0.01875000074505806,0.02525000087916851,0.0,0.0002500000118743628,0.7168562412261963,0.27413102984428406,-0.2192845344543457,-0.8319055438041687,-0.09707611
400,10769,-0.1910955283811431,-0.37075008488261924,-0.07209552838114311,0.1572499151173808,0.17298930896728756,0.1773033645173421,0.7245120406150818,0.5730488300323486,-1.0,0.8860465288162231,0.3084745705127716,-0.057999998331069946,0.06987500190734863,-0.14162500202655792,-0.4516249895095825,0.0029634900856763124,0.0006909100338816643,7.423000351991504e-05,-7.423000351991504e-05,0.3199999928474426,0.013000000268220901,0.3330000042915344,0.024250000715255737,0.036249998956918716,0.0002500000118743628,-0.0005000000237487257,-0.8589312434196472,0.8002119064331055,-0.7825769782066345,-0.5661424398422241,0.0
