step,action_count,cube_x,cube_y,dist_to_goal_x,dist_to_goal_y,dist_to_goal,distance_reward,obs_cube_x_norm,obs_cube_y_norm,obs_cube_yaw_norm,obs_goal_x_norm,obs_goal_y_norm,obs_motor_16_pos_delta_norm,obs_motor_17_pos_delta_norm,obs_motor_18_pos_delta_norm,obs_motor_19_pos_delta_norm,obs_motor_16_current_norm,obs_motor_17_current_norm,obs_motor_18_current_norm,obs_motor_19_current_norm,obs_horizontal_tension_norm,obs_vertical_tension_norm,obs_total_tension_norm,obs_motor_16_target_error_norm,obs_motor_17_target_error_norm,obs_motor_18_target_error_norm,obs_motor_19_target_error_norm,action_m16,action_m17,action_m18,action_m19,total_safety_penalty
1,114,-0.13564382283439977,-0.6779539864073254,-0.016643822834399774,-0.14995398640732538,0.15087483182423506,0.22118666007172574,0.8115192651748657,0.05590251088142395,-1.0,0.8860465288162231,0.3084745705127716,0.0,0.0,0.0,0.0,0.00011420000373618677,0.00011991000064881518,0.0001256200048374012,0.0,0.020500000566244125,0.010999999940395355,0.03150000050663948,0.0,0.0,0.0,0.0,-0.6156736612319946,0.3075731694698334,-0.03679225966334343,0.9931932687759399,0.0
2,115,-0.21500609044418784,-0.6551745245940015,-0.09600609044418784,-0.12717452459400147,0.15934405890427122,0.20322519312618895,0.847339928150177,0.05431527644395828,-1.0,0.8860465288162231,0.3084745705127716,-0.012249999679625034,0.004124999977648258,-0.0005000000237487257,0.01887499913573265,7.423000351991504e-05,8.565000462112948e-05,0.0,-6.28100024187006e-05,0.014000000432133675,0.005499999970197678,0.019500000402331352,0.001500000013038516,0.0032500000670552254,-0.0002500000118743628,-0.000750000006519258,-0.7607735991477966,0.09794389456510544,0.6798261404037476,0.5757938623428345,0.0
3,116,-0.14550489476760273,-0.6758904361279874,-0.026504894767602732,-0.14789043612798736,0.15024676550517818,0.22258023067870977,0.662776529788971,0.09292453527450562,-1.0,0.8860465288162231,0.3084745705127716,-0.025875000283122063,0.007249999791383743,0.011874999850988388,0.029374999925494194,6.851999933132902e-05,7.423000351991504e-05,8.565000462112948e-05,0.0,0.012500000186264515,0.007499999832361937,0.019999999552965164,0.0002500000118743628,0.0005000000237487257,0.0002500000118743628,-0.0002500000118743628,0.8629439473152161,-0.32518574595451355,-0.3428178131580353,3.7260353565216064e-05,-0.02399553
4,117,-0.1440273067057316,-0.6778061404479842,-0.02502730670573161,-0.14980614044798413,0.15188234195213052,0.2189693705342356,0.8244072198867798,0.05781282112002373,-1.0,0.8860465288162231,0.3084745705127716,-0.012875000014901161,0.0011249999515712261,0.005625000223517418,0.032875001430511475,0.00010278000263497233,7.423000351991504e-05,9.13600015337579e-05,5.7100001868093386e-05,0.01549999974668026,0.013000000268220901,0.02850000001490116,0.006500000134110451,0.000750000006519258,0.0,0.0002500000118743628,0.8169678449630737,0.49142220616340637,-0.2731681764125824,0.8710973262786865,0.0
5,118,-0.1489572141136983,-0.6798837539850906,-0.02995721411369831,-0.15188375398509057,0.15480991377188183,0.21265181169293315,0.8278434872627258,0.05456586182117462,-1.0,0.8860465288162231,0.3084745705127716,-0.005125000141561031,0.0037499999161809683,0.0005000000237487257,0.04962500184774399,0.00032546999864280224,0.00019985000835731626,9.13600015337579e-05,-7.423000351991504e-05,0.04600000008940697,0.014499999582767487,0.060499999672174454,0.0215000007301569,0.013749999925494194,0.0002500000118743628,-0.000750000006519258,0.7730855941772461,-0.6815582513809204,-0.44424381852149963,-0.17484578490257263,0.0
6,119,-0.1453759420980812,-0.6824100225044343,-0.026375942098081195,-0.15441002250443425,0.15664656195199825,0.20878179415488143,0.8163785934448242,0.051044486463069916,-1.0,0.8860465288162231,0.3084745705127716,0.005625000223517418,-0.004999999888241291,-0.00787500012665987,0.04625000059604645,0.00048534999950788915,0.00010278000263497233,9.13600015337579e-05,-7.423000351991504e-05,0.051500000059604645,0.014499999582767487,0.06599999964237213,0.028750000521540642,0.005750000011175871,0.0005000000237487257,-0.0005000000237487257,0.08896207064390182,-0.7955187559127808,0.4548857808113098,0.8786633014678955,0.0
7,120,-0.1811129039365186,-0.6746739028264167,-0.06211290393651861,-0.14667390282641668,0.15928354154073895,0.20334821687671278,0.8247070908546448,0.046762675046920776,-1.0,0.8860465288162231,0.3084745705127716,0.012000000104308128,-0.018124999478459358,0.000375000003259629,0.06237500160932541,0.0002797899942379445,7.994000043254346e-05,0.00010278000263497233,0.0,0.03150000050663948,0.008999999612569809,0.04050000011920929,0.01924999989569187,0.0022499999031424522,0.0010000000474974513,0.0,-0.451285183429718,-0.31119051575660706,0.4457433819770813,0.7293829917907715,0.0
8,121,-0.1747625963988317,-0.6769083035271496,-0.055762596398831715,-0.14890830352714957,0.15900676091434826,0.20391182496433102,0.7415978908538818,0.05987473949790001,-1.0,0.8860465288162231,0.3084745705127716,0.011250000447034836,-0.023250000551342964,0.00774999987334013,0.07199999690055847,9.13600015337579e-05,7.423000351991504e-05,0.00019414001144468784,0.00011420000373618677,0.014499999582767487,0.027000000700354576,0.04149999842047691,0.004000000189989805,0.0010000000474974513,0.002749999985098839,0.00800000037997961,0.30086612701416016,-0.8279597163200378,-0.24858501553535461,-0.9455851316452026,0.0
9,122,-0.13967275780985478,-0.6857337300212912,-0.02067275780985478,-0.1577337300212912,0.15908265933751076,0.20375711782210865,0.7563660740852356,0.05608762055635452,-1.0,0.8860465288162231,0.3084745705127716,0.017000000923871994,-0.03837500140070915,0.0044999998062849045,0.058125000447034836,8.565000462112948e-05,7.994000043254346e-05,8.565000462112948e-05,6.851999933132902e-05,0.014499999582767487,0.013500000350177288,0.02800000086426735,0.0037499999161809683,0.0002500000118743628,0.0,0.0005000000237487257,0.5926133990287781,0.5812495946884155,-0.13216884434223175,-0.534182608127594,0.0
10,123,-0.14543668643732538,-0.6858001648055212,-0.026436686437325385,-0.15780016480552117,0.15999934500626903,0.20189784040852218,0.8379703164100647,0.04112927243113518,-1.0,0.8860465288162231,0.3084745705127716,0.021250000223517418,-0.032999999821186066,0.0021250001154839993,0.048500001430511475,0.000245530012762174,0.00016558999777771533,8.565000462112948e-05,0.0,0.035999998450279236,0.007499999832361937,0.04349999874830246,0.017249999567866325,0.011250000447034836,0.0,-0.0002500000118743628,0.19205625355243683,-0.21862900257110596,-0.514207661151886,0.35361358523368835,0.0
11,124,-0.14821013067934094,-0.6832322667981718,-0.029210130679340945,-0.15523226679817181,0.15795660286801236,0.20606450488867822,0.8245658278465271,0.04101666808128357,-1.0,0.8860465288162231,0.3084745705127716,0.02462499961256981,-0.032999999821186066,-0.007625000085681677,0.054999999701976776,0.000245530012762174,8.565000462112948e-05,9.13600015337579e-05,5.7100000958598685e-06,0.028999999165534973,0.008500000461935997,0.03750000149011612,0.017500000074505806,0.0032500000670552254,0.0002500000118743628,0.0,-0.6763001084327698,0.19098766148090363,0.1839650273323059,-0.8718523979187012,-0.1286223
12,125,-0.14926869038558022,-0.686064987976244,-0.03026869038558022,-0.15806498797624402,0.16093704993440225,0.20001348307247824,0.8181159496307373,0.045369040220975876,-1.0,0.8860465288162231,0.3084745705127716,0.019999999552965164,-0.030625000596046448,-0.0043750000186264515,0.0586250014603138,7.423000351991504e-05,0.00010278000263497233,9.707000572234392e-05,6.851999933132902e-05,0.01549999974668026,0.014499999582767487,0.029999999329447746,0.001500000013038516,0.005499999970197678,0.0005000000237487257,0.0002500000118743628,0.6554955840110779,-0.480712354183197,-0.06310269981622696,0.21228651702404022,0.0
13,126,-0.15646429180713162,-0.6846699313186828,-0.03746429180713162,-0.1566699313186828,0.161087058884352,0.19971366987629866,0.8156542181968689,0.04056781530380249,-1.0,0.8860465288162231,0.3084745705127716,0.026000000536441803,-0.03762499988079071,-0.005249999929219484,0.06199999898672104,0.00019414001144468784,7.423000351991504e-05,9.13600015337579e-05,6.851999933132902e-05,0.023499999195337296,0.014000000432133675,0.03750000149011612,0.014000000432133675,0.001500000013038516,0.0,0.0012499999720603228,-0.3884178400039673,0.4245995581150055,0.7175823450088501,-0.3386087119579315,0.0
14,127,-0.14393079938236716,-0.6840977525077282,-0.02493079938236717,-0.15609775250772817,0.15807609906563294,0.20581841270537504,0.7989202737808228,0.04293232038617134,-1.0,0.8860465288162231,0.3084745705127716,0.02250000089406967,-0.035875000059604645,0.006500000134110451,0.0560000017285347,0.00010278000263497233,0.00021127000218257308,0.00022269001055974513,6.28100024187006e-05,0.027499999850988388,0.02500000037252903,0.05249999836087227,0.006500000134110451,0.013749999925494194,0.0032500000670552254,0.000750000006519258,-0.7412219643592834,-0.7111982703208923,-0.6232334971427917,0.6908629536628723,0.0
15,128,-0.20562278119484756,-0.663975804838459,-0.08662278119484756,-0.13597580483845895,0.16122321707309129,0.1994419284018471,0.8280678987503052,0.043902114033699036,-1.0,0.8860465288162231,0.3084745705127716,0.011874999850988388,-0.042249999940395355,-0.003375000087544322,0.06887499988079071,6.851999933132902e-05,-2.2840000383439474e-05,0.0,6.28100024187006e-05,0.00800000037997961,0.005499999970197678,0.013500000350177288,0.0,0.0,-0.0002500000118743628,0.000750000006519258,-0.7849289178848267,0.5110326409339905,0.909243643283844,0.8632429242134094,0.0
16,129,-0.2183252156290817,-0.6626751708961394,-0.0993252156290817,-0.13467517089613934,0.16734067083547835,0.1876068539139609,0.6845982074737549,0.07800710946321487,-1.0,0.8860465288162231,0.3084745705127716,-0.004000000189989805,-0.032625000923871994,0.012374999932944775,0.08150000125169754,7.994000043254346e-05,0.0,0.00016558999777771533,0.00011420000373618677,0.007000000216066837,0.02449999935925007,0.03150000050663948,0.0024999999441206455,-0.0002500000118743628,0.0022499999031424522,0.00774999987334013,0.5688048601150513,-0.9135258197784424,-0.9666948318481445,0.10170409083366394,-0.13362311
17,130,-0.1459743654150878,-0.6832633726679356,-0.026974365415087798,-0.15526337266793555,0.15758912171139516,0.2068231461928008,0.6550576090812683,0.0802115723490715,-1.0,0.8860465288162231,0.3084745705127716,0.006500000134110451,-0.028875000774860382,-0.004749999847263098,0.08550000190734863,7.994000043254346e-05,0.0,8.565000462112948e-05,7.994000043254346e-05,0.007000000216066837,0.014499999582767487,0.0215000007301569,0.002749999985098839,-0.0002500000118743628,0.0002500000118743628,0.0035000001080334187,0.5952831506729126,-0.26653459668159485,-0.6420110464096069,-0.752801775932312,-0.055984154
18,131,-0.14520321213904427,-0.6835969250317938,-0.02620321213904428,-0.1555969250317938,0.15778786837318456,0.20641250030160677,0.823315441608429,0.045316316187381744,-1.0,0.8860465288162231,0.3084745705127716,0.014875000342726707,-0.027124999091029167,-0.016750000417232513,0.07325000315904617,0.00011420000373618677,9.13600015337579e-05,8.565000462112948e-05,6.851999933132902e-05,0.017999999225139618,0.013500000350177288,0.03150000050663948,0.008249999955296516,0.0037499999161809683,0.0002500000118743628,0.0,0.7281206250190735,0.8599783778190613,-0.1625259965658188,0.7593689560890198,0.0
19,132,-0.14267695877865985,-0.6840020849221972,-0.023676958778659857,-0.15600208492219714,0.15778862087323905,0.20641094705327362,0.8251088261604309,0.04475097358226776,-1.0,0.8860465288162231,0.3084745705127716,0.020375000312924385,-0.019500000402331352,-0.019874999299645424,0.08762499690055847,0.0003997000167146325,0.00032546999864280224,8.565000462112948e-05,-6.851999933132902e-05,0.06350000202655792,0.013500000350177288,0.07699999958276749,0.02449999935925007,0.020500000566244125,0.0005000000237487257,-0.0005000000237487257,-0.7248169183731079,-0.027098290622234344,-0.35259121656417847,-0.27927514910697937,0.0
20,133,-0.14584998390463721,-0.6810108758233515,-0.02684998390463722,-0.1530108758233515,0.15534880030405246,0.21150894187081015,0.8309838175773621,0.04406426101922989,-1.0,0.8860465288162231,0.3084745705127716,0.017750000581145287,-0.016124999150633812,-0.026125000789761543,0.08250000327825546,7.994000043254346e-05,0.0001884299999801442,9.13600015337579e-05,-6.851999933132902e-05,0.023499999195337296,0.014000000432133675,0.03750000149011612,0.002749999985098839,0.012749999761581421,0.0,-0.0005000000237487257,-0.3669027090072632,0.8079032897949219,0.7501435875892639,0.6486364603042603,0.0
21,134,-0.1649979113302415,-0.6764189555637123,-0.0459979113302415,-0.14841895556371232,0.1553833781888139,0.21143581919549567,0.8236047029495239,0.049134109169244766,-1.0,0.8860465288162231,0.3084745705127716,0.007625000085681677,-0.0062500000931322575,-0.012875000014901161,0.09449999779462814,0.00013703999866265804,0.0003825699968729168,0.0001256200048374012,0.0,0.045499999076128006,0.010999999940395355,0.05649999901652336,0.00925000011920929,0.023250000551342964,0.001500000013038516,-0.0002500000118743628,0.7851525545120239,-0.7068886756896973,0.6409883499145508,0.4033450484275818,0.0
22,135,-0.1927777974684885,-0.6707822218239089,-0.0737777974684885,-0.14278222182390887,0.16071691344806627,0.20045427071552202,0.7790746092796326,0.05691702291369438,-1.0,0.8860465288162231,0.3084745705127716,0.008624999783933163,-0.009875000454485416,-0.0021250001154839993,0.09737499803304672,0.0007137500215321779,9.707000572234392e-05,0.0003140500048175454,0.0001256200048374012,0.07100000232458115,0.03849999979138374,0.10949999839067459,0.0364999994635582,0.004000000189989805,0.004000000189989805,0.008999999612569809,0.6989243626594543,-0.4906809628009796,0.8234881162643433,0.2761256992816925,0.0
23,136,-0.16276512296388793,-0.6769188925499992,-0.04376512296388793,-0.14891889254999913,0.15521669544982078,0.2117885400909039,0.7144702672958374,0.06647080928087234,-1.0,0.8860465288162231,0.3084745705127716,0.012125000357627869,-0.017625000327825546,0.010250000283122063,0.09749999642372131,0.0013646900188177824,8.565000462112948e-05,0.000925020023714751,0.00026266000350005925,0.12700000405311584,0.10400000214576721,0.23100000619888306,0.05550000071525574,0.0012499999720603228,0.009999999776482582,0.01899999938905239,0.8422447443008423,0.9872823357582092,0.5855382680892944,-0.9460998773574829,0.0
24,137,-0.16422474035282136,-0.6761705237158953,-0.04522474035282137,-0.14817052371589523,0.15491862779608778,0.21242075496918286,0.7842671275138855,0.05606967210769653,-1.0,0.8860465288162231,0.3084745705127716,0.013375000096857548,-0.014499999582767487,0.019500000402331352,0.08574999868869781,0.0025695001240819693,0.0005824200343340635,0.0012961700558662415,0.0001256200048374012,0.2759999930858612,0.12449999898672104,0.40049999952316284,0.08449999988079071,0.03200000151991844,0.013249999843537807,0.007249999791383743,-0.4215741753578186,0.4963715672492981,-0.7828202247619629,0.9835699796676636,-0.007842583
25,138,-0.1610238923777117,-0.6778594996383249,-0.0420238923777117,-0.1498594996383249,0.15564021704695286,0.21089346663597877,0.7808727025985718,0.05733809620141983,-1.0,0.8860465288162231,0.3084745705127716,0.013500000350177288,-0.009875000454485416,0.009999999776482582,0.0988750010728836,0.0017244199989363551,0.0009078900329768658,0.00019985000835731626,0.0002512400096748024,0.2304999977350235,0.039500001817941666,0.27000001072883606,0.06549999862909317,0.04125000163912773,0.003000000026077032,0.017750000581145287,0.8473464250564575,0.3281418979167938,-0.19947150349617004,0.12778282165527344,-0.073424265
26,139,-0.1687964892102585,-0.6756447074116838,-0.049796489210258504,-0.14764470741168378,0.1558160773615775,0.21052291464447903,0.788316547870636,0.05447542294859886,-1.0,0.8860465288162231,0.3084745705127716,0.013500000350177288,-0.008500000461935997,0.006624999921768904,0.10187499970197678,0.0020955700892955065,0.0012390700867399573,0.00017130000924225897,0.0002169799990952015,0.2919999957084656,0.03400000184774399,0.32600000500679016,0.0742499977350235,0.0507499985396862,0.0024999999441206455,0.016499999910593033,-0.5917791724205017,-0.9200567007064819,0.41052454710006714,0.14434374868869781,0.0
27,140,-0.1610440846759166,-0.6810932414611124,-0.04204408467591661,-0.15309324146111236,0.1587616000086485,0.20441235033681482,0.7702407240867615,0.05822930857539177,-1.0,0.8860465288162231,0.3084745705127716,0.013375000096857548,-0.008624999783933163,0.009875000454485416,0.10199999809265137,0.0012276499764993787,0.00023411000438500196,0.0010848999954760075,0.0003368900215718895,0.12800000607967377,0.12449999898672104,0.2524999976158142,0.05249999836087227,0.016499999910593033,0.011250000447034836,0.0215000007301569,0.9984472990036011,-0.9003289937973022,-0.9866464138031006,-0.8697806596755981,0.0
28,141,-0.15090094248029512,-0.6871747521593808,-0.031900942480295125,-0.15917475215938082,0.16233998846905037,0.19722700880808955,0.788269579410553,0.048994507640600204,-1.0,0.8860465288162231,0.3084745705127716,0.026000000536441803,-0.02250000089406967,-0.0037499999161809683,0.09600000083446503,0.0017072900664061308,0.0001541700039524585,0.0001541700039524585,7.423000351991504e-05,0.16300000250339508,0.019999999552965164,0.18299999833106995,0.06449999660253525,0.010499999858438969,0.0017500000540167093,0.0010000000474974513,0.7686117887496948,-0.8374106287956238,-0.5262838006019592,-0.964208722114563,0.0
29,142,-0.15202341789133594,-0.6891479317623275,-0.03302341789133595,-0.16114793176232745,0.164496814681931,0.19301871095571854,0.8118582963943481,0.03868686035275459,-1.0,0.8860465288162231,0.3084745705127716,0.04137500002980232,-0.039000000804662704,-0.013500000350177288,0.07800000160932541,0.0016444800421595573,0.0001827200030675158,0.00013703999866265804,6.851999933132902e-05,0.1599999964237213,0.017999999225139618,0.17800000309944153,0.0625,0.012249999679625034,0.0017500000540167093,0.0010000000474974513,0.7701826095581055,-0.8759638667106628,0.607990026473999,-0.8399364948272705,0.0
30,143,-0.1648600384171596,-0.6891921563458832,-0.045860038417159604,-0.16119215634588313,0.16758894471610883,0.18714165282277878,0.8092478513717651,0.035342488437891006,-1.0,0.8860465288162231,0.3084745705127716,0.05037499964237213,-0.054875001311302185,-0.003874999936670065,0.06162500008940697,0.002084149979054928,0.0001884299999801442,0.00041112001053988934,7.994000043254346e-05,0.19900000095367432,0.0430000014603138,0.24199999868869781,0.07325000315904617,0.011250000447034836,0.005249999929219484,0.0024999999441206455,0.9181995987892151,-0.7955679893493652,-0.2032865583896637,0.16858835518360138,-0.058507685
31,144,-0.19496071223773492,-0.6830313073583618,-0.07596071223773493,-0.1550313073583618,0.17264048211502078,0.17792292623333056,0.7793952822685242,0.035267531871795654,-1.0,0.8860465288162231,0.3084745705127716,0.05999999865889549,-0.0676250010728836,-0.0063749998807907104,0.06162500008940697,0.001935690059326589,0.00010848999954760075,0.00020556000526994467,0.00011991000064881518,0.17900000512599945,0.02850000001490116,0.20749999582767487,0.07000000029802322,0.007000000216066837,0.002749999985098839,0.008750000037252903,-0.9973555207252502,-0.8610297441482544,0.8022406101226807,0.4424387216567993,0.0
32,145,-0.19568852287028715,-0.6825790957283251,-0.07668852287028716,-0.15457909572832507,0.17255673378982705,0.17807199611723937,0.7093936800956726,0.04570964723825455,-1.0,0.8860465288162231,0.3084745705127716,0.05999999865889549,-0.08037500083446503,0.0020000000949949026,0.06162500008940697,0.0005824200343340635,7.994000043254346e-05,0.0017187100602313876,0.0003825699968729168,0.057999998331069946,0.18400000035762787,0.24199999868869781,0.032749999314546585,0.0002500000118743628,0.01600000075995922,0.02525000087916851,0.3206832706928253,-0.1947513073682785,-0.3035840094089508,0.5066391825675964,0.0
33,146,-0.18401250689861767,-0.6853846581108038,-0.06501250689861768,-0.15738465811080382,0.1702837533703595,0.18216588814812254,0.7077010869979858,0.046476107090711594,-1.0,0.8860465288162231,0.3084745705127716,0.05999999865889549,-0.08399999886751175,0.0018749999580904841,0.06224999949336052,0.0009421500144526362,2.8550000934046693e-05,0.0003939900198020041,0.0008793400484137237,0.08500000089406967,0.11150000244379044,0.1965000033378601,0.04475000128149986,0.0002500000118743628,0.004999999888241291,0.042750000953674316,-0.33883580565452576,0.7586876153945923,0.08552466332912445,-0.7410622835159302,0.0
34,147,-0.15695596682607527,-0.6911861543804783,-0.03795596682607527,-0.16318615438047823,0.16754216304916025,0.18722922128892147,0.7348546385765076,0.0417209193110466,-1.0,0.8860465288162231,0.3084745705127716,0.05999999865889549,-0.07400000095367432,0.0018749999580904841,0.06224999949336052,0.0005881300312466919,0.00013703999866265804,0.0007194600184448063,0.0001827200030675158,0.06350000202655792,0.07900000363588333,0.14249999821186066,0.032249998301267624,0.008500000461935997,0.00800000037997961,0.014999999664723873,0.8873464465141296,0.8012257218360901,-0.84075927734375,0.037529248744249344,0.0
35,148,-0.158941725690617,-0.6893170929080802,-0.03994172569061699,-0.16131709290808016,0.16618828453130702,0.18978131463404252,0.7977768182754517,0.03188787400722504,-1.0,0.8860465288162231,0.3084745705127716,0.06024999916553497,-0.06712500005960464,-0.01075000036507845,0.06549999862909317,0.0017244199989363551,0.0003997000167146325,0.00013703999866265804,0.00013133000175002962,0.1860000044107437,0.023499999195337296,0.2094999998807907,0.06499999761581421,0.02474999986588955,0.0017500000540167093,0.009750000201165676,0.9336850047111511,0.49851977825164795,-0.19534702599048615,0.7284529209136963,-0.049612295
36,149,-0.1518343082509224,-0.6928446431864366,-0.0328343082509224,-0.16484464318643655,0.16808286107030712,0.18621960853220645,0.793158769607544,0.035055775195360184,-1.0,0.8860465288162231,0.3084745705127716,0.06012500077486038,-0.06212500110268593,-0.014624999836087227,0.07562500238418579,0.0025580800138413906,0.0006395200034603477,0.0001598800008650869,0.00021127000218257308,0.2800000011920929,0.032499998807907104,0.3125,0.08474999666213989,0.033250000327825546,0.0022499999031424522,0.016750000417232513,0.7901906967163086,-0.24111402034759521,-0.272708535194397,-0.8024512529373169,-0.12901907
37,150,-0.17623244982600603,-0.6863522128386628,-0.05723244982600603,-0.15835221283866274,0.16837748253251514,0.1856717730154117,0.8096876740455627,0.029076876118779182,-1.0,0.8860465288162231,0.3084745705127716,0.06012500077486038,-0.06212500110268593,-0.01924999989569187,0.06887499988079071,0.0017586800968274474,0.0004054100136272609,0.00011991000064881518,6.851999933132902e-05,0.18950000405311584,0.016499999910593033,0.20600000023841858,0.06599999964237213,0.024250000715255737,0.001500000013038516,0.0002500000118743628,0.3969506621360779,-0.8066493272781372,0.8615112900733948,0.8133264780044556,-0.021492496
38,151,-0.1799107199683456,-0.6859895136130286,-0.0609107199683456,-0.1579895136130286,0.16932454700587143,0.18392164213125675,0.7529478073120117,0.04008099436759949,-1.0,0.8860465288162231,0.3084745705127716,0.06012500077486038,-0.06724999845027924,-0.00787500012665987,0.07175000011920929,0.002061309991404414,9.707000572234392e-05,0.0010906100505962968,0.0003654400061350316,0.1889999955892563,0.1274999976158142,0.3165000081062317,0.07400000095367432,0.0044999998062849045,0.010999999940395355,0.02474999986588955,-0.9854031205177307,0.5064286589622498,0.3885781764984131,-0.02819969691336155,0.0
39,152,-0.16701598885206442,-0.6858361909617593,-0.04801598885206443,-0.15783619096175927,0.16497817541347254,0.19209182729335908,0.7443936467170715,0.040695738047361374,-1.0,0.8860465288162231,0.3084745705127716,0.0598750002682209,-0.06674999743700027,-0.002749999985098839,0.07150000333786011,0.0007194600184448063,0.00034831001539714634,0.0016273499932140112,0.00035973000922240317,0.09350000321865082,0.17399999499320984,0.26750001311302185,0.0377499982714653,0.02225000038743019,0.015250000171363354,0.024250000715255737,0.9676985740661621,0.9532968401908875,-0.4325094223022461,0.8133406639099121,0.0
40,153,-0.1686855086696786,-0.6851871791315383,-0.04968550866967861,-0.15718717913153823,0.16485284060365776,0.19233273615956495,0.7743813991546631,0.04095560684800148,-1.0,0.8860465288162231,0.3084745705127716,0.05937499925494194,-0.058375000953674316,-0.005249999929219484,0.08012499660253525,0.0020670201629400253,0.0008850500453263521,0.0003197600017301738,0.0006852000369690359,0.25850000977516174,0.08799999952316284,0.3465000092983246,0.07500000298023224,0.04100000113248825,0.0042500002309679985,0.03750000149011612,-0.5725098848342896,-0.8364570140838623,0.2786598205566406,-0.6827036142349243,0.0
41,154,-0.15132388019298035,-0.691596980077569,-0.03232388019298035,-0.16359698007756895,0.1667597227187388,0.1886999244106153,0.7704988121986389,0.042055629193782806,-1.0,0.8860465288162231,0.3084745705127716,0.05937499925494194,-0.05887499824166298,-0.005249999929219484,0.08012499660253525,0.0012504900805652142,0.0001598800008650869,0.0015302799874916673,0.0001598800008650869,0.12349999696016312,0.14800000190734863,0.27149999141693115,0.05375000089406967,0.01075000036507845,0.014499999582767487,0.012000000104308128,-0.2667750120162964,0.4944859743118286,0.08263573795557022,-0.8985782265663147,0.0
42,155,-0.16090436503264932,-0.6891288483375473,-0.04190436503264933,-0.16112884833754726,0.16648868302492464,0.18921206985315597,0.8108747005462646,0.03119155950844288,-1.0,0.8860465288162231,0.3084745705127716,0.05937499925494194,-0.05900000035762787,-0.0017500000540167093,0.06787499785423279,0.0009193100268021226,0.0005367400008253753,0.0009878299897536635,8.565000462112948e-05,0.1274999976158142,0.09399999678134918,0.2214999943971634,0.04374999925494194,0.029500000178813934,0.010499999858438969,0.003000000026077032,0.43651676177978516,0.816250205039978,0.13961344957351685,0.9652704000473022,0.0
43,156,-0.1532280312312359,-0.6910979005994153,-0.03422803123123591,-0.1630979005994153,0.16665078248212103,0.18890560656973923,0.7885944843292236,0.03537483513355255,-1.0,0.8860465288162231,0.3084745705127716,0.05925000086426735,-0.05712499842047691,-0.0017500000540167093,0.07349999994039536,0.0014617600245401263,0.0013761100126430392,0.0015531200915575027,0.0004510900180321187,0.2485000044107437,0.17550000548362732,0.42399999499320984,0.06024999916553497,0.05624999850988388,0.01549999974668026,0.02775000035762787,0.5837046504020691,-0.696475625038147,-0.7813972234725952,-0.8734723329544067,0.0
44,157,-0.1591816529192335,-0.6872955256005142,-0.04018165291923351,-0.1592955256005142,0.16428520842627864,0.19342758306959776,0.8064464330673218,0.03203745558857918,-1.0,0.8860465288162231,0.3084745705127716,0.05937499925494194,-0.05712499842047691,-0.009750000201165676,0.07074999809265137,0.0024210400879383087,0.0005481599946506321,0.00017130000924225897,6.851999933132902e-05,0.25999999046325684,0.020999999716877937,0.2809999883174896,0.08174999803304672,0.030249999836087227,0.0022499999031424522,0.0005000000237487257,0.9245612621307373,-0.20957306027412415,0.8851163387298584,0.4566937983036041,-0.14245613
45,158,-0.16420735214173357,-0.6888990894434999,-0.045207352141733576,-0.16089908944349984,0.16712935610303195,0.1880037139995964,0.7926008105278015,0.03848215937614441,-1.0,0.8860465288162231,0.3084745705127716,0.05912499874830246,-0.05712499842047691,-0.0002500000118743628,0.07112500071525574,0.0016045100055634975,0.00034831001539714634,0.001695870072580874,0.00022269001055974513,0.17100000381469727,0.1679999977350235,0.33899998664855957,0.06350000202655792,0.02250000089406967,0.016249999403953552,0.016750000417232513,0.9870461225509644,-0.8351992964744568,-0.7965730428695679,-0.11157115548849106,0.0
46,159,-0.1561427991392007,-0.6918714213523162,-0.03714279913920071,-0.16387142135231614,0.1680280639176782,0.18632167953876735,0.7809131145477295,0.03576425462961197,-1.0,0.8860465288162231,0.3084745705127716,0.06337500363588333,-0.06562499701976776,-0.008124999701976776,0.07124999910593033,0.002889260184019804,0.00013133000175002962,0.00017701000615488738,0.00017130000924225897,0.2644999921321869,0.030500000342726707,0.29499998688697815,0.09200000017881393,0.008249999955296516,0.0022499999031424522,0.012500000186264515,0.7638583779335022,-0.21585969626903534,-0.5175727009773254,-0.15853506326675415,-0.06897642
47,160,-0.14572974749825257,-0.6958304416741212,-0.026729747498252576,-0.1678304416741212,0.16994568707046065,0.18278277177616672,0.7996678948402405,0.03072640486061573,-1.0,0.8860465288162231,0.3084745705127716,0.06962499767541885,-0.06987500190734863,-0.017875000834465027,0.07150000333786011,0.0026151800993829966,0.00013133000175002962,0.00017701000615488738,0.00010278000263497233,0.24050000309944153,0.02449999935925007,0.26499998569488525,0.08649999648332596,0.008750000037252903,0.0024999999441206455,0.0062500000931322575,0.6229931116104126,0.4165596067905426,0.111638642847538,-0.8584679365158081,-0.046290882
48,161,-0.15522511405623599,-0.6929484125274148,-0.03622511405623599,-0.16494841252741477,0.16887935837070647,0.18474226568568708,0.8238843083381653,0.02401619963347912,-1.0,0.8860465288162231,0.3084745705127716,0.06962499767541885,-0.07000000029802322,-0.017750000581145287,0.05824999883770943,0.0029634900856763124,0.0003882800228893757,0.00048534999950788915,7.423000351991504e-05,0.29350000619888306,0.04899999871850014,0.3425000011920929,0.09525000303983688,0.02449999935925007,0.0062500000931322575,0.000750000006519258,-0.03154952824115753,0.6288472414016724,0.584079384803772,0.7632725834846497,-0.04684505
49,162,-0.1558809395887969,-0.6922423181499322,-0.0368809395887969,-0.16424231814993218,0.16833223926573312,0.18575579599695358,0.8018020391464233,0.02890099585056305,-1.0,0.8860465288162231,0.3084745705127716,0.06925000250339508,-0.06962499767541885,-0.009624999947845936,0.06424999982118607,0.0021469600033015013,0.0010620600078254938,0.0010906100505962968,0.000245530012762174,0.2809999883174896,0.11699999868869781,0.39800000190734863,0.07724999636411667,0.04724999889731407,0.011749999597668648,0.017249999567866325,-0.5555552244186401,-0.4634406864643097,-0.7377933263778687,0.09571660310029984,0.0
50,163,-0.16921197967818571,-0.6893750593655277,-0.05021197967818572,-0.16137505936552765,0.16900636878067676,0.18450777272341062,0.8002768754959106,0.03009776584804058,-1.0,0.8860465288162231,0.3084745705127716,0.06949999928474426,-0.06937500089406967,-0.01862500049173832,0.06949999928474426,0.0016216400545090437,0.0005253200070001185,0.0001598800008650869,0.0001484600070398301,0.18799999356269836,0.027000000700354576,0.2150000035762787,0.0560000017285347,0.029500000178813934,0.0022499999031424522,0.010250000283122063,0.7731531858444214,-0.7339974641799927,0.5310640931129456,0.015040194615721703,0.0
51,164,-0.14831690460864855,-0.6939453111189691,-0.029316904608648553,-0.16594531111896904,0.1685150651372275,0.1854164966021185,0.7692744731903076,0.03495752811431885,-1.0,0.8860465288162231,0.3084745705127716,0.06949999928474426,-0.07175000011920929,-0.013000000268220901,0.06925000250339508,0.002426750026643276,0.00010848999954760075,0.001050640014000237,0.0001598800008650869,0.22200000286102295,0.10599999874830246,0.328000009059906,0.08474999666213989,0.006750000175088644,0.01075000036507845,0.011250000447034836,-0.08798761665821075,0.770067572593689,0.06481003016233444,-0.7025883197784424,-0.04120124
52,165,-0.1439032092823154,-0.6950097069915347,-0.024903209282315403,-0.16700970699153472,0.16885618751457432,0.18478507700996802,0.817867636680603,0.02721133641898632,-1.0,0.8860465288162231,0.3084745705127716,0.06949999928474426,-0.07112500071525574,-0.010999999940395355,0.061124999076128006,0.002004210138693452,0.0006566499941982329,0.0008051100303418934,7.423000351991504e-05,0.2329999953508377,0.07699999958276749,0.3100000023841858,0.06599999964237213,0.03424999862909317,0.008999999612569809,0.0012499999720603228,0.5727870464324951,-0.5228599905967712,-0.39094313979148865,-0.533228874206543,-0.03505457
53,166,-0.15035485102097593,-0.6951881693764608,-0.03135485102097593,-0.16718816937646075,0.1701029413678662,0.18249556389518554,0.8281320929527283,0.025407277047634125,-1.0,0.8860465288162231,0.3084745705127716,0.06949999928474426,-0.07112500071525574,-0.014624999836087227,0.051624998450279236,0.002495269989594817,0.0002169799990952015,0.00013133000175002962,7.423000351991504e-05,0.23749999701976776,0.017999999225139618,0.2554999887943268,0.07649999856948853,0.014750000089406967,0.0017500000540167093,0.0005000000237487257,-0.7436931133270264,0.5705848932266235,0.9625647068023682,0.4672108292579651,-0.024369312
54,167,-0.1592437027437182,-0.6897302684017803,-0.04024370274371822,-0.16173026840178029,0.1666620392526044,0.18888434309599017,0.8131282329559326,0.02510479837656021,-1.0,0.8860465288162231,0.3084745705127716,0.06912499666213989,-0.07137499749660492,-0.0017500000540167093,0.05350000038743019,0.001416080049239099,0.0007080400246195495,0.0011762600624933839,0.0001884299999801442,0.1860000044107437,0.11949999630451202,0.30550000071525574,0.05849999934434891,0.0364999994635582,0.012000000104308128,0.01425000000745058,0.3832024037837982,0.49831444025039673,0.594332218170166,0.5663086175918579,-0.029898869
55,168,-0.15499081086564462,-0.6900087618917803,-0.035990810865644624,-0.16200876189178026,0.16595836042957932,0.1902181696419851,0.7924565076828003,0.03435547649860382,-1.0,0.8860465288162231,0.3084745705127716,0.06887499988079071,-0.07137499749660492,0.004124999977648258,0.05575000122189522,0.0019699500408023596,0.0009078900329768658,0.0024724300019443035,0.0005196100100874901,0.25200000405311584,0.2619999945163727,0.5139999985694885,0.07325000315904617,0.04574999958276749,0.02250000089406967,0.030750000849366188,-0.4802834391593933,0.5122079253196716,-0.6900433301925659,0.14646078646183014,0.0
56,169,-0.14605807233742532,-0.6928588503849007,-0.027058072337425326,-0.16485885038490067,0.16706459777238386,0.18812550149585755,0.80234694480896,0.03388345614075661,-1.0,0.8860465288162231,0.3084745705127716,0.06887499988079071,-0.0689999982714653,0.0001250000059371814,0.060874998569488525,0.0012733300682157278,0.0015930900117382407,0.00034831001539714634,0.0003825699968729168,0.25099998712539673,0.06400000303983688,0.3149999976158142,0.05525000020861626,0.05999999865889549,0.004749999847263098,0.025750000029802322,-0.3725571930408478,0.6983016729354858,-0.8643860816955566,-0.08153058588504791,0.0
57,170,-0.1436208642913428,-0.6954921101983449,-0.024620864291342803,-0.16749211019834487,0.16929203742984258,0.18398144399747882,0.8231207728385925,0.029052795842289925,-1.0,0.8860465288162231,0.3084745705127716,0.06887499988079071,-0.061500001698732376,-0.015124999918043613,0.06862500309944153,0.0008279500179924071,0.002381070051342249,0.00019414001144468784,0.00010848999954760075,0.2809999883174896,0.026499999687075615,0.3075000047683716,0.04149999842047691,0.07100000232458115,0.003000000026077032,0.007249999791383743,0.8248991966247559,0.02933233417570591,0.9442254900932312,-0.8739675283432007,0.0
58,171,-0.15066692255606326,-0.6924379241770873,-0.031666922556063265,-0.16443792417708725,0.16745932309621106,0.1873843861481191,0.828788697719574,0.024589642882347107,-1.0,0.8860465288162231,0.3084745705127716,0.06849999725818634,-0.06162500008940697,-0.0037499999161809683,0.055125001817941666,0.0019813701510429382,0.0023011299781501293,0.0014617600245401263,7.423000351991504e-05,0.375,0.13449999690055847,0.5095000267028809,0.0729999989271164,0.07225000113248825,0.01549999974668026,0.001500000013038516,0.6783049702644348,0.9925986528396606,0.23148071765899658,0.9544233083724976,-0.24139328
59,172,-0.16394699246765385,-0.6887446773497956,-0.04494699246765385,-0.16074467734979558,0.16691040539216606,0.18841580043631756,0.8124024868011475,0.029766229912638664,-1.0,0.8860465288162231,0.3084745705127716,0.06849999725818634,-0.06162500008940697,-0.0035000001080334187,0.06424999982118607,0.002506690099835396,0.0012162299826741219,0.0017701000906527042,0.000245530012762174,0.32600000500679016,0.17649999260902405,0.5024999976158142,0.08550000190734863,0.05350000038743019,0.017000000923871994,0.01899999938905239,0.12907087802886963,-0.861251175403595,0.5499680638313293,0.8457809090614319,-0.1049888
60,173,-0.17693884276810531,-0.6876994679724104,-0.05793884276810532,-0.1596994679724104,0.16988475379497175,0.18289418124531165,0.7815186381340027,0.03602597117424011,-1.0,0.8860465288162231,0.3084745705127716,0.06849999725818634,-0.06337500363588333,-0.0006249999860301614,0.07012499868869781,0.0016730300849303603,0.0003768599999602884,0.002518109977245331,0.000770850048866123,0.17949999868869781,0.2879999876022339,0.4675000011920929,0.06674999743700027,0.02474999986588955,0.02250000089406967,0.038750000298023224,-0.42953765392303467,-0.5734257698059082,-0.8112632036209106,0.541234016418457,-0.07139116
61,174,-0.19089051887452219,-0.6844605373830053,-0.07189051887452219,-0.15646053738300525,0.17218637130222245,0.1787327307932119,0.7513050436973572,0.037797510623931885,-1.0,0.8860465288162231,0.3084745705127716,0.06862500309944153,-0.06737499684095383,-0.0006249999860301614,0.0728750005364418,0.0010734800016507506,0.0001541700039524585,0.002072730101644993,0.0012847500620409846,0.10750000178813934,0.2939999997615814,0.40149998664855957,0.05050000175833702,0.011250000447034836,0.01899999938905239,0.05350000038743019,0.2221868336200714,-0.5057883262634277,-0.9807593822479248,-0.04665091633796692,0.0
62,175,-0.17589113050298608,-0.6876996732170162,-0.05689113050298608,-0.15969967321701617,0.1695304879823377,0.1835432618592635,0.7188592553138733,0.04328722506761551,-1.0,0.8860465288162231,0.3084745705127716,0.06937500089406967,-0.07237499952316284,-0.011374999769032001,0.08012499660253525,0.0013704000739380717,8.565000462112948e-05,0.00027407999732531607,0.0006966200307942927,0.1274999976158142,0.08500000089406967,0.21250000596046448,0.0572500005364418,0.0024999999441206455,0.0037499999161809683,0.03750000149011612,0.9828952550888062,0.9948237538337708,0.950293242931366,-0.8373892307281494,0.0
63,176,-0.1571949233714398,-0.6921891620438008,-0.038194923371439815,-0.16418916204380074,0.168573227720168,0.18530868493456146,0.7537415623664856,0.03779716417193413,-1.0,0.8860465288162231,0.3084745705127716,0.0689999982714653,-0.06862500309944153,-0.0043750000186264515,0.07587499916553497,0.0029121001716703176,0.0005424499977380037,0.0028093201108276844,0.00017701000615488738,0.30250000953674316,0.2615000009536743,0.5640000104904175,0.09475000202655792,0.032249998301267624,0.02525000087916851,0.014750000089406967,-0.3363794982433319,-0.15108029544353485,-0.13392814993858337,-0.8983021378517151,-0.027344158
64,177,-0.15743921907845865,-0.6918848187569735,-0.03843921907845865,-0.16388481875697347,0.16833243116633165,0.18575543953081128,0.7972211241722107,0.030187860131263733,-1.0,0.8860465288162231,0.3084745705127716,0.06887499988079071,-0.06887499988079071,0.0002500000118743628,0.06350000202655792,0.0021355401258915663,0.00044538002111949027,0.0015474100364372134,9.707000572234392e-05,0.22599999606609344,0.14399999380111694,0.3700000047683716,0.07625000178813934,0.027249999344348907,0.015250000171363354,0.006000000052154064,0.4956066310405731,0.8655343055725098,0.18423856794834137,-0.1164003387093544,-0.032329414
65,178,-0.14923109848947447,-0.6930747524468095,-0.030231098489474473,-0.16507475244680947,0.1678201215923041,0.18670952427880858,0.7966529726982117,0.030703697353601456,-1.0,0.8860465288162231,0.3084745705127716,0.06887499988079071,-0.06887499988079071,0.0002500000118743628,0.06350000202655792,0.0024438800755888224,0.0014217899879440665,0.002255450002849102,7.423000351991504e-05,0.3384999930858612,0.20399999618530273,0.5425000190734863,0.08449999988079071,0.05950000137090683,0.02199999988079071,0.0017500000540167093,-0.3631914556026459,0.6025699377059937,-0.6314641237258911,0.17555399239063263,-0.026827266
66,179,-0.15205020546131784,-0.6916314957145477,-0.033050205461317844,-0.16363149571454771,0.1669358633452242,0.18836783973545373,0.8157416582107544,0.02868686057627201,-1.0,0.8860465288162231,0.3084745705127716,0.06887499988079071,-0.06624999642372131,-0.0006249999860301614,0.06362500041723251,0.0016730300849303603,0.002312550088390708,0.0003768599999602884,0.00011420000373618677,0.3490000069141388,0.0430000014603138,0.3919999897480011,0.06575000286102295,0.0767500028014183,0.004999999888241291,0.00800000037997961,-0.900818407535553,0.8523292541503906,-0.17735902965068817,0.8141239881515503,-0.059465308
67,180,-0.15864733687195007,-0.6902715210437789,-0.03964733687195007,-0.16227152104377884,0.1670447780174509,0.18816279120446283,0.8091855645179749,0.031133057549595833,-1.0,0.8860465288162231,0.3084745705127716,0.06137499958276749,-0.05575000122189522,-0.0035000001080334187,0.07587499916553497,0.0009935400448739529,0.0019242700655013323,0.0003140500048175454,0.0001827200030675158,0.2554999887943268,0.04349999874830246,0.29899999499320984,0.04699999839067459,0.0689999982714653,0.0042500002309679985,0.014000000432133675,-0.38166406750679016,0.8259948492050171,-0.6407325267791748,0.9502754807472229,-0.048885684
68,181,-0.14710538829824404,-0.6919107224667062,-0.02810538829824405,-0.16391072246670613,0.1663028496176558,0.1895640160050065,0.7938433885574341,0.033438101410865784,-1.0,0.8860465288162231,0.3084745705127716,0.057999998331069946,-0.048374999314546585,-0.015124999918043613,0.09399999678134918,0.0007594299968332052,0.002004210138693452,0.00022840000747237355,0.00017701000615488738,0.24199999868869781,0.03550000116229057,0.2775000035762787,0.039500001817941666,0.06975000351667404,0.0035000001080334187,0.013249999843537807,0.8656687140464783,0.05262130871415138,-0.5690985321998596,-0.7382431626319885,-0.0015786391
69,182,-0.1609344293992711,-0.6890067017366952,-0.04193442939927111,-0.16100670173669518,0.1663780465481296,0.18942152326548545,0.8206851482391357,0.030659792944788933,-1.0,0.8860465288162231,0.3084745705127716,0.05824999883770943,-0.04625000059604645,-0.02487500011920929,0.08675000071525574,0.001935690059326589,0.0018614600412547588,0.0001256200048374012,7.423000351991504e-05,0.33250001072883606,0.017500000074505806,0.3499999940395355,0.07124999910593033,0.06674999743700027,0.0017500000540167093,0.0002500000118743628,-0.22185280919075012,0.8157371282577515,0.5224001407623291,0.8798986673355103,-0.046634063
70,183,-0.1681797993888779,-0.6857938144672007,-0.0491797993888779,-0.15779381446720064,0.16528018802034203,0.19151256092719215,0.7885245680809021,0.035581860691308975,-1.0,0.8860465288162231,0.3084745705127716,0.057999998331069946,-0.04625000059604645,-0.020124999806284904,0.09600000083446503,0.001581670017912984,0.002483850112184882,0.000982120051048696,0.0001884299999801442,0.35600000619888306,0.10249999910593033,0.4584999978542328,0.06350000202655792,0.08275000005960464,0.011749999597668648,0.014499999582767487,-0.15100142359733582,0.015533382073044777,-0.3978710174560547,0.6991288661956787,-0.081791535
71,184,-0.15810736867341177,-0.6901786529354362,-0.039107368673411774,-0.1621786529354362,0.16682716131526912,0.18857271073032064,0.7716748714447021,0.041027434170246124,-1.0,0.8860465288162231,0.3084745705127716,0.057874999940395355,-0.04612499848008156,-0.020124999806284904,0.10275000333786011,0.0013646900188177824,0.001667320029810071,0.0006509399972856045,0.0004682200087700039,0.265500009059906,0.09799999743700027,0.3634999990463257,0.05824999883770943,0.0637499988079071,0.008249999955296516,0.027000000700354576,0.7230439186096191,0.8411701917648315,-0.5205922722816467,-0.07380210608243942,-0.050470214
72,185,-0.15276414809092712,-0.6904330524108244,-0.03376414809092712,-0.1624330524108244,0.16590513618271038,0.19031943877766166,0.795099139213562,0.033595502376556396,-1.0,0.8860465288162231,0.3084745705127716,0.057874999940395355,-0.042500000447034836,-0.026750000193715096,0.1080000028014183,0.0025009801611304283,0.0020670201629400253,0.0001598800008650869,0.0001827200030675158,0.4000000059604645,0.029999999329447746,0.4300000071525574,0.08524999767541885,0.07225000113248825,0.0020000000949949026,0.013749999925494194,0.03914706036448479,0.2568034529685974,0.5802131295204163,-0.8885909914970398,-0.080931745
73,186,-0.15070330587813108,-0.6900765383614693,-0.03170330587813108,-0.1620765383614693,0.1651481271187753,0.19176564121503986,0.8075252175331116,0.03316431865096092,-1.0,0.8860465288162231,0.3084745705127716,0.057624999433755875,-0.04262499883770943,-0.020625000819563866,0.09775000065565109,0.0017244199989363551,0.0021526701748371124,0.0010106699774041772,7.423000351991504e-05,0.3395000100135803,0.0949999988079071,0.4345000088214874,0.06700000166893005,0.07699999958276749,0.011500000022351742,0.0010000000474974513,-0.5775103569030762,-0.6554346084594727,0.38315120339393616,-0.7546592950820923,0.0
74,187,-0.15889726612835775,-0.6861266657762988,-0.039897266128357756,-0.15812666577629875,0.16308229295066431,0.19576840422396616,0.8123179078102112,0.03376857936382294,-1.0,0.8860465288162231,0.3084745705127716,0.05562499910593033,-0.042750000953674316,-0.013000000268220901,0.08362500369548798,0.00107919005677104,0.001204809988848865,0.0009764100541360676,6.851999933132902e-05,0.20000000298023224,0.09149999916553497,0.2915000021457672,0.0494999997317791,0.05274999886751175,0.010499999858438969,0.0010000000474974513,0.04802597686648369,0.4501061737537384,0.4493187963962555,0.9495330452919006,0.0
75,188,-0.15319105171109113,-0.6891366129621208,-0.03419105171109113,-0.16113661296212078,0.16472412104489983,0.19258046541269272,0.7932621836662292,0.04046327993273735,-1.0,0.8860465288162231,0.3084745705127716,0.05550000071525574,-0.042750000953674316,-0.008124999701976776,0.09075000137090683,0.001119159976951778,0.001764390035532415,0.0017929400783032179,0.0003368900215718895,0.2524999976158142,0.18649999797344208,0.4390000104904175,0.051500000059604645,0.06949999928474426,0.017500000074505806,0.02225000038743019,0.9073559045791626,0.9071718454360962,0.16431193053722382,-0.7204892039299011,-0.11346624
76,189,-0.15048803462271884,-0.6905512295658601,-0.03148803462271885,-0.1625512295658601,0.16557294029452546,0.19095272341808614,0.8065324425697327,0.035361673682928085,-1.0,0.8860465288162231,0.3084745705127716,0.05550000071525574,-0.042750000953674316,-0.008124999701976776,0.08775000274181366,0.0017586800968274474,0.0024724300019443035,0.0020213399548083544,7.423000351991504e-05,0.37049999833106995,0.1835000067949295,0.5540000200271606,0.06849999725818634,0.08775000274181366,0.020749999210238457,0.0012499999720603228,0.8695825338363647,-0.6834097504615784,-0.38248565793037415,-0.20611099898815155,-0.10948233
77,190,-0.15742360473147105,-0.6886677111391009,-0.03842360473147105,-0.16066771113910083,0.16519832566717457,0.19166940180423594,0.8128185272216797,0.03296401724219322,-1.0,0.8860465288162231,0.3084745705127716,0.05550000071525574,-0.042750000953674316,-0.00800000037997961,0.08449999988079071,0.0025124000385403633,0.0017872300231829286,0.0019128500716760755,6.851999933132902e-05,0.3765000104904175,0.17350000143051147,0.550000011920929,0.08624999970197678,0.0689999982714653,0.01899999938905239,0.0002500000118743628,0.6721194386482239,-0.3160077929496765,0.9784595966339111,0.34921813011169434,-0.24370915
78,191,-0.15954054432649661,-0.6861335539968255,-0.04054054432649662,-0.1581335539968255,0.16324753178518675,0.19544518590909418,0.7966892719268799,0.03615642338991165,-1.0,0.8860465288162231,0.3084745705127716,0.05537499859929085,-0.042750000953674316,-0.004749999847263098,0.08474999666213989,0.0017301300540566444,0.0012904600007459521,0.0017415500478819013,0.0001598800008650869,0.2644999921321869,0.1665000021457672,0.4309999942779541,0.0677499994635582,0.0572500005364418,0.016750000417232513,0.012749999761581421,-0.9827179908752441,0.9671329259872437,-0.5738241076469421,0.933582067489624,0.0
79,192,-0.17525871083744007,-0.6818270896925812,-0.05625871083744008,-0.1538270896925812,0.1637919902448838,0.1943839596499509,0.7917661666870117,0.04045160487294197,-1.0,0.8860465288162231,0.3084745705127716,0.04774999991059303,-0.03424999862909317,-0.00912499986588955,0.0989999994635582,0.0009421500144526362,0.0022497400641441345,0.00028550002025440335,0.0002969200140796602,0.27950000762939453,0.050999999046325684,0.3305000066757202,0.04625000059604645,0.07649999856948853,0.004000000189989805,0.01924999989569187,0.9363740086555481,-0.9089020490646362,-0.429913729429245,0.9170083999633789,-0.0065546157
80,193,-0.17486997348129646,-0.6818124303124847,-0.055869973481296464,-0.1538124303124847,0.16364509664341836,0.19466970706990844,0.7552123069763184,0.047750696539878845,-1.0,0.8860465288162231,0.3084745705127716,0.047874998301267624,-0.0338749997317791,-0.017374999821186066,0.1120000034570694,0.002186930039897561,0.0008565000025555491,0.0003197600017301738,0.00041683000745251775,0.26649999618530273,0.06449999660253525,0.3310000002384186,0.07850000262260437,0.041749998927116394,0.0044999998062849045,0.027499999850988388,0.7731488347053528,0.37473201751708984,0.1803199201822281,-0.29693785309791565,-0.073957086
81,194,-0.17739002198577933,-0.6808737251913597,-0.05839002198577933,-0.15287372519135967,0.16364525816956368,0.19466939262768848,0.7561163306236267,0.04777554050087929,-1.0,0.8860465288162231,0.3084745705127716,0.047874998301267624,-0.0338749997317791,-0.017374999821186066,0.1120000034570694,0.0027350899763405323,0.0010620600078254938,0.0010163800325244665,0.00021127000218257308,0.33250001072883606,0.10750000178813934,0.4399999976158142,0.09125000238418579,0.04874999821186066,0.011250000447034836,0.016499999910593033,-0.7292777299880981,0.9487079977989197,0.9245532751083374,0.8526207804679871,-0.026427774
82,195,-0.1759461617649169,-0.6804959095157732,-0.0569461617649169,-0.1524959095157732,0.1627816567024644,0.19635784059532785,0.7502557635307312,0.04936656728386879,-1.0,0.8860465288162231,0.3084745705127716,0.04724999889731407,-0.03150000050663948,-0.00912499986588955,0.11287499964237213,0.0019413999980315566,0.0020270501263439655,0.0030776900239288807,0.0009706999990157783,0.3474999964237213,0.3544999957084656,0.7020000219345093,0.07524999976158142,0.0794999971985817,0.029249999672174454,0.04650000110268593,0.8211000561714172,-0.6508151292800903,0.061915118247270584,0.3865542709827423,-0.12225909
83,196,-0.17990267733743118,-0.6805998632672852,-0.06090267733743118,-0.15259986326728514,0.16430415203536816,0.1933909443748449,0.7536135911941528,0.0500069335103035,-1.0,0.8860465288162231,0.3084745705127716,0.04724999889731407,-0.03150000050663948,-0.00912499986588955,0.11287499964237213,0.0024610101245343685,0.0018272000597789884,0.0030776900239288807,0.0015017300611361861,0.37549999356269836,0.4009999930858612,0.7764999866485596,0.09000000357627869,0.07524999976158142,0.029249999672174454,0.060750000178813934,-0.47445735335350037,-0.5729506015777588,0.07629737257957458,0.17456084489822388,-0.06764103
84,197,-0.18575580382557882,-0.678857629145406,-0.06675580382557883,-0.150857629145406,0.16496775932215366,0.19211183679559196,0.744412362575531,0.049830738455057144,-1.0,0.8860465288162231,0.3084745705127716,0.04724999889731407,-0.03150000050663948,-0.00912499986588955,0.11500000208616257,0.001752970041707158,0.001752970041707158,0.002757929963991046,0.0016102200606837869,0.3070000112056732,0.3824999928474426,0.6894999742507935,0.07275000214576721,0.07325000315904617,0.026499999687075615,0.06300000101327896,-0.9890910983085632,-0.5890101194381714,0.4579731822013855,0.37291014194488525,-0.10248573
85,198,-0.18567830672784416,-0.6785779190955206,-0.06667830672784417,-0.15057791909552054,0.16468061910021348,0.19266425988502434,0.730800449848175,0.05278367921710014,-1.0,0.8860465288162231,0.3084745705127716,0.041875001043081284,-0.025750000029802322,-0.00912499986588955,0.12224999815225601,0.0009764100541360676,0.0012390700867399573,0.0026265999767929316,0.0016216400545090437,0.1940000057220459,0.3720000088214874,0.5659999847412109,0.04924999922513962,0.05649999901652336,0.02474999986588955,0.06224999949336052,0.8197222948074341,0.5618394017219543,0.9709190130233765,0.09644191712141037,-0.17633647
86,199,-0.18593848316604442,-0.6787926841585314,-0.06693848316604442,-0.15079268415853142,0.164982405499209,0.19208370181623033,0.7309806942939758,0.053257763385772705,-1.0,0.8860465288162231,0.3084745705127716,0.041875001043081284,-0.025750000029802322,-0.00912499986588955,0.12224999815225601,0.0014560500858351588,0.002061309991404414,0.0022040600888431072,0.0017472601030021906,0.30799999833106995,0.34599998593330383,0.6539999842643738,0.06350000202655792,0.07750000059604645,0.02250000089406967,0.06575000286102295,0.7921660542488098,-0.15955449640750885,-0.5826137065887451,0.9334143400192261,-0.12006343
87,200,-0.18579699164570823,-0.678346774719539,-0.06679699164570824,-0.15034677471953894,0.1645174481977052,0.19297888851807213,0.7303756475448608,0.052893754094839096,-1.0,0.8860465288162231,0.3084745705127716,0.041875001043081284,-0.025750000029802322,-0.00912499986588955,0.12224999815225601,0.002483850112184882,0.0018043600721284747,0.002015630016103387,0.002466720063239336,0.37549999356269836,0.39250001311302185,0.7680000066757202,0.09099999815225601,0.07175000011920929,0.020250000059604645,0.08474999666213989,0.5095637440681458,-0.5411690473556519,0.20415756106376648,0.24768681824207306,-0.15305722
88,201,-0.1860149858217152,-0.6787725735098304,-0.0670149858217152,-0.15077257350983042,0.16499508249478803,0.19205935291723011,0.730704665184021,0.05364953354001045,-1.0,0.8860465288162231,0.3084745705127716,0.041875001043081284,-0.025750000029802322,-0.00912499986588955,0.12224999815225601,0.002438170136883855,0.0010906100505962968,0.00215838011354208,0.001667320029810071,0.3089999854564667,0.33500000834465027,0.6439999938011169,0.08799999952316284,0.051500000059604645,0.020749999210238457,0.06599999964237213,0.7379584908485413,-0.7644232511520386,0.46383926272392273,-0.4453311860561371,-0.17539144
89,202,-0.18577376526402103,-0.677766000042517,-0.06677376526402104,-0.14976600004251694,0.16397740849357806,0.19402387025511558,0.7301977276802063,0.05292784050107002,-1.0,0.8860465288162231,0.3084745705127716,0.041875001043081284,-0.025875000283122063,-0.00912499986588955,0.12224999815225601,0.0018043600721284747,0.0003197600017301738,0.0032204401213675737,0.0010620600078254938,0.1860000044107437,0.375,0.5609999895095825,0.07074999809265137,0.023250000551342964,0.02824999950826168,0.0494999997317791,0.40873342752456665,0.8284534811973572,-0.5029205679893494,0.8348029255867004,-0.0720856
90,203,-0.1856183630601728,-0.6779723971097996,-0.0666183630601728,-0.1499723971097996,0.16410279154138854,0.19378074966096592,0.7307586669921875,0.05463389679789543,-1.0,0.8860465288162231,0.3084745705127716,0.041875001043081284,-0.025875000283122063,-0.00912499986588955,0.12224999815225601,0.001964240102097392,0.0011705500073730946,0.002466720063239336,0.0023525201249867678,0.2745000123977661,0.421999990940094,0.6965000033378601,0.07774999737739563,0.054249998182058334,0.023749999701976776,0.0807500034570694,0.5181460380554199,-0.3957570195198059,0.6368811130523682,0.816860556602478,-0.278609
91,204,-0.17987527589969501,-0.6795671296741206,-0.06087527589969502,-0.15156712967412056,0.16333521975837198,0.19527387910559107,0.7311201095581055,0.054284073412418365,-1.0,0.8860465288162231,0.3084745705127716,0.041875001043081284,-0.025875000283122063,-0.00912499986588955,0.12224999815225601,0.002129829954355955,0.001050640014000237,0.0021069899667054415,0.0015245700487866998,0.2784999907016754,0.3179999887943268,0.5964999794960022,0.08049999922513962,0.0507499985396862,0.020500000566244125,0.06199999898672104,0.6702808141708374,0.9113875031471252,0.14910221099853516,-0.6147149801254272,-0.063437074
92,205,-0.17947577827032252,-0.6792888206265193,-0.06047577827032252,-0.15128882062651927,0.16292828791822597,0.19607012969496515,0.7444760799407959,0.051581136882305145,-1.0,0.8860465288162231,0.3084745705127716,0.041749998927116394,-0.02449999935925007,-0.00912499986588955,0.1223749965429306,0.0025980500504374504,0.0021926399786025286,0.002061309991404414,0.0007365900091826916,0.4194999933242798,0.24500000476837158,0.6644999980926514,0.09075000137090683,0.0820000022649765,0.021250000223517418,0.038750000298023224,0.983551561832428,-0.838716447353363,0.8719649314880371,0.16678111255168915,-0.29683718
93,206,-0.17818509218971518,-0.6793209836724962,-0.05918509218971518,-0.15132098367249613,0.1624835845158425,0.19694400186225758,0.7454051375389099,0.05205284804105759,-1.0,0.8860465288162231,0.3084745705127716,0.041749998927116394,-0.02449999935925007,-0.00912499986588955,0.1223749965429306,0.0019528201082721353,0.002004210138693452,0.002438170136883855,0.0009021800360642374,0.3465000092983246,0.29249998927116394,0.6389999985694885,0.07474999874830246,0.07900000363588333,0.023749999701976776,0.04500000178813934,0.965218722820282,0.03531552851200104,-0.8665030598640442,-0.8092190623283386,-0.1626267
94,207,-0.1780935402968089,-0.6810357116349134,-0.05909354029680891,-0.15303571163491336,0.16404869868552732,0.1938855995581621,0.7484067678451538,0.051998332142829895,-1.0,0.8860465288162231,0.3084745705127716,0.041875001043081284,-0.02449999935925007,-0.00912499986588955,0.12150000035762787,0.002649439964443445,0.0020670201629400253,0.002238319953903556,0.00021127000218257308,0.4129999876022339,0.21449999511241913,0.6274999976158142,0.09025000035762787,0.08025000244379044,0.02199999988079071,0.016499999910593033,0.6191822290420532,-0.807036280632019,0.01399792730808258,0.7220832109451294,-0.13357298
95,208,-0.1782478854355376,-0.6801070731564333,-0.059247885435537606,-0.15210707315643324,0.16323870139399885,0.1954624452455901,0.7486196756362915,0.04909201338887215,-1.0,0.8860465288162231,0.3084745705127716,0.041749998927116394,-0.02449999935925007,-0.00912499986588955,0.12162499874830246,0.0023924901615828276,0.0018671700963750482,0.0022326100151985884,0.0008565000025555491,0.37299999594688416,0.2705000042915344,0.6434999704360962,0.08675000071525574,0.0729999989271164,0.02250000089406967,0.04324999824166298,0.9456795454025269,0.5419723391532898,0.4991583824157715,0.4073088765144348,-0.26216248
96,209,-0.17768252352731823,-0.679926380353848,-0.05868252352731823,-0.15192638035384798,0.1628657840522568,0.19619271941370098,0.7482607364654541,0.05066597834229469,-1.0,0.8860465288162231,0.3084745705127716,0.041875001043081284,-0.02449999935925007,-0.00912499986588955,0.12162499874830246,0.0017415500478819013,0.002284000162035227,0.001935690059326589,0.0013818200677633286,0.35249999165534973,0.2904999852180481,0.6430000066757202,0.07050000131130219,0.08375000208616257,0.020250000059604645,0.05849999934434891,-0.18523944914340973,0.08159942179918289,-0.32180851697921753,-0.08386467397212982,-0.03214771
97,210,-0.18698373110837413,-0.6759841797900927,-0.06798373110837413,-0.1479841797900927,0.16285301705391336,0.19621776893394038,0.7495755553245544,0.050972238183021545,-1.0,0.8860465288162231,0.3084745705127716,0.041749998927116394,-0.02449999935925007,-0.00912499986588955,0.12162499874830246,0.0015302799874916673,0.0023753601126372814,0.0017015800112858415,0.0012847500620409846,0.34200000762939453,0.2615000009536743,0.6035000085830688,0.06499999761581421,0.08550000190734863,0.0182499997317791,0.05550000071525574,0.8704895973205566,-0.6033153533935547,0.15413551032543182,0.9597318172454834,-0.03650403
98,211,-0.1876989920662585,-0.6761091535060411,-0.06869899206625851,-0.14810915350604104,0.16326626370195368,0.1954085787082669,0.7279447913169861,0.05765393376350403,-1.0,0.8860465288162231,0.3084745705127716,0.041749998927116394,-0.02437499910593033,-0.00912499986588955,0.12600000202655792,0.002523820148780942,0.0015930900117382407,0.0018843000289052725,0.0023525201249867678,0.3605000078678131,0.3709999918937683,0.7315000295639038,0.09300000220537186,0.06650000065565109,0.01875000074505806,0.08250000327825546,0.9756231904029846,-0.6158474087715149,0.022300058975815773,0.23350036144256592,-0.18741328
99,212,-0.1871009622017185,-0.6762880178283348,-0.06810096220171852,-0.14828801782833478,0.16317805392961526,0.19558102421638868,0.7262814044952393,0.057442113757133484,-1.0,0.8860465288162231,0.3084745705127716,0.041749998927116394,-0.02437499910593033,-0.00912499986588955,0.12600000202655792,0.0018671700963750482,0.0008393700118176639,0.001947110053151846,0.0025580800138413906,0.2370000034570694,0.3944999873638153,0.6315000057220459,0.07699999958276749,0.04349999874830246,0.01875000074505806,0.0860000029206276,0.9382843971252441,-0.5350617170333862,0.5847933292388916,0.23344525694847107,-0.18152328
100,213,-0.18639753756020552,-0.6769952909111615,-0.06739753756020553,-0.14899529091116148,0.1635298895703197,0.19489410958059555,0.7276721596717834,0.05713895335793495,-1.0,0.8860465288162231,0.3084745705127716,0.041749998927116394,-0.02437499910593033,-0.00912499986588955,0.12600000202655792,0.0019813701510429382,0.0003140500048175454,0.003306090133264661,0.002261160174384713,0.20100000500679016,0.48750001192092896,0.6884999871253967,0.0794999971985817,0.023499999195337296,0.029750000685453415,0.08150000125169754,0.6301484107971191,0.6864123940467834,-0.8161245584487915,0.8526632189750671,-0.19205825
101,214,-0.1860545027149428,-0.6764365748016288,-0.06705450271494282,-0.14843657480162875,0.1628794740695948,0.19616586243480183,0.7293080687522888,0.055940184742212296,-1.0,0.8860465288162231,0.3084745705127716,0.041749998927116394,-0.02437499910593033,-0.00912499986588955,0.1264999955892563,0.0023182600270956755,0.0009136000298894942,0.0028778400737792253,0.0028378700371831656,0.28299999237060547,0.5005000233650208,0.7835000157356262,0.08924999833106995,0.04899999871850014,0.027000000700354576,0.09399999678134918,0.5700136423110962,-0.8550243973731995,0.6171756982803345,0.08823859691619873,-0.2297229
102,215,-0.18548993504449232,-0.6780999725302419,-0.06648993504449233,-0.15009997253024188,0.16416733297401215,0.19365572114092516,0.7301058173179626,0.05688716098666191,-1.0,0.8860465288162231,0.3084745705127716,0.041749998927116394,-0.02437499910593033,-0.00912499986588955,0.1264999955892563,0.0026551501359790564,0.0007480100030079484,0.0026151800993829966,0.0025866301730275154,0.2980000078678131,0.4555000066757202,0.7534999847412109,0.09674999862909317,0.04149999842047691,0.024250000715255737,0.08950000256299973,-0.1930437982082367,0.3244456648826599,-0.7134581804275513,0.008797679096460342,-0.087579966
103,216,-0.18492078869699619,-0.6778272054120493,-0.06592078869699619,-0.1498272054120493,0.16368794049659993,0.1945863209306155,0.7314187288284302,0.05406784266233444,-1.0,0.8860465288162231,0.3084745705127716,0.041749998927116394,-0.02437499910593033,-0.009750000201165676,0.12662500143051147,0.002695120172575116,0.0012105200439691544,0.0005367400008253753,0.001821490004658699,0.34200000762939453,0.20649999380111694,0.5485000014305115,0.09549999982118607,0.05350000038743019,0.006750000175088644,0.07050000131130219,-0.9844360947608948,0.26960763335227966,-0.3071383237838745,0.4557945430278778,-0.13489147
104,217,-0.18711520640074,-0.6775624874869031,-0.06811520640074001,-0.14956248748690304,0.1643429919597591,0.19331584606327856,0.7327423691749573,0.05453015863895416,-1.0,0.8860465288162231,0.3084745705127716,0.041749998927116394,-0.022874999791383743,-0.015375000424683094,0.13262499868869781,0.002649439964443445,0.0014903100673109293,0.0004568000149447471,0.0016273499932140112,0.36250001192092896,0.18250000476837158,0.5450000166893005,0.09300000220537186,0.060499999672174454,0.006500000134110451,0.06750000268220901,0.9141543507575989,-0.6586174964904785,-0.6220541000366211,-0.13379311561584473,-0.13091543
105,218,-0.19386518914310355,-0.6753695809190743,-0.07486518914310356,-0.14736958091907426,0.1652954625078869,0.19148331059890225,0.7276390790939331,0.054978836327791214,-1.0,0.8860465288162231,0.3084745705127716,0.041999999433755875,-0.022624999284744263,-0.025875000283122063,0.14225000143051147,0.0020955700892955065,0.0007936900365166366,0.00029121001716703176,0.0008279500179924071,0.2529999911785126,0.09799999743700027,0.35100001096725464,0.07774999737739563,0.03550000116229057,0.0042500002309679985,0.04324999824166298,0.3508712947368622,0.2698562741279602,0.7892780900001526,-0.19563564658164978,-0.02669067
106,219,-0.18547651837620174,-0.6780060982472033,-0.06647651837620175,-0.15000609824720323,0.16407607079269992,0.19383253624666333,0.7119414210319519,0.05869562551379204,-1.0,0.8860465288162231,0.3084745705127716,0.041999999433755875,-0.022624999284744263,-0.02212500013411045,0.1421249955892563,0.002244030125439167,0.0010677700629457831,0.002775060012936592,0.0006395200034603477,0.28999999165534973,0.29899999499320984,0.5889999866485596,0.08250000327825546,0.045499999076128006,0.026249999180436134,0.036249998956918716,0.19366700947284698,0.7976377010345459,0.37521249055862427,-0.14912918210029602,-0.0447523
107,220,-0.1856174877401185,-0.6787969314947935,-0.0666174877401185,-0.15079693149479345,0.16485631386468116,0.19232605605761405,0.7314499616622925,0.05422695353627205,-1.0,0.8860465288162231,0.3084745705127716,0.041875001043081284,-0.020250000059604645,-0.02199999988079071,0.1421249955892563,0.002381070051342249,0.001695870072580874,0.0027522200252860785,0.0005538699915632606,0.3569999933242798,0.28949999809265137,0.6464999914169312,0.0860000029206276,0.07050000131130219,0.027000000700354576,0.030750000849366188,-0.8698393106460571,-0.20885279774665833,-0.4075535237789154,0.5908491611480713,-0.08323928
108,221,-0.18574921633840685,-0.677888254968998,-0.06674921633840686,-0.14988825496899794,0.16407908720931738,0.1938266895380109,0.7311221361160278,0.05288655683398247,-1.0,0.8860465288162231,0.3084745705127716,0.041875001043081284,-0.020250000059604645,-0.02212500013411045,0.1421249955892563,0.001735839992761612,0.0014389200368896127,0.0026323101483285427,0.0011762600624933839,0.27799999713897705,0.3334999978542328,0.6115000247955322,0.07124999910593033,0.06274999678134918,0.025499999523162842,0.05274999886751175,0.9859144687652588,-0.629875898361206,-0.5350741147994995,-0.4801958501338959,-0.12068691
109,222,-0.18574475973234564,-0.6785098366500038,-0.06674475973234564,-0.15050983665000373,0.1646452971698231,0.19273232464097323,0.7308157682418823,0.054426684975624084,-1.0,0.8860465288162231,0.3084745705127716,0.041875001043081284,-0.020250000059604645,-0.02212500013411045,0.1421249955892563,0.0024724300019443035,0.0007080400246195495,0.0023867799900472164,0.0005881300312466919,0.2784999907016754,0.2605000138282776,0.5389999747276306,0.08699999749660492,0.039250001311302185,0.02225000038743019,0.03474999964237213,0.865612268447876,0.3264261782169342,-0.955323338508606,0.09074567258358002,-0.20959356
110,223,-0.17490359362325889,-0.6800997657586314,-0.05590359362325889,-0.15209976575863138,0.16204798833624873,0.19780375357367394,0.7308261394500732,0.05337315797805786,-1.0,0.8860465288162231,0.3084745705127716,0.041875001043081284,-0.020250000059604645,-0.02212500013411045,0.1421249955892563,0.0018329099984839559,0.0011134500382468104,0.001764390035532415,0.0007080400246195495,0.257999986410141,0.21649999916553497,0.47450000047683716,0.07225000113248825,0.051249999552965164,0.017750000581145287,0.03799999877810478,0.00822549406439066,0.5097159147262573,-0.6816097497940063,-0.2535521984100342,-0.00017273542
111,224,-0.18019556914193266,-0.6788609731710198,-0.061195569141932665,-0.15086097317101976,0.16280027920342213,0.19632127725919185,0.7560381293296814,0.05067836493253708,-1.0,0.8860465288162231,0.3084745705127716,0.041875001043081284,-0.020250000059604645,-0.02800000086426735,0.14237500727176666,0.0018900100840255618,0.0019071400165557861,0.00028550002025440335,0.00042825000127777457,0.33250001072883606,0.0625,0.39500001072883606,0.07225000113248825,0.0702499970793724,0.004000000189989805,0.02800000086426735,0.6834621429443359,-0.6318486928939819,0.7043396234512329,-0.5761407017707825,-0.048543807
112,225,-0.1804968308870986,-0.6785783125966471,-0.06149683088709862,-0.1505783125966471,0.16265204712394485,0.1966125041634521,0.7437312602996826,0.05277801305055618,-1.0,0.8860465288162231,0.3084745705127716,0.041875001043081284,-0.020375000312924385,-0.023125000298023224,0.13962499797344208,0.0023068401496857405,0.0009307300206273794,0.00215838011354208,0.0001598800008650869,0.28349998593330383,0.2029999941587448,0.48649999499320984,0.08250000327825546,0.04699999839067459,0.020500000566244125,0.012000000104308128,0.08585333079099655,0.6796784400939941,0.09629335254430771,0.3020835816860199,-0.051417083
113,226,-0.18070722688998503,-0.6794243117568909,-0.061707226889985034,-0.15142431175689086,0.1635148434898195,0.19492343571137447,0.7430306077003479,0.05325709655880928,-1.0,0.8860465288162231,0.3084745705127716,0.041875001043081284,-0.020375000312924385,-0.023125000298023224,0.13962499797344208,0.0016844500787556171,0.001850040047429502,0.0022668701130896807,0.00033117999555543065,0.3095000088214874,0.22750000655651093,0.5370000004768372,0.0677499994635582,0.07225000113248825,0.022749999538064003,0.023250000551342964,0.8510101437568665,-0.06035109981894493,-0.5772857069969177,0.49498018622398376,-0.07921611
114,227,-0.18017801454313948,-0.6791902359933155,-0.06117801454313948,-0.1511902359933155,0.16309885629015003,0.195735981123817,0.7425413131713867,0.051823198795318604,-1.0,0.8860465288162231,0.3084745705127716,0.041875001043081284,-0.020250000059604645,-0.023125000298023224,0.13975000381469727,0.0025695001240819693,0.001781520084477961,0.0019813701510429382,0.000770850048866123,0.38100001215934753,0.2409999966621399,0.621999979019165,0.09049999713897705,0.07150000333786011,0.020250000059604645,0.04149999842047691,0.880891740322113,-0.45155608654022217,0.8805056810379028,-0.773804783821106,-0.20489143
115,228,-0.16879410709858889,-0.6829496790920235,-0.04979410709858889,-0.1549496790920235,0.16275397430621105,0.19641220467512874,0.743772029876709,0.0522199384868145,-1.0,0.8860465288162231,0.3084745705127716,0.041875001043081284,-0.020375000312924385,-0.023125000298023224,0.13975000381469727,0.002072730101644993,0.0011762600624933839,0.0023582300636917353,0.00016558999777771533,0.28450000286102295,0.22100000083446503,0.5055000185966492,0.07699999958276749,0.054999999701976776,0.022749999538064003,0.012500000186264515,0.4434223771095276,0.9660881161689758,-0.8208909034729004,-0.4727259576320648,-0.073588505
116,229,-0.1630062001919255,-0.6831198685221864,-0.0440062001919255,-0.1551198685221864,0.16124118352850247,0.19940609897544492,0.7702462673187256,0.045848000794649124,-1.0,0.8860465288162231,0.3084745705127716,0.041875001043081284,-0.020375000312924385,-0.023624999448657036,0.13474999368190765,0.002312550088390708,0.0028264501597732306,0.00034260001848451793,9.13600015337579e-05,0.44999998807907104,0.03799999877810478,0.4880000054836273,0.08250000327825546,0.09099999815225601,0.004999999888241291,0.004999999888241291,-0.34271538257598877,-0.6916148066520691,-0.2619536519050598,0.34823697805404663,-0.020889943
117,230,-0.17706247150596888,-0.6797508125780274,-0.05806247150596888,-0.15175081257802736,0.16247941320509818,0.1969522171799096,0.7837064862251282,0.04555954411625862,-1.0,0.8860465288162231,0.3084745705127716,0.041875001043081284,-0.020375000312924385,-0.027249999344348907,0.1353749930858612,0.0017701000906527042,0.0019870800897479057,0.0001827200030675158,0.00020556000526994467,0.32899999618530273,0.03400000184774399,0.3630000054836273,0.0689999982714653,0.07225000113248825,0.0024999999441206455,0.016750000417232513,0.1410689800977707,0.9462844729423523,0.6208286285400391,0.4878934919834137,-0.06464932
118,231,-0.17712620899537732,-0.6799435558892,-0.05812620899537732,-0.15194355588919994,0.1626822066128583,0.19655321577804294,0.7510175108909607,0.051269810646772385,-1.0,0.8860465288162231,0.3084745705127716,0.041875001043081284,-0.020375000312924385,-0.023375000804662704,0.13650000095367432,0.0018100700108334422,0.0025695001240819693,0.001638769987039268,0.0005310300039127469,0.38350000977516174,0.1899999976158142,0.5734999775886536,0.07175000011920929,0.08974999934434891,0.017999999225139618,0.032749999314546585,0.9289361834526062,-0.6213499307632446,0.45522695779800415,-0.032915156334638596,-0.13107085
119,232,-0.16799017053868856,-0.6829126801542391,-0.048990170538688566,-0.1549126801542391,0.16247453733425238,0.19696182054976924,0.7508692741394043,0.050943125039339066,-1.0,0.8860465288162231,0.3084745705127716,0.041875001043081284,-0.020375000312924385,-0.023375000804662704,0.13650000095367432,0.0023639400023967028,0.0017415500478819013,0.0019413999980315566,0.0005081900162622333,0.359499990940094,0.21449999511241913,0.5740000009536743,0.08500000089406967,0.07100000232458115,0.019999999552965164,0.03175000101327896,-0.45921698212623596,0.5815274715423584,-0.8193970918655396,-0.935783863067627,-0.162948
120,233,-0.17181446803561828,-0.6811509076869673,-0.05281446803561829,-0.15315090768696726,0.16200175480292586,0.19789522638192253,0.7721158862113953,0.04591071233153343,-1.0,0.8860465288162231,0.3084745705127716,0.041875001043081284,-0.020375000312924385,-0.023250000551342964,0.132750004529953,0.002272580051794648,0.0022782899904996157,0.0014617600245401263,8.565000462112948e-05,0.398499995470047,0.1354999989271164,0.5339999794960022,0.0820000022649765,0.08275000005960464,0.016249999403953552,0.0042500002309679985,0.16002342104911804,0.5520155429840088,0.9825854897499084,0.37384092807769775,-0.14573568
121,234,-0.1759690727826445,-0.6771952352879125,-0.056969072782644514,-0.14919523528791245,0.15970188942629893,0.2024992908811838,0.7632221579551697,0.04889676719903946,-1.0,0.8860465288162231,0.3084745705127716,0.041875001043081284,-0.020375000312924385,-0.02174999937415123,0.132750004529953,0.0023582300636917353,0.0025466601364314556,0.001878590090200305,0.00023982000129763037,0.429500013589859,0.18549999594688416,0.6150000095367432,0.08449999988079071,0.09149999916553497,0.019750000908970833,0.0182499997317791,0.9870727062225342,-0.7961581945419312,0.6656520366668701,0.8020840287208557,-0.22602904
122,235,-0.1760078343485672,-0.6801006042720927,-0.05700783434856721,-0.1521006042720927,0.16243302311121782,0.19704360469409668,0.7535603046417236,0.055601295083761215,-1.0,0.8860465288162231,0.3084745705127716,0.041875001043081284,-0.020375000312924385,-0.02174999937415123,0.1354999989271164,0.0017472601030021906,0.0017586800968274474,0.0022040600888431072,0.0008450800087302923,0.3070000112056732,0.2669999897480011,0.5740000009536743,0.07100000232458115,0.07275000214576721,0.0215000007301569,0.042750000953674316,-0.09716467559337616,0.6598070859909058,-0.6661003828048706,-0.08241952210664749,-0.040208653
123,236,-0.16596673637525747,-0.6839831097964673,-0.04696673637525747,-0.15598310979646723,0.16290059811897464,0.1961244286375567,0.7534701824188232,0.050676941871643066,-1.0,0.8860465288162231,0.3084745705127716,0.041875001043081284,-0.020375000312924385,-0.02525000087916851,0.13850000500679016,0.001695870072580874,0.0025409499648958445,0.00023982000129763037,0.0006109700188972056,0.3709999918937683,0.07450000196695328,0.445499986410141,0.06849999725818634,0.08574999868869781,0.0037499999161809683,0.03375000134110451,-0.5742679834365845,-0.8043797016143799,-0.7281770706176758,-0.8250024914741516,-0.046517473
124,237,-0.1580259873502062,-0.6844109600083097,-0.03902598735020621,-0.15641096000830967,0.161206129223983,0.1994760116495951,0.7768215537071228,0.04409642517566681,-1.0,0.8860465288162231,0.3084745705127716,0.042249999940395355,-0.020375000312924385,-0.03787500038743019,0.13875000178813934,0.0011534200748428702,0.0017586800968274474,0.0001484600070398301,8.565000462112948e-05,0.2549999952316284,0.020500000566244125,0.27549999952316284,0.05225000157952309,0.06700000166893005,0.0017500000540167093,0.0024999999441206455,0.9906466603279114,0.22951632738113403,0.7213918566703796,-0.6902949810028076,-0.045635544
125,238,-0.1661288916809506,-0.6830050550605324,-0.04712889168095061,-0.15500505506053242,0.1620114178858807,0.19787610452592888,0.7952883839607239,0.043371252715587616,-1.0,0.8860465288162231,0.3084745705127716,0.042125001549720764,-0.020500000566244125,-0.02812499925494194,0.1262499988079071,0.002169799990952015,0.0018614600412547588,0.0007537199999205768,7.423000351991504e-05,0.3529999852180481,0.07249999791383743,0.4255000054836273,0.07900000363588333,0.07175000011920929,0.00925000011920929,0.0017500000540167093,0.21730190515518188,-0.6494995355606079,-0.4349311292171478,0.768217146396637,-0.017638797
126,239,-0.17510642165745904,-0.6800296400722723,-0.05610642165745905,-0.15202964007227227,0.16205228172324276,0.1977952612753492,0.7764444351196289,0.045754142105579376,-1.0,0.8860465288162231,0.3084745705127716,0.042125001549720764,-0.020375000312924385,-0.032875001430511475,0.13437500596046448,0.002295420039445162,0.0009878299897536635,0.00016558999777771533,0.0001827200030675158,0.2874999940395355,0.030500000342726707,0.3179999887943268,0.08150000125169754,0.04724999889731407,0.0024999999441206455,0.01425000000745058,0.2610805332660675,-0.36695030331611633,0.47345489263534546,0.6735641956329346,-0.06210805
127,240,-0.17970954283712395,-0.6779080002083533,-0.06070954283712396,-0.14990800020835326,0.16173452667244625,0.19842476531906866,0.7555664777755737,0.050797220319509506,-1.0,0.8860465288162231,0.3084745705127716,0.042125001549720764,-0.020375000312924385,-0.028999999165534973,0.13837499916553497,0.0016901600174605846,0.0005710000405088067,0.0011933899950236082,0.0005367400008253753,0.1979999989271164,0.15150000154972076,0.34950000047683716,0.06800000369548798,0.03350000083446503,0.012500000186264515,0.03150000050663948,0.7707616090774536,-0.12459596246480942,-0.8631638288497925,0.2937627136707306,-0.021581322
128,241,-0.16940272471768975,-0.6823631604031444,-0.05040272471768975,-0.15436316040314435,0.16238355812277944,0.19714109640052,0.7448615431785583,0.054393220692873,-1.0,0.8860465288162231,0.3084745705127716,0.042374998331069946,-0.020250000059604645,-0.04012500122189522,0.14912499487400055,0.0025466601364314556,0.0004682200087700039,0.0001884299999801442,0.0003026300109922886,0.2639999985694885,0.0430000014603138,0.3070000112056732,0.08824999630451202,0.028750000521540642,0.0024999999441206455,0.020999999716877937,0.978655219078064,0.5380932688713074,-0.5599262714385986,-0.800273060798645,-0.13386552
129,242,-0.16299174733735183,-0.6861373357823757,-0.04399174733735184,-0.15813733578237565,0.16414228828105581,0.19370422769558254,0.7688308954238892,0.04684210196137428,-1.0,0.8860465288162231,0.3084745705127716,0.04262499883770943,-0.020124999806284904,-0.04975000023841858,0.1443749964237213,0.0019870800897479057,0.0010677700629457831,0.00010278000263497233,6.851999933132902e-05,0.26750001311302185,0.014999999664723873,0.2824999988079071,0.0742499977350235,0.048500001430511475,0.0010000000474974513,0.0005000000237487257,-0.6079318523406982,-0.17629414796829224,-0.8815644979476929,0.15858009457588196,-0.021277616
130,243,-0.16214234906249064,-0.6858781464404342,-0.04314234906249065,-0.15787814644043419,0.16366664720124552,0.19462775918227862,0.7837401032447815,0.04044519364833832,-1.0,0.8860465288162231,0.3084745705127716,0.04450000077486038,-0.019375000149011612,-0.06612499803304672,0.1469999998807907,0.0012676200130954385,0.0007879800396040082,0.00010278000263497233,6.851999933132902e-05,0.18000000715255737,0.014999999664723873,0.19499999284744263,0.05575000122189522,0.04050000011920929,0.000750000006519258,0.0010000000474974513,0.7265536189079285,0.3454374670982361,-0.6582883596420288,-0.15049055218696594,-0.058850847
131,244,-0.16518205520273754,-0.6866686518269542,-0.04618205520273755,-0.15866865182695422,0.16525290707074392,0.1915648144997241,0.7857154607772827,0.04088449850678444,-1.0,0.8860465288162231,0.3084745705127716,0.04475000128149986,-0.016750000417232513,-0.07837499678134918,0.14512500166893005,0.001581670017912984,0.0010620600078254938,9.13600015337579e-05,-6.851999933132902e-05,0.23149999976158142,0.014000000432133675,0.24549999833106995,0.06400000303983688,0.04800000041723251,0.000750000006519258,-0.000750000006519258,0.8360382914543152,-0.30426543951034546,-0.28344327211380005,0.8424509763717651,-0.029261345
132,245,-0.18022839375050267,-0.6821675323809426,-0.06122839375050268,-0.1541675323809426,0.16588111478313491,0.19036516166193873,0.7786464095115662,0.03954465687274933,-1.0,0.8860465288162231,0.3084745705127716,0.04675000160932541,-0.016750000417232513,-0.08349999785423279,0.16037499904632568,0.0022497400641441345,0.0006852000369690359,9.13600015337579e-05,6.851999933132902e-05,0.25699999928474426,0.014000000432133675,0.2709999978542328,0.08025000244379044,0.03674999997019768,0.0005000000237487257,0.0002500000118743628,0.4608502984046936,-0.9550763964653015,0.6614922285079956,0.6300334930419922,-0.03990263
133,246,-0.2044211630281644,-0.6768823869593001,-0.08542116302816441,-0.14888238695930012,0.17164713874627513,0.17969911906421737,0.7436549067497253,0.047173675149679184,-1.0,0.8860465288162231,0.3084745705127716,0.04699999839067459,-0.021250000223517418,-0.07312499731779099,0.16712500154972076,0.002426750026643276,0.00014275001012720168,0.0003140500048175454,0.00013703999866265804,0.22499999403953552,0.039500001817941666,0.2644999921321869,0.08449999988079071,0.009999999776482582,0.0044999998062849045,0.010250000283122063,0.18443012237548828,-0.6436219215393066,0.4490007162094116,0.5681127309799194,-0.050943013
134,247,-0.20199997959308622,-0.6760539669691692,-0.08299997959308622,-0.14805396696916917,0.16973206458345036,0.18317365423683027,0.6873926520347595,0.056131549179553986,-1.0,0.8860465288162231,0.3084745705127716,0.051750000566244125,-0.030124999582767487,-0.06599999964237213,0.16962499916553497,0.0015359900426119566,9.13600015337579e-05,0.000616680015809834,0.00042254000436514616,0.14249999821186066,0.09099999815225601,0.23350000381469727,0.06300000101327896,0.0037499999161809683,0.007000000216066837,0.026499999687075615,-0.8228829503059387,0.806627631187439,0.09605533629655838,0.8253641128540039,-0.028800905
135,248,-0.20655308986738052,-0.6742378626466938,-0.08755308986738053,-0.1462378626466938,0.17044370336506684,0.18187474672209017,0.6930233240127563,0.057535648345947266,-1.0,0.8860465288162231,0.3084745705127716,0.051624998450279236,-0.02787500061094761,-0.06599999964237213,0.17662499845027924,0.0008393700118176639,0.000491060025524348,0.0009649900021031499,0.0009021800360642374,0.11649999767541885,0.16349999606609344,0.2800000011920929,0.04324999824166298,0.029249999672174454,0.010499999858438969,0.04324999824166298,-0.07403354346752167,-0.019571512937545776,0.9321756958961487,-0.9127252697944641,-0.002591174
136,249,-0.2149834100916529,-0.6730067450712022,-0.0959834100916529,-0.14500674507120215,0.173895862886289,0.1757032777011051,0.6824346780776978,0.06061379238963127,-1.0,0.8860465288162231,0.3084745705127716,0.05112500116229057,-0.02787500061094761,-0.054249998182058334,0.17149999737739563,0.0008279500179924071,0.0004510900180321187,0.0024210400879383087,0.00027407999732531607,0.1120000034570694,0.23600000143051147,0.3479999899864197,0.042500000447034836,0.028750000521540642,0.02174999937415123,0.019500000402331352,0.4313841164112091,-0.8657228946685791,-0.15295375883579254,0.015923963859677315,-0.015098444
137,250,-0.1929534624810172,-0.6789246808738122,-0.0739534624810172,-0.15092468087381217,0.1680695508109463,0.18624439649471725,0.6628292798995972,0.06270043551921844,-1.0,0.8860465288162231,0.3084745705127716,0.051249999552965164,-0.030750000849366188,-0.054249998182058334,0.17137500643730164,0.0011591300135478377,9.13600015337579e-05,0.0017415500478819013,0.0003026300109922886,0.10949999839067459,0.17900000512599945,0.28850001096725464,0.05274999886751175,0.0022499999031424522,0.016249999403953552,0.020250000059604645,0.7983545064926147,0.8397024273872375,0.640064001083374,-0.7405520081520081,-0.067648865
138,251,-0.17910752944318512,-0.6822648779117781,-0.06010752944318512,-0.15426487791177812,0.165561371258211,0.19097481608593153,0.7140617370605469,0.052670031785964966,-1.0,0.8860465288162231,0.3084745705127716,0.051249999552965164,-0.029249999672174454,-0.048250000923871994,0.16075000166893005,0.0018957200227305293,0.0005139000131748617,0.001878590090200305,0.00017130000924225897,0.210999995470047,0.17949999868869781,0.390500009059906,0.07199999690055847,0.030500000342726707,0.017500000074505806,0.013749999925494194,0.6732337474822998,-0.23068533837795258,0.47974056005477905,-0.8895523548126221,-0.08115956
139,252,-0.19308580678898038,-0.6807183904541165,-0.07408580678898039,-0.1527183904541165,0.169739840787218,0.1831594108340334,0.7462615370750427,0.047008682042360306,-1.0,0.8860465288162231,0.3084745705127716,0.05112500116229057,-0.029625000432133675,-0.04050000011920929,0.14675000309944153,0.002255450002849102,0.0003368900215718895,0.0010848999954760075,0.00011991000064881518,0.22699999809265137,0.1054999977350235,0.33250001072883606,0.08049999922513962,0.022749999538064003,0.011250000447034836,0.008500000461935997,0.6727973222732544,-0.9947157502174377,0.3903272747993469,-0.886383056640625,-0.058327492
140,253,-0.18402237149575834,-0.6816578764663155,-0.06502237149575835,-0.15365787646631546,0.16684918877558222,0.1885311775258262,0.7137539386749268,0.04962984845042229,-1.0,0.8860465288162231,0.3084745705127716,0.051750000566244125,-0.039500001817941666,-0.03212499991059303,0.1301250010728836,0.0025124000385403633,0.00010278000263497233,0.0008108200272545218,0.00011991000064881518,0.2290000021457672,0.08150000125169754,0.31049999594688416,0.08624999970197678,0.005249999929219484,0.008999999612569809,0.008750000037252903,0.9351784586906433,0.3455151915550232,-0.9429177045822144,0.9841854572296143,-0.12601785
141,254,-0.18893767046781887,-0.6804967198359732,-0.06993767046781887,-0.15249671983597313,0.16776926807731057,0.18680449678111316,0.734831690788269,0.04803749918937683,-1.0,0.8860465288162231,0.3084745705127716,0.05624999850988388,-0.03962500020861626,-0.04662499949336052,0.14262500405311584,0.0016159299993887544,0.00027407999732531607,0.00020556000526994467,0.0003026300109922886,0.1655000001192093,0.04450000077486038,0.20999999344348907,0.06525000184774399,0.0182499997317791,0.002749999985098839,0.020500000566244125,-0.5194023251533508,0.729392409324646,0.6541016101837158,-0.29998719692230225,-0.018179083
142,255,-0.18906872954919887,-0.6818353877199458,-0.07006872954919888,-0.15383538771994576,0.16904127713545236,0.18444337533620792,0.7234007716178894,0.050005558878183365,-1.0,0.8860465288162231,0.3084745705127716,0.0560000017285347,-0.03725000098347664,-0.04050000011920929,0.14237500727176666,0.0014332099817693233,0.0008108200272545218,0.0015474100364372134,0.00013703999866265804,0.1965000033378601,0.14749999344348907,0.3440000116825104,0.05324999988079071,0.04075000062584877,0.014999999664723873,0.009999999776482582,0.933397114276886,0.8368648886680603,0.15418505668640137,0.2122523933649063,-0.09725512
143,256,-0.1901864818807851,-0.6810887839184251,-0.07118648188078511,-0.15308878391842506,0.16883036149989605,0.18483280579403596,0.7230959534645081,0.04773662984371185,-1.0,0.8860465288162231,0.3084745705127716,0.0560000017285347,-0.03725000098347664,-0.04024999961256981,0.14237500727176666,0.0023068401496857405,0.0012961700558662415,0.002129829954355955,0.00023411000438500196,0.3154999911785126,0.2070000022649765,0.5224999785423279,0.07349999994039536,0.05624999850988388,0.020250000059604645,0.017750000581145287,0.5355544686317444,-0.7712187767028809,0.35768938064575195,-0.10315035283565521,-0.11553442
144,257,-0.19016088489397762,-0.6812746400784231,-0.07116088489397762,-0.15327464007842306,0.16898812629905116,0.1845414345902341,0.7204965353012085,0.049002062529325485,-1.0,0.8860465288162231,0.3084745705127716,0.0560000017285347,-0.03725000098347664,-0.039374999701976776,0.14237500727176666,0.0018272000597789884,0.0004510900180321187,0.00211841007694602,0.0001884299999801442,0.19949999451637268,0.20200000703334808,0.40149998664855957,0.06274999678134918,0.027499999850988388,0.019500000402331352,0.014000000432133675,0.9900169372558594,0.9433110356330872,0.10963230580091476,0.9454945921897888,-0.08694197
145,258,-0.19085218922721872,-0.6816566897595425,-0.07185218922721873,-0.1536566897595425,0.16962639949195507,0.1833673071399155,0.7205560803413391,0.048687051981687546,-1.0,0.8860465288162231,0.3084745705127716,0.0560000017285347,-0.03725000098347664,-0.039374999701976776,0.14237500727176666,0.0022154799662530422,0.00148460001219064,0.0023011299781501293,0.0010449300752952695,0.3240000009536743,0.2930000126361847,0.6169999837875366,0.07400000095367432,0.06274999678134918,0.02199999988079071,0.04924999922513962,-0.6988407373428345,0.04783617705106735,0.08952055871486664,-0.6919617056846619,-0.037753712
146,259,-0.18113879576135727,-0.6836938721884451,-0.06213879576135728,-0.1556938721884451,0.16763595012915206,0.1870537067872115,0.7189484238624573,0.0480395071208477,-1.0,0.8860465288162231,0.3084745705127716,0.0560000017285347,-0.03725000098347664,-0.039374999701976776,0.14237500727176666,0.001638769987039268,0.0015359900426119566,0.0022782899904996157,0.0003368900215718895,0.27799999713897705,0.2290000021457672,0.5070000290870667,0.05900000035762787,0.06449999660253525,0.02199999988079071,0.023499999195337296,-0.25964775681495667,0.0930963084101677,-0.18429943919181824,-0.6874245405197144,-0.027492154
147,260,-0.1687776093593532,-0.6863365304271417,-0.049777609359353214,-0.1583365304271417,0.1659767069839546,0.19018327436319857,0.7415376901626587,0.0445866584777832,-1.0,0.8860465288162231,0.3084745705127716,0.05587499961256981,-0.036249998956918716,-0.03750000149011612,0.13824999332427979,0.0014389200368896127,0.0016501900972798467,0.0017758100293576717,0.00010278000263497233,0.2705000042915344,0.16449999809265137,0.4350000023841858,0.05375000089406967,0.06575000286102295,0.017750000581145287,0.006000000052154064,0.7064887285232544,0.12375231087207794,-0.04149031266570091,-0.49591949582099915,-0.032825794
148,261,-0.15821951898917022,-0.6890291641444469,-0.03921951898917023,-0.1610291641444469,0.16573642440574465,0.19064080109654777,0.7702846527099609,0.04010757431387901,-1.0,0.8860465288162231,0.3084745705127716,0.05587499961256981,-0.036375001072883606,-0.03487500175833702,0.1303749978542328,0.0021241200156509876,0.0018557501025497913,0.0011020300444215536,7.423000351991504e-05,0.34850001335144043,0.10300000011920929,0.4514999985694885,0.0689999982714653,0.07050000131130219,0.012249999679625034,0.0032500000670552254,0.9660810232162476,0.6697937250137329,-0.2580338418483734,-0.4662785232067108,-0.12233151
149,262,-0.15488437533152696,-0.6889737836882363,-0.03588437533152697,-0.16097378368823623,0.16492497514882629,0.19219404784223326,0.7948383092880249,0.035543788224458694,-1.0,0.8860465288162231,0.3084745705127716,0.05587499961256981,-0.035999998450279236,-0.03500000014901161,0.12287499755620956,0.002535240026190877,0.0024895600508898497,0.00019414001144468784,7.423000351991504e-05,0.4399999976158142,0.023499999195337296,0.4634999930858612,0.07850000262260437,0.08299999684095383,0.003000000026077032,0.0010000000474974513,0.6829431056976318,0.9461142420768738,0.19936023652553558,-0.6174969673156738,-0.24190573
150,263,-0.15044759402955762,-0.6892425303254,-0.03144759402955763,-0.16124253032539992,0.16428056718913953,0.19343656071075568,0.8025944828987122,0.03563765436410904,-1.0,0.8860465288162231,0.3084745705127716,0.05587499961256981,-0.035999998450279236,-0.03437500074505806,0.11162500083446503,0.0020556000526994467,0.0016616100911051035,0.0007308800122700632,7.423000351991504e-05,0.3255000114440918,0.07050000131130219,0.3959999978542328,0.0677499994635582,0.06424999982118607,0.008999999612569809,0.0005000000237487257,0.9695653319358826,0.47588011622428894,0.7201095819473267,-0.7509692311286926,-0.08413206
151,264,-0.14811821673837933,-0.6909742721487828,-0.029118216738379332,-0.1629742721487828,0.16555507823213625,0.1909868345590629,0.8129125833511353,0.035182151943445206,-1.0,0.8860465288162231,0.3084745705127716,0.05550000071525574,-0.036249998956918716,-0.02225000038743019,0.0976250022649765,0.0025409499648958445,0.0023639400023967028,0.0009878299897536635,7.423000351991504e-05,0.429500013589859,0.09300000220537186,0.5224999785423279,0.07850000262260437,0.08250000327825546,0.011749999597668648,0.0005000000237487257,-0.8879972100257874,-0.9304635524749756,-0.8215488195419312,-0.39343446493148804,-0.10284608
152,265,-0.14845845697858853,-0.6904212246775772,-0.029458456978588538,-0.16242122467757714,0.16507106019324932,0.19191348606136083,0.8183297514915466,0.032246995717287064,-1.0,0.8860465288162231,0.3084745705127716,0.05562499910593033,-0.036125000566244125,-0.032625000923871994,0.09099999815225601,0.002061309991404414,0.0016444800421595573,0.0001484600070398301,-7.423000351991504e-05,0.3244999945163727,0.019500000402331352,0.3440000116825104,0.06750000268220901,0.06350000202655792,0.0017500000540167093,-0.0010000000474974513,0.9467981457710266,-0.6374115943908691,0.7694454193115234,-0.5438737869262695,-0.08224873
153,266,-0.14904862312521852,-0.6910325624800533,-0.030048623125218527,-0.16303256248005327,0.16577857575855176,0.19056046035342789,0.8175384998321533,0.033184364438056946,-1.0,0.8860465288162231,0.3084745705127716,0.05550000071525574,-0.0364999994635582,-0.02174999937415123,0.08062499761581421,0.0025295300874859095,0.0008051100303418934,0.0007365900091826916,-7.423000351991504e-05,0.2919999957084656,0.07100000232458115,0.3630000054836273,0.07750000059604645,0.04050000011920929,0.008750000037252903,-0.0005000000237487257,0.2251148819923401,-0.29790595173835754,-0.591350793838501,0.8819602727890015,-0.051511493
154,267,-0.150780875222803,-0.6902216336501196,-0.03178087522280301,-0.16222163365011955,0.16530542173214094,0.19146424129618372,0.8161659836769104,0.032148201018571854,-1.0,0.8860465288162231,0.3084745705127716,0.05550000071525574,-0.0364999994635582,-0.029249999672174454,0.0963750034570694,0.0020384700037539005,0.000491060025524348,0.0001484600070398301,7.423000351991504e-05,0.2214999943971634,0.019500000402331352,0.2409999966621399,0.06674999743700027,0.029500000178813934,0.0017500000540167093,0.0010000000474974513,0.06501784920692444,-0.6715962886810303,-0.6801702976226807,-0.896744966506958,-0.0042270706
155,268,-0.15191035399122169,-0.69277343521518,-0.03291035399122169,-0.16477343521517995,0.1680279034935526,0.18632197844393233,0.8121374845504761,0.033522654324769974,-1.0,0.8860465288162231,0.3084745705127716,0.05624999850988388,-0.04024999961256981,-0.0416250005364418,0.08012499660253525,0.0016501900972798467,0.00016558999777771533,0.00011420000373618677,3.425999966566451e-05,0.1589999943971634,0.013000000268220901,0.1720000058412552,0.06599999964237213,0.012000000104308128,0.0010000000474974513,0.0,-0.16578029096126556,-0.8560588359832764,0.07155542075634003,-0.8358538746833801,-0.13405035
156,269,-0.1497294502098718,-0.6939454669301982,-0.030729450209871806,-0.16594546693019818,0.168766694299801,0.18495052113539676,0.8095108270645142,0.02919756807386875,-1.0,0.8860465288162231,0.3084745705127716,0.06499999761581421,-0.054875001311302185,-0.04100000113248825,0.08375000208616257,0.0009307300206273794,0.00013703999866265804,0.00017130000924225897,6.28100024187006e-05,0.09350000321865082,0.020500000566244125,0.11400000005960464,0.045499999076128006,0.00925000011920929,0.0022499999031424522,0.0002500000118743628,-0.3005368411540985,-0.5521317720413208,0.13078497350215912,-0.5059677362442017,-0.014726305
157,270,-0.14988050314139628,-0.6939741384821125,-0.030880503141396287,-0.1659741384821125,0.16882245146646002,0.18484742670902704,0.8145826458930969,0.02721107378602028,-1.0,0.8860465288162231,0.3084745705127716,0.06849999725818634,-0.0625,-0.03849999979138374,0.07450000196695328,0.0005710000405088067,9.13600015337579e-05,0.00017130000924225897,0.0,0.057999998331069946,0.014999999664723873,0.0729999989271164,0.032999999821186066,0.004000000189989805,0.0020000000949949026,0.0,0.5457817912101746,0.49573126435279846,-0.010704503394663334,-0.14117813110351562,-0.07303335
158,271,-0.15701170407552134,-0.6948067289087949,-0.038011704075521346,-0.1668067289087949,0.1710829461284122,0.18071583364570235,0.8142313957214355,0.027162477374076843,-1.0,0.8860465288162231,0.3084745705127716,0.06849999725818634,-0.06237500160932541,-0.03849999979138374,0.07787500321865082,0.000867919996380806,0.00034831001539714634,0.0001598800008650869,6.851999933132902e-05,0.10649999976158142,0.019999999552965164,0.1264999955892563,0.04324999824166298,0.02225000038743019,0.0017500000540167093,0.000750000006519258,0.84791100025177,-0.5092795491218567,-0.6442450881004333,0.9208905696868896,-0.04154764
159,272,-0.18080633401939478,-0.6868118136287751,-0.06180633401939478,-0.15881181362877506,0.17041483231508278,0.18192726345182553,0.7976471781730652,0.025751307606697083,-1.0,0.8860465288162231,0.3084745705127716,0.0742499977350235,-0.06437499821186066,-0.05000000074505806,0.09449999779462814,0.0010335100814700127,0.00011420000373618677,0.00010278000263497233,7.423000351991504e-05,0.10050000250339508,0.01549999974668026,0.11599999666213989,0.04774999991059303,0.007249999791383743,0.000750000006519258,0.0020000000949949026,-0.44497907161712646,-0.37964391708374023,0.5946736335754395,0.6647552251815796,-0.018689124
160,273,-0.16513856104291716,-0.6927716571116446,-0.046138561042917164,-0.16477165711164454,0.17110951406169195,0.1806678275609881,0.7423108220100403,0.03930201008915901,-1.0,0.8860465288162231,0.3084745705127716,0.0742499977350235,-0.06937500089406967,-0.04137500002980232,0.1002499982714653,0.0007251700153574347,8.565000462112948e-05,0.0004739300056826323,0.00020556000526994467,0.07100000232458115,0.05950000137090683,0.13050000369548798,0.03824999928474426,0.0032500000670552254,0.005750000011175871,0.015250000171363354,0.7271465063095093,0.7944492101669312,-0.9060930609703064,0.32820606231689453,-0.030540153
161,274,-0.15523206185457591,-0.6952161543423854,-0.03623206185457592,-0.16721615434238535,0.1710964774017579,0.18069138214660968,0.77874755859375,0.029200581833720207,-1.0,0.8860465288162231,0.3084745705127716,0.07724999636411667,-0.06537500023841858,-0.0560000017285347,0.11012499779462814,0.0010335100814700127,0.0004054100136272609,0.0001256200048374012,0.00010848999954760075,0.12600000202655792,0.020500000566244125,0.14650000631809235,0.04800000041723251,0.02500000037252903,0.0012499999720603228,0.00774999987334013,0.5791637897491455,0.8210752010345459,-0.3472670614719391,-0.8440655469894409,-0.024324879
162,275,-0.15745769291218267,-0.6952954015288656,-0.03845769291218268,-0.16729540152886557,0.17165880553246346,0.17967815517514366,0.8017858862876892,0.025057366117835045,-1.0,0.8860465288162231,0.3084745705127716,0.07712499797344208,-0.06024999916553497,-0.06224999949336052,0.09837500005960464,0.00148460001219064,0.0009935400448739529,0.00011420000373618677,-6.851999933132902e-05,0.21699999272823334,0.01600000075995922,0.2329999953508377,0.060750000178813934,0.045499999076128006,0.000750000006519258,-0.0002500000118743628,0.759281575679779,-0.8071025609970093,-0.9596185684204102,0.8001717329025269,-0.031889826
163,276,-0.18002596026480958,-0.6924741024422493,-0.06102596026480958,-0.16447410244224925,0.1754306079349485,0.1730272678370522,0.7966099977493286,0.02492304891347885,-1.0,0.8860465288162231,0.3084745705127716,0.0820000022649765,-0.06037500128149986,-0.08037500083446503,0.1132500022649765,0.0017301300540566444,0.0002169799990952015,0.00010848999954760075,0.0,0.1704999953508377,0.009499999694526196,0.18000000715255737,0.06750000268220901,0.01549999974668026,0.0012499999720603228,0.0,0.7914190292358398,-0.9247153997421265,0.7797024846076965,0.9985293745994568,-0.06435529
164,277,-0.1891242611315584,-0.6899181963804091,-0.0701242611315584,-0.16191819638040905,0.17645088358614616,0.17127088794757445,0.7441256642341614,0.02970491163432598,-1.0,0.8860465288162231,0.3084745705127716,0.08824999630451202,-0.07349999994039536,-0.0677499994635582,0.12412499636411667,0.0016216400545090437,0.00011420000373618677,0.0003768599999602884,0.00021127000218257308,0.15199999511241913,0.051500000059604645,0.20350000262260437,0.06449999660253525,0.007249999791383743,0.004999999888241291,0.01549999974668026,0.9168655872344971,0.7667087316513062,0.685745358467102,0.5049951672554016,-0.038508356
165,278,-0.19266590447203072,-0.6886052016877717,-0.07366590447203072,-0.1606052016877717,0.17669379245138234,0.17085536065781048,0.7229668498039246,0.03403695672750473,-1.0,0.8860465288162231,0.3084745705127716,0.08799999952316284,-0.0729999989271164,-0.05962499976158142,0.12549999356269836,0.002398200100287795,0.0006223900127224624,0.001444630092009902,0.0005367400008253753,0.2644999921321869,0.17350000143051147,0.43799999356269836,0.08474999666213989,0.03500000014901161,0.01425000000745058,0.03150000050663948,-0.6078343391418457,-0.23693040013313293,-0.5811145305633545,0.4849189817905426,-0.031783435
166,279,-0.20321580151636065,-0.6861682399383544,-0.08421580151636066,-0.15816823993835438,0.1791912200701806,0.16664121336485113,0.714730441570282,0.03626237064599991,-1.0,0.8860465288162231,0.3084745705127716,0.08799999952316284,-0.07275000214576721,-0.06487499922513962,0.13300000131130219,0.001964240102097392,0.00041683000745251775,0.0002169799990952015,0.0005881300312466919,0.2084999978542328,0.07050000131130219,0.27900001406669617,0.07400000095367432,0.025750000029802322,0.003000000026077032,0.03449999913573265,-0.37104156613349915,-0.6450330018997192,0.8424506783485413,-0.3514805734157562,-0.015583746
167,280,-0.2051138603356511,-0.685250154758574,-0.0861138603356511,-0.15725015475857396,0.17928527020785473,0.16648456075180595,0.6901957988739014,0.040392812341451645,-1.0,0.8860465288162231,0.3084745705127716,0.08787500113248825,-0.07349999994039536,-0.057624999433755875,0.132750004529953,0.0016444800421595573,9.13600015337579e-05,0.0021926399786025286,0.000308340007904917,0.15199999511241913,0.21899999678134918,0.3709999918937683,0.06624999642372131,0.0032500000670552254,0.019999999552965164,0.02199999988079071,-0.7867343425750732,0.20624680817127228,0.7473185062408447,0.9259107708930969,-0.089907095
168,281,-0.19703336094863524,-0.6861248092934252,-0.07803336094863525,-0.1581248092934252,0.17633111108089258,0.1714761462778238,0.685781717300415,0.04194888845086098,-1.0,0.8860465288162231,0.3084745705127716,0.08749999850988388,-0.07349999994039536,-0.054375000298023224,0.132750004529953,0.0009992499835789204,0.0001484600070398301,0.002940650098025799,0.0013818200677633286,0.10050000250339508,0.3785000145435333,0.4790000021457672,0.05000000074505806,0.01075000036507845,0.025750000029802322,0.05649999901652336,-0.8875337243080139,0.7343754768371582,0.17397551238536835,-0.9273679256439209,-0.052414097
169,282,-0.2040846900424555,-0.6849372653027948,-0.0850846900424555,-0.15693726530279473,0.1785180935377154,0.16776670332214028,0.7045735716819763,0.04046642407774925,-1.0,0.8860465288162231,0.3084745705127716,0.08375000208616257,-0.0689999982714653,-0.05262500047683716,0.132750004529953,0.0007651399937458336,0.00043967002420686185,0.002832160098478198,0.0003026300109922886,0.1054999977350235,0.2745000123977661,0.3799999952316284,0.04075000062584877,0.029249999672174454,0.02525000087916851,0.02174999937415123,0.9978761076927185,-0.8381114602088928,0.5893638730049133,0.6114130020141602,-0.15084718
170,283,-0.20286325080861298,-0.6842379603582796,-0.08386325080861298,-0.15623796035827953,0.17732271454357912,0.1697841855083079,0.6881751418113708,0.04247920960187912,-1.0,0.8860465288162231,0.3084745705127716,0.08375000208616257,-0.07087499648332596,-0.05262500047683716,0.132750004529953,0.00148460001219064,7.994000043254346e-05,0.0005367400008253753,0.000925020023714751,0.13699999451637268,0.12800000607967377,0.26499998569488525,0.06224999949336052,0.0017500000540167093,0.006500000134110451,0.04450000077486038,-0.27588987350463867,0.4418516755104065,-0.9625962972640991,0.45303210616111755,-0.011587376
171,284,-0.18573090784056256,-0.6871175471976911,-0.06673090784056257,-0.1591175471976911,0.17254393031177628,0.17809479698579778,0.6910157203674316,0.04366447404026985,-1.0,0.8860465288162231,0.3084745705127716,0.08437500149011612,-0.06849999725818634,-0.0689999982714653,0.1469999998807907,0.001233360031619668,0.0001884299999801442,0.0002169799990952015,0.0005938400281593204,0.12449999898672104,0.07100000232458115,0.19550000131130219,0.054999999701976776,0.013500000350177288,0.0032500000670552254,0.032749999314546585,0.9574434757232666,0.8678267002105713,-0.5948155522346497,0.2996314465999603,-0.040212628
172,285,-0.17701167396685344,-0.6920153959276435,-0.058011673966853444,-0.16401539592764347,0.17397242430264098,0.17556880826554092,0.730858325958252,0.03878381848335266,-1.0,0.8860465288162231,0.3084745705127716,0.08425000309944153,-0.06300000101327896,-0.07975000143051147,0.1577499955892563,0.0020670201629400253,0.0006680700462311506,0.00017701000615488738,0.0003140500048175454,0.2395000010728836,0.0430000014603138,0.2824999988079071,0.07599999755620956,0.03500000014901161,0.0024999999441206455,0.02225000038743019,-0.6770488023757935,0.9038813710212708,0.7733985781669617,-0.9540667533874512,-0.02843605
173,286,-0.17400864551517303,-0.693845511188758,-0.05500864551517304,-0.165845511188758,0.17473031981563597,0.17424320981631491,0.7511356472969055,0.030482379719614983,-1.0,0.8860465288162231,0.3084745705127716,0.08362500369548798,-0.05912499874830246,-0.0702499970793724,0.14800000190734863,0.0015074399998411536,0.0018614600412547588,0.0010906100505962968,9.13600015337579e-05,0.29499998688697815,0.10350000113248825,0.398499995470047,0.06274999678134918,0.061000000685453415,0.012500000186264515,0.006000000052154064,0.38995030522346497,0.985084056854248,-0.8581748008728027,0.8089198470115662,-0.074975826
174,287,-0.1710502777682111,-0.6938426877264743,-0.05205027776821111,-0.16584268772647426,0.1738189531900615,0.1758384625367064,0.7581194043159485,0.02738048881292343,-1.0,0.8860465288162231,0.3084745705127716,0.08362500369548798,-0.05537499859929085,-0.08112499862909317,0.15912500023841858,0.0018329099984839559,0.002084149979054928,0.00016558999777771533,0.0001827200030675158,0.34299999475479126,0.030500000342726707,0.3734999895095825,0.07100000232458115,0.0729999989271164,0.0022499999031424522,0.014000000432133675,-0.7235429286956787,-0.3155290484428406,-0.32888343930244446,-0.20731891691684723,-0.030388806
175,288,-0.1780952683992565,-0.6911169427584944,-0.059095268399256495,-0.16311694275849442,0.1734917512795871,0.17641475164581166,0.7649993300437927,0.027385275810956955,-1.0,0.8860465288162231,0.3084745705127716,0.08362500369548798,-0.05537499859929085,-0.08675000071525574,0.15950000286102295,0.0012562000192701817,0.0015873800730332732,0.00011991000064881518,9.13600015337579e-05,0.24899999797344208,0.01850000023841858,0.26750001311302185,0.05550000071525574,0.061250001192092896,0.0012499999720603228,0.005499999970197678,-0.16636922955513,-0.4963763356208801,-0.573173999786377,0.7431619167327881,-0.006987508
176,289,-0.1935189165079778,-0.6879960048393153,-0.07451891650797782,-0.1599960048393153,0.17649869824467596,0.1711890149325525,0.7486156821250916,0.0320051833987236,-1.0,0.8860465288162231,0.3084745705127716,0.08375000208616257,-0.055125001817941666,-0.09749999642372131,0.17112499475479126,0.0011248700320720673,0.0009021800360642374,0.00013703999866265804,0.00014275001012720168,0.17749999463558197,0.02449999935925007,0.20200000703334808,0.051750000566244125,0.042249999940395355,0.001500000013038516,0.009999999776482582,0.35156679153442383,0.561050295829773,0.8530757427215576,0.5149667263031006,-0.0147658065
177,290,-0.1886709216633379,-0.6889278061239454,-0.06967092166333791,-0.16092780612394542,0.17536190039254573,0.17314619147054425,0.7127466797828674,0.0372949056327343,-1.0,0.8860465288162231,0.3084745705127716,0.08362500369548798,-0.055125001817941666,-0.08762499690055847,0.17225000262260437,0.0013761100126430392,0.0015645400853827596,0.0012961700558662415,0.00042825000127777457,0.2574999928474426,0.1509999930858612,0.40849998593330383,0.05950000137090683,0.06324999779462814,0.013500000350177288,0.027000000700354576,0.9626501798629761,0.4174530804157257,-0.1894342005252838,0.49690601229667664,-0.082017794
178,291,-0.1944862722571742,-0.6881929964508746,-0.07548627225717419,-0.1601929964508746,0.17708747389692514,0.17018405707003637,0.7240211367607117,0.035715583711862564,-1.0,0.8860465288162231,0.3084745705127716,0.0833749994635582,-0.05274999886751175,-0.08762499690055847,0.17537499964237213,0.001735839992761612,0.002089860150590539,0.0004967700224369764,0.0007879800396040082,0.33500000834465027,0.11249999701976776,0.44749999046325684,0.0702499970793724,0.07400000095367432,0.006500000134110451,0.039250001311302185,0.6419466733932495,-0.8242505788803101,0.4382339119911194,-0.4470147490501404,-0.052638605
179,292,-0.19644435324087936,-0.6849912495860706,-0.07744435324087937,-0.15699124958607058,0.1750539353899078,0.1736802430675919,0.7104970216751099,0.03696102276444435,-1.0,0.8860465288162231,0.3084745705127716,0.0832500010728836,-0.05274999886751175,-0.08474999666213989,0.17537499964237213,0.0020955700892955065,0.0008622099994681776,0.001781520084477961,0.0003368900215718895,0.2590000033378601,0.18549999594688416,0.44449999928474426,0.07800000160932541,0.04324999824166298,0.017000000923871994,0.02250000089406967,0.19008904695510864,0.8540400862693787,0.533445417881012,0.8899136781692505,-0.043124642
180,293,-0.19686921934251458,-0.6853670443388407,-0.07786921934251459,-0.15736704433884063,0.1755790476251517,0.1727706172295172,0.7059433460235596,0.0423877127468586,-1.0,0.8860465288162231,0.3084745705127716,0.08312500268220901,-0.05274999886751175,-0.08287499845027924,0.17524999380111694,0.002101280028000474,0.0018728800350800157,0.0024552999529987574,0.0012904600007459521,0.3479999899864197,0.328000009059906,0.6759999990463257,0.08100000023841858,0.07524999976158142,0.024000000208616257,0.0560000017285347,-0.9205322861671448,0.6411575078964233,0.6473744511604309,-0.7982287406921387,-0.19706461
181,294,-0.1959389631367537,-0.6857846978623906,-0.07693896313675372,-0.15778469786239058,0.1755437692659145,0.17283157862097684,0.7049552798271179,0.041750773787498474,-1.0,0.8860465288162231,0.3084745705127716,0.08312500268220901,-0.05274999886751175,-0.08262500166893005,0.17524999380111694,0.0020784400403499603,0.0020099200773984194,0.002695120172575116,0.0004054100136272609,0.3580000102519989,0.27149999141693115,0.6294999718666077,0.07874999940395355,0.07824999839067459,0.026750000193715096,0.026249999180436134,-0.36594948172569275,-0.7975748777389526,0.10030178725719452,-0.4863380193710327,-0.10086285
182,295,-0.19629073758175347,-0.6845883950078324,-0.07729073758175348,-0.1565883950078324,0.17462469346303927,0.17442735379865665,0.7071186900138855,0.041042886674404144,-1.0,0.8860465288162231,0.3084745705127716,0.08312500268220901,-0.05274999886751175,-0.08150000125169754,0.17374999821186066,0.0018386200536042452,0.0019128500716760755,0.002169799990952015,0.0001484600070398301,0.32850000262260437,0.2029999941587448,0.531499981880188,0.07199999690055847,0.0729999989271164,0.02174999937415123,0.011250000447034836,-0.7871059775352478,-0.7758052349090576,0.4284900426864624,0.7878496646881104,-0.07516892
183,296,-0.19895518270000137,-0.687587680547865,-0.07995518270000138,-0.15958768054786499,0.17849666389946342,0.16780265897221475,0.7063006162643433,0.04307051748037338,-1.0,0.8860465288162231,0.3084745705127716,0.08299999684095383,-0.05274999886751175,-0.08037500083446503,0.17374999821186066,0.0012447800254449248,0.0008336600149050355,0.0028378700371831656,0.0008393700118176639,0.18199999630451202,0.32199999690055847,0.5040000081062317,0.0572500005364418,0.04399999976158142,0.026499999687075615,0.04075000062584877,0.7772069573402405,-0.6641143560409546,-0.5590612888336182,0.5781216621398926,-0.04398927
184,297,-0.2105781278165348,-0.6848505449210887,-0.0915781278165348,-0.15685054492108863,0.1816277702787325,0.162629982802603,0.7001042366027832,0.037986982613801956,-1.0,0.8860465288162231,0.3084745705127716,0.08299999684095383,-0.05312500149011612,-0.08049999922513962,0.17537499964237213,0.0017701000906527042,0.00029121001716703176,0.000673780043143779,0.0014960200060158968,0.18050000071525574,0.1899999976158142,0.37049999833106995,0.07199999690055847,0.019999999552965164,0.00800000037997961,0.05900000035762787,0.9757908582687378,-0.6624971628189087,-0.6744855642318726,-0.136940136551857,-0.084405065
185,298,-0.20988813128525202,-0.6844133351355888,-0.09088813128525203,-0.15641333513558875,0.18090269156859776,0.1638134635827748,0.6730741262435913,0.04262619465589523,-1.0,0.8860465288162231,0.3084745705127716,0.08375000208616257,-0.05824999883770943,-0.09062500298023224,0.18162499368190765,0.002186930039897561,9.707000572234392e-05,0.0002169799990952015,0.0008222400210797787,0.20000000298023224,0.09099999815225601,0.29100000858306885,0.08049999922513962,0.005499999970197678,0.003000000026077032,0.04149999842047691,0.013639766722917557,0.8439716696739197,0.7604339718818665,0.6919543147087097,-0.0006683486
186,299,-0.20806662899598433,-0.6845161019206484,-0.08906662899598433,-0.15651610192064835,0.18008374318950365,0.16516051960560824,0.6746787428855896,0.04336722940206528,-1.0,0.8860465288162231,0.3084745705127716,0.0833749994635582,-0.05612500011920929,-0.0858749970793724,0.18187500536441803,0.002049890113994479,0.0005424499977380037,0.0024039100389927626,0.001764390035532415,0.22699999809265137,0.36500000953674316,0.5920000076293945,0.08150000125169754,0.032749999314546585,0.02199999988079071,0.06674999743700027,0.9627804756164551,0.49122464656829834,0.6587382555007935,0.7773581743240356,-0.17635939
187,300,-0.2078613744256396,-0.6843585059506179,-0.0888613744256396,-0.15635850595061784,0.1798452841970651,0.16555482966361568,0.6789148449897766,0.04319304600358009,-1.0,0.8860465288162231,0.3084745705127716,0.0832500010728836,-0.055125001817941666,-0.08425000309944153,0.1822499930858612,0.0023182600270956755,0.0009478600113652647,0.0030148799996823072,0.0024153301492333412,0.28600001335144043,0.4754999876022339,0.7615000009536743,0.09025000035762787,0.04899999871850014,0.028750000521540642,0.0820000022649765,-0.8491699695587158,-0.7150701880455017,0.32109150290489197,-0.2684497535228729,-0.13228111
188,301,-0.2077627701757258,-0.6839984651740315,-0.08876277017572581,-0.1559984651740315,0.179483566116573,0.16615475578213787,0.6793921589851379,0.04346016049385071,-1.0,0.8860465288162231,0.3084745705127716,0.0832500010728836,-0.055125001817941666,-0.08425000309944153,0.1822499930858612,0.0023582300636917353,0.0002969200140796602,0.0030034601222723722,0.0021412500645965338,0.23250000178813934,0.4505000114440918,0.6830000281333923,0.08874999731779099,0.02225000038743019,0.027000000700354576,0.07750000059604645,0.014814931899309158,0.015615266747772694,0.8131359219551086,0.9039033055305481,-0.1726331
189,302,-0.20655564094016496,-0.6839816008900379,-0.08755564094016496,-0.15598160089003787,0.17887495653853322,0.1671690730252384,0.6796214580535889,0.044070396572351456,-1.0,0.8860465288162231,0.3084745705127716,0.0832500010728836,-0.055125001817941666,-0.08425000309944153,0.1822499930858612,0.0022497400641441345,0.00033117999555543065,0.0025752100627869368,0.002843579975888133,0.22599999606609344,0.47450000047683716,0.7005000114440918,0.08799999952316284,0.022749999538064003,0.023749999701976776,0.09274999797344208,-0.3382962942123413,0.4752577543258667,-0.25410473346710205,-0.20053471624851227,-0.07111257
190,303,-0.20798735588407802,-0.6840341638074727,-0.08898735588407802,-0.1560341638074727,0.17962574921858163,0.16591867966617538,0.6824287176132202,0.044098980724811554,-1.0,0.8860465288162231,0.3084745705127716,0.0832500010728836,-0.055125001817941666,-0.08487500250339508,0.1822499930858612,0.0020784400403499603,0.0008051100303418934,0.00047964000259526074,0.0020556000526994467,0.2524999976158142,0.22200000286102295,0.47450000047683716,0.08174999803304672,0.04050000011920929,0.0062500000931322575,0.07400000095367432,-0.01643470861017704,-0.888128399848938,0.03587045148015022,0.8163440823554993,-0.051749498
191,304,-0.2068941622770727,-0.684664004197902,-0.0878941622770727,-0.15666400419790194,0.17963572577221,0.16590212752579933,0.6790992021560669,0.04400989040732384,-1.0,0.8860465288162231,0.3084745705127716,0.0832500010728836,-0.0560000017285347,-0.08487500250339508,0.1823749989271164,0.0020670201629400253,0.00013133000175002962,0.0006395200034603477,0.00263802008703351,0.19249999523162842,0.28700000047683716,0.4794999957084656,0.08150000125169754,0.008999999612569809,0.007499999832361937,0.08824999630451202,0.8683197498321533,0.7049919366836548,-0.10275041311979294,0.5647181272506714,-0.20637178
192,305,-0.21598154066738776,-0.6810921112098764,-0.09698154066738776,-0.15309211120987642,0.1812253120977237,0.16328581932179886,0.6816414594650269,0.04294236749410629,-1.0,0.8860465288162231,0.3084745705127716,0.0832500010728836,-0.05550000071525574,-0.08574999868869781,0.1823749989271164,0.0024039100389927626,0.0006281000096350908,0.0003882800228893757,0.0017986500170081854,0.265500009059906,0.1914999932050705,0.4569999873638153,0.08924999833106995,0.03424999862909317,0.005499999970197678,0.06949999928474426,0.8742570877075195,-0.5892864465713501,-0.24680325388908386,0.9086346626281738,-0.18470798
193,306,-0.21817979623572015,-0.6821085483100873,-0.09917979623572015,-0.15410854831008725,0.18326504479469471,0.1599889629089149,0.6605080366134644,0.048996422439813614,-1.0,0.8860465288162231,0.3084745705127716,0.0832500010728836,-0.05550000071525574,-0.09012500196695328,0.1902499943971634,0.002032760065048933,0.00017701000615488738,0.00041112001053988934,0.001935690059326589,0.19349999725818634,0.20550000667572021,0.39899998903274536,0.07975000143051147,0.012249999679625034,0.004999999888241291,0.07225000113248825,0.32667580246925354,0.4256857633590698,-0.4812031686306,0.7652797698974609,-0.07506616
194,307,-0.2165745149051902,-0.6830468434822348,-0.0975745149051902,-0.15504684348223474,0.1831947314547768,0.16010149605050503,0.6553958058357239,0.04727364704012871,-1.0,0.8860465288162231,0.3084745705127716,0.08349999785423279,-0.054249998182058334,-0.09937500208616257,0.2004999965429306,0.002175510162487626,0.00041112001053988934,0.00042254000436514616,0.0016444800421595573,0.226500004529953,0.1809999942779541,0.4074999988079071,0.08224999904632568,0.025499999523162842,0.005499999970197678,0.06599999964237213,0.280809611082077,-0.43856728076934814,-0.3932945132255554,0.03567647561430931,-0.01885805
195,308,-0.2361308304152812,-0.675301859610401,-0.11713083041528122,-0.147301859610401,0.1881952955800321,0.15229239482754087,0.6591290235519409,0.04568331688642502,-1.0,0.8860465288162231,0.3084745705127716,0.08362500369548798,-0.05412499979138374,-0.10562500357627869,0.20612500607967377,0.002284000162035227,0.00013703999866265804,0.00026837000041268766,0.0013075900496914983,0.21199999749660492,0.1379999965429306,0.3499999940395355,0.08524999767541885,0.008999999612569809,0.0035000001080334187,0.0560000017285347,0.6751139760017395,-0.9028187394142151,0.8195899128913879,0.9119495153427124,-0.063660555
196,309,-0.22790882981677585,-0.6783923242210798,-0.10890882981677585,-0.15039232422107973,0.1856851754898,0.1561634982448291,0.6136492490768433,0.058810409158468246,-1.0,0.8860465288162231,0.3084745705127716,0.08362500369548798,-0.0663750022649765,-0.10125000029802322,0.20600000023841858,0.0023353900760412216,-9.13600015337579e-05,0.0028778400737792253,0.0026837000623345375,0.21250000596046448,0.4869999885559082,0.6995000243186951,0.09049999713897705,-0.0002500000118743628,0.02525000087916851,0.09025000035762787,-0.2914389669895172,0.38664698600769043,-0.9298133850097656,-0.9596797227859497,-0.04961187
197,310,-0.22853937110713646,-0.6790345898940955,-0.10953937110713646,-0.15103458989409546,0.18657524264227707,0.15477970571970526,0.6327701807022095,0.05357233062386513,-1.0,0.8860465288162231,0.3084745705127716,0.08399999886751175,-0.06237500160932541,-0.1080000028014183,0.2084999978542328,0.0021127001382410526,0.00010848999954760075,0.0002969200140796602,0.0016616100911051035,0.19449999928474426,0.17149999737739563,0.3659999966621399,0.08025000244379044,0.006000000052154064,0.004000000189989805,0.06650000065565109,-0.9575223326683044,0.13932907581329346,0.3464489281177521,-0.9607846140861511,-0.046918597
198,311,-0.2392055659050092,-0.6770169879441175,-0.12020556590500919,-0.14901698794411744,0.19145610664191612,0.14740652006006003,0.6313037872314453,0.05248374491930008,-1.0,0.8860465288162231,0.3084745705127716,0.08399999886751175,-0.06062500178813934,-0.10762500017881393,0.2084999978542328,0.0014503400307148695,0.00011420000373618677,0.0016844500787556171,0.00048534999950788915,0.13699999451637268,0.1899999976158142,0.3269999921321869,0.06199999898672104,0.007499999832361937,0.01600000075995922,0.030500000342726707,-0.3599812388420105,-0.7697036862373352,-0.9700453281402588,0.679283082485199,-0.017639082
199,312,-0.23144524943183947,-0.6779521060267246,-0.11244524943183948,-0.1499521060267246,0.18742883508584973,0.15346414061753205,0.606498658657074,0.05590340867638588,-1.0,0.8860465288162231,0.3084745705127716,0.08775000274181366,-0.07137499749660492,-0.11937499791383743,0.2147500067949295,0.00107919005677104,6.851999933132902e-05,0.00023982000129763037,0.0010963199893012643,0.10050000250339508,0.11699999868869781,0.2175000011920929,0.04774999991059303,0.0002500000118743628,0.0032500000670552254,0.04324999824166298,0.9298275113105774,0.3533135652542114,0.11142732948064804,0.3930058181285858,-0.04556155
200,313,-0.23870434921347106,-0.6779683063224912,-0.11970434921347106,-0.14996830632249114,0.19188440301873722,0.146776533343613,0.6245459318161011,0.054318465292453766,-1.0,0.8860465288162231,0.3084745705127716,0.08775000274181366,-0.0677499994635582,-0.11937499791383743,0.2147500067949295,0.00148460001219064,0.00010848999954760075,0.000616680015809834,0.001416080049239099,0.13950000703334808,0.17800000309944153,0.3174999952316284,0.06549999862909317,0.006000000052154064,0.007249999791383743,0.057750001549720764,0.27498096227645874,-0.7197052836418152,0.6699097156524658,0.763716995716095,-0.061991904
201,314,-0.2391554044855248,-0.6769395069073156,-0.12015540448552481,-0.1489395069073156,0.19136430687271436,0.14754190103546766,0.6076642870903015,0.0542910061776638,-1.0,0.8860465288162231,0.3084745705127716,0.08749999850988388,-0.07774999737739563,-0.11375000327825546,0.21462500095367432,0.001638769987039268,-8.565000462112948e-05,0.0023468099534511566,0.001964240102097392,0.1509999930858612,0.3774999976158142,0.5285000205039978,0.07124999910593033,-0.000750000006519258,0.020999999716877937,0.07225000113248825,0.6889939904212952,-0.3251657485961914,-0.893356204032898,-0.7375620603561401,-0.10701592
202,315,-0.2388935453556345,-0.6772939473088835,-0.11989354535563451,-0.14929394730888346,0.19147622547201848,0.14737686657579643,0.6066153645515442,0.05603473260998726,-1.0,0.8860465288162231,0.3084745705127716,0.08749999850988388,-0.08399999886751175,-0.11375000327825546,0.21462500095367432,0.0022497400641441345,-7.994000043254346e-05,0.0015873800730332732,0.00107919005677104,0.20399999618530273,0.23350000381469727,0.4375,0.08425000309944153,-0.0002500000118743628,0.014999999664723873,0.04475000128149986,0.780797004699707,0.4373624622821808,0.2313489466905594,0.874363124370575,-0.0723073
203,316,-0.2386509769718485,-0.676940631928886,-0.11965097697184851,-0.14894063192888596,0.19104886319916617,0.14800804745628243,0.6072242856025696,0.05543398857116699,-1.0,0.8860465288162231,0.3084745705127716,0.08749999850988388,-0.07625000178813934,-0.11375000327825546,0.21462500095367432,0.0022154799662530422,7.994000043254346e-05,0.0026323101483285427,0.002129829954355955,0.20100000500679016,0.4169999957084656,0.6179999709129333,0.08624999970197678,0.0005000000237487257,0.023499999195337296,0.07750000059604645,-0.5002553462982178,0.06947169452905655,0.7506430149078369,0.8411166071891785,-0.26158428
204,317,-0.23896110989886954,-0.6768279703374767,-0.11996110989886954,-0.14882797033747663,0.1911555195199487,0.14785027167228323,0.6077884435653687,0.056032828986644745,-1.0,0.8860465288162231,0.3084745705127716,0.08749999850988388,-0.07637500017881393,-0.11387500166893005,0.21462500095367432,0.0021526701748371124,8.565000462112948e-05,0.0004054100136272609,0.0027921900618821383,0.19599999487400055,0.2800000011920929,0.47600001096725464,0.08524999767541885,0.0032500000670552254,0.004999999888241291,0.09175000339746475,0.75594562292099,-0.9595261812210083,0.09448760002851486,0.7528864741325378,-0.1983387
205,318,-0.23782768916352448,-0.6765752077656408,-0.11882768916352449,-0.14857520776564082,0.19024881622377188,0.14919693083460192,0.6070671677589417,0.056223779916763306,-1.0,0.8860465288162231,0.3084745705127716,0.08749999850988388,-0.09262499958276749,-0.11387500166893005,0.21462500095367432,0.002272580051794648,0.0,0.0007765600457787514,0.0019071400165557861,0.19900000095367432,0.23499999940395355,0.4339999854564667,0.0860000029206276,0.0,0.008500000461935997,0.0729999989271164,0.22106489539146423,-0.2705520689487457,-0.2623603641986847,-0.8933724164962769,-0.07482242
206,319,-0.23835056502507834,-0.6770206588167709,-0.11935056502507835,-0.14902065881677085,0.1909233200161517,0.1481939781574162,0.6097030639648438,0.056652192026376724,-1.0,0.8860465288162231,0.3084745705127716,0.08762499690055847,-0.08887500315904617,-0.11637499928474426,0.21462500095367432,0.002483850112184882,1.7129999832832254e-05,0.00028550002025440335,0.0008565000025555491,0.21899999678134918,0.10000000149011612,0.3190000057220459,0.08824999630451202,0.0,0.0037499999161809683,0.039500001817941666,-0.5713279247283936,0.11477619409561157,0.39298734068870544,0.9637100696563721,-0.04818621
207,320,-0.2411943985377612,-0.6777307033178119,-0.1221943985377612,-0.1497307033178119,0.19326343303908225,0.1447663333734533,0.608487069606781,0.05589718744158745,-1.0,0.8860465288162231,0.3084745705127716,0.08762499690055847,-0.08537500351667404,-0.11537499725818634,0.21462500095367432,0.001964240102097392,7.994000043254346e-05,0.0017301300540566444,0.0020556000526994467,0.17900000512599945,0.33149999380111694,0.5105000138282776,0.07874999940395355,0.0005000000237487257,0.016249999403953552,0.0754999965429306,0.11806926876306534,-0.9044784307479858,-0.7922254800796509,0.8764650821685791,-0.068351775
208,321,-0.2403923629881345,-0.6769837743464746,-0.1213923629881345,-0.14898377434647458,0.192177706330272,0.1463466636299823,0.601873517036438,0.05469372496008873,-1.0,0.8860465288162231,0.3084745705127716,0.09149999916553497,-0.10187499970197678,-0.12462499737739563,0.2238750010728836,0.0016730300849303603,2.2840000383439474e-05,0.0003825699968729168,0.0024153301492333412,0.148499995470047,0.24500000476837158,0.3935000002384186,0.07124999910593033,-0.0002500000118743628,0.005249999929219484,0.07249999791383743,0.7784321308135986,0.9547733664512634,0.9861060380935669,-0.6575294733047485,-0.0435922
209,322,-0.2363194160614973,-0.6789482716328117,-0.11731941606149732,-0.15094827163281166,0.19117851891345902,0.14781627091662888,0.6037386655807495,0.055959705263376236,-1.0,0.8860465288162231,0.3084745705127716,0.09137500077486038,-0.08425000309944153,-0.1185000017285347,0.22374999523162842,0.002284000162035227,8.565000462112948e-05,0.0033974500838667154,0.000982120051048696,0.20749999582767487,0.38350000977516174,0.5910000205039978,0.08425000309944153,0.0002500000118743628,0.029750000685453415,0.048250000923871994,-0.5739279389381409,0.9529871940612793,0.1727321892976761,-0.3213968575000763,-0.048573706
210,323,-0.23652177794099438,-0.6779852642168002,-0.11752177794099439,-0.14998526421680014,0.1905438211346559,0.14875744113857678,0.6132106781005859,0.052630048245191574,-1.0,0.8860465288162231,0.3084745705127716,0.09125000238418579,-0.06987500190734863,-0.1185000017285347,0.22374999523162842,0.0019413999980315566,0.00011420000373618677,0.0034545501694083214,0.0006338100065477192,0.18000000715255737,0.3580000102519989,0.5379999876022339,0.07524999976158142,0.007000000216066837,0.029999999329447746,0.036249998956918716,-0.5200058817863464,0.05156713351607323,-0.4290342628955841,0.37735581398010254,-0.08507852
211,324,-0.22662110663646537,-0.6819609087259766,-0.10762110663646537,-0.15396090872597656,0.18784638407322599,0.1528246885941771,0.6127400398254395,0.05426226556301117,-1.0,0.8860465288162231,0.3084745705127716,0.09125000238418579,-0.06987500190734863,-0.1185000017285347,0.22374999523162842,0.0015930900117382407,0.00013703999866265804,0.003420290071517229,0.0010848999954760075,0.15150000154972076,0.3944999873638153,0.5460000038146973,0.06674999743700027,0.008750000037252903,0.029750000685453415,0.05025000125169754,0.6165462732315063,0.884860634803772,0.089178666472435,0.6938164234161377,-0.052444458
212,325,-0.23760923780788218,-0.6788636186577776,-0.11860923780788218,-0.15086361865777753,0.19190618209918633,0.14674457024509652,0.6357648968696594,0.04752388224005699,-1.0,0.8860465288162231,0.3084745705127716,0.09099999815225601,-0.06162500008940697,-0.1185000017285347,0.22374999523162842,0.0018900100840255618,0.0003825699968729168,0.0029235200490802526,0.002072730101644993,0.19900000095367432,0.4375,0.6365000009536743,0.07724999636411667,0.02525000087916851,0.026499999687075615,0.07625000178813934,0.9896670579910278,-0.9609580039978027,0.2720608413219452,-0.35126909613609314,-0.13565166
213,326,-0.239746029579128,-0.677962913121652,-0.120746029579128,-0.149962913121652,0.19253176094103486,0.14582943269999152,0.6102110743522644,0.052773527801036835,-1.0,0.8860465288162231,0.3084745705127716,0.0911249965429306,-0.06737499684095383,-0.1185000017285347,0.22374999523162842,0.002295420039445162,7.423000351991504e-05,0.002592340111732483,0.0014960200060158968,0.20749999582767487,0.3580000102519989,0.565500020980835,0.08524999767541885,0.000750000006519258,0.023250000551342964,0.06324999779462814,-0.4459036588668823,-0.6002496480941772,0.5335723161697388,0.4680657684803009,-0.1426676
214,327,-0.24247043644819793,-0.6765596588350313,-0.12347043644819794,-0.1485596588350313,0.19317070406738537,0.1449006359648362,0.6052417755126953,0.05430014804005623,-1.0,0.8860465288162231,0.3084745705127716,0.0911249965429306,-0.07824999839067459,-0.11949999630451202,0.2238750010728836,0.0021469600033015013,0.0,0.0005253200070001185,0.002284000162035227,0.18799999356269836,0.2460000067949295,0.4339999854564667,0.08349999785423279,0.0,0.006500000134110451,0.08049999922513962,-0.06481976062059402,0.27557092905044556,0.8898704648017883,0.7157611846923828,-0.056583416
215,328,-0.23671459489965518,-0.6780284928187301,-0.11771459489965519,-0.1500284928187301,0.19069681305635308,0.148530028276723,0.5989059805870056,0.056678544729948044,-1.0,0.8860465288162231,0.3084745705127716,0.0911249965429306,-0.07400000095367432,-0.11662500351667404,0.22374999523162842,0.0020670201629400253,8.565000462112948e-05,0.0038028601557016373,0.002706540049985051,0.18850000202655792,0.5699999928474426,0.7584999799728394,0.08349999785423279,0.0017500000540167093,0.03400000184774399,0.09200000017881393,-0.372402548789978,0.4772211015224457,-0.7649685740470886,0.03018956072628498,-0.106149174
216,329,-0.2296958691002346,-0.6805403129233587,-0.1106958691002346,-0.15254031292335868,0.1884731346972625,0.15186985424546984,0.6122916340827942,0.05418899655342102,-1.0,0.8860465288162231,0.3084745705127716,0.09099999815225601,-0.06887499988079071,-0.11675000190734863,0.22374999523162842,0.001878590090200305,0.00013133000175002962,0.0037115002050995827,0.0025637901853770018,0.17599999904632568,0.5494999885559082,0.7254999876022339,0.07774999737739563,0.00925000011920929,0.03375000134110451,0.08924999833106995,0.24946169555187225,0.7005070447921753,-0.45737224817276,-0.9899723529815674,-0.15291122
217,330,-0.21895888767154081,-0.6838301745938038,-0.09995888767154082,-0.15583017459380377,0.1851346065393153,0.15702565719002717,0.6286142468452454,0.04993167147040367,-1.0,0.8860465288162231,0.3084745705127716,0.09087499976158142,-0.06224999949336052,-0.11662500351667404,0.22374999523162842,0.002015630016103387,0.0002969200140796602,0.0036658199969679117,0.002426750026643276,0.20250000059604645,0.5335000157356262,0.7360000014305115,0.08100000023841858,0.02225000038743019,0.033250000327825546,0.08649999648332596,-0.8488996028900146,0.8366236686706543,-0.5917494297027588,-0.12045463919639587,-0.14076208
218,331,-0.22112362541449568,-0.6838014911991612,-0.10212362541449568,-0.1558014911991612,0.18628832364826986,0.155224435796721,0.6535840034484863,0.04435563459992409,-1.0,0.8860465288162231,0.3084745705127716,0.09062500298023224,-0.057874999940395355,-0.11662500351667404,0.22374999523162842,0.0019128500716760755,0.0008393700118176639,0.0034659700468182564,0.0023525201249867678,0.2409999966621399,0.5095000267028809,0.7505000233650208,0.07900000363588333,0.04475000128149986,0.032999999821186066,0.08375000208616257,0.9455980062484741,-0.5026711225509644,0.0052099949680268764,0.5951932668685913,-0.18382406
219,332,-0.22030983507381285,-0.6831225183796702,-0.10130983507381286,-0.15512251837967017,0.18527460266084575,0.15680598116498937,0.6485497355461121,0.044404253363609314,-1.0,0.8860465288162231,0.3084745705127716,0.09062500298023224,-0.057874999940395355,-0.11662500351667404,0.22374999523162842,0.0022326100151985884,0.0007480100030079484,0.003494520206004381,0.0021812201011925936,0.26100000739097595,0.4970000088214874,0.7580000162124634,0.08649999648332596,0.04149999842047691,0.032749999314546585,0.08100000023841858,-0.75628662109375,-0.4895283877849579,-0.43108218908309937,-0.35242050886154175,-0.1790415
220,333,-0.2221766676789238,-0.683065283579271,-0.1031766676789238,-0.15506528357927096,0.18625430713099442,0.15527724672544957,0.6504422426223755,0.045555055141448975,-1.0,0.8860465288162231,0.3084745705127716,0.09062500298023224,-0.057874999940395355,-0.11662500351667404,0.22374999523162842,0.0022154799662530422,0.0006052600219845772,0.003563040168955922,0.0016501900972798467,0.24699999392032623,0.45649999380111694,0.703499972820282,0.08449999988079071,0.03725000098347664,0.032499998807907104,0.06800000369548798,0.03553440421819687,-0.7599621415138245,-0.7373205423355103,-0.12570133805274963,-0.09150488
221,334,-0.2223186215730577,-0.6832815588077898,-0.10331862157305771,-0.15528155880778982,0.18651300241413143,0.15487607094752628,0.6461007595062256,0.04565206170082092,-1.0,0.8860465288162231,0.3084745705127716,0.09049999713897705,-0.058125000447034836,-0.11662500351667404,0.22374999523162842,0.0022211901377886534,0.00013703999866265804,0.003603010205551982,0.0015017300611361861,0.20649999380111694,0.44699999690055847,0.6535000205039978,0.08474999666213989,0.009499999694526196,0.032249998301267624,0.06350000202655792,0.644432544708252,0.3294758200645447,-0.16748046875,-0.4673442542552948,-0.08150281
222,335,-0.2173459085269566,-0.6818681004506763,-0.0983459085269566,-0.15386810045067623,0.18261245866668546,0.1610364428241099,0.6457706689834595,0.04528549313545227,-1.0,0.8860465288162231,0.3084745705127716,0.09049999713897705,-0.058125000447034836,-0.11662500351667404,0.22374999523162842,0.0024895600508898497,0.0002969200140796602,0.0035915900953114033,0.000867919996380806,0.24400000274181366,0.390500009059906,0.6345000267028809,0.08924999833106995,0.02174999937415123,0.03200000151991844,0.04600000008940697,-0.2221846878528595,0.6186058521270752,-0.9286523461341858,-0.8317707180976868,-0.11062045
223,336,-0.21721338780369331,-0.6825046949662755,-0.09821338780369332,-0.1545046949662755,0.18307804431580674,0.160288422944307,0.657335102558136,0.047681186348199844,-1.0,0.8860465288162231,0.3084745705127716,0.09049999713897705,-0.0572500005364418,-0.11649999767541885,0.22187499701976776,0.002186930039897561,0.000770850048866123,0.0034374201204627752,0.00023982000129763037,0.2590000033378601,0.32199999690055847,0.5809999704360962,0.08100000023841858,0.0430000014603138,0.03150000050663948,0.01875000074505806,-0.40358710289001465,-0.6014244556427002,0.2259683907032013,0.7767297029495239,-0.05897739
224,337,-0.2175435975915078,-0.6819660312244495,-0.0985435975915078,-0.15396603122444952,0.1828014753695527,0.1607323445382842,0.6576432585716248,0.04660221189260483,-1.0,0.8860465288162231,0.3084745705127716,0.09062500298023224,-0.0572500005364418,-0.11649999767541885,0.22175000607967377,0.0018843000289052725,0.00028550002025440335,0.0034831000957638025,0.0009878299897536635,0.1899999976158142,0.39149999618530273,0.5814999938011169,0.07524999976158142,0.020500000566244125,0.03125,0.04800000041723251,0.9689733982086182,0.888566255569458,0.4295300841331482,0.46796074509620667,-0.14655457
225,338,-0.20652972395705677,-0.6863144642146923,-0.08752972395705677,-0.1583144642146923,0.1809003099930557,0.1638173649706151,0.6568753719329834,0.047515202313661575,-1.0,0.8860465288162231,0.3084745705127716,0.09062500298023224,-0.05712499842047691,-0.11649999767541885,0.22187499701976776,0.0020955700892955065,0.0011020300444215536,0.0032604101579636335,0.0015873800730332732,0.2800000011920929,0.4244999885559082,0.7045000195503235,0.0820000022649765,0.05350000038743019,0.03099999949336052,0.06525000184774399,0.9527909755706787,0.9416278600692749,-0.6987003087997437,-0.6185964345932007,-0.16939765
226,339,-0.20506042055595383,-0.6876130927794698,-0.08606042055595384,-0.15961309277946978,0.1813359737418234,0.16310522449258893,0.6824890375137329,0.04014497622847557,-1.0,0.8860465288162231,0.3084745705127716,0.09025000035762787,-0.05324999988079071,-0.11649999767541885,0.22187499701976776,0.0024552999529987574,0.0021069899667054415,0.0028664199635386467,0.0007594299968332052,0.3995000123977661,0.3174999952316284,0.7170000076293945,0.08874999731779099,0.08100000023841858,0.02824999950826168,0.042249999940395355,0.9017621874809265,0.37075361609458923,-0.7344627380371094,-0.8904457688331604,-0.20830731
227,340,-0.19141365058503929,-0.6911638281500524,-0.07241365058503929,-0.16316382815005237,0.1785109845573431,0.16777863024808706,0.6859059929847717,0.03794391080737114,-1.0,0.8860465288162231,0.3084745705127716,0.09025000035762787,-0.05324999988079071,-0.11649999767541885,0.21962499618530273,0.0022211901377886534,0.002295420039445162,0.0025466601364314556,0.00017130000924225897,0.3955000042915344,0.23800000548362732,0.6334999799728394,0.0820000022649765,0.08299999684095383,0.026499999687075615,0.013500000350177288,-0.8398323655128479,0.47962480783462524,0.807880699634552,-0.9513649344444275,-0.1819541
228,341,-0.19617613526884292,-0.687834487653993,-0.07717613526884293,-0.159834487653993,0.1774914626077806,0.16949791958397598,0.7176426649093628,0.03192571550607681,-1.0,0.8860465288162231,0.3084745705127716,0.09025000035762787,-0.0533749982714653,-0.11050000041723251,0.20537500083446503,0.001781520084477961,0.002552370075136423,0.0010963199893012643,9.707000572234392e-05,0.37950000166893005,0.10450000315904617,0.48399999737739563,0.07050000131130219,0.08574999868869781,0.011749999597668648,0.006500000134110451,-0.010156163014471531,-0.30554643273353577,-0.021450405940413475,0.9700896143913269,-0.020085195
229,342,-0.195416631885775,-0.6907125980608484,-0.076416631885775,-0.16271259806084837,0.17976343119911023,0.16569039673023953,0.706567108631134,0.03756866604089737,-1.0,0.8860465288162231,0.3084745705127716,0.09025000035762787,-0.0533749982714653,-0.11050000041723251,0.20762500166893005,0.0017472601030021906,0.001735839992761612,0.0010392200201749802,0.0006852000369690359,0.3050000071525574,0.1509999930858612,0.4560000002384186,0.07050000131130219,0.06700000166893005,0.010999999940395355,0.03824999928474426,-0.3862263858318329,-0.9114530682563782,-0.4054807424545288,0.05307525768876076,-0.024332263
230,343,-0.20103298751930268,-0.6856183482246527,-0.08203298751930269,-0.1576183482246527,0.17768780132133424,0.16916545603329466,0.708333432674408,0.03269051015377045,-1.0,0.8860465288162231,0.3084745705127716,0.09025000035762787,-0.0533749982714653,-0.11387500166893005,0.21037499606609344,0.0015531200915575027,0.0006109700188972056,0.00023411000438500196,0.0006109700188972056,0.18950000405311584,0.07400000095367432,0.26350000500679016,0.06525000184774399,0.032999999821186066,0.002749999985098839,0.03449999913573265,-0.9980276823043823,0.4541040360927582,0.31673428416252136,0.5909301042556763,-0.06287575
231,344,-0.20536109022695706,-0.6859884620313959,-0.08636109022695707,-0.15798846203139583,0.18005163714955336,0.16521355462128107,0.6952721476554871,0.041324835270643234,-1.0,0.8860465288162231,0.3084745705127716,0.08962500095367432,-0.05324999988079071,-0.11362499743700027,0.21324999630451202,0.00107919005677104,0.001119159976951778,0.0013646900188177824,0.0011248700320720673,0.19249999523162842,0.21799999475479126,0.4104999899864197,0.05274999886751175,0.04975000023841858,0.014000000432133675,0.0507499985396862,0.6284224390983582,0.9688372611999512,0.19741906225681305,0.5021938681602478,-0.039590616
232,345,-0.20486698715599858,-0.6860067632975841,-0.08586698715599858,-0.15800676329758412,0.17983124514674084,0.16557807362104365,0.6852067708969116,0.04069752246141434,-1.0,0.8860465288162231,0.3084745705127716,0.08962500095367432,-0.05324999988079071,-0.11349999904632568,0.21537500619888306,0.0013075900496914983,0.0024781401734799147,0.0019927900284528732,0.0016501900972798467,0.33149999380111694,0.3190000057220459,0.6504999995231628,0.061250001192092896,0.0860000029206276,0.020999999716877937,0.06525000184774399,-0.30181410908699036,0.2886161208152771,-0.6580097675323486,-0.5388875007629395,-0.11909678
233,346,-0.20621253508582907,-0.6863589504724721,-0.08721253508582907,-0.15835895047247206,0.18078601569490885,0.16400470591776742,0.6863558292388916,0.040666501969099045,-1.0,0.8860465288162231,0.3084745705127716,0.08962500095367432,-0.05324999988079071,-0.11349999904632568,0.21537500619888306,0.0012219400377944112,0.0022497400641441345,0.0018557501025497913,0.0009307300206273794,0.30399999022483826,0.24400000274181366,0.5479999780654907,0.0572500005364418,0.08150000125169754,0.01875000074505806,0.045249998569488525,0.9877498745918274,-0.05821587145328522,0.7366790771484375,-0.8576753735542297,-0.13031213
234,347,-0.2057185601519042,-0.6865475555192497,-0.08671856015190421,-0.1585475555192497,0.18071368524809903,0.16412337416581022,0.6832266449928284,0.0400695763528347,-1.0,0.8860465288162231,0.3084745705127716,0.08962500095367432,-0.05324999988079071,-0.11349999904632568,0.2147500067949295,0.0017872300231829286,0.0021469600033015013,0.0020556000526994467,0.0001827200030675158,0.34450000524520874,0.19599999487400055,0.5404999852180481,0.07074999809265137,0.0794999971985817,0.020749999210238457,0.014499999582767487,0.49138912558555603,0.9114441275596619,-0.9569287300109863,0.8664461970329285,-0.20598432
235,348,-0.2058042945573551,-0.6859864023089172,-0.08680429455735511,-0.15798640230891714,0.18026283274184696,0.16486499907258395,0.6843754649162292,0.039749905467033386,-1.0,0.8860465288162231,0.3084745705127716,0.08962500095367432,-0.05324999988079071,-0.11349999904632568,0.2147500067949295,0.0018728800350800157,0.002872130135074258,0.0013704000739380717,0.0009307300206273794,0.4154999852180481,0.20149999856948853,0.6169999837875366,0.0742499977350235,0.09449999779462814,0.01549999974668026,0.04675000160932541,0.7544928789138794,-0.9540166854858398,-0.10717567801475525,0.3886478543281555,-0.1880682
236,349,-0.20900604148573548,-0.6831826244626973,-0.09000604148573549,-0.15518262446269726,0.17939546939391324,0.16630119717208672,0.6841760873794556,0.040701013058423996,-1.0,0.8860465288162231,0.3084745705127716,0.08962500095367432,-0.05324999988079071,-0.11349999904632568,0.2147500067949295,0.0020213399548083544,0.00267799012362957,0.001416080049239099,0.0014674700796604156,0.4115000069141388,0.2524999976158142,0.6639999747276306,0.07975000143051147,0.09125000238418579,0.015250000171363354,0.061250001192092896,-0.6982861757278442,0.7070037722587585,-0.8926078081130981,0.987189769744873,-0.12369241
237,350,-0.19882838036489534,-0.6887420646216176,-0.07982838036489534,-0.16074206462161755,0.17947306664372423,0.16617220207147637,0.6767301559448242,0.04545317962765694,-1.0,0.8860465288162231,0.3084745705127716,0.08937499672174454,-0.04937500134110451,-0.12600000202655792,0.23237499594688416,0.0017072900664061308,0.0023182600270956755,0.0005652900435961783,0.0015188599936664104,0.35249999165534973,0.18250000476837158,0.5350000262260437,0.07074999809265137,0.08025000244379044,0.007000000216066837,0.06300000101327896,0.4549236595630646,0.7626162171363831,-0.9890808463096619,-0.5901523232460022,-0.087982796
238,351,-0.21629983664169708,-0.683916882922417,-0.09729983664169709,-0.155916882922417,0.18378610554322009,0.15915749133845156,0.7003991007804871,0.036030400544404984,-1.0,0.8860465288162231,0.3084745705127716,0.08962500095367432,-0.04937500134110451,-0.1421249955892563,0.24112500250339508,0.002015630016103387,0.0029121001716703176,0.0001598800008650869,0.0003368900215718895,0.43149998784065247,0.04349999874830246,0.4749999940395355,0.07649999856948853,0.09200000017881393,0.0022499999031424522,0.023499999195337296,-0.16738659143447876,0.41368383169174194,0.9191889762878418,0.9584825038909912,-0.10191374
239,352,-0.21583419520190578,-0.6836777186289691,-0.09683419520190578,-0.15567771862896906,0.18333688509931997,0.1598740676260964,0.6597678065299988,0.044208671897649765,-1.0,0.8860465288162231,0.3084745705127716,0.08937499672174454,-0.04924999922513962,-0.1341249942779541,0.24275000393390656,0.0018614600412547588,0.0018671700963750482,0.002044179942458868,0.0012276499764993787,0.3264999985694885,0.2865000069141388,0.6129999756813049,0.07474999874830246,0.0729999989271164,0.020500000566244125,0.0560000017285347,0.6700475215911865,0.14467373490333557,0.8828848004341125,0.12313829362392426,-0.17049941
240,353,-0.21477508657918915,-0.684225668034916,-0.09577508657918915,-0.156225668034916,0.18324662769668357,0.16001843094651624,0.6608507037162781,0.0446140356361866,-1.0,0.8860465288162231,0.3084745705127716,0.08937499672174454,-0.04924999922513962,-0.1341249942779541,0.24275000393390656,0.0020270501263439655,0.0019528201082721353,0.002284000162035227,0.0013761100126430392,0.34850001335144043,0.320499986410141,0.6690000295639038,0.0794999971985817,0.07575000077486038,0.023000000044703484,0.060499999672174454,0.3771628141403198,-0.1273578256368637,0.6111265420913696,-0.8146834373474121,-0.0942558
241,354,-0.21473073601299972,-0.6839731028946483,-0.09573073601299972,-0.15597310289464827,0.18300814911958205,0.16040049601433287,0.6633137464523315,0.04368530958890915,-1.0,0.8860465288162231,0.3084745705127716,0.08937499672174454,-0.04924999922513962,-0.1341249942779541,0.24275000393390656,0.0022497400641441345,0.0017244199989363551,0.002186930039897561,0.0004739300056826323,0.3479999899864197,0.2329999953508377,0.5809999704360962,0.08299999684095383,0.07100000232458115,0.021250000223517418,0.029999999329447746,0.6374319791793823,-0.7790676355361938,-0.7588039040565491,0.17760364711284637,-0.14445734
242,355,-0.21371233578558455,-0.6841106977304191,-0.09471233578558455,-0.15611069773041908,0.18259511629788897,0.1610643727797092,0.6634169220924377,0.044113386422395706,-1.0,0.8860465288162231,0.3084745705127716,0.08937499672174454,-0.04924999922513962,-0.1341249942779541,0.24275000393390656,0.0024153301492333412,0.0008165300241671503,0.0018557501025497913,0.0006395200034603477,0.28299999237060547,0.21850000321865082,0.5015000104904175,0.08675000071525574,0.041999999433755875,0.017999999225139618,0.0364999994635582,0.5176804661750793,0.4635920226573944,0.25965654850006104,0.6418532729148865,-0.09925296
243,356,-0.2150752989849645,-0.6840798345514427,-0.0960752989849645,-0.1560798345514427,0.18327950738873142,0.15996582602784276,0.6657852530479431,0.043880172073841095,-1.0,0.8860465288162231,0.3084745705127716,0.08937499672174454,-0.04924999922513962,-0.1341249942779541,0.24275000393390656,0.002061309991404414,0.0013418500311672688,0.0024039100389927626,0.0014046600554138422,0.2980000078678131,0.3334999978542328,0.6315000057220459,0.07999999821186066,0.05925000086426735,0.023000000044703484,0.060499999672174454,0.13717591762542725,-0.40270036458969116,0.1683962643146515,-0.8440099358558655,-0.038932323
244,357,-0.20427993480109435,-0.6838308909305999,-0.08527993480109436,-0.15583089093059987,0.17763989936921104,0.16924650900047966,0.6626155972480774,0.0439324826002121,-1.0,0.8860465288162231,0.3084745705127716,0.08937499672174454,-0.04924999922513962,-0.1341249942779541,0.24275000393390656,0.00215838011354208,0.0008907600422389805,0.002084149979054928,0.00044538002111949027,0.2669999897480011,0.2214999943971634,0.4884999990463257,0.07999999821186066,0.0442500002682209,0.019750000908970833,0.028999999165534973,0.5614019632339478,0.23869384825229645,0.04163878783583641,-0.9492999911308289,-0.05606169
245,358,-0.20160864511104692,-0.6879310886256607,-0.08260864511104693,-0.15993108862566063,0.1800059481130327,0.16528905634928165,0.6877210736274719,0.04435442388057709,-1.0,0.8860465288162231,0.3084745705127716,0.08937499672174454,-0.04924999922513962,-0.13075000047683716,0.234375,0.0023182600270956755,0.0012105200439691544,0.0013704000739380717,0.00013133000175002962,0.3089999854564667,0.1315000057220459,0.4404999911785126,0.08349999785423279,0.05299999937415123,0.014499999582767487,0.010250000283122063,0.9861798882484436,0.06342915445566177,-0.8919423222541809,0.8524717688560486,-0.11711799
246,359,-0.19626684360978286,-0.6893172147147906,-0.07726684360978286,-0.16131721471479055,0.1788670145240773,0.1671823501444123,0.693933367729187,0.03740493580698967,-1.0,0.8860465288162231,0.3084745705127716,0.08950000256299973,-0.04924999922513962,-0.14137500524520874,0.242125004529953,0.0019984999671578407,0.0013418500311672688,0.00017701000615488738,0.00041683000745251775,0.29249998927116394,0.052000001072883606,0.34450000524520874,0.07649999856948853,0.05525000020861626,0.0024999999441206455,0.026499999687075615,0.9620219469070435,0.7729356288909912,-0.8697178959846497,0.20637015998363495,-0.09469228
247,360,-0.21807111888380737,-0.6846637622660244,-0.09907111888380737,-0.1566637622660244,0.18536078604773695,0.15667089867726602,0.7063561677932739,0.03505556657910347,-1.0,0.8860465288162231,0.3084745705127716,0.08974999934434891,-0.04924999922513962,-0.15712499618530273,0.25187501311302185,0.002255450002849102,0.002552370075136423,0.00011420000373618677,0.0001827200030675158,0.42100000381469727,0.026000000536441803,0.44699999690055847,0.08224999904632568,0.08399999886751175,0.001500000013038516,0.014499999582767487,-0.8782023787498474,-0.8987651467323303,0.9913133978843689,0.8113278150558472,-0.095203266
248,361,-0.22218225562883098,-0.6819156482276743,-0.10318225562883099,-0.15391564822767423,0.18530138867800905,0.15676398471280098,0.6556485891342163,0.042942777276039124,-1.0,0.8860465288162231,0.3084745705127716,0.08950000256299973,-0.04924999922513962,-0.1459999978542328,0.2528750002384186,0.0017415500478819013,0.001638769987039268,0.001541700097732246,0.000799400033429265,0.29600000381469727,0.20499999821186066,0.5009999871253967,0.07074999809265137,0.06525000184774399,0.016249999403953552,0.042750000953674316,0.8135213851928711,-0.14328166842460632,0.3673250079154968,0.18419136106967926,-0.051251847
249,362,-0.22114991725404803,-0.6821727606126635,-0.10214991725404804,-0.1541727606126635,0.18494281740564705,0.1573271043166038,0.6460877656936646,0.04760059714317322,-1.0,0.8860465288162231,0.3084745705127716,0.08950000256299973,-0.04912500083446503,-0.14300000667572021,0.2527500092983246,0.0021412500645965338,0.0012904600007459521,0.0025752100627869368,0.0010278000263497233,0.3005000054836273,0.3154999911785126,0.6159999966621399,0.0820000022649765,0.05974999815225601,0.024000000208616257,0.04975000023841858,0.8935198187828064,-0.640000581741333,0.39298215508461,-0.6751372814178467,-0.13241656
250,363,-0.2210015718063984,-0.6820402972753072,-0.1020015718063984,-0.15404029727530721,0.18475046369533385,0.15763002008054175,0.6484885811805725,0.04716481268405914,-1.0,0.8860465288162231,0.3084745705127716,0.08950000256299973,-0.04924999922513962,-0.14300000667572021,0.2527500092983246,0.00244959001429379,0.0005938400281593204,0.002763640135526657,0.00035973000922240317,0.26649999618530273,0.273499995470047,0.5400000214576721,0.08749999850988388,0.035999998450279236,0.02500000037252903,0.02449999935925007,0.9384345412254333,0.25179168581962585,-0.39521801471710205,0.8369532823562622,-0.14686525
251,364,-0.22114885616467045,-0.6818130905425297,-0.10214885616467045,-0.15381309054252967,0.18464250766818285,0.1578002830758647,0.6488335728645325,0.047389328479766846,-1.0,0.8860465288162231,0.3084745705127716,0.08950000256299973,-0.04912500083446503,-0.14300000667572021,0.2527500092983246,0.0021069899667054415,0.0008793400484137237,0.0025124000385403633,0.001204809988848865,0.2615000009536743,0.3255000114440918,0.5870000123977661,0.0807500034570694,0.04500000178813934,0.023250000551342964,0.05575000122189522,0.5562311410903931,0.14800497889518738,-0.10421828180551529,0.7604626417160034,-0.058774922
252,365,-0.21381453712388693,-0.6843948018350833,-0.09481453712388693,-0.15639480183508325,0.18289103447422428,0.16058845853072554,0.6484910249710083,0.04777442291378975,-1.0,0.8860465288162231,0.3084745705127716,0.08950000256299973,-0.04912500083446503,-0.14300000667572021,0.2528750002384186,0.0021355401258915663,0.0010106699774041772,0.00215838011354208,0.0023639400023967028,0.27549999952316284,0.3959999978542328,0.671500027179718,0.08425000309944153,0.05050000175833702,0.020500000566244125,0.08399999886751175,0.6200904846191406,0.9756836891174316,-0.7151964902877808,0.44436195492744446,-0.22786327
253,366,-0.22375805706462776,-0.6823401842984138,-0.10475805706462776,-0.15434018429841379,0.18653456250578374,0.15484268312403454,0.6655476093292236,0.04339864104986191,-1.0,0.8860465288162231,0.3084745705127716,0.08950000256299973,-0.04912500083446503,-0.14787499606609344,0.2552500069141388,0.0022497400641441345,0.0014731800183653831,0.00025695000658743083,0.0014275000430643559,0.32600000500679016,0.14749999344348907,0.47350001335144043,0.08524999767541885,0.05925000086426735,0.0035000001080334187,0.060499999672174454,0.9642171859741211,-0.9026626348495483,-0.8221891522407532,0.7415198683738708,-0.0973058
254,367,-0.22577448574250783,-0.6828408568831263,-0.10677448574250784,-0.15484085688312632,0.18808636783636878,0.15245837387920377,0.6424230933189392,0.046881042420864105,-1.0,0.8860465288162231,0.3084745705127716,0.08962500095367432,-0.04912500083446503,-0.16387499868869781,0.273624986410141,0.0025752100627869368,0.0003997000167146325,0.0003368900215718895,0.0010392200201749802,0.2605000138282776,0.12049999833106995,0.38100001215934753,0.09075000137090683,0.025499999523162842,0.004749999847263098,0.051500000059604645,0.5964395999908447,0.5007418394088745,0.47948694229125977,0.8942814469337463,-0.07814396
255,368,-0.2291226442372931,-0.6827186932093294,-0.1101226442372931,-0.1547186932093294,0.18990753224192033,0.14970698593405996,0.6377337574958801,0.04603244736790657,-1.0,0.8860465288162231,0.3084745705127716,0.08962500095367432,-0.04912500083446503,-0.16175000369548798,0.273624986410141,0.002084149979054928,0.0008393700118176639,0.0018557501025497913,0.0024552999529987574,0.25600001215934753,0.3774999976158142,0.6334999799728394,0.08399999886751175,0.0442500002682209,0.0182499997317791,0.08500000089406967,0.5125270485877991,0.40894171595573425,0.5214523077011108,0.772379994392395,-0.23338236
256,369,-0.2282470239911275,-0.6827981047036309,-0.10924702399112751,-0.15479810470363087,0.1894660008306352,0.15036945072067903,0.6299473643302917,0.04623950272798538,-1.0,0.8860465288162231,0.3084745705127716,0.08962500095367432,-0.04912500083446503,-0.15974999964237213,0.273499995470047,0.0022782899904996157,0.001347560086287558,0.002518109977245331,0.0016330600483343005,0.3174999952316284,0.3634999990463257,0.6809999942779541,0.08699999749660492,0.05950000137090683,0.02449999935925007,0.06650000065565109,0.01755659095942974,0.648410439491272,-0.3385584056377411,0.7093555331230164,-0.03701745
257,370,-0.22810680707996814,-0.6830942117547192,-0.10910680707996814,-0.15509421175471916,0.18962729199934025,0.15012711356298958,0.6319836378097534,0.04610490798950195,-1.0,0.8860465288162231,0.3084745705127716,0.08950000256299973,-0.04899999871850014,-0.15974999964237213,0.273499995470047,0.002084149979054928,0.0022326100151985884,0.00211841007694602,0.0027122499886900187,0.3779999911785126,0.4230000078678131,0.8009999990463257,0.08449999988079071,0.08349999785423279,0.02225000038743019,0.09300000220537186,0.9128551483154297,-0.5769084692001343,-0.20061396062374115,-0.022465098649263382,-0.15599336
258,371,-0.22788866457442553,-0.6829443105333359,-0.10888866457442553,-0.1549443105333359,0.18937919801143044,0.15050003230917824,0.6323097348213196,0.04560302942991257,-1.0,0.8860465288162231,0.3084745705127716,0.08950000256299973,-0.04899999871850014,-0.15974999964237213,0.273499995470047,0.0021812201011925936,0.0013761100126430392,0.0022097700275480747,0.0019128500716760755,0.31150001287460327,0.3610000014305115,0.6725000143051147,0.08474999666213989,0.06199999898672104,0.0215000007301569,0.0742499977350235,-0.2826310396194458,0.027985431253910065,0.7706683874130249,0.4890143573284149,-0.13236062
259,372,-0.2278326759349931,-0.6827262769349427,-0.1088326759349931,-0.15472627693494267,0.1891686340948726,0.15081726494314865,0.6328170299530029,0.04585710167884827,-1.0,0.8860465288162231,0.3084745705127716,0.08962500095367432,-0.04899999871850014,-0.15974999964237213,0.273499995470047,0.00211841007694602,0.0014103699941188097,0.0025866301730275154,0.0020099200773984194,0.3089999854564667,0.4025000035762787,0.7114999890327454,0.08299999684095383,0.06300000101327896,0.02474999986588955,0.07724999636411667,-0.47124695777893066,0.7432030439376831,-0.8583159446716309,-0.6627397537231445,-0.11988759
260,373,-0.22775450276385178,-0.6828268209257847,-0.10875450276385179,-0.1548268209257847,0.18920593634819616,0.15076101719641463,0.6329472661018372,0.04622665047645569,-1.0,0.8860465288162231,0.3084745705127716,0.08950000256299973,-0.04899999871850014,-0.15974999964237213,0.273499995470047,0.002072730101644993,0.0025866301730275154,0.002084149979054928,0.001301879994571209,0.40799999237060547,0.29649999737739563,0.7045000195503235,0.0807500034570694,0.09075000137090683,0.02250000089406967,0.05249999836087227,0.3559771180152893,-0.6228868961334229,-0.26725298166275024,0.3030087947845459,-0.11223345
261,374,-0.22760241005049078,-0.6830980086766836,-0.10860241005049079,-0.15509800867668355,0.18934063421317557,0.15055808203038074,0.6331290602684021,0.04605623707175255,-1.0,0.8860465288162231,0.3084745705127716,0.08950000256299973,-0.04899999871850014,-0.15974999964237213,0.273499995470047,0.002084149979054928,0.002426750026643276,0.0020384700037539005,0.0016844500787556171,0.39500001072883606,0.32600000500679016,0.7210000157356262,0.0820000022649765,0.0885000005364418,0.0215000007301569,0.0637499988079071,0.9653011560440063,0.4781205952167511,-0.30333247780799866,0.12139584869146347,-0.1813138
262,375,-0.22807905553760968,-0.6831333403934421,-0.10907905553760969,-0.15513334039344207,0.1896433327554768,0.15010303397013414,0.6334827542304993,0.04559659585356712,-1.0,0.8860465288162231,0.3084745705127716,0.08950000256299973,-0.04899999871850014,-0.15974999964237213,0.273499995470047,0.0021355401258915663,0.002255450002849102,0.002004210138693452,0.0018043600721284747,0.38449999690055847,0.3334999978542328,0.7179999947547913,0.08275000005960464,0.08399999886751175,0.020500000566244125,0.06825000047683716,-0.8102800250053406,-0.18156813085079193,-0.9226617217063904,-0.5837762355804443,-0.17665131
263,376,-0.22788434699124002,-0.6829114454079481,-0.10888434699124003,-0.1549114454079481,0.18934982687630966,0.15054424236920502,0.6323742866516113,0.04553671181201935,-1.0,0.8860465288162231,0.3084745705127716,0.08962500095367432,-0.04899999871850014,-0.15974999964237213,0.273499995470047,0.0021526701748371124,0.0022897101007401943,0.0016045100055634975,0.0010963199893012643,0.3889999985694885,0.23649999499320984,0.6255000233650208,0.08224999904632568,0.08250000327825546,0.017249999567866325,0.04650000110268593,0.3962330222129822,0.37692132592201233,-0.33778122067451477,0.3370838761329651,-0.10431688
264,377,-0.22697240118988515,-0.6826532741435241,-0.10797240118988516,-0.15465327414352403,0.18861514950295352,0.15165432964170641,0.63282710313797,0.04591280594468117,-1.0,0.8860465288162231,0.3084745705127716,0.08962500095367432,-0.04899999871850014,-0.15974999964237213,0.273499995470047,0.0021526701748371124,0.002518109977245331,0.0014503400307148695,0.001541700097732246,0.4090000092983246,0.2619999945163727,0.6710000038146973,0.08349999785423279,0.0885000005364418,0.01575000025331974,0.05900000035762787,0.5522691011428833,-0.3896234929561615,-0.3790825605392456,-0.7457154989242554,-0.1078397
265,378,-0.2140892304466886,-0.6861549282526085,-0.0950892304466886,-0.15815492825260846,0.18453981434241007,0.15796241667057573,0.6349478960037231,0.0463503822684288,-1.0,0.8860465288162231,0.3084745705127716,0.08950000256299973,-0.04899999871850014,-0.15974999964237213,0.273499995470047,0.002341100014746189,0.002369650173932314,0.001164840068668127,0.000491060025524348,0.4124999940395355,0.14499999582767487,0.5575000047683716,0.08574999868869781,0.08399999886751175,0.013249999843537807,0.03125,0.6709519624710083,-0.8145864009857178,-0.6305010318756104,-0.3640401363372803,-0.10035384
266,379,-0.2147520605655877,-0.6871333173070117,-0.09575206056558772,-0.15913331730701163,0.18571986910314692,0.15610932888175705,0.664908766746521,0.04041537642478943,-1.0,0.8860465288162231,0.3084745705127716,0.08962500095367432,-0.04899999871850014,-0.1665000021457672,0.273624986410141,0.002369650173932314,0.0016844500787556171,0.00020556000526994467,0.00022269001055974513,0.35499998927116394,0.03750000149011612,0.39250001311302185,0.08500000089406967,0.06525000184774399,0.0032500000670552254,0.017500000074505806,0.9545771479606628,0.2996615767478943,-0.6079513430595398,0.8724611401557922,-0.10295772
267,380,-0.22498195077510907,-0.6829524220618833,-0.10598195077510908,-0.1549524220618833,0.18772966465889632,0.15300316881592754,0.6633672714233398,0.0387570895254612,-1.0,0.8860465288162231,0.3084745705127716,0.08974999934434891,-0.04899999871850014,-0.17762500047683716,0.28325000405311584,0.0022211901377886534,0.0021526701748371124,0.0001827200030675158,0.0004739300056826323,0.382999986410141,0.057500001043081284,0.4404999911785126,0.0820000022649765,0.07625000178813934,0.002749999985098839,0.030750000849366188,0.6007232666015625,-0.6865025758743286,0.6183468103408813,0.6083434820175171,-0.05444956
268,381,-0.23024579541990495,-0.681755571528062,-0.11124579541990495,-0.15375557152806196,0.18977987979374505,0.14989821259348313,0.6395768523216248,0.045843351632356644,-1.0,0.8860465288162231,0.3084745705127716,0.08974999934434891,-0.04899999871850014,-0.17212499678134918,0.28325000405311584,0.0021983501501381397,0.00107919005677104,0.0013704000739380717,0.0011819700011983514,0.28700000047683716,0.22349999845027924,0.5105000138282776,0.08399999886751175,0.0507499985396862,0.014750000089406967,0.05350000038743019,-0.5397055745124817,-0.8295353055000305,-0.40526261925697327,0.9408384561538696,-0.045874976
269,382,-0.22369120914766413,-0.6854869137025581,-0.10469120914766414,-0.15748691370255807,0.18910943197090124,0.15090657840243435,0.6273353695869446,0.0478719137609005,-1.0,0.8860465288162231,0.3084745705127716,0.08962500095367432,-0.04912500083446503,-0.1745000034570694,0.28812500834465027,0.0020784400403499603,0.00029121001716703176,0.00032546999864280224,0.002169799990952015,0.20749999582767487,0.21850000321865082,0.4259999990463257,0.08124999701976776,0.019999999552965164,0.0044999998062849045,0.07900000363588333,-0.48389506340026855,0.6274995803833008,-0.5931911468505859,-0.581599235534668,-0.04113108
270,383,-0.2340280835972193,-0.681359999011668,-0.1150280835972193,-0.15335999901166797,0.1917048494767612,0.14704031254960723,0.6425786018371582,0.04154760390520096,-1.0,0.8860465288162231,0.3084745705127716,0.08974999934434891,-0.04912500083446503,-0.18462499976158142,0.29487499594688416,0.002032760065048933,0.0009021800360642374,0.0001884299999801442,0.0008507900056429207,0.25699999928474426,0.09099999815225601,0.3479999899864197,0.07850000262260437,0.04349999874830246,0.002749999985098839,0.04374999925494194,-0.1862451583147049,-0.9167170524597168,-0.15119668841362,0.8558322787284851,-0.015830839
271,384,-0.24581701550727586,-0.6811458079691127,-0.12681701550727587,-0.1531458079691127,0.19883710398385154,0.13691827830777048,0.6185393333435059,0.04854237288236618,-1.0,0.8860465288162231,0.3084745705127716,0.08974999934434891,-0.05050000175833702,-0.18787500262260437,0.3005000054836273,0.0019242700655013323,0.00016558999777771533,0.00026266000350005925,0.0016273499932140112,0.18299999833106995,0.1655000001192093,0.34850001335144043,0.07750000059604645,0.012000000104308128,0.0037499999161809683,0.06449999660253525,0.9540829658508301,-0.9133518934249878,-0.5493301153182983,-0.8901124000549316,-0.09299027
272,385,-0.23397470586854277,-0.6848179116038224,-0.11497470586854278,-0.1568179116038224,0.1944506116970121,0.14305785974281404,0.5911232233047485,0.04890540987253189,-1.0,0.8860465288162231,0.3084745705127716,0.09749999642372131,-0.06350000202655792,-0.19750000536441803,0.3007499873638153,0.0017472601030021906,9.13600015337579e-05,0.00019414001144468784,0.0005024800193496048,0.16099999845027924,0.061000000685453415,0.22200000286102295,0.06274999678134918,0.0037499999161809683,0.0024999999441206455,0.030750000849366188,0.03116787038743496,0.9727153182029724,0.8977294564247131,-0.9530194997787476,-0.0026492688
273,386,-0.21087693181093628,-0.6910529752360937,-0.09187693181093629,-0.16305297523609363,0.1871567346699915,0.15388228581176103,0.618663489818573,0.0426815040409565,-1.0,0.8860465288162231,0.3084745705127716,0.09724999964237213,-0.060499999672174454,-0.1860000044107437,0.28987500071525574,0.0017872300231829286,0.0006052600219845772,0.0012390700867399573,0.00022269001055974513,0.2094999998807907,0.12800000607967377,0.3375000059604645,0.06324999779462814,0.03400000184774399,0.013000000268220901,0.017000000923871994,0.8577266931533813,-0.6445188522338867,-0.7509599328041077,-0.6472371220588684,-0.07578873
274,387,-0.2516118231433897,-0.6781534376308392,-0.1326118231433897,-0.15015343763083921,0.20032960457648788,0.13488994627813522,0.6723792552947998,0.03211360052227974,-1.0,0.8860465288162231,0.3084745705127716,0.09749999642372131,-0.061124999076128006,-0.1938749998807907,0.2853749990463257,0.001638769987039268,0.0001598800008650869,0.00010278000263497233,7.423000351991504e-05,0.1574999988079071,0.01549999974668026,0.17299999296665192,0.06624999642372131,0.011250000447034836,0.000750000006519258,0.0017500000540167093,0.8868833184242249,-0.7626239061355591,0.909832775592804,0.9581882953643799,-0.075385086
275,388,-0.2351468741000214,-0.6862533082859368,-0.11614687410002142,-0.15825330828593676,0.1963013141745362,0.14043463331947018,0.5776469111442566,0.053977224975824356,-1.0,0.8860465288162231,0.3084745705127716,0.09749999642372131,-0.0702499970793724,-0.18324999511241913,0.2863749861717224,0.0017472601030021906,7.994000043254346e-05,0.0013361400924623013,0.0006395200034603477,0.1599999964237213,0.17299999296665192,0.3330000042915344,0.07100000232458115,0.0010000000474974513,0.013500000350177288,0.03550000116229057,0.07194474339485168,0.9928516149520874,-0.9634791612625122,0.5917272567749023,-0.0063462458
276,389,-0.2330207099325748,-0.6874777677457506,-0.11402070993257479,-0.15947776774575062,0.19604560872076665,0.14079419184531408,0.6159375309944153,0.040248628705739975,-1.0,0.8860465288162231,0.3084745705127716,0.09875000268220901,-0.06362500041723251,-0.19562500715255737,0.29612499475479126,0.0017072900664061308,0.00047964000259526074,0.00017701000615488738,0.0006909100338816643,0.1914999932050705,0.07599999755620956,0.26750001311302185,0.06875000149011612,0.02474999986588955,0.0022499999031424522,0.03799999877810478,-0.9346033930778503,-0.9597041606903076,-0.5196325182914734,-0.6771917343139648,-0.07944129
277,390,-0.25423551125232685,-0.6816958702213198,-0.13523551125232686,-0.1536958702213198,0.20472191877463194,0.1290933893950286,0.6208820939064026,0.03817327320575714,-1.0,0.8860465288162231,0.3084745705127716,0.10462500154972076,-0.07150000333786011,-0.20487500727176666,0.29637500643730164,0.0011134500382468104,9.707000572234392e-05,0.0001256200048374012,0.00016558999777771533,0.10599999874830246,0.025499999523162842,0.1315000057220459,0.051750000566244125,0.004749999847263098,0.001500000013038516,0.012249999679625034,0.9033678770065308,-0.5880193710327148,-0.06259392201900482,0.49670377373695374,-0.07678627
278,391,-0.21370392412445174,-0.6949301544137274,-0.09470392412445175,-0.16693015441372738,0.19192318697114422,0.14671961864037553,0.5715453028678894,0.04797310009598732,-1.0,0.8860465288162231,0.3084745705127716,0.10912500321865082,-0.0807500034570694,-0.20624999701976776,0.29624998569488525,0.0009935400448739529,7.994000043254346e-05,0.0001484600070398301,0.0005310300039127469,0.09399999678134918,0.05950000137090683,0.1535000056028366,0.04774999991059303,0.0012499999720603228,0.0020000000949949026,0.03099999949336052,-0.07904791086912155,0.7049219012260437,-0.5876308679580688,-0.5540298223495483,-0.0067190723
279,392,-0.23555612946871404,-0.6886113252991799,-0.11655612946871405,-0.16061132529917987,0.19844729560033467,0.1374530388287094,0.6658048033714294,0.025542112067341805,-1.0,0.8860465288162231,0.3084745705127716,0.1106249988079071,-0.07750000059604645,-0.21662500500679016,0.296750009059906,0.0009021800360642374,0.00032546999864280224,0.00010278000263497233,0.0001256200048374012,0.10750000178813934,0.019999999552965164,0.1274999976158142,0.04450000077486038,0.020999999716877937,0.000750000006519258,0.00925000011920929,-0.8331442475318909,0.2669648230075836,0.26059064269065857,0.8866287469863892,-0.07081726
280,393,-0.24700553381059284,-0.6849624099032394,-0.12800553381059285,-0.1569624099032394,0.20254040290462388,0.1319405246131094,0.6149857640266418,0.036251991987228394,-1.0,0.8860465288162231,0.3084745705127716,0.11050000041723251,-0.07724999636411667,-0.21437500417232513,0.3009999990463257,0.0007651399937458336,0.0005310300039127469,0.0004568000149447471,0.0006052600219845772,0.11349999904632568,0.09300000220537186,0.20649999380111694,0.04024999961256981,0.030500000342726707,0.006000000052154064,0.03375000134110451,0.7902494668960571,-0.7820667624473572,-0.4140944182872772,0.7738765478134155,-0.06717121
281,394,-0.23624846483357018,-0.6910999073565303,-0.11724846483357018,-0.16309990735653024,0.20087006318896225,0.13416288843921892,0.5883592367172241,0.042436592280864716,-1.0,0.8860465288162231,0.3084745705127716,0.11050000041723251,-0.07850000262260437,-0.22037500143051147,0.3112500011920929,0.0008964700391516089,9.13600015337579e-05,0.00017701000615488738,0.0008450800087302923,0.08649999648332596,0.08950000256299973,0.17599999904632568,0.04450000077486038,0.0037499999161809683,0.0024999999441206455,0.042249999940395355,0.24665619432926178,-0.560539186000824,-0.8517634868621826,-0.9549052715301514,-0.020965775
282,395,-0.25630040162203854,-0.6878526735895176,-0.13730040162203855,-0.1598526735895176,0.21072322496414567,0.12157398765536966,0.6133756637573242,0.03203405439853668,-1.0,0.8860465288162231,0.3084745705127716,0.11887499690055847,-0.08912499994039536,-0.23549999296665192,0.3113749921321869,0.0004625100118573755,9.13600015337579e-05,0.00010278000263497233,9.707000572234392e-05,0.048500001430511475,0.017500000074505806,0.06599999964237213,0.028999999165534973,0.004000000189989805,0.0010000000474974513,0.0062500000931322575,0.8691238760948181,-0.8215419054031372,-0.8068839311599731,0.3751978874206543,-0.07387553
283,396,-0.2276024067647086,-0.6966513272013437,-0.10860240676470861,-0.16865132720134368,0.20059350169400283,0.13453444488337077,0.5667432546615601,0.037537842988967896,-1.0,0.8860465288162231,0.3084745705127716,0.12800000607967377,-0.10300000011920929,-0.25049999356269836,0.3160000145435333,0.00019414001144468784,7.994000043254346e-05,0.00010278000263497233,0.00013703999866265804,0.024000000208616257,0.020999999716877937,0.04500000178813934,0.01549999974668026,0.0010000000474974513,0.000750000006519258,0.010999999940395355,0.12430840730667114,0.4652690589427948,-0.6310080289840698,-0.38343578577041626,-0.010566215
284,397,-0.23732972432093655,-0.6943568714427055,-0.11832972432093655,-0.1663568714427055,0.20414830965274655,0.12983600868215228,0.6334827542304993,0.022624868899583817,-1.0,0.8860465288162231,0.3084745705127716,0.12825000286102295,-0.10125000029802322,-0.2621249854564667,0.3141250014305115,0.00021127000218257308,0.0002169799990952015,9.13600015337579e-05,6.28100024187006e-05,0.03750000149011612,0.013500000350177288,0.050999999046325684,0.01549999974668026,0.014750000089406967,0.0005000000237487257,0.0005000000237487257,0.2958521544933319,0.05950459465384483,0.9780867695808411,-0.46936166286468506,-0.025147432
285,398,-0.2618827058922574,-0.6868224175084956,-0.14288270589225738,-0.15882241750849557,0.2136352684982894,0.11808475082557698,0.6108611226081848,0.026513777673244476,-1.0,0.8860465288162231,0.3084745705127716,0.12812499701976776,-0.10100000351667404,-0.2447499930858612,0.30425000190734863,0.00023411000438500196,0.00023982000129763037,0.00017130000924225897,7.423000351991504e-05,0.04149999842047691,0.0215000007301569,0.06300000101327896,0.017249999567866325,0.016249999403953552,0.0022499999031424522,0.002749999985098839,0.771127462387085,-0.9107771515846252,-0.1917143166065216,0.9736942052841187,-0.065545835
286,399,-0.24942270859407806,-0.6901516570374884,-0.13042270859407806,-0.16215165703748835,0.20809431226494166,0.12481244322988187,0.5537611246109009,0.03928403928875923,-1.0,0.8860465288162231,0.3084745705127716,0.12825000286102295,-0.10987500101327896,-0.24787500500679016,0.3125,0.0003026300109922886,2.2840000383439474e-05,0.00010848999954760075,0.00034260001848451793,0.02850000001490116,0.039500001817941666,0.06800000369548798,0.021250000223517418,0.0,0.001500000013038516,0.022749999538064003,0.8518606424331665,0.8418022394180298,-0.03370218724012375,0.6362965106964111,-0.053667225
287,400,-0.2156859660272497,-0.7024460609856804,-0.09668596602724971,-0.17444606098568038,0.1994482494785106,0.1360840601583399,0.5827378630638123,0.033641260117292404,-1.0,0.8860465288162231,0.3084745705127716,0.12812499701976776,-0.1002499982714653,-0.2485000044107437,0.3178749978542328,0.0005767100374214351,0.0001827200030675158,0.00011991000064881518,0.0006509399972856045,0.06650000065565109,0.06750000268220901,0.1340000033378601,0.033250000327825546,0.012249999679625034,0.001500000013038516,0.035750001668930054,0.8057114481925964,0.8954933881759644,-0.5900363922119141,-0.5575324892997742,-0.050759822
288,401,-0.2371745213317878,-0.6937421283457316,-0.1181745213317878,-0.16574212834573154,0.20355753633940973,0.1306053153643532,0.6611954569816589,0.01280328631401062,-1.0,0.8860465288162231,0.3084745705127716,0.12825000286102295,-0.09650000184774399,-0.2588750123977661,0.320250004529953,0.0008964700391516089,0.0007765600457787514,9.13600015337579e-05,0.00013133000175002962,0.14650000631809235,0.019500000402331352,0.16599999368190765,0.04399999976158142,0.03824999928474426,0.0002500000118743628,0.010250000283122063,0.8606647253036499,0.8725197315216064,0.791374921798706,0.8253940343856812,-0.11741745
289,402,-0.2531465815394891,-0.6889965531844151,-0.1341465815394891,-0.16099655318441508,0.20955952728519167,0.12299700507967194,0.6112220287322998,0.027555715292692184,-1.0,0.8860465288162231,0.3084745705127716,0.1276250034570694,-0.09312500059604645,-0.2486249953508377,0.3228749930858612,0.0013075900496914983,0.0010449300752952695,0.0007822700426913798,0.0006452300003729761,0.20600000023841858,0.125,0.3310000002384186,0.05700000002980232,0.04774999991059303,0.00925000011920929,0.035750001668930054,-0.748734712600708,-0.5393280982971191,0.8176836967468262,0.26728731393814087,-0.04717029
290,403,-0.24009041644237983,-0.6919571586103193,-0.12109041644237983,-0.16395715861031923,0.20382551070402927,0.13025579512183028,0.5740777254104614,0.03559906408190727,-1.0,0.8860465288162231,0.3084745705127716,0.12725000083446503,-0.09287499636411667,-0.2370000034570694,0.32249999046325684,0.0009649900021031499,0.00041112001053988934,0.0017301300540566444,0.000982120051048696,0.12049999833106995,0.23749999701976776,0.3580000102519989,0.04749999940395355,0.027249999344348907,0.016499999910593033,0.04650000110268593,0.3289732038974762,0.9281517267227173,-0.36941206455230713,0.08509651571512222,-0.020725312
291,404,-0.24025583158164618,-0.6929711591422423,-0.12125583158164618,-0.16497115914224225,0.20473998154071316,0.12907007366387227,0.6044408679008484,0.03058108687400818,-1.0,0.8860465288162231,0.3084745705127716,0.12700000405311584,-0.08924999833106995,-0.23774999380111694,0.3226250112056732,0.001136290025897324,0.001330430037342012,0.00029121001716703176,0.0010734800016507506,0.2160000056028366,0.11949999630451202,0.33550000190734863,0.05249999836087227,0.054749999195337296,0.0042500002309679985,0.04924999922513962,-0.565589427947998,-0.024919480085372925,-0.6756211519241333,0.8184510469436646,-0.035632133
292,405,-0.24030497361632397,-0.693068879373673,-0.12130497361632397,-0.16506887937367298,0.2048478253771254,0.12893095457393822,0.604056179523468,0.028862442821264267,-1.0,0.8860465288162231,0.3084745705127716,0.12687499821186066,-0.08924999833106995,-0.2498749941587448,0.33524999022483826,0.0008736300515010953,0.0013075900496914983,0.00023982000129763037,0.001261910074390471,0.19099999964237213,0.1315000057220459,0.32249999046325684,0.04500000178813934,0.05400000140070915,0.0032500000670552254,0.054499998688697815,-0.40933695435523987,0.6254638433456421,-0.812046468257904,0.8009421825408936,-0.02578823
293,406,-0.23775006710722332,-0.694912131480991,-0.11875006710722333,-0.16691213148099093,0.2048444240722643,0.12893533998334372,0.6039419174194336,0.0286968145519495,-1.0,0.8860465288162231,0.3084745705127716,0.12675000727176666,-0.08937499672174454,-0.26499998569488525,0.35087499022483826,0.0007194600184448063,0.002261160174384713,0.00021127000218257308,0.0012390700867399573,0.26100000739097595,0.12700000405311584,0.3880000114440918,0.03974999859929085,0.07750000059604645,0.0032500000670552254,0.05324999988079071,0.33784323930740356,0.20015649497509003,-0.15993890166282654,-0.8009112477302551,-0.039303713
294,407,-0.22749583584458294,-0.6998560221209598,-0.10849583584458294,-0.17185602212095974,0.20323837908932085,0.13102281758725237,0.6098835468292236,0.025572657585144043,-1.0,0.8860465288162231,0.3084745705127716,0.12675000727176666,-0.08937499672174454,-0.26737499237060547,0.35100001096725464,0.0008907600422389805,0.002398200100287795,0.00017130000924225897,0.00032546999864280224,0.2879999876022339,0.04349999874830246,0.33149999380111694,0.0442500002682209,0.08049999922513962,0.0022499999031424522,0.023000000044703484,0.42412233352661133,-0.6768574714660645,-0.9651380181312561,0.43196824193000793,-0.044405457
295,408,-0.2411060384986308,-0.6946157408911415,-0.1221060384986308,-0.1666157408911415,0.20656884990368976,0.12673100634807663,0.6337305903434753,0.017193183302879333,-1.0,0.8860465288162231,0.3084745705127716,0.12687499821186066,-0.08962500095367432,-0.28437501192092896,0.35975000262260437,0.0010734800016507506,0.0016102200606837869,9.707000572234392e-05,0.0003026300109922886,0.23499999940395355,0.03500000014901161,0.27000001072883606,0.04975000023841858,0.06224999949336052,0.0002500000118743628,0.0215000007301569,0.4220723807811737,0.5522185564041138,0.848267138004303,-0.3831827640533447,-0.026590561
296,409,-0.25015326348543576,-0.6909726568251615,-0.13115326348543577,-0.1629726568251615,0.20919193434626487,0.12344996540046345,0.6020789742469788,0.02607501484453678,-1.0,0.8860465288162231,0.3084745705127716,0.12675000727176666,-0.08950000256299973,-0.27387499809265137,0.35624998807907104,0.0012676200130954385,0.0024210400879383087,0.000867919996380806,0.0001884299999801442,0.3230000138282776,0.0925000011920929,0.4154999852180481,0.05575000122189522,0.08250000327825546,0.010999999940395355,0.01425000000745058,-0.07180515676736832,-0.6936193704605103,0.4662899076938629,0.2835213243961334,-0.023885662
297,410,-0.22284207578409737,-0.7010178333834739,-0.10384207578409738,-0.17301783338347387,0.20178787716773708,0.13293715626984112,0.5810389518737793,0.03224973380565643,-1.0,0.8860465288162231,0.3084745705127716,0.12662500143051147,-0.08950000256299973,-0.2672500014305115,0.3558749854564667,0.0012447800254449248,0.0015588300302624702,0.0014560500858351588,0.0003825699968729168,0.24549999833106995,0.16099999845027924,0.4065000116825104,0.05525000020861626,0.0637499988079071,0.014999999664723873,0.025499999523162842,-0.04855349659919739,-0.8696912527084351,-0.9614158272743225,-0.8492175340652466,-0.0030588703
298,411,-0.24561949693156807,-0.6918907874834368,-0.12661949693156807,-0.16389078748343677,0.20710549781486828,0.126052728659034,0.6445533037185669,0.015224011614918709,-1.0,0.8860465288162231,0.3084745705127716,0.12687499821186066,-0.08950000256299973,-0.27799999713897705,0.35100001096725464,0.0012447800254449248,0.0005538699915632606,9.707000572234392e-05,7.994000043254346e-05,0.1574999988079071,0.01549999974668026,0.17299999296665192,0.054249998182058334,0.03125,0.0005000000237487257,0.0035000001080334187,-0.604117751121521,0.09887455403804779,0.9590542316436768,0.8159756660461426,-0.03805942
299,412,-0.2380539450524058,-0.6961249898889621,-0.1190539450524058,-0.16812498988896207,0.20600935429660677,0.12744204803005166,0.5915825366973877,0.030693581327795982,-1.0,0.8860465288162231,0.3084745705127716,0.12675000727176666,-0.08950000256299973,-0.26524999737739563,0.351500004529953,0.0009364400175400078,0.0006281000096350908,0.0009878299897536635,0.0005995500250719488,0.13699999451637268,0.13899999856948853,0.2759999930858612,0.04625000059604645,0.03474999964237213,0.01075000036507845,0.032999999821186066,0.876487135887146,-0.3766811192035675,0.019191913306713104,-0.9393200874328613,-0.055218685
300,413,-0.22791955890779775,-0.6981332582784616,-0.10891955890779775,-0.1701332582784616,0.20201187065396664,0.1326397189434974,0.6091768741607666,0.02351696603000164,-1.0,0.8860465288162231,0.3084745705127716,0.12687499821186066,-0.08950000256299973,-0.2632499933242798,0.34575000405311584,0.0013761100126430392,0.0003026300109922886,0.0005995500250719488,0.0001256200048374012,0.1469999998807907,0.06350000202655792,0.21050000190734863,0.057999998331069946,0.020749999210238457,0.007249999791383743,0.009499999694526196,0.9657407402992249,-0.2816396951675415,-0.5334374308586121,0.40965214371681213,-0.06084167
301,414,-0.2530156589569059,-0.6917150195530537,-0.13401565895690593,-0.16371501955305368,0.21157222046599233,0.12054619908165866,0.6327452063560486,0.02011312171816826,-1.0,0.8860465288162231,0.3084745705127716,0.12725000083446503,-0.09212499856948853,-0.27000001072883606,0.34599998593330383,0.0018386200536042452,0.00021127000218257308,0.00010278000263497233,0.00035973000922240317,0.17949999868869781,0.04050000011920929,0.2199999988079071,0.07050000131130219,0.01549999974668026,0.000750000006519258,0.024250000715255737,0.39261966943740845,0.8856885433197021,0.9488376379013062,0.3580578863620758,-0.03793799
302,415,-0.241360257196785,-0.6950876303944934,-0.122360257196785,-0.16708763039449337,0.2070997556061093,0.12605996707768055,0.5743821859359741,0.03099149279296398,-1.0,0.8860465288162231,0.3084745705127716,0.12712499499320984,-0.09200000017881393,-0.2588750123977661,0.34587499499320984,0.0019071400165557861,0.0010392200201749802,0.001358980080112815,0.0006680700462311506,0.257999986410141,0.17749999463558197,0.43549999594688416,0.07349999994039536,0.048250000923871994,0.014000000432133675,0.0377499982714653,0.2644108831882477,-0.6507980823516846,-0.5885525941848755,-0.4035668969154358,-0.019279784
303,416,-0.24559522423774646,-0.691334776360998,-0.12659522423774647,-0.16333477636099802,0.20665091330236735,0.12662704923829193,0.6014877557754517,0.025275202468037605,-1.0,0.8860465288162231,0.3084745705127716,0.12712499499320984,-0.09200000017881393,-0.2639999985694885,0.3461250066757202,0.002072730101644993,0.00035973000922240317,0.0001598800008650869,0.000308340007904917,0.21299999952316284,0.04100000113248825,0.2540000081062317,0.07599999755620956,0.024000000208616257,0.0022499999031424522,0.02225000038743019,0.6244736909866333,0.7177567481994629,0.32282546162605286,0.07840219885110855,-0.061894238
304,417,-0.25004710180494455,-0.6903880778300556,-0.13104710180494455,-0.1623880778300556,0.20867014811135706,0.1240957937834423,0.5916390419006348,0.03163597360253334,-1.0,0.8860465288162231,0.3084745705127716,0.12712499499320984,-0.09200000017881393,-0.2621249854564667,0.34599998593330383,0.0022040600888431072,0.0011134500382468104,0.0009478600113652647,0.00037115000304766,0.2904999852180481,0.11550000309944153,0.4059999883174896,0.07999999821186066,0.0507499985396862,0.010499999858438969,0.02525000087916851,-0.3390182554721832,-0.97510826587677,0.95046067237854,-0.9520753622055054,-0.021358151
305,418,-0.2536575638677273,-0.687321297321672,-0.13465756386772731,-0.159321297321672,0.20860473457486928,0.1241769957864441,0.581285834312439,0.03324054554104805,-1.0,0.8860465288162231,0.3084745705127716,0.12712499499320984,-0.09200000017881393,-0.24574999511241913,0.33037498593330383,0.0020384700037539005,0.00019414001144468784,0.0013132999883964658,0.00029121001716703176,0.19550000131130219,0.1404999941587448,0.335999995470047,0.0754999965429306,0.01425000000745058,0.013249999843537807,0.020999999716877937,0.46002423763275146,0.5930391550064087,0.8015400171279907,0.993195652961731,-0.045366198
306,419,-0.25209157294537965,-0.688228958041888,-0.13309157294537965,-0.16022895804188797,0.2082947089684815,0.12456257365685597,0.5728893876075745,0.03843848034739494,-1.0,0.8860465288162231,0.3084745705127716,0.12687499821186066,-0.09037499874830246,-0.23600000143051147,0.33012500405311584,0.0020213399548083544,0.0005538699915632606,0.002620890038087964,0.0013932400615885854,0.22550000250339508,0.351500004529953,0.5770000219345093,0.07900000363588333,0.032999999821186066,0.023749999701976776,0.05849999934434891,-0.6555527448654175,-0.22187766432762146,-0.21573056280612946,-0.9688140749931335,-0.041299824
307,420,-0.2589297002008694,-0.6860123587540958,-0.13992970020086942,-0.1580123587540958,0.2110645079527543,0.12115978352308313,0.5765312314033508,0.03690006956458092,-1.0,0.8860465288162231,0.3084745705127716,0.12687499821186066,-0.09037499874830246,-0.23600000143051147,0.3293749988079071,0.0017986500170081854,0.0003825699968729168,0.0016444800421595573,0.00033117999555543065,0.19099999964237213,0.17299999296665192,0.36399999260902405,0.07000000029802322,0.02474999986588955,0.01575000025331974,0.023749999701976776,0.8755171298980713,-0.9174031019210815,0.0791226476430893,-0.8421768546104431,-0.08416396
308,421,-0.23358718437676443,-0.6955408601859836,-0.11458718437676443,-0.16754086018598358,0.20297823197390874,0.13136411341087642,0.5606285929679871,0.04065701737999916,-1.0,0.8860465288162231,0.3084745705127716,0.1276250034570694,-0.0963750034570694,-0.23250000178813934,0.3174999952316284,0.0020213399548083544,7.994000043254346e-05,0.0011248700320720673,0.00021127000218257308,0.18400000035762787,0.11699999868869781,0.3009999990463257,0.07500000298023224,0.0024999999441206455,0.011500000022351742,0.01600000075995922,0.3937566876411438,0.03806152939796448,-0.816822350025177,0.31444066762924194,-0.03878214
309,422,-0.22698302035623294,-0.6976196288728791,-0.10798302035623294,-0.16961962887287907,0.20107498895742318,0.13388823562240926,0.6195647120475769,0.02450701594352722,-1.0,0.8860465288162231,0.3084745705127716,0.1316249966621399,-0.09799999743700027,-0.24287499487400055,0.3179999887943268,0.0021069899667054415,0.00010848999954760075,0.0001484600070398301,0.00041112001053988934,0.1940000057220459,0.04899999871850014,0.24300000071525574,0.06949999928474426,0.007000000216066837,0.0017500000540167093,0.026750000193715096,0.5802357196807861,-0.051245249807834625,-0.22253049910068512,0.02339283749461174,-0.05758176
310,423,-0.2563531020300504,-0.688206268093622,-0.1373531020300504,-0.16020626809362193,0.21102588223666524,0.12120659139643705,0.6349232196807861,0.020983679220080376,-1.0,0.8860465288162231,0.3084745705127716,0.13175000250339508,-0.09849999845027924,-0.24662500619888306,0.31812500953674316,0.001918560010381043,0.00010848999954760075,0.00010278000263497233,0.00041683000745251775,0.17749999463558197,0.045499999076128006,0.22300000488758087,0.0729999989271164,0.0062500000931322575,0.0010000000474974513,0.027249999344348907,-0.16978414356708527,-0.38977929949760437,0.9408571124076843,-0.7589548826217651,-0.010696401
311,424,-0.2281192600128195,-0.6980811802683089,-0.10911926001281952,-0.17008118026830887,0.2020757798134311,0.13255497709579017,0.5666207075119019,0.03693852946162224,-1.0,0.8860465288162231,0.3084745705127716,0.13375000655651093,-0.10300000011920929,-0.2345000058412552,0.3109999895095825,0.0016787400236353278,7.994000043254346e-05,0.0011991000501438975,0.00017701000615488738,0.15399999916553497,0.12049999833106995,0.2745000123977661,0.06674999743700027,0.000750000006519258,0.012000000104308128,0.013249999843537807,0.06985592842102051,0.8691551089286804,-0.9341471791267395,0.5513832569122314,-0.0044009234
312,425,-0.21603592823163684,-0.7032228689798448,-0.09703592823163684,-0.17522286897984474,0.20029734192271054,0.13493347237544287,0.6322807669639587,0.020201388746500015,-1.0,0.8860465288162231,0.3084745705127716,0.1340000033378601,-0.10037499666213989,-0.24662500619888306,0.3166249990463257,0.0017072900664061308,0.0004739300056826323,0.00010848999954760075,0.0003197600017301738,0.19099999964237213,0.03750000149011612,0.22849999368190765,0.06700000166893005,0.02800000086426735,0.0012499999720603228,0.02250000089406967,-0.36681804060935974,-0.17532159388065338,-0.10168581455945969,-0.8571184873580933,-0.023109537
313,426,-0.20716768375235367,-0.7058578827419276,-0.08816768375235368,-0.1778578827419276,0.1985118810340991,0.13736429284893234,0.660381555557251,0.011486662551760674,-1.0,0.8860465288162231,0.3084745705127716,0.1341249942779541,-0.10037499666213989,-0.24799999594688416,0.3113749921321869,0.001513150054961443,0.0003368900215718895,9.13600015337579e-05,6.851999933132902e-05,0.16200000047683716,0.014000000432133675,0.17599999904632568,0.06174999848008156,0.0215000007301569,0.0002500000118743628,0.0010000000474974513,0.49501386284828186,-0.5664641857147217,-0.45369860529899597,-0.7543876767158508,-0.031185871
314,427,-0.23341000829882505,-0.7013274268769143,-0.11441000829882506,-0.17332742687691427,0.20768256283739683,0.12532741722406024,0.6810053586959839,0.007020537741482258,-1.0,0.8860465288162231,0.3084745705127716,0.14087499678134918,-0.10625000298023224,-0.2565000057220459,0.29737499356269836,0.0012390700867399573,0.00017701000615488738,9.707000572234392e-05,6.28100024187006e-05,0.12399999797344208,0.014000000432133675,0.1379999965429306,0.054999999701976776,0.012249999679625034,0.0002500000118743628,0.000750000006519258,-0.9438620805740356,-0.9079501032829285,0.8030140399932861,-0.6494307518005371,-0.05946331
315,428,-0.24833379564334532,-0.6948235816191453,-0.12933379564334532,-0.16682358161914523,0.21108609163029718,0.12113363560803819,0.6199766993522644,0.01469927653670311,-1.0,0.8860465288162231,0.3084745705127716,0.14900000393390656,-0.11874999850988388,-0.24262499809265137,0.2840000092983246,0.0003939900198020041,8.565000462112948e-05,0.00019414001144468784,7.994000043254346e-05,0.041999999433755875,0.024000000208616257,0.06599999964237213,0.025750000029802322,0.0032500000670552254,0.0024999999441206455,0.0032500000670552254,-0.36747628450393677,-0.4513595998287201,-0.29949215054512024,0.552564263343811,-0.023151007
316,429,-0.257855505562499,-0.6918330271061006,-0.13885550556249898,-0.1638330271061006,0.2147605927440262,0.11676336338515587,0.5852702260017395,0.025722743943333626,-1.0,0.8860465288162231,0.3084745705127716,0.15012499690055847,-0.1262499988079071,-0.2473749965429306,0.28850001096725464,0.0002512400096748024,7.423000351991504e-05,0.00010278000263497233,0.00019414001144468784,0.02850000001490116,0.026000000536441803,0.054499998688697815,0.01850000023841858,0.001500000013038516,0.0010000000474974513,0.014750000089406967,-0.5407164692878723,-0.2687644958496094,-0.004135184455662966,0.43367844820022583,-0.03406514
317,430,-0.2559952002456327,-0.6921216084502403,-0.13699520024563272,-0.16412160845024026,0.21378397332502497,0.11790928359791354,0.5631267428398132,0.030791480094194412,-1.0,0.8860465288162231,0.3084745705127716,0.15012499690055847,-0.13050000369548798,-0.2475000023841858,0.2928749918937683,0.0001541700039524585,0.0,0.00010848999954760075,0.00034260001848451793,0.013500000350177288,0.039500001817941666,0.05299999937415123,0.010999999940395355,0.0,0.0012499999720603228,0.02225000038743019,0.19255076348781586,0.05707675218582153,0.2980412244796753,0.3836022615432739,-0.03170763
318,431,-0.2418937262474357,-0.696090321919268,-0.12289372624743569,-0.16809032191926798,0.20822397622248692,0.12465071135311667,0.5674530267715454,0.03030235879123211,-1.0,0.8860465288162231,0.3084745705127716,0.1498750001192093,-0.1287499964237213,-0.24500000476837158,0.29512500762939453,0.0001884299999801442,9.13600015337579e-05,0.0006052600219845772,0.0005767100374214351,0.02449999935925007,0.10350000113248825,0.12800000607967377,0.014000000432133675,0.004000000189989805,0.007249999791383743,0.03200000151991844,-0.8543664216995239,0.9693601131439209,0.49284979701042175,-0.818721354007721,-0.05382508
319,432,-0.23971943079253177,-0.6947286718871915,-0.12071943079253178,-0.16672867188719143,0.20584370527208162,0.1276533294839697,0.6002471446990967,0.02357572503387928,-1.0,0.8860465288162231,0.3084745705127716,0.14399999380111694,-0.11474999785423279,-0.2358749955892563,0.29212498664855957,0.0001827200030675158,0.0001827200030675158,0.0006338100065477192,0.00010278000263497233,0.03200000151991844,0.06449999660253525,0.09650000184774399,0.014000000432133675,0.012249999679625034,0.007249999791383743,0.007499999832361937,0.7222926616668701,0.826078474521637,0.7761053442955017,0.7913269400596619,-0.045504436
320,433,-0.25189086317722964,-0.6896676175510692,-0.13289086317722965,-0.16166761755106918,0.20927589464777815,0.12334635993711116,0.6053036451339722,0.02588360756635666,-1.0,0.8860465288162231,0.3084745705127716,0.13987499475479126,-0.10700000077486038,-0.22462500631809235,0.29249998927116394,0.0005424499977380037,0.00044538002111949027,0.0013761100126430392,0.0007023300277069211,0.08649999648332596,0.18199999630451202,0.2685000002384186,0.032249998301267624,0.027499999850988388,0.013749999925494194,0.036249998956918716,0.5265722274780273,-0.36716556549072266,0.8844590187072754,0.2608223557472229,-0.03317405
321,434,-0.2491993447457101,-0.6901702443970745,-0.1301993447457101,-0.1621702443970745,0.20796888599023447,0.1249690890447652,0.5769979953765869,0.03446166589856148,-1.0,0.8860465288162231,0.3084745705127716,0.1393750011920929,-0.10649999976158142,-0.21262499690055847,0.2918750047683716,0.0007537199999205768,0.0001827200030675158,0.0025466601364314556,0.0013075900496914983,0.0820000022649765,0.3375000059604645,0.4194999933242798,0.04050000011920929,0.012749999761581421,0.022749999538064003,0.04724999889731407,0.9460586309432983,-0.3617717921733856,-0.6619338989257812,-0.09584786742925644,-0.059601694
322,435,-0.25893886186499604,-0.6871394784953827,-0.13993886186499604,-0.15913947849538268,0.21191568765868377,0.12013287266243432,0.5832573175430298,0.03360975533723831,-1.0,0.8860465288162231,0.3084745705127716,0.13950000703334808,-0.10737500339746475,-0.2160000056028366,0.2919999957084656,0.0011819700011983514,7.423000351991504e-05,0.00034831001539714634,0.0011248700320720673,0.10999999940395355,0.1289999932050705,0.23899999260902405,0.05324999988079071,0.0010000000474974513,0.004749999847263098,0.04349999874830246,0.4999244809150696,-0.8753016591072083,0.5264124870300293,0.7207736968994141,-0.031495243
323,436,-0.25908431953508526,-0.6873647427582438,-0.14008431953508527,-0.15936474275824375,0.2121809082222269,0.11981467772628028,0.5606073141098022,0.03874664753675461,-1.0,0.8860465288162231,0.3084745705127716,0.13950000703334808,-0.12312500178813934,-0.21412500739097595,0.2919999957084656,0.0013704000739380717,-8.565000462112948e-05,0.002226900076493621,0.001918560010381043,0.1274999976158142,0.3630000054836273,0.49050000309944153,0.05999999865889549,-0.0002500000118743628,0.020500000566244125,0.07050000131130219,-0.5654712915420532,-0.11176027357578278,0.1462428718805313,0.7487632036209106,-0.093858905
324,437,-0.25648966140860546,-0.6886977420468395,-0.13748966140860547,-0.1606977420468395,0.2114879932601507,0.12064777454797702,0.5602689981460571,0.03836484253406525,-1.0,0.8860465288162231,0.3084745705127716,0.13950000703334808,-0.125,-0.21412500739097595,0.2919999957084656,0.0010449300752952695,-8.565000462112948e-05,0.0026265999767929316,0.0025809200014919043,0.0989999994635582,0.4560000002384186,0.5550000071525574,0.05225000157952309,-0.0005000000237487257,0.023749999701976776,0.08449999988079071,0.286171555519104,0.5735217332839966,-0.8594833612442017,-0.12981387972831726,-0.09099575
325,438,-0.26199544359377464,-0.6885525177821094,-0.14299544359377464,-0.16055251778210933,0.21499955315012845,0.1164846782839693,0.5663031339645386,0.03610552102327347,-1.0,0.8860465288162231,0.3084745705127716,0.13950000703334808,-0.11625000089406967,-0.21437500417232513,0.2919999957084656,0.0012162299826741219,8.565000462112948e-05,0.00042254000436514616,0.0017586800968274474,0.11400000005960464,0.19099999964237213,0.3050000071525574,0.0560000017285347,0.0035000001080334187,0.005499999970197678,0.06575000286102295,-0.7630173563957214,-0.9197297096252441,-0.9939926266670227,-0.5807945132255554,-0.048070095
326,439,-0.2599861774437494,-0.6892053974839462,-0.14098617744374942,-0.16120539748394613,0.21415947891269596,0.11746735789675006,0.5534989833831787,0.03635166585445404,-1.0,0.8860465288162231,0.3084745705127716,0.1457500010728836,-0.1316249966621399,-0.23149999976158142,0.2957499921321869,0.0005824200343340635,3.997000021627173e-05,0.00019414001144468784,0.0006852000369690359,0.054499998688697815,0.07699999958276749,0.1315000057220459,0.032999999821186066,0.0,0.0024999999441206455,0.0364999994635582,-0.22266627848148346,0.47231268882751465,0.9628230333328247,0.051456667482852936,-0.0140279755
327,440,-0.25321461193877914,-0.6916912322141819,-0.13421461193877915,-0.16369123221418191,0.2116799035375685,0.12041646109727916,0.5581716895103455,0.03524509072303772,-1.0,0.8860465288162231,0.3084745705127716,0.14512500166893005,-0.1237500011920929,-0.22212499380111694,0.2953749895095825,0.0005196100100874901,8.565000462112948e-05,0.0021640900522470474,0.0007537199999205768,0.05299999937415123,0.2554999887943268,0.3084999918937683,0.03125,0.0017500000540167093,0.019750000908970833,0.039000000804662704,0.8230488896369934,0.4280453622341156,-0.910621702671051,-0.7191475629806519,-0.046090737
328,441,-0.26290181453399825,-0.6878285301638188,-0.14390181453399825,-0.15982853016381882,0.21506485366164313,0.11640863802325531,0.5739195346832275,0.031031809747219086,-1.0,0.8860465288162231,0.3084745705127716,0.1459999978542328,-0.11824999749660492,-0.2306250035762787,0.29475000500679016,0.0008736300515010953,0.00010848999954760075,0.00021127000218257308,0.00017130000924225897,0.0860000029206276,0.03350000083446503,0.11949999630451202,0.0430000014603138,0.006750000175088644,0.002749999985098839,0.013500000350177288,0.021616637706756592,-0.7751430869102478,0.6466658115386963,0.07601932436227798,-0.0012105317
329,442,-0.2423861416746589,-0.6948848098462252,-0.12338614167465892,-0.16688480984622522,0.2075444042000886,0.1255006875422646,0.5513911247253418,0.0375787615776062,-1.0,0.8860465288162231,0.3084745705127716,0.1457500010728836,-0.12925000488758087,-0.22487500309944153,0.2933749854564667,0.0008907600422389805,-7.994000043254346e-05,0.0015759600792080164,0.00025695000658743083,0.08500000089406967,0.16050000488758087,0.24549999833106995,0.04374999925494194,-0.0002500000118743628,0.015250000171363354,0.01899999938905239,-0.08876258134841919,0.8063969612121582,-0.554943323135376,-0.5543007850646973,-0.0049707047
330,443,-0.23475079267809337,-0.6989998178807462,-0.11575079267809338,-0.17099981788074614,0.2064925754618197,0.12682770658994166,0.5991020202636719,0.025618966668844223,-1.0,0.8860465288162231,0.3084745705127716,0.14624999463558197,-0.11812499910593033,-0.22862499952316284,0.2893750071525574,0.0008279500179924071,0.0001256200048374012,0.00017130000924225897,9.707000572234392e-05,0.08349999785423279,0.023499999195337296,0.10700000077486038,0.04149999842047691,0.007499999832361937,0.0020000000949949026,0.0062500000931322575,-0.023953892290592194,-0.061655182391405106,-0.5509747266769409,0.6735177636146545,-0.001341418
331,444,-0.2549603422325687,-0.6946911456331057,-0.1359603422325687,-0.16669114563310572,0.2151073050653428,0.1163592314100291,0.6168586015701294,0.01864437572658062,-1.0,0.8860465288162231,0.3084745705127716,0.14775000512599945,-0.11824999749660492,-0.23849999904632568,0.29512500762939453,0.0007194600184448063,0.00010278000263497233,0.00011991000064881518,0.00029121001716703176,0.07199999690055847,0.035999998450279236,0.1080000028014183,0.03824999928474426,0.005499999970197678,0.0012499999720603228,0.019999999552965164,0.8039254546165466,-0.8911028504371643,-0.8657305240631104,0.42099589109420776,-0.045019828
332,445,-0.26349863454261957,-0.6910667609875912,-0.14449863454261958,-0.1630667609875912,0.21787754341295876,0.11318004223178614,0.5698596835136414,0.02594721131026745,-1.0,0.8860465288162231,0.3084745705127716,0.15912500023841858,-0.132874995470047,-0.2549999952316284,0.30250000953674316,0.00047964000259526074,7.423000351991504e-05,0.0001598800008650869,0.0003026300109922886,0.048500001430511475,0.04050000011920929,0.08900000154972076,0.028750000521540642,0.001500000013038516,0.0020000000949949026,0.020999999716877937,0.6066982746124268,-0.6880296468734741,0.8658690452575684,0.9365389347076416,-0.033975106
333,446,-0.26215614518251806,-0.6931520452079645,-0.14315614518251807,-0.16515204520796445,0.21856092958232887,0.112409222314917,0.550003170967102,0.032090235501527786,-1.0,0.8860465288162231,0.3084745705127716,0.1587499976158142,-0.14474999904632568,-0.24574999511241913,0.30375000834465027,0.00074230000609532,-7.994000043254346e-05,0.0016273499932140112,0.0012562000192701817,0.07199999690055847,0.2524999976158142,0.3244999945163727,0.039500001817941666,-0.0005000000237487257,0.01575000025331974,0.05350000038743019,-0.3071911334991455,-0.9762206077575684,-0.7407228946685791,-0.45085975527763367,-0.017202703
334,447,-0.26401897563956334,-0.6920065412508076,-0.14501897563956334,-0.1640065412508076,0.21892612650983692,0.1119994559712527,0.553125262260437,0.02855585515499115,-1.0,0.8860465288162231,0.3084745705127716,0.15912500023841858,-0.16324999928474426,-0.2527500092983246,0.3043749928474426,0.0006109700188972056,6.851999933132902e-05,0.00017130000924225897,0.0006623599911108613,0.05950000137090683,0.0729999989271164,0.13249999284744263,0.03375000134110451,0.0,0.0020000000949949026,0.03550000116229057,-0.232070654630661,0.8016221523284912,0.23916877806186676,-0.47242608666419983,-0.012995957
335,448,-0.2634130160860666,-0.6928908800997999,-0.1444130160860666,-0.1648908800997999,0.21918969308605987,0.11170465151342962,0.5487930774688721,0.030497387051582336,-1.0,0.8860465288162231,0.3084745705127716,0.15912500023841858,-0.14812499284744263,-0.25174999237060547,0.3043749928474426,0.0005081900162622333,0.0,0.0008165300241671503,0.0002512400096748024,0.04450000077486038,0.09350000321865082,0.1379999965429306,0.029999999329447746,-0.0002500000118743628,0.008750000037252903,0.017999999225139618,0.6666975021362305,-0.7587987184524536,-0.25649866461753845,0.37665435671806335,-0.15425767
336,449,-0.2657069053413819,-0.6911602884561854,-0.14670690534138192,-0.16316028845618535,0.21941785662053764,0.11145007277073095,0.5502023100852966,0.02899850904941559,-1.0,0.8860465288162231,0.3084745705127716,0.15912500023841858,-0.1443749964237213,-0.25312501192092896,0.3043749928474426,0.0008736300515010953,0.0,0.00017130000924225897,0.0005767100374214351,0.07649999856948853,0.06549999862909317,0.1420000046491623,0.042750000953674316,-0.0002500000118743628,0.0020000000949949026,0.03200000151991844,-0.6745947003364563,-0.9046348333358765,0.7710745334625244,0.3439185321331024,-0.17222236
337,450,-0.26316411398323675,-0.6931020619961745,-0.14416411398323675,-0.1651020619961745,0.2191848138807986,0.11171010194563112,0.5448676347732544,0.031931713223457336,-1.0,0.8860465288162231,0.3084745705127716,0.1587499976158142,-0.14100000262260437,-0.24562500417232513,0.30399999022483826,0.0005139000131748617,7.994000043254346e-05,0.0016559000359848142,0.0009764100541360676,0.052000001072883606,0.2304999977350235,0.2824999988079071,0.030750000849366188,0.0005000000237487257,0.01575000025331974,0.045499999076128006,0.07065051048994064,-0.41112834215164185,-0.7680299282073975,-0.13893719017505646,-0.003461875
338,451,-0.2637364054701545,-0.6907282027611313,-0.14473640547015448,-0.1627282027611313,0.21778221929783165,0.11328798154346754,0.5507811307907104,0.028640571981668472,-1.0,0.8860465288162231,0.3084745705127716,0.15925000607967377,-0.14824999868869781,-0.25325000286102295,0.3043749928474426,0.0005196100100874901,0.0,0.00017130000924225897,0.0008165300241671503,0.045499999076128006,0.08649999648332596,0.13199999928474426,0.03099999949336052,-0.0002500000118743628,0.0022499999031424522,0.03974999859929085,-0.7753527760505676,-0.9195123910903931,0.8208366632461548,0.487525075674057,-0.17993224
339,452,-0.26545782313009675,-0.6902073013472384,-0.14645782313009675,-0.16220730134723838,0.21854313662606864,0.11242922501815932,0.5494502186775208,0.032664064317941666,-1.0,0.8860465288162231,0.3084745705127716,0.15674999356269836,-0.1446249932050705,-0.24512499570846558,0.30512499809265137,0.00029121001716703176,7.994000043254346e-05,0.001764390035532415,0.0014046600554138422,0.032499998807907104,0.2775000035762787,0.3100000023841858,0.021250000223517418,0.0,0.016750000417232513,0.05649999901652336,0.4712984263896942,-0.5196831822395325,0.8468064069747925,-0.029715266078710556,-0.07384637
340,453,-0.2641729349501898,-0.6902205237444176,-0.1451729349501898,-0.16222052374441753,0.2176940039733873,0.11338796299694057,0.5454469323158264,0.033546946942806244,-1.0,0.8860465288162231,0.3084745705127716,0.15625,-0.15412500500679016,-0.23899999260902405,0.304874986410141,0.0005253200070001185,-7.994000043254346e-05,0.0024438800755888224,0.0013418500311672688,0.05299999937415123,0.33149999380111694,0.38449999690055847,0.03125,-0.0002500000118743628,0.02174999937415123,0.0560000017285347,-0.637686014175415,0.13753895461559296,-0.6439788937568665,-0.529935896396637,-0.08405288
341,454,-0.2638192912971613,-0.6899890350953385,-0.1448192912971613,-0.16198903509533846,0.21728569815551793,0.11385187910033141,0.5484350323677063,0.0335245355963707,-1.0,0.8860465288162231,0.3084745705127716,0.15449999272823334,-0.15174999833106995,-0.23899999260902405,0.3050000071525574,0.00033117999555543065,8.565000462112948e-05,0.0019128500716760755,0.0006680700462311506,0.0364999994635582,0.22599999606609344,0.26249998807907104,0.022749999538064003,0.0,0.017500000074505806,0.035999998450279236,0.17851151525974274,-0.48384740948677063,0.8389422297477722,0.2506965100765228,-0.059584673
342,455,-0.26431935620460506,-0.690061626013386,-0.14531935620460507,-0.16206162601338603,0.21767334681541395,0.11341138814698146,0.5492574572563171,0.0339168906211853,-1.0,0.8860465288162231,0.3084745705127716,0.15399999916553497,-0.16062499582767487,-0.23512500524520874,0.304874986410141,0.0003997000167146325,-8.565000462112948e-05,0.0029349401593208313,0.0009649900021031499,0.042500000447034836,0.34150001406669617,0.3840000033378601,0.027000000700354576,-0.0002500000118743628,0.025750000029802322,0.045499999076128006,0.917080283164978,-0.9615435600280762,-0.4753107726573944,0.1613084226846695,-0.044936936
343,456,-0.26483757678504416,-0.6888005409706166,-0.14583757678504417,-0.16080054097061658,0.2170838841991192,0.11408188009096355,0.5480945110321045,0.033793855458498,-1.0,0.8860465288162231,0.3084745705127716,0.15412500500679016,-0.17874999344348907,-0.23512500524520874,0.304874986410141,0.0008793400484137237,0.0,0.0007023300277069211,0.0011933899950236082,0.07699999958276749,0.16599999368190765,0.24300000071525574,0.0442500002682209,0.0,0.00800000037997961,0.051500000059604645,0.6510168313980103,0.25640884041786194,0.776268482208252,-0.5476142168045044,-0.031899825
344,457,-0.2639780997957679,-0.6899754295834607,-0.14497809979576792,-0.16197542958346067,0.21738143713099853,0.11374293063910745,0.5468893647193909,0.035931285470724106,-1.0,0.8860465288162231,0.3084745705127716,0.15387499332427979,-0.1743749976158142,-0.23274999856948853,0.30425000190734863,0.0013247199822217226,8.565000462112948e-05,0.0036658199969679117,0.0005481599946506321,0.12349999696016312,0.36899998784065247,0.4925000071525574,0.05700000002980232,0.000750000006519258,0.032249998301267624,0.032249998301267624,0.002904645400121808,-0.25536975264549255,0.8090358972549438,-0.9789374470710754,-0.09630358
345,458,-0.2620541962213189,-0.691305928401784,-0.14305419622131893,-0.16330592840178393,0.2171021172344853,0.11406108139759442,0.5488881468772888,0.03393995016813278,-1.0,0.8860465288162231,0.3084745705127716,0.15424999594688416,-0.17862500250339508,-0.22487500309944153,0.2904999852180481,0.001319010043516755,-7.994000043254346e-05,0.0017758100293576717,0.0003368900215718895,0.12250000238418579,0.1850000023841858,0.3075000047683716,0.05624999850988388,-0.0002500000118743628,0.016750000417232513,0.023250000551342964,0.6275865435600281,-0.741774320602417,-0.7137207984924316,-0.002226870507001877,-0.03075174
346,459,-0.2620058459237757,-0.6925391954265079,-0.1430058459237757,-0.16453919542650786,0.2179995844032213,0.11304200043838604,0.5533623099327087,0.03168486803770065,-1.0,0.8860465288162231,0.3084745705127716,0.1599999964237213,-0.1926250010728836,-0.2316250056028366,0.2904999852180481,0.0013704000739380717,0.0,0.00027407999732531607,0.0003368900215718895,0.11999999731779099,0.05350000038743019,0.17350000143051147,0.05674999952316284,0.0,0.0035000001080334187,0.023250000551342964,0.07374954223632812,-0.5798722505569458,-0.43862754106521606,-0.23165328800678253,-0.097921155
347,460,-0.2658408643189525,-0.6960019267864763,-0.1468408643189525,-0.1680019267864763,0.22312975336764382,0.10738899885447288,0.5534747838973999,0.029594583436846733,-1.0,0.8860465288162231,0.3084745705127716,0.16637499630451202,-0.1888750046491623,-0.2396250069141388,0.2903749942779541,0.0009649900021031499,0.0,0.00023982000129763037,0.00019985000835731626,0.08449999988079071,0.03849999979138374,0.12300000339746475,0.045249998569488525,0.0,0.0032500000670552254,0.014999999664723873,0.6329272985458374,0.29005369544029236,-0.7548746466636658,-0.06652335822582245,-0.031013438
348,461,-0.26542804096294276,-0.6961765038496985,-0.14642804096294276,-0.1681765038496985,0.22298992718809724,0.10753926181782283,0.5445561408996582,0.023725546896457672,-1.0,0.8860465288162231,0.3084745705127716,0.1783750057220459,-0.1835000067949295,-0.2535000145435333,0.2904999852180481,0.0005938400281593204,0.0,0.00022269001055974513,0.00017130000924225897,0.052000001072883606,0.03449999913573265,0.08649999648332596,0.033250000327825546,0.0,0.002749999985098839,0.012500000186264515,0.7541050910949707,0.19670909643173218,0.02835853211581707,0.3384895622730255,-0.044736292
349,462,-0.26591224907810734,-0.695685396975627,-0.14691224907810735,-0.167685396975627,0.22293855944645707,0.10759451649832096,0.5455161929130554,0.02342965453863144,-1.0,0.8860465288162231,0.3084745705127716,0.1783750057220459,-0.179749995470047,-0.2535000145435333,0.2904999852180481,0.0010163800325244665,0.0,0.000308340007904917,0.0003882800228893757,0.08900000154972076,0.061000000685453415,0.15000000596046448,0.04749999940395355,0.0,0.0037499999161809683,0.02500000037252903,-0.7718368768692017,-0.9047248363494873,0.4671347439289093,0.7791140675544739,-0.17795101
350,463,-0.26303833081043604,-0.6962475665045881,-0.14403833081043604,-0.16824756650458805,0.22148201818064686,0.10917314380103627,0.5443901419639587,0.024262038990855217,-1.0,0.8860465288162231,0.3084745705127716,0.1782499998807907,-0.17612500488758087,-0.250124990940094,0.29100000858306885,0.0006509399972856045,7.423000351991504e-05,0.0015074399998411536,0.0012447800254449248,0.06350000202655792,0.2409999966621399,0.304500013589859,0.032999999821186066,0.0002500000118743628,0.014499999582767487,0.05299999937415123,-0.2728913128376007,0.4619766175746918,0.9744492769241333,0.7876891493797302,-0.07451297
351,464,-0.26100164919150876,-0.695991585948127,-0.14200164919150876,-0.16799158594812702,0.21996736422132096,0.11083932573729763,0.5510736703872681,0.02330920845270157,-1.0,0.8860465288162231,0.3084745705127716,0.1770000010728836,-0.16762499511241913,-0.24537500739097595,0.2918750047683716,0.0004739300056826323,7.994000043254346e-05,0.0025580800138413906,0.002466720063239336,0.048500001430511475,0.4399999976158142,0.4884999990463257,0.030500000342726707,0.0005000000237487257,0.023250000551342964,0.0807500034570694,-0.8081871867179871,0.4415426552295685,-0.7359503507614136,-0.3459741175174713,-0.11976739
352,465,-0.26267581959673886,-0.6931959746304801,-0.14367581959673886,-0.16519597463048008,0.21893481032240825,0.11198973057068914,0.5558100938796997,0.023743074387311935,-1.0,0.8860465288162231,0.3084745705127716,0.1746249943971634,-0.15925000607967377,-0.24525000154972076,0.2919999957084656,0.00027407999732531607,7.994000043254346e-05,0.0021355401258915663,0.0016159299993887544,0.03099999949336052,0.32850000262260437,0.359499990940094,0.019999999552965164,0.0002500000118743628,0.019750000908970833,0.06174999848008156,-0.8829968571662903,-0.05334747955203056,0.7648316025733948,-0.9032956957817078,-0.10181172
353,466,-0.2623299338885548,-0.6931302374440576,-0.1433299338885548,-0.16513023744405753,0.2186583299735647,0.11229978859568396,0.5519167184829712,0.02848139964044094,-1.0,0.8860465288162231,0.3084745705127716,0.16500000655651093,-0.15974999964237213,-0.2370000034570694,0.2918750047683716,0.0003368900215718895,-8.565000462112948e-05,0.001735839992761612,0.0004625100118573755,0.03700000047683716,0.19249999523162842,0.22949999570846558,0.02250000089406967,-0.000750000006519258,0.016249999403953552,0.02824999950826168,-0.148370623588562,-0.4405597746372223,0.056256067007780075,-0.08396042883396149,-0.008440288
354,467,-0.2618859772739806,-0.6929699739407515,-0.1428859772739806,-0.16496997394075152,0.21824640845510548,0.11276332964731878,0.5527210831642151,0.02859281748533249,-1.0,0.8860465288162231,0.3084745705127716,0.16500000655651093,-0.16824999451637268,-0.2370000034570694,0.2919999957084656,0.00029121001716703176,0.0,0.001947110053151846,0.0003939900198020041,0.025499999523162842,0.20499999821186066,0.2304999977350235,0.019750000908970833,-0.0002500000118743628,0.017750000581145287,0.02500000037252903,-0.4135672450065613,-0.4810444414615631,-0.30657270550727844,0.6371248960494995,-0.10256913
355,468,-0.26076353203445085,-0.693207343883899,-0.14176353203445086,-0.16520734388389902,0.21769328305681745,0.11338878043250056,0.5537535548210144,0.028864450752735138,-1.0,0.8860465288162231,0.3084745705127716,0.1627500057220459,-0.16462500393390656,-0.2370000034570694,0.2919999957084656,0.00021127000218257308,7.423000351991504e-05,0.0005196100100874901,0.001119159976951778,0.02500000037252903,0.14350000023841858,0.16850000619888306,0.01549999974668026,0.0,0.006500000134110451,0.04874999821186066,-0.3661600947380066,-0.34084928035736084,-0.5321090221405029,0.18487238883972168,-0.015378724
356,469,-0.26119500991959566,-0.6940526950596142,-0.14219500991959566,-0.16605269505961417,0.21861591520883178,0.11234743038967558,0.5563638806343079,0.028462128713726997,-1.0,0.8860465288162231,0.3084745705127716,0.16112500429153442,-0.17100000381469727,-0.24500000476837158,0.2983750104904175,0.00014275001012720168,0.0,0.00019985000835731626,0.0008964700391516089,0.012500000186264515,0.09600000083446503,0.10849999636411667,0.010999999940395355,0.0,0.002749999985098839,0.042750000953674316,-0.08430270105600357,-0.6661959290504456,-0.6375586986541748,0.1667207032442093,-0.10819237
357,470,-0.2682079545829966,-0.6918764400563714,-0.14920795458299663,-0.16387644005637136,0.22162694176564152,0.10901504075915833,0.5553604364395142,0.027029329910874367,-1.0,0.8860465288162231,0.3084745705127716,0.1613750010728836,-0.16712500154972076,-0.2565000057220459,0.3073750138282776,0.0001256200048374012,0.0,0.00016558999777771533,0.0005367400008253753,0.010999999940395355,0.061500001698732376,0.07249999791383743,0.008750000037252903,-0.0002500000118743628,0.0020000000949949026,0.03099999949336052,0.8895391821861267,-0.6224687099456787,-0.5122448801994324,0.8769271373748779,-0.14352903
358,471,-0.27112033797563945,-0.692007413765927,-0.15212033797563945,-0.16400741376592698,0.22369405221420338,0.10678471057205356,0.5390512943267822,0.030717898160219193,-1.0,0.8860465288162231,0.3084745705127716,0.16187499463558197,-0.16349999606609344,-0.26625001430511475,0.31949999928474426,0.00042825000127777457,7.423000351991504e-05,0.00019414001144468784,0.0007936900365166366,0.04399999976158142,0.08649999648332596,0.13050000369548798,0.027000000700354576,0.0,0.0024999999441206455,0.039500001817941666,0.6153194904327393,0.15072165429592133,0.4727945625782013,-0.05232170596718788,-0.025843421
359,472,-0.271211889486498,-0.6916673773824993,-0.152211889486498,-0.16366737738249926,0.22350720283766093,0.10698442366122676,0.532278299331665,0.030495908111333847,-1.0,0.8860465288162231,0.3084745705127716,0.1616249978542328,-0.16075000166893005,-0.2627499997615814,0.31937500834465027,0.0008108200272545218,1.1420000191719737e-05,0.0013075900496914983,0.0007308800122700632,0.07199999690055847,0.1784999966621399,0.25049999356269836,0.04075000062584877,0.0,0.013000000268220901,0.03799999877810478,0.9112727046012878,0.689782977104187,0.43018004298210144,0.8895833492279053,-0.09930315
360,473,-0.2702469504127225,-0.6911847291006825,-0.15124695041272251,-0.1631847291006825,0.2224969568798901,0.10807070730621685,0.5320653915405273,0.031072242185473442,-1.0,0.8860465288162231,0.3084745705127716,0.1616249978542328,-0.14787499606609344,-0.25824999809265137,0.3191249966621399,0.0014389200368896127,2.2840000383439474e-05,0.0021983501501381397,0.0012676200130954385,0.12800000607967377,0.3034999966621399,0.43149998784065247,0.060499999672174454,0.0,0.019999999552965164,0.054999999701976776,0.5542497634887695,-0.8681510090827942,0.6849352717399597,-0.009127803146839142,-0.20194273
361,474,-0.27049634476557494,-0.6913233126562739,-0.15149634476557494,-0.16332331265627387,0.2227681461393189,0.10777802819194722,0.534309446811676,0.03189028799533844,-1.0,0.8860465288162231,0.3084745705127716,0.1613750010728836,-0.14412499964237213,-0.2549999952316284,0.3190000057220459,0.0019014300778508186,8.565000462112948e-05,0.0027864801231771708,0.0012562000192701817,0.17399999499320984,0.3540000021457672,0.527999997138977,0.0729999989271164,0.0,0.02474999986588955,0.054999999701976776,0.9965201616287231,-0.9798640012741089,0.6893585920333862,0.7183622121810913,-0.1641635
362,475,-0.2700085848478,-0.6903731299375666,-0.1510085848478,-0.16237312993756658,0.2217399964450642,0.10889186379608568,0.5337294340133667,0.03165540099143982,-1.0,0.8860465288162231,0.3084745705127716,0.16124999523162842,-0.16187499463558197,-0.2524999976158142,0.3188750147819519,0.001918560010381043,-8.565000462112948e-05,0.0034659700468182564,0.0022897101007401943,0.17550000548362732,0.5040000081062317,0.6794999837875366,0.07575000077486038,-0.0010000000474974513,0.028999999165534973,0.0820000022649765,0.7989096641540527,0.8255271911621094,0.9366096258163452,0.8528598546981812,-0.3200543
363,476,-0.2698981117224811,-0.6910472005390479,-0.15089811172248113,-0.16304720053904787,0.22215901900447546,0.10843653694873992,0.5348637700080872,0.03326588124036789,-1.0,0.8860465288162231,0.3084745705127716,0.16124999523162842,-0.15912500023841858,-0.2524999976158142,0.3188750147819519,0.002061309991404414,8.565000462112948e-05,0.0034374201204627752,0.002129829954355955,0.18799999356269836,0.48750001192092896,0.6754999756813049,0.07874999940395355,0.000750000006519258,0.029249999672174454,0.07925000041723251,0.5090494155883789,0.46748536825180054,-0.11889075487852097,-0.8279006481170654,-0.17510663
364,477,-0.26943068270874426,-0.6914775870122648,-0.15043068270874427,-0.16347758701226478,0.22215830336850229,0.10843731296238313,0.5351206660270691,0.0321233905851841,-1.0,0.8860465288162231,0.3084745705127716,0.16124999523162842,-0.15737499296665192,-0.2524999976158142,0.3188750147819519,0.0022668701130896807,8.565000462112948e-05,0.0033860302064567804,0.0018272000597789884,0.20600000023841858,0.45649999380111694,0.6625000238418579,0.08375000208616257,0.0012499999720603228,0.028750000521540642,0.07199999690055847,0.8702442646026611,0.3782922625541687,0.6283761262893677,-0.5911926031112671,-0.16460189
365,478,-0.2681088849228107,-0.6911038625187437,-0.1491088849228107,-0.16310386251874365,0.22098943307646463,0.10971224111163745,0.5362077355384827,0.03139391914010048,-1.0,0.8860465288162231,0.3084745705127716,0.16124999523162842,-0.15000000596046448,-0.2524999976158142,0.3188750147819519,0.002689410001039505,7.994000043254346e-05,0.003043430158868432,0.001022089971229434,0.24250000715255737,0.35600000619888306,0.5985000133514404,0.09175000339746475,0.0005000000237487257,0.025499999523162842,0.05000000074505806,0.905754566192627,0.47553691267967224,-0.9374123215675354,-0.16760596632957458,-0.2058167
366,479,-0.2691055477253537,-0.69132082687774,-0.15010554772535373,-0.16332082687773997,0.22182283009184864,0.10880170204154178,0.5392816662788391,0.03202735260128975,-1.0,0.8860465288162231,0.3084745705127716,0.16124999523162842,-0.14174999296665192,-0.2524999976158142,0.3188750147819519,0.002244030125439167,9.13600015337579e-05,0.002689410001039505,0.0008450800087302923,0.2045000046491623,0.3095000088214874,0.5139999985694885,0.08100000023841858,0.0017500000540167093,0.022749999538064003,0.04374999925494194,0.9794256091117859,-0.3112267553806305,0.36980390548706055,-0.2568650245666504,-0.19279982
367,480,-0.26512658311738946,-0.6948805247480987,-0.14612658311738946,-0.16688052474809867,0.22181543641902857,0.1088097467808106,0.5369638204574585,0.03165961429476738,-1.0,0.8860465288162231,0.3084745705127716,0.16124999523162842,-0.14650000631809235,-0.25337499380111694,0.3188750147819519,0.002689410001039505,0.0,0.0004510900180321187,0.0005881300312466919,0.23549999296665192,0.09099999815225601,0.3264999985694885,0.09000000357627869,-0.0002500000118743628,0.005750000011175871,0.03424999862909317,0.18397170305252075,-0.4227966368198395,-0.4391428530216217,0.9332599639892578,-0.13161221
368,481,-0.25960944472357694,-0.6956318627035895,-0.14060944472357695,-0.16763186270358943,0.21879546919200063,0.11214588709707528,0.5462172627449036,0.025626229122281075,-1.0,0.8860465288162231,0.3084745705127716,0.16449999809265137,-0.14425000548362732,-0.2605000138282776,0.3191249966621399,0.0018614600412547588,8.565000462112948e-05,0.00028550002025440335,0.0018043600721284747,0.1704999953508377,0.18299999833106995,0.35350000858306885,0.07275000214576721,0.002749999985098839,0.0037499999161809683,0.06849999725818634,0.8298826217651367,0.7248039245605469,0.43480291962623596,-0.22860488295555115,-0.07327731
369,482,-0.25177579749298873,-0.6985039453556126,-0.13277579749298873,-0.17050394535561253,0.21610415956600385,0.11520506143013373,0.5590478181838989,0.024352775886654854,-1.0,0.8860465288162231,0.3084745705127716,0.16437500715255737,-0.1354999989271164,-0.2591249942779541,0.3191249966621399,0.0022326100151985884,0.00017130000924225897,0.0017986500170081854,0.001358980080112815,0.21050000190734863,0.27649998664855957,0.4869999885559082,0.08100000023841858,0.012249999679625034,0.017249999567866325,0.05999999865889549,0.9342504143714905,0.5805906653404236,0.021631134673953056,0.5461255311965942,-0.0864151
370,483,-0.26303534298183745,-0.6941696560414703,-0.14403534298183746,-0.16616965604147027,0.21990574029987506,0.11090765032630447,0.5772655606269836,0.019484838470816612,-1.0,0.8860465288162231,0.3084745705127716,0.16437500715255737,-0.13237500190734863,-0.2591249942779541,0.3191249966621399,0.0024552999529987574,0.0004625100118573755,0.0018386200536042452,0.00215838011354208,0.2554999887943268,0.3499999940395355,0.6054999828338623,0.08900000154972076,0.02775000035762787,0.017999999225139618,0.08025000244379044,-0.3636166751384735,-0.702886700630188,0.985444962978363,0.23899215459823608,-0.11175239
371,484,-0.26249549922866533,-0.693952372047483,-0.14349549922866534,-0.16595237204748292,0.21938812202822214,0.1114832169228997,0.551080584526062,0.026831092312932014,-1.0,0.8860465288162231,0.3084745705127716,0.164124995470047,-0.13300000131130219,-0.2529999911785126,0.3187499940395355,0.002438170136883855,9.13600015337579e-05,0.0027807701844722033,0.002323969965800643,0.2214999943971634,0.44699999690055847,0.6685000061988831,0.08874999731779099,0.002749999985098839,0.02525000087916851,0.08500000089406967,0.8865377306938171,0.3611273169517517,0.7189897298812866,0.06728511303663254,-0.23709883
372,485,-0.2629697725671788,-0.6941137122227551,-0.1439697725671788,-0.16611371222275506,0.21982051951869613,0.11100220697753543,0.5523360371589661,0.02719936892390251,-1.0,0.8860465288162231,0.3084745705127716,0.164124995470047,-0.132874995470047,-0.2524999976158142,0.3187499940395355,0.0023468099534511566,0.00022269001055974513,0.003728630021214485,0.00159880006685853,0.22499999403953552,0.46650001406669617,0.6915000081062317,0.08649999648332596,0.01600000075995922,0.03375000134110451,0.06624999642372131,0.08910800516605377,-0.9244837164878845,0.8056504726409912,0.11865226924419403,-0.22363393
373,486,-0.2542771208364302,-0.6961731856404542,-0.13527712083643023,-0.16817318564045414,0.21582891323975292,0.11552259592992642,0.5512331128120422,0.026925912126898766,-1.0,0.8860465288162231,0.3084745705127716,0.164124995470047,-0.13300000131130219,-0.2523750066757202,0.3187499940395355,0.001947110053151846,0.00011420000373618677,0.003682950045913458,0.0017986500170081854,0.18050000071525574,0.47999998927116394,0.6604999899864197,0.07699999958276749,0.00800000037997961,0.033250000327825546,0.07050000131130219,-0.7414745688438416,0.8787498474121094,-0.9474679231643677,0.9789328575134277,-0.21071391
374,487,-0.25411571827996376,-0.697258834179499,-0.13511571827996377,-0.16925883417949894,0.21657518388336566,0.11466369356403029,0.571448564529419,0.023435277864336967,-1.0,0.8860465288162231,0.3084745705127716,0.16387499868869781,-0.12974999845027924,-0.2524999976158142,0.3187499940395355,0.001387530006468296,0.0005824200343340635,0.0035230701323598623,0.0026665700133889914,0.17249999940395355,0.5419999957084656,0.7145000100135803,0.06350000202655792,0.03424999862909317,0.033250000327825546,0.09000000357627869,0.9846334457397461,-0.09263600409030914,-0.9806091785430908,0.18789982795715332,-0.21001235
375,488,-0.2537054116483277,-0.6967811450769197,-0.13470541164832772,-0.16878114507691966,0.2159458794717362,0.11538755249538257,0.5718238949775696,0.021595196798443794,-1.0,0.8860465288162231,0.3084745705127716,0.16387499868869781,-0.12974999845027924,-0.2523750066757202,0.3187499940395355,0.0015759600792080164,0.0005024800193496048,0.0035002301447093487,0.0025009801611304283,0.18199999630451202,0.5254999995231628,0.7074999809265137,0.06800000369548798,0.03099999949336052,0.032749999314546585,0.0872500017285347,0.9361972808837891,-0.8745899200439453,-0.9893440008163452,-0.5619782209396362,-0.30324906
376,489,-0.24999588057109084,-0.6984165120197916,-0.13099588057109085,-0.17041651201979158,0.21494582642048965,0.11654727850716208,0.5727781057357788,0.022404838353395462,-1.0,0.8860465288162231,0.3084745705127716,0.16387499868869781,-0.12974999845027924,-0.2523750066757202,0.3187499940395355,0.0016901600174605846,0.0003825699968729168,0.0035116500221192837,0.0023753601126372814,0.18150000274181366,0.515500009059906,0.6970000267028809,0.07100000232458115,0.02525000087916851,0.032499998807907104,0.08449999988079071,0.2714870572090149,0.6417382955551147,0.6605749130249023,-0.6988312602043152,-0.15384708
377,490,-0.2503850386284237,-0.6969687940350591,-0.1313850386284237,-0.16896879403505904,0.21403850525794324,0.11760954844194796,0.5814049243927002,0.019633030518889427,-1.0,0.8860465288162231,0.3084745705127716,0.16374999284744263,-0.12800000607967377,-0.2523750066757202,0.3187499940395355,0.0017701000906527042,0.0008736300515010953,0.003420290071517229,0.0021926399786025286,0.23149999976158142,0.49149999022483826,0.7229999899864197,0.07199999690055847,0.04574999958276749,0.032249998301267624,0.08174999803304672,0.5489145517349243,-0.6169537305831909,-0.44675523042678833,-0.7671970725059509,-0.15001635
378,491,-0.24554175635819975,-0.6983257419619353,-0.12654175635819975,-0.17032574196193528,0.2121878282963039,0.1198063867487007,0.5804998874664307,0.022086789831519127,-1.0,0.8860465288162231,0.3084745705127716,0.16374999284744263,-0.12800000607967377,-0.2523750066757202,0.3187499940395355,0.002049890113994479,0.0007537199999205768,0.003209020011126995,0.001119159976951778,0.24549999833106995,0.3790000081062317,0.6244999766349792,0.07774999737739563,0.04024999961256981,0.029999999329447746,0.05299999937415123,0.31708744168281555,0.9335448145866394,0.5180482268333435,0.8878788948059082,-0.088374384
379,492,-0.24486818119960518,-0.699232962867457,-0.1258681811996052,-0.17123296286745693,0.21251712074763418,0.11941252219994035,0.5917633771896362,0.019786877557635307,-1.0,0.8860465288162231,0.3084745705127716,0.16362500190734863,-0.12575000524520874,-0.25224998593330383,0.3188750147819519,0.0019870800897479057,0.001764390035532415,0.002757929963991046,0.0023867799900472164,0.32850000262260437,0.4505000114440918,0.7789999842643738,0.07874999940395355,0.07074999809265137,0.027000000700354576,0.0860000029206276,0.8267914056777954,0.24986210465431213,-0.8367722630500793,-0.5567134618759155,-0.18309581
380,493,-0.2452412739525633,-0.6989442765304426,-0.1262412739525633,-0.17094427653044253,0.21250601150951598,0.11942578875826765,0.5933297872543335,0.018249215558171272,-1.0,0.8860465288162231,0.3084745705127716,0.16362500190734863,-0.12575000524520874,-0.2523750066757202,0.3187499940395355,0.0021127001382410526,0.0018957200227305293,0.002398200100287795,0.0015759600792080164,0.35100001096725464,0.3479999899864197,0.6990000009536743,0.07975000143051147,0.07199999690055847,0.02449999935925007,0.06750000268220901,0.9348727464675903,0.2805020809173584,0.7794186472892761,-0.8378564119338989,-0.21562901
381,494,-0.2461408757092473,-0.6980958191904885,-0.12714087570924731,-0.17009581919048844,0.21236146068012815,0.11959854455630907,0.5924621820449829,0.018738513812422752,-1.0,0.8860465288162231,0.3084745705127716,0.16362500190734863,-0.12575000524520874,-0.2523750066757202,0.3187499940395355,0.002506690099835396,0.002015630016103387,0.0020955700892955065,0.0006052600219845772,0.3959999978542328,0.23649999499320984,0.6324999928474426,0.08799999952316284,0.07374999672174454,0.02174999937415123,0.036249998956918716,-0.5223199129104614,0.13889367878437042,-0.7598219513893127,-0.11320284754037857,-0.09903277
382,495,-0.23901979007682994,-0.7015267303211611,-0.12001979007682995,-0.17352673032116106,0.21098880573632167,0.12125153889067664,0.5903700590133667,0.02017657831311226,-1.0,0.8860465288162231,0.3084745705127716,0.16349999606609344,-0.12575000524520874,-0.2523750066757202,0.3187499940395355,0.002129829954355955,0.0021926399786025286,0.0017758100293576717,0.0005196100100874901,0.3785000145435333,0.20100000500679016,0.5795000195503235,0.07874999940395355,0.07724999636411667,0.01899999938905239,0.032249998301267624,-0.13029845058918,-0.11340688169002533,-0.5307644009590149,-0.7862062454223633,-0.05534164
383,496,-0.23746833116618807,-0.7020879928718948,-0.11846833116618807,-0.1740879928718948,0.2105739175478922,0.12175564221329124,0.6069307327270508,0.014361473731696606,-1.0,0.8860465288162231,0.3084745705127716,0.16362500190734863,-0.12575000524520874,-0.25224998593330383,0.31287500262260437,0.0020784400403499603,0.002186930039897561,0.0012276499764993787,0.0001827200030675158,0.3734999895095825,0.12349999696016312,0.4970000088214874,0.07625000178813934,0.07625000178813934,0.014000000432133675,0.014750000089406967,-0.8497244715690613,-0.5500931739807129,0.7079983353614807,-0.6095489263534546,-0.0416365
384,497,-0.23801947407070512,-0.7015631665715166,-0.11901947407070512,-0.1735631665715166,0.21045143857526674,0.12190485863370351,0.6105387806892395,0.013410181738436222,-1.0,0.8860465288162231,0.3084745705127716,0.16362500190734863,-0.12575000524520874,-0.23925000429153442,0.29899999499320984,0.0014389200368896127,0.001347560086287558,0.0013761100126430392,0.00025695000658743083,0.24400000274181366,0.14300000667572021,0.3869999945163727,0.05999999865889549,0.05575000122189522,0.014499999582767487,0.019750000908970833,0.6360524892807007,-0.9459030628204346,0.06053628399968147,0.46108222007751465,-0.031166572
385,498,-0.23410080546548812,-0.7003305621747444,-0.11510080546548812,-0.1723305621747444,0.20723421068507872,0.12589058694501035,0.6092570424079895,0.014299717731773853,-1.0,0.8860465288162231,0.3084745705127716,0.16362500190734863,-0.12575000524520874,-0.23925000429153442,0.29899999499320984,0.0018900100840255618,0.0002969200140796602,0.0017187100602313876,0.0006509399972856045,0.1914999932050705,0.20749999582767487,0.39899998903274536,0.07199999690055847,0.020500000566244125,0.016750000417232513,0.03700000047683716,-0.5737143754959106,0.12665651738643646,-0.5629009008407593,0.7412045001983643,-0.028112007
386,499,-0.24807428703397177,-0.6988029812576646,-0.12907428703397178,-0.17080298125766458,0.2140883695576064,0.11755091788335396,0.6183702349662781,0.016388878226280212,-1.0,0.8860465288162231,0.3084745705127716,0.16374999284744263,-0.12575000524520874,-0.24312500655651093,0.3019999861717224,0.0014275000430643559,0.00041112001053988934,0.000245530012762174,0.001387530006468296,0.16099999845027924,0.14300000667572021,0.30399999022483826,0.061000000685453415,0.02500000037252903,0.0035000001080334187,0.05874999985098839,-0.34002697467803955,-0.9440501928329468,-0.3645039498806,-0.525784969329834,-0.016661322
387,500,-0.22783299201303192,-0.705705658417495,-0.10883299201303193,-0.17770565841749497,0.20838407133009007,0.12445131132008584,0.5858737230300903,0.018977997824549675,-1.0,0.8860465288162231,0.3084745705127716,0.16462500393390656,-0.13300000131130219,-0.24912500381469727,0.3022499978542328,0.0011876800563186407,9.13600015337579e-05,0.0001598800008650869,0.0007194600184448063,0.1120000034570694,0.07699999958276749,0.1889999955892563,0.05274999886751175,0.0042500002309679985,0.0020000000949949026,0.038750000298023224,0.7825722694396973,0.8048218488693237,-0.8756644129753113,-0.01295012142509222,-0.038346045
388,501,-0.21517368720935137,-0.711280890149113,-0.09617368720935138,-0.18328089014911297,0.20698131028016364,0.12620936767812022,0.6329465508460999,0.007278544828295708,-1.0,0.8860465288162231,0.3084745705127716,0.1655000001192093,-0.13112500309944153,-0.26512500643730164,0.3111250102519989,0.0016501900972798467,0.0005481599946506321,0.00010848999954760075,0.00029121001716703176,0.19249999523162842,0.03500000014901161,0.22750000655651093,0.06575000286102295,0.030500000342726707,0.0012499999720603228,0.020749999210238457,0.8291623592376709,-0.04198877513408661,-0.9316961169242859,0.2567467987537384,-1.0
