step,action_count,cube_x,cube_y,dist_to_goal_x,dist_to_goal_y,dist_to_goal,distance_reward,obs_cube_x_norm,obs_cube_y_norm,obs_cube_yaw_norm,obs_goal_x_norm,obs_goal_y_norm,obs_motor_16_pos_delta_norm,obs_motor_17_pos_delta_norm,obs_motor_18_pos_delta_norm,obs_motor_19_pos_delta_norm,obs_motor_16_current_norm,obs_motor_17_current_norm,obs_motor_18_current_norm,obs_motor_19_current_norm,obs_horizontal_tension_norm,obs_vertical_tension_norm,obs_total_tension_norm,obs_motor_16_target_error_norm,obs_motor_17_target_error_norm,obs_motor_18_target_error_norm,obs_motor_19_target_error_norm,action_m16,action_m17,action_m18,action_m19,total_safety_penalty
1,2401,-0.26211995162950785,-0.43706133507801426,-0.14311995162950786,0.09093866492198577,0.16956757158202707,0.18347521002959272,0.5691275596618652,0.4557720720767975,-1.0,0.8860465288162231,0.3084745705127716,0.0,0.0,0.0,0.0,9.707000572234392e-05,9.13600015337579e-05,0.00029121001716703176,0.0014503400307148695,0.016499999910593033,0.1525000035762787,0.16899999976158142,0.0010000000474974513,0.0044999998062849045,0.01875000074505806,0.05700000002980232,-0.7041293382644653,0.05464567616581917,0.9956472516059875,0.5869590044021606,0.0
2,2402,-0.2670004009062212,-0.437831945959545,-0.14800040090622119,0.09016805404045503,0.17330434685213356,0.17674567068269015,0.5532094240188599,0.4626079201698303,-1.0,0.8860465288162231,0.3084745705127716,-0.012500000186264515,0.0018749999580904841,0.000750000006519258,0.0016250000335276127,0.0,9.13600015337579e-05,0.0014788900734856725,0.002272580051794648,0.00800000037997961,0.32850000262260437,0.33649998903274536,-0.0002500000118743628,0.002749999985098839,0.054499998688697815,0.07575000077486038,0.27192333340644836,-0.8625195622444153,-0.9532982110977173,-0.9384394288063049,0.0
3,2403,-0.2681642855257008,-0.43865887522909414,-0.14916428552570082,0.08934112477090589,0.1738730015031758,0.17574345049241571,0.54185950756073,0.4613017737865448,-1.0,0.8860465288162231,0.3084745705127716,-0.00774999987334013,-0.012875000014901161,0.000750000006519258,0.0016250000335276127,8.565000462112948e-05,7.423000351991504e-05,0.0002969200140796602,0.0010563500691205263,0.014000000432133675,0.1185000017285347,0.13249999284744263,0.0002500000118743628,0.0,0.01899999938905239,0.04075000062584877,-0.895526647567749,-0.9011900424957275,-0.8745336532592773,-0.44955360889434814,0.0
4,2404,-0.2629404950749314,-0.440076659321834,-0.1439404950749314,0.08792334067816604,0.16866943990665648,0.1851304811376642,0.5391528010368347,0.4599002003669739,-1.0,0.8860465288162231,0.3084745705127716,-0.024250000715255737,-0.029750000685453415,-0.008500000461935997,0.004875000100582838,0.0,0.0,9.707000572234392e-05,0.00023411000438500196,0.0,0.028999999165534973,0.028999999165534973,-0.0002500000118743628,0.0,0.004749999847263098,0.017500000074505806,-0.8627410531044006,0.9131491184234619,0.8535168766975403,-0.6072880029678345,-0.12752894
5,2405,-0.26478391252495914,-0.43908554196889227,-0.14578391252495915,0.08891445803110776,0.17075927499860896,0.1813017062649784,0.5513011813163757,0.45749717950820923,-1.0,0.8860465288162231,0.3084745705127716,-0.020500000566244125,-0.013000000268220901,-0.0022499999031424522,-0.0010000000474974513,0.0,7.994000043254346e-05,0.00041112001053988934,9.707000572234392e-05,0.007000000216066837,0.04450000077486038,0.051500000059604645,-0.0002500000118743628,0.0005000000237487257,0.024250000715255737,0.006500000134110451,-0.3965800404548645,-0.8470244407653809,0.4649425745010376,-0.38588088750839233,-0.071589604
6,2406,-0.2624364280067329,-0.44015924041992266,-0.1434364280067329,0.08784075958007737,0.1681963374242603,0.18600841316116443,0.5470141768455505,0.45917704701423645,-1.0,0.8860465288162231,0.3084745705127716,-0.016875000670552254,-0.0286250002682209,0.005750000011175871,-0.008500000461935997,8.565000462112948e-05,0.0,0.00042254000436514616,0.00010278000263497233,0.007499999832361937,0.04600000008940697,0.05350000038743019,0.0,0.0,0.025499999523162842,0.007249999791383743,0.9250434637069702,0.6833999156951904,0.5862388610839844,0.870785117149353,0.0
7,2407,-0.2549323371844163,-0.44230183710960996,-0.13593233718441633,0.08569816289039006,0.16069155365234877,0.2005051119554273,0.5524734258651733,0.4573572278022766,-1.0,0.8860465288162231,0.3084745705127716,0.000375000003259629,-0.01600000075995922,0.00774999987334013,-0.00787500012665987,0.0,8.565000462112948e-05,0.0009592800051905215,0.0007822700426913798,0.007499999832361937,0.1525000035762787,0.1599999964237213,0.0,0.0002500000118743628,0.04324999824166298,0.03849999979138374,-0.3209999203681946,0.6255661249160767,-0.6502363681793213,0.5167465806007385,-0.06251999
8,2408,-0.2652210129368245,-0.4383063601168686,-0.1462210129368245,0.08969363988313145,0.17153872349926083,0.1798940459541751,0.5699247717857361,0.4537256956100464,-1.0,0.8860465288162231,0.3084745705127716,0.004000000189989805,-0.005874999798834324,0.007625000085681677,-0.006624999921768904,8.565000462112948e-05,9.13600015337579e-05,0.0003026300109922886,0.0014103699941188097,0.01549999974668026,0.15000000596046448,0.1655000001192093,0.0002500000118743628,0.0032500000670552254,0.01924999989569187,0.05525000020861626,-0.35030415654182434,-0.6163661479949951,0.6890145540237427,0.7388652563095093,0.0
9,2409,-0.262102973939432,-0.4401883697022163,-0.143102973939432,0.08781163029778372,0.16789682416848867,0.18656636817293396,0.5459976196289062,0.4604977071285248,-1.0,0.8860465288162231,0.3084745705127716,-0.002374999923631549,-0.015625,0.007499999832361937,-0.003874999936670065,-1.1420000191719737e-05,0.0,0.0009992499835789204,0.0023525201249867678,0.0010000000474974513,0.29350000619888306,0.2944999933242798,0.0,-0.0002500000118743628,0.045249998569488525,0.07724999636411667,0.3941558003425598,-0.970897912979126,-0.9557241201400757,-0.8875570893287659,-0.14050777
10,2410,-0.25772343528990727,-0.4453880529568627,-0.13872343528990727,0.08261194704313735,0.16145874176671643,0.19897274614793847,0.5532488822937012,0.4573078453540802,-1.0,0.8860465288162231,0.3084745705127716,0.005125000141561031,-0.012500000186264515,0.004749999847263098,-0.0035000001080334187,8.565000462112948e-05,7.994000043254346e-05,0.00021127000218257308,0.0009136000298894942,0.014499999582767487,0.09849999845027924,0.11299999803304672,-0.0002500000118743628,0.0010000000474974513,0.014999999664723873,0.04324999824166298,0.8981975317001343,-0.22035807371139526,-0.9930053949356079,0.9063557982444763,0.0
11,2411,-0.2477292778453976,-0.4500015895660955,-0.12872927784539762,0.07799841043390454,0.1505157101594827,0.2219824173006603,0.5634338855743408,0.4484948217868805,-1.0,0.8860465288162231,0.3084745705127716,0.021124999970197678,-0.016499999910593033,-0.013249999843537807,0.013875000178813934,0.00011991000064881518,7.423000351991504e-05,0.00020556000526994467,0.0008907600422389805,0.017000000923871994,0.09600000083446503,0.11299999803304672,0.0012499999720603228,0.000750000006519258,0.014000000432133675,0.042249999940395355,0.08148665726184845,0.9761988520622253,0.7683866024017334,-0.494791716337204,0.0
12,2412,-0.2547250483476377,-0.4482757108523396,-0.1357250483476377,0.07972428914766044,0.1574079128540505,0.20719826782690662,0.5866761207580566,0.4406752586364746,-1.0,0.8860465288162231,0.3084745705127716,0.02212500013411045,-0.003874999936670065,-0.012875000014901161,0.013749999925494194,0.00016558999777771533,0.00016558999777771533,0.0009078900329768658,0.0003768599999602884,0.028999999165534973,0.11249999701976776,0.14149999618530273,0.0022499999031424522,0.012000000104308128,0.041999999433755875,0.024000000208616257,0.3709862530231476,-0.9091787934303284,0.44111403822898865,-0.9663487672805786,0.0
13,2413,-0.24898701941815626,-0.4536656736044514,-0.12998701941815627,0.0743343263955486,0.14974049985857563,0.2237099351627145,0.5704068541526794,0.44360047578811646,-1.0,0.8860465288162231,0.3084745705127716,0.029500000178813934,-0.015250000171363354,-0.0022499999031424522,0.0017500000540167093,0.00011420000373618677,7.423000351991504e-05,0.000770850048866123,0.0001541700039524585,0.016499999910593033,0.08100000023841858,0.09749999642372131,0.0012499999720603228,0.000750000006519258,0.03725000098347664,0.012000000104308128,0.6173256635665894,-0.8607102632522583,0.42384955286979675,-0.4131031036376953,0.0
14,2414,-0.26283908435435643,-0.44686186863231947,-0.14383908435435644,0.08113813136768055,0.16514562830949736,0.19177043313254463,0.5837511420249939,0.4344649612903595,-1.0,0.8860465288162231,0.3084745705127716,0.04112499952316284,-0.03150000050663948,0.005249999929219484,-0.005625000223517418,0.00010848999954760075,7.423000351991504e-05,0.0007651399937458336,0.0001484600070398301,0.01600000075995922,0.07999999821186066,0.09600000083446503,0.0010000000474974513,0.0010000000474974513,0.03799999877810478,0.011500000022351742,-0.06382779031991959,-0.7150636315345764,-0.9955762028694153,0.45037704706192017,0.0
15,2415,-0.24994517144781647,-0.455282218900698,-0.13094517144781648,0.07271778109930205,0.14978155298134702,0.2236181140973773,0.551537036895752,0.44599682092666626,-1.0,0.8860465288162231,0.3084745705127716,0.04050000011920929,-0.04437499865889549,0.0031250000465661287,-0.005375000182539225,0.0,0.0,9.707000572234392e-05,0.0004739300056826323,0.0,0.05000000074505806,0.05000000074505806,0.0,0.0,0.004999999888241291,0.02775000035762787,0.022923454642295837,0.7755866050720215,0.5348362922668457,0.43857815861701965,-0.021249186
16,2416,-0.2625861332083394,-0.44606171433766484,-0.1435861332083394,0.08193828566233519,0.16532047757917176,0.19143541690282814,0.5815228819847107,0.43172505497932434,-1.0,0.8860465288162231,0.3084745705127716,0.04337500035762787,-0.032625000923871994,0.0031250000465661287,-0.0035000001080334187,0.00013133000175002962,9.707000572234392e-05,0.0004054100136272609,0.0008565000025555491,0.019999999552965164,0.11050000041723251,0.13050000369548798,0.0017500000540167093,0.005499999970197678,0.02500000037252903,0.04024999961256981,-0.335394948720932,-0.47454318404197693,0.05499754846096039,0.3796325922012329,0.0
17,2417,-0.2518223660613734,-0.452624292706161,-0.13282236606137343,0.07537570729383902,0.15271960639088875,0.21714367149268787,0.5521252751350403,0.4473530352115631,-1.0,0.8860465288162231,0.3084745705127716,0.03799999877810478,-0.038750000298023224,0.0031250000465661287,-0.003375000087544322,0.0,0.0,0.0004682200087700039,0.0013418500311672688,0.0,0.15850000083446503,0.15850000083446503,0.0,0.0,0.027000000700354576,0.05400000140070915,-0.04503558948636055,-0.38369056582450867,0.7187138795852661,-0.3772611618041992,-0.09944715
18,2418,-0.26354729731031634,-0.4439786679611779,-0.14454729731031635,0.08402133203882212,0.16719301838681838,0.1878840646314621,0.5771572589874268,0.43623000383377075,-1.0,0.8860465288162231,0.3084745705127716,0.04100000113248825,-0.03762499988079071,0.004625000059604645,-0.0035000001080334187,0.00013703999866265804,0.00010278000263497233,0.0011762600624933839,0.0008222400210797787,0.020999999716877937,0.17499999701976776,0.19599999487400055,0.001500000013038516,0.005249999929219484,0.0507499985396862,0.04024999961256981,-0.9725863933563232,-0.9276293516159058,0.9015480279922485,0.4638773500919342,-0.054092884
19,2419,-0.2647759261533987,-0.44704831921089955,-0.14577592615339868,0.08095168078910048,0.16674470087070703,0.18872827275566564,0.5498899817466736,0.4508836269378662,-1.0,0.8860465288162231,0.3084745705127716,0.023624999448657036,-0.05237499997019768,0.004749999847263098,-0.0035000001080334187,0.0,0.0,0.0018272000597789884,0.0014617600245401263,0.0,0.2879999876022339,0.2879999876022339,0.0,0.0,0.06724999845027924,0.057500001043081284,0.9110795259475708,-0.9456390142440796,-0.9162694215774536,-0.061853889375925064,-0.1374767
20,2420,-0.26576732962242133,-0.44392340353440607,-0.14676732962242134,0.08407659646559396,0.1691434985972999,0.1842549309533689,0.5470327138900757,0.4456808269023895,-1.0,0.8860465288162231,0.3084745705127716,0.04050000011920929,-0.048875000327825546,0.004625000059604645,-0.0035000001080334187,8.565000462112948e-05,6.851999933132902e-05,0.0006338100065477192,0.0013761100126430392,0.013500000350177288,0.17599999904632568,0.18950000405311584,0.0002500000118743628,0.0005000000237487257,0.033250000327825546,0.05525000020861626,-0.5951979160308838,-0.4339551031589508,0.28970903158187866,-0.6976263523101807,0.0
21,2421,-0.26444199401439,-0.4458891947340853,-0.14544199401439,0.08211080526591474,0.16701963346953805,0.1882101098364301,0.5447271466255188,0.45097729563713074,-1.0,0.8860465288162231,0.3084745705127716,0.029500000178813934,-0.05674999952316284,0.004625000059604645,-0.0035000001080334187,0.0,-3.425999966566451e-05,0.0009592800051905215,0.0006052600219845772,0.003000000026077032,0.13699999451637268,0.14000000059604645,0.0,0.0,0.04399999976158142,0.029249999672174454,0.30732691287994385,0.2902272641658783,0.443291038274765,-0.38620221614837646,0.0
22,2422,-0.2612792627884128,-0.443627757355901,-0.1422792627884128,0.08437224264409904,0.16541482384722644,0.19125488990487904,0.5478093028068542,0.4476454257965088,-1.0,0.8860465288162231,0.3084745705127716,0.0351249985396862,-0.051624998450279236,0.004625000059604645,-0.0035000001080334187,8.565000462112948e-05,7.423000351991504e-05,0.0015645400853827596,0.00019985000835731626,0.014000000432133675,0.15449999272823334,0.16850000619888306,0.0002500000118743628,0.0005000000237487257,0.060499999672174454,0.014999999664723873,-0.662950873374939,0.025198310613632202,0.8247041702270508,-0.6737881898880005,0.0
23,2423,-0.2570767782532304,-0.4461182857491602,-0.1380767782532304,0.08188171425083984,0.16052978484209074,0.20082972918346664,0.5551645159721375,0.45147839188575745,-1.0,0.8860465288162231,0.3084745705127716,0.022874999791383743,-0.051624998450279236,0.021124999970197678,-0.01837499998509884,0.0,7.994000043254346e-05,0.0015017300611361861,0.0002797899942379445,0.007000000216066837,0.15600000321865082,0.16300000250339508,0.0,0.0012499999720603228,0.05824999883770943,0.019500000402331352,-0.9393286108970642,-0.07034178078174591,0.4590398371219635,-0.5968966484069824,-0.13671944
24,2424,-0.2538241079265524,-0.44779585776079606,-0.13482410792655242,0.08020414223920397,0.15687652632091623,0.20830222205336177,0.5649377107620239,0.4472571313381195,-1.0,0.8860465288162231,0.3084745705127716,0.026499999687075615,-0.052000001072883606,0.03187499940395355,-0.029625000432133675,9.13600015337579e-05,-7.994000043254346e-05,0.001261910074390471,0.00026266000350005925,0.014999999664723873,0.13349999487400055,0.148499995470047,0.0002500000118743628,-0.0005000000237487257,0.05375000089406967,0.019750000908970833,0.17211148142814636,-0.9156203866004944,0.7843734622001648,-0.7352026700973511,0.0
25,2425,-0.2494996195671344,-0.44930072205195937,-0.1304996195671344,0.07869927794804066,0.1523933300925922,0.2178533168988493,0.572502076625824,0.44441381096839905,-1.0,0.8860465288162231,0.3084745705127716,0.029500000178813934,-0.06925000250339508,0.045249998569488525,-0.0430000014603138,9.707000572234392e-05,0.0,0.001416080049239099,0.00026837000041268766,0.008500000461935997,0.14749999344348907,0.15600000321865082,0.0005000000237487257,-0.0002500000118743628,0.05624999850988388,0.01899999938905239,0.055703260004520416,-0.8523432016372681,0.108666330575943,-0.8676576018333435,-0.1262812
26,2426,-0.2453532332899433,-0.4547831143911956,-0.1263532332899433,0.0732168856088044,0.14603373548969972,0.23215794189894332,0.5825590491294861,0.44186317920684814,-1.0,0.8860465288162231,0.3084745705127716,0.030500000342726707,-0.06575000286102295,0.05624999850988388,-0.0560000017285347,9.13600015337579e-05,7.423000351991504e-05,0.000770850048866123,0.0001598800008650869,0.014499999582767487,0.08150000125169754,0.09600000083446503,0.0005000000237487257,0.0002500000118743628,0.03824999928474426,0.012500000186264515,0.7637392282485962,-0.5351748466491699,0.7898603081703186,-0.750178873538971,0.0
27,2427,-0.241887061642732,-0.460394008050326,-0.122887061642732,0.06760599194967404,0.1402561943968394,0.24596600492314905,0.5922017693519592,0.4325709939002991,-1.0,0.8860465288162231,0.3084745705127716,0.04475000128149986,-0.07562500238418579,0.06987500190734863,-0.0702499970793724,8.565000462112948e-05,0.0,0.0008507900056429207,0.00017701000615488738,0.007499999832361937,0.09000000357627869,0.09749999642372131,0.0005000000237487257,0.0,0.04050000011920929,0.013000000268220901,0.6722091436386108,-0.6465049982070923,-0.6466926336288452,-0.5614197254180908,-0.101580605
28,2428,-0.2314649828834452,-0.46877411383873935,-0.1124649828834452,0.05922588616126068,0.127106561461477,0.2805325228883005,0.6002626419067383,0.4230610132217407,-1.0,0.8860465288162231,0.3084745705127716,0.057374998927116394,-0.07199999690055847,0.07062499970197678,-0.07612500339746475,9.13600015337579e-05,7.423000351991504e-05,0.00021127000218257308,7.994000043254346e-05,0.014499999582767487,0.025499999523162842,0.03999999910593033,0.0002500000118743628,0.0002500000118743628,0.014750000089406967,0.0037499999161809683,0.9087325930595398,-0.49385297298431396,-0.3423166871070862,0.5943461060523987,0.0
29,2429,-0.14758156781332582,-0.501663692108125,-0.028581567813325826,0.02633630789187502,0.03886524323921544,0.6779698694339465,0.624500036239624,0.40885743498802185,-1.0,0.8860465288162231,0.3084745705127716,0.07400000095367432,-0.08137500286102295,0.0689999982714653,-0.07524999976158142,9.707000572234392e-05,7.423000351991504e-05,9.707000572234392e-05,0.0003825699968729168,0.014999999664723873,0.041999999433755875,0.05700000002980232,0.0010000000474974513,0.0005000000237487257,0.005249999929219484,0.024250000715255737,0.43880656361579895,0.04379260912537575,-0.6876496076583862,-0.9966282844543457,0.0
30,2430,-0.1842812744626841,-0.48982410786841324,-0.06528127446268411,0.038175892131586786,0.07562435808332421,0.46942648182216296,0.8195777535438538,0.3531123995780945,-1.0,0.8860465288162231,0.3084745705127716,0.08187499642372131,-0.08162499964237213,0.0586250014603138,-0.08162499964237213,0.00013703999866265804,7.994000043254346e-05,7.423000351991504e-05,-6.851999933132902e-05,0.01899999938905239,0.012500000186264515,0.03150000050663948,0.001500000013038516,0.0024999999441206455,0.0002500000118743628,-0.0002500000118743628,-0.6032205820083618,-0.9389472007751465,-0.29923802614212036,-0.02288789674639702,-0.026746549
31,2431,-0.17937032464692823,-0.49097025169358255,-0.060370324646928236,0.037029748306417476,0.07082216007445791,0.4925193150592595,0.734229564666748,0.37317946553230286,-1.0,0.8860465288162231,0.3084745705127716,0.07137499749660492,-0.09775000065565109,0.0533749982714653,-0.07824999839067459,0.0,0.0,-7.423000351991504e-05,6.28100024187006e-05,0.0,0.012000000104308128,0.012000000104308128,0.0,-0.0002500000118743628,-0.0002500000118743628,0.0005000000237487257,-0.06369920074939728,-0.10798589140176773,-0.8300740122795105,0.005636326968669891,-0.06860221
32,2432,-0.18817473537037913,-0.49420390426900207,-0.06917473537037913,0.033796095730997955,0.07698909078707683,0.46306358214799315,0.7456504106521606,0.3712368607521057,-1.0,0.8860465288162231,0.3084745705127716,0.07500000298023224,-0.09425000101327896,0.03762499988079071,-0.078125,9.707000572234392e-05,6.851999933132902e-05,7.423000351991504e-05,6.28100024187006e-05,0.014499999582767487,0.012000000104308128,0.026499999687075615,0.0002500000118743628,0.0002500000118743628,0.0002500000118743628,0.0002500000118743628,0.7390725612640381,-0.3836817741394043,-0.8264762163162231,0.6100861430168152,0.0
33,2433,-0.172298496086072,-0.49890135416603465,-0.05329849608607201,0.029098645833965375,0.06072446685157132,0.5448500452462686,0.7251750230789185,0.365756094455719,-1.0,0.8860465288162231,0.3084745705127716,0.08887500315904617,-0.10112500190734863,0.02225000038743019,-0.06662499904632568,0.0,0.0,6.851999933132902e-05,5.7100001868093386e-05,0.0,0.010999999940395355,0.010999999940395355,0.0,-0.0002500000118743628,0.0002500000118743628,0.0,-0.01691550388932228,0.1944093108177185,0.748757541179657,0.3067477345466614,-0.026700746
34,2434,-0.1516929133989205,-0.5052869850854966,-0.0326929133989205,0.022713014914503393,0.039808386465866326,0.6716057013172507,0.7620965242385864,0.35779431462287903,-1.0,0.8860465288162231,0.3084745705127716,0.0925000011920929,-0.09812500327825546,0.036249998956918716,-0.061250001192092896,9.13600015337579e-05,7.994000043254346e-05,7.423000351991504e-05,6.28100024187006e-05,0.014999999664723873,0.012000000104308128,0.027000000700354576,0.0002500000118743628,0.0012499999720603228,0.0002500000118743628,0.000750000006519258,-0.00216697552241385,0.3962385356426239,-0.7620828747749329,-0.9639345407485962,0.0
35,2435,-0.15384835702455338,-0.5050534126012158,-0.034848357024553384,0.02294658739878419,0.04172473919104565,0.6588579036649908,0.8100164532661438,0.34697121381759644,-1.0,0.8860465288162231,0.3084745705127716,0.0925000011920929,-0.0923750028014183,0.02199999988079071,-0.07912500202655792,9.707000572234392e-05,9.13600015337579e-05,7.423000351991504e-05,6.28100024187006e-05,0.016499999910593033,0.012000000104308128,0.02850000001490116,0.0002500000118743628,0.0044999998062849045,0.0002500000118743628,0.0005000000237487257,-0.5170593857765198,-0.6435258388519287,-0.35084259510040283,0.9837501049041748,0.0
36,2436,-0.15788473971114125,-0.5029834488332859,-0.03888473971114126,0.025016551166714085,0.04623689884367278,0.6297899118678665,0.805003821849823,0.3473671078681946,-1.0,0.8860465288162231,0.3084745705127716,0.08312500268220901,-0.10199999809265137,0.015625,-0.06037500128149986,0.0,0.0,0.0,-6.28100024187006e-05,0.0,0.005499999970197678,0.005499999970197678,-0.0002500000118743628,-0.0002500000118743628,0.0,-0.0002500000118743628,-0.7331891059875488,0.7531764507293701,-0.10771571844816208,0.42998331785202026,-0.14890859
37,2437,-0.23616391150320398,-0.47117022802519276,-0.11716391150320399,0.056829771974807264,0.13021906596746577,0.2719354220863421,0.795616865158081,0.35087549686431885,-1.0,0.8860465288162231,0.3084745705127716,0.08649999648332596,-0.08874999731779099,0.019375000149011612,-0.05237499997019768,9.13600015337579e-05,7.994000043254346e-05,1.7129999832832254e-05,0.0,0.014999999664723873,0.001500000013038516,0.016499999910593033,0.0005000000237487257,0.0012499999720603228,0.0,-0.0002500000118743628,-0.5220808982849121,-0.550167977809906,0.42959675192832947,-0.9253101348876953,-0.13503723
38,2438,-0.25068012217638874,-0.46296785642698257,-0.13168012217638875,0.06503214357301745,0.1468633183408649,0.2302399660245057,0.6135722994804382,0.40479621291160583,-1.0,0.8860465288162231,0.3084745705127716,0.07712499797344208,-0.09825000166893005,0.027374999597668648,-0.04874999821186066,0.0,0.0,0.0,6.28100024187006e-05,0.0,0.005499999970197678,0.005499999970197678,-0.0002500000118743628,-0.0002500000118743628,0.0,0.0,-0.4002837836742401,0.2884911298751831,0.9606837034225464,0.7126834988594055,-0.07203406
39,2439,-0.2519280282065535,-0.4591287111457756,-0.13292802820655353,0.06887128885422444,0.1497101035712831,0.22377794501301962,0.5798136591911316,0.4186985492706299,-1.0,0.8860465288162231,0.3084745705127716,0.08049999922513962,-0.09300000220537186,0.03500000014901161,-0.04412499815225601,9.13600015337579e-05,0.0,0.00032546999864280224,0.00022269001055974513,0.00800000037997961,0.04800000041723251,0.0560000017285347,0.0005000000237487257,0.0,0.020749999210238457,0.017249999567866325,-0.8198564648628235,-0.950797438621521,-0.18110200762748718,0.18379662930965424,-0.1380957
40,2440,-0.2461950121201088,-0.46620600665701445,-0.1271950121201088,0.061793993342985576,0.14141099222305023,0.24314193239297513,0.5769115686416626,0.4252055883407593,-1.0,0.8860465288162231,0.3084745705127716,0.06549999862909317,-0.08924999833106995,0.0351249985396862,-0.04337500035762787,0.0,5.139000131748617e-05,0.00019414001144468784,0.00034831001539714634,0.0044999998062849045,0.04749999940395355,0.052000001072883606,0.0,0.0,0.013749999925494194,0.02250000089406967,0.9071853756904602,-0.5524855256080627,-0.13765263557434082,0.8734431862831116,-0.090298265
41,2441,-0.24176815674422075,-0.4643339964377341,-0.12276815674422076,0.06366600356226593,0.13829454190228918,0.2508386390171974,0.5902441740036011,0.4132101535797119,-1.0,0.8860465288162231,0.3084745705127716,0.0820000022649765,-0.08649999648332596,0.03362499922513962,-0.03812500089406967,0.0001256200048374012,7.994000043254346e-05,0.00017130000924225897,0.0009992499835789204,0.017999999225139618,0.10249999910593033,0.12049999833106995,0.0010000000474974513,0.0020000000949949026,0.011749999597668648,0.04475000128149986,-0.6649734377861023,0.842835009098053,-0.24924838542938232,0.3240866959095001,0.0
42,2442,-0.2531655195323186,-0.45996759236819756,-0.1341655195323186,0.06803240763180246,0.15042870444019882,0.2221756387441808,0.6005391478538513,0.4163830578327179,-1.0,0.8860465288162231,0.3084745705127716,0.06987500190734863,-0.07124999910593033,0.028750000521540642,-0.032499998807907104,8.565000462112948e-05,8.565000462112948e-05,0.00017130000924225897,0.0010335100814700127,0.014999999664723873,0.1054999977350235,0.12049999833106995,0.0005000000237487257,0.003000000026077032,0.012249999679625034,0.045499999076128006,0.3349640369415283,-0.5846809148788452,0.657096266746521,-0.5122522115707397,0.0
43,2443,-0.2538073206998402,-0.45797447879438336,-0.1348073206998402,0.07002552120561667,0.151909799994562,0.21890925408534007,0.5740336775779724,0.4237837493419647,-1.0,0.8860465288162231,0.3084745705127716,0.07575000077486038,-0.08062499761581421,0.029124999418854713,-0.032499998807907104,0.00011420000373618677,0.0,0.0007365900091826916,0.000433959998190403,0.009999999776482582,0.10249999910593033,0.11249999701976776,0.0012499999720603228,0.0,0.035999998450279236,0.026499999687075615,-0.4317684769630432,-0.440450519323349,0.31477591395378113,0.6339724063873291,-0.07685407
44,2444,-0.2491009122859626,-0.4622322849506915,-0.1301009122859626,0.0657677150493085,0.14577942145737435,0.23274910350719732,0.5725411176681519,0.42716190218925476,-1.0,0.8860465288162231,0.3084745705127716,0.06837499886751175,-0.0768750011920929,0.029249999672174454,-0.032499998807907104,0.0,0.0,0.0011077399831265211,0.0011933899950236082,0.0,0.20149999856948853,0.20149999856948853,0.0,0.0,0.04749999940395355,0.05025000125169754,-0.1361665576696396,-0.5027696490287781,-0.9374735951423645,-0.4864443242549896,-0.124672346
45,2445,-0.24675278138546103,-0.464425827878315,-0.12775278138546103,0.06357417212168504,0.14269705152062195,0.24003500425659824,0.5834862589836121,0.41994526982307434,-1.0,0.8860465288162231,0.3084745705127716,0.0716250017285347,-0.07412499934434891,0.029249999672174454,-0.032499998807907104,0.00010278000263497233,7.994000043254346e-05,0.0001827200030675158,0.0005881300312466919,0.01600000075995922,0.06750000268220901,0.08349999785423279,0.0010000000474974513,0.0020000000949949026,0.012500000186264515,0.032249998301267624,0.4925725758075714,-0.03115125559270382,-0.530145525932312,0.900676965713501,0.0
46,2446,-0.2577870176085922,-0.45728749095361126,-0.1387870176085922,0.07071250904638876,0.15576294550477432,0.2106347990985377,0.5889469981193542,0.41622740030288696,-1.0,0.8860465288162231,0.3084745705127716,0.08037500083446503,-0.0742499977350235,0.01875000074505806,-0.0215000007301569,0.0001541700039524585,7.423000351991504e-05,0.00019985000835731626,0.0009592800051905215,0.019999999552965164,0.1014999970793724,0.12150000035762787,0.0017500000540167093,0.0012499999720603228,0.013749999925494194,0.04399999976158142,-0.391087144613266,-0.8187785744667053,0.737351655960083,0.8921648263931274,0.0
47,2447,-0.258703451975939,-0.457944507649216,-0.13970345197593903,0.07005549235078401,0.156284441012227,0.2095392072980694,0.5632860064506531,0.428326278924942,-1.0,0.8860465288162231,0.3084745705127716,0.07387500256299973,-0.08874999731779099,0.01837499998509884,-0.016625000163912773,9.13600015337579e-05,-7.994000043254346e-05,0.0010848999954760075,0.001918560010381043,0.014999999664723873,0.2630000114440918,0.27799999713897705,0.0002500000118743628,-0.0002500000118743628,0.041999999433755875,0.06750000268220901,0.0015824424335733056,-0.7351603507995605,0.7103974223136902,0.9648195505142212,-0.12321167
48,2448,-0.257727900244032,-0.45394068873750404,-0.13872790024403203,0.07405931126249599,0.15725842391043277,0.2075082379564874,0.5611547827720642,0.4272126853466034,-1.0,0.8860465288162231,0.3084745705127716,0.07712499797344208,-0.10225000232458115,0.01837499998509884,-0.016625000163912773,0.0001256200048374012,-7.994000043254346e-05,0.0015531200915575027,0.002763640135526657,0.017999999225139618,0.3779999911785126,0.3959999978542328,0.0012499999720603228,-0.000750000006519258,0.05525000020861626,0.08574999868869781,-0.9252029061317444,-0.6516778469085693,-0.9204126000404358,-0.5959415435791016,-0.009594155
49,2449,-0.2599328881038863,-0.456618070297971,-0.14093288810388632,0.071381929702029,0.15797929876185662,0.20601774201422487,0.5634235143661499,0.43399882316589355,-1.0,0.8860465288162231,0.3084745705127716,0.060499999672174454,-0.11474999785423279,0.01837499998509884,-0.016625000163912773,0.0,0.0,0.000308340007904917,0.001878590090200305,0.0,0.1914999932050705,0.1914999932050705,0.0,0.0,0.020749999210238457,0.06700000166893005,0.7443310022354126,-0.9572552442550659,-0.3507014811038971,0.8628622889518738,-0.18848869
50,2450,-0.2599937800088099,-0.4602089350192672,-0.1409937800088099,0.06779106498073284,0.15644447734705955,0.20920413661960308,0.5582956075668335,0.42946088314056396,-1.0,0.8860465288162231,0.3084745705127716,0.07400000095367432,-0.11087500303983688,0.011500000022351742,-0.00925000011920929,0.00010278000263497233,0.0,0.00034260001848451793,0.001964240102097392,0.008999999612569809,0.20200000703334808,0.210999995470047,0.000750000006519258,-0.0002500000118743628,0.0215000007301569,0.0689999982714653,0.6970143914222717,-0.5137248039245605,0.41652998328208923,-0.9167386293411255,-0.08564698
51,2451,-0.25802099378801546,-0.46426133295463196,-0.13902099378801547,0.06373866704536807,0.152936112120479,0.2166740515629354,0.5581539869308472,0.4233746826648712,-1.0,0.8860465288162231,0.3084745705127716,0.08662500232458115,-0.10712499916553497,0.011374999769032001,-0.00937500037252903,0.00011991000064881518,0.0,0.00074230000609532,0.0006623599911108613,0.010499999858438969,0.12300000339746475,0.13349999487400055,0.001500000013038516,-0.0002500000118743628,0.03725000098347664,0.03500000014901161,0.6860721111297607,-0.3971530497074127,-0.7825058102607727,0.937707245349884,-0.07165837
52,2452,-0.25991138769194516,-0.45996526901859547,-0.14091138769194517,0.06803473098140456,0.15647601669579195,0.2091381654013852,0.5627418756484985,0.41650620102882385,-1.0,0.8860465288162231,0.3084745705127716,0.09962499886751175,-0.10337500274181366,0.005874999798834324,-0.0063749998807907104,0.00010278000263497233,0.0,0.00029121001716703176,0.0017244199989363551,0.008999999612569809,0.17649999260902405,0.18549999594688416,0.0010000000474974513,-0.0002500000118743628,0.01899999938905239,0.06400000303983688,-0.862833559513092,-0.6975381970405579,-0.0003524422354530543,-0.3425690233707428,-0.10770459
53,2453,-0.2596080439776942,-0.4613049984031727,-0.14060804397769422,0.06669500159682734,0.1556240510629189,0.2109275623960071,0.5583456158638,0.4237876832485199,-1.0,0.8860465288162231,0.3084745705127716,0.08399999886751175,-0.09974999725818634,0.005874999798834324,-0.0062500000931322575,1.7129999832832254e-05,6.851999933132902e-05,0.00029121001716703176,0.0012105200439691544,0.007499999832361937,0.1315000057220459,0.13899999856948853,0.0,0.0,0.01899999938905239,0.050999999046325684,-0.7519648671150208,0.7342838048934937,0.9431938529014587,-0.29916149377822876,-0.11423579
54,2454,-0.26168242310585627,-0.4570410743749218,-0.14268242310585627,0.07095892562507822,0.15935320200492983,0.20320661289163544,0.5590510368347168,0.42151695489883423,-1.0,0.8860465288162231,0.3084745705127716,0.0872500017285347,-0.08649999648332596,0.006124999839812517,-0.0062500000931322575,0.00010848999954760075,7.423000351991504e-05,0.0013075900496914983,0.0008165300241671503,0.01600000075995922,0.1860000044107437,0.20200000703334808,0.0010000000474974513,0.0010000000474974513,0.05375000089406967,0.03999999910593033,-0.7055740356445312,-0.6902384757995605,0.605929970741272,0.3540579378604889,-0.0363558
55,2455,-0.2600231911711222,-0.45793755356039834,-0.14102319117112222,0.07006244643960169,0.1574683677733053,0.2070730441371487,0.5542269349098206,0.4287439286708832,-1.0,0.8860465288162231,0.3084745705127716,0.07462500035762787,-0.09875000268220901,0.007499999832361937,-0.0062500000931322575,0.0,0.0,0.0016045100055634975,0.0012847500620409846,0.0,0.2529999911785126,0.2529999911785126,0.0,-0.0002500000118743628,0.06224999949336052,0.05324999988079071,-0.03496639430522919,-0.03148027881979942,0.7568364143371582,-0.8279781937599182,-0.055973604
56,2456,-0.26101490446790393,-0.45782562394394016,-0.14201490446790394,0.07017437605605986,0.15840667961258825,0.2051391404604804,0.5580856204032898,0.4272244870662689,-1.0,0.8860465288162231,0.3084745705127716,0.07787500321865082,-0.09549999982118607,0.008875000290572643,-0.0063749998807907104,0.00011991000064881518,7.994000043254346e-05,0.002649439964443445,0.00033117999555543065,0.017500000074505806,0.26100000739097595,0.2784999907016754,0.0010000000474974513,0.000750000006519258,0.08775000274181366,0.02250000089406967,0.050306644290685654,0.12907260656356812,-0.9206174612045288,0.8944249749183655,-0.042061746
57,2457,-0.26073362161074504,-0.45376741942244186,-0.14173362161074504,0.07423258057755816,0.1599965484443384,0.20190348668561628,0.5557792782783508,0.427414208650589,-1.0,0.8860465288162231,0.3084745705127716,0.07862500101327896,-0.09287499636411667,0.008875000290572643,-0.0063749998807907104,0.00011991000064881518,7.423000351991504e-05,0.0018614600412547588,0.0013818200677633286,0.017000000923871994,0.2840000092983246,0.3009999990463257,0.0012499999720603228,0.0002500000118743628,0.0689999982714653,0.0560000017285347,-0.9431784152984619,0.16747966408729553,0.16686919331550598,0.8083134889602661,-0.00953958
58,2458,-0.2620256923224274,-0.453744756689146,-0.1430256923224274,0.07425524331085404,0.16115269102147753,0.199582636531323,0.5564334392547607,0.4342924952507019,-1.0,0.8860465288162231,0.3084745705127716,0.06162500008940697,-0.0898749977350235,0.008875000290572643,-0.004749999847263098,0.0,7.423000351991504e-05,0.001964240102097392,0.002552370075136423,0.006500000134110451,0.3955000042915344,0.4020000100135803,0.0,0.0005000000237487257,0.07225000113248825,0.08299999684095383,-0.08503072708845139,-0.1348407119512558,0.12327095121145248,0.541583776473999,-0.17145142
59,2459,-0.2626446587900639,-0.4498348508433781,-0.14364465879006388,0.07816514915662193,0.1635346401885265,0.19488485112546047,0.5534286499023438,0.43433091044425964,-1.0,0.8860465288162231,0.3084745705127716,0.06487499922513962,-0.09200000017881393,0.008875000290572643,-0.004749999847263098,9.707000572234392e-05,-7.994000043254346e-05,0.002004210138693452,0.0017015800112858415,0.01549999974668026,0.3244999945163727,0.3400000035762787,0.0010000000474974513,-0.0002500000118743628,0.0729999989271164,0.06424999982118607,-0.95106440782547,0.42252472043037415,-0.9635154008865356,-0.4305442273616791,0.0
60,2460,-0.2639343383139581,-0.4497784739955225,-0.14493433831395808,0.07822152600447752,0.16469538412771018,0.19263581505407126,0.5519891381263733,0.4409578740596771,-1.0,0.8860465288162231,0.3084745705127716,0.04762500151991844,-0.08425000309944153,0.008875000290572643,-0.004749999847263098,0.0,1.1420000191719737e-05,0.0007308800122700632,0.0010848999954760075,0.0010000000474974513,0.1589999943971634,0.1599999964237213,0.0,0.0,0.03700000047683716,0.048250000923871994,-0.9598671793937683,-0.8064626455307007,-0.9107727408409119,-0.5508260726928711,-0.2599596
61,2461,-0.2634675310311414,-0.44501051528734287,-0.1444675310311414,0.08298948471265716,0.1666076891836213,0.18898702976937232,0.5489898920059204,0.4410534203052521,-1.0,0.8860465288162231,0.3084745705127716,0.05112500116229057,-0.08049999922513962,0.004625000059604645,-0.0042500002309679985,8.565000462112948e-05,0.0,0.0001598800008650869,0.00043967002420686185,0.007499999832361937,0.05249999836087227,0.05999999865889549,0.0005000000237487257,0.0,0.011500000022351742,0.026750000193715096,-0.9964215159416199,-0.795849621295929,0.8530604839324951,0.18058237433433533,-0.119501956
62,2462,-0.26505389699062093,-0.4452487201250826,-0.14605389699062094,0.08275127987491743,0.16786755239498735,0.1866209874512809,0.5500755310058594,0.4491347074508667,-1.0,0.8860465288162231,0.3084745705127716,0.032625000923871994,-0.0767500028014183,0.005499999970197678,-0.0043750000186264515,9.13600015337579e-05,0.0,0.000867919996380806,0.0006223900127224624,0.00800000037997961,0.13050000369548798,0.13850000500679016,0.0002500000118743628,0.0,0.04149999842047691,0.03375000134110451,0.1568671613931656,-0.4309948980808258,-0.40172722935676575,-0.4464828670024872,-0.0757194
63,2463,-0.2664994274123094,-0.444810540181047,-0.14749942741230943,0.08318945981895304,0.16934156994644978,0.18389033592410015,0.5463863015174866,0.4487309753894806,-1.0,0.8860465288162231,0.3084745705127716,0.03550000116229057,-0.07312499731779099,0.005499999970197678,-0.0043750000186264515,9.13600015337579e-05,7.423000351991504e-05,0.0004510900180321187,0.00023411000438500196,0.014499999582767487,0.05999999865889549,0.07450000196695328,0.0002500000118743628,0.0002500000118743628,0.026499999687075615,0.017249999567866325,-0.4312397539615631,-0.8878284096717834,-0.8740134239196777,-0.13665485382080078,0.0
64,2464,-0.2647814340870506,-0.44533821397044093,-0.14578143408705063,0.08266178602955909,0.16758638785436514,0.1871464378372792,0.5430245995521545,0.44947364926338196,-1.0,0.8860465288162231,0.3084745705127716,0.02762500010430813,-0.08962500095367432,0.000375000003259629,-0.003874999936670065,0.0,0.0,9.13600015337579e-05,0.0001541700039524585,0.0,0.0215000007301569,0.0215000007301569,0.0,0.0,0.004000000189989805,0.011250000447034836,-0.2536766827106476,-0.2393035590648651,0.49017220735549927,0.9080967903137207,-0.10715764
65,2465,-0.2650173756218687,-0.4449742695784081,-0.14601737562186873,0.08302573042159195,0.1679712650888144,0.18642753813103913,0.547019898891449,0.4485793113708496,-1.0,0.8860465288162231,0.3084745705127716,0.03125,-0.0860000029206276,0.0005000000237487257,-0.0006249999860301614,9.13600015337579e-05,7.423000351991504e-05,0.00034260001848451793,0.000770850048866123,0.014499999582767487,0.09749999642372131,0.1120000034570694,0.0002500000118743628,0.0002500000118743628,0.02199999988079071,0.038750000298023224,-0.404613733291626,0.9969532489776611,-0.42686715722084045,-0.9773752689361572,0.0
66,2466,-0.2641232389215762,-0.44487189396965643,-0.1451232389215762,0.0831281060303436,0.16724543786686957,0.18778560259058283,0.5464712381362915,0.4491961598396301,-1.0,0.8860465288162231,0.3084745705127716,0.023874999955296516,-0.06712500005960464,0.0006249999860301614,-0.002749999985098839,0.0,0.0,9.707000572234392e-05,9.13600015337579e-05,0.0,0.016499999910593033,0.016499999910593033,0.0,-0.0002500000118743628,0.005750000011175871,0.006500000134110451,0.17305921018123627,-0.825071394443512,0.07510111480951309,-0.4814792275428772,-0.12624148
67,2467,-0.24209189364639522,-0.4563967667304618,-0.12309189364639522,0.07160323326953821,0.14240308036031868,0.24074167614059802,0.5485506057739258,0.4493696689605713,-1.0,0.8860465288162231,0.3084745705127716,0.027499999850988388,-0.06362500041723251,0.002374999923631549,-0.008875000290572643,9.13600015337579e-05,6.851999933132902e-05,9.707000572234392e-05,6.28100024187006e-05,0.014000000432133675,0.014000000432133675,0.02800000086426735,0.0002500000118743628,0.0002500000118743628,0.004999999888241291,0.000750000006519258,0.13500061631202698,0.3809228241443634,-0.976147472858429,-0.6943213939666748,0.0
68,2468,-0.2475974381287666,-0.45393979742443813,-0.12859743812876662,0.0740602025755619,0.14839883658174421,0.22673159412748864,0.5997862815856934,0.4298359751701355,-1.0,0.8860465288162231,0.3084745705127716,0.029999999329447746,-0.05637500062584877,-0.013375000096857548,-0.02162499912083149,9.13600015337579e-05,0.0,6.851999933132902e-05,6.28100024187006e-05,0.00800000037997961,0.011500000022351742,0.019500000402331352,0.0002500000118743628,0.0,0.0,0.0002500000118743628,0.036287859082221985,-0.4533080756664276,-0.9367058873176575,0.5886926651000977,-0.078396976
69,2469,-0.16837814323307296,-0.49226852041343805,-0.04937814323307296,0.035731479586561976,0.06095030486052359,0.5436209551510005,0.5869827270507812,0.4340003430843353,-1.0,0.8860465288162231,0.3084745705127716,0.030750000849366188,-0.05262500047683716,-0.03087499924004078,-0.010499999858438969,0.0,0.0,6.851999933132902e-05,6.28100024187006e-05,0.0,0.011500000022351742,0.011500000022351742,0.0,0.0,0.0,0.0,0.797588050365448,0.6251653432846069,0.6642018556594849,-0.8028550744056702,0.0
70,2470,-0.20495166887081648,-0.4781377927056929,-0.08595166887081648,0.049862207294307126,0.09936764613262679,0.37021311179679023,0.7712135910987854,0.36903640627861023,-1.0,0.8860465288162231,0.3084745705127716,0.045249998569488525,-0.042500000447034836,-0.01850000023841858,-0.025624999776482582,9.707000572234392e-05,8.565000462112948e-05,0.0,5.7100001868093386e-05,0.01600000075995922,0.004999999888241291,0.020999999716877937,0.000750000006519258,0.003000000026077032,0.0,0.0002500000118743628,0.10385995358228683,-0.686724841594696,0.2750053107738495,0.905375063419342,0.0
71,2471,-0.16629751270649537,-0.4936698174022977,-0.047297512706495376,0.03433018259770232,0.05844327288416242,0.557421981554071,0.6861588954925537,0.39298680424690247,-1.0,0.8860465288162231,0.3084745705127716,0.04737500101327896,-0.05387499928474426,-0.013249999843537807,-0.008375000208616257,7.994000043254346e-05,0.0,2.2840000383439474e-05,-5.7100001868093386e-05,0.007000000216066837,0.007000000216066837,0.014000000432133675,0.0002500000118743628,0.0,-0.0002500000118743628,-0.0005000000237487257,0.3732641935348511,0.8761085271835327,0.008654065430164337,-0.9650893211364746,-0.022961514
72,2472,-0.20192396527949702,-0.48057549144873996,-0.08292396527949703,0.04742450855126007,0.09552731561707242,0.3847070450960604,0.7760522961616516,0.36666133999824524,-1.0,0.8860465288162231,0.3084745705127716,0.05375000089406967,-0.04012500122189522,-0.009750000201165676,-0.026875000447034836,0.0001256200048374012,0.00010278000263497233,7.423000351991504e-05,6.28100024187006e-05,0.019999999552965164,0.012000000104308128,0.03200000151991844,0.0012499999720603228,0.005249999929219484,0.0002500000118743628,0.0005000000237487257,0.8130722045898438,0.09252000600099564,0.9326884150505066,0.7395259141921997,0.0
73,2473,-0.1632061614536942,-0.49498685101261786,-0.044206161453694215,0.03301314898738217,0.055172934637675135,0.5759529265435069,0.6932000517845154,0.38885509967803955,-1.0,0.8860465288162231,0.3084745705127716,0.0677499994635582,-0.04024999961256981,0.0035000001080334187,-0.016499999910593033,0.00026266000350005925,0.00014275001012720168,0.00013133000175002962,0.00011991000064881518,0.03550000116229057,0.02199999988079071,0.057500001043081284,0.0035000001080334187,0.008750000037252903,0.008500000461935997,0.007249999791383743,-0.058759383857250214,-0.30594402551651,-0.8899688124656677,-0.8035480976104736,0.0
74,2474,-0.16115299831561186,-0.49619836477391915,-0.04215299831561187,0.03180163522608087,0.052803591450285695,0.5897621762171305,0.7832415103912354,0.3644290566444397,-1.0,0.8860465288162231,0.3084745705127716,0.0677499994635582,-0.041999999433755875,-0.00912499986588955,-0.02800000086426735,0.00011991000064881518,7.423000351991504e-05,7.423000351991504e-05,6.28100024187006e-05,0.017000000923871994,0.012000000104308128,0.028999999165534973,0.001500000013038516,0.0010000000474974513,0.0005000000237487257,0.0002500000118743628,-0.5987687110900879,-0.6532269716262817,-0.8932062387466431,0.6122002601623535,0.0
75,2475,-0.16391808773011274,-0.4961286620447027,-0.044918087730112743,0.03187133795529734,0.05507646310712846,0.5765088252458516,0.7880162596702576,0.3623756468296051,-1.0,0.8860465288162231,0.3084745705127716,0.057500001043081284,-0.05375000089406967,-0.025499999523162842,-0.016499999910593033,0.0,7.423000351991504e-05,5.7100000958598685e-06,0.0,0.006500000134110451,0.0005000000237487257,0.007000000216066837,-0.0002500000118743628,0.0002500000118743628,0.0,0.0,-0.2405170053243637,0.3249485194683075,-0.3354324698448181,-0.9963526129722595,-0.26067626
76,2476,-0.2098897823679348,-0.47965560603887425,-0.0908897823679348,0.048344393961125776,0.10294723389367529,0.357195388950336,0.7815858721733093,0.3624937832355499,-1.0,0.8860465288162231,0.3084745705127716,0.06037500128149986,-0.05025000125169754,-0.02174999937415123,-0.012875000014901161,0.00011420000373618677,9.707000572234392e-05,1.1420000191719737e-05,6.28100024187006e-05,0.01850000023841858,0.006500000134110451,0.02500000037252903,0.001500000013038516,0.005249999929219484,0.0,0.0002500000118743628,0.1169952005147934,-0.9430047869682312,0.7489889860153198,-0.3754536807537079,0.0
77,2477,-0.1809046467114314,-0.49207817281925703,-0.061904646711431394,0.03592182718074299,0.07157208221415876,0.48883961834846223,0.674674928188324,0.3904142379760742,-1.0,0.8860465288162231,0.3084745705127716,0.06312499940395355,-0.0651250034570694,-0.007625000085681677,-0.019750000908970833,9.13600015337579e-05,0.0,0.0,0.0,0.00800000037997961,0.0,0.00800000037997961,0.0002500000118743628,-0.0002500000118743628,-0.0002500000118743628,0.0,0.37649664282798767,0.4438244104385376,-0.46379849314689636,-0.20737627148628235,-0.128541
78,2478,-0.1639546159715715,-0.49724366433139333,-0.04495461597157149,0.030756335668606694,0.05446897906984745,0.5800216835563692,0.7420822381973267,0.36935901641845703,-1.0,0.8860465288162231,0.3084745705127716,0.06949999928474426,-0.05974999815225601,-0.004749999847263098,-0.016625000163912773,0.00011991000064881518,9.707000572234392e-05,7.423000351991504e-05,6.28100024187006e-05,0.01899999938905239,0.012000000104308128,0.03099999949336052,0.001500000013038516,0.005499999970197678,0.001500000013038516,0.0012499999720603228,0.10051707178354263,0.540549635887146,-0.6278035640716553,-0.1792653352022171,0.0
79,2479,-0.2251171606456278,-0.471081768349519,-0.10611716064562782,0.056918231650481044,0.1204181750306315,0.2999373227541936,0.7815008759498596,0.3606039583683014,-1.0,0.8860465288162231,0.3084745705127716,0.07112500071525574,-0.051375001668930054,-0.01575000025331974,-0.01912499964237213,0.0001598800008650869,0.00013703999866265804,0.0,-6.851999933132902e-05,0.026000000536441803,0.006000000052154064,0.03200000151991844,0.0020000000949949026,0.008999999612569809,0.0,-0.0002500000118743628,-0.9424460530281067,-0.41358447074890137,-0.5488241314888,0.6974639296531677,-0.0898589
80,2480,-0.20582544815351694,-0.48031056332430605,-0.08682544815351695,0.047689436675693975,0.0990602888018407,0.37135273940276653,0.6392624378204346,0.40494614839553833,-1.0,0.8860465288162231,0.3084745705127716,0.054625000804662704,-0.054625000804662704,-0.012249999679625034,-0.0062500000931322575,0.0,0.0,7.423000351991504e-05,1.1420000191719737e-05,0.0,0.007499999832361937,0.007499999832361937,-0.0002500000118743628,0.0,0.0005000000237487257,0.0,-0.23892317712306976,0.637498140335083,-0.5480427742004395,0.715111494064331,-0.052670788
81,2481,-0.16968413654344527,-0.49189237410701897,-0.05068413654344528,0.036107625892981055,0.06223055796617994,0.5367055925169628,0.6841268539428711,0.38930413126945496,-1.0,0.8860465288162231,0.3084745705127716,0.057624999433755875,-0.045625001192092896,-0.022624999284744263,0.005499999970197678,0.00013133000175002962,9.707000572234392e-05,7.423000351991504e-05,7.994000043254346e-05,0.019999999552965164,0.013500000350177288,0.03350000083446503,0.0012499999720603228,0.005750000011175871,0.000750000006519258,0.0032500000670552254,-0.5285959243774414,0.9536230564117432,-0.7179195284843445,-0.17051653563976288,0.0
82,2482,-0.17398359645420938,-0.4904858629086328,-0.05498359645420939,0.03751413709136725,0.06656204895245671,0.5139545253489733,0.7681764364242554,0.3696739375591278,-1.0,0.8860465288162231,0.3084745705127716,0.048124998807907104,-0.028875000774860382,-0.03550000116229057,0.0044999998062849045,9.13600015337579e-05,0.0001256200048374012,0.0,-6.851999933132902e-05,0.01899999938905239,0.006000000052154064,0.02500000037252903,0.0005000000237487257,0.00800000037997961,-0.0002500000118743628,-0.0010000000474974513,0.35478878021240234,-0.1858912855386734,0.28444021940231323,0.08894318342208862,0.0
83,2483,-0.1811326299333918,-0.4877465953287644,-0.0621326299333918,0.040253404671235615,0.07403242728741284,0.47695922550260567,0.7581776976585388,0.37205785512924194,-1.0,0.8860465288162231,0.3084745705127716,0.05375000089406967,-0.028999999165534973,-0.03087499924004078,0.005625000223517418,0.00019414001144468784,8.565000462112948e-05,7.994000043254346e-05,6.851999933132902e-05,0.02449999935925007,0.013000000268220901,0.03750000149011612,0.0024999999441206455,0.001500000013038516,0.0010000000474974513,0.0,-0.5761182308197021,-0.19727522134780884,-0.9873397946357727,0.7906455993652344,0.0
84,2484,-0.17587664346076234,-0.4906344663897175,-0.05687664346076235,0.0373655336102825,0.06805244795996564,0.5063513517558843,0.7415519952774048,0.3767006993293762,-1.0,0.8860465288162231,0.3084745705127716,0.0442500002682209,-0.03212499991059303,-0.04899999871850014,0.020375000312924385,0.0,6.851999933132902e-05,7.423000351991504e-05,0.0,0.006000000052154064,0.006500000134110451,0.012500000186264515,0.0,0.0005000000237487257,0.0002500000118743628,0.0,-0.26269036531448364,0.5130096673965454,-0.3258010745048523,-0.386835515499115,-0.12594311
85,2485,-0.208699553936173,-0.4799275173040947,-0.08969955393617302,0.048072482695905305,0.10176921719703128,0.3614280922995028,0.7537752389907837,0.37180599570274353,-1.0,0.8860465288162231,0.3084745705127716,0.04724999889731407,-0.026249999180436134,-0.054875001311302185,0.023749999701976776,0.0001256200048374012,0.00013133000175002962,0.0,6.28100024187006e-05,0.02250000089406967,0.005499999970197678,0.02800000086426735,0.001500000013038516,0.00774999987334013,0.0,0.000750000006519258,0.7378685474395752,-0.4930250942707062,-0.611841082572937,0.7477461695671082,-0.09742094
86,2486,-0.2715121734050064,-0.4466902748514472,-0.1525121734050064,0.08130972514855284,0.17283296687973607,0.17758078110166006,0.6774429082870483,0.3899533748626709,-1.0,0.8860465288162231,0.3084745705127716,0.06037500128149986,-0.033250000327825546,-0.05287500098347664,0.035624999552965164,0.00019414001144468784,8.565000462112948e-05,8.565000462112948e-05,9.13600015337579e-05,0.02449999935925007,0.01549999974668026,0.03999999910593033,0.002749999985098839,0.0035000001080334187,0.0035000001080334187,0.004999999888241291,-0.9237619638442993,-0.8223637342453003,0.8546330332756042,-0.46162888407707214,0.0
87,2487,-0.27510720803133004,-0.4461127977692674,-0.15610720803133005,0.08188720223073265,0.17628095271047822,0.17156217749257008,0.5313670635223389,0.4462876617908478,-1.0,0.8860465288162231,0.3084745705127716,0.04450000077486038,-0.04699999839067459,-0.04012500122189522,0.02837499976158142,0.0,6.851999933132902e-05,0.0001484600070398301,7.423000351991504e-05,0.006000000052154064,0.019500000402331352,0.025499999523162842,0.0,0.0002500000118743628,0.009999999776482582,0.0022499999031424522,0.16500650346279144,-0.8957271575927734,-0.48556315898895264,0.7091636657714844,-0.0041992203
88,2488,-0.2753250253015089,-0.4457034773539937,-0.15632502530150888,0.08229652264600634,0.17666417626429537,0.170905968994831,0.5230064988136292,0.44726642966270447,-1.0,0.8860465288162231,0.3084745705127716,0.048124998807907104,-0.0637499988079071,-0.045625001192092896,0.03500000014901161,8.565000462112948e-05,6.851999933132902e-05,8.565000462112948e-05,0.00020556000526994467,0.013500000350177288,0.025499999523162842,0.039000000804662704,0.0002500000118743628,0.0002500000118743628,0.003000000026077032,0.01549999974668026,-0.9476982951164246,-0.39969050884246826,0.8500168323516846,0.3625912070274353,0.0
89,2489,-0.27348817545310955,-0.4455942641813781,-0.15448817545310956,0.08240573581862193,0.17509226610744197,0.17361368294151086,0.5224999189376831,0.4479601979255676,-1.0,0.8860465288162231,0.3084745705127716,0.030500000342726707,-0.07087499648332596,-0.042125001549720764,0.035999998450279236,0.0,0.0,0.0004967700224369764,0.00042254000436514616,0.0,0.08049999922513962,0.08049999922513962,0.0,-0.0002500000118743628,0.02775000035762787,0.027000000700354576,-0.10027677565813065,-0.11295277625322342,0.5376842617988586,0.11398839950561523,-0.07358755
90,2490,-0.27433986679757083,-0.44488394383225155,-0.15533986679757084,0.08311605616774848,0.1761781853963974,0.171738577959844,0.5267716646194458,0.4481453001499176,-1.0,0.8860465288162231,0.3084745705127716,0.03412500023841858,-0.06712500005960464,-0.038750000298023224,0.035999998450279236,8.565000462112948e-05,0.0,0.0008964700391516089,0.000559579988475889,0.007499999832361937,0.1274999976158142,0.13500000536441803,0.0002500000118743628,-0.0002500000118743628,0.04100000113248825,0.03125,0.2705792188644409,0.0917038545012474,0.7711765170097351,0.6649614572525024,-0.012995539
91,2491,-0.27556958087667954,-0.44597908766390953,-0.15656958087667955,0.08202091233609049,0.17675254939135598,0.17075500076319583,0.5247910022735596,0.4493492543697357,-1.0,0.8860465288162231,0.3084745705127716,0.039124999195337296,-0.06362500041723251,-0.035624999552965164,0.03712499886751175,8.565000462112948e-05,7.423000351991504e-05,0.0017015800112858415,0.0014960200060158968,0.014000000432133675,0.2800000011920929,0.2939999997615814,0.0002500000118743628,0.0002500000118743628,0.06350000202655792,0.05375000089406967,0.4653833508491516,-0.698441743850708,-0.7279006242752075,0.5219851136207581,0.0
92,2492,-0.27435148392421926,-0.4449202465562751,-0.15535148392421927,0.08307975344372492,0.17617130580695337,0.1717503932753426,0.5219312310218811,0.4474930763244629,-1.0,0.8860465288162231,0.3084745705127716,0.04762500151991844,-0.07649999856948853,-0.035750001668930054,0.03700000047683716,8.565000462112948e-05,0.0,0.0007365900091826916,0.0021983501501381397,0.007499999832361937,0.25699999928474426,0.2644999921321869,0.0005000000237487257,0.0,0.0364999994635582,0.07349999994039536,-0.3541034758090973,-0.8442668914794922,0.6278817653656006,-0.6792579889297485,-0.12531205
93,2493,-0.2746715168422985,-0.4451704442888663,-0.15567151684229852,0.0828295557111337,0.17633591935645396,0.1714679014304078,0.5247640013694763,0.4492877125740051,-1.0,0.8860465288162231,0.3084745705127716,0.04125000163912773,-0.0729999989271164,-0.035624999552965164,0.03700000047683716,0.0,7.423000351991504e-05,0.001541700097732246,0.0012790400069206953,0.006500000134110451,0.24699999392032623,0.2535000145435333,0.0,0.0005000000237487257,0.05974999815225601,0.048250000923871994,-0.9028242230415344,-0.3919316828250885,-0.31991082429885864,0.1258057802915573,-0.13233891
94,2494,-0.2744494528696935,-0.44990921143479157,-0.15544945286969353,0.07809078856520846,0.17396178791971287,0.17558748342945377,0.524019718170166,0.4488636553287506,-1.0,0.8860465288162231,0.3084745705127716,0.04475000128149986,-0.07999999821186066,-0.035624999552965164,0.03700000047683716,9.13600015337579e-05,-5.7100000958598685e-06,0.0010963199893012643,0.001261910074390471,0.008500000461935997,0.20649999380111694,0.2150000035762787,0.0005000000237487257,0.0,0.04800000041723251,0.05274999886751175,0.8936129212379456,-0.8414454460144043,-0.2441890686750412,-0.44470372796058655,-0.12497347
95,2495,-0.26898841363777015,-0.4556159159975063,-0.14998841363777016,0.07238408400249374,0.16654122565435536,0.18911267897003312,0.5245361328125,0.44083184003829956,-1.0,0.8860465288162231,0.3084745705127716,0.06137499958276749,-0.07637500017881393,-0.035624999552965164,0.03700000047683716,9.707000572234392e-05,6.851999933132902e-05,0.0008279500179924071,0.0006966200307942927,0.014499999582767487,0.13349999487400055,0.14800000190734863,0.000750000006519258,0.0002500000118743628,0.039000000804662704,0.036249998956918716,0.5363284349441528,0.2096293866634369,-0.7836090326309204,0.3115253746509552,0.0
96,2496,-0.27308585824580883,-0.4509511728445455,-0.15408585824580884,0.07704882715545452,0.1722758644656256,0.17857284877079882,0.5372362732887268,0.43115946650505066,-1.0,0.8860465288162231,0.3084745705127716,0.07137499749660492,-0.0729999989271164,-0.03737499937415123,0.03712499886751175,9.707000572234392e-05,7.994000043254346e-05,0.00019414001144468784,0.0010848999954760075,0.01549999974668026,0.1120000034570694,0.1274999976158142,0.000750000006519258,0.0012499999720603228,0.013249999843537807,0.04749999940395355,-0.5634849667549133,-0.5915953516960144,0.4724089503288269,-0.9588255286216736,0.0
97,2497,-0.2724013285341512,-0.45090497801457213,-0.15340132853415123,0.07709502198542789,0.17168462368825058,0.1796317715770776,0.5277072787284851,0.4390658140182495,-1.0,0.8860465288162231,0.3084745705127716,0.061250001192092896,-0.0833749994635582,-0.03737499937415123,0.03674999997019768,0.0,0.0,0.0005881300312466919,0.0001598800008650869,0.0,0.06549999862909317,0.06549999862909317,0.0,0.0,0.030750000849366188,0.012500000186264515,-0.09029405564069748,-0.8200070858001709,-0.5671396255493164,0.006787441670894623,-0.15723616
98,2498,-0.2744158435458564,-0.44651352002862343,-0.1554158435458564,0.08148647997137659,0.17548256563885678,0.17293739019275092,0.529299259185791,0.439144104719162,-1.0,0.8860465288162231,0.3084745705127716,0.06462500244379044,-0.07962500303983688,-0.03737499937415123,0.03674999997019768,0.00010278000263497233,0.0,0.00014275001012720168,0.00016558999777771533,0.008999999612569809,0.027000000700354576,0.035999998450279236,0.000750000006519258,0.0,0.009499999694526196,0.012749999761581421,-0.9481300711631775,0.5088908672332764,0.7546794414520264,0.3420684039592743,0.0
99,2499,-0.2732640516119201,-0.4476019298121682,-0.15426405161192008,0.08039807018783185,0.17395760204616723,0.17559483345330235,0.5246143341064453,0.4465872645378113,-1.0,0.8860465288162231,0.3084745705127716,0.04724999889731407,-0.07012499868869781,-0.03737499937415123,0.03674999997019768,0.0,6.851999933132902e-05,0.0007936900365166366,0.00041112001053988934,0.006000000052154064,0.1054999977350235,0.11150000244379044,0.0,0.0,0.0377499982714653,0.025499999523162842,-0.952046275138855,-0.8910850286483765,-0.18981777131557465,0.4369141459465027,-0.13824557
100,2500,-0.27422759960180393,-0.451342428592122,-0.15522759960180393,0.07665757140787804,0.17312420666184114,0.1770643476166323,0.5272929072380066,0.44474250078201294,-1.0,0.8860465288162231,0.3084745705127716,0.0507499985396862,-0.08675000071525574,-0.03737499937415123,0.03674999997019768,9.13600015337579e-05,0.0,0.0005881300312466919,0.0008850500453263521,0.00800000037997961,0.1289999932050705,0.13699999451637268,0.0005000000237487257,0.0,0.030750000849366188,0.041749998927116394,0.7701149582862854,0.34825369715690613,-0.9351627230644226,0.5105437636375427,0.0
101,2501,-0.27739356220900696,-0.4542892069391384,-0.15839356220900697,0.07371079306086165,0.1747048985086558,0.17428751034822296,0.5250520706176758,0.4384026527404785,-1.0,0.8860465288162231,0.3084745705127716,0.0651250034570694,-0.08025000244379044,-0.04600000008940697,0.044874999672174454,9.707000572234392e-05,0.0,0.0001884299999801442,0.0010049600386992097,0.008500000461935997,0.10450000315904617,0.11299999803304672,0.0005000000237487257,0.0,0.013000000268220901,0.04450000077486038,0.5017081499099731,0.05487128719687462,-0.9378266334533691,0.8774644136428833,-0.017415447
102,2502,-0.2828590515924608,-0.45018626472598033,-0.16385905159246078,0.07781373527401969,0.18139670941358318,0.16300619151603413,0.5176894068717957,0.43340811133384705,-1.0,0.8860465288162231,0.3084745705127716,0.07450000196695328,-0.0768750011920929,-0.0637499988079071,0.06199999898672104,9.13600015337579e-05,7.423000351991504e-05,0.00019985000835731626,0.0009193100268021226,0.014499999582767487,0.09799999743700027,0.11249999701976776,0.0005000000237487257,0.000750000006519258,0.013500000350177288,0.0430000014603138,-0.2077389657497406,-0.6627623438835144,-0.9153310060501099,0.6007860898971558,0.0
103,2503,-0.2832532618371203,-0.4510435625367336,-0.1642532618371203,0.07695643746326641,0.18138750588497335,0.1630211945278988,0.5049789547920227,0.44036227464675903,-1.0,0.8860465288162231,0.3084745705127716,0.07087499648332596,-0.08887500315904617,-0.07999999821186066,0.07712499797344208,0.0,0.0,0.00016558999777771533,0.000673780043143779,0.0,0.07349999994039536,0.07349999994039536,0.0,0.0,0.011749999597668648,0.03525000065565109,-0.9022203683853149,-0.5781348943710327,0.24504616856575012,-0.5370076894760132,-0.22564265
104,2504,-0.28202110869464697,-0.451649861932054,-0.16302110869464698,0.07635013806794605,0.18001451458986947,0.1652748975070214,0.5040621757507324,0.4389092028141022,-1.0,0.8860465288162231,0.3084745705127716,0.07437500357627869,-0.08512499928474426,-0.07999999821186066,0.07712499797344208,9.13600015337579e-05,0.0,0.00033117999555543065,0.00020556000526994467,0.00800000037997961,0.04699999839067459,0.054999999701976776,0.0005000000237487257,0.0,0.020749999210238457,0.015250000171363354,-0.19273161888122559,-0.034424345940351486,0.7512721419334412,0.737932026386261,-0.028130924
105,2505,-0.2838301869280703,-0.45109607132241225,-0.16483018692807033,0.07690392867758777,0.18188789066012645,0.16220749879280452,0.5069276690483093,0.43788158893585205,-1.0,0.8860465288162231,0.3084745705127716,0.07112500071525574,-0.08150000125169754,-0.07837499678134918,0.07712499797344208,0.0,7.423000351991504e-05,0.0010449300752952695,0.0009193100268021226,0.006500000134110451,0.1720000058412552,0.1784999966621399,0.0,0.0002500000118743628,0.045499999076128006,0.042750000953674316,-0.9405174255371094,-0.35269895195961,0.09063365310430527,0.11708004772663116,-0.13686211
106,2506,-0.284803039682081,-0.4464306659821908,-0.165803039682081,0.08156933401780925,0.18478150399844315,0.15758109883756136,0.5027204751968384,0.4388202130794525,-1.0,0.8860465288162231,0.3084745705127716,0.07450000196695328,-0.08775000274181366,-0.07837499678134918,0.07712499797344208,9.13600015337579e-05,-7.994000043254346e-05,0.001164840068668127,0.001050640014000237,0.014999999664723873,0.1940000057220459,0.20900000631809235,0.000750000006519258,-0.0002500000118743628,0.04874999821186066,0.04699999839067459,-0.9478284120559692,-0.035568784922361374,-0.07527236640453339,-0.06926686316728592,0.0
107,2507,-0.2855326202578442,-0.44791199426578426,-0.1665326202578442,0.08008800573421576,0.18478961624622503,0.15756831598686152,0.5004580616950989,0.4467276930809021,-1.0,0.8860465288162231,0.3084745705127716,0.0572500005364418,-0.08824999630451202,-0.07824999839067459,0.07712499797344208,0.0,-7.423000351991504e-05,0.0010620600078254938,0.0009706999990157783,0.006500000134110451,0.17800000309944153,0.18449999392032623,-0.0002500000118743628,-0.0005000000237487257,0.04574999958276749,0.04450000077486038,-0.5675614476203918,0.5979599952697754,-0.958656370639801,0.35439568758010864,-0.09210737
108,2508,-0.27332228921338536,-0.4578455213692599,-0.15432228921338537,0.07015447863074015,0.16951996879427134,0.18356257013568075,0.4987613558769226,0.4442169666290283,-1.0,0.8860465288162231,0.3084745705127716,0.060750000178813934,-0.07737500220537186,-0.08012499660253525,0.07962500303983688,9.13600015337579e-05,0.0,0.0001884299999801442,0.0012562000192701817,0.00800000037997961,0.1264999955892563,0.13449999690055847,0.0002500000118743628,0.0,0.013749999925494194,0.05274999886751175,0.9885861873626709,0.2384263277053833,0.4946138858795166,-0.4979690909385681,0.0
109,2509,-0.28497814086881623,-0.4501129383858082,-0.16597814086881624,0.07788706161419184,0.18334431437369833,0.1598621905841471,0.5271574854850769,0.4273804724216461,-1.0,0.8860465288162231,0.3084745705127716,0.07874999940395355,-0.07500000298023224,-0.08012499660253525,0.07962500303983688,0.00013133000175002962,9.13600015337579e-05,0.0006109700188972056,0.0006281000096350908,0.019500000402331352,0.10849999636411667,0.12800000607967377,0.0012499999720603228,0.004000000189989805,0.032249998301267624,0.03424999862909317,-0.514340341091156,-0.6364157199859619,-0.8592214584350586,-0.16587601602077484,0.0
110,2510,-0.27620678694823275,-0.4575032055055145,-0.15720678694823276,0.07049679449448554,0.17228979045951842,0.17854798245826553,0.5000508427619934,0.4404865503311157,-1.0,0.8860465288162231,0.3084745705127716,0.06975000351667404,-0.08487500250339508,-0.08362500369548798,0.07999999821186066,0.0,0.0,0.00011420000373618677,0.0004510900180321187,0.0,0.0494999997317791,0.0494999997317791,0.0,0.0,0.007249999791383743,0.027499999850988388,0.6138025522232056,-0.9759044647216797,0.289969265460968,-0.9074170589447021,-0.14110854
111,2511,-0.2925797116230618,-0.4477079912096441,-0.1735797116230618,0.08029200879035592,0.1912504195099605,0.14771002833521552,0.5204493403434753,0.42796066403388977,-1.0,0.8860465288162231,0.3084745705127716,0.08112499862909317,-0.08150000125169754,-0.08174999803304672,0.07524999976158142,9.13600015337579e-05,7.423000351991504e-05,0.00020556000526994467,7.994000043254346e-05,0.014499999582767487,0.02500000037252903,0.039500001817941666,0.0002500000118743628,0.000750000006519258,0.01425000000745058,0.003000000026077032,-0.7567887902259827,-0.9178194999694824,-0.9273959398269653,-0.0732286348938942,0.0
112,2512,-0.29198386992135983,-0.44797746961111695,-0.17298386992135983,0.08002253038888307,0.19059649687968994,0.14867910268265755,0.4823727607727051,0.44456273317337036,-1.0,0.8860465288162231,0.3084745705127716,0.06712500005960464,-0.09812500327825546,-0.09212499856948853,0.07587499916553497,0.0,0.0,5.7100001868093386e-05,-6.851999933132902e-05,0.0,0.010999999940395355,0.010999999940395355,0.0,-0.0002500000118743628,0.0002500000118743628,-0.000750000006519258,-0.40919309854507446,-0.8564427495002747,-0.31646519899368286,-0.4878143072128296,-0.19987631
113,2513,-0.2843969931214255,-0.4518599152418054,-0.16539699312142553,0.07614008475819461,0.1820809650693722,0.1618946197646208,0.48375844955444336,0.44410598278045654,-1.0,0.8860465288162231,0.3084745705127716,0.07087499648332596,-0.09449999779462814,-0.09775000065565109,0.06650000065565109,0.0,0.0,0.0,0.0,0.0,0.0,0.0,0.0,0.0,-0.0002500000118743628,-0.0002500000118743628,0.4775394797325134,-0.8992923498153687,0.7734296321868896,-0.802953839302063,-0.25226957
114,2514,-0.18408056670173,-0.5031080685021623,-0.06508056670173001,0.02489193149783775,0.06967846450598188,0.49818457153005213,0.5014023184776306,0.43752557039260864,-1.0,0.8860465288162231,0.3084745705127716,0.07987499982118607,-0.09075000137090683,-0.0846249982714653,0.06912499666213989,1.7129999832832254e-05,0.0,7.994000043254346e-05,6.851999933132902e-05,0.001500000013038516,0.013000000268220901,0.014499999582767487,-0.0002500000118743628,0.0,0.0024999999441206455,0.0020000000949949026,0.8855187892913818,-0.0386679545044899,0.09944915771484375,-0.9620900750160217,-0.028640157
115,2515,-0.23220867364323142,-0.4867992662651963,-0.11320867364323142,0.04120073373480371,0.12047283614303216,0.29977341847710304,0.7346963286399841,0.35066428780555725,-1.0,0.8860465288162231,0.3084745705127716,0.09587500244379044,-0.08900000154972076,-0.08150000125169754,0.05225000157952309,0.00010278000263497233,9.13600015337579e-05,-1.7129999832832254e-05,0.0,0.017000000923871994,0.001500000013038516,0.01850000023841858,0.000750000006519258,0.004000000189989805,-0.0002500000118743628,-0.0002500000118743628,0.978759765625,0.026774130761623383,-0.9841662645339966,0.854250967502594,-0.14209996
116,2516,-0.18020244404382554,-0.5082552091987509,-0.06120244404382555,0.019744790801249135,0.06430859911957879,0.5256677124770304,0.6227705478668213,0.3783063292503357,-1.0,0.8860465288162231,0.3084745705127716,0.11337500065565109,-0.08924999833106995,-0.07999999821186066,0.06412500143051147,0.00016558999777771533,0.00010848999954760075,9.13600015337579e-05,0.00010848999954760075,0.024000000208616257,0.017500000074505806,0.04149999842047691,0.0022499999031424522,0.005499999970197678,0.0042500002309679985,0.00800000037997961,0.5749098062515259,-0.32297849655151367,-0.8552724123001099,-0.9427981972694397,0.0
117,2517,-0.20008351083696413,-0.5001335594358537,-0.08108351083696413,0.027866440564146333,0.08573840585970316,0.4242704986730798,0.743715226650238,0.341940313577652,-1.0,0.8860465288162231,0.3084745705127716,0.1236250028014183,-0.09387499839067459,-0.09375,0.05062500014901161,0.00023411000438500196,8.565000462112948e-05,3.425999966566451e-05,0.0,0.02800000086426735,0.003000000026077032,0.03099999949336052,0.0032500000670552254,0.002749999985098839,-0.0002500000118743628,-0.0002500000118743628,-0.3972797989845276,0.2250891476869583,0.9789986610412598,-0.7557209134101868,-0.11468651
118,2518,-0.24185916385734002,-0.4794767380545739,-0.12285916385734003,0.04852326194542611,0.13209421294496274,0.2668837444493126,0.6974802017211914,0.3557058274745941,-1.0,0.8860465288162231,0.3084745705127716,0.11774999648332596,-0.09187500178813934,-0.07612500339746475,0.05362499877810478,9.13600015337579e-05,0.00011420000373618677,7.423000351991504e-05,6.851999933132902e-05,0.017999999225139618,0.012500000186264515,0.030500000342726707,0.0002500000118743628,0.007000000216066837,0.0010000000474974513,0.0012499999720603228,-0.8737438321113586,-0.27449625730514526,-0.2716103494167328,0.5023741126060486,0.0
119,2519,-0.28069253982303205,-0.45375840663404665,-0.16169253982303206,0.07424159336595337,0.17792215044771234,0.16876948242651352,0.6003275513648987,0.39071738719940186,-1.0,0.8860465288162231,0.3084745705127716,0.10137499868869781,-0.09362500160932541,-0.08087500184774399,0.06237500160932541,8.565000462112948e-05,3.425999966566451e-05,7.423000351991504e-05,6.851999933132902e-05,0.010499999858438969,0.012500000186264515,0.023000000044703484,0.0002500000118743628,0.0002500000118743628,0.0005000000237487257,0.0024999999441206455,-0.9819257855415344,-0.07391984760761261,0.6507974863052368,0.8505488634109497,-0.032870382
120,2520,-0.27912344469559985,-0.4507820596199784,-0.16012344469559986,0.07721794038002161,0.1777698733129925,0.1690266755320811,0.5100173354148865,0.4343077838420868,-1.0,0.8860465288162231,0.3084745705127716,0.08312500268220901,-0.08974999934434891,-0.07712499797344208,0.06825000047683716,8.565000462112948e-05,0.0,0.00026266000350005925,0.00034831001539714634,0.007499999832361937,0.05350000038743019,0.061000000685453415,0.0,0.0,0.017249999567866325,0.02250000089406967,-0.774826169013977,-0.3452798128128052,0.5743342041969299,-0.8404094576835632,-0.06543358
121,2521,-0.259262924413157,-0.4659154165369955,-0.14026292441315702,0.06208458346300455,0.15338899396210204,0.21569499279098647,0.5136663913726807,0.43935245275497437,-1.0,0.8860465288162231,0.3084745705127716,0.06849999725818634,-0.0860000029206276,-0.06825000047683716,0.060499999672174454,9.13600015337579e-05,0.0,0.0003368900215718895,9.707000572234392e-05,0.00800000037997961,0.03799999877810478,0.04600000008940697,0.0002500000118743628,0.0,0.020999999716877937,0.006500000134110451,0.9835463166236877,0.1876111626625061,-0.3923008143901825,-0.21445849537849426,-0.0014866609
122,2522,-0.2825963634269193,-0.45098692501706866,-0.1635963634269193,0.07701307498293136,0.18081698992306908,0.1639539145924795,0.5598536729812622,0.41370269656181335,-1.0,0.8860465288162231,0.3084745705127716,0.08662500232458115,-0.0833749994635582,-0.06812500208616257,0.05824999883770943,8.565000462112948e-05,7.994000043254346e-05,0.00010848999954760075,7.423000351991504e-05,0.014499999582767487,0.01600000075995922,0.030500000342726707,0.000750000006519258,0.0022499999031424522,0.0062500000931322575,0.003000000026077032,-0.7484819889068604,-0.2617012560367584,-0.6885514855384827,0.8333364129066467,0.0
123,2523,-0.24007658978458626,-0.47722740133508545,-0.12107658978458627,0.05077259866491457,0.13129126920345263,0.26903529709158075,0.5055898427963257,0.4390052258968353,-1.0,0.8860465288162231,0.3084745705127716,0.0728750005364418,-0.08712500333786011,-0.0793749988079071,0.06949999928474426,9.13600015337579e-05,0.0,8.565000462112948e-05,0.0001541700039524585,0.00800000037997961,0.020999999716877937,0.028999999165534973,0.0002500000118743628,0.0,0.003000000026077032,0.011749999597668648,0.6196506023406982,-0.15538814663887024,-0.7077351808547974,-0.7773940563201904,-0.042646583
124,2524,-0.19745674064070767,-0.4961932955094314,-0.07845674064070768,0.031806704490568605,0.08465888377786249,0.4288754031533678,0.6044730544090271,0.3945298194885254,-1.0,0.8860465288162231,0.3084745705127716,0.08437500149011612,-0.08349999785423279,-0.0911249965429306,0.060874998569488525,2.2840000383439474e-05,6.851999933132902e-05,0.0,0.0,0.00800000037997961,0.0,0.00800000037997961,0.0002500000118743628,0.0002500000118743628,0.0,0.0,0.6958732604980469,0.8877134919166565,0.3892350196838379,-0.38789305090904236,-0.07054717
125,2525,-0.23179008125606973,-0.47986891853812264,-0.11279008125606974,0.04813108146187739,0.12263035281870753,0.29337502834703044,0.7035889625549316,0.36238425970077515,-1.0,0.8860465288162231,0.3084745705127716,0.09662500023841858,-0.07175000011920929,-0.0846249982714653,0.06362500041723251,0.00014275001012720168,0.0001598800008650869,7.994000043254346e-05,6.851999933132902e-05,0.026499999687075615,0.013000000268220901,0.039500001817941666,0.0017500000540167093,0.009999999776482582,0.001500000013038516,0.0020000000949949026,0.37653836607933044,0.9440577626228333,0.950049638748169,0.671453058719635,0.0
126,2526,-0.26383526771695004,-0.46486454560467655,-0.14483526771695004,0.06313545439532348,0.15799791256957973,0.2059793978366173,0.623744010925293,0.3900526762008667,-1.0,0.8860465288162231,0.3084745705127716,0.10212499648332596,-0.06287500262260437,-0.07724999636411667,0.06750000268220901,0.00035402001230977476,0.000491060025524348,0.00034260001848451793,0.00027407999732531607,0.07400000095367432,0.05400000140070915,0.12800000607967377,0.004749999847263098,0.027499999850988388,0.02225000038743019,0.01924999989569187,-0.6435678005218506,-0.8317408561706543,-0.8448825478553772,0.8190635442733765,0.0
127,2527,-0.2650458550874701,-0.46314346336961315,-0.1460458550874701,0.06485653663038687,0.15979913057310113,0.20230247395749035,0.5492203235626221,0.41548383235931396,-1.0,0.8860465288162231,0.3084745705127716,0.0923750028014183,-0.06525000184774399,-0.08574999868869781,0.07787500321865082,9.13600015337579e-05,7.423000351991504e-05,0.00011991000064881518,0.0005081900162622333,0.014499999582767487,0.054999999701976776,0.06949999928474426,0.0002500000118743628,0.0012499999720603228,0.00774999987334013,0.028999999165534973,0.03312332183122635,-0.015433873981237411,0.04614686965942383,0.753658652305603,0.0
128,2528,-0.26870718854245196,-0.46171607824388117,-0.14970718854245196,0.06628392175611886,0.16372477083403278,0.19451466732796038,0.546405017375946,0.41840091347694397,-1.0,0.8860465288162231,0.3084745705127716,0.0923750028014183,-0.06525000184774399,-0.08699999749660492,0.08299999684095383,0.0001256200048374012,7.423000351991504e-05,0.00017130000924225897,0.0010677700629457831,0.017500000074505806,0.10849999636411667,0.12600000202655792,0.0012499999720603228,0.000750000006519258,0.011749999597668648,0.04699999839067459,-0.383992463350296,-0.16871659457683563,-0.9441503286361694,0.17145097255706787,0.0
129,2529,-0.28537266949911244,-0.45400571008812823,-0.16637266949911245,0.07399428991187179,0.18208520010100498,0.16188776362144297,0.5378902554512024,0.4208202064037323,-1.0,0.8860465288162231,0.3084745705127716,0.08574999868869781,-0.06825000047683716,-0.10249999910593033,0.09587500244379044,8.565000462112948e-05,6.851999933132902e-05,0.0001256200048374012,0.00042825000127777457,0.013500000350177288,0.048500001430511475,0.06199999898672104,0.0002500000118743628,0.0005000000237487257,0.007499999832361937,0.027499999850988388,0.18247583508491516,-0.7648062705993652,0.3382270336151123,-0.21938742697238922,0.0
130,2530,-0.2733021159144623,-0.4580177811346524,-0.1543021159144623,0.06998221886534761,0.1694303807851401,0.1837270938735422,0.49913331866264343,0.43388861417770386,-1.0,0.8860465288162231,0.3084745705127716,0.08900000154972076,-0.08250000327825546,-0.10237500071525574,0.09587500244379044,9.13600015337579e-05,7.423000351991504e-05,0.0003197600017301738,0.0002797899942379445,0.014499999582767487,0.05249999836087227,0.06700000166893005,0.0005000000237487257,0.0005000000237487257,0.019750000908970833,0.019500000402331352,-0.6694761514663696,0.6119048595428467,0.4155980348587036,-0.9868359565734863,0.0
131,2531,-0.2876273969283819,-0.4466455662694244,-0.1686273969283819,0.0813544337305756,0.18722644813824965,0.15377504651774548,0.5272043943405151,0.42708849906921387,-1.0,0.8860465288162231,0.3084745705127716,0.0767500028014183,-0.0716250017285347,-0.09262499958276749,0.08500000089406967,9.13600015337579e-05,7.994000043254346e-05,0.00023411000438500196,7.994000043254346e-05,0.014999999664723873,0.027499999850988388,0.042500000447034836,0.0,0.001500000013038516,0.01575000025331974,0.0042500002309679985,-0.746412456035614,-0.9482476115226746,0.6684527397155762,0.5299904942512512,0.0
132,2532,-0.286765894434278,-0.4520616899304334,-0.16776589443427803,0.07593831006956664,0.18415217150920313,0.15857593501965234,0.49388977885246277,0.4463634490966797,-1.0,0.8860465288162231,0.3084745705127716,0.06274999678134918,-0.0886249989271164,-0.08912499994039536,0.08500000089406967,8.565000462112948e-05,0.0,0.0006566499941982329,0.0003825699968729168,0.007499999832361937,0.09099999815225601,0.09849999845027924,0.0002500000118743628,0.0,0.03375000134110451,0.024000000208616257,0.9502001404762268,-0.9597537517547607,0.18554270267486572,0.8811839818954468,-0.13917047
133,2533,-0.27523495480777044,-0.46008209809847583,-0.15623495480777044,0.06791790190152419,0.17035903997877874,0.18202879324276686,0.495893269777298,0.43718358874320984,-1.0,0.8860465288162231,0.3084745705127716,0.08037500083446503,-0.08500000089406967,-0.08924999833106995,0.08649999648332596,9.707000572234392e-05,0.0,0.000867919996380806,0.001319010043516755,0.008500000461935997,0.1914999932050705,0.20000000298023224,0.0005000000237487257,0.0002500000118743628,0.04075000062584877,0.05400000140070915,0.6755994558334351,-0.7569993734359741,-0.7081319689750671,-0.7030797600746155,-0.11483993
134,2534,-0.2862246725896127,-0.4522605171463818,-0.1672246725896127,0.0757394828536182,0.18357712380805158,0.15949044921489683,0.5227094292640686,0.42358967661857605,-1.0,0.8860465288162231,0.3084745705127716,0.09262499958276749,-0.0833749994635582,-0.08937499672174454,0.08649999648332596,0.00013133000175002962,9.13600015337579e-05,0.00021127000218257308,0.0004568000149447471,0.019500000402331352,0.05849999934434891,0.07800000160932541,0.0012499999720603228,0.0044999998062849045,0.014499999582767487,0.02775000035762787,-0.521600604057312,-0.15670035779476166,-0.18961971998214722,-0.21584652364253998,0.0
135,2535,-0.2721191120381851,-0.46012893525851045,-0.15311911203818512,0.06787106474148957,0.16748714547840907,0.18733225859992467,0.4971519112586975,0.4368465840816498,-1.0,0.8860465288162231,0.3084745705127716,0.08362500369548798,-0.08399999886751175,-0.09000000357627869,0.08649999648332596,0.0,0.0,0.00013703999866265804,0.00029121001716703176,0.0,0.03750000149011612,0.03750000149011612,-0.0002500000118743628,0.0,0.008750000037252903,0.019750000908970833,-0.3351345360279083,0.35725343227386475,0.40106311440467834,-0.1541423201560974,-0.06421615
136,2536,-0.2669867364799625,-0.46620103613987485,-0.14798673647996252,0.06179896386012518,0.16037202408205406,0.20114680973918972,0.5299555659294128,0.42351028323173523,-1.0,0.8860465288162231,0.3084745705127716,0.08662500232458115,-0.0794999971985817,-0.09000000357627869,0.08649999648332596,0.00010848999954760075,9.13600015337579e-05,0.0003997000167146325,0.0001827200030675158,0.017500000074505806,0.050999999046325684,0.06849999725818634,0.0012499999720603228,0.0042500002309679985,0.023749999701976776,0.014000000432133675,0.9721679091453552,-0.13090777397155762,-0.058711908757686615,0.7922838926315308,0.0
137,2537,-0.28501968338806927,-0.4533159524414947,-0.16601968338806927,0.07468404755850533,0.18204461604781355,0.16195347757133174,0.54189133644104,0.41321858763694763,-1.0,0.8860465288162231,0.3084745705127716,0.10400000214576721,-0.08025000244379044,-0.09012500196695328,0.08649999648332596,0.0001884299999801442,7.423000351991504e-05,0.00035973000922240317,0.0009421500144526362,0.023000000044703484,0.11400000005960464,0.13699999451637268,0.002749999985098839,0.0010000000474974513,0.02199999988079071,0.04349999874830246,-0.903224527835846,-0.834809422492981,0.35823413729667664,0.5891420841217041,0.0
138,2538,-0.284968056280318,-0.45345352972231456,-0.16596805628031802,0.07454647027768546,0.1819411221695872,0.16212117627016784,0.4999542236328125,0.43505769968032837,-1.0,0.8860465288162231,0.3084745705127716,0.08837500214576721,-0.09537500143051147,-0.09012500196695328,0.08900000154972076,7.994000043254346e-05,0.0,0.0007137500215321779,0.0016159299993887544,0.007000000216066837,0.20399999618530273,0.210999995470047,0.0002500000118743628,0.0,0.03525000065565109,0.060499999672174454,-0.06628847122192383,0.3996165692806244,0.6207655668258667,-0.15483404695987701,0.0
139,2539,-0.2810622210556724,-0.4570865011915506,-0.16206222105567242,0.07091349880844944,0.1768979587410595,0.17050688746068698,0.5000742673873901,0.43482452630996704,-1.0,0.8860465288162231,0.3084745705127716,0.08737500011920929,-0.08812499791383743,-0.08974999934434891,0.08900000154972076,0.0,7.423000351991504e-05,0.0014788900734856725,0.0013532700249925256,0.006500000134110451,0.24799999594688416,0.25450000166893005,0.0,0.0002500000118743628,0.057750001549720764,0.054749999195337296,-0.15313215553760529,0.19350425899028778,-0.663854718208313,-0.49826356768608093,-0.04237586
140,2540,-0.27362370437777955,-0.4622347524978688,-0.15462370437777956,0.06576524750213125,0.16802844323067315,0.18632097279776486,0.5091575980186462,0.42866694927215576,-1.0,0.8860465288162231,0.3084745705127716,0.09062500298023224,-0.08562500029802322,-0.08974999934434891,0.08900000154972076,0.00011420000373618677,7.994000043254346e-05,0.0007651399937458336,0.0007023300277069211,0.017000000923871994,0.12849999964237213,0.14550000429153442,0.0010000000474974513,0.0024999999441206455,0.032999999821186066,0.036249998956918716,0.6148324012756348,-0.351764053106308,-0.6435182094573975,0.546762228012085,0.0
141,2541,-0.2869212921651743,-0.45292649243149,-0.16792129216517432,0.07507350756851,0.18393909834796127,0.15891417800190596,0.5264564752578735,0.41994109749794006,-1.0,0.8860465288162231,0.3084745705127716,0.10175000131130219,-0.09137500077486038,-0.09187500178813934,0.08924999833106995,0.00013703999866265804,7.423000351991504e-05,0.0001884299999801442,0.0014217899879440665,0.01850000023841858,0.14100000262260437,0.15950000286102295,0.0017500000540167093,0.0010000000474974513,0.013249999843537807,0.05624999850988388,-0.9119020104408264,-0.5484685897827148,-0.34019899368286133,-0.26031434535980225,0.0
142,2542,-0.2874257905079405,-0.45290511107397224,-0.1684257905079405,0.07509488892602778,0.18440848475880145,0.15817000433681982,0.4955318868160248,0.4357178211212158,-1.0,0.8860465288162231,0.3084745705127716,0.08562500029802322,-0.10100000351667404,-0.09562499821186066,0.09200000017881393,0.0,0.0,0.0001256200048374012,0.0008279500179924071,0.0,0.08349999785423279,0.08349999785423279,0.0,-0.0002500000118743628,0.00800000037997961,0.04100000113248825,-0.9515776634216309,-0.9561138153076172,0.611580491065979,-0.7712452411651611,-0.276923
143,2543,-0.28785238827475884,-0.4506718583107846,-0.16885238827475885,0.07732814168921542,0.18571690963182996,0.15611394896093303,0.494358628988266,0.43575406074523926,-1.0,0.8860465288162231,0.3084745705127716,0.08900000154972076,-0.09724999964237213,-0.09549999982118607,0.09175000339746475,8.565000462112948e-05,0.0,0.0005995500250719488,0.00016558999777771533,0.007499999832361937,0.06700000166893005,0.07450000196695328,0.000750000006519258,-0.0002500000118743628,0.030500000342726707,0.012749999761581421,-0.9534079432487488,-0.2282058298587799,-0.6560287475585938,-0.9577831625938416,-0.051384702
144,2544,-0.28362386131349043,-0.4552277617816648,-0.16462386131349044,0.07277223821833523,0.17999115080767017,0.1653135164853564,0.493366539478302,0.43953922390937805,-1.0,0.8860465288162231,0.3084745705127716,0.07150000333786011,-0.09375,-0.09312500059604645,0.07975000143051147,0.0,6.851999933132902e-05,7.994000043254346e-05,5.7100001868093386e-05,0.006000000052154064,0.012000000104308128,0.017999999225139618,0.0,0.0002500000118743628,0.0012499999720603228,0.0010000000474974513,-0.46638593077659607,0.25737595558166504,-0.7222824096679688,0.5942946076393127,-0.07996632
145,2545,-0.28584434463678765,-0.4507022023836861,-0.16684434463678766,0.07729779761631395,0.18388035472451048,0.15900755737276903,0.503200352191925,0.43181735277175903,-1.0,0.8860465288162231,0.3084745705127716,0.07512500137090683,-0.08887500315904617,-0.10637500137090683,0.09099999815225601,8.565000462112948e-05,0.0,7.423000351991504e-05,6.28100024187006e-05,0.007499999832361937,0.012000000104308128,0.019500000402331352,0.0002500000118743628,0.0,0.000750000006519258,0.000750000006519258,-0.5867420434951782,0.21955451369285583,0.5989199876785278,-0.4275493621826172,0.0
146,2546,-0.28766866509461075,-0.4502892675126696,-0.16866866509461076,0.0777107324873304,0.18570965653006685,0.1561252724751656,0.4980364143848419,0.4394877851009369,-1.0,0.8860465288162231,0.3084745705127716,0.06424999982118607,-0.08487500250339508,-0.09662500023841858,0.08299999684095383,0.0,0.0,9.13600015337579e-05,6.28100024187006e-05,0.0,0.013500000350177288,0.013500000350177288,0.0,0.0,0.0035000001080334187,0.000750000006519258,0.4452061951160431,-0.19312308728694916,0.811845064163208,0.8535333871841431,-0.047174774
147,2547,-0.2680521482983617,-0.46392491978706285,-0.14905214829836172,0.06407508021293717,0.16224105157650806,0.19742223564161487,0.4937938153743744,0.4401876926422119,-1.0,0.8860465288162231,0.3084745705127716,0.07225000113248825,-0.08112499862909317,-0.0925000011920929,0.08637499809265137,9.13600015337579e-05,0.0,0.00044538002111949027,0.0003997000167146325,0.00800000037997961,0.07400000095367432,0.0820000022649765,0.0005000000237487257,0.0,0.025499999523162842,0.026000000536441803,0.9758930802345276,0.7627757787704468,0.11811073869466782,-0.19244368374347687,0.0
148,2548,-0.27602253826110457,-0.45920805812777027,-0.15702253826110457,0.06879194187222976,0.17143047800351105,0.1800888785857926,0.5394136309623718,0.4170764088630676,-1.0,0.8860465288162231,0.3084745705127716,0.0898749977350235,-0.0702499970793724,-0.09224999696016312,0.08637499809265137,0.0001484600070398301,0.00011420000373618677,0.0005253200070001185,0.00026837000041268766,0.023000000044703484,0.06949999928474426,0.0925000011920929,0.0017500000540167093,0.006750000175088644,0.029249999672174454,0.01899999938905239,-0.032910704612731934,-0.8930518627166748,-0.434233158826828,-0.6259527206420898,0.0
149,2549,-0.2538763557262581,-0.4708445814406202,-0.1348763557262581,0.057155418559379834,0.14648676801914232,0.2311085696959362,0.5208778381347656,0.4250710904598236,-1.0,0.8860465288162231,0.3084745705127716,0.0898749977350235,-0.08362500369548798,-0.09187500178813934,0.08287499845027924,9.13600015337579e-05,6.851999933132902e-05,0.0001827200030675158,7.423000351991504e-05,0.014000000432133675,0.02250000089406967,0.0364999994635582,0.000750000006519258,0.0002500000118743628,0.012249999679625034,0.002749999985098839,0.1231951117515564,0.6349825263023376,-0.32565468549728394,0.03794028237462044,0.0
150,2550,-0.19886276860547777,-0.4995324698205623,-0.07986276860547778,0.028467530179437706,0.08478479866019194,0.42833572503298534,0.572380542755127,0.40534818172454834,-1.0,0.8860465288162231,0.3084745705127716,0.09162499755620956,-0.07437500357627869,-0.0925000011920929,0.08275000005960464,0.00014275001012720168,9.707000572234392e-05,7.423000351991504e-05,7.994000043254346e-05,0.020999999716877937,0.013500000350177288,0.03449999913573265,0.0017500000540167093,0.005499999970197678,0.001500000013038516,0.0042500002309679985,0.4494319260120392,-0.49221071600914,-0.6637430787086487,-0.16503280401229858,0.0
151,2551,-0.21526996050222624,-0.49128829293767134,-0.09626996050222625,0.03671170706232868,0.10303229945279507,0.356891667894897,0.7003191709518433,0.3567246198654175,-1.0,0.8860465288162231,0.3084745705127716,0.10037499666213989,-0.08137500286102295,-0.1041250005364418,0.08187499642372131,0.00010848999954760075,7.423000351991504e-05,0.0,0.0,0.01600000075995922,0.0,0.01600000075995922,0.0010000000474974513,0.0012499999720603228,0.0,0.0,4.2498111724853516e-05,0.4349546432495117,-0.699442982673645,-0.8514549732208252,-0.23410778
152,2552,-0.18996742869465874,-0.5018128862993201,-0.07096742869465875,0.026187113700679943,0.07564483366036184,0.469330373880906,0.6621628999710083,0.3706977963447571,-1.0,0.8860465288162231,0.3084745705127716,0.10037499666213989,-0.07750000059604645,-0.10175000131130219,0.08375000208616257,9.707000572234392e-05,0.0001484600070398301,8.565000462112948e-05,7.994000043254346e-05,0.0215000007301569,0.014499999582767487,0.035999998450279236,0.0010000000474974513,0.009750000201165676,0.002749999985098839,0.0037499999161809683,-0.2664221227169037,0.05136813595890999,-0.7540584802627563,-0.5118265151977539,0.0
153,2553,-0.18783925366860668,-0.5017828895233957,-0.06883925366860669,0.026217110476604355,0.07366260738932105,0.4787263812570363,0.7210059762001038,0.3528595268726349,-1.0,0.8860465288162231,0.3084745705127716,0.09600000083446503,-0.07474999874830246,-0.1145000010728836,0.07625000178813934,8.565000462112948e-05,0.00010278000263497233,6.851999933132902e-05,-5.7100001868093386e-05,0.016499999910593033,0.010999999940395355,0.027499999850988388,0.0,0.006000000052154064,0.0,-0.0002500000118743628,0.0897519662976265,0.4493434727191925,-0.755439817905426,-0.41842949390411377,0.0
154,2554,-0.19207109600356392,-0.49810691924719375,-0.07307109600356393,0.029893080752806278,0.07894923272620104,0.45407525840717217,0.7259552478790283,0.3529103696346283,-1.0,0.8860465288162231,0.3084745705127716,0.09662500023841858,-0.06975000351667404,-0.12862500548362732,0.06849999725818634,0.00017130000924225897,0.0001884299999801442,6.851999933132902e-05,0.0,0.03150000050663948,0.006000000052154064,0.03750000149011612,0.0020000000949949026,0.012749999761581421,0.0,-0.0002500000118743628,-0.19316039979457855,0.372148334980011,-0.5088939666748047,0.8164366483688354,-0.08506728
155,2555,-0.20911058804084892,-0.49208310477322825,-0.09011058804084893,0.03591689522677177,0.09700485266108333,0.37906464293466646,0.7161137461662292,0.3591408133506775,-1.0,0.8860465288162231,0.3084745705127716,0.09387499839067459,-0.06400000303983688,-0.12475000321865082,0.0833749994635582,9.13600015337579e-05,0.00022269001055974513,0.0,6.28100024187006e-05,0.027499999850988388,0.005499999970197678,0.032999999821186066,0.0005000000237487257,0.014999999664723873,-0.0002500000118743628,0.0005000000237487257,-0.6954408288002014,-0.34492024779319763,0.08296284824609756,0.7646397948265076,-0.014044459
156,2556,-0.2348967123864708,-0.4813255769309428,-0.11589671238647081,0.046674423069057225,0.12494218547320868,0.28667048614435187,0.6764870285987854,0.3693506717681885,-1.0,0.8860465288162231,0.3084745705127716,0.08112499862909317,-0.0637499988079071,-0.12125000357627869,0.0976250022649765,8.565000462112948e-05,7.994000043254346e-05,7.423000351991504e-05,6.28100024187006e-05,0.014499999582767487,0.012000000104308128,0.026499999687075615,0.0,0.0017500000540167093,0.0002500000118743628,0.0005000000237487257,0.5907509326934814,0.5283055305480957,-0.08356904983520508,0.7904249429702759,0.0
157,2557,-0.2530552527962429,-0.47199475838457156,-0.13405525279624292,0.05600524161542847,0.145283852821527,0.23390539781392092,0.6165192723274231,0.38758376240730286,-1.0,0.8860465288162231,0.3084745705127716,0.09049999713897705,-0.06062500178813934,-0.12300000339746475,0.10724999755620956,0.00023411000438500196,0.00022269001055974513,7.423000351991504e-05,0.0001484600070398301,0.03999999910593033,0.019500000402331352,0.05950000137090683,0.0032500000670552254,0.015250000171363354,0.000750000006519258,0.01075000036507845,0.6268625259399414,-0.9641422033309937,0.7449389696121216,0.11497167497873306,0.0
158,2558,-0.19781210860273166,-0.4990085478486372,-0.07881210860273166,0.02899145215136284,0.08397531042070361,0.4318171241001797,0.5742900967597961,0.403398722410202,-1.0,0.8860465288162231,0.3084745705127716,0.10249999910593033,-0.07262499630451202,-0.11837500333786011,0.10700000077486038,0.00019414001144468784,8.565000462112948e-05,0.000308340007904917,0.00020556000526994467,0.02449999935925007,0.04500000178813934,0.06949999928474426,0.002749999985098839,0.0032500000670552254,0.01924999989569187,0.01549999974668026,-0.5320091843605042,-0.3090955913066864,-0.7824376821517944,-0.9369027614593506,0.0
159,2559,-0.2699166020044431,-0.4671112384122631,-0.15091660200444312,0.06088876158773693,0.16273678763038107,0.19644596430503272,0.7027625441551208,0.35761263966560364,-1.0,0.8860465288162231,0.3084745705127716,0.09399999678134918,-0.07699999958276749,-0.12325000017881393,0.09724999964237213,8.565000462112948e-05,6.851999933132902e-05,0.0,0.0,0.013500000350177288,0.0,0.013500000350177288,0.0,0.0005000000237487257,-0.0002500000118743628,0.0,-0.10162787139415741,-0.9151822328567505,-0.09938573837280273,-0.5975968837738037,-0.13163792
160,2560,-0.2768800529154639,-0.4630888191736012,-0.15788005291546392,0.06491118082639885,0.1707031707522363,0.1814034527603225,0.535077691078186,0.4116758704185486,-1.0,0.8860465288162231,0.3084745705127716,0.09224999696016312,-0.09387499839067459,-0.1197500005364418,0.10074999928474426,0.0,0.0,7.423000351991504e-05,5.7100001868093386e-05,0.0,0.011500000022351742,0.011500000022351742,-0.0002500000118743628,0.0,0.0002500000118743628,0.0005000000237487257,-0.30273890495300293,0.40715673565864563,0.9822320342063904,0.9523746967315674,-0.060328674
161,2561,-0.293774463106288,-0.45074223555973336,-0.17477446310628802,0.07725776444026666,0.19108865774922112,0.14794916003752087,0.5188835859298706,0.4184935390949249,-1.0,0.8860465288162231,0.3084745705127716,0.09537500143051147,-0.0885000005364418,-0.11349999904632568,0.10599999874830246,0.00011420000373618677,9.13600015337579e-05,0.00042254000436514616,0.00041112001053988934,0.017999999225139618,0.0729999989271164,0.09099999815225601,0.0010000000474974513,0.0044999998062849045,0.02449999935925007,0.025499999523162842,-0.7424383163452148,-0.2442125678062439,-0.8040940165519714,-0.3702694773674011,0.0
162,2562,-0.2909831481298861,-0.4474422264454952,-0.17198314812988613,0.08055777355450483,0.18991513399601737,0.1496956060096656,0.47959426045417786,0.4394199252128601,-1.0,0.8860465288162231,0.3084745705127716,0.0820000022649765,-0.09075000137090683,-0.1172500029206276,0.10662499815225601,0.0,0.0,9.13600015337579e-05,0.0001484600070398301,0.0,0.020999999716877937,0.020999999716877937,0.0,0.0,0.0020000000949949026,0.010499999858438969,-0.8491933941841125,-0.5544444918632507,0.9651996493339539,-0.1292920708656311,-0.090533346
163,2563,-0.2888801026533178,-0.4528217117844937,-0.16988010265331782,0.07517828821550632,0.18577143024834453,0.1560288578716953,0.4860857129096985,0.445013165473938,-1.0,0.8860465288162231,0.3084745705127716,0.06599999964237213,-0.08712500333786011,-0.1120000034570694,0.10537499934434891,5.7100001868093386e-05,6.851999933132902e-05,0.000491060025524348,0.00010848999954760075,0.010999999940395355,0.05249999836087227,0.06350000202655792,0.0002500000118743628,0.0002500000118743628,0.027499999850988388,0.008249999955296516,0.9030233025550842,-0.4308781623840332,0.44236329197883606,-0.36291924118995667,0.0
164,2564,-0.27550077627485364,-0.4630447839546169,-0.15650077627485365,0.06495521604538312,0.1694451919239203,0.18369988381380137,0.4909765124320984,0.4358954131603241,-1.0,0.8860465288162231,0.3084745705127716,0.08299999684095383,-0.0949999988079071,-0.10525000095367432,0.09862499684095383,8.565000462112948e-05,0.0,0.0005767100374214351,0.00011420000373618677,0.007499999832361937,0.060499999672174454,0.06800000369548798,0.0,0.0,0.030500000342726707,0.008249999955296516,0.6771793365478516,-0.3463382124900818,-0.7361050844192505,0.23785768449306488,-0.06556059
165,2565,-0.28692992704214204,-0.45368379832497985,-0.16792992704214205,0.07431620167502018,0.1836392066737967,0.15939146370313495,0.5220912098884583,0.4185681641101837,-1.0,0.8860465288162231,0.3084745705127716,0.09525000303983688,-0.0923750028014183,-0.1067499965429306,0.09862499684095383,0.00010848999954760075,8.565000462112948e-05,0.00010278000263497233,0.00023982000129763037,0.017000000923871994,0.029999999329447746,0.04699999839067459,0.000750000006519258,0.0022499999031424522,0.006000000052154064,0.017000000923871994,-0.8534889221191406,0.04097214341163635,-0.33613091707229614,-0.4753781855106354,0.0
166,2566,-0.2460728132506251,-0.4791506286388761,-0.1270728132506251,0.04884937136112394,0.13613875623717603,0.2563048910811707,0.4955118000507355,0.4344342350959778,-1.0,0.8860465288162231,0.3084745705127716,0.07975000143051147,-0.09049999713897705,-0.11025000363588333,0.09812500327825546,0.0,0.0,7.994000043254346e-05,5.7100001868093386e-05,0.0,0.012000000104308128,0.012000000104308128,-0.0002500000118743628,0.0,0.0005000000237487257,0.0002500000118743628,-0.7466269731521606,0.45931097865104675,-0.6907753348350525,0.40749141573905945,-0.11359524
167,2567,-0.2921083073645682,-0.4480555211128595,-0.17310830736456823,0.07994447888714051,0.19067670487807964,0.14855989796262267,0.5905283689498901,0.39127013087272644,-1.0,0.8860465288162231,0.3084745705127716,0.0833749994635582,-0.08212500065565109,-0.12287499755620956,0.10537499934434891,8.565000462112948e-05,7.423000351991504e-05,7.423000351991504e-05,6.851999933132902e-05,0.014000000432133675,0.012500000186264515,0.026499999687075615,0.0,0.0002500000118743628,0.0,0.0010000000474974513,-0.7719846963882446,-0.8295867443084717,0.8348265886306763,0.4708656668663025,0.0
168,2568,-0.2891076380363894,-0.45470251903463527,-0.1701076380363894,0.07329748096536476,0.1852272367503961,0.15688027133832722,0.48346903920173645,0.44397369027137756,-1.0,0.8860465288162231,0.3084745705127716,0.06887499988079071,-0.09737499803304672,-0.11612500250339508,0.10724999755620956,8.565000462112948e-05,0.0,0.00027407999732531607,0.00019414001144468784,0.007499999832361937,0.04100000113248825,0.048500001430511475,0.0002500000118743628,-0.0002500000118743628,0.017750000581145287,0.014750000089406967,0.8498632907867432,0.12607678771018982,-0.8389756083488464,-0.3448740243911743,-0.008870786
169,2569,-0.25490882888816013,-0.4770606219192931,-0.13590882888816014,0.05093937808070692,0.14514141383147816,0.23423880769670077,0.49044734239578247,0.43270760774612427,-1.0,0.8860465288162231,0.3084745705127716,0.08474999666213989,-0.09375,-0.12300000339746475,0.10750000178813934,5.7100000958598685e-06,0.0,7.423000351991504e-05,6.28100024187006e-05,0.0005000000237487257,0.012000000104308128,0.012500000186264515,0.0002500000118743628,0.0,0.0002500000118743628,0.001500000013038516,-0.7215285301208496,-0.40798419713974,-0.7431898713111877,0.49369731545448303,-0.18354154
170,2570,-0.19877140345037175,-0.5010305841833209,-0.07977140345037176,0.02696941581667911,0.08420704363611707,0.4308176189338074,0.5699794888496399,0.3948124945163727,-1.0,0.8860465288162231,0.3084745705127716,0.0886249989271164,-0.09012500196695328,-0.1366250067949295,0.1172500029206276,0.0,6.851999933132902e-05,1.1420000191719737e-05,6.28100024187006e-05,0.006000000052154064,0.006500000134110451,0.012500000186264515,0.0,0.0002500000118743628,-0.0002500000118743628,0.0005000000237487257,-0.8708163499832153,0.5055933594703674,-0.4714938700199127,-0.8451926708221436,-0.20907725
171,2571,-0.26413368625126543,-0.46704695729116663,-0.14513368625126544,0.060953042708833394,0.15741365982768338,0.20718636053924447,0.7005316019058228,0.35418546199798584,-1.0,0.8860465288162231,0.3084745705127716,0.09175000339746475,-0.08287499845027924,-0.132874995470047,0.10187499970197678,0.00010848999954760075,9.13600015337579e-05,0.0,0.0,0.017500000074505806,0.0,0.017500000074505806,0.0012499999720603228,0.0044999998062849045,-0.0002500000118743628,-0.0002500000118743628,-0.4558691680431366,0.4676581025123596,0.8207165002822876,0.6252659559249878,0.0
172,2572,-0.2525999032064066,-0.47360628293120915,-0.13359990320640658,0.05439371706879087,0.1442484335905277,0.23633988108933818,0.5485262870788574,0.411784827709198,-1.0,0.8860465288162231,0.3084745705127716,0.08362500369548798,-0.07437500357627869,-0.12200000137090683,0.10899999737739563,9.13600015337579e-05,9.707000572234392e-05,0.00013133000175002962,0.00011420000373618677,0.016499999910593033,0.0215000007301569,0.03799999877810478,0.0005000000237487257,0.004999999888241291,0.008750000037252903,0.008750000037252903,0.8248504400253296,0.33972325921058655,-0.06883669644594193,0.568429708480835,0.0
173,2573,-0.24975001551003556,-0.4790156599772991,-0.13075001551003557,0.04898434002270091,0.13962461145275973,0.24752440035803794,0.5753490328788757,0.40066730976104736,-1.0,0.8860465288162231,0.3084745705127716,0.09787499904632568,-0.07187499850988388,-0.12212499976158142,0.11112499982118607,0.0002169799990952015,0.0001884299999801442,0.00011420000373618677,0.00041112001053988934,0.03550000116229057,0.04600000008940697,0.08150000125169754,0.002749999985098839,0.012500000186264515,0.006500000134110451,0.025750000029802322,0.9497871994972229,-0.6814926266670227,0.5436882972717285,-0.6413841247558594,0.0
174,2574,-0.2729339419748407,-0.47020646946023037,-0.15393394197484073,0.057793530539769655,0.16442551707130168,0.19315637775543518,0.5819767117500305,0.3914988934993744,-1.0,0.8860465288162231,0.3084745705127716,0.11512500047683716,-0.08150000125169754,-0.12087500095367432,0.10962499678134918,0.0002797899942379445,0.00010848999954760075,0.0004054100136272609,8.565000462112948e-05,0.03400000184774399,0.0430000014603138,0.07699999958276749,0.0037499999161809683,0.0062500000931322575,0.024250000715255737,0.004749999847263098,0.35365045070648193,-0.9751173257827759,-0.6594774723052979,0.8440169095993042,0.0
175,2575,-0.214175085412824,-0.5001968171256972,-0.09517508541282402,0.027803182874302834,0.09915298210987038,0.3710086797489275,0.5280606150627136,0.4064297080039978,-1.0,0.8860465288162231,0.3084745705127716,0.12274999916553497,-0.09712500125169754,-0.1237500011920929,0.11312499642372131,0.0001541700039524585,7.423000351991504e-05,0.00010278000263497233,0.0005139000131748617,0.019999999552965164,0.05400000140070915,0.07400000095367432,0.0017500000540167093,0.0010000000474974513,0.005499999970197678,0.029249999672174454,0.2787840962409973,0.18335357308387756,-0.6467958092689514,-0.7902008295059204,0.0
176,2576,-0.21305259427667422,-0.5021272030233703,-0.09405259427667423,0.025872796976629697,0.09754635879194361,0.37701753227039203,0.6647090911865234,0.3555986285209656,-1.0,0.8860465288162231,0.3084745705127716,0.12725000083446503,-0.09700000286102295,-0.13312500715255737,0.11275000125169754,0.0002169799990952015,0.00011991000064881518,7.423000351991504e-05,6.28100024187006e-05,0.029500000178813934,0.012000000104308128,0.04149999842047691,0.003000000026077032,0.007499999832361937,0.0,0.0005000000237487257,0.6149441599845886,-0.02401369996368885,-0.3372423052787781,0.4676230251789093,0.0
177,2577,-0.19859427138952304,-0.5075875163705974,-0.07959427138952305,0.020412483629402622,0.08217005248841987,0.43968332597370213,0.6673195362091064,0.35232678055763245,-1.0,0.8860465288162231,0.3084745705127716,0.13737499713897705,-0.09737499803304672,-0.13950000703334808,0.11887499690055847,0.0004739300056826323,0.00011991000064881518,7.423000351991504e-05,9.13600015337579e-05,0.052000001072883606,0.014499999582767487,0.06650000065565109,0.005750000011175871,0.007499999832361937,0.0002500000118743628,0.005750000011175871,-0.8563961982727051,-0.45661115646362305,-0.30388349294662476,-0.5139731168746948,0.0
178,2578,-0.23682106789013146,-0.48804396001001665,-0.11782106789013147,0.03995603998998337,0.12441177263608183,0.2881950629041982,0.7009435296058655,0.34307199716567993,-1.0,0.8860465288162231,0.3084745705127716,0.12399999797344208,-0.10237500071525574,-0.14487500488758087,0.11212500184774399,9.13600015337579e-05,7.423000351991504e-05,0.0,0.0,0.014499999582767487,0.0,0.014499999582767487,0.0005000000237487257,0.0005000000237487257,-0.0002500000118743628,0.0,-0.03082677535712719,0.8485021591186523,0.9587880373001099,0.11444097012281418,-0.010267084
179,2579,-0.2270323736416299,-0.49769925449353486,-0.1080323736416299,0.030300745506465165,0.11220128757234607,0.3256236944909261,0.6120440363883972,0.3761966824531555,-1.0,0.8860465288162231,0.3084745705127716,0.12349999696016312,-0.09337499737739563,-0.13075000047683716,0.11362499743700027,8.565000462112948e-05,0.00021127000218257308,0.00011991000064881518,7.994000043254346e-05,0.026000000536441803,0.017500000074505806,0.04349999874830246,0.0005000000237487257,0.01425000000745058,0.007249999791383743,0.0044999998062849045,0.8215925693511963,-0.8336927890777588,-0.9778087139129639,0.6591892242431641,0.0
180,2580,-0.26886696082380523,-0.47960355636861557,-0.14986696082380524,0.048396443631384456,0.15748752872126018,0.20703337077995007,0.6348084211349487,0.3598317801952362,-1.0,0.8860465288162231,0.3084745705127716,0.13762499392032623,-0.10387499630451202,-0.14562499523162842,0.12524999678134918,0.0002169799990952015,9.13600015337579e-05,7.423000351991504e-05,9.13600015337579e-05,0.027000000700354576,0.014499999582767487,0.04149999842047691,0.003000000026077032,0.004000000189989805,0.0005000000237487257,0.005750000011175871,-0.017760569229722023,-0.5988314151763916,0.1102144867181778,0.3450884222984314,0.0
181,2581,-0.19810529445925149,-0.5110069906323806,-0.07910529445925149,0.016993009367619383,0.08090988801656374,0.4452591173203017,0.5375186800956726,0.3905024528503418,-1.0,0.8860465288162231,0.3084745705127716,0.1378750056028366,-0.11349999904632568,-0.1457500010728836,0.1287499964237213,0.0001541700039524585,7.423000351991504e-05,9.707000572234392e-05,0.0001598800008650869,0.019999999552965164,0.02250000089406967,0.042500000447034836,0.0020000000949949026,0.0010000000474974513,0.004749999847263098,0.011500000022351742,0.8608449101448059,0.2215147465467453,-0.10988394170999527,-0.9498335719108582,0.0
182,2582,-0.22799080761865342,-0.5042182021065644,-0.10899080761865343,0.023781797893435597,0.11155523320943102,0.32773421077630877,0.7020807266235352,0.33727627992630005,-1.0,0.8860465288162231,0.3084745705127716,0.15275000035762787,-0.11375000327825546,-0.14512500166893005,0.11649999767541885,0.00037115000304766,0.0001484600070398301,-7.994000043254346e-05,6.28100024187006e-05,0.045499999076128006,0.012500000186264515,0.057999998331069946,0.0044999998062849045,0.009750000201165676,-0.0005000000237487257,0.0005000000237487257,0.8063002824783325,-0.853040874004364,-0.4887503385543823,0.9931238889694214,0.0
183,2583,-0.22976490612626124,-0.5039864013117898,-0.11076490612626125,0.02401359868821018,0.1133380666462856,0.3219430326057644,0.632579505443573,0.3487827181816101,-1.0,0.8860465288162231,0.3084745705127716,0.1679999977350235,-0.12825000286102295,-0.1550000011920929,0.1316249966621399,0.00032546999864280224,0.00010848999954760075,7.423000351991504e-05,0.00010848999954760075,0.03799999877810478,0.01600000075995922,0.05400000140070915,0.004000000189989805,0.007000000216066837,0.0010000000474974513,0.007249999791383743,0.7565493583679199,0.38795334100723267,0.8526641726493835,-0.3118916451931,0.0
184,2584,-0.19589697930506214,-0.5170575371647852,-0.07689697930506215,0.010942462835214828,0.0776716352289767,0.4599137292070938,0.6284537315368652,0.3491756021976471,-1.0,0.8860465288162231,0.3084745705127716,0.179749995470047,-0.12849999964237213,-0.1469999998807907,0.1274999976158142,0.0008336600149050355,0.00035402001230977476,0.00023982000129763037,9.13600015337579e-05,0.10400000214576721,0.028999999165534973,0.13300000131130219,0.008750000037252903,0.02199999988079071,0.016750000417232513,0.004000000189989805,-0.29174548387527466,-0.11007064580917358,-0.9722864031791687,-0.6857731342315674,0.0
185,2585,-0.2243684092038457,-0.5076758475835823,-0.10536840920384571,0.020324152416417718,0.10731063707571052,0.3419446590155543,0.7072163224220276,0.32702112197875977,-1.0,0.8860465288162231,0.3084745705127716,0.17800000309944153,-0.12837499380111694,-0.15662500262260437,0.11649999767541885,0.00014275001012720168,0.00027407999732531607,0.0,6.851999933132902e-05,0.0364999994635582,0.006000000052154064,0.042500000447034836,0.001500000013038516,0.017750000581145287,-0.0002500000118743628,0.0005000000237487257,0.06439077854156494,-0.7506490349769592,0.15670648217201233,0.7487019300460815,-0.005195223
186,2586,-0.20398976278148137,-0.5190721011109997,-0.08498976278148138,0.008927898889000363,0.08545739965751761,0.42546440177364225,0.6410037279129028,0.34292230010032654,-1.0,0.8860465288162231,0.3084745705127716,0.17812499403953552,-0.1354999989271164,-0.15387499332427979,0.1287499964237213,0.00026837000041268766,8.565000462112948e-05,7.994000043254346e-05,7.994000043254346e-05,0.03099999949336052,0.014000000432133675,0.04500000178813934,0.0035000001080334187,0.004000000189989805,0.0017500000540167093,0.004000000189989805,0.8525271415710449,-0.5965820550918579,-0.7350146770477295,0.13016854226589203,0.0
187,2587,-0.24133209767328423,-0.5029631540342169,-0.12233209767328423,0.02503684596578315,0.12486787327835894,0.28688359644825717,0.6883959174156189,0.32360661029815674,-1.0,0.8860465288162231,0.3084745705127716,0.19349999725818634,-0.148499995470047,-0.1666249930858612,0.13187499344348907,0.00035402001230977476,0.00013133000175002962,0.0,7.423000351991504e-05,0.042500000447034836,0.006500000134110451,0.04899999871850014,0.0044999998062849045,0.00774999987334013,-0.0002500000118743628,0.0024999999441206455,0.06837394088506699,0.27962028980255127,0.7384788990020752,0.7991572618484497,0.0
188,2588,-0.2540347023395688,-0.5019718375603317,-0.13503470233956882,0.026028162439668323,0.13752031150314384,0.2527882454974819,0.6015532612800598,0.35090991854667664,-1.0,0.8860465288162231,0.3084745705127716,0.1940000057220459,-0.148499995470047,-0.15987500548362732,0.1391250044107437,0.0005310300039127469,0.00028550002025440335,0.00019985000835731626,0.00022840000747237355,0.07150000333786011,0.03750000149011612,0.10899999737739563,0.006000000052154064,0.017999999225139618,0.013749999925494194,0.017750000581145287,0.8206127285957336,-0.9106909036636353,-0.17973268032073975,0.696404755115509,0.0
189,2589,-0.28303731881477046,-0.4868787900119719,-0.16403731881477046,0.04112120998802815,0.16911296779022642,0.18431119405921476,0.5720123052597046,0.3525901138782501,-1.0,0.8860465288162231,0.3084745705127716,0.20887500047683716,-0.1615000069141388,-0.1601250022649765,0.14100000262260437,0.0005995500250719488,0.0001541700039524585,0.00013703999866265804,0.0008279500179924071,0.06599999964237213,0.08449999988079071,0.15049999952316284,0.007000000216066837,0.009999999776482582,0.00774999987334013,0.03999999910593033,-0.7883753776550293,-0.6967716813087463,-0.8764243721961975,0.31729018688201904,0.0
190,2590,-0.279881258915518,-0.48765340940642254,-0.16088125891551802,0.04034659059357748,0.16586327755946373,0.1903991205501878,0.5045644044876099,0.37817153334617615,-1.0,0.8860465288162231,0.3084745705127716,0.19750000536441803,-0.16987499594688416,-0.17524999380111694,0.15549999475479126,9.707000572234392e-05,7.423000351991504e-05,0.00010278000263497233,0.00035973000922240317,0.014999999664723873,0.04050000011920929,0.05550000071525574,0.0002500000118743628,0.000750000006519258,0.005249999929219484,0.022749999538064003,-0.17732197046279907,0.046678364276885986,0.0384337455034256,-0.4560105502605438,0.0
191,2591,-0.2740416726647928,-0.487063209271741,-0.1550416726647928,0.04093679072825901,0.16035504699829697,0.2011809615004584,0.5119040608406067,0.3768586218357086,-1.0,0.8860465288162231,0.3084745705127716,0.19425000250339508,-0.16987499594688416,-0.17524999380111694,0.15537500381469727,8.565000462112948e-05,8.565000462112948e-05,0.00011420000373618677,9.13600015337579e-05,0.014999999664723873,0.017999999225139618,0.032999999821186066,0.0002500000118743628,0.0024999999441206455,0.006500000134110451,0.006000000052154064,-0.9480140209197998,0.36007043719291687,0.9476583003997803,-0.9390517473220825,0.0
192,2592,-0.29438003932992995,-0.47482441539807185,-0.17538003932992996,0.05317558460192817,0.18326429273899647,0.1599901661195514,0.5254845023155212,0.377858966588974,-1.0,0.8860465288162231,0.3084745705127716,0.17649999260902405,-0.16312499344348907,-0.1589999943971634,0.1392499953508377,8.565000462112948e-05,8.565000462112948e-05,0.0001484600070398301,7.994000043254346e-05,0.014999999664723873,0.019999999552965164,0.03500000014901161,0.0002500000118743628,0.0024999999441206455,0.009499999694526196,0.0032500000670552254,-0.3221164643764496,-0.5376706123352051,0.6676321029663086,-0.6364716291427612,0.0
193,2593,-0.2757340283665331,-0.48384213736584575,-0.1567340283665331,0.04415786263415428,0.16283572237202143,0.19625170710755796,0.4781859517097473,0.398602694272995,-1.0,0.8860465288162231,0.3084745705127716,0.17075000703334808,-0.1717499941587448,-0.14675000309944153,0.1276250034570694,0.0,0.0,0.0001598800008650869,7.423000351991504e-05,0.0,0.020500000566244125,0.020500000566244125,-0.0002500000118743628,-0.0002500000118743628,0.009999999776482582,0.002749999985098839,-0.6851975917816162,0.6562684774398804,0.48820364475250244,0.23835206031799316,-0.10622372
194,2594,-0.29246605414287064,-0.47310327840846966,-0.17346605414287064,0.05489672159153036,0.18194538186333648,0.16211427055163827,0.5215487480163574,0.3833184242248535,-1.0,0.8860465288162231,0.3084745705127716,0.17387500405311584,-0.1615000069141388,-0.1443749964237213,0.12737500667572021,0.00011420000373618677,9.13600015337579e-05,0.0003997000167146325,0.0001827200030675158,0.017999999225139618,0.050999999046325684,0.0689999982714653,0.0010000000474974513,0.0037499999161809683,0.023499999195337296,0.012000000104308128,-0.6573941111564636,-0.8544957637786865,-0.18271701037883759,-0.6817431449890137,0.0
195,2595,-0.2927753031229141,-0.4743253824192867,-0.17377530312291412,0.053674617580713346,0.1818758382740723,0.16222704984492828,0.48263707756996155,0.40151986479759216,-1.0,0.8860465288162231,0.3084745705127716,0.16224999725818634,-0.17550000548362732,-0.1392499953508377,0.11999999731779099,0.0,0.0,0.00011420000373618677,6.851999933132902e-05,0.0,0.01600000075995922,0.01600000075995922,-0.0002500000118743628,-0.0002500000118743628,0.006500000134110451,0.0012499999720603228,-0.3130135238170624,-0.6439284086227417,-0.7034680843353271,0.9847880601882935,-0.16283303
196,2596,-0.29403420767972327,-0.4722755774975863,-0.17503420767972327,0.05572442250241372,0.18369046007154538,0.15930979109404722,0.4819178879261017,0.3994485139846802,-1.0,0.8860465288162231,0.3084745705127716,0.16574999690055847,-0.171875,-0.15062500536441803,0.13175000250339508,9.13600015337579e-05,6.851999933132902e-05,9.13600015337579e-05,0.0001884299999801442,0.014000000432133675,0.02449999935925007,0.03849999979138374,0.0002500000118743628,0.0,0.003000000026077032,0.014499999582767487,-0.3624880909919739,0.758496880531311,0.5872713327407837,0.021676333621144295,0.0
197,2597,-0.2860379735767097,-0.476826328818099,-0.1670379735767097,0.051173671181901026,0.1747009709155816,0.17429435578683822,0.47899022698402405,0.40292274951934814,-1.0,0.8860465288162231,0.3084745705127716,0.15925000607967377,-0.1576250046491623,-0.14812499284744263,0.1316249966621399,0.0,0.0,0.00033117999555543065,0.00019985000835731626,0.0,0.04650000110268593,0.04650000110268593,-0.0002500000118743628,-0.0002500000118743628,0.019999999552965164,0.01549999974668026,-0.7092618942260742,-0.9626525640487671,0.6152710318565369,-0.017636757344007492,-0.24862975
198,2598,-0.29380562787413855,-0.4698954679498826,-0.17480562787413856,0.05810453205011745,0.18420951164702362,0.1584850334240027,0.49758610129356384,0.3952096104621887,-1.0,0.8860465288162231,0.3084745705127716,0.16224999725818634,-0.15537500381469727,-0.14425000548362732,0.13124999403953552,0.0001256200048374012,8.565000462112948e-05,0.0007365900091826916,0.00022840000747237355,0.01850000023841858,0.08449999988079071,0.10300000011920929,0.0012499999720603228,0.002749999985098839,0.03525000065565109,0.01575000025331974,-0.6324561834335327,-0.8652190566062927,-0.9454526901245117,-0.1674218326807022,0.0
199,2599,-0.29006864653080217,-0.47605140899198395,-0.17106864653080217,0.051948591008016076,0.17878237590321552,0.1673239108789747,0.479521781206131,0.40695682168006897,-1.0,0.8860465288162231,0.3084745705127716,0.1511249989271164,-0.17000000178813934,-0.1457500010728836,0.1315000057220459,8.565000462112948e-05,0.0,9.13600015337579e-05,0.0001256200048374012,0.007499999832361937,0.01899999938905239,0.026499999687075615,0.0,-0.0002500000118743628,0.003000000026077032,0.008999999612569809,0.8581538796424866,0.03571281209588051,0.4441526532173157,-0.8855816125869751,-0.019714465
200,2600,-0.2900648923518611,-0.47474378463594935,-0.17106489235186112,0.053256215364050674,0.17916311526164078,0.16668805414076265,0.4882124364376068,0.39652302861213684,-1.0,0.8860465288162231,0.3084745705127716,0.16712500154972076,-0.16625000536441803,-0.13875000178813934,0.11874999850988388,8.565000462112948e-05,0.0,0.00010278000263497233,6.851999933132902e-05,0.007499999832361937,0.014999999664723873,0.02250000089406967,0.0,-0.0002500000118743628,0.005499999970197678,0.001500000013038516,-0.2996704578399658,0.3261060416698456,0.827619194984436,0.9238541126251221,0.0
201,2601,-0.2921747461780174,-0.475167466028497,-0.17317474617801742,0.052832533971503004,0.18105460325457284,0.16356480071019336,0.4882211685180664,0.3987393379211426,-1.0,0.8860465288162231,0.3084745705127716,0.1616249978542328,-0.16037499904632568,-0.1353749930858612,0.12174999713897705,9.13600015337579e-05,7.423000351991504e-05,0.0005710000405088067,0.0005424499977380037,0.014499999582767487,0.09749999642372131,0.1120000034570694,0.0,0.0,0.029750000685453415,0.029999999329447746,0.36138394474983215,-0.7290033102035522,-0.674724817276001,0.20922864973545074,0.0
202,2602,-0.29194278377903665,-0.47353728507716464,-0.17294278377903666,0.05446271492283539,0.18131572953830746,0.16313824718865846,0.48331454396247864,0.39802125096321106,-1.0,0.8860465288162231,0.3084745705127716,0.1678750067949295,-0.17387500405311584,-0.1368750035762787,0.1223749965429306,0.00011991000064881518,0.0,0.00013133000175002962,0.0007308800122700632,0.010499999858438969,0.0754999965429306,0.0860000029206276,0.0010000000474974513,-0.0002500000118743628,0.007499999832361937,0.0364999994635582,-0.32190075516700745,0.3448125720024109,0.9202312231063843,0.9020772576332092,0.0
203,2603,-0.28604055696649006,-0.47718752082780436,-0.16704055696649006,0.05081247917219567,0.17459798312494915,0.1744739501573234,0.4838539958000183,0.4007842540740967,-1.0,0.8860465288162231,0.3084745705127716,0.16237500309944153,-0.16750000417232513,-0.13650000095367432,0.1277499943971634,8.565000462112948e-05,0.0,0.0009021800360642374,0.0016045100055634975,0.007499999832361937,0.21950000524520874,0.22699999809265137,0.0,-0.0002500000118743628,0.04125000163912773,0.05950000137090683,0.4247569441795349,0.4442288279533386,0.20217780768871307,-0.6409977674484253,0.0
204,2604,-0.29082218924141534,-0.47360751807073553,-0.17182218924141535,0.05439248192926449,0.18022598815414528,0.1649257540935378,0.4975801110267639,0.3945974111557007,-1.0,0.8860465288162231,0.3084745705127716,0.1693750023841858,-0.16037499904632568,-0.13637499511241913,0.1277499943971634,0.0001598800008650869,8.565000462112948e-05,0.0011705500073730946,0.0006852000369690359,0.0215000007301569,0.16249999403953552,0.18400000035762787,0.0017500000540167093,0.0020000000949949026,0.048500001430511475,0.03550000116229057,-0.16536365449428558,-0.32274672389030457,-0.9665278196334839,-0.9416311979293823,0.0
205,2605,-0.28708994682067024,-0.4760077225192802,-0.16808994682067024,0.05199227748071983,0.1759472282811182,0.17213567881514644,0.48646003007888794,0.4006652235984802,-1.0,0.8860465288162231,0.3084745705127716,0.16725000739097595,-0.1652500033378601,-0.1366250067949295,0.12425000220537186,9.13600015337579e-05,0.0,0.0001884299999801442,0.00010278000263497233,0.00800000037997961,0.025499999523162842,0.03350000083446503,0.0,-0.0002500000118743628,0.013000000268220901,0.007249999791383743,-0.33294013142585754,-0.935299813747406,-0.5852281451225281,-0.29409363865852356,-0.13623598
206,2606,-0.28208889731542625,-0.47991665005071366,-0.16308889731542625,0.04808334994928637,0.17002940031037922,0.18262982242426098,0.4951396584510803,0.39659708738327026,-1.0,0.8860465288162231,0.3084745705127716,0.16124999523162842,-0.1615000069141388,-0.14124999940395355,0.12187500298023224,0.0,0.0,7.994000043254346e-05,6.851999933132902e-05,0.0,0.013000000268220901,0.013000000268220901,-0.0002500000118743628,-0.0002500000118743628,0.0005000000237487257,0.0010000000474974513,0.3738265931606293,-0.9205998182296753,0.7110593318939209,0.9288745522499084,-0.134472
207,2607,-0.292970658159381,-0.4690260468400626,-0.173970658159381,0.05897395315993742,0.1836946298935238,0.15930314829786177,0.5067700147628784,0.3899717926979065,-1.0,0.8860465288162231,0.3084745705127716,0.16750000417232513,-0.15937499701976776,-0.1392499953508377,0.12537500262260437,0.00013133000175002962,9.13600015337579e-05,0.0003939900198020041,0.0005081900162622333,0.019500000402331352,0.07900000363588333,0.09849999845027924,0.0012499999720603228,0.003000000026077032,0.023000000044703484,0.028750000521540642,-0.9842864274978638,-0.8904789090156555,0.7850774526596069,0.9907605648040771,0.0
208,2608,-0.29414443330110884,-0.4729377821800008,-0.17514443330110885,0.055062217819999204,0.183595806999026,0.15946065409311047,0.48146358132362366,0.40843042731285095,-1.0,0.8860465288162231,0.3084745705127716,0.1496250033378601,-0.1743749976158142,-0.13699999451637268,0.12987500429153442,0.00010278000263497233,0.0,0.0010963199893012643,0.0014960200060158968,0.008999999612569809,0.22699999809265137,0.23600000143051147,0.0002500000118743628,-0.0002500000118743628,0.04774999991059303,0.05674999952316284,0.8256164193153381,-0.9852556586265564,-0.9646627306938171,-0.388107031583786,-0.14223069
209,2609,-0.29229660592142087,-0.47700865270389575,-0.17329660592142088,0.05099134729610427,0.18064282748826804,0.16423970952354983,0.4787338674068451,0.40180036425590515,-1.0,0.8860465288162231,0.3084745705127716,0.16449999809265137,-0.17075000703334808,-0.13899999856948853,0.12987500429153442,0.0001256200048374012,7.423000351991504e-05,0.00023982000129763037,0.0009307300206273794,0.017500000074505806,0.10249999910593033,0.11999999731779099,0.0012499999720603228,0.0,0.01575000025331974,0.042249999940395355,0.7133125066757202,-0.08408141881227493,0.9382827281951904,-0.808977484703064,0.0
210,2610,-0.28894235113874506,-0.4789377385884579,-0.16994235113874506,0.04906226141154213,0.1768827527074899,0.1705328167665923,0.48303115367889404,0.3949005901813507,-1.0,0.8860465288162231,0.3084745705127716,0.17762500047683716,-0.17212499678134918,-0.13875000178813934,0.12787500023841858,0.00013703999866265804,0.0,0.0012276499764993787,0.0002169799990952015,0.012000000104308128,0.1264999955892563,0.13850000500679016,0.001500000013038516,-0.0002500000118743628,0.05025000125169754,0.01600000075995922,-0.04379072040319443,-0.46808749437332153,0.3516128659248352,0.42791250348091125,-0.080170505
211,2611,-0.2760742429678587,-0.4857620435073774,-0.1570742429678587,0.04223795649262263,0.16265412006032492,0.1966084285535681,0.49083173274993896,0.39163094758987427,-1.0,0.8860465288162231,0.3084745705127716,0.17762500047683716,-0.1693750023841858,-0.13875000178813934,0.12800000607967377,9.13600015337579e-05,8.565000462112948e-05,0.0016901600174605846,0.0005824200343340635,0.01549999974668026,0.19900000095367432,0.21449999511241913,0.0,0.0017500000540167093,0.06324999779462814,0.03175000101327896,0.9007465243339539,0.7005666494369507,0.9566148519515991,-0.3900022804737091,0.0
212,2612,-0.29017731706878747,-0.47512895137101885,-0.17117731706878747,0.052871048628981177,0.17915641674803692,0.16669922013671895,0.5207575559616089,0.38006433844566345,-1.0,0.8860465288162231,0.3084745705127716,0.1926250010728836,-0.1616249978542328,-0.13462500274181366,0.1276250034570694,0.0002969200140796602,0.0001827200030675158,0.0028264501597732306,0.00025695000658743083,0.041999999433755875,0.27000001072883606,0.31200000643730164,0.0037499999161809683,0.012500000186264515,0.09075000137090683,0.017999999225139618,-0.9786728620529175,-0.3325541615486145,-0.9525029063224792,-0.30047130584716797,0.0
213,2613,-0.2932682027953374,-0.4700470313277303,-0.1742682027953374,0.057952968672269733,0.18365171679961478,0.1593715248776945,0.48795974254608154,0.3980865180492401,-1.0,0.8860465288162231,0.3084745705127716,0.17612500488758087,-0.1613750010728836,-0.13224999606609344,0.12475000321865082,9.13600015337579e-05,0.0,0.001233360031619668,0.00017130000924225897,0.00800000037997961,0.12300000339746475,0.13099999725818634,0.0002500000118743628,-0.0002500000118743628,0.05050000175833702,0.012500000186264515,-0.9860058426856995,0.23783403635025024,-0.7748637199401855,-0.007915718480944633,0.0
214,2614,-0.29284605260637,-0.47014454014100243,-0.17384605260636998,0.05785545985899759,0.18322037070782507,0.16006045248465528,0.48077163100242615,0.4066999554634094,-1.0,0.8860465288162231,0.3084745705127716,0.1577499955892563,-0.15700000524520874,-0.13212500512599945,0.12475000321865082,8.565000462112948e-05,0.0,0.0003368900215718895,0.00016558999777771533,0.007499999832361937,0.04399999976158142,0.051500000059604645,0.0002500000118743628,-0.0002500000118743628,0.021250000223517418,0.012249999679625034,-0.05215040221810341,0.33717629313468933,0.6842513084411621,0.7248203158378601,0.0
215,2615,-0.279974093429638,-0.4793252544135411,-0.16097409342963803,0.0486747455864589,0.16817220226125462,0.18605331201287273,0.4817533791065216,0.40653467178344727,-1.0,0.8860465288162231,0.3084745705127716,0.15712499618530273,-0.1508750021457672,-0.13212500512599945,0.12487500160932541,0.0,6.851999933132902e-05,0.0010848999954760075,0.0008108200272545218,0.006000000052154064,0.16599999368190765,0.1720000058412552,-0.0002500000118743628,0.0,0.04675000160932541,0.039000000804662704,0.7237228751182556,0.15663427114486694,-0.013664825819432735,-0.9944210052490234,0.0
216,2616,-0.29022036464277035,-0.4713218745478192,-0.17122036464277035,0.056678125452180816,0.1803574871558605,0.164709020905554,0.5116881728172302,0.39097413420677185,-1.0,0.8860465288162231,0.3084745705127716,0.16949999332427979,-0.15049999952316284,-0.1289999932050705,0.12012500315904617,0.00016558999777771533,9.13600015337579e-05,0.0008565000025555491,0.0001484600070398301,0.02250000089406967,0.08799999952316284,0.11050000041723251,0.0020000000949949026,0.004999999888241291,0.03999999910593033,0.011250000447034836,-0.7053568363189697,-0.465982049703598,-0.10304439812898636,-0.19498705863952637,0.0
217,2617,-0.2901670137699905,-0.4680093200059394,-0.1711670137699905,0.0599906799940606,0.18137537950087354,0.16304096430276652,0.4878596067428589,0.40453919768333435,-1.0,0.8860465288162231,0.3084745705127716,0.15737499296665192,-0.1563750058412552,-0.12737500667572021,0.11874999850988388,9.13600015337579e-05,-7.423000351991504e-05,0.0006509399972856045,9.707000572234392e-05,0.014499999582767487,0.06549999862909317,0.07999999821186066,0.0,-0.0005000000237487257,0.032999999821186066,0.006750000175088644,-0.6617850065231323,-0.17261452972888947,0.9042431116104126,0.47324445843696594,0.0
218,2618,-0.2902490991666527,-0.46888167170449063,-0.1712490991666527,0.05911832829550939,0.18116630676217274,0.16338219509802565,0.48798370361328125,0.41015368700027466,-1.0,0.8860465288162231,0.3084745705127716,0.14487500488758087,-0.15962499380111694,-0.12274999916553497,0.11837500333786011,9.13600015337579e-05,0.0,0.0014731800183653831,0.00041112001053988934,0.00800000037997961,0.16500000655651093,0.17299999296665192,0.0002500000118743628,-0.0002500000118743628,0.057500001043081284,0.02500000037252903,0.3605898320674896,0.7497379779815674,-0.7449425458908081,0.48350009322166443,0.0
219,2619,-0.29198090380962766,-0.46463226066545604,-0.17298090380962766,0.06336773933454398,0.1842223207734784,0.15846473417576548,0.4877927899360657,0.4086751341819763,-1.0,0.8860465288162231,0.3084745705127716,0.1511249989271164,-0.14562499523162842,-0.12287499755620956,0.11837500333786011,0.0001256200048374012,0.0,0.0005538699915632606,0.0009535700082778931,0.010999999940395355,0.13199999928474426,0.14300000667572021,0.0012499999720603228,-0.0002500000118743628,0.029999999329447746,0.0430000014603138,-0.8370983600616455,-0.8315432071685791,0.165122389793396,-0.9001250267028809,-0.12378519
220,2620,-0.2937473998882119,-0.46032800605840574,-0.17474739988821192,0.06767199394159429,0.18739304291174158,0.1535190786010983,0.4837653338909149,0.4158775210380554,-1.0,0.8860465288162231,0.3084745705127716,0.13600000739097595,-0.1418749988079071,-0.12262500077486038,0.11737500131130219,8.565000462112948e-05,0.0,0.0007080400246195495,0.0001484600070398301,0.007499999832361937,0.07500000298023224,0.08250000327825546,0.0002500000118743628,-0.0002500000118743628,0.03550000116229057,0.011250000447034836,-0.8250274658203125,0.17491653561592102,-0.9537190198898315,0.18053768575191498,-0.0030100162
221,2621,-0.2757741705304633,-0.4755709726524278,-0.15677417053046333,0.05242902734757221,0.16530863091238543,0.19145809696216864,0.47965720295906067,0.42317286133766174,-1.0,0.8860465288162231,0.3084745705127716,0.12075000256299973,-0.1381250023841858,-0.125,0.11762499809265137,7.994000043254346e-05,0.0,9.707000572234392e-05,0.00023982000129763037,0.007000000216066837,0.029500000178813934,0.0364999994635582,0.0,-0.0002500000118743628,0.0044999998062849045,0.017500000074505806,0.6647912263870239,-0.7781517505645752,-0.8267340660095215,-0.3161325454711914,-0.11737822
222,2622,-0.2930061749215121,-0.4686102891598494,-0.1740061749215121,0.0593897108401506,0.1838621403783078,0.15903652219755396,0.5214554071426392,0.3973373472690582,-1.0,0.8860465288162231,0.3084745705127716,0.13300000131130219,-0.13462500274181366,-0.13850000500679016,0.1198749989271164,3.425999966566451e-05,6.851999933132902e-05,7.423000351991504e-05,6.28100024187006e-05,0.008999999612569809,0.012000000104308128,0.020999999716877937,0.0002500000118743628,0.0002500000118743628,0.0005000000237487257,0.0012499999720603228,0.5178148746490479,-0.614172101020813,0.7990108728408813,0.146977961063385,0.0
223,2623,-0.28935113900639464,-0.4666366470636303,-0.17035113900639465,0.06136335293636974,0.18106620790299185,0.1635458206914372,0.48138099908828735,0.409135103225708,-1.0,0.8860465288162231,0.3084745705127716,0.14237500727176666,-0.1458750069141388,-0.13249999284744263,0.11962500214576721,0.00010278000263497233,0.0,0.00027407999732531607,0.00010848999954760075,0.008999999612569809,0.03350000083446503,0.042500000447034836,0.000750000006519258,-0.0002500000118743628,0.0182499997317791,0.007249999791383743,-0.40213650465011597,0.511539876461029,0.9343552589416504,-0.09304995089769363,0.0
224,2624,-0.2849081705283453,-0.4706389290247269,-0.16590817052834528,0.0573610709752731,0.1755443348886338,0.17283060104906672,0.48988106846809387,0.41248026490211487,-1.0,0.8860465288162231,0.3084745705127716,0.13512499630451202,-0.13650000095367432,-0.12487500160932541,0.11637499928474426,9.13600015337579e-05,0.0,0.0007879800396040082,0.00014275001012720168,0.00800000037997961,0.08150000125169754,0.08950000256299973,0.0002500000118743628,0.0,0.03799999877810478,0.010499999858438969,0.14791855216026306,-0.5533838272094727,0.06715937703847885,0.5660514235496521,-0.09040607
225,2625,-0.2907750730894352,-0.46212054542049985,-0.17177507308943518,0.06587945457950017,0.1839749392460104,0.15885723193898246,0.5002135634422302,0.40569671988487244,-1.0,0.8860465288162231,0.3084745705127716,0.13737499713897705,-0.1340000033378601,-0.125,0.11637499928474426,0.0001256200048374012,8.565000462112948e-05,0.0008622099994681776,0.0005881300312466919,0.01850000023841858,0.12700000405311584,0.14550000429153442,0.0012499999720603228,0.0024999999441206455,0.04075000062584877,0.03150000050663948,-0.9018065929412842,-0.9590973258018494,0.9264174103736877,0.8883121609687805,-0.055585045
226,2626,-0.2931415083789713,-0.4602151911245431,-0.1741415083789713,0.0677848088754569,0.18686905911569618,0.15432560488500086,0.4865695834159851,0.42013466358184814,-1.0,0.8860465288162231,0.3084745705127716,0.1211249977350235,-0.15049999952316284,-0.125,0.12075000256299973,9.13600015337579e-05,0.0,0.00148460001219064,0.0014103699941188097,0.00800000037997961,0.2535000145435333,0.2615000009536743,0.0,-0.0002500000118743628,0.057999998331069946,0.0560000017285347,-0.28756001591682434,-0.8248664140701294,-0.5712351202964783,0.655023455619812,-0.122983985
227,2627,-0.2950646724404484,-0.45973727977280193,-0.17606467244044838,0.06826272022719809,0.18883476336305002,0.1513216411630955,0.4810662567615509,0.4233640730381012,-1.0,0.8860465288162231,0.3084745705127716,0.11574999988079071,-0.1471250057220459,-0.1251250058412552,0.1237500011920929,0.0,6.851999933132902e-05,0.0007480100030079484,0.002261160174384713,0.006000000052154064,0.26350000500679016,0.2694999873638153,0.0,0.0005000000237487257,0.03700000047683716,0.07450000196695328,-0.880109429359436,0.7505333423614502,0.7159215211868286,0.21110762655735016,-0.14416438
228,2628,-0.29468083339779566,-0.46034658734739414,-0.17568083339779567,0.06765341265260588,0.18825711000354758,0.15219828525126294,0.4765937924385071,0.42417410016059875,-1.0,0.8860465288162231,0.3084745705127716,0.11900000274181366,-0.132874995470047,-0.12524999678134918,0.1237500011920929,0.00011420000373618677,0.0,0.0016901600174605846,0.002369650173932314,0.009999999776482582,0.3555000126361847,0.36550000309944153,0.0010000000474974513,0.0,0.06400000303983688,0.07774999737739563,0.06075810641050339,0.36871129274368286,-0.32040268182754517,0.06423459202051163,-0.056423463
229,2629,-0.29202018149950054,-0.46176318215243095,-0.17302018149950055,0.06623681784756907,0.18526548314430338,0.156820281764444,0.47748643159866333,0.42314139008522034,-1.0,0.8860465288162231,0.3084745705127716,0.11999999731779099,-0.1262499988079071,-0.12524999678134918,0.1237500011920929,0.00013703999866265804,7.423000351991504e-05,0.0012562000192701817,0.0015302799874916673,0.01850000023841858,0.24400000274181366,0.26249998807907104,0.0012499999720603228,0.0005000000237487257,0.052000001072883606,0.05900000035762787,0.1716810017824173,0.19179102778434753,-0.6648787260055542,-0.9373806118965149,0.0
230,2630,-0.29239602492126826,-0.4635035812887701,-0.17339602492126827,0.06449641871122991,0.1850026202113672,0.15723304642149755,0.48367398977279663,0.42074036598205566,-1.0,0.8860465288162231,0.3084745705127716,0.12300000339746475,-0.12274999916553497,-0.12524999678134918,0.1236250028014183,0.0001256200048374012,7.423000351991504e-05,0.00047964000259526074,0.0003882800228893757,0.017500000074505806,0.07599999755620956,0.09350000321865082,0.001500000013038516,0.0005000000237487257,0.027249999344348907,0.024250000715255737,0.40184080600738525,-0.8179008960723877,0.5243089199066162,-0.0858563557267189,0.0
231,2631,-0.29291806047827,-0.4636178255427629,-0.17391806047827002,0.06438217445723715,0.1854523015450747,0.1565275861117637,0.4827999472618103,0.4177905321121216,-1.0,0.8860465288162231,0.3084745705127716,0.13050000369548798,-0.13762499392032623,-0.12524999678134918,0.1236250028014183,0.0001256200048374012,0.0,0.00107919005677104,0.0003140500048175454,0.010999999940395355,0.12200000137090683,0.13300000131130219,0.001500000013038516,-0.0002500000118743628,0.04675000160932541,0.021250000223517418,-0.0030375029891729355,0.06321290135383606,-0.4237402677536011,0.9742141962051392,-0.016414452
232,2632,-0.2920666672348597,-0.46499776700255685,-0.1730666672348597,0.06300223299744317,0.18417750316052658,0.15853577020413054,0.48158591985702515,0.4175969064235687,-1.0,0.8860465288162231,0.3084745705127716,0.13050000369548798,-0.1340000033378601,-0.12524999678134918,0.1236250028014183,0.00011420000373618677,0.0,0.0005824200343340635,0.0015074399998411536,0.009999999776482582,0.18299999833106995,0.19300000369548798,0.001500000013038516,0.0,0.03099999949336052,0.057750001549720764,0.2340313345193863,-0.658565104007721,0.7892933487892151,0.5355254411697388,-0.15038542
233,2633,-0.29211873680639827,-0.4618498921992942,-0.17311873680639828,0.06615010780070585,0.18532655987604152,0.15672453030554714,0.48356589674949646,0.4152580201625824,-1.0,0.8860465288162231,0.3084745705127716,0.13462500274181366,-0.13087500631809235,-0.12524999678134918,0.1236250028014183,0.0001484600070398301,7.423000351991504e-05,0.0010335100814700127,0.002381070051342249,0.019500000402331352,0.29899999499320984,0.31850001215934753,0.0020000000949949026,0.0012499999720603228,0.04574999958276749,0.07774999737739563,-0.7069438695907593,-0.9877210855484009,-0.8418169617652893,-0.833821177482605,-0.033382118
234,2634,-0.2937687999369625,-0.46209090270508774,-0.17476879993696248,0.06590909729491229,0.18678367845621904,0.15445742537078586,0.48344480991363525,0.42059341073036194,-1.0,0.8860465288162231,0.3084745705127716,0.12250000238418579,-0.14862500131130219,-0.12612499296665192,0.1237500011920929,0.0,0.0,0.00023411000438500196,0.0015245700487866998,0.0,0.15399999916553497,0.15399999916553497,-0.0002500000118743628,-0.0002500000118743628,0.01600000075995922,0.05874999985098839,-0.15610302984714508,-0.2054172158241272,-0.20296114683151245,-0.9452478885650635,-0.09138244
235,2635,-0.2916801311861153,-0.4631673595681769,-0.1726801311861153,0.06483264043182313,0.18444971935954813,0.1581047970119445,0.4796074330806732,0.4201849102973938,-1.0,0.8860465288162231,0.3084745705127716,0.12575000524520874,-0.14487500488758087,-0.12825000286102295,0.12387499958276749,9.13600015337579e-05,0.0,0.00022269001055974513,0.00034831001539714634,0.00800000037997961,0.05000000074505806,0.057999998331069946,0.000750000006519258,-0.0002500000118743628,0.012749999761581421,0.023250000551342964,-0.16429445147514343,0.5007507801055908,-0.39886799454689026,-0.5802335739135742,0.0
236,2636,-0.28747555055170454,-0.4669992366923285,-0.16847555055170454,0.06100076330767151,0.17917897269997538,0.1666616237810105,0.4844648241996765,0.4183604121208191,-1.0,0.8860465288162231,0.3084745705127716,0.12325000017881393,-0.13562500476837158,-0.13124999403953552,0.12250000238418579,0.0,0.0,9.707000572234392e-05,8.565000462112948e-05,0.0,0.01600000075995922,0.01600000075995922,-0.0002500000118743628,0.0,0.004000000189989805,0.0042500002309679985,0.5645220279693604,0.17555037140846252,0.9620838761329651,-0.88875812292099,-0.002933956
237,2637,-0.23190697078137096,-0.4935657106794078,-0.11290697078137096,0.034434289320592226,0.11804111288885584,0.30715243340049,0.49424290657043457,0.4118657112121582,-1.0,0.8860465288162231,0.3084745705127716,0.13337500393390656,-0.13199999928474426,-0.11675000190734863,0.10612499713897705,9.13600015337579e-05,6.851999933132902e-05,0.00016558999777771533,7.994000043254346e-05,0.014000000432133675,0.0215000007301569,0.03550000116229057,0.0005000000237487257,0.0002500000118743628,0.010999999940395355,0.0037499999161809683,-0.554904580116272,0.7277929782867432,-0.0559733621776104,-0.8030827045440674,0.0
238,2638,-0.19486004452723096,-0.5107884189233919,-0.07586004452723097,0.01721158107660814,0.07778807671378771,0.4593785105007332,0.6234721541404724,0.3668377697467804,-1.0,0.8860465288162231,0.3084745705127716,0.12337499856948853,-0.11837500333786011,-0.11249999701976776,0.09262499958276749,0.0,7.423000351991504e-05,7.423000351991504e-05,6.28100024187006e-05,0.006500000134110451,0.012000000104308128,0.01850000023841858,-0.0002500000118743628,0.0002500000118743628,0.0005000000237487257,0.000750000006519258,0.37259355187416077,-0.7426638603210449,-0.7812540531158447,-0.29623672366142273,0.0
239,2639,-0.19747466877360362,-0.5119794804050455,-0.07847466877360362,0.01602051959495454,0.08009326243336029,0.44891010434126294,0.7096278071403503,0.3376467525959015,-1.0,0.8860465288162231,0.3084745705127716,0.12999999523162842,-0.13212500512599945,-0.12687499821186066,0.08762499690055847,9.13600015337579e-05,0.0,6.851999933132902e-05,-6.28100024187006e-05,0.00800000037997961,0.011500000022351742,0.019500000402331352,0.0002500000118743628,0.0,0.0,-0.0002500000118743628,0.3965025246143341,-0.8524084091186523,-0.9136773943901062,-0.09116235375404358,-0.12628902
240,2640,-0.19146375903436721,-0.5139898569776359,-0.07246375903436722,0.014010143022364141,0.07380569409536053,0.4780418772810363,0.7035472989082336,0.3356280028820038,-1.0,0.8860465288162231,0.3084745705127716,0.13712500035762787,-0.12999999523162842,-0.14399999380111694,0.0860000029206276,9.13600015337579e-05,8.565000462112948e-05,7.423000351991504e-05,-6.28100024187006e-05,0.01549999974668026,0.012000000104308128,0.027499999850988388,0.000750000006519258,0.0032500000670552254,0.0,-0.0002500000118743628,0.16834144294261932,0.28886619210243225,0.7264100313186646,-0.9031267762184143,0.0
241,2641,-0.18975187459185625,-0.5106530654816585,-0.07075187459185625,0.017346934518341572,0.07284740143234612,0.482644937686408,0.7175261378288269,0.33222058415412903,-1.0,0.8860465288162231,0.3084745705127716,0.13987499475479126,-0.12600000202655792,-0.1303749978542328,0.06887499988079071,0.0001256200048374012,0.00010278000263497233,0.0,5.7100001868093386e-05,0.019999999552965164,0.004999999888241291,0.02500000037252903,0.001500000013038516,0.006000000052154064,-0.0002500000118743628,0.0002500000118743628,-0.42132505774497986,0.9623743891716003,-0.8769263625144958,0.8182387948036194,-0.12923117
242,2642,-0.20212003980591356,-0.5042687235638964,-0.08312003980591356,0.02373127643610362,0.08644139343291166,0.42129838881203013,0.7215072512626648,0.33787617087364197,-1.0,0.8860465288162231,0.3084745705127716,0.13249999284744263,-0.10949999839067459,-0.12662500143051147,0.08425000309944153,9.13600015337579e-05,0.00014275001012720168,0.0,0.0,0.020500000566244125,0.0,0.020500000566244125,0.0005000000237487257,0.008999999612569809,-0.0002500000118743628,0.0,-0.7007126808166504,-0.275052011013031,-0.33863183856010437,-0.5380661487579346,-0.15320376
243,2643,-0.20728493650324867,-0.5011006316623965,-0.08828493650324867,0.026899368337603535,0.09229196081103011,0.3973572185186394,0.6927440762519836,0.34869706630706787,-1.0,0.8860465288162231,0.3084745705127716,0.11962500214576721,-0.10999999940395355,-0.12287499755620956,0.08762499690055847,8.565000462112948e-05,0.0,0.0,5.7100001868093386e-05,0.007499999832361937,0.004999999888241291,0.012500000186264515,0.0,-0.0002500000118743628,-0.0002500000118743628,0.000750000006519258,-0.9732017517089844,0.32473471760749817,-0.713106632232666,-0.03330966457724571,-0.109572805
244,2644,-0.1933532551940887,-0.5057177478777279,-0.0743532551940887,0.022282252122272084,0.077620263575936,0.46015005518943314,0.6807327270507812,0.35406672954559326,-1.0,0.8860465288162231,0.3084745705127716,0.1014999970793724,-0.10400000214576721,-0.11912500113248825,0.08762499690055847,0.0,0.0,0.0,-6.851999933132902e-05,0.0,0.006000000052154064,0.006000000052154064,0.0,-0.0002500000118743628,-0.0002500000118743628,-0.0002500000118743628,0.7381448149681091,0.3734384775161743,0.703325629234314,-0.8245883584022522,0.0
245,2645,-0.18699850433557763,-0.5087891007941523,-0.06799850433557764,0.01921089920584773,0.0706601389764612,0.49331794706282867,0.7131319642066956,0.3462411165237427,-1.0,0.8860465288162231,0.3084745705127716,0.1146249994635582,-0.09974999725818634,-0.10625000298023224,0.07212500274181366,0.00010848999954760075,9.707000572234392e-05,7.423000351991504e-05,6.851999933132902e-05,0.017999999225139618,0.012500000186264515,0.030500000342726707,0.0012499999720603228,0.005249999929219484,0.0002500000118743628,0.0,0.9097339510917664,0.17808827757835388,-0.8152556419372559,-0.31544432044029236,0.0
246,2646,-0.19028769071058804,-0.5072788385643598,-0.07128769071058805,0.02072116143564018,0.07423813964594159,0.47597906992682826,0.7279104590415955,0.3410354256629944,-1.0,0.8860465288162231,0.3084745705127716,0.13062499463558197,-0.09950000047683716,-0.12137500196695328,0.06650000065565109,0.00023411000438500196,0.00017130000924225897,7.423000351991504e-05,-1.7129999832832254e-05,0.03550000116229057,0.00800000037997961,0.04349999874830246,0.0032500000670552254,0.011250000447034836,0.0,-0.0005000000237487257,-0.9855326414108276,-0.8658323884010315,-0.8778144121170044,-0.8782302737236023,-0.12938765
247,2647,-0.19375926146572386,-0.5071579004204834,-0.07475926146572387,0.02084209957951666,0.07761018161158338,0.4601964496926652,0.7202611565589905,0.3435951769351959,-1.0,0.8860465288162231,0.3084745705127716,0.11375000327825546,-0.10999999940395355,-0.13774999976158142,0.06987500190734863,6.851999933132902e-05,5.7100000958598685e-06,7.423000351991504e-05,6.28100024187006e-05,0.006500000134110451,0.012000000104308128,0.01850000023841858,0.0002500000118743628,0.0,0.0,0.0002500000118743628,0.07170668244361877,-0.6258388161659241,-0.6983827948570251,0.9273645281791687,-0.099100664
248,2648,-0.20092401802668328,-0.5085093462722674,-0.08192401802668328,0.01949065372773262,0.08421063063753118,0.43080216577687813,0.7121877670288086,0.3438001573085785,-1.0,0.8860465288162231,0.3084745705127716,0.11487500369548798,-0.10774999856948853,-0.15062500536441803,0.08737500011920929,9.13600015337579e-05,8.565000462112948e-05,0.0,0.0,0.01549999974668026,0.0,0.01549999974668026,0.0005000000237487257,0.003000000026077032,-0.0002500000118743628,0.0,0.8634083271026611,-0.8940377235412598,0.11010989546775818,-0.9523905515670776,-0.14907369
249,2649,-0.19531475995548864,-0.5110321405123753,-0.07631475995548864,0.016967859487624692,0.07817832719274331,0.45758927717985387,0.6955255270004272,0.3415095806121826,-1.0,0.8860465288162231,0.3084745705127716,0.13112500309944153,-0.12325000017881393,-0.1469999998807907,0.09099999815225601,9.13600015337579e-05,7.423000351991504e-05,7.423000351991504e-05,5.7100001868093386e-05,0.014499999582767487,0.011500000022351742,0.026000000536441803,0.0002500000118743628,0.0005000000237487257,0.0,0.0002500000118743628,0.24189876019954681,0.5164315104484558,0.24581840634346008,0.3644210696220398,0.0
250,2650,-0.21608283524519548,-0.5020954873227212,-0.09708283524519548,0.02590451267727878,0.10047945400077106,0.366119850058458,0.7085703015327454,0.33723366260528564,-1.0,0.8860465288162231,0.3084745705127716,0.13500000536441803,-0.11625000089406967,-0.14237500727176666,0.09724999964237213,0.00011420000373618677,9.707000572234392e-05,0.0,6.28100024187006e-05,0.01850000023841858,0.005499999970197678,0.024000000208616257,0.001500000013038516,0.005750000011175871,-0.0002500000118743628,0.0012499999720603228,-0.8773165345191956,-0.6676908731460571,-0.970282256603241,0.1480473279953003,-0.14043388
251,2651,-0.21186132063901497,-0.5049860979030443,-0.09286132063901498,0.02301390209695575,0.09567060447467766,0.38415619751186925,0.660272479057312,0.35238054394721985,-1.0,0.8860465288162231,0.3084745705127716,0.11949999630451202,-0.12587499618530273,-0.13862499594688416,0.10037499666213989,0.0,0.0,0.0,6.28100024187006e-05,0.0,0.005499999970197678,0.005499999970197678,-0.0002500000118743628,0.0,-0.0002500000118743628,0.0005000000237487257,0.5747386813163757,0.3661668300628662,0.04410120099782944,0.45444542169570923,-0.018707858
252,2652,-0.27329835849024575,-0.4720133430647454,-0.15429835849024576,0.05598665693525462,0.16414167413417682,0.19370541732770447,0.6700899600982666,0.3474811911582947,-1.0,0.8860465288162231,0.3084745705127716,0.12962499260902405,-0.12174999713897705,-0.13512499630451202,0.10849999636411667,9.707000572234392e-05,9.707000572234392e-05,7.423000351991504e-05,6.851999933132902e-05,0.017000000923871994,0.012500000186264515,0.029500000178813934,0.0010000000474974513,0.005249999929219484,0.0002500000118743628,0.0012499999720603228,-0.42439836263656616,0.9216379523277283,0.788541853427887,0.9928403496742249,0.0
253,2653,-0.28005995137295503,-0.47063573814710224,-0.16105995137295503,0.05736426185289778,0.1709706596881069,0.18091886699049647,0.5272130966186523,0.40336722135543823,-1.0,0.8860465288162231,0.3084745705127716,0.12212499976158142,-0.10487499833106995,-0.1288750022649765,0.1171249970793724,9.13600015337579e-05,0.00010278000263497233,0.00026266000350005925,0.000308340007904917,0.017000000923871994,0.05000000074505806,0.06700000166893005,0.0002500000118743628,0.006000000052154064,0.017249999567866325,0.020999999716877937,0.4706854224205017,-0.559831440448761,-0.7909882068634033,0.7329770922660828,0.0
254,2654,-0.280771097335848,-0.4685901910092839,-0.161771097335848,0.05940980899071613,0.17233517730735587,0.17846696354450675,0.5114884972572327,0.405702143907547,-1.0,0.8860465288162231,0.3084745705127716,0.1301250010728836,-0.11287499964237213,-0.13850000500679016,0.12687499821186066,0.00013703999866265804,7.994000043254346e-05,0.00011420000373618677,0.00048534999950788915,0.01899999938905239,0.05249999836087227,0.07150000333786011,0.0017500000540167093,0.0012499999720603228,0.007000000216066837,0.028750000521540642,-0.300414115190506,-0.264315128326416,0.3576261103153229,-0.9328728914260864,0.0
255,2655,-0.29612834507803004,-0.45917439706796587,-0.17712834507803005,0.06882560293203416,0.19003003512350283,0.1495237028488119,0.5098346471786499,0.40916916728019714,-1.0,0.8860465288162231,0.3084745705127716,0.12524999678134918,-0.1171249970793724,-0.1353749930858612,0.12250000238418579,8.565000462112948e-05,5.7100000958598685e-06,0.00021127000218257308,7.423000351991504e-05,0.00800000037997961,0.02500000037252903,0.032999999821186066,0.0002500000118743628,0.0,0.014000000432133675,0.002749999985098839,-0.7526451945304871,-0.31601986289024353,-0.7925111055374146,0.7134785652160645,-0.061922386
256,2656,-0.2018946596260091,-0.5073447022581786,-0.08289465962600912,0.0206552977418214,0.08542930363356123,0.42558395714825736,0.4741201400756836,0.42512813210487366,-1.0,0.8860465288162231,0.3084745705127716,0.11137499660253525,-0.11337500065565109,-0.14425000548362732,0.13124999403953552,0.0,0.0,8.565000462112948e-05,0.00016558999777771533,0.0,0.02199999988079071,0.02199999988079071,0.0,0.0,0.0022499999031424522,0.012000000104308128,0.24290414154529572,0.31721600890159607,-0.7303140163421631,-0.6680625677108765,0.0
257,2657,-0.21670609288720558,-0.49804650059558364,-0.09770609288720558,0.029953499404416384,0.10219438689993506,0.359894671683162,0.6932682394981384,0.343483567237854,-1.0,0.8860465288162231,0.3084745705127716,0.11550000309944153,-0.10925000160932541,-0.15662500262260437,0.12475000321865082,9.707000572234392e-05,9.13600015337579e-05,0.0,1.1420000191719737e-05,0.016499999910593033,0.0010000000474974513,0.017500000074505806,0.000750000006519258,0.0035000001080334187,-0.0002500000118743628,0.0,-0.9595140814781189,0.8010565638542175,-0.09695924073457718,0.18803265690803528,-0.03707119
258,2658,-0.2818602638662274,-0.4678754602939092,-0.16286026386622743,0.06012453970609083,0.17360422178462862,0.17621644862077854,0.6588230133056641,0.3592432141304016,-1.0,0.8860465288162231,0.3084745705127716,0.09799999743700027,-0.09350000321865082,-0.15299999713897705,0.12812499701976776,8.565000462112948e-05,7.994000043254346e-05,6.851999933132902e-05,6.851999933132902e-05,0.014499999582767487,0.012000000104308128,0.026499999687075615,0.0,0.0020000000949949026,0.0,0.000750000006519258,0.5219385623931885,-0.8521654605865479,-0.654937744140625,0.8334431648254395,0.0
259,2659,-0.22789517433802445,-0.4950767298239567,-0.10889517433802445,0.03292327017604335,0.11376335399940302,0.3205767569619211,0.5073016881942749,0.4103805720806122,-1.0,0.8860465288162231,0.3084745705127716,0.10762500017881393,-0.10837499797344208,-0.1653749942779541,0.1432500034570694,9.13600015337579e-05,7.423000351991504e-05,7.423000351991504e-05,6.851999933132902e-05,0.014499999582767487,0.012500000186264515,0.027000000700354576,0.0002500000118743628,0.0,0.0002500000118743628,0.0017500000540167093,-0.987916886806488,0.48318201303482056,-0.7962822914123535,-0.18045449256896973,0.0
260,2660,-0.2550736452362491,-0.4834192771058169,-0.1360736452362491,0.044580722894183133,0.14319035505804337,0.2388538188994545,0.63280189037323,0.3642767369747162,-1.0,0.8860465288162231,0.3084745705127716,0.08924999833106995,-0.09937500208616257,-0.18012499809265137,0.1407500058412552,0.0,7.423000351991504e-05,7.423000351991504e-05,0.0,0.006500000134110451,0.006500000134110451,0.013000000268220901,0.0,0.0,0.0,0.0,-0.9016612768173218,-0.29295429587364197,0.5687763094902039,-0.8922421336174011,-0.26326844
261,2661,-0.2177556670912062,-0.498970828639197,-0.0987556670912062,0.02902917136080302,0.10293383589725982,0.3572432491818282,0.5695961713790894,0.3840351104736328,-1.0,0.8860465288162231,0.3084745705127716,0.09312500059604645,-0.10462500154972076,-0.1693750023841858,0.14399999380111694,0.0,0.0,0.0,6.28100024187006e-05,0.0,0.005499999970197678,0.005499999970197678,-0.0002500000118743628,-0.0002500000118743628,-0.0002500000118743628,0.0010000000474974513,-0.7810032963752747,0.4466894567012787,-0.8784456253051758,-0.951683759689331,-0.24713388
262,2662,-0.2591772380639784,-0.4767289444763523,-0.14017723806397842,0.051271055523647746,0.14925943590190285,0.22478871576014092,0.656382143497467,0.35767656564712524,-1.0,0.8860465288162231,0.3084745705127716,0.09674999862909317,-0.09687499701976776,-0.16574999690055847,0.1264999955892563,9.13600015337579e-05,7.423000351991504e-05,7.423000351991504e-05,6.28100024187006e-05,0.014499999582767487,0.012000000104308128,0.026499999687075615,0.0,0.0010000000474974513,0.0,0.0005000000237487257,-0.5081800818443298,-0.982566773891449,0.39711835980415344,-0.6691846251487732,0.0
263,2663,-0.2590827066383346,-0.4765338380593951,-0.1400827066383346,0.05146616194060494,0.14923783208026806,0.22483728395945357,0.5600529313087463,0.3953746557235718,-1.0,0.8860465288162231,0.3084745705127716,0.0872500017285347,-0.11487500369548798,-0.15850000083446503,0.11412499845027924,0.0,6.851999933132902e-05,7.423000351991504e-05,6.851999933132902e-05,0.006000000052154064,0.012500000186264515,0.01850000023841858,0.0,0.0002500000118743628,0.0002500000118743628,0.0002500000118743628,0.3267403542995453,0.7415835857391357,-0.926636815071106,0.9602264165878296,0.0
264,2664,-0.21498895946453725,-0.5013617810705586,-0.09598895946453725,0.026638218929441404,0.09961664041121557,0.36929244900433145,0.560272753238678,0.39570537209510803,-1.0,0.8860465288162231,0.3084745705127716,0.09350000321865082,-0.10074999928474426,-0.17550000548362732,0.13237500190734863,0.0,0.0,5.7100000958598685e-06,0.0,0.0,0.0005000000237487257,0.0005000000237487257,-0.0002500000118743628,-0.0002500000118743628,-0.0002500000118743628,-0.0002500000118743628,-0.6726869344711304,-0.7476788759231567,0.018111752346158028,0.7521317005157471,-0.2184439
265,2665,-0.2502887953113687,-0.4882722080334951,-0.13128879531136872,0.039727791966504944,0.13716794534017185,0.2536805569170822,0.6628163456916809,0.3536241054534912,-1.0,0.8860465288162231,0.3084745705127716,0.09700000286102295,-0.09775000065565109,-0.1756249964237213,0.14612500369548798,8.565000462112948e-05,7.994000043254346e-05,7.423000351991504e-05,6.28100024187006e-05,0.014499999582767487,0.012000000104308128,0.026499999687075615,0.0002500000118743628,0.0012499999720603228,0.0005000000237487257,0.0002500000118743628,0.3644200265407562,-0.9667591452598572,-0.9589856863021851,0.3172008991241455,0.0
266,2666,-0.21099795566630558,-0.5071569256759582,-0.09199795566630559,0.020843074324041866,0.09432951602789585,0.3893427724385134,0.5807237029075623,0.37580981850624084,-1.0,0.8860465288162231,0.3084745705127716,0.10374999791383743,-0.11537499725818634,-0.19325000047683716,0.15187500417232513,8.565000462112948e-05,6.851999933132902e-05,7.423000351991504e-05,6.28100024187006e-05,0.013500000350177288,0.012000000104308128,0.025499999523162842,0.0002500000118743628,0.0002500000118743628,0.0,0.0005000000237487257,0.964055061340332,-0.1357974261045456,-0.9069441556930542,-0.517639696598053,0.0
267,2667,-0.20576891948063084,-0.5074215823775915,-0.08676891948063084,0.02057841762240853,0.08917576273673498,0.4099346069012404,0.6720978021621704,0.3438018262386322,-1.0,0.8860465288162231,0.3084745705127716,0.12150000035762787,-0.11787500232458115,-0.21012499928474426,0.14237500727176666,0.00011420000373618677,6.851999933132902e-05,0.0,6.28100024187006e-05,0.01600000075995922,0.005499999970197678,0.0215000007301569,0.000750000006519258,0.0002500000118743628,-0.0002500000118743628,0.0002500000118743628,-0.20409254729747772,0.7530646324157715,-0.10459307581186295,-0.9678083658218384,-0.036551174
268,2668,-0.20486214478743636,-0.5073994083972518,-0.08586214478743637,0.020600591602748186,0.0882988804112595,0.4135450575824983,0.6842583417892456,0.3433532416820526,-1.0,0.8860465288162231,0.3084745705127716,0.11812499910593033,-0.10662499815225601,-0.20649999380111694,0.12425000220537186,9.13600015337579e-05,0.00010848999954760075,7.423000351991504e-05,5.7100001868093386e-05,0.017500000074505806,0.011500000022351742,0.028999999165534973,0.0,0.005750000011175871,0.0,0.0002500000118743628,-0.6312593221664429,-0.9340200424194336,0.5796774625778198,-0.42255899310112,0.0
269,2669,-0.2055534555121165,-0.5073753656150959,-0.08655345551211652,0.02062463438490414,0.08897682959399544,0.41075091438178146,0.6863670945167542,0.3433908224105835,-1.0,0.8860465288162231,0.3084745705127716,0.10637500137090683,-0.12125000357627869,-0.19550000131130219,0.11649999767541885,0.0,0.0,-7.423000351991504e-05,0.0,0.0,0.006500000134110451,0.006500000134110451,0.0,0.0,-0.0005000000237487257,0.0,-0.006027685012668371,-0.5331857800483704,0.34553733468055725,-0.9998522400856018,-0.2566879
270,2670,-0.21890763854990775,-0.5031867979918404,-0.09990763854990775,0.02481320200815962,0.10294285421784627,0.3572110332930314,0.6847593784332275,0.34343159198760986,-1.0,0.8860465288162231,0.3084745705127716,0.10999999940395355,-0.11749999970197678,-0.18925000727176666,0.12012500315904617,8.565000462112948e-05,0.0,2.2840000383439474e-05,5.7100001868093386e-05,0.007499999832361937,0.007000000216066837,0.014499999582767487,0.0002500000118743628,0.0,-0.0002500000118743628,0.0002500000118743628,0.3408348560333252,-0.17236733436584473,0.8663650155067444,0.978571355342865,-0.04468408
271,2671,-0.290206191367419,-0.46612078828374914,-0.171206191367419,0.06187921171625088,0.18204558990857728,0.161951900377638,0.6537031531333923,0.35053086280822754,-1.0,0.8860465288162231,0.3084745705127716,0.11637499928474426,-0.11512500047683716,-0.1731249988079071,0.13837499916553497,9.13600015337579e-05,9.13600015337579e-05,0.0,6.28100024187006e-05,0.01600000075995922,0.005499999970197678,0.0215000007301569,0.0002500000118743628,0.002749999985098839,-0.0002500000118743628,0.0002500000118743628,-0.3681224286556244,-0.3960252106189728,-0.6492213010787964,0.4167962968349457,-0.10190656
272,2672,-0.27234284476982046,-0.47629319209296794,-0.15334284476982046,0.05170680790703208,0.16182590035601832,0.1982435401105607,0.4878925681114197,0.4133546054363251,-1.0,0.8860465288162231,0.3084745705127716,0.10962499678134918,-0.1211249977350235,-0.16987499594688416,0.14562499523162842,0.0,0.0,7.994000043254346e-05,6.851999933132902e-05,0.0,0.013000000268220901,0.013000000268220901,0.0,0.0,0.000750000006519258,0.0012499999720603228,-0.8706311583518982,0.07860960811376572,-0.5317485332489014,0.6039631962776184,-0.1430426
273,2673,-0.25843380224249163,-0.4860708898610915,-0.13943380224249163,0.04192911013890854,0.14560163283713198,0.23316327299095957,0.5294352173805237,0.39611324667930603,-1.0,0.8860465288162231,0.3084745705127716,0.1132500022649765,-0.11800000071525574,-0.17949999868869781,0.15587499737739563,9.13600015337579e-05,7.423000351991504e-05,7.423000351991504e-05,7.423000351991504e-05,0.014499999582767487,0.013000000268220901,0.027499999850988388,0.0002500000118743628,0.0012499999720603228,0.0002500000118743628,0.0032500000670552254,0.08044222742319107,-0.1764153093099594,-0.5402536988258362,-0.2952372431755066,0.0
274,2674,-0.23242867822610808,-0.49704135417904033,-0.11342867822610808,0.030958645820959696,0.1175776458141155,0.3085792877445206,0.5617818832397461,0.3795408606529236,-1.0,0.8860465288162231,0.3084745705127716,0.11474999785423279,-0.12062499672174454,-0.18937499821186066,0.1522500067949295,9.707000572234392e-05,0.0,0.0,-6.851999933132902e-05,0.008500000461935997,0.006000000052154064,0.014499999582767487,0.0002500000118743628,0.0,-0.0002500000118743628,-0.0005000000237487257,-0.08555377274751663,0.962599515914917,0.6664268970489502,0.05016397684812546,0.0
275,2675,-0.3018143223529737,-0.45502496871949816,-0.18281432235297368,0.07297503128050187,0.19684113301789136,0.13967858319270812,0.6222589015960693,0.3609468638896942,-1.0,0.8860465288162231,0.3084745705127716,0.1132500022649765,-0.10525000095367432,-0.17749999463558197,0.15199999511241913,8.565000462112948e-05,0.00010278000263497233,7.423000351991504e-05,6.851999933132902e-05,0.016499999910593033,0.012500000186264515,0.028999999165534973,0.0002500000118743628,0.005249999929219484,0.000750000006519258,0.0017500000540167093,-0.7580491304397583,-0.5892283916473389,0.7672861218452454,-0.39691635966300964,0.0
276,2676,-0.29948598617600986,-0.4563688589752332,-0.18048598617600986,0.07163114102476681,0.19418087333833076,0.1434442625696856,0.46089693903923035,0.4321610629558563,-1.0,0.8860465288162231,0.3084745705127716,0.09937500208616257,-0.11362499743700027,-0.16474999487400055,0.14512500166893005,0.0,0.0,9.13600015337579e-05,6.28100024187006e-05,0.0,0.013500000350177288,0.013500000350177288,-0.0002500000118743628,0.0,0.004000000189989805,0.000750000006519258,-0.34815850853919983,-0.25496912002563477,0.8086720108985901,-0.3426281809806824,-0.12037532
277,2677,-0.2562882567980058,-0.48006406062993134,-0.13728825679800583,0.04793593937006868,0.14541636681586462,0.23359564570607871,0.46631166338920593,0.42988330125808716,-1.0,0.8860465288162231,0.3084745705127716,0.1028750017285347,-0.10975000262260437,-0.1535000056028366,0.13762499392032623,9.13600015337579e-05,0.0,0.00017701000615488738,6.851999933132902e-05,0.00800000037997961,0.0215000007301569,0.029500000178813934,0.0002500000118743628,-0.0002500000118743628,0.011749999597668648,0.003000000026077032,-0.30715665221214294,0.6928207874298096,-0.7607870697975159,0.19495704770088196,0.0
278,2678,-0.26322172497412005,-0.47296263604473776,-0.14422172497412006,0.055037363955262264,0.15436650344441544,0.2135968253833265,0.5667715072631836,0.38972193002700806,-1.0,0.8860465288162231,0.3084745705127716,0.09724999964237213,-0.0976250022649765,-0.16200000047683716,0.14137500524520874,9.13600015337579e-05,7.423000351991504e-05,1.7129999832832254e-05,7.423000351991504e-05,0.014499999582767487,0.00800000037997961,0.02250000089406967,0.0,0.0012499999720603228,0.0002500000118743628,0.002749999985098839,-0.28402867913246155,0.8410820960998535,-0.13855335116386414,0.5331745147705078,0.0
279,2679,-0.27188307743462636,-0.46443035096188334,-0.15288307743462637,0.06356964903811668,0.16557275030847102,0.19095308620197582,0.5506471395492554,0.40175825357437134,-1.0,0.8860465288162231,0.3084745705127716,0.09200000017881393,-0.08387500047683716,-0.16500000655651093,0.14762499928474426,7.994000043254346e-05,9.707000572234392e-05,7.994000043254346e-05,0.00014275001012720168,0.01549999974668026,0.019500000402331352,0.03500000014901161,0.0,0.005249999929219484,0.0012499999720603228,0.009999999776482582,-0.8945900797843933,0.9321945309638977,0.905259907245636,-0.7546645402908325,0.0
280,2680,-0.2509852555743809,-0.47696868858578423,-0.1319852555743809,0.051031311414215796,0.1415072522300158,0.24290799656330408,0.5305044651031494,0.4162197411060333,-1.0,0.8860465288162231,0.3084745705127716,0.07500000298023224,-0.06662499904632568,-0.1525000035762787,0.13712500035762787,8.565000462112948e-05,0.00010848999954760075,0.0001541700039524585,7.423000351991504e-05,0.017000000923871994,0.019999999552965164,0.03700000047683716,0.0005000000237487257,0.005499999970197678,0.009999999776482582,0.002749999985098839,0.3197678029537201,-0.207072451710701,0.6123457551002502,-0.8873332142829895,0.0
281,2681,-0.288492841164792,-0.4548619038675765,-0.16949284116479202,0.0731380961324235,0.1845995783093478,0.15786804026845258,0.5791040658950806,0.39496833086013794,-1.0,0.8860465288162231,0.3084745705127716,0.08049999922513962,-0.06787499785423279,-0.13824999332427979,0.1211249977350235,0.00011991000064881518,6.851999933132902e-05,9.13600015337579e-05,7.423000351991504e-05,0.016499999910593033,0.014499999582767487,0.03099999949336052,0.0012499999720603228,0.0002500000118743628,0.0042500002309679985,0.001500000013038516,0.09404458850622177,-0.725233793258667,0.3499339818954468,0.22888998687267303,0.0
282,2682,-0.29703023563082864,-0.45120303886602525,-0.17803023563082865,0.07679696113397477,0.19388795227703448,0.1438650570228848,0.49187710881233215,0.4324374496936798,-1.0,0.8860465288162231,0.3084745705127716,0.08262500166893005,-0.08137500286102295,-0.1354999989271164,0.12137500196695328,9.13600015337579e-05,6.851999933132902e-05,0.0001827200030675158,0.0001256200048374012,0.014000000432133675,0.027000000700354576,0.04100000113248825,0.0005000000237487257,0.0002500000118743628,0.011749999597668648,0.009499999694526196,0.25493520498275757,-0.7893627285957336,-0.3207748532295227,0.7322560548782349,0.0
283,2683,-0.2923655892908199,-0.45195938964235344,-0.1733655892908199,0.07604061035764659,0.18930874774747383,0.15060609733635377,0.4720227122306824,0.43863892555236816,-1.0,0.8860465288162231,0.3084745705127716,0.08749999850988388,-0.09600000083446503,-0.1378750056028366,0.12700000405311584,7.994000043254346e-05,0.0,9.707000572234392e-05,0.000433959998190403,0.007000000216066837,0.04650000110268593,0.05350000038743019,0.0002500000118743628,0.0,0.0044999998062849045,0.025499999523162842,-0.42807480692863464,0.7420768737792969,0.2436191886663437,-0.3437345623970032,0.0
284,2684,-0.2951261810691731,-0.45301713977759084,-0.1761261810691731,0.07498286022240919,0.19142325090005266,0.14745495952291757,0.4828707277774811,0.43735697865486145,-1.0,0.8860465288162231,0.3084745705127716,0.07975000143051147,-0.08250000327825546,-0.13774999976158142,0.12700000405311584,6.28100024187006e-05,7.423000351991504e-05,0.00020556000526994467,0.00017701000615488738,0.012000000104308128,0.03350000083446503,0.045499999076128006,-0.0002500000118743628,0.000750000006519258,0.013249999843537807,0.012749999761581421,0.6618438959121704,-0.5928425788879395,-0.04133498668670654,0.6540801525115967,0.0
285,2685,-0.23162518646905778,-0.4903433784113749,-0.11262518646905778,0.03765662158862515,0.11875375268453181,0.3049713238846186,0.47645074129104614,0.43556416034698486,-1.0,0.8860465288162231,0.3084745705127716,0.09162499755620956,-0.09312500059604645,-0.1378750056028366,0.1288750022649765,9.707000572234392e-05,0.0,0.0001827200030675158,0.0006566499941982329,0.008500000461935997,0.07349999994039536,0.0820000022649765,0.000750000006519258,0.0,0.012000000104308128,0.03350000083446503,0.5587776303291321,0.2450096756219864,-0.8023293614387512,-0.9203986525535583,0.0
286,2686,-0.23202653913783478,-0.49128233568466784,-0.11302653913783478,0.03671766431533219,0.11884100900888513,0.3047053331807973,0.6241274476051331,0.3722993731498718,-1.0,0.8860465288162231,0.3084745705127716,0.10187499970197678,-0.09175000339746475,-0.14687499403953552,0.12787500023841858,0.00010278000263497233,0.00010848999954760075,7.423000351991504e-05,6.851999933132902e-05,0.01850000023841858,0.012500000186264515,0.03099999949336052,0.0010000000474974513,0.0062500000931322575,0.0,0.0010000000474974513,-0.6736535429954529,-0.3107158839702606,-0.5224999785423279,-0.9935982823371887,0.0
287,2687,-0.21500111951867246,-0.49685762179207155,-0.09600111951867246,0.03114237820792848,0.10092602572817427,0.36448850758791523,0.6231940984725952,0.3707078993320465,-1.0,0.8860465288162231,0.3084745705127716,0.08974999934434891,-0.09437499940395355,-0.15649999678134918,0.10962499678134918,0.0,0.0,0.0,6.28100024187006e-05,0.0,0.005499999970197678,0.005499999970197678,0.0,0.0,-0.0002500000118743628,0.0002500000118743628,0.05985221266746521,-0.27814969420433044,0.46467673778533936,-0.028970329090952873,-0.074195705
288,2688,-0.23512169087311766,-0.48684258142879494,-0.11612169087311766,0.041157418571205084,0.12319975728335375,0.2917092847472579,0.6627880930900574,0.36125826835632324,-1.0,0.8860465288162231,0.3084745705127716,0.09350000321865082,-0.09137500077486038,-0.14787499606609344,0.109375,9.13600015337579e-05,7.423000351991504e-05,5.7100000958598685e-06,-6.851999933132902e-05,0.014499999582767487,0.006500000134110451,0.020999999716877937,0.0,0.001500000013038516,-0.0002500000118743628,-0.0002500000118743628,-0.3440113663673401,0.07587970793247223,-0.13035179674625397,-0.579440712928772,-0.03964222
289,2689,-0.23495479919045031,-0.4881379586779135,-0.11595479919045032,0.03986204132208654,0.12261524290911548,0.2934193603977614,0.6159960627555847,0.3782329261302948,-1.0,0.8860465288162231,0.3084745705127716,0.08712500333786011,-0.08962500095367432,-0.1443749964237213,0.09862499684095383,0.0,6.851999933132902e-05,7.423000351991504e-05,0.0,0.006000000052154064,0.006500000134110451,0.012500000186264515,0.0,0.000750000006519258,0.0002500000118743628,-0.0002500000118743628,-0.48140963912010193,-0.9056927561759949,-0.9292967915534973,-0.5866612195968628,-0.17616852
290,2690,-0.22903309947896697,-0.4919949532597807,-0.11003309947896697,0.036005046740219315,0.11577411788354779,0.3141950904513161,0.6163842082023621,0.3760373592376709,-1.0,0.8860465288162231,0.3084745705127716,0.09075000137090683,-0.10599999874830246,-0.16175000369548798,0.10225000232458115,8.565000462112948e-05,0.0,6.28100024187006e-05,5.7100001868093386e-05,0.007499999832361937,0.010499999858438969,0.017999999225139618,0.0002500000118743628,-0.0002500000118743628,0.0002500000118743628,0.0,0.4111223518848419,-0.8936577439308167,-0.6462858319282532,-0.887488603591919,-0.23279324
291,2691,-0.19814494066129948,-0.5066088451009645,-0.07914494066129948,0.021391154899035536,0.08198477383145696,0.4404987204776906,0.6301555633544922,0.369500070810318,-1.0,0.8860465288162231,0.3084745705127716,0.09849999845027924,-0.10225000232458115,-0.15787500143051147,0.08562500029802322,8.565000462112948e-05,0.0,0.0,5.7100001868093386e-05,0.007499999832361937,0.004999999888241291,0.012500000186264515,0.0,-0.0002500000118743628,0.0,0.0,0.7224751710891724,-0.8046232461929321,-0.6650937795639038,-0.2142714112997055,-0.27407864
292,2692,-0.19708480743377596,-0.5060878577615676,-0.07808480743377597,0.02191214223843241,0.08110104271491932,0.44440879657064286,0.7019885182380676,0.34473076462745667,-1.0,0.8860465288162231,0.3084745705127716,0.11150000244379044,-0.10137499868869781,-0.15399999916553497,0.08924999833106995,0.00010278000263497233,9.707000572234392e-05,4.568000076687895e-05,6.28100024187006e-05,0.017500000074505806,0.009499999694526196,0.027000000700354576,0.0010000000474974513,0.005499999970197678,-0.0002500000118743628,0.0002500000118743628,-0.805751383304596,-0.5763726234436035,-0.10635583102703094,-0.9021745920181274,-0.036762703
293,2693,-0.2739219315573236,-0.4710175988404166,-0.1549219315573236,0.05698240115958342,0.16506907317654554,0.19191729945227193,0.7044539451599121,0.3456138074398041,-1.0,0.8860465288162231,0.3084745705127716,0.09712500125169754,-0.10925000160932541,-0.15025000274181366,0.07249999791383743,0.0,0.0,0.0,6.28100024187006e-05,0.0,0.005499999970197678,0.005499999970197678,-0.0002500000118743628,-0.0002500000118743628,-0.0002500000118743628,0.0,-0.7588726282119751,-0.817429780960083,0.7792258858680725,0.6027454137802124,-0.2371563
294,2694,-0.195861159530538,-0.5054372710784347,-0.07686115953053801,0.0225627289215653,0.08010439801138795,0.4488601183894839,0.5257629752159119,0.4050549268722534,-1.0,0.8860465288162231,0.3084745705127716,0.10074999928474426,-0.1054999977350235,-0.13574999570846558,0.08375000208616257,0.0,0.0,0.0,0.0,0.0,0.0,0.0,0.0,-0.0002500000118743628,-0.0002500000118743628,0.0,0.21970084309577942,0.3902096450328827,-0.3332674503326416,-0.99220871925354,-0.20705716
295,2695,-0.19510299829495847,-0.5078918312107938,-0.07610299829495848,0.020108168789206182,0.0787147051162466,0.4551414400145347,0.7072996497154236,0.3467164933681488,-1.0,0.8860465288162231,0.3084745705127716,0.10450000315904617,-0.09962499886751175,-0.13199999928474426,0.08737500011920929,9.13600015337579e-05,8.565000462112948e-05,1.7129999832832254e-05,6.28100024187006e-05,0.01549999974668026,0.007000000216066837,0.02250000089406967,0.0005000000237487257,0.0024999999441206455,-0.0002500000118743628,0.0002500000118743628,0.6279550194740295,-0.24724452197551727,0.20287692546844482,-0.9943035840988159,0.0
296,2696,-0.19048396898771297,-0.5102386813625737,-0.07148396898771298,0.01776131863742636,0.07365746575858077,0.47875099623261697,0.7090628147125244,0.3425562083721161,-1.0,0.8860465288162231,0.3084745705127716,0.11599999666213989,-0.10324999690055847,-0.12837499380111694,0.06887499988079071,0.0001256200048374012,6.851999933132902e-05,7.423000351991504e-05,5.7100001868093386e-05,0.017000000923871994,0.011500000022351742,0.02850000001490116,0.0010000000474974513,0.0005000000237487257,0.0,0.0,0.9973306655883789,-0.06465273350477219,-0.6926244497299194,0.9957345724105835,0.0
297,2697,-0.19104226970365323,-0.5085837442559618,-0.07204226970365324,0.01941625574403827,0.07461286491733053,0.4741987937209174,0.7198047041893005,0.3385784924030304,-1.0,0.8860465288162231,0.3084745705127716,0.13362500071525574,-0.10499999672174454,-0.14112499356269836,0.08762499690055847,0.00021127000218257308,7.994000043254346e-05,0.0,-6.28100024187006e-05,0.025499999523162842,0.005499999970197678,0.03099999949336052,0.003000000026077032,0.0017500000540167093,-0.0002500000118743628,-0.0002500000118743628,-0.5343024730682373,0.05567328259348869,0.8768638968467712,-0.4977763593196869,0.0
298,2698,-0.19292080187857838,-0.5112034373679065,-0.07392080187857838,0.016796562632093504,0.07580507546745058,0.46857891264691004,0.7185063362121582,0.3413834869861603,-1.0,0.8860465288162231,0.3084745705127716,0.125,-0.10462500154972076,-0.12475000321865082,0.07824999839067459,9.707000572234392e-05,8.565000462112948e-05,0.0,0.0,0.01600000075995922,0.0,0.01600000075995922,0.0002500000118743628,0.003000000026077032,-0.0002500000118743628,0.0,0.709434986114502,-0.8562225103378296,0.25885605812072754,0.43034642934799194,0.0
299,2699,-0.2579994714621387,-0.48391227984272955,-0.1389994714621387,0.04408772015727047,0.14582379824781586,0.23264583983952478,0.7141376733779907,0.3369433283805847,-1.0,0.8860465288162231,0.3084745705127716,0.1378750056028366,-0.1197500005364418,-0.11999999731779099,0.08612500131130219,0.00010848999954760075,7.994000043254346e-05,0.0,5.7100000958598685e-06,0.016499999910593033,0.0005000000237487257,0.017000000923871994,0.0010000000474974513,0.0012499999720603228,-0.0002500000118743628,0.0002500000118743628,0.44384118914604187,-0.6432563662528992,0.8860059976577759,-0.13392561674118042,-0.040071074
300,2700,-0.19487533592042386,-0.5170882196401699,-0.07587533592042386,0.010911780359830092,0.07665594270282206,0.4646088421736807,0.5627919435501099,0.3831995129585266,-1.0,0.8860465288162231,0.3084745705127716,0.1459999978542328,-0.1316249966621399,-0.10762500017881393,0.08749999850988388,0.00011420000373618677,7.423000351991504e-05,0.0001256200048374012,8.565000462112948e-05,0.016499999910593033,0.01850000023841858,0.03500000014901161,0.0012499999720603228,0.0010000000474974513,0.00800000037997961,0.004999999888241291,0.8073742389678955,-0.8939135074615479,-0.9702925682067871,-0.38391321897506714,0.0
301,2701,-0.22278564002757406,-0.5083270280586643,-0.10378564002757407,0.01967297194133577,0.105633729939531,0.3477271009933558,0.7095922231674194,0.32696911692619324,-1.0,0.8860465288162231,0.3084745705127716,0.1615000069141388,-0.14800000190734863,-0.12162499874830246,0.08299999684095383,9.707000572234392e-05,7.423000351991504e-05,0.0,-6.28100024187006e-05,0.014999999664723873,0.005499999970197678,0.020500000566244125,0.0005000000237487257,0.0002500000118743628,-0.0002500000118743628,-0.0002500000118743628,0.588167130947113,-0.9581369161605835,0.5112193822860718,-0.38415494561195374,0.0
302,2702,-0.26449039024064885,-0.4878920830920258,-0.14549039024064886,0.04010791690797422,0.1509175226773659,0.22109225375239483,0.6446845531463623,0.34181860089302063,-1.0,0.8860465288162231,0.3084745705127716,0.17274999618530273,-0.16574999690055847,-0.11212500184774399,0.07575000077486038,9.13600015337579e-05,6.851999933132902e-05,0.0,0.0,0.014000000432133675,0.0,0.014000000432133675,0.0,0.0,-0.0002500000118743628,0.0,-0.9832567572593689,-0.8141956329345703,-0.3706597089767456,-0.9111802577972412,-0.2018208
303,2703,-0.28277769250862794,-0.4770345530582498,-0.16377769250862795,0.0509654469417502,0.17152436953804273,0.17991986972908802,0.5476967692375183,0.37645408511161804,-1.0,0.8860465288162231,0.3084745705127716,0.15449999272823334,-0.1809999942779541,-0.10887499898672104,0.07912500202655792,0.0,0.0,7.423000351991504e-05,6.28100024187006e-05,0.0,0.012000000104308128,0.012000000104308128,-0.0002500000118743628,0.0,0.000750000006519258,0.000750000006519258,0.49472856521606445,-0.6690822839736938,0.14056873321533203,0.8859730362892151,-0.10428988
304,2704,-0.2841784904116295,-0.47905544866721106,-0.16517849041162952,0.048944551332788966,0.17227740072288297,0.17857010545352214,0.5051681399345398,0.39485669136047363,-1.0,0.8860465288162231,0.3084745705127716,0.16337500512599945,-0.1772499978542328,-0.10875000059604645,0.08824999630451202,9.707000572234392e-05,0.0,0.00010848999954760075,0.00019985000835731626,0.008500000461935997,0.027000000700354576,0.03550000116229057,0.0005000000237487257,0.0,0.005750000011175871,0.01549999974668026,0.5900717973709106,-0.17522940039634705,0.6383739709854126,0.34458038210868835,-0.04502753
305,2705,-0.28398626278603234,-0.4748186104008126,-0.16498626278603234,0.053181389599187445,0.17334568672973172,0.17667261933947817,0.5019105076789856,0.39143145084381104,-1.0,0.8860465288162231,0.3084745705127716,0.17412500083446503,-0.17362500727176666,-0.10724999755620956,0.0886249989271164,0.00011420000373618677,7.423000351991504e-05,0.00048534999950788915,0.0004682200087700039,0.016499999910593033,0.08349999785423279,0.10000000149011612,0.0010000000474974513,0.0002500000118743628,0.026499999687075615,0.027499999850988388,-0.9552832841873169,-0.9375289082527161,-0.2564373016357422,-0.4414081573486328,0.0
306,2706,-0.28234302738487194,-0.4780649300522096,-0.16334302738487194,0.0499350699477904,0.17080531550846345,0.18121825324761062,0.502357542514801,0.39861252903938293,-1.0,0.8860465288162231,0.3084745705127716,0.15674999356269836,-0.19087499380111694,-0.10649999976158142,0.08887500315904617,7.994000043254346e-05,0.0,0.00023411000438500196,0.0001484600070398301,0.007000000216066837,0.03350000083446503,0.04050000011920929,0.0,-0.0002500000118743628,0.01549999974668026,0.010499999858438969,0.39787572622299194,-0.6740274429321289,-0.13305094838142395,-0.31744998693466187,-0.1048833
307,2707,-0.2787974161782109,-0.47698763486955476,-0.15979741617821092,0.05101236513044527,0.16774228928160667,0.1868549011836101,0.5061790347099304,0.3931102752685547,-1.0,0.8860465288162231,0.3084745705127716,0.16387499868869781,-0.18725000321865082,-0.10649999976158142,0.08737500011920929,9.13600015337579e-05,7.423000351991504e-05,0.0001598800008650869,6.851999933132902e-05,0.014499999582767487,0.019999999552965164,0.03449999913573265,0.0005000000237487257,0.0,0.01075000036507845,0.0017500000540167093,-0.2652214467525482,0.34159600734710693,0.37102261185646057,-0.606299877166748,0.0
308,2708,-0.27712203727516727,-0.47815681877075344,-0.15812203727516727,0.04984318122924658,0.16579180132654603,0.19053525931670048,0.5144246220588684,0.394936203956604,-1.0,0.8860465288162231,0.3084745705127716,0.15937499701976776,-0.1808750033378601,-0.09700000286102295,0.07625000178813934,0.0,0.0,0.00010278000263497233,6.851999933132902e-05,0.0,0.014999999664723873,0.014999999664723873,-0.0002500000118743628,0.0,0.005499999970197678,0.001500000013038516,-0.9207785725593567,0.1612381935119629,0.6705501675605774,-0.8585925102233887,-0.13914485
309,2709,-0.207770884091556,-0.5150258712643214,-0.08877088409155601,0.012974128735678603,0.08971397816865793,0.4077342023562162,0.5183208584785461,0.392954558134079,-1.0,0.8860465288162231,0.3084745705127716,0.16300000250339508,-0.1772499978542328,-0.0832500010728836,0.060499999672174454,9.13600015337579e-05,2.8550000934046693e-05,9.13600015337579e-05,6.28100024187006e-05,0.010499999858438969,0.013500000350177288,0.024000000208616257,0.0,0.0002500000118743628,0.003000000026077032,0.0010000000474974513,0.751320481300354,-0.8489675521850586,-0.35675469040870667,-0.760807991027832,-0.12587611
310,2710,-0.2717504498096388,-0.48115647992890337,-0.1527504498096388,0.046843520071096656,0.15977175998810997,0.20235785290648953,0.6796026229858398,0.330464631319046,-1.0,0.8860465288162231,0.3084745705127716,0.1771250069141388,-0.1732500046491623,-0.08837500214576721,0.04675000160932541,4.568000076687895e-05,0.0,2.2840000383439474e-05,0.0,0.004000000189989805,0.0020000000949949026,0.006000000052154064,-0.0002500000118743628,-0.0002500000118743628,0.0,0.0,-0.4364701211452484,-0.25273799896240234,0.9615910649299622,-0.13475145399570465,-0.09449873
311,2711,-0.27229174048064814,-0.4819321682612857,-0.15329174048064814,0.046067831738714315,0.16006437086588907,0.20176659727785373,0.5308129191398621,0.3878703713417053,-1.0,0.8860465288162231,0.3084745705127716,0.16887499392032623,-0.16962499916553497,-0.07337500154972076,0.048624999821186066,1.1420000191719737e-05,7.423000351991504e-05,0.00010848999954760075,8.565000462112948e-05,0.007499999832361937,0.017000000923871994,0.02449999935925007,0.0,0.0,0.006000000052154064,0.0037499999161809683,0.15966516733169556,-0.6081441640853882,0.8671201467514038,-0.002535382518544793,0.0
312,2712,-0.2709960063006753,-0.48173406507546634,-0.15199600630067528,0.04626593492453368,0.15888147363930163,0.20416746063937327,0.5295540690422058,0.38655564188957214,-1.0,0.8860465288162231,0.3084745705127716,0.17125000059604645,-0.1809999942779541,-0.06650000065565109,0.04737500101327896,0.0001256200048374012,0.0,0.00044538002111949027,9.707000572234392e-05,0.010999999940395355,0.04749999940395355,0.05849999934434891,0.0010000000474974513,0.0,0.02474999986588955,0.0062500000931322575,-0.06691423058509827,-0.8578594923019409,0.3106224834918976,-0.3864841163158417,-0.12694316
313,2713,-0.2690892486650128,-0.4786591457290031,-0.15008924866501283,0.04934085427099694,0.15799146326627844,0.20599268250110153,0.5325674414634705,0.3868914246559143,-1.0,0.8860465288162231,0.3084745705127716,0.1704999953508377,-0.1772499978542328,-0.0598750002682209,0.0403750017285347,9.707000572234392e-05,0.0,0.0003882800228893757,9.707000572234392e-05,0.008500000461935997,0.042500000447034836,0.050999999046325684,0.0,0.0,0.023000000044703484,0.006000000052154064,-0.8235044479370117,-0.06469980627298355,0.7737137675285339,-0.6014859676361084,-0.03176398
314,2714,-0.26790319590124456,-0.4769513339298761,-0.14890319590124457,0.05104866607012393,0.15741069867433866,0.20719249573592524,0.5370017290115356,0.3921031355857849,-1.0,0.8860465288162231,0.3084745705127716,0.15512500703334808,-0.1733749955892563,-0.045625001192092896,0.02824999950826168,8.565000462112948e-05,0.0,0.0003939900198020041,0.00011420000373618677,0.007499999832361937,0.04450000077486038,0.052000001072883606,0.0,-0.0002500000118743628,0.023499999195337296,0.00774999987334013,-0.4279309809207916,0.8509106040000916,0.1865912526845932,0.04341873526573181,0.0
315,2715,-0.26689789225668414,-0.4752839068697922,-0.14789789225668415,0.05271609313020781,0.15701201549207147,0.20802018620636462,0.5397599935531616,0.3949977457523346,-1.0,0.8860465288162231,0.3084745705127716,0.1469999998807907,-0.1574999988079071,-0.04362500086426735,0.02812499925494194,9.13600015337579e-05,0.0,0.00044538002111949027,0.00013133000175002962,0.00800000037997961,0.05050000175833702,0.05849999934434891,0.0002500000118743628,-0.0002500000118743628,0.026249999180436134,0.009499999694526196,-0.3635089695453644,0.12272322177886963,0.10952077060937881,-0.3210371434688568,-0.009273214
316,2716,-0.21366789948920117,-0.5027860091796104,-0.09466789948920118,0.025213990820389665,0.0979681403660812,0.37543069064329215,0.5420979261398315,0.39782389998435974,-1.0,0.8860465288162231,0.3084745705127716,0.14037500321865082,-0.1537500023841858,-0.039374999701976776,0.024250000715255737,0.0,0.0,0.00033117999555543065,8.565000462112948e-05,0.0,0.0364999994635582,0.0364999994635582,0.0,-0.0002500000118743628,0.02174999937415123,0.005249999929219484,0.8843703269958496,0.5335686206817627,-0.30094924569129944,-0.709437370300293,0.0
317,2717,-0.21885244922188649,-0.5019675249838242,-0.09985244922188649,0.026032475016175782,0.10319012244918231,0.3563288550116687,0.6658886075019836,0.3512101471424103,-1.0,0.8860465288162231,0.3084745705127716,0.1563750058412552,-0.14650000631809235,-0.036375001072883606,0.012875000014901161,0.00011991000064881518,0.00010278000263497233,9.707000572234392e-05,6.851999933132902e-05,0.019500000402331352,0.014499999582767487,0.03400000184774399,0.0010000000474974513,0.005249999929219484,0.0044999998062849045,0.001500000013038516,0.12007482349872589,-0.8724250197410583,0.35270145535469055,-0.9857575297355652,0.0
318,2718,-0.2590757034367228,-0.4775785607947953,-0.14007570343672282,0.0504214392052047,0.14887418924990617,0.22565637700650856,0.6538315415382385,0.3525974154472351,-1.0,0.8860465288162231,0.3084745705127716,0.15912500023841858,-0.1599999964237213,-0.02787500061094761,-0.004749999847263098,9.13600015337579e-05,0.0,7.423000351991504e-05,0.0,0.00800000037997961,0.006500000134110451,0.014499999582767487,0.0,-0.0002500000118743628,0.0005000000237487257,0.0,-0.9925765991210938,-0.8640748262405396,0.926421046257019,-0.3743019998073578,-0.19660525
319,2719,-0.2631435885531394,-0.4787878135086904,-0.1441435885531394,0.04921218649130965,0.15231288002080515,0.21802865056725929,0.5602890849113464,0.3939346373081207,-1.0,0.8860465288162231,0.3084745705127716,0.1404999941587448,-0.15625,-0.01575000025331974,-0.004000000189989805,9.13600015337579e-05,0.0,0.0001541700039524585,9.13600015337579e-05,0.00800000037997961,0.0215000007301569,0.029500000178813934,0.0002500000118743628,-0.0002500000118743628,0.01075000036507845,0.006000000052154064,0.525709331035614,-0.6936458349227905,-0.8512777090072632,0.9724127650260925,-0.1072375
320,2720,-0.2628976901237779,-0.4831984306052477,-0.1438976901237779,0.04480156939475233,0.15071073566004387,0.2215499168603207,0.5508288741111755,0.39188507199287415,-1.0,0.8860465288162231,0.3084745705127716,0.15012499690055847,-0.15262499451637268,-0.02837499976158142,0.008999999612569809,9.707000572234392e-05,6.851999933132902e-05,9.13600015337579e-05,0.00023411000438500196,0.014499999582767487,0.02850000001490116,0.0430000014603138,0.0005000000237487257,0.0,0.0042500002309679985,0.016249999403953552,0.8973215818405151,-0.8556703329086304,0.49848639965057373,0.8497365117073059,0.0
321,2721,-0.26322876664300704,-0.47782672011401206,-0.14422876664300704,0.050173279885987965,0.15270656548387387,0.2171719908434859,0.5514007210731506,0.38440942764282227,-1.0,0.8860465288162231,0.3084745705127716,0.16637499630451202,-0.16850000619888306,-0.02837499976158142,0.013375000096857548,0.00013703999866265804,0.0,0.0003882800228893757,0.0008336600149050355,0.012000000104308128,0.10700000077486038,0.11900000274181366,0.001500000013038516,-0.0002500000118743628,0.022749999538064003,0.039250001311302185,-0.7361513376235962,0.44859829545021057,0.5661339163780212,0.9095961451530457,0.0
322,2722,-0.26406735143627047,-0.4734062537862871,-0.14506735143627048,0.054593746213712935,0.15500004380122512,0.2122478808595506,0.5506307482719421,0.3935140371322632,-1.0,0.8860465288162231,0.3084745705127716,0.15324999392032623,-0.1602499932050705,-0.02837499976158142,0.019750000908970833,9.13600015337579e-05,7.423000351991504e-05,0.0009706999990157783,0.0016330600483343005,0.014499999582767487,0.2280000001192093,0.24250000715255737,0.0002500000118743628,0.0,0.04374999925494194,0.060499999672174454,-0.8907558917999268,-0.952361524105072,-0.6124797463417053,-0.3539336919784546,0.0
323,2723,-0.2658889408387826,-0.4700593351734117,-0.14688894083878262,0.05794066482658833,0.1579033931911738,0.20617418032219267,0.5486806035041809,0.4010063409805298,-1.0,0.8860465288162231,0.3084745705127716,0.13650000095367432,-0.17800000309944153,-0.02837499976158142,0.020999999716877937,9.707000572234392e-05,0.0,0.00034260001848451793,0.0010163800325244665,0.008500000461935997,0.11900000274181366,0.1274999976158142,0.0005000000237487257,0.0,0.020999999716877937,0.04475000128149986,-0.632975697517395,-0.9747475385665894,-0.5164178013801575,-0.6576038002967834,-0.14096971
324,2724,-0.27315344121509344,-0.4653132456601183,-0.15415344121509345,0.06268675433988175,0.16641187640347055,0.18935745307621732,0.5444443225860596,0.40667909383773804,-1.0,0.8860465288162231,0.3084745705127716,0.12487500160932541,-0.17412500083446503,-0.029999999329447746,0.021250000223517418,8.565000462112948e-05,0.0,9.707000572234392e-05,0.00029121001716703176,0.007499999832361937,0.03400000184774399,0.04149999842047691,0.0002500000118743628,-0.0002500000118743628,0.004999999888241291,0.019750000908970833,-0.5683202743530273,0.5691531896591187,-0.8913747668266296,0.0422472208738327,0.0
325,2725,-0.2746645279049621,-0.4675982840396369,-0.1556645279049621,0.060401715960363145,0.1669724903654225,0.18829885884234074,0.5275501608848572,0.41472330689430237,-1.0,0.8860465288162231,0.3084745705127716,0.11437500268220901,-0.16349999606609344,-0.04462499916553497,0.029999999329447746,0.0,0.0,7.423000351991504e-05,8.565000462112948e-05,0.0,0.014000000432133675,0.014000000432133675,0.0,-0.0002500000118743628,0.0010000000474974513,0.0037499999161809683,0.4981314241886139,0.4572875499725342,-0.6193662881851196,0.5091350674629211,0.0
326,2726,-0.274284665771801,-0.4730143626157634,-0.155284665771801,0.05498563738423662,0.16473235183900795,0.19256461516340181,0.5240359902381897,0.4108503758907318,-1.0,0.8860465288162231,0.3084745705127716,0.1236250028014183,-0.1550000011920929,-0.0560000017285347,0.03962500020861626,9.13600015337579e-05,0.0,7.423000351991504e-05,7.994000043254346e-05,0.00800000037997961,0.013500000350177288,0.0215000007301569,0.0,-0.0002500000118743628,0.000750000006519258,0.0035000001080334187,0.9297488331794739,0.2389025241136551,-0.9586223363876343,0.958109438419342,0.0
327,2727,-0.2668817466204136,-0.4771085409427065,-0.1478817466204136,0.05089145905729353,0.15639357911527055,0.20931064492909568,0.5249193906784058,0.40167057514190674,-1.0,0.8860465288162231,0.3084745705127716,0.14087499678134918,-0.15074999630451202,-0.07437500357627869,0.05649999901652336,9.13600015337579e-05,6.851999933132902e-05,7.994000043254346e-05,9.13600015337579e-05,0.014000000432133675,0.014999999664723873,0.028999999165534973,0.0002500000118743628,0.0,0.0017500000540167093,0.005499999970197678,0.024942558258771896,0.7157666683197021,0.6608878374099731,0.36217013001441956,0.0
328,2728,-0.2749960537119424,-0.47343917152396525,-0.15599605371194242,0.05456082847603477,0.16526237556591794,0.19154667705319323,0.54213547706604,0.3947312831878662,-1.0,0.8860465288162231,0.3084745705127716,0.14112499356269836,-0.1381250023841858,-0.07112500071525574,0.057374998927116394,8.565000462112948e-05,7.994000043254346e-05,0.00033117999555543065,0.000245530012762174,0.014499999582767487,0.05050000175833702,0.06499999761581421,0.0005000000237487257,0.001500000013038516,0.019999999552965164,0.017249999567866325,0.6108217835426331,-0.6997398138046265,0.8911033272743225,0.9675148725509644,0.0
329,2729,-0.2749392222798958,-0.4714379182333472,-0.15593922227989582,0.05656208176665284,0.16588040914778418,0.1903665049505543,0.52326500415802,0.40095055103302,-1.0,0.8860465288162231,0.3084745705127716,0.15199999511241913,-0.15012499690055847,-0.06812500208616257,0.05999999865889549,0.00013703999866265804,-7.423000351991504e-05,0.001119159976951778,0.0011420000810176134,0.01850000023841858,0.1979999989271164,0.21649999916553497,0.001500000013038516,-0.0005000000237487257,0.04724999889731407,0.048250000923871994,-0.6900908946990967,-0.934400200843811,0.2947391867637634,-0.7538089752197266,0.0
330,2730,-0.2731688791658187,-0.47305924119450293,-0.15416887916581873,0.05494075880549709,0.1636659105659105,0.19462919288440508,0.5233971476554871,0.40434250235557556,-1.0,0.8860465288162231,0.3084745705127716,0.13962499797344208,-0.16775000095367432,-0.06575000286102295,0.05999999865889549,9.13600015337579e-05,0.0,0.0013646900188177824,0.0003026300109922886,0.00800000037997961,0.1459999978542328,0.15399999916553497,0.0005000000237487257,-0.0002500000118743628,0.05350000038743019,0.019999999552965164,0.32497891783714294,-0.8366525173187256,0.26512783765792847,-0.46653518080711365,-0.12439831
331,2731,-0.27327517956435515,-0.4681141555685332,-0.15427517956435516,0.05988584443146683,0.1654906202565084,0.19110998049075895,0.5275142192840576,0.40159451961517334,-1.0,0.8860465288162231,0.3084745705127716,0.14524999260902405,-0.164124995470047,-0.06062500178813934,0.05375000089406967,0.00011420000373618677,7.423000351991504e-05,0.0013361400924623013,0.00020556000526994467,0.016499999910593033,0.13500000536441803,0.15150000154972076,0.0012499999720603228,0.0,0.05299999937415123,0.015250000171363354,-0.9921140670776367,-0.8670165538787842,0.4938548803329468,0.9910252690315247,0.0
332,2732,-0.2752989774830592,-0.46804592250596805,-0.1562989774830592,0.059954077494031977,0.16740329079922606,0.18748941134513647,0.5272670388221741,0.4099760055541992,-1.0,0.8860465288162231,0.3084745705127716,0.12712499499320984,-0.18025000393390656,-0.05700000002980232,0.05375000089406967,9.13600015337579e-05,-7.423000351991504e-05,0.0017130000051110983,0.0013132999883964658,0.014499999582767487,0.26499998569488525,0.27950000762939453,0.0005000000237487257,-0.0002500000118743628,0.06424999982118607,0.05225000157952309,0.32784804701805115,-0.709540605545044,-0.9917625188827515,-0.9329385757446289,0.0
333,2733,-0.27294290406964056,-0.4678421968918266,-0.15394290406964056,0.060157803108173424,0.16527969926217895,0.1915134969627545,0.5225605368614197,0.41009166836738586,-1.0,0.8860465288162231,0.3084745705127716,0.13262499868869781,-0.19349999725818634,-0.05700000002980232,0.05362499877810478,0.00014275001012720168,0.0,0.00047964000259526074,0.00025695000658743083,0.012500000186264515,0.06449999660253525,0.07699999958276749,0.0017500000540167093,-0.0002500000118743628,0.027249999344348907,0.017750000581145287,-0.3756432831287384,-0.40842533111572266,-0.5369017124176025,-0.41625267267227173,-0.07301104
334,2734,-0.27299247870580723,-0.47023468059012125,-0.15399247870580723,0.05776531940987878,0.16447040957109524,0.1930696844897931,0.5280397534370422,0.4104369580745697,-1.0,0.8860465288162231,0.3084745705127716,0.1264999955892563,-0.18975000083446503,-0.058125000447034836,0.0507499985396862,0.0,0.0,0.0001484600070398301,0.00010848999954760075,0.0,0.02250000089406967,0.02250000089406967,0.0,-0.0002500000118743628,0.009499999694526196,0.00800000037997961,-0.6291947364807129,0.10148189961910248,-0.7571637630462646,0.13054710626602173,-0.11132555
335,2735,-0.2757774732299876,-0.4738552238442985,-0.15677747322998759,0.05414477615570151,0.16586389871617782,0.19039793787694007,0.5279244780540466,0.40638190507888794,-1.0,0.8860465288162231,0.3084745705127716,0.1301250010728836,-0.1861249953508377,-0.06787499785423279,0.05400000140070915,9.13600015337579e-05,6.851999933132902e-05,7.423000351991504e-05,9.707000572234392e-05,0.014000000432133675,0.014999999664723873,0.028999999165534973,0.0002500000118743628,0.0,0.000750000006519258,0.0062500000931322575,0.8513162136077881,-0.6428297758102417,0.3370470702648163,0.9159902334213257,0.0
336,2736,-0.2741901331082671,-0.4754125736450301,-0.15519013310826713,0.052587426354969935,0.16385791047368162,0.19425586352427163,0.5214477181434631,0.4002453684806824,-1.0,0.8860465288162231,0.3084745705127716,0.14562499523162842,-0.1979999989271164,-0.06812500208616257,0.057874999940395355,0.00010278000263497233,0.0,0.00021127000218257308,0.0006281000096350908,0.008999999612569809,0.07349999994039536,0.08250000327825546,0.0010000000474974513,-0.0002500000118743628,0.013749999925494194,0.032749999314546585,0.37810665369033813,0.6754056215286255,0.6975394487380981,-0.5311263799667358,0.0
337,2737,-0.2745387848721259,-0.4759708856704449,-0.1555387848721259,0.05202911432955515,0.16401018973653858,0.1939602772426653,0.5251392126083374,0.3976058065891266,-1.0,0.8860465288162231,0.3084745705127716,0.15262499451637268,-0.18537500500679016,-0.0676250010728836,0.057500001043081284,0.00011420000373618677,0.0,0.0008336600149050355,0.0001827200030675158,0.009999999776482582,0.08900000154972076,0.0989999994635582,0.0010000000474974513,-0.0002500000118743628,0.038750000298023224,0.013749999925494194,0.20122362673282623,-0.7954844236373901,-0.9444578886032104,-0.3632272779941559,-0.11945814
338,2738,-0.28030545278320657,-0.47070314738222885,-0.16130545278320657,0.05729685261777118,0.17117937497694596,0.18054165544071504,0.5243284106254578,0.3966595232486725,-1.0,0.8860465288162231,0.3084745705127716,0.15649999678134918,-0.18174999952316284,-0.06887499988079071,0.05537499859929085,9.707000572234392e-05,0.0,0.00010278000263497233,8.565000462112948e-05,0.008500000461935997,0.016499999910593033,0.02500000037252903,0.000750000006519258,0.0,0.006000000052154064,0.0044999998062849045,-0.8914146423339844,0.5449802875518799,-0.6608580350875854,-0.3264692723751068,0.0
339,2739,-0.2774732063199789,-0.4744786114271602,-0.1584732063199789,0.053521388572839834,0.16726714009661167,0.1877448533495929,0.5109175443649292,0.4055878818035126,-1.0,0.8860465288162231,0.3084745705127716,0.14024999737739563,-0.17149999737739563,-0.07824999839067459,0.051750000566244125,0.0,0.0,0.0,0.0,0.0,0.0,0.0,0.0,-0.0002500000118743628,0.0,-0.0002500000118743628,0.5558673739433289,-0.899999737739563,-0.7795397043228149,-0.08935606479644775,-0.2842675
340,2740,-0.2739911013497332,-0.47706351081283005,-0.1549911013497332,0.050936489187169975,0.1631464600545104,0.19564282560312082,0.5175041556358337,0.3991887867450714,-1.0,0.8860465288162231,0.3084745705127716,0.15062500536441803,-0.1678750067949295,-0.07599999755620956,0.05375000089406967,8.565000462112948e-05,7.423000351991504e-05,8.565000462112948e-05,7.994000043254346e-05,0.014000000432133675,0.014499999582767487,0.02850000001490116,0.0,0.0,0.003000000026077032,0.0032500000670552254,0.24303551018238068,-0.6742773652076721,0.8442763090133667,-0.13246643543243408,0.0
341,2741,-0.2507198154403381,-0.4922458920553343,-0.13171981544033812,0.035754107944665714,0.13648613854364677,0.25541607792256954,0.5256021022796631,0.3948076069355011,-1.0,0.8860465288162231,0.3084745705127716,0.1548749953508377,-0.18050000071525574,-0.06837499886751175,0.05112500116229057,9.707000572234392e-05,0.0,0.000308340007904917,7.994000043254346e-05,0.008500000461935997,0.03400000184774399,0.042500000447034836,0.0005000000237487257,0.0,0.01924999989569187,0.0037499999161809683,0.5448814630508423,0.5227295756340027,-0.7001166343688965,-0.7538745403289795,0.0
342,2742,-0.22185970158324586,-0.5042560961305431,-0.10285970158324587,0.023743903869456906,0.10556463034916763,0.34796746203040674,0.5797213315963745,0.3690747618675232,-1.0,0.8860465288162231,0.3084745705127716,0.1653749942779541,-0.1706250011920929,-0.07199999690055847,0.038750000298023224,6.851999933132902e-05,2.2840000383439474e-05,7.423000351991504e-05,0.0,0.00800000037997961,0.006500000134110451,0.014499999582767487,-0.0002500000118743628,-0.0002500000118743628,0.0002500000118743628,0.0002500000118743628,-0.6065782308578491,0.8173198699951172,-0.18494996428489685,-0.7965132594108582,-0.1195816
343,2743,-0.2391145984627283,-0.49399911834477156,-0.12011459846272832,0.034000881655228465,0.12483419690611747,0.28698022470562934,0.6468378901481628,0.3487184941768646,-1.0,0.8860465288162231,0.3084745705127716,0.15412500500679016,-0.15537500381469727,-0.07524999976158142,0.042500000447034836,0.0,0.0,-2.2840000383439474e-05,6.851999933132902e-05,0.0,0.00800000037997961,0.00800000037997961,-0.0002500000118743628,-0.0002500000118743628,0.0,0.0002500000118743628,-0.6723217368125916,0.8882309794425964,-0.3429492712020874,0.7594139575958252,-0.16983253
344,2744,-0.1812432309862496,-0.5190142688731714,-0.06224323098624959,0.008985731126828655,0.06288849789501479,0.5331859832773072,0.6067102551460266,0.3661032021045685,-1.0,0.8860465288162231,0.3084745705127716,0.15725000202655792,-0.14137500524520874,-0.07400000095367432,0.05274999886751175,0.00011420000373618677,9.707000572234392e-05,9.707000572234392e-05,0.00010848999954760075,0.01850000023841858,0.017999999225139618,0.0364999994635582,0.0010000000474974513,0.004999999888241291,0.004999999888241291,0.00800000037997961,0.8494272232055664,0.6471593379974365,-0.9143377542495728,0.13508599996566772,0.0
345,2745,-0.17625604373888226,-0.5159746393721976,-0.05725604373888227,0.012025360627802462,0.05850524628490595,0.5570766352180974,0.741294801235199,0.32370463013648987,-1.0,0.8860465288162231,0.3084745705127716,0.1717499941587448,-0.13650000095367432,-0.08874999731779099,0.0586250014603138,0.0003026300109922886,0.0002969200140796602,6.851999933132902e-05,6.851999933132902e-05,0.05249999836087227,0.012000000104308128,0.06449999660253525,0.0037499999161809683,0.019500000402331352,0.0002500000118743628,0.0012499999720603228,-0.8256590366363525,0.7982728481292725,-0.947675347328186,-0.6180625557899475,0.0
346,2746,-0.17999912885193814,-0.5174984355083192,-0.060999128851938145,0.010501564491680826,0.06189649891123313,0.5385015041798065,0.7528929114341736,0.32885655760765076,-1.0,0.8860465288162231,0.3084745705127716,0.1577499955892563,-0.12174999713897705,-0.10649999976158142,0.047874998301267624,0.0001256200048374012,0.0003026300109922886,3.997000021627173e-05,0.0,0.03750000149011612,0.0035000001080334187,0.04100000113248825,0.0010000000474974513,0.019750000908970833,0.0002500000118743628,-0.0002500000118743628,0.7374008893966675,-0.8012570142745972,-0.6385295987129211,0.7969223260879517,-0.100623555
347,2747,-0.20976437424524688,-0.5069872860305017,-0.09076437424524689,0.02101271396949833,0.09316493857935605,0.3939034754784275,0.7441880702972412,0.3262738287448883,-1.0,0.8860465288162231,0.3084745705127716,0.17000000178813934,-0.1303749978542328,-0.10262499749660492,0.06262499839067459,0.00033117999555543065,0.00010848999954760075,0.0,0.0,0.03849999979138374,0.0,0.03849999979138374,0.004000000189989805,0.007000000216066837,0.0,0.0,-0.9392662048339844,-0.28346091508865356,0.5924085378646851,-0.06328085064888,-0.031593706
348,2748,-0.24611889075733973,-0.48882655753197163,-0.12711889075733973,0.0391734424680284,0.1330179348139656,0.26442983204832965,0.67496657371521,0.3440893590450287,-1.0,0.8860465288162231,0.3084745705127716,0.15437500178813934,-0.13237500190734863,-0.0923750028014183,0.06549999862909317,9.707000572234392e-05,7.423000351991504e-05,7.423000351991504e-05,6.851999933132902e-05,0.014999999664723873,0.012500000186264515,0.027499999850988388,0.0002500000118743628,0.0005000000237487257,0.001500000013038516,0.0017500000540167093,-0.25340738892555237,0.611102819442749,-0.15838685631752014,0.9830656051635742,0.0
349,2749,-0.23401634465743512,-0.4944114648901054,-0.11501634465743513,0.033588535109894624,0.11982048751856475,0.30173537870158657,0.590421199798584,0.374870240688324,-1.0,0.8860465288162231,0.3084745705127716,0.1496250033378601,-0.12524999678134918,-0.09574999660253525,0.07774999737739563,9.707000572234392e-05,0.00013703999866265804,8.565000462112948e-05,0.0001827200030675158,0.020500000566244125,0.023499999195337296,0.04399999976158142,0.0002500000118743628,0.008999999612569809,0.0024999999441206455,0.014000000432133675,0.38029903173446655,-0.15326769649982452,0.9260550141334534,-0.8832683563232422,0.0
350,2750,-0.20899224431353797,-0.5048288070900515,-0.08999224431353797,0.023171192909948513,0.09292743522479008,0.394840121288766,0.618566632270813,0.36540430784225464,-1.0,0.8860465288162231,0.3084745705127716,0.15537500381469727,-0.12537500262260437,-0.08449999988079071,0.0663750022649765,0.00022269001055974513,9.13600015337579e-05,0.00020556000526994467,7.994000043254346e-05,0.027499999850988388,0.02500000037252903,0.05249999836087227,0.003000000026077032,0.0037499999161809683,0.014499999582767487,0.0037499999161809683,-0.772916316986084,-0.650890588760376,-0.46890687942504883,-0.6451066732406616,0.0
351,2751,-0.27584682606290645,-0.4727917586647369,-0.15684682606290645,0.05520824133526314,0.16627951394366142,0.18960825720758268,0.6767622232437134,0.3477477729320526,-1.0,0.8860465288162231,0.3084745705127716,0.14249999821186066,-0.13587500154972076,-0.0858749970793724,0.05637500062584877,0.0,6.851999933132902e-05,-5.7100000958598685e-06,0.0,0.006000000052154064,0.0005000000237487257,0.006500000134110451,0.0,0.0005000000237487257,-0.0002500000118743628,-0.0002500000118743628,-0.5281297564506531,-0.43236368894577026,0.5814679861068726,0.9074411392211914,-0.087375574
352,2752,-0.2170404985747357,-0.505002473918182,-0.09804049857473571,0.022997526081818043,0.10070166615635838,0.36530719049617294,0.5212864279747009,0.40204787254333496,-1.0,0.8860465288162231,0.3084745705127716,0.1458750069141388,-0.14350000023841858,-0.08100000023841858,0.0651250034570694,9.707000572234392e-05,0.0,0.00017701000615488738,0.00023411000438500196,0.008500000461935997,0.035999998450279236,0.04450000077486038,0.000750000006519258,-0.0002500000118743628,0.011749999597668648,0.016249999403953552,0.8449287414550781,0.29054006934165955,-0.7853230237960815,-0.27758651971817017,0.0
353,2753,-0.2153189156543978,-0.505255703746025,-0.09631891565439782,0.022744296253975005,0.0989678560186467,0.3716961497626901,0.6580453515052795,0.34745344519615173,-1.0,0.8860465288162231,0.3084745705127716,0.1615000069141388,-0.14100000262260437,-0.09012500196695328,0.06624999642372131,0.00011420000373618677,9.707000572234392e-05,7.423000351991504e-05,7.994000043254346e-05,0.01850000023841858,0.013500000350177288,0.03200000151991844,0.0010000000474974513,0.005499999970197678,0.000750000006519258,0.0037499999161809683,-0.8542525768280029,-0.708986759185791,-0.8713890314102173,-0.3837265074253082,0.0
354,2754,-0.18597132789455473,-0.5180920001833239,-0.06697132789455473,0.009907999816676116,0.06770027489107573,0.5081377285734512,0.6620490550994873,0.34702423214912415,-1.0,0.8860465288162231,0.3084745705127716,0.1459999978542328,-0.15137499570846558,-0.10599999874830246,0.061000000685453415,0.0,0.0,0.0,0.0,0.0,0.0,0.0,0.0,-0.0002500000118743628,0.0,0.0,0.6202952265739441,-0.40678808093070984,-0.308962345123291,-0.8412274122238159,-0.25883737
355,2755,-0.1818273169886009,-0.5177985070557791,-0.06282731698860092,0.010201492944220902,0.06365015489593981,0.5291403613469691,0.7302992343902588,0.3252677917480469,-1.0,0.8860465288162231,0.3084745705127716,0.15737499296665192,-0.1496250033378601,-0.10225000232458115,0.06437499821186066,9.707000572234392e-05,9.13600015337579e-05,0.0,6.851999933132902e-05,0.016499999910593033,0.006000000052154064,0.02250000089406967,0.0005000000237487257,0.0037499999161809683,0.0,0.000750000006519258,-0.12180781364440918,0.748965322971344,-0.6658062934875488,-0.2992628216743469,-0.10389676
356,2756,-0.278766509346677,-0.47391718459940646,-0.15976650934667702,0.054082815400593565,0.16867213293984434,0.18512549557949798,0.7399364709854126,0.3257652521133423,-1.0,0.8860465288162231,0.3084745705127716,0.15524999797344208,-0.1366250067949295,-0.09837500005960464,0.05937499925494194,8.565000462112948e-05,0.00010848999954760075,0.0,-6.851999933132902e-05,0.017000000923871994,0.006000000052154064,0.023000000044703484,0.0002500000118743628,0.005750000011175871,-0.0002500000118743628,-0.0002500000118743628,-0.4233303964138031,-0.8602529764175415,-0.8090137243270874,0.97552490234375,-0.12108166
357,2757,-0.26376712097940064,-0.4835760322786555,-0.14476712097940064,0.04442396772134455,0.15142987890364135,0.2199623708089885,0.5144965052604675,0.4001403748989105,-1.0,0.8860465288162231,0.3084745705127716,0.14749999344348907,-0.1497499942779541,-0.09612499922513962,0.07500000298023224,0.0,0.0,8.565000462112948e-05,7.994000043254346e-05,0.0,0.014499999582767487,0.014499999582767487,0.0,-0.0002500000118743628,0.002749999985098839,0.004999999888241291,0.2031039297580719,-0.6658815145492554,-0.6698377132415771,0.786248505115509,-0.10390579
358,2758,-0.2828359432991297,-0.4739187949453696,-0.1638359432991297,0.05408120505463043,0.17253113648520557,0.17811758358286336,0.5493788123130798,0.3837694227695465,-1.0,0.8860465288162231,0.3084745705127716,0.1509999930858612,-0.1471250057220459,-0.10824999958276749,0.08737500011920929,9.13600015337579e-05,7.994000043254346e-05,7.994000043254346e-05,0.00011991000064881518,0.014999999664723873,0.017500000074505806,0.032499998807907104,0.0005000000237487257,0.0020000000949949026,0.0020000000949949026,0.009499999694526196,-0.7819954752922058,-0.5450408458709717,-0.8636127710342407,0.07070909440517426,0.0
359,2759,-0.18364032107533143,-0.5189085927738926,-0.06464032107533144,0.009091407226107462,0.06527652559743706,0.5206041806676515,0.5050327181816101,0.40013763308525085,-1.0,0.8860465288162231,0.3084745705127716,0.1366250067949295,-0.1561249941587448,-0.12337499856948853,0.09312500059604645,0.0,0.0,7.423000351991504e-05,6.28100024187006e-05,0.0,0.012000000104308128,0.012000000104308128,0.0,-0.0002500000118743628,0.0,0.0005000000237487257,0.9540970921516418,0.978346049785614,-0.9220541715621948,-0.46520400047302246,0.0
360,2760,-0.18821080506913496,-0.5167827844861228,-0.06921080506913496,0.011217215513877221,0.07011391774963488,0.49601992708166714,0.735720157623291,0.3238837420940399,-1.0,0.8860465288162231,0.3084745705127716,0.15412500500679016,-0.14024999737739563,-0.140625,0.08474999666213989,9.707000572234392e-05,9.13600015337579e-05,6.851999933132902e-05,0.0,0.016499999910593033,0.006000000052154064,0.02250000089406967,0.000750000006519258,0.0044999998062849045,0.0,0.0,0.6918922662734985,0.9251096248626709,0.8420501351356506,-0.029378678649663925,-0.027525445
361,2761,-0.21694872854284677,-0.5028661510506586,-0.09794872854284678,0.025133848949341453,0.10112202423887984,0.36377481518306554,0.7250911593437195,0.3274868130683899,-1.0,0.8860465288162231,0.3084745705127716,0.16574999690055847,-0.13087500631809235,-0.12462499737739563,0.08787500113248825,0.00026266000350005925,0.00032546999864280224,-1.7129999832832254e-05,6.28100024187006e-05,0.051500000059604645,0.007000000216066837,0.05849999934434891,0.0032500000670552254,0.020250000059604645,-0.0005000000237487257,0.0012499999720603228,-0.7388181090354919,0.7916145324707031,0.864091694355011,0.19568085670471191,0.0
362,2762,-0.23592832393956079,-0.4886853976618734,-0.11692832393956079,0.039314602338126614,0.12336073482401073,0.29124007607641783,0.6582587957382202,0.35107430815696716,-1.0,0.8860465288162231,0.3084745705127716,0.15299999713897705,-0.11625000089406967,-0.11174999922513962,0.08974999934434891,0.0001256200048374012,0.00033117999555543065,0.00010848999954760075,8.565000462112948e-05,0.03999999910593033,0.017000000923871994,0.05700000002980232,0.0012499999720603228,0.020500000566244125,0.006000000052154064,0.004749999847263098,-0.7886037826538086,0.7025676965713501,0.7160571813583374,0.08720707148313522,0.0
363,2763,-0.2467513373056749,-0.48203564382700137,-0.1277513373056749,0.045964356172998655,0.13576864962791152,0.2572552500087058,0.6141201853752136,0.3751094937324524,-1.0,0.8860465288162231,0.3084745705127716,0.1381250023841858,-0.10225000232458115,-0.10437499731779099,0.08950000256299973,0.00013133000175002962,0.0002969200140796602,0.0002797899942379445,0.00014275001012720168,0.03750000149011612,0.03700000047683716,0.07450000196695328,0.001500000013038516,0.01875000074505806,0.017999999225139618,0.008500000461935997,-0.6368194818496704,0.5282313227653503,-0.546612560749054,0.9986042380332947,0.0
364,2764,-0.22533681591467902,-0.4912345855464377,-0.10633681591467903,0.03676541445356235,0.11251317309015219,0.3246097034128717,0.5889503955841064,0.38638025522232056,-1.0,0.8860465288162231,0.3084745705127716,0.1263750046491623,-0.09149999916553497,-0.10862500220537186,0.09700000286102295,0.00011420000373618677,0.0002512400096748024,0.00010848999954760075,0.0005481599946506321,0.03200000151991844,0.057500001043081284,0.08950000256299973,0.0012499999720603228,0.017000000923871994,0.0062500000931322575,0.030750000849366188,0.4031345844268799,0.4001573622226715,-0.25402185320854187,-0.40886029601097107,0.0
365,2765,-0.2151135034953452,-0.49662995236280527,-0.0961135034953452,0.03137004763719475,0.10110334041419997,0.3638427885815814,0.6387515664100647,0.3707888424396515,-1.0,0.8860465288162231,0.3084745705127716,0.1313749998807907,-0.08974999934434891,-0.11174999922513962,0.09712500125169754,0.0005310300039127469,0.0005196100100874901,8.565000462112948e-05,0.00020556000526994467,0.09200000017881393,0.025499999523162842,0.11749999970197678,0.0062500000931322575,0.02850000001490116,0.003000000026077032,0.015250000171363354,0.704560399055481,-0.34427130222320557,0.9843994975090027,-0.9690576195716858,0.0
366,2766,-0.2231592358594624,-0.4955813468673461,-0.1041592358594624,0.03241865313265391,0.10908765047319724,0.3359219274722401,0.6625267267227173,0.3616441488265991,-1.0,0.8860465288162231,0.3084745705127716,0.14300000667572021,-0.09000000357627869,-0.09950000047683716,0.08449999988079071,0.0008964700391516089,0.00023411000438500196,0.00022840000747237355,8.565000462112948e-05,0.0989999994635582,0.027499999850988388,0.1264999955892563,0.00925000011920929,0.016249999403953552,0.015250000171363354,0.0042500002309679985,0.22828876972198486,-0.6746155023574829,-0.6981096267700195,0.5619151592254639,0.0
367,2767,-0.2053766120344631,-0.5030269623201925,-0.08637661203446312,0.02497303767980752,0.0899142464657812,0.40691845712455554,0.6438157558441162,0.3634214401245117,-1.0,0.8860465288162231,0.3084745705127716,0.14862500131130219,-0.09849999845027924,-0.10612499713897705,0.09012500196695328,0.0005938400281593204,0.0001256200048374012,7.994000043254346e-05,0.00019414001144468784,0.06300000101327896,0.024000000208616257,0.08699999749660492,0.006500000134110451,0.00800000037997961,0.0024999999441206455,0.014000000432133675,0.25956031680107117,0.36525940895080566,0.24006475508213043,-0.532965362071991,0.0
368,2768,-0.18432578002262973,-0.5088894221603475,-0.06532578002262973,0.01911057783965253,0.06806373278722251,0.506294214104529,0.6851706504821777,0.3508017659187317,-1.0,0.8860465288162231,0.3084745705127716,0.1523749977350235,-0.09875000268220901,-0.10499999672174454,0.08649999648332596,0.0008279500179924071,0.00037115000304766,0.00013703999866265804,6.851999933132902e-05,0.10499999672174454,0.017999999225139618,0.12300000339746475,0.008500000461935997,0.02199999988079071,0.00925000011920929,0.001500000013038516,-0.6748306155204773,0.6056270003318787,-0.5407547950744629,-0.7904893159866333,0.0
369,2769,-0.18894987791657586,-0.5070068104374665,-0.06994987791657586,0.020993189562533487,0.0730321807736311,0.48175393299961733,0.734126091003418,0.3408653736114502,-1.0,0.8860465288162231,0.3084745705127716,0.14300000667572021,-0.09224999696016312,-0.11037500202655792,0.07249999791383743,0.0001541700039524585,0.000616680015809834,0.0,3.997000021627173e-05,0.06750000268220901,0.0035000001080334187,0.07100000232458115,0.0020000000949949026,0.03150000050663948,-0.0002500000118743628,0.0,-0.7524678111076355,-0.8285932540893555,-0.6728003025054932,0.3687785863876343,-0.10473604
370,2770,-0.20112376681013128,-0.5043689386862283,-0.08212376681013128,0.023631061313771684,0.08545607136944722,0.4254700532040684,0.7233723998069763,0.34405624866485596,-1.0,0.8860465288162231,0.3084745705127716,0.12962499260902405,-0.09262499958276749,-0.1067499965429306,0.07887499779462814,9.707000572234392e-05,7.423000351991504e-05,0.0,6.28100024187006e-05,0.014999999664723873,0.005499999970197678,0.020500000566244125,0.000750000006519258,0.0012499999720603228,0.0,0.0010000000474974513,0.8961501717567444,-0.2809641361236572,0.12048155814409256,0.17325450479984283,-0.009542214
371,2771,-0.2569201223376719,-0.47734528286131317,-0.13792012233767192,0.050654717138686856,0.14692807939273816,0.23009090847150482,0.6950610280036926,0.3485272228717804,-1.0,0.8860465288162231,0.3084745705127716,0.14412499964237213,-0.10062500089406967,-0.10450000315904617,0.08062499761581421,0.00041683000745251775,0.00010848999954760075,8.565000462112948e-05,7.994000043254346e-05,0.04600000008940697,0.014499999582767487,0.060499999672174454,0.005249999929219484,0.006750000175088644,0.003000000026077032,0.0037499999161809683,-0.6906836032867432,0.233760803937912,0.9385987520217896,0.9040998220443726,0.0
372,2772,-0.2586912051814256,-0.4777439312787131,-0.13969120518142558,0.050256068721286906,0.1484564085796159,0.22660109778722273,0.5653020143508911,0.3943300247192383,-1.0,0.8860465288162231,0.3084745705127716,0.13349999487400055,-0.09825000166893005,-0.09700000286102295,0.08699999749660492,9.707000572234392e-05,0.0001598800008650869,0.0003882800228893757,0.0003939900198020041,0.02250000089406967,0.06849999725818634,0.09099999815225601,0.000750000006519258,0.01075000036507845,0.023000000044703484,0.02474999986588955,-0.17662569880485535,-0.8221246004104614,-0.8351038098335266,-0.21248765289783478,0.0
373,2773,-0.23815023379226624,-0.4900300567110244,-0.11915023379226625,0.03796994328897563,0.12505396757448253,0.28635021888529216,0.5611832141876221,0.39365434646606445,-1.0,0.8860465288162231,0.3084745705127716,0.13050000369548798,-0.10875000059604645,-0.10225000232458115,0.08887500315904617,9.13600015337579e-05,7.423000351991504e-05,8.565000462112948e-05,0.00017130000924225897,0.014499999582767487,0.02250000089406967,0.03700000047683716,0.0002500000118743628,0.0010000000474974513,0.0022499999031424522,0.013249999843537807,0.3313635587692261,0.7555491924285889,-0.8569638133049011,0.7903000116348267,0.0
374,2774,-0.22901478529570043,-0.49428836203173493,-0.11001478529570044,0.033711637968265096,0.1150640148706903,0.3164341396240847,0.6089529395103455,0.37283042073249817,-1.0,0.8860465288162231,0.3084745705127716,0.1352500021457672,-0.1014999970793724,-0.11837500333786011,0.10350000113248825,0.00020556000526994467,0.00022269001055974513,8.565000462112948e-05,0.00016558999777771533,0.03750000149011612,0.02199999988079071,0.05950000137090683,0.003000000026077032,0.014750000089406967,0.0024999999441206455,0.013500000350177288,0.753776490688324,0.402483731508255,0.6500669717788696,-0.4162893295288086,0.0
375,2775,-0.21980778390374428,-0.49713645610655477,-0.10080778390374429,0.030863543893445256,0.10542659833859114,0.34844810015532035,0.6301981806755066,0.3656129539012909,-1.0,0.8860465288162231,0.3084745705127716,0.14737500250339508,-0.10062500089406967,-0.11474999785423279,0.10050000250339508,0.0006509399972856045,0.0004967700224369764,0.000308340007904917,7.994000043254346e-05,0.10050000250339508,0.03400000184774399,0.13449999690055847,0.007000000216066837,0.02800000086426735,0.019500000402331352,0.004000000189989805,0.3425975441932678,0.8347322344779968,0.4531686007976532,-0.29692959785461426,0.0
376,2776,-0.21902332226378554,-0.49700764309011847,-0.10002332226378555,0.030992356909881558,0.10471480880713377,0.35093716519807705,0.6516097784042358,0.36078566312789917,-1.0,0.8860465288162231,0.3084745705127716,0.1525000035762787,-0.09687499701976776,-0.1080000028014183,0.09375,0.0009535700082778931,0.0012961700558662415,0.00035973000922240317,0.00010278000263497233,0.19699999690055847,0.04050000011920929,0.23749999701976776,0.009499999694526196,0.051750000566244125,0.022749999538064003,0.006500000134110451,-0.14648286998271942,-0.8439005017280579,0.4490015506744385,-0.5355712175369263,0.0
377,2777,-0.2307774209255134,-0.49067999797738565,-0.1117774209255134,0.037320002022614374,0.11784300734336062,0.3077615225246442,0.653434157371521,0.3610039949417114,-1.0,0.8860465288162231,0.3084745705127716,0.1525000035762787,-0.09687499701976776,-0.09812500327825546,0.08425000309944153,0.00034831001539714634,0.00033117999555543065,0.0003140500048175454,9.13600015337579e-05,0.05950000137090683,0.03550000116229057,0.0949999988079071,0.0042500002309679985,0.020250000059604645,0.019750000908970833,0.005499999970197678,0.13587287068367004,-0.10057222098112106,0.7026147842407227,0.8548014760017395,0.0
378,2778,-0.2458866927034063,-0.4830847750130283,-0.1268866927034063,0.0449152249869717,0.13460167242957624,0.26027494542699037,0.6260990500450134,0.3717288076877594,-1.0,0.8860465288162231,0.3084745705127716,0.1525000035762787,-0.09687499701976776,-0.09449999779462814,0.08524999767541885,0.0008964700391516089,0.0002512400096748024,0.0008165300241671503,0.0006794900400564075,0.10050000250339508,0.13099999725818634,0.23149999976158142,0.00925000011920929,0.016499999910593033,0.038750000298023224,0.03550000116229057,-0.9891163110733032,-0.23741604387760162,-0.6506326794624329,-0.9076131582260132,0.0
379,2779,-0.231881956849316,-0.4898033365913698,-0.11288195684931601,0.038196663408630205,0.11916929670717634,0.3037066632081729,0.5909611582756042,0.38460206985473633,-1.0,0.8860465288162231,0.3084745705127716,0.1379999965429306,-0.09662500023841858,-0.09425000101327896,0.08375000208616257,0.00010848999954760075,0.00011991000064881518,0.0002169799990952015,7.994000043254346e-05,0.019999999552965164,0.026000000536441803,0.04600000008940697,0.0012499999720603228,0.007249999791383743,0.014000000432133675,0.0044999998062849045,0.5280309319496155,0.8340954184532166,-0.07558567821979523,0.715423047542572,0.0
380,2780,-0.21765746558071836,-0.4964000598982928,-0.09865746558071836,0.03159994010170725,0.10359465106482146,0.35489031444322067,0.6235303282737732,0.3732146918773651,-1.0,0.8860465288162231,0.3084745705127716,0.1446249932050705,-0.09425000101327896,-0.09437499940395355,0.08412499725818634,0.00074230000609532,0.0006680700462311506,0.00017701000615488738,0.0005424499977380037,0.12349999696016312,0.06300000101327896,0.18649999797344208,0.00774999987334013,0.03375000134110451,0.011500000022351742,0.030500000342726707,-0.11760910600423813,-0.8297606706619263,-0.4297104775905609,-0.8197717070579529,0.0
381,2781,-0.23311209008243888,-0.4901024535144609,-0.11411209008243889,0.03789754648553911,0.12024056359068784,0.30047051912077033,0.6566105484962463,0.36203378438949585,-1.0,0.8860465288162231,0.3084745705127716,0.1446249932050705,-0.09537500143051147,-0.0976250022649765,0.08312500268220901,0.00023411000438500196,9.707000572234392e-05,8.565000462112948e-05,6.851999933132902e-05,0.028999999165534973,0.013500000350177288,0.042500000447034836,0.0035000001080334187,0.004999999888241291,0.0020000000949949026,0.0020000000949949026,-0.7759174108505249,-0.27574288845062256,-0.8571536540985107,0.81296706199646,0.0
382,2782,-0.20023649065392526,-0.5039914723849531,-0.08123649065392527,0.024008527615046904,0.08470995698268155,0.4286564186662546,0.6206695437431335,0.37270769476890564,-1.0,0.8860465288162231,0.3084745705127716,0.1316249966621399,-0.09849999845027924,-0.11312499642372131,0.09662500023841858,9.13600015337579e-05,7.423000351991504e-05,7.423000351991504e-05,9.13600015337579e-05,0.014499999582767487,0.014499999582767487,0.028999999165534973,0.0005000000237487257,0.0010000000474974513,0.0010000000474974513,0.005249999929219484,-0.5447295904159546,0.33814409375190735,-0.9697094559669495,0.2890891432762146,0.0
383,2783,-0.25395081529530933,-0.48424890903091666,-0.13495081529530933,0.04375109096908336,0.14186571294662323,0.24203882556711154,0.6971244215965271,0.34916698932647705,-1.0,0.8860465288162231,0.3084745705127716,0.12174999713897705,-0.09449999779462814,-0.13062499463558197,0.1041250005364418,8.565000462112948e-05,9.707000572234392e-05,0.0,6.28100024187006e-05,0.01600000075995922,0.005499999970197678,0.0215000007301569,0.0,0.005499999970197678,-0.0002500000118743628,0.0010000000474974513,0.7956351041793823,-0.8247055411338806,0.2865263521671295,0.5272297263145447,0.0
384,2784,-0.23926584701662645,-0.49385046958603074,-0.12026584701662646,0.03414953041396929,0.12502025590327837,0.28644676860292245,0.5722073912620544,0.3826289772987366,-1.0,0.8860465288162231,0.3084745705127716,0.13587500154972076,-0.10824999958276749,-0.12800000607967377,0.11037500202655792,0.0001256200048374012,7.994000043254346e-05,9.707000572234392e-05,0.00010848999954760075,0.017999999225139618,0.017999999225139618,0.035999998450279236,0.001500000013038516,0.0022499999031424522,0.004999999888241291,0.008249999955296516,0.4565911889076233,0.25480324029922485,-0.864712655544281,0.9198814630508423,0.0
385,2785,-0.27273066154606157,-0.4726125698984159,-0.15373066154606158,0.055387430101584145,0.16340405047809434,0.1951395169357019,0.6063584685325623,0.36635515093803406,-1.0,0.8860465288162231,0.3084745705127716,0.1432500034570694,-0.1081250011920929,-0.14300000667572021,0.12524999678134918,0.00027407999732531607,0.00016558999777771533,8.565000462112948e-05,0.00017701000615488738,0.03849999979138374,0.023000000044703484,0.061500001698732376,0.0037499999161809683,0.011500000022351742,0.002749999985098839,0.012749999761581421,-0.8967058658599854,0.1614648699760437,-0.0800509974360466,0.8674560785293579,0.0
386,2786,-0.20672428610531782,-0.5085438860131778,-0.08772428610531782,0.019456113986822232,0.08985594440077894,0.4071557681598294,0.5285333395004272,0.40235158801078796,-1.0,0.8860465288162231,0.3084745705127716,0.12812499701976776,-0.10262499749660492,-0.14550000429153442,0.13387499749660492,9.13600015337579e-05,0.00010848999954760075,9.707000572234392e-05,0.00047964000259526074,0.017500000074505806,0.05050000175833702,0.06800000369548798,0.0005000000237487257,0.006500000134110451,0.004749999847263098,0.02800000086426735,0.5955792665481567,-0.950738251209259,-0.8766148090362549,-0.9918504953384399,0.0
387,2787,-0.25183473075786417,-0.4895365339871588,-0.13283473075786417,0.03846346601284123,0.13829137324227878,0.25084658736676996,0.6820365190505981,0.3414510488510132,-1.0,0.8860465288162231,0.3084745705127716,0.13899999856948853,-0.11762499809265137,-0.15950000286102295,0.12937499582767487,0.00010278000263497233,7.423000351991504e-05,0.0,0.0,0.01549999974668026,0.0,0.01549999974668026,0.0010000000474974513,0.0010000000474974513,0.0,0.0,-0.9180192947387695,-0.7850246429443359,-0.04096540808677673,-0.25796300172805786,-0.08387142
388,2788,-0.2993840534117687,-0.4552642640343462,-0.18038405341176872,0.0727357359656538,0.19449651413772212,0.14299220776264798,0.577128529548645,0.3736668825149536,-1.0,0.8860465288162231,0.3084745705127716,0.12250000238418579,-0.13175000250339508,-0.15587499737739563,0.132874995470047,0.0,0.0,7.423000351991504e-05,6.28100024187006e-05,0.0,0.012000000104308128,0.012000000104308128,-0.0002500000118743628,0.0,0.0002500000118743628,0.0005000000237487257,-0.9815722703933716,0.2513810992240906,0.8548641204833984,0.9484285116195679,0.0
389,2789,-0.30109447915784465,-0.4551279297828505,-0.18209447915784466,0.07287207021714953,0.19613448946449955,0.1406691085162003,0.46654871106147766,0.4317554831504822,-1.0,0.8860465288162231,0.3084745705127716,0.10387499630451202,-0.12737500667572021,-0.1497499942779541,0.13875000178813934,8.565000462112948e-05,7.423000351991504e-05,0.00033117999555543065,0.00037115000304766,0.014000000432133675,0.061500001698732376,0.0754999965429306,0.0002500000118743628,0.0005000000237487257,0.019999999552965164,0.024250000715255737,0.11098648607730865,0.37610259652137756,0.6954176425933838,0.6834332942962646,0.0
390,2790,-0.2991320672533901,-0.4588069101844429,-0.1801320672533901,0.06919308981555711,0.19296436285284288,0.14519993437876424,0.4625709652900696,0.43198657035827637,-1.0,0.8860465288162231,0.3084745705127716,0.10562500357627869,-0.12025000154972076,-0.14687499403953552,0.1404999941587448,9.707000572234392e-05,7.423000351991504e-05,0.0008964700391516089,0.00107919005677104,0.014999999664723873,0.17299999296665192,0.18799999356269836,0.000750000006519258,0.0002500000118743628,0.04024999961256981,0.04625000059604645,0.6157819628715515,-0.46138447523117065,-0.39142096042633057,0.44822824001312256,0.0
391,2791,-0.29845918423204243,-0.45685695338179333,-0.17945918423204243,0.0711430466182067,0.19304645007704876,0.1450807926898267,0.4671347141265869,0.4257510006427765,-1.0,0.8860465288162231,0.3084745705127716,0.1171249970793724,-0.12862500548362732,-0.14687499403953552,0.1404999941587448,0.00010848999954760075,-1.1420000191719737e-05,0.0004625100118573755,0.0017586800968274474,0.010499999858438969,0.19449999928474426,0.20499999821186066,0.000750000006519258,-0.0002500000118743628,0.025750000029802322,0.06300000101327896,-0.4282434284687042,0.7737057209014893,0.12212799489498138,0.9058743119239807,-0.04889547
392,2792,-0.29203734785054725,-0.4626480034068475,-0.17303734785054725,0.06535199659315255,0.18496704357766738,0.15728899459812684,0.46869957447052,0.4290560185909271,-1.0,0.8860465288162231,0.3084745705127716,0.10949999839067459,-0.11424999684095383,-0.1471250057220459,0.14487500488758087,0.0,0.0,0.0006052600219845772,0.0022040600888431072,0.0,0.2460000067949295,0.2460000067949295,0.0,0.0,0.030750000849366188,0.07275000214576721,0.7322384119033813,-0.7529279589653015,0.6171519756317139,0.6349287629127502,-0.1568357
393,2793,-0.29997852451005164,-0.45437355820895836,-0.18097852451005164,0.07362644179104166,0.19538188059450398,0.14173179060804558,0.4836340844631195,0.41924068331718445,-1.0,0.8860465288162231,0.3084745705127716,0.12200000137090683,-0.11299999803304672,-0.1471250057220459,0.14487500488758087,0.00016558999777771533,9.707000572234392e-05,0.0013532700249925256,0.002660860074684024,0.023000000044703484,0.351500004529953,0.37450000643730164,0.0022499999031424522,0.004999999888241291,0.05375000089406967,0.0832500010728836,-0.9625510573387146,-0.8339242339134216,0.8968339562416077,-0.28377705812454224,-0.021622295
394,2794,-0.30087581879975794,-0.45482682343065295,-0.18187581879975795,0.07317317656934708,0.1960436870529914,0.14079689746792468,0.46516621112823486,0.43326514959335327,-1.0,0.8860465288162231,0.3084745705127716,0.10512500256299973,-0.12575000524520874,-0.1469999998807907,0.14499999582767487,0.0,-8.565000462112948e-05,0.0027122499886900187,0.0017472601030021906,0.007499999832361937,0.390500009059906,0.39800000190734863,0.0,-0.000750000006519258,0.08699999749660492,0.06424999982118607,0.029105130583047867,-0.7720897793769836,0.21953056752681732,0.11113647371530533,-0.06407837
395,2795,-0.3014843119442648,-0.45020167631494434,-0.1824843119442648,0.07779832368505568,0.19837616609355177,0.13755084327707365,0.4630794823169708,0.43249690532684326,-1.0,0.8860465288162231,0.3084745705127716,0.10837499797344208,-0.14037500321865082,-0.1471250057220459,0.14499999582767487,9.707000572234392e-05,0.0,0.002495269989594817,0.0018900100840255618,0.008500000461935997,0.3840000033378601,0.39250001311302185,0.0010000000474974513,-0.0002500000118743628,0.08275000005960464,0.06750000268220901,-0.9978787899017334,-0.42811957001686096,0.17169934511184692,0.23375697433948517,-0.16953805
396,2796,-0.301023420913019,-0.4522588188592036,-0.18202342091301899,0.07574118114079642,0.1971528652631785,0.13924383798170026,0.4616643786430359,0.440336138010025,-1.0,0.8860465288162231,0.3084745705127716,0.09025000035762787,-0.1368750035762787,-0.1469999998807907,0.14499999582767487,0.0,7.423000351991504e-05,0.0017187100602313876,0.0020955700892955065,0.006500000134110451,0.33399999141693115,0.34049999713897705,0.0,0.0002500000118743628,0.0637499988079071,0.07199999690055847,-0.9111136198043823,-0.7685346603393555,-0.9953925013542175,0.6724656820297241,-0.17629614
397,2797,-0.3010736023443945,-0.4478809143171236,-0.18207360234439451,0.0801190856828764,0.1989217548719214,0.13680242481167781,0.46273621916770935,0.436849445104599,-1.0,0.8860465288162231,0.3084745705127716,0.09375,-0.1509999930858612,-0.1471250057220459,0.1459999978542328,9.13600015337579e-05,0.0,0.0004682200087700039,0.0025809200014919043,0.00800000037997961,0.2669999897480011,0.2750000059604645,0.0005000000237487257,-0.0002500000118743628,0.026750000193715096,0.08174999803304672,-0.8873267769813538,0.054140325635671616,0.4743060767650604,-0.9073337316513062,-0.06638321
398,2798,-0.30248931021250447,-0.44759770241536434,-0.18348931021250448,0.08040229758463568,0.20033186571074763,0.1348868962698295,0.4626195430755615,0.4442696273326874,-1.0,0.8860465288162231,0.3084745705127716,0.07750000059604645,-0.14749999344348907,-0.1471250057220459,0.14612500369548798,0.0,7.423000351991504e-05,0.001022089971229434,0.0016844500787556171,0.006500000134110451,0.2370000034570694,0.2434999942779541,-0.0002500000118743628,0.0002500000118743628,0.04450000077486038,0.06274999678134918,-0.6297184228897095,-0.22087566554546356,0.7564765810966492,-0.6589763760566711,-0.099566214
399,2799,-0.30170607488173334,-0.44526479670778996,-0.18270607488173335,0.08273520329221007,0.20056575894826337,0.13457177361011424,0.45932719111442566,0.444749653339386,-1.0,0.8860465288162231,0.3084745705127716,0.08100000023841858,-0.1511249989271164,-0.1469999998807907,0.1459999978542328,8.565000462112948e-05,-7.994000043254346e-05,0.002089860150590539,0.000770850048866123,0.014499999582767487,0.25049999356269836,0.26499998569488525,0.0002500000118743628,-0.000750000006519258,0.07249999791383743,0.03849999979138374,-0.6675265431404114,-0.9468950629234314,-0.8170427083969116,-0.8924515247344971,0.0
400,2800,-0.30141705414504066,-0.44873904867516523,-0.18241705414504067,0.0792609513248348,0.19889263447365899,0.13684226802358504,0.4611486494541168,0.44870373606681824,-1.0,0.8860465288162231,0.3084745705127716,0.06862500309944153,-0.1691250056028366,-0.14675000309944153,0.14287500083446503,0.0,0.0,0.000925020023714751,0.0001598800008650869,0.0,0.0949999988079071,0.0949999988079071,0.0,-0.0002500000118743628,0.04149999842047691,0.011500000022351742,0.6517888307571411,-0.5815986394882202,-0.9388222098350525,0.19788828492164612,-0.093791835
