step,action_count,cube_x,cube_y,dist_to_goal_x,dist_to_goal_y,dist_to_goal,distance_reward,obs_cube_x_norm,obs_cube_y_norm,obs_cube_yaw_norm,obs_goal_x_norm,obs_goal_y_norm,obs_motor_16_pos_delta_norm,obs_motor_17_pos_delta_norm,obs_motor_18_pos_delta_norm,obs_motor_19_pos_delta_norm,obs_motor_16_current_norm,obs_motor_17_current_norm,obs_motor_18_current_norm,obs_motor_19_current_norm,obs_horizontal_tension_norm,obs_vertical_tension_norm,obs_total_tension_norm,obs_motor_16_target_error_norm,obs_motor_17_target_error_norm,obs_motor_18_target_error_norm,obs_motor_19_target_error_norm,action_m16,action_m17,action_m18,action_m19,total_safety_penalty
1,1201,-0.23074004816467525,-0.3980481674137079,-0.11174004816467525,0.12995183258629212,0.17138645558030435,0.18016817552700873,0.6143113970756531,0.5279754400253296,-1.0,0.8860465288162231,0.3084745705127716,0.0,0.0,0.0,0.0,0.0008051100303418934,0.00044538002111949027,0.0,0.0003026300109922886,0.10949999839067459,0.026499999687075615,0.13600000739097595,0.008750000037252903,0.026750000193715096,0.0,0.020999999716877937,-0.7092411518096924,0.889112114906311,-0.9445361495018005,-0.8648278117179871,-0.13734435
2,1202,-0.2269524459875653,-0.3970178969715722,-0.10795244598756532,0.13098210302842783,0.1697352111627045,0.18316789062330577,0.626185953617096,0.5287319421768188,-1.0,0.8860465288162231,0.3084745705127716,-0.009750000201165676,0.010374999605119228,0.0037499999161809683,-0.00712500000372529,0.00013703999866265804,0.0008165300241671503,0.0,7.994000043254346e-05,0.08349999785423279,0.007000000216066837,0.09049999713897705,0.0017500000540167093,0.039250001311302185,0.0,0.003000000026077032,-0.0515843890607357,0.522351086139679,0.4544559121131897,-0.9096088409423828,0.0
3,1203,-0.22777111807787948,-0.39475838606797403,-0.10877111807787948,0.133241613932026,0.17200140642193326,0.1790636295036237,0.6349943280220032,0.5304781198501587,-1.0,0.8860465288162231,0.3084745705127716,-0.010499999858438969,0.01837499998509884,0.012374999932944775,-0.02474999986588955,0.00011991000064881518,0.000925020023714751,0.0,7.994000043254346e-05,0.09149999916553497,0.007000000216066837,0.09849999845027924,0.001500000013038516,0.042750000953674316,-0.0002500000118743628,0.0042500002309679985,-0.4813786447048187,0.13978247344493866,0.7672426700592041,-0.040250781923532486,0.0
4,1204,-0.22911641866799687,-0.39427481201274484,-0.11011641866799687,0.1337251879872552,0.17322832205644753,0.1768800923081192,0.6330904364585876,0.5343078374862671,-1.0,0.8860465288162231,0.3084745705127716,-0.019500000402331352,0.02474999986588955,0.026374999433755875,-0.02474999986588955,0.0001484600070398301,0.0006852000369690359,7.423000351991504e-05,7.423000351991504e-05,0.0729999989271164,0.013000000268220901,0.0860000029206276,0.001500000013038516,0.03500000014901161,0.0005000000237487257,0.002749999985098839,0.7337297797203064,-0.351739764213562,-0.7874040603637695,0.9239990711212158,0.0
5,1205,-0.2283741605134001,-0.3978788230184841,-0.1093741605134001,0.13012117698151593,0.16998302176119237,0.18271454313088256,0.6299617886543274,0.5351274609565735,-1.0,0.8860465288162231,0.3084745705127716,-0.01075000036507845,0.02437499910593033,0.012000000104308128,-0.019999999552965164,0.0011420000810176134,0.00035402001230977476,0.0,0.0004739300056826323,0.13099999725818634,0.04149999842047691,0.17249999940395355,0.011500000022351742,0.022749999538064003,-0.0002500000118743628,0.02775000035762787,0.7203072309494019,-0.7008576393127441,0.4584507644176483,-0.9341589212417603,0.0
6,1206,-0.2281933629944113,-0.39899716866848944,-0.10919336299441129,0.12900283133151058,0.16901160023375744,0.18449812053832737,0.6316879987716675,0.5290189385414124,-1.0,0.8860465288162231,0.3084745705127716,0.0035000001080334187,0.013000000268220901,0.020375000312924385,-0.026000000536441803,0.0009935400448739529,0.00029121001716703176,5.139000131748617e-05,9.13600015337579e-05,0.11249999701976776,0.012500000186264515,0.125,0.009999999776482582,0.01924999989569187,0.0,0.004749999847263098,0.26875200867652893,-0.20860840380191803,-0.4692080616950989,0.8812963962554932,0.0
7,1207,-0.23278056230022803,-0.39872048417156825,-0.11378056230022804,0.12927951582843178,0.17221849369388242,0.1786753267856656,0.6321084499359131,0.5271234512329102,-1.0,0.8860465288162231,0.3084745705127716,0.00712500000372529,0.008500000461935997,0.011625000275671482,-0.019625000655651093,0.0013532700249925256,0.0003140500048175454,0.0,0.00041683000745251775,0.1459999978542328,0.0364999994635582,0.18250000476837158,0.012749999761581421,0.020500000566244125,0.0,0.02500000037252903,-0.845531702041626,-0.8108996152877808,-0.3459315896034241,0.3180170953273773,-0.06551179
8,1208,-0.2308695452001771,-0.4007197814075092,-0.11186954520017711,0.12728021859249083,0.16945515391467655,0.18368158455985667,0.6214405298233032,0.5275924205780029,-1.0,0.8860465288162231,0.3084745705127716,-0.003000000026077032,0.0010000000474974513,0.015250000171363354,-0.007000000216066837,0.0001256200048374012,0.00010278000263497233,7.423000351991504e-05,0.0001541700039524585,0.019999999552965164,0.019999999552965164,0.03999999910593033,0.001500000013038516,0.005249999929219484,0.0002500000118743628,0.011500000022351742,0.36585402488708496,-0.4315255880355835,0.8102121353149414,-0.8377367258071899,0.0
9,1209,-0.22864876187153121,-0.4029667118213757,-0.10964876187153122,0.1250332881786243,0.16630145559410678,0.18956665859044913,0.6258847713470459,0.5242037773132324,-1.0,0.8860465288162231,0.3084745705127716,0.003000000026077032,-0.0063749998807907104,0.029625000432133675,-0.017750000581145287,0.00021127000218257308,9.13600015337579e-05,7.994000043254346e-05,6.851999933132902e-05,0.026499999687075615,0.013000000268220901,0.039500001817941666,0.003000000026077032,0.004000000189989805,0.0017500000540167093,0.0017500000540167093,0.8165906071662903,0.4090898931026459,-0.011132674291729927,0.11851990967988968,0.0
10,1210,-0.23056627334232688,-0.4026265242633083,-0.11156627334232688,0.12537347573669172,0.16782592697731072,0.18669868538670292,0.631049394607544,0.5203953981399536,-1.0,0.8860465288162231,0.3084745705127716,0.01575000025331974,-0.007000000216066837,0.029999999329447746,-0.017875000834465027,0.0007194600184448063,0.0003882800228893757,7.423000351991504e-05,0.00010278000263497233,0.09700000286102295,0.01549999974668026,0.11249999701976776,0.00800000037997961,0.020500000566244125,0.000750000006519258,0.0062500000931322575,0.032172415405511856,-0.6177773475646973,-0.20709238946437836,0.397159606218338,0.0
11,1211,-0.225106822678178,-0.40561447858133415,-0.106106822678178,0.12238552141866588,0.16197800366647638,0.19794223432940738,0.6265900731086731,0.5209720134735107,-1.0,0.8860465288162231,0.3084745705127716,0.017000000923871994,-0.012249999679625034,0.026499999687075615,-0.014499999582767487,0.0005424499977380037,0.0001256200048374012,0.0,0.0001884299999801442,0.05849999934434891,0.016499999910593033,0.07500000298023224,0.006500000134110451,0.00800000037997961,0.0,0.01425000000745058,0.8981796503067017,0.4130367338657379,-0.664682149887085,-0.5246577262878418,-0.10376186
12,1212,-0.23010045209564745,-0.40300298878353413,-0.11110045209564745,0.12499701121646589,0.1672350539477491,0.1878051031081172,0.639286458492279,0.5159076452255249,-1.0,0.8860465288162231,0.3084745705127716,0.03087499924004078,-0.012875000014901161,0.030124999582767487,-0.019874999299645424,0.0013075900496914983,0.0003939900198020041,7.423000351991504e-05,9.13600015337579e-05,0.14900000393390656,0.014499999582767487,0.16349999606609344,0.012249999679625034,0.02449999935925007,0.0002500000118743628,0.005499999970197678,-0.6693788170814514,0.8008568286895752,0.5970476865768433,0.5854470729827881,0.0
13,1213,-0.23120470607991794,-0.40281734278998343,-0.11220470607991795,0.1251826572100166,0.1681088746397444,0.18617117246528322,0.6276733875274658,0.5203339457511902,-1.0,0.8860465288162231,0.3084745705127716,0.023375000804662704,-0.011250000447034836,0.03662500157952309,-0.017625000327825546,0.00017130000924225897,0.0012105200439691544,0.00013133000175002962,0.00035973000922240317,0.12099999934434891,0.0430000014603138,0.164000004529953,0.0022499999031424522,0.051249999552965164,0.009499999694526196,0.022749999538064003,0.4176356792449951,-0.1910785287618637,-0.4559832811355591,0.9085389375686646,0.0
14,1214,-0.23019629079764492,-0.4054093215302566,-0.11119629079764493,0.12259067846974342,0.16550857843273992,0.19107566370509305,0.6251053214073181,0.5206485986709595,-1.0,0.8860465288162231,0.3084745705127716,0.026624999940395355,-0.011374999769032001,0.03187499940395355,-0.011374999769032001,0.0010963199893012643,0.0009706999990157783,7.994000043254346e-05,0.0009649900021031499,0.1809999942779541,0.09149999916553497,0.27250000834465027,0.011250000447034836,0.04450000077486038,0.0020000000949949026,0.0442500002682209,0.6388216018676758,-0.7575255632400513,-0.23807556927204132,-0.8873620629310608,0.0
15,1215,-0.22653322881751864,-0.4050960610106853,-0.10753322881751864,0.12290393898931473,0.16330576694963966,0.1953314012182313,0.6274504661560059,0.5162553787231445,-1.0,0.8860465288162231,0.3084745705127716,0.03687499836087227,-0.017124999314546585,0.0286250002682209,-0.011749999597668648,0.0016273499932140112,0.0004682200087700039,-5.7100000958598685e-06,0.00016558999777771533,0.1835000067949295,0.014999999664723873,0.19850000739097595,0.014499999582767487,0.02775000035762787,-0.0002500000118743628,0.011749999597668648,-0.8901339769363403,0.3941567540168762,0.6398901343345642,-0.7094546556472778,0.0
16,1216,-0.22889030728340826,-0.40277835045749477,-0.10989030728340826,0.12522164954250525,0.1666023443682228,0.1889971310471855,0.6359692215919495,0.5167863368988037,-1.0,0.8860465288162231,0.3084745705127716,0.026499999687075615,-0.01412499975413084,0.038874998688697815,-0.020874999463558197,0.0001484600070398301,0.0007251700153574347,8.565000462112948e-05,8.565000462112948e-05,0.07649999856948853,0.014999999664723873,0.09149999916553497,0.0020000000949949026,0.0364999994635582,0.003000000026077032,0.0035000001080334187,-0.7367560863494873,-0.007116339169442654,-0.6984500885009766,0.7248101234436035,0.0
17,1217,-0.22968682121828327,-0.4028068231582618,-0.11068682121828327,0.12519317684173825,0.16710746218866154,0.18804487987799928,0.6304876804351807,0.5207146406173706,-1.0,0.8860465288162231,0.3084745705127716,0.013000000268220901,-0.010125000029802322,0.027374999597668648,-0.012625000439584255,0.00013133000175002962,0.00048534999950788915,5.7100000958598685e-06,0.0001827200030675158,0.05400000140070915,0.016499999910593033,0.07050000131130219,0.001500000013038516,0.02824999950826168,0.0,0.014000000432133675,0.6277592182159424,0.8844127655029297,-0.03690479323267937,0.1979343146085739,-0.028428579
18,1218,-0.2308793227978423,-0.40265448533068265,-0.1118793227978423,0.12534551466931737,0.1680133355344743,0.18634912373071502,0.6286352872848511,0.5206664204597473,-1.0,0.8860465288162231,0.3084745705127716,0.020375000312924385,-0.008750000037252903,0.028999999165534973,-0.012625000439584255,0.0009592800051905215,0.0014788900734856725,8.565000462112948e-05,0.0003197600017301738,0.2134999930858612,0.03550000116229057,0.24899999797344208,0.010250000283122063,0.05849999934434891,0.0042500002309679985,0.021250000223517418,0.05309394374489784,0.8814195990562439,-0.6209043264389038,0.7752400636672974,0.0
19,1219,-0.22821800933224706,-0.4043091915322815,-0.10921800933224707,0.12369080846771852,0.1650090593328034,0.19203251096845103,0.6258620619773865,0.5209246277809143,-1.0,0.8860465288162231,0.3084745705127716,0.020375000312924385,-0.008875000290572643,0.019625000655651093,-0.004000000189989805,0.0011991000501438975,0.002883550012484193,0.0,0.0006052600219845772,0.35749998688697815,0.05299999937415123,0.4104999899864197,0.012000000104308128,0.09175000339746475,-0.0002500000118743628,0.032999999821186066,-0.006374839227646589,-0.6186834573745728,-0.6218101978302002,-0.9851363301277161,-0.11285924
20,1220,-0.23285653878829965,-0.4014187496927749,-0.11385653878829965,0.1265812503072251,0.17025311848595304,0.18222170300635687,0.6320511698722839,0.5181199908256531,-1.0,0.8860465288162231,0.3084745705127716,0.020375000312924385,-0.008750000037252903,0.023000000044703484,-0.008249999955296516,0.0012105200439691544,0.002049890113994479,6.851999933132902e-05,8.565000462112948e-05,0.2854999899864197,0.013500000350177288,0.29899999499320984,0.012000000104308128,0.07275000214576721,0.0005000000237487257,0.004749999847263098,-0.8649193048477173,-0.9851089715957642,-0.9717247486114502,0.2843172550201416,0.0
21,1221,-0.22788864822953275,-0.4029551925981919,-0.10888864822953276,0.12504480740180812,0.16580995618903654,0.19050067104219745,0.621263861656189,0.5230190753936768,-1.0,0.8860465288162231,0.3084745705127716,0.009624999947845936,-0.008249999955296516,0.005125000141561031,-0.00712500000372529,0.0001256200048374012,0.0006794900400564075,0.0,0.00017130000924225897,0.07050000131130219,0.014999999664723873,0.08550000190734863,0.0012499999720603228,0.03500000014901161,0.0,0.013000000268220901,-0.39572641253471375,-0.4605035185813904,-0.9849098920822144,-0.9511334896087646,-0.1421892
22,1222,-0.228724253354687,-0.40268170475794846,-0.109724253354687,0.12531829524205157,0.16656556335754863,0.1890666588878672,0.6328170895576477,0.5204149484634399,-1.0,0.8860465288162231,0.3084745705127716,0.0024999999441206455,-0.00787500012665987,0.008875000290572643,-0.01875000074505806,9.707000572234392e-05,0.000245530012762174,0.0,6.851999933132902e-05,0.029999999329447746,0.006000000052154064,0.035999998450279236,0.000750000006519258,0.017000000923871994,0.0,0.000750000006519258,0.840983510017395,-0.3406682312488556,-0.5991693139076233,0.5659245252609253,-0.09590032
23,1223,-0.22718457970926786,-0.40601895421660167,-0.10818457970926787,0.12198104578339836,0.16304379416979495,0.19584378718274878,0.6308738589286804,0.5208784937858582,-1.0,0.8860465288162231,0.3084745705127716,0.015124999918043613,-0.010499999858438969,0.012749999761581421,-0.01600000075995922,0.0006052600219845772,0.00014275001012720168,0.0,0.00022840000747237355,0.06549999862909317,0.019999999552965164,0.08550000190734863,0.007000000216066837,0.009499999694526196,-0.0002500000118743628,0.016249999403953552,0.9526731967926025,-0.06535010039806366,-0.8711757063865662,-0.36305302381515503,-0.1285411
24,1224,-0.22917911260569251,-0.4064568647542724,-0.11017911260569252,0.12154313524572763,0.16404929314062622,0.1938844469987552,0.6344544887542725,0.5152221322059631,-1.0,0.8860465288162231,0.3084745705127716,0.030625000596046448,-0.016625000163912773,0.016499999910593033,-0.016124999150633812,0.0011876800563186407,0.0002969200140796602,0.0,7.994000043254346e-05,0.12999999523162842,0.007000000216066837,0.13699999451637268,0.011500000022351742,0.019500000402331352,-0.0002500000118743628,0.003000000026077032,0.4910443425178528,-0.06755445897579193,0.6720186471939087,0.90904700756073,0.0
25,1225,-0.230003743803247,-0.405832411482782,-0.11100374380324701,0.12216758851721804,0.16506589842377864,0.19192339244876472,0.6298159956932068,0.5144798755645752,-1.0,0.8860465288162231,0.3084745705127716,0.03812500089406967,-0.017750000581145287,0.028875000774860382,-0.014000000432133675,0.001638769987039268,0.00029121001716703176,0.0,0.0006109700188972056,0.16899999976158142,0.05350000038743019,0.2224999964237213,0.014750000089406967,0.01924999989569187,0.0,0.032749999314546585,0.30609485507011414,-0.10339950025081635,-0.9939978122711182,0.5175634622573853,-0.14327975
26,1226,-0.23110505599774184,-0.4089640883367224,-0.11210505599774184,0.11903591166327765,0.16351480619737307,0.19492350840310588,0.6278982758522034,0.5155382752418518,-1.0,0.8860465288162231,0.3084745705127716,0.04137500002980232,-0.020500000566244125,0.03125,-0.009750000201165676,0.0023182600270956755,0.0003140500048175454,8.565000462112948e-05,0.0008793400484137237,0.2304999977350235,0.08449999988079071,0.3149999976158142,0.019500000402331352,0.020999999716877937,0.002749999985098839,0.04349999874830246,0.6421182155609131,-0.9667169451713562,0.23861870169639587,-0.5733462572097778,-0.04469143
27,1227,-0.23540703424473125,-0.4076812796823093,-0.11640703424473126,0.1203187203176907,0.16741323747105757,0.18747076331611562,0.6253370642662048,0.5102303624153137,-1.0,0.8860465288162231,0.3084745705127716,0.052000001072883606,-0.035750001668930054,0.03424999862909317,-0.009624999947845936,0.0007308800122700632,0.00026837000041268766,0.00010278000263497233,0.0003368900215718895,0.08749999850988388,0.03849999979138374,0.12600000202655792,0.008249999955296516,0.015250000171363354,0.005499999970197678,0.02174999937415123,0.07111101597547531,-0.4471144378185272,0.6347875595092773,0.5875896215438843,0.0
28,1228,-0.23303422850523164,-0.411340131404151,-0.11403422850523165,0.11665986859584904,0.16313592557001094,0.1956634366518731,0.6153324842453003,0.5124046206474304,-1.0,0.8860465288162231,0.3084745705127716,0.05387499928474426,-0.042125001549720764,0.038624998182058334,-0.008124999701976776,0.0005938400281593204,0.0001598800008650869,0.00033117999555543065,0.0008507900056429207,0.06599999964237213,0.10350000113248825,0.16949999332427979,0.007000000216066837,0.011250000447034836,0.020500000566244125,0.04075000062584877,0.9091775417327881,-0.16619476675987244,0.24030323326587677,-0.44806942343711853,0.0
29,1229,-0.2368928710292748,-0.411414435726659,-0.11789287102927481,0.11658556427334105,0.16580386858109966,0.1905122683291627,0.6208506226539612,0.5062031745910645,-1.0,0.8860465288162231,0.3084745705127716,0.06887499988079071,-0.05037499964237213,0.042125001549720764,-0.008249999955296516,0.0010848999954760075,0.00032546999864280224,0.0003768599999602884,0.0003825699968729168,0.12349999696016312,0.06650000065565109,0.1899999976158142,0.010999999940395355,0.02174999937415123,0.02250000089406967,0.024250000715255737,-0.16062018275260925,-0.9531430006027222,0.07818978279829025,0.739253044128418,0.0
30,1230,-0.2321589537129416,-0.41229144410133217,-0.1131589537129416,0.11570855589866785,0.16184380962385556,0.1982080393230527,0.6118770241737366,0.506077229976654,-1.0,0.8860465288162231,0.3084745705127716,0.0689999982714653,-0.060750000178813934,0.042125001549720764,-0.005375000182539225,0.00035402001230977476,0.00011420000373618677,0.00041683000745251775,0.0010620600078254938,0.04100000113248825,0.12950000166893005,0.1704999953508377,0.004749999847263098,0.007000000216066837,0.02525000087916851,0.04600000008940697,-0.5350616574287415,0.9253880977630615,-0.7970420122146606,-0.5592261552810669,0.0
31,1231,-0.23191989806720797,-0.41499522661213856,-0.11291989806720798,0.11300477338786147,0.1597528784966035,0.202396064694663,0.6228861808776855,0.5045907497406006,-1.0,0.8860465288162231,0.3084745705127716,0.060499999672174454,-0.054249998182058334,0.03799999877810478,-0.005125000141561031,0.0001484600070398301,0.0004967700224369764,9.13600015337579e-05,0.0003997000167146325,0.05649999901652336,0.0430000014603138,0.09950000047683716,0.0017500000540167093,0.02850000001490116,0.0037499999161809683,0.02474999986588955,0.6791151762008667,-0.521977424621582,-0.996658205986023,0.599848747253418,0.0
32,1232,-0.2337838490001592,-0.4139556111236649,-0.1147838490001592,0.11404438887633511,0.16180684356808922,0.19828132256152908,0.6234421133995056,0.5000081062316895,-1.0,0.8860465288162231,0.3084745705127716,0.06875000149011612,-0.05674999952316284,0.021250000223517418,0.004625000059604645,0.001022089971229434,0.00019985000835731626,0.0,0.00044538002111949027,0.10700000077486038,0.039000000804662704,0.1459999978542328,0.010499999858438969,0.014000000432133675,0.0,0.027499999850988388,0.49153098464012146,0.8786339163780212,0.9744684100151062,0.015510819852352142,0.0
33,1233,-0.23051987410616753,-0.41502003071301985,-0.11151987410616754,0.11297996928698018,0.1587487189892959,0.2044386824271052,0.6191073060035706,0.5017701387405396,-1.0,0.8860465288162231,0.3084745705127716,0.07562500238418579,-0.05687500163912773,0.030750000849366188,0.0042500002309679985,0.001638769987039268,0.00107919005677104,0.0002512400096748024,0.00044538002111949027,0.23800000548362732,0.061000000685453415,0.29899999499320984,0.014999999664723873,0.04699999839067459,0.017500000074505806,0.028750000521540642,-0.7498419880867004,-0.7722253799438477,-0.826107919216156,-0.9819101691246033,0.0
34,1234,-0.23041010118130023,-0.4152373185589526,-0.11141010118130024,0.11276268144104745,0.15851698007154535,0.2049129957892846,0.6266979575157166,0.4999660551548004,-1.0,0.8860465288162231,0.3084745705127716,0.06812500208616257,-0.05662500113248825,0.024250000715255737,-0.0016250000335276127,0.0001598800008650869,0.00026837000041268766,-7.423000351991504e-05,7.994000043254346e-05,0.03750000149011612,0.013500000350177288,0.050999999046325684,0.0020000000949949026,0.017750000581145287,-0.0002500000118743628,0.0037499999161809683,0.41375061869621277,0.8485729694366455,-0.6235752105712891,0.5994901657104492,0.0
35,1235,-0.227139614398792,-0.4172015118509129,-0.108139614398792,0.1107984881490871,0.15482403294851488,0.21262178912754626,0.6269532442092896,0.4995977580547333,-1.0,0.8860465288162231,0.3084745705127716,0.07137499749660492,-0.05612500011920929,0.012625000439584255,-0.0010000000474974513,0.00107919005677104,0.0011305800871923566,0.0,0.0003882800228893757,0.19349999725818634,0.03400000184774399,0.22750000655651093,0.010999999940395355,0.048500001430511475,-0.0002500000118743628,0.02474999986588955,0.6021175384521484,-0.9812420606613159,-0.9719719290733337,0.0024403135757893324,-0.14063664
36,1236,-0.2294169657584672,-0.4179206112067355,-0.11041696575846721,0.11007938879326451,0.1559146502558538,0.21031549835931174,0.6345590353012085,0.496268630027771,-1.0,0.8860465288162231,0.3084745705127716,0.08049999922513962,-0.05950000137090683,0.016374999657273293,-0.0010000000474974513,0.0017072900664061308,0.00027407999732531607,0.0,0.0003825699968729168,0.17350000143051147,0.03350000083446503,0.2070000022649765,0.015250000171363354,0.01850000023841858,-0.0002500000118743628,0.02474999986588955,-0.045229267328977585,-0.5884770154953003,-0.8891779184341431,0.19557538628578186,-0.13070136
37,1237,-0.23087256468374762,-0.4192917581077194,-0.11187256468374762,0.10870824189228062,0.15599023233596998,0.2101565975886635,0.6292628645896912,0.4950498044490814,-1.0,0.8860465288162231,0.3084745705127716,0.08262500166893005,-0.06837499886751175,0.019999999552965164,0.004999999888241291,0.0009193100268021226,0.00020556000526994467,0.0,0.0002797899942379445,0.09849999845027924,0.02449999935925007,0.12300000339746475,0.009499999694526196,0.01425000000745058,0.0,0.019999999552965164,0.39598459005355835,0.7743287086486816,-0.5162917375564575,-0.11316142231225967,-0.08595501
38,1238,-0.2288789372486127,-0.4206348921746731,-0.1098789372486127,0.10736510782532693,0.15362502149464013,0.2151864935568578,0.6258777379989624,0.49272581934928894,-1.0,0.8860465288162231,0.3084745705127716,0.08787500113248825,-0.06862500309944153,0.023499999195337296,0.004875000100582838,0.0014903100673109293,0.0010906100505962968,7.423000351991504e-05,0.00021127000218257308,0.22599999606609344,0.02500000037252903,0.25099998712539673,0.013749999925494194,0.04374999925494194,0.0005000000237487257,0.016249999403953552,0.3486279249191284,-0.9764801859855652,0.04947630688548088,0.0180868748575449,0.0
39,1239,-0.24180335782365553,-0.4168996286568015,-0.12280335782365553,0.1111003713431985,0.16560180314646752,0.1908976169692755,0.6305140852928162,0.49044933915138245,-1.0,0.8860465288162231,0.3084745705127716,0.09449999779462814,-0.07575000077486038,0.02462499961256981,0.004875000100582838,0.0014731800183653831,0.00033117999555543065,1.1420000191719737e-05,0.00022840000747237355,0.15800000727176666,0.020999999716877937,0.17900000512599945,0.013500000350177288,0.0215000007301569,0.0,0.016750000417232513,-0.5353642106056213,-0.9490542411804199,-0.8057268261909485,0.9230855703353882,-0.120687224
40,1240,-0.23186799422831894,-0.42289165726488553,-0.11286799422831895,0.10510834273511449,0.15423017808991252,0.2138882105835636,0.6004573106765747,0.49678027629852295,-1.0,0.8860465288162231,0.3084745705127716,0.09049999713897705,-0.08687499910593033,0.02512500062584877,0.013249999843537807,0.00013703999866265804,0.00011991000064881518,0.00011420000373618677,0.0006452300003729761,0.02250000089406967,0.06650000065565109,0.08900000154972076,0.001500000013038516,0.008249999955296516,0.006500000134110451,0.03449999913573265,0.27034181356430054,0.25028669834136963,-0.6815643310546875,-0.500457763671875,0.0
41,1241,-0.23620723128344712,-0.4210269849538355,-0.11720723128344712,0.10697301504616452,0.1586844699811497,0.20457007445735004,0.6235628128051758,0.4866243004798889,-1.0,0.8860465288162231,0.3084745705127716,0.09274999797344208,-0.08699999749660492,0.01575000025331974,0.013500000350177288,0.0006223900127224624,0.00026266000350005925,0.0,0.00021127000218257308,0.07750000059604645,0.01850000023841858,0.09600000083446503,0.007000000216066837,0.017750000581145287,-0.0002500000118743628,0.015250000171363354,0.15005236864089966,-0.12781767547130585,-0.7224956750869751,0.8424957990646362,-0.11069948
42,1242,-0.23729717977773074,-0.42162847580014173,-0.11829717977773074,0.10637152419985829,0.1590884153669455,0.20374538983996768,0.6134715676307678,0.48978477716445923,-1.0,0.8860465288162231,0.3084745705127716,0.09412500262260437,-0.0872500017285347,0.016875000670552254,0.019625000655651093,0.0009421500144526362,0.0001884299999801442,0.00010848999954760075,0.0006566499941982329,0.0989999994635582,0.06700000166893005,0.16599999368190765,0.009750000201165676,0.013500000350177288,0.004999999888241291,0.03449999913573265,-0.9664925932884216,-0.7825889587402344,-0.6265584230422974,-0.9597560167312622,0.0
43,1243,-0.2296409309160769,-0.4246285872615466,-0.11064093091607691,0.1033714127384534,0.15141685693977336,0.21999101609448732,0.6109368205070496,0.48876529932022095,-1.0,0.8860465288162231,0.3084745705127716,0.08062499761581421,-0.09624999761581421,0.00774999987334013,0.0182499997317791,0.00010278000263497233,7.994000043254346e-05,0.0,6.851999933132902e-05,0.01600000075995922,0.006000000052154064,0.02199999988079071,0.000750000006519258,0.0022499999031424522,0.0,0.001500000013038516,-0.37640461325645447,-0.1183641105890274,-0.5398666262626648,-0.7062546014785767,-0.088784
44,1244,-0.22473699048126666,-0.4231758096106979,-0.10573699048126667,0.10482419038930213,0.14889063787494544,0.22561926268765878,0.6287420392036438,0.4836803674697876,-1.0,0.8860465288162231,0.3084745705127716,0.07387500256299973,-0.09749999642372131,0.011374999769032001,0.005625000223517418,9.13600015337579e-05,7.423000351991504e-05,5.7100000958598685e-06,6.28100024187006e-05,0.014499999582767487,0.006000000052154064,0.020500000566244125,0.0002500000118743628,0.0005000000237487257,0.0002500000118743628,0.0005000000237487257,-0.34166383743286133,0.7660677433013916,-0.9858972430229187,-0.9171703457832336,0.0
45,1245,-0.22915450425358302,-0.4198965612924865,-0.11015450425358303,0.10810343870751354,0.1543384860225789,0.21365667809112487,0.6401465535163879,0.48614269495010376,-1.0,0.8860465288162231,0.3084745705127716,0.06750000268220901,-0.0860000029206276,-0.006874999962747097,-0.011625000275671482,9.13600015337579e-05,0.00010278000263497233,0.0,6.28100024187006e-05,0.017000000923871994,0.005499999970197678,0.02250000089406967,0.0002500000118743628,0.006000000052154064,0.0,0.000750000006519258,0.43326398730278015,0.9415872097015381,-0.9521363973617554,0.5395474433898926,-0.13825639
46,1246,-0.22205945017031198,-0.41816366445233105,-0.10305945017031198,0.10983633554766897,0.15061630348653213,0.22175923007618045,0.6298732161521912,0.4917007386684418,-1.0,0.8860465288162231,0.3084745705127716,0.07387500256299973,-0.07637500017881393,-0.0031250000465661287,-0.0062500000931322575,0.00025695000658743083,0.00034831001539714634,0.0,0.00014275001012720168,0.05299999937415123,0.012500000186264515,0.06549999862909317,0.0035000001080334187,0.02199999988079071,0.0,0.009999999776482582,-0.9636691808700562,0.45535561442375183,0.7493205070495605,-0.9721178412437439,0.0
47,1247,-0.22561871589055127,-0.4153653035037144,-0.10661871589055127,0.1126346964962856,0.15509392455206122,0.21204871445944992,0.6463733911514282,0.4946378469467163,-1.0,0.8860465288162231,0.3084745705127716,0.05712499842047691,-0.06262499839067459,0.010874999687075615,-0.019874999299645424,0.00010848999954760075,0.0001598800008650869,0.0,6.851999933132902e-05,0.023499999195337296,0.006000000052154064,0.029500000178813934,0.0010000000474974513,0.011500000022351742,0.0,0.0010000000474974513,-0.30421820282936096,0.4279439151287079,-0.05587379261851311,-0.018047824501991272,-0.030704858
48,1248,-0.22585193267517323,-0.414986174136227,-0.10685193267517323,0.11301382586377301,0.15552961246266564,0.21112685352254568,0.638096034526825,0.49938082695007324,-1.0,0.8860465288162231,0.3084745705127716,0.051624998450279236,-0.05612500011920929,0.014750000089406967,-0.019874999299645424,9.707000572234392e-05,0.00020556000526994467,0.0,6.28100024187006e-05,0.026499999687075615,0.005499999970197678,0.03200000151991844,0.000750000006519258,0.014499999582767487,-0.0002500000118743628,0.0005000000237487257,0.24363109469413757,0.2513837218284607,-0.8759557008743286,0.8012905120849609,-0.1291147
49,1249,-0.2333720398851558,-0.4129057988323764,-0.11437203988515582,0.11509420116762364,0.16225793863446278,0.19738889964907996,0.6375536322593689,0.5000234246253967,-1.0,0.8860465288162231,0.3084745705127716,0.054249998182058334,-0.05537499859929085,0.01850000023841858,-0.010250000283122063,0.00033117999555543065,0.0003654400061350316,0.0,0.0001484600070398301,0.061000000685453415,0.013000000268220901,0.07400000095367432,0.0044999998062849045,0.02225000038743019,-0.0002500000118743628,0.011250000447034836,-0.8662806749343872,-0.5169875025749207,-0.6725894808769226,0.3285491466522217,-0.10471074
50,1250,-0.2287061058053848,-0.41774466274809735,-0.10970610580538481,0.11025533725190267,0.1555367128478453,0.21111186323491826,0.6200650334358215,0.5035495162010193,-1.0,0.8860465288162231,0.3084745705127716,0.04012500122189522,-0.05525000020861626,0.02212500013411045,-0.0012499999720603228,9.13600015337579e-05,9.13600015337579e-05,0.0,9.13600015337579e-05,0.01600000075995922,0.00800000037997961,0.024000000208616257,0.0005000000237487257,0.002749999985098839,0.0,0.005499999970197678,0.9197506904602051,-0.661413848400116,-0.8462079763412476,-0.6141211986541748,-0.12554498
51,1251,-0.23805765761929948,-0.4103846797450224,-0.11905765761929948,0.11761532025497762,0.16735617525647295,0.1875777688123119,0.6309160590171814,0.4953480362892151,-1.0,0.8860465288162231,0.3084745705127716,0.05662500113248825,-0.0676250010728836,0.025875000283122063,-0.010374999605119228,0.0001484600070398301,8.565000462112948e-05,0.0,6.851999933132902e-05,0.020500000566244125,0.006000000052154064,0.026499999687075615,0.0017500000540167093,0.002749999985098839,0.0,0.000750000006519258,-0.8386159539222717,0.17849144339561462,0.7580561637878418,0.012869824655354023,0.0
52,1252,-0.2703960483623679,-0.39194973757915075,-0.15139604836236792,0.13605026242084928,0.20354468149406998,0.1306221055548022,0.6091682314872742,0.507822573184967,-1.0,0.8860465288162231,0.3084745705127716,0.041749998927116394,-0.06549999862909317,0.0377499982714653,-0.010499999858438969,8.565000462112948e-05,9.707000572234392e-05,9.707000572234392e-05,6.851999933132902e-05,0.01600000075995922,0.014499999582767487,0.030500000342726707,0.0002500000118743628,0.004999999888241291,0.0044999998062849045,0.0012499999720603228,-0.731518566608429,-0.9141212701797485,-0.9853920340538025,0.5919126272201538,0.0
53,1253,-0.2342220867466248,-0.4179145391220736,-0.11522208674662482,0.11008546087792642,0.15935789271621348,0.20319708127966737,0.5339626669883728,0.5390682220458984,-1.0,0.8860465288162231,0.3084745705127716,0.02812499925494194,-0.08025000244379044,0.0215000007301569,0.0010000000474974513,9.13600015337579e-05,7.994000043254346e-05,1.1420000191719737e-05,6.28100024187006e-05,0.014999999664723873,0.006500000134110451,0.0215000007301569,0.0002500000118743628,0.0002500000118743628,0.0002500000118743628,0.0002500000118743628,0.6938008069992065,-0.3275657594203949,-0.6635735034942627,0.06088433042168617,-0.10362882
54,1254,-0.23371131643644155,-0.4180317321383448,-0.11471131643644156,0.1099682678616552,0.15890785397542243,0.2041136076806154,0.6180881857872009,0.49506011605262756,-1.0,0.8860465288162231,0.3084745705127716,0.04125000163912773,-0.08637499809265137,0.02512500062584877,0.0010000000474974513,8.565000462112948e-05,7.423000351991504e-05,7.423000351991504e-05,7.423000351991504e-05,0.014000000432133675,0.013000000268220901,0.027000000700354576,0.0,0.0002500000118743628,0.0005000000237487257,0.0024999999441206455,0.41706767678260803,-0.19481854140758514,-0.8496450185775757,0.05516568198800087,-0.04737823
55,1255,-0.23574127714748572,-0.41897134686181076,-0.11674127714748572,0.10902865313818927,0.15973657375552305,0.20242906753940954,0.6192759871482849,0.4948614835739136,-1.0,0.8860465288162231,0.3084745705127716,0.048374999314546585,-0.08537500351667404,0.009499999694526196,0.0013749999925494194,0.00010848999954760075,9.707000572234392e-05,0.0,7.994000043254346e-05,0.017999999225139618,0.007000000216066837,0.02500000037252903,0.0012499999720603228,0.005750000011175871,0.0,0.0037499999161809683,0.18581107258796692,-0.4893263578414917,-0.5056654214859009,0.31240203976631165,-0.08467986
56,1256,-0.23493096553477671,-0.4152734936424362,-0.11593096553477672,0.11272650635756382,0.16170112555392885,0.19849105247981105,0.6145551800727844,0.4932689070701599,-1.0,0.8860465288162231,0.3084745705127716,0.052000001072883606,-0.09200000017881393,0.013375000096857548,0.00800000037997961,9.707000572234392e-05,7.423000351991504e-05,0.0,6.851999933132902e-05,0.014999999664723873,0.006000000052154064,0.020999999716877937,0.000750000006519258,0.000750000006519258,-0.0002500000118743628,0.0020000000949949026,-0.7796849608421326,0.8531672954559326,-0.9092614650726318,-0.9131848216056824,-0.13311139
57,1257,-0.24594880379182216,-0.41116870485345924,-0.12694880379182216,0.11683129514654078,0.17252695531363407,0.17812503114032846,0.6164396405220032,0.4995364546775818,-1.0,0.8860465288162231,0.3084745705127716,0.03787500038743019,-0.0768750011920929,0.017124999314546585,-0.008249999955296516,8.565000462112948e-05,7.994000043254346e-05,0.0,6.851999933132902e-05,0.014499999582767487,0.006000000052154064,0.020500000566244125,0.0,0.0022499999031424522,-0.0002500000118743628,0.0005000000237487257,-0.10110658407211304,-0.6316816806793213,-0.9162025451660156,0.9937090873718262,-0.13394432
58,1258,-0.24331023181492967,-0.41193193246258286,-0.12431023181492967,0.11606806753741716,0.17007301383744566,0.18255018848407392,0.5908167362213135,0.5064937472343445,-1.0,0.8860465288162231,0.3084745705127716,0.035999998450279236,-0.08762499690055847,0.019750000908970833,0.008124999701976776,0.0,7.423000351991504e-05,7.994000043254346e-05,9.13600015337579e-05,0.006500000134110451,0.014999999664723873,0.0215000007301569,0.0,0.0002500000118743628,0.0020000000949949026,0.004999999888241291,-0.27177321910858154,0.9578716158866882,0.5691102743148804,-0.0647527426481247,-0.05661279
59,1259,-0.2412984231769088,-0.40908634467977995,-0.12229842317690881,0.11891365532022008,0.1705794880200265,0.1816279563144648,0.5969529747962952,0.5052000880241394,-1.0,0.8860465288162231,0.3084745705127716,0.039374999701976776,-0.07450000196695328,0.023874999955296516,0.007625000085681677,0.00010278000263497233,0.00014275001012720168,0.00023411000438500196,7.994000043254346e-05,0.0215000007301569,0.027499999850988388,0.04899999871850014,0.000750000006519258,0.009750000201165676,0.014999999664723873,0.0037499999161809683,-0.8873253464698792,0.8462326526641846,-0.9668589234352112,0.5844442844390869,0.0
60,1260,-0.24489138168263774,-0.40721202681088914,-0.12589138168263775,0.12078797318911089,0.1744659693152133,0.17470443196635815,0.6016315817832947,0.5100231170654297,-1.0,0.8860465288162231,0.3084745705127716,0.022749999538064003,-0.05849999934434891,0.012625000439584255,0.013375000096857548,9.13600015337579e-05,0.00014275001012720168,7.994000043254346e-05,0.0001827200030675158,0.020500000566244125,0.023000000044703484,0.04349999874830246,0.000750000006519258,0.00925000011920929,0.0012499999720603228,0.014000000432133675,0.619710385799408,0.021711722016334534,0.4179154932498932,0.8753958344459534,0.0
61,1261,-0.2377746419432562,-0.41486498574113406,-0.11877464194325621,0.11313501425886596,0.16403337166595863,0.19391531871941986,0.5932758450508118,0.5131999254226685,-1.0,0.8860465288162231,0.3084745705127716,0.03312499821186066,-0.0586250014603138,0.013124999590218067,0.017999999225139618,0.00019414001144468784,0.0001541700039524585,0.00023982000129763037,0.0007651399937458336,0.030500000342726707,0.08799999952316284,0.1185000017285347,0.003000000026077032,0.010250000283122063,0.01575000025331974,0.03750000149011612,0.6131910085678101,-0.8107765316963196,-0.7054990530014038,-0.9966245293617249,0.0
62,1262,-0.24899876290868223,-0.41058001649069387,-0.12999876290868223,0.11741998350930616,0.1751774268709114,0.17346589514117178,0.609826385974884,0.5002288222312927,-1.0,0.8860465288162231,0.3084745705127716,0.044874999672174454,-0.07012499868869781,0.00787500012665987,0.017124999314546585,0.00017130000924225897,9.13600015337579e-05,1.7129999832832254e-05,6.28100024187006e-05,0.023000000044703484,0.007000000216066837,0.029999999329447746,0.0022499999031424522,0.003000000026077032,0.0,0.0020000000949949026,-0.12314719706773758,-0.49107789993286133,-0.9650088548660278,0.5627925395965576,-0.13980107
63,1263,-0.24519875413770903,-0.41153321827105677,-0.12619875413770903,0.11646678172894326,0.17172838085828226,0.17955318699180686,0.583723783493042,0.5074914693832397,-1.0,0.8860465288162231,0.3084745705127716,0.04374999925494194,-0.07850000262260437,0.008750000037252903,0.021375000476837158,3.997000021627173e-05,7.994000043254346e-05,0.00010278000263497233,0.00019414001144468784,0.010499999858438969,0.026000000536441803,0.0364999994635582,0.0,0.001500000013038516,0.005750000011175871,0.014499999582767487,0.10649915039539337,0.8619521260261536,-0.0077522629871964455,0.5416959524154663,0.0
64,1264,-0.25118211122225065,-0.408404812791094,-0.13218211122225065,0.11959518720890605,0.17825576941772384,0.16820737358976762,0.5925610661506653,0.5058758854866028,-1.0,0.8860465288162231,0.3084745705127716,0.04450000077486038,-0.07150000333786011,0.008500000461935997,0.023874999955296516,0.0001827200030675158,0.000308340007904917,0.00010278000263497233,0.0005367400008253753,0.0430000014603138,0.0560000017285347,0.0989999994635582,0.0022499999031424522,0.019750000908970833,0.006000000052154064,0.029750000685453415,-0.7712886929512024,-0.5781940221786499,-0.4475213587284088,-0.1448201835155487,0.0
65,1265,-0.24303372333947876,-0.4170492751724594,-0.12403372333947876,0.11095072482754065,0.1664164290724056,0.18934883245451062,0.5786462426185608,0.5111782550811768,-1.0,0.8860465288162231,0.3084745705127716,0.03112499974668026,-0.07275000214576721,0.0022499999031424522,0.02787500061094761,9.13600015337579e-05,6.851999933132902e-05,7.423000351991504e-05,0.00022269001055974513,0.014000000432133675,0.026000000536441803,0.03999999910593033,0.0002500000118743628,0.000750000006519258,0.0017500000540167093,0.016499999910593033,0.9450277090072632,-0.7824401259422302,-0.6282964944839478,-0.3066299855709076,0.0
66,1266,-0.24577218745707347,-0.41186558343940355,-0.12677218745707347,0.11613441656059648,0.17192553685395756,0.17919953585499132,0.5975959897041321,0.49652665853500366,-1.0,0.8860465288162231,0.3084745705127716,0.048374999314546585,-0.08775000274181366,-0.008500000461935997,0.02837499976158142,9.707000572234392e-05,7.994000043254346e-05,0.0,7.994000043254346e-05,0.01549999974668026,0.007000000216066837,0.02250000089406967,0.0010000000474974513,0.001500000013038516,-0.0002500000118743628,0.0042500002309679985,-0.9720829129219055,0.9461463689804077,-0.32981204986572266,0.1027805358171463,-0.06357745
67,1267,-0.2551953343383447,-0.40754242477605407,-0.1361953343383447,0.12045757522394596,0.18182188131346044,0.16231460624957805,0.5912274718284607,0.5053125619888306,-1.0,0.8860465288162231,0.3084745705127716,0.030375000089406967,-0.07225000113248825,-0.005499999970197678,0.029750000685453415,9.707000572234392e-05,9.707000572234392e-05,7.423000351991504e-05,9.13600015337579e-05,0.017000000923871994,0.014499999582767487,0.03150000050663948,0.000750000006519258,0.005750000011175871,0.0012499999720603228,0.005249999929219484,-0.2609264850616455,-0.7260353565216064,0.2194330245256424,0.5494872331619263,0.0
68,1268,-0.25429497026876685,-0.4098585979397468,-0.13529497026876686,0.1181414020602532,0.17961659127371532,0.16593387510316637,0.5693131685256958,0.5126399397850037,-1.0,0.8860465288162231,0.3084745705127716,0.025875000283122063,-0.0832500010728836,-0.004749999847263098,0.0338749997317791,0.0,7.423000351991504e-05,0.00011420000373618677,0.0002512400096748024,0.006500000134110451,0.03200000151991844,0.03849999979138374,0.0,0.000750000006519258,0.00774999987334013,0.017500000074505806,0.1790040284395218,-0.6734186410903931,0.9601320624351501,-0.9280422329902649,-0.0025195172
69,1269,-0.25014752818087715,-0.41204510010738943,-0.13114752818087716,0.1159548998926106,0.1750577417798462,0.17367363224611235,0.5714070200920105,0.5087142586708069,-1.0,0.8860465288162231,0.3084745705127716,0.029625000432133675,-0.09587500244379044,0.010625000111758709,0.023125000298023224,0.0,7.423000351991504e-05,0.00019985000835731626,8.565000462112948e-05,0.006500000134110451,0.02500000037252903,0.03150000050663948,0.0,0.000750000006519258,0.013000000268220901,0.0042500002309679985,-0.2889236509799957,-0.002539130160585046,0.6518189907073975,-0.17329339683055878,-0.058670845
70,1270,-0.2500172903461409,-0.4092503162859876,-0.1310172903461409,0.1187496837140124,0.17682482221629114,0.17063163588543712,0.5810522437095642,0.5050082802772522,-1.0,0.8860465288162231,0.3084745705127716,0.033250000327825546,-0.09587500244379044,0.018124999478459358,0.0182499997317791,8.565000462112948e-05,7.423000351991504e-05,0.0003825699968729168,0.00010848999954760075,0.014000000432133675,0.0430000014603138,0.05700000002980232,0.0002500000118743628,0.000750000006519258,0.02225000038743019,0.00774999987334013,-0.9037927985191345,0.8042849898338318,-0.9340252876281738,0.7042158842086792,0.0
71,1271,-0.25525605332671036,-0.40944753581828597,-0.13625605332671037,0.11855246418171406,0.1806111813585414,0.16429169326007484,0.5813551545143127,0.5097452402114868,-1.0,0.8860465288162231,0.3084745705127716,0.016499999910593033,-0.08262500166893005,0.009624999947845936,0.023499999195337296,2.8550000934046693e-05,9.13600015337579e-05,9.13600015337579e-05,0.00037115000304766,0.010499999858438969,0.04050000011920929,0.050999999046325684,0.0,0.0042500002309679985,0.0042500002309679985,0.023499999195337296,0.541391134262085,-0.3965970277786255,-0.8238844871520996,0.9539623856544495,0.0
72,1272,-0.24217749242276,-0.41684045679197784,-0.12317749242276,0.11115954320802218,0.16591907270044406,0.1902929167234941,0.5691719651222229,0.5094109773635864,-1.0,0.8860465288162231,0.3084745705127716,0.026374999433755875,-0.0885000005364418,-0.006624999921768904,0.04012500122189522,9.13600015337579e-05,7.423000351991504e-05,0.00010848999954760075,0.00042254000436514616,0.014499999582767487,0.04650000110268593,0.061000000685453415,0.0005000000237487257,0.0012499999720603228,0.006000000052154064,0.026000000536441803,0.14726659655570984,0.31549352407455444,-0.9335370659828186,-0.8595368266105652,0.0
73,1273,-0.23721620978769486,-0.4162561619680187,-0.11821620978769487,0.11174383803198135,0.16267070293905403,0.19657582791942638,0.5995872020721436,0.49688059091567993,-1.0,0.8860465288162231,0.3084745705127716,0.028750000521540642,-0.08487500250339508,-0.021124999970197678,0.03700000047683716,0.00011420000373618677,0.00010278000263497233,0.0,6.28100024187006e-05,0.01899999938905239,0.005499999970197678,0.02449999935925007,0.0012499999720603228,0.005750000011175871,0.0,0.0002500000118743628,0.16346722841262817,0.7292988300323486,-0.8668047189712524,-0.6136165857315063,-0.12801658
74,1274,-0.24353468811840212,-0.41295701615154995,-0.12453468811840213,0.11504298384845008,0.16953989700805658,0.1835259930389765,0.611125111579895,0.49787092208862305,-1.0,0.8860465288162231,0.3084745705127716,0.03150000050663948,-0.07249999791383743,-0.017374999821186066,0.02525000087916851,0.00013133000175002962,0.0001256200048374012,0.0,6.851999933132902e-05,0.02250000089406967,0.006000000052154064,0.02850000001490116,0.0017500000540167093,0.008249999955296516,0.0,0.000750000006519258,0.08697795867919922,0.2977558374404907,0.40999746322631836,0.6515963077545166,0.0
75,1275,-0.23781239670272242,-0.41106210995236214,-0.11881239670272242,0.11693789004763788,0.16670589593364277,0.1888015228545392,0.5964309573173523,0.5034626722335815,-1.0,0.8860465288162231,0.3084745705127716,0.032625000923871994,-0.06962499767541885,-0.009999999776482582,0.03375000134110451,0.00019985000835731626,0.00019414001144468784,7.423000351991504e-05,0.00011420000373618677,0.03449999913573265,0.016499999910593033,0.050999999046325684,0.002749999985098839,0.013500000350177288,0.0005000000237487257,0.00800000037997961,-0.5321063995361328,0.8053187131881714,-0.8156524896621704,-0.9826031923294067,0.0
76,1276,-0.24504009639096436,-0.4095440779229392,-0.12604009639096436,0.11845592207706085,0.17296794897717407,0.17734124054348763,0.6097385883331299,0.5066744089126587,-1.0,0.8860465288162231,0.3084745705127716,0.023749999701976776,-0.054375000298023224,-0.02500000037252903,0.01850000023841858,9.707000572234392e-05,0.0001884299999801442,1.1420000191719737e-05,6.851999933132902e-05,0.02500000037252903,0.007000000216066837,0.03200000151991844,0.000750000006519258,0.013000000268220901,0.0,0.0017500000540167093,-0.7344455718994141,-0.6883097290992737,-0.7812334299087524,0.8749704360961914,-0.117748015
77,1277,-0.2510297506089318,-0.4049183531852961,-0.1320297506089318,0.1230816468147039,0.18050193026246628,0.16447128181909365,0.592930018901825,0.5092473030090332,-1.0,0.8860465288162231,0.3084745705127716,0.010250000283122063,-0.061124999076128006,-0.021250000223517418,0.03437500074505806,9.707000572234392e-05,7.994000043254346e-05,0.0,7.423000351991504e-05,0.01549999974668026,0.006500000134110451,0.02199999988079071,0.0002500000118743628,0.000750000006519258,0.0,0.002749999985098839,-0.5046103000640869,-0.7619888186454773,0.15369980037212372,-0.9395495653152466,-0.0055560246
78,1278,-0.24928037941790016,-0.40686383442719415,-0.13028037941790016,0.12113616557280588,0.1778958905398162,0.16881380695669118,0.5790005922317505,0.5170875191688538,-1.0,0.8860465288162231,0.3084745705127716,0.0010000000474974513,-0.07500000298023224,-0.017500000074505806,0.018124999478459358,0.0,0.0,0.0,6.28100024187006e-05,0.0,0.005499999970197678,0.005499999970197678,0.0,0.0,0.0,0.0002500000118743628,-0.815025269985199,0.5573099851608276,-0.6698601245880127,0.944438099861145,-0.22618625
79,1279,-0.2572437429560627,-0.40739183639216453,-0.13824374295606273,0.1206081636078355,0.18346024527225607,0.15967696829582528,0.5830689072608948,0.5137901306152344,-1.0,0.8860465288162231,0.3084745705127716,0.0044999998062849045,-0.0663750022649765,-0.014499999582767487,0.0338749997317791,9.707000572234392e-05,8.565000462112948e-05,8.565000462112948e-05,7.994000043254346e-05,0.01600000075995922,0.014499999582767487,0.030500000342726707,0.0005000000237487257,0.0035000001080334187,0.001500000013038516,0.004000000189989805,0.7494626045227051,-0.9961174726486206,-0.6602305173873901,0.8402965068817139,0.0
80,1280,-0.2467370852374381,-0.40990687535165915,-0.1277370852374381,0.11809312464834087,0.17396191834469146,0.1755872544196654,0.564549446105957,0.5128951668739319,-1.0,0.8860465288162231,0.3084745705127716,0.01850000023841858,-0.08375000208616257,-0.026624999940395355,0.048875000327825546,9.13600015337579e-05,7.423000351991504e-05,7.423000351991504e-05,9.13600015337579e-05,0.014499999582767487,0.014499999582767487,0.028999999165534973,0.0005000000237487257,0.0010000000474974513,0.0010000000474974513,0.005499999970197678,-0.9390842914581299,0.8316324949264526,-0.9378019571304321,-0.6680158376693726,0.0
81,1281,-0.24907331369288577,-0.40509060425890264,-0.13007331369288577,0.12290939574109738,0.17895749913454187,0.1670311442654605,0.5889835357666016,0.5086324214935303,-1.0,0.8860465288162231,0.3084745705127716,0.0011249999515712261,-0.06862500309944153,-0.04349999874830246,0.039124999195337296,8.565000462112948e-05,7.423000351991504e-05,0.0,0.0,0.014000000432133675,0.0,0.014000000432133675,0.0002500000118743628,0.0017500000540167093,-0.0002500000118743628,0.0,-0.7544912099838257,0.7607194781303406,-0.4182892441749573,0.07064623385667801,-0.089717165
82,1282,-0.2457210897004335,-0.4079205845371995,-0.1267210897004335,0.12007941546280054,0.17457749165557734,0.1745097060967152,0.5835504531860352,0.5167955756187439,-1.0,0.8860465288162231,0.3084745705127716,-0.013000000268220901,-0.055125001817941666,-0.03974999859929085,0.041749998927116394,9.707000572234392e-05,9.13600015337579e-05,0.0,6.851999933132902e-05,0.016499999910593033,0.006000000052154064,0.02250000089406967,0.0002500000118743628,0.0032500000670552254,-0.0002500000118743628,0.0022499999031424522,0.69881272315979,0.16151028871536255,0.5511555671691895,-0.21286463737487793,0.0
83,1283,-0.2542441047313571,-0.4061154869807239,-0.13524410473135712,0.12188451301927611,0.18206263311984802,0.16192430092508298,0.5913463234901428,0.5119990110397339,-1.0,0.8860465288162231,0.3084745705127716,-0.000375000003259629,-0.05350000038743019,-0.029625000432133675,0.038874998688697815,0.00010848999954760075,0.00010278000263497233,0.0,6.28100024187006e-05,0.01850000023841858,0.005499999970197678,0.024000000208616257,0.0010000000474974513,0.006000000052154064,0.0,0.0002500000118743628,0.45836910605430603,-0.9659905433654785,0.06676454842090607,0.7015083432197571,-0.015988255
84,1284,-0.2625881607609765,-0.4040383035629798,-0.14358816076097652,0.12396169643702021,0.18969465489112755,0.1500260176523241,0.5715253353118896,0.5150585174560547,-1.0,0.8860465288162231,0.3084745705127716,0.008375000208616257,-0.06912499666213989,-0.027499999850988388,0.04774999991059303,0.00010278000263497233,7.994000043254346e-05,8.565000462112948e-05,0.00011991000064881518,0.01600000075995922,0.017999999225139618,0.03400000184774399,0.0005000000237487257,0.0012499999720603228,0.0032500000670552254,0.008750000037252903,-0.46408453583717346,-0.7740179896354675,-0.2608148753643036,0.6329997777938843,0.0
85,1285,-0.25004996713473443,-0.41041973883930366,-0.13104996713473444,0.11758026116069636,0.17606592998258505,0.17193147205798637,0.552120566368103,0.5185791254043579,-1.0,0.8860465288162231,0.3084745705127716,0.0,-0.0833749994635582,-0.03175000101327896,0.05624999850988388,0.0,7.423000351991504e-05,7.994000043254346e-05,0.00020556000526994467,0.006500000134110451,0.02500000037252903,0.03150000050663948,0.0,0.000750000006519258,0.0020000000949949026,0.015250000171363354,0.5501193404197693,0.8508647680282593,-0.7253404855728149,-0.6931981444358826,0.0
86,1286,-0.25078922416338606,-0.4088720139851645,-0.13178922416338607,0.11912798601483554,0.17765099678171825,0.16922772805934033,0.5812791585922241,0.507763147354126,-1.0,0.8860465288162231,0.3084745705127716,0.009750000201165676,-0.06987500190734863,-0.0442500002682209,0.05087500065565109,0.00011991000064881518,9.707000572234392e-05,0.0,6.28100024187006e-05,0.01899999938905239,0.005499999970197678,0.02449999935925007,0.0010000000474974513,0.005499999970197678,0.0,0.0002500000118743628,0.32722771167755127,0.948798418045044,0.08015435934066772,0.7071018218994141,-0.014381478
87,1287,-0.2518289396662026,-0.40823687986311263,-0.13282893966620263,0.11976312013688739,0.17884834960874035,0.1672135575008478,0.5795599222183228,0.5103864073753357,-1.0,0.8860465288162231,0.3084745705127716,0.014750000089406967,-0.05925000086426735,-0.04112499952316284,0.058375000953674316,0.00022840000747237355,0.0003026300109922886,7.994000043254346e-05,0.0001598800008650869,0.04650000110268593,0.020999999716877937,0.06750000268220901,0.0032500000670552254,0.019750000908970833,0.0012499999720603228,0.011749999597668648,0.40892550349235535,-0.015527963638305664,-0.9562726020812988,-0.027648717164993286,0.0
88,1288,-0.24508665654432554,-0.41208904611607927,-0.12608665654432555,0.11591095388392075,0.17126936150055302,0.18037926535687487,0.5771420001983643,0.511462926864624,-1.0,0.8860465288162231,0.3084745705127716,0.02162499912083149,-0.05925000086426735,-0.058375000953674316,0.058375000953674316,0.0003768599999602884,0.0002969200140796602,3.997000021627173e-05,0.0001484600070398301,0.05900000035762787,0.016499999910593033,0.0754999965429306,0.004749999847263098,0.01924999989569187,0.0,0.01075000036507845,0.3430512249469757,-0.7773743867874146,-0.3116031289100647,-0.9120040535926819,-0.061392378
89,1289,-0.24070118634410004,-0.41177597673684657,-0.12170118634410004,0.11622402326315345,0.1682831017691182,0.1858470941739059,0.5928217172622681,0.5049338340759277,-1.0,0.8860465288162231,0.3084745705127716,0.029124999418854713,-0.06537500023841858,-0.054625000804662704,0.04612499848008156,0.00017701000615488738,8.565000462112948e-05,0.0,6.851999933132902e-05,0.023000000044703484,0.006000000052154064,0.028999999165534973,0.0024999999441206455,0.0024999999441206455,0.0,0.0012499999720603228,-0.6127046346664429,-0.027121465653181076,0.8550461530685425,-0.9518938660621643,0.0
90,1290,-0.2404107219038359,-0.4120039900281246,-0.1214107219038359,0.11599600997187542,0.1679155672432011,0.1865314031760191,0.6030204892158508,0.5054644346237183,-1.0,0.8860465288162231,0.3084745705127716,0.01887499913573265,-0.06525000184774399,-0.03849999979138374,0.028750000521540642,9.13600015337579e-05,7.423000351991504e-05,0.0,6.28100024187006e-05,0.014499999582767487,0.005499999970197678,0.019999999552965164,0.0002500000118743628,0.0012499999720603228,-0.0002500000118743628,0.0005000000237487257,-0.8639642000198364,0.16045032441616058,0.7256242036819458,0.258284330368042,0.0
91,1291,-0.23482295877359083,-0.4140896843583082,-0.11582295877359083,0.11391031564169185,0.162451585983821,0.19700703113544116,0.6036959886550903,0.5050779581069946,-1.0,0.8860465288162231,0.3084745705127716,0.002749999985098839,-0.06237500160932541,-0.02512500062584877,0.032875001430511475,9.13600015337579e-05,7.994000043254346e-05,0.0,6.851999933132902e-05,0.014999999664723873,0.006000000052154064,0.020999999716877937,0.0002500000118743628,0.001500000013038516,0.0,0.0017500000540167093,0.317893385887146,0.0343475267291069,-0.9909279346466064,-0.7647656798362732,-0.14291136
92,1292,-0.24659266077333897,-0.40918464986321273,-0.12759266077333897,0.11881535013678729,0.17434728134200347,0.1749119082160889,0.6166908144950867,0.5015429258346558,-1.0,0.8860465288162231,0.3084745705127716,0.008624999783933163,-0.06199999898672104,-0.021375000476837158,0.019375000149011612,9.707000572234392e-05,8.565000462112948e-05,5.7100000958598685e-06,5.7100001868093386e-05,0.01600000075995922,0.005499999970197678,0.0215000007301569,0.0002500000118743628,0.0020000000949949026,0.0,0.0002500000118743628,0.7976950407028198,-0.7039803266525269,-0.17531484365463257,-0.20783646404743195,-0.045037784
93,1293,-0.23917405513067758,-0.41506954341309743,-0.12017405513067758,0.1129304565869026,0.16490934343292205,0.19222409341803517,0.5893194079399109,0.5098565220832825,-1.0,0.8860465288162231,0.3084745705127716,0.023499999195337296,-0.07437500357627869,-0.017625000327825546,0.015625,9.13600015337579e-05,7.423000351991504e-05,0.0,0.0,0.014499999582767487,0.0,0.014499999582767487,0.0002500000118743628,0.0005000000237487257,0.0,0.0,0.7893323302268982,0.13950130343437195,0.5652823448181152,-0.9220221042633057,-0.13464268
94,1294,-0.2353477856680295,-0.4152650673470195,-0.1163477856680295,0.11273493265298051,0.16200608713911271,0.1978866530811314,0.6065719723701477,0.49988213181495667,-1.0,0.8860465288162231,0.3084745705127716,0.0377499982714653,-0.07450000196695328,-0.007000000216066837,0.017124999314546585,0.00011991000064881518,0.00010278000263497233,0.0,8.565000462112948e-05,0.019500000402331352,0.007499999832361937,0.027000000700354576,0.0012499999720603228,0.005750000011175871,-0.0002500000118743628,0.0044999998062849045,0.04740329459309578,0.6127969026565552,-0.992854118347168,-0.344755083322525,-0.1431425
95,1295,-0.23001703056190342,-0.41618609474905055,-0.11101703056190343,0.11181390525094947,0.15756627330190592,0.20687040739117193,0.615470290184021,0.4995507299900055,-1.0,0.8860465288162231,0.3084745705127716,0.03812500089406967,-0.06662499904632568,-0.003375000087544322,0.012500000186264515,0.00017701000615488738,0.0001827200030675158,0.0,6.851999933132902e-05,0.03150000050663948,0.006000000052154064,0.03750000149011612,0.0022499999031424522,0.012749999761581421,0.0,0.0010000000474974513,0.6912330389022827,0.5665035247802734,-0.9043480753898621,-0.7611664533615112,-0.13252178
96,1296,-0.2350334339360119,-0.41478794290892523,-0.1160334339360119,0.11321205709107479,0.16211331734862383,0.19767457253596585,0.6278673410415649,0.497989684343338,-1.0,0.8860465288162231,0.3084745705127716,0.05012499913573265,-0.060874998569488525,0.000375000003259629,-0.002374999923631549,0.0002969200140796602,0.0003654400061350316,5.7100000958598685e-06,6.851999933132902e-05,0.057999998331069946,0.006500000134110451,0.06449999660253525,0.004000000189989805,0.02225000038743019,0.0,0.0022499999031424522,0.4420727491378784,-0.5881966352462769,-0.46777278184890747,0.8172719478607178,-0.08013274
97,1297,-0.23503149972548498,-0.416255718952636,-0.11603149972548499,0.111744281047364,0.1610903264486651,0.19970714421030913,0.6162013411521912,0.5003594160079956,-1.0,0.8860465288162231,0.3084745705127716,0.057374998927116394,-0.06424999982118607,0.004124999977648258,0.007000000216066837,0.000491060025524348,0.00011420000373618677,0.0,0.0001884299999801442,0.05299999937415123,0.016499999910593033,0.06949999928474426,0.006000000052154064,0.007000000216066837,0.0,0.014000000432133675,-0.47432151436805725,-0.876438558101654,-0.8940324187278748,-0.41262370347976685,-0.1312839
98,1298,-0.2390249623116082,-0.4142849284597314,-0.1200249623116082,0.11371507154026861,0.16533937544732463,0.1913992431082896,0.6162058115005493,0.49787166714668274,-1.0,0.8860465288162231,0.3084745705127716,0.051375001668930054,-0.07774999737739563,0.00787500012665987,0.0062500000931322575,7.994000043254346e-05,7.994000043254346e-05,0.0,5.7100000958598685e-06,0.014000000432133675,0.0005000000237487257,0.014499999582767487,0.0002500000118743628,0.0012499999720603228,0.0,0.0002500000118743628,-0.11419332027435303,0.9834557175636292,-0.3833357095718384,0.9838528633117676,-0.07000029
99,1299,-0.23299856485373716,-0.41681245324932814,-0.11399856485373716,0.11118754675067188,0.15924303231584283,0.20343060835015658,0.6069186925888062,0.5012120008468628,-1.0,0.8860465288162231,0.3084745705127716,0.048875000327825546,-0.06849999725818634,0.009875000454485416,0.017124999314546585,0.00010848999954760075,0.0003026300109922886,9.13600015337579e-05,0.00019985000835731626,0.035999998450279236,0.025499999523162842,0.061500001698732376,0.0010000000474974513,0.019500000402331352,0.0035000001080334187,0.015250000171363354,0.965394139289856,0.5803098082542419,-0.9850304126739502,-0.7161241769790649,0.0
100,1300,-0.23369624589604,-0.41542545307106965,-0.11469624589604,0.11257454692893037,0.1607117215354836,0.2004646783962023,0.6209335923194885,0.49692803621292114,-1.0,0.8860465288162231,0.3084745705127716,0.06412500143051147,-0.06612499803304672,-0.006624999921768904,0.009624999947845936,0.0005367400008253753,0.0007480100030079484,0.0,7.423000351991504e-05,0.11249999701976776,0.006500000134110451,0.11900000274181366,0.006500000134110451,0.0364999994635582,-0.0002500000118743628,0.0035000001080334187,-0.7821340560913086,-0.14730490744113922,-0.05099857226014137,-0.012509184889495373,-0.03011983
101,1301,-0.23837546432725498,-0.4129343115324126,-0.11937546432725499,0.11506568846758741,0.16580293768768878,0.19051404180357004,0.6193110346794128,0.4992789030075073,-1.0,0.8860465288162231,0.3084745705127716,0.052000001072883606,-0.061250001192092896,-0.0031250000465661287,0.009624999947845936,0.0001256200048374012,0.00033117999555543065,6.851999933132902e-05,7.423000351991504e-05,0.03999999910593033,0.012500000186264515,0.05249999836087227,0.001500000013038516,0.021250000223517418,0.0002500000118743628,0.0032500000670552254,-0.7334890365600586,-0.4251972436904907,0.10280389338731766,0.655285120010376,0.0
102,1302,-0.23191780035734294,-0.41588750874627967,-0.11291780035734295,0.11211249125372036,0.15912146408532157,0.20367806572536654,0.6084291338920593,0.5035011768341064,-1.0,0.8860465288162231,0.3084745705127716,0.038750000298023224,-0.061124999076128006,-0.0012499999720603228,0.020124999806284904,9.707000572234392e-05,0.00010278000263497233,7.994000043254346e-05,9.707000572234392e-05,0.017500000074505806,0.01549999974668026,0.032999999821186066,0.0005000000237487257,0.005249999929219484,0.0002500000118743628,0.006750000175088644,0.9207136631011963,0.2657252848148346,-0.9571697115898132,-0.9916658997535706,0.0
103,1303,-0.22590239785273286,-0.4159834506866058,-0.10690239785273287,0.11201654931339422,0.15484130581580635,0.2125850664197011,0.6234470009803772,0.49849575757980347,-1.0,0.8860465288162231,0.3084745705127716,0.05387499928474426,-0.061250001192092896,-0.01899999938905239,0.0037499999161809683,0.00037115000304766,0.00022840000747237355,0.0,6.851999933132902e-05,0.05249999836087227,0.006000000052154064,0.05849999934434891,0.004749999847263098,0.015250000171363354,0.0,0.0024999999441206455,-0.06508619338274002,0.29219430685043335,0.646809458732605,-0.9137495756149292,0.0
104,1304,-0.2280624511775987,-0.4147658748656932,-0.10906245117759872,0.1132341251343068,0.15721509263362077,0.20759817340916684,0.6374362707138062,0.4983331263065338,-1.0,0.8860465288162231,0.3084745705127716,0.05387499928474426,-0.05587499961256981,-0.006750000175088644,-0.013000000268220901,0.0001827200030675158,0.00022269001055974513,0.0,6.851999933132902e-05,0.03550000116229057,0.006000000052154064,0.04149999842047691,0.0024999999441206455,0.015250000171363354,-0.0002500000118743628,0.0017500000540167093,0.7380231618881226,0.9083142876625061,-0.9915232062339783,0.9857967495918274,-0.1429828
105,1305,-0.22839853694781054,-0.41429936970303183,-0.10939853694781054,0.1137006302969682,0.1577842616240584,0.20641994521691664,0.6324129104614258,0.5003968477249146,-1.0,0.8860465288162231,0.3084745705127716,0.06437499821186066,-0.05299999937415123,-0.0032500000670552254,-0.004749999847263098,0.0008279500179924071,0.000982120051048696,0.0,0.00034260001848451793,0.15850000083446503,0.029999999329447746,0.18850000202655792,0.008999999612569809,0.04349999874830246,0.0002500000118743628,0.02199999988079071,-0.4541013538837433,-0.23231497406959534,-0.6853755712509155,-0.10041963309049606,-0.10624508
106,1306,-0.2269870204159803,-0.4121324522486481,-0.1079870204159803,0.11586754775135194,0.15838713710473198,0.20517923371060687,0.6316313147544861,0.5011875033378601,-1.0,0.8860465288162231,0.3084745705127716,0.05950000137090683,-0.05262500047683716,0.0006249999860301614,-0.0044999998062849045,0.0001484600070398301,0.0006852000369690359,0.0,0.00025695000658743083,0.0729999989271164,0.02250000089406967,0.09549999982118607,0.0017500000540167093,0.03424999862909317,0.0,0.017750000581145287,-0.4757900536060333,0.8449368476867676,-0.9867334365844727,-0.9798806309700012,-0.14240803
107,1307,-0.22136998948208886,-0.41226979320463536,-0.10236998948208886,0.11573020679536467,0.15450920850053196,0.21329222930249597,0.6349139213562012,0.5048602223396301,-1.0,0.8860465288162231,0.3084745705127716,0.05037499964237213,-0.039250001311302185,0.0043750000186264515,-0.01575000025331974,0.00016558999777771533,0.0008279500179924071,0.0,7.994000043254346e-05,0.08699999749660492,0.007000000216066837,0.09399999678134918,0.0022499999031424522,0.039000000804662704,0.0,0.0037499999161809683,-0.01759856939315796,0.11883654445409775,-0.9698140621185303,-0.7889723777770996,-0.1403777
108,1308,-0.22414548613142632,-0.41065525561395083,-0.10514548613142632,0.1173447443860492,0.15756066225057952,0.2068820153215702,0.6479767560958862,0.5046274662017822,-1.0,0.8860465288162231,0.3084745705127716,0.05050000175833702,-0.03500000014901161,0.00800000037997961,-0.030124999582767487,0.00011991000064881518,0.0007023300277069211,7.423000351991504e-05,7.423000351991504e-05,0.07199999690055847,0.013000000268220901,0.08500000089406967,0.001500000013038516,0.03474999964237213,0.0002500000118743628,0.003000000026077032,0.34283894300460815,0.8762995004653931,-0.7328863143920898,0.9503894448280334,0.0
109,1309,-0.22150435259926338,-0.40789950512384676,-0.10250435259926338,0.12010049487615326,0.15789639378811357,0.20618861178913192,0.6415221095085144,0.5073639750480652,-1.0,0.8860465288162231,0.3084745705127716,0.05287500098347664,-0.03200000151991844,-0.005249999929219484,-0.023125000298023224,0.0008793400484137237,0.0016501900972798467,-5.7100001868093386e-05,0.0003882800228893757,0.2214999943971634,0.039000000804662704,0.2605000138282776,0.009499999694526196,0.061500001698732376,-0.0005000000237487257,0.02449999935925007,-0.8395544290542603,0.8807390928268433,0.5077391266822815,-0.6186621189117432,0.0
110,1310,-0.2200290699306951,-0.4088379416545518,-0.1010290699306951,0.11916205834544824,0.15622569929491528,0.2096623303856453,0.6476643085479736,0.5120347142219543,-1.0,0.8860465288162231,0.3084745705127716,0.0403750017285347,-0.017625000327825546,0.003874999936670065,-0.02437499910593033,0.0002512400096748024,0.0018043600721284747,6.851999933132902e-05,8.565000462112948e-05,0.18000000715255737,0.013500000350177288,0.19349999725818634,0.0032500000670552254,0.06575000286102295,0.0002500000118743628,0.004000000189989805,0.36283591389656067,-0.29079127311706543,-0.938392698764801,-0.7037334442138672,0.0
111,1311,-0.21382009423089188,-0.40909378191069523,-0.09482009423089188,0.1189062180893048,0.15208398656747701,0.21852827546098677,0.6510952115058899,0.510444164276123,-1.0,0.8860465288162231,0.3084745705127716,0.04324999824166298,-0.017500000074505806,-0.013500000350177288,-0.03787500038743019,0.0011534200748428702,0.0013532700249925256,0.0,8.565000462112948e-05,0.21950000524520874,0.007499999832361937,0.22699999809265137,0.010999999940395355,0.054749999195337296,0.0,0.004749999847263098,-0.8189103603363037,-0.8879706859588623,-0.97178053855896,-0.7715831995010376,-0.14061368
112,1312,-0.21093184277902405,-0.41094944108665143,-0.09193184277902405,0.11705055891334859,0.14883647758084873,0.22574149184071582,0.6655346751213074,0.5100105404853821,-1.0,0.8860465288162231,0.3084745705127716,0.032875001430511475,-0.016750000417232513,-0.009624999947845936,-0.05050000175833702,0.00011991000064881518,0.0003197600017301738,0.0,6.28100024187006e-05,0.03849999979138374,0.005499999970197678,0.04399999976158142,0.0012499999720603228,0.019999999552965164,-0.0002500000118743628,0.0012499999720603228,-0.011833325028419495,-0.7942237854003906,-0.2566555142402649,-0.9108511209487915,-0.054798663
113,1313,-0.21701000332624365,-0.4119502658501088,-0.09801000332624366,0.11604973414989123,0.15189964301561318,0.21893148978141289,0.6722515225410461,0.506865382194519,-1.0,0.8860465288162231,0.3084745705127716,0.032875001430511475,-0.02250000089406967,-0.006000000052154064,-0.06724999845027924,0.00010848999954760075,7.423000351991504e-05,7.423000351991504e-05,6.28100024187006e-05,0.01600000075995922,0.012000000104308128,0.02800000086426735,0.0010000000474974513,0.0017500000540167093,0.0,0.000750000006519258,0.2736864686012268,-0.9084330201148987,0.8683147430419922,0.378167062997818,0.0
114,1314,-0.21764511929139957,-0.4111749174074519,-0.09864511929139957,0.11682508259254815,0.15290179685919375,0.21674841658841326,0.6581162810325623,0.5051690340042114,-1.0,0.8860465288162231,0.3084745705127716,0.03787500038743019,-0.039250001311302185,0.010250000283122063,-0.061250001192092896,0.00011420000373618677,7.994000043254346e-05,0.0,6.851999933132902e-05,0.017000000923871994,0.006000000052154064,0.023000000044703484,0.0012499999720603228,0.0012499999720603228,0.0,0.002749999985098839,0.26458486914634705,0.8140963912010193,0.9346240758895874,0.7955862879753113,0.0
115,1315,-0.21805687545231617,-0.41218523234302373,-0.09905687545231617,0.11581476765697629,0.15239857276830082,0.21784189585531055,0.6566392779350281,0.5064831972122192,-1.0,0.8860465288162231,0.3084745705127716,0.041875001043081284,-0.032875001430511475,0.02775000035762787,-0.04924999922513962,0.00022269001055974513,0.0002969200140796602,0.0,0.00011420000373618677,0.045499999076128006,0.009999999776482582,0.05550000071525574,0.003000000026077032,0.01899999938905239,0.0,0.008500000461935997,0.853848397731781,0.14710427820682526,0.753849446773529,-0.14201687276363373,0.0
116,1316,-0.2179678237525992,-0.4147529091493048,-0.09896782375259922,0.11324709085069523,0.1503979179525806,0.2222440493497645,0.6556816697120667,0.504770815372467,-1.0,0.8860465288162231,0.3084745705127716,0.05562499910593033,-0.03312499821186066,0.041875001043081284,-0.04937500134110451,0.0006680700462311506,0.00042254000436514616,0.0,7.994000043254346e-05,0.09549999982118607,0.007000000216066837,0.10249999910593033,0.007499999832361937,0.02500000037252903,0.0,0.0035000001080334187,0.535912275314331,-0.7498380541801453,-0.24680973589420319,0.6408735513687134,-0.053617172
117,1317,-0.21722441132004294,-0.4154785443724311,-0.09822441132004295,0.11252145562756893,0.14936235454663918,0.22455748527041394,0.6558887958526611,0.5004187822341919,-1.0,0.8860465288162231,0.3084745705127716,0.06525000184774399,-0.04125000163912773,0.04574999958276749,-0.0442500002682209,0.0007537199999205768,0.0001884299999801442,0.0,0.00023411000438500196,0.08250000327825546,0.020500000566244125,0.10300000011920929,0.008249999955296516,0.013249999843537807,-0.0002500000118743628,0.017249999567866325,-0.6324117183685303,-0.7221053838729858,-0.5400874018669128,-0.07730557769536972,-0.08881049
118,1318,-0.21655032115743367,-0.4142359814302983,-0.09755032115743367,0.11376401856970175,0.1498609925198879,0.2234405434394383,0.6576176285743713,0.4991888999938965,-1.0,0.8860465288162231,0.3084745705127716,0.0572500005364418,-0.0494999997317791,0.04937500134110451,-0.04012500122189522,9.707000572234392e-05,8.565000462112948e-05,7.423000351991504e-05,9.13600015337579e-05,0.01600000075995922,0.014499999582767487,0.030500000342726707,0.000750000006519258,0.002749999985098839,0.0,0.0062500000931322575,-0.6210708618164062,0.8179090619087219,-0.6909877061843872,-0.7642037868499756,0.0
119,1319,-0.21513693438586212,-0.4142980262763322,-0.09613693438586213,0.1137019737236678,0.14889744451053954,0.22560390612925596,0.6591852903366089,0.5012949705123901,-1.0,0.8860465288162231,0.3084745705127716,0.045625001192092896,-0.038750000298023224,0.0364999994635582,-0.051624998450279236,9.707000572234392e-05,0.00017130000924225897,0.0,6.851999933132902e-05,0.023499999195337296,0.006000000052154064,0.029500000178813934,0.000750000006519258,0.011749999597668648,0.0,0.000750000006519258,0.8251477479934692,0.9318935871124268,-0.5558326244354248,0.2189151644706726,-0.09069992
120,1320,-0.21694452151657828,-0.41397063476284435,-0.09794452151657829,0.11402936523715568,0.15031907873420497,0.22241933390856702,0.6624722480773926,0.5011897683143616,-1.0,0.8860465288162231,0.3084745705127716,0.057750001549720764,-0.03424999862909317,0.04024999961256981,-0.051624998450279236,0.0006281000096350908,0.0007822700426913798,0.0,0.00011991000064881518,0.12349999696016312,0.010499999858438969,0.1340000033378601,0.007249999791383743,0.03750000149011612,0.0,0.008750000037252903,0.34769150614738464,0.27767324447631836,-0.9701027274131775,-0.2205907553434372,-0.14041233
121,1321,-0.21639705920321106,-0.4113250269914135,-0.09739705920321107,0.11667497300858654,0.15198432967904354,0.21874616249234355,0.6582685708999634,0.5017446875572205,-1.0,0.8860465288162231,0.3084745705127716,0.06312499940395355,-0.03424999862909317,0.04399999976158142,-0.051874998956918716,0.0008964700391516089,0.0011248700320720673,6.851999933132902e-05,6.851999933132902e-05,0.1770000010728836,0.012000000104308128,0.1889999955892563,0.009499999694526196,0.04774999991059303,0.0,0.0010000000474974513,-0.9441741704940796,0.032391417771577835,-0.8066821098327637,0.07051721960306168,0.0
122,1322,-0.21413775425883336,-0.4117660489204536,-0.09513775425883336,0.11623395107954643,0.15020493889675052,0.22267334791276602,0.6595417261123657,0.5062287449836731,-1.0,0.8860465288162231,0.3084745705127716,0.04924999922513962,-0.026249999180436134,0.028875000774860382,-0.051750000566244125,0.0001541700039524585,0.0006223900127224624,0.0,8.565000462112948e-05,0.06800000369548798,0.007499999832361937,0.0754999965429306,0.0020000000949949026,0.032749999314546585,0.0,0.0032500000670552254,0.022036384791135788,0.5914674401283264,0.9061596393585205,0.20603510737419128,0.0
123,1323,-0.21820234894520157,-0.4079006730706334,-0.09920234894520158,0.12009932692936665,0.1557721231964578,0.21061546857315985,0.6647959351539612,0.5054813027381897,-1.0,0.8860465288162231,0.3084745705127716,0.04924999922513962,-0.023874999955296516,0.04574999958276749,-0.051750000566244125,0.0001884299999801442,0.0011819700011983514,7.423000351991504e-05,0.0001484600070398301,0.11999999731779099,0.019500000402331352,0.13950000703334808,0.002749999985098839,0.05000000074505806,0.0,0.01075000036507845,-0.4303976893424988,0.8002561330795288,0.6194249391555786,0.6938050389289856,0.0
124,1324,-0.2211179708984039,-0.407139830781787,-0.10211797089840391,0.12086016921821302,0.15822534715987308,0.20551146176301058,0.6553433537483215,0.5120327472686768,-1.0,0.8860465288162231,0.3084745705127716,0.04125000163912773,-0.01425000000745058,0.0572500005364418,-0.04374999925494194,0.00021127000218257308,0.001850040047429502,2.8550000934046693e-05,0.0003026300109922886,0.18050000071525574,0.028999999165534973,0.2094999998807907,0.002749999985098839,0.060750000178813934,0.0,0.020749999210238457,-0.05734105780720711,-0.8096438646316528,-0.44363367557525635,0.280748575925827,-0.07723604
125,1325,-0.22368786915295213,-0.4068869883638845,-0.10468786915295214,0.12111301163611554,0.16008719978610247,0.20172054139957377,0.6485628485679626,0.5133222937583923,-1.0,0.8860465288162231,0.3084745705127716,0.04062499850988388,-0.01425000000745058,0.0598750002682209,-0.04087499901652336,0.00017130000924225897,0.0005538699915632606,7.994000043254346e-05,0.0003997000167146325,0.06350000202655792,0.041999999433755875,0.1054999977350235,0.0020000000949949026,0.030500000342726707,0.0022499999031424522,0.025499999523162842,-0.04083700105547905,0.29846662282943726,-0.8865447640419006,0.4438995122909546,0.0
126,1326,-0.22394090833386904,-0.40680436294113775,-0.10494090833386904,0.12119563705886227,0.16031524158370275,0.2012610583566535,0.642586350440979,0.5137508511543274,-1.0,0.8860465288162231,0.3084745705127716,0.039500001817941666,-0.01425000000745058,0.04462499916553497,-0.03212499991059303,0.00019985000835731626,0.0008964700391516089,0.0,0.0003768599999602884,0.09600000083446503,0.032999999821186066,0.1289999932050705,0.002749999985098839,0.04149999842047691,-0.0002500000118743628,0.02449999935925007,0.1715271770954132,0.11699480563402176,-0.26833847165107727,-0.36307549476623535,-0.056200624
127,1327,-0.2208718104200894,-0.4073557714472701,-0.10187181042008941,0.12064422855272994,0.15790153780552607,0.20617800568383118,0.6419978737831116,0.5138909220695496,-1.0,0.8860465288162231,0.3084745705127716,0.03962500020861626,-0.01425000000745058,0.048124998807907104,-0.03212499991059303,0.0008393700118176639,0.0010449300752952695,7.423000351991504e-05,0.0001484600070398301,0.16500000655651093,0.019500000402331352,0.18449999392032623,0.008750000037252903,0.04574999958276749,0.0002500000118743628,0.010999999940395355,0.6005724668502808,0.7587502002716064,-0.8738544583320618,0.6815056204795837,-0.045525014
128,1328,-0.2280975650545503,-0.4062701195992935,-0.10909756505455032,0.12172988040070654,0.16346388739780465,0.1950227863870952,0.6491353511810303,0.5129563212394714,-1.0,0.8860465288162231,0.3084745705127716,0.04650000110268593,-0.014499999582767487,0.03187499940395355,-0.03162499889731407,0.002004210138693452,0.0015588300302624702,0.0,0.0006223900127224624,0.31200000643730164,0.054499998688697815,0.36649999022483826,0.017500000074505806,0.06024999916553497,0.0,0.03550000116229057,-0.48229601979255676,0.21509942412376404,0.4818095266819,0.9088864922523499,0.0
129,1329,-0.2245754116276869,-0.40713556627109504,-0.10557541162768691,0.12086443372890499,0.16048170886728616,0.20092630324606991,0.6323312520980835,0.5147964358329773,-1.0,0.8860465288162231,0.3084745705127716,0.04412499815225601,-0.014624999836087227,0.03849999979138374,-0.016625000163912773,0.00033117999555543065,0.0019242700655013323,9.707000572234392e-05,0.0008279500179924071,0.19750000536441803,0.08100000023841858,0.2784999907016754,0.0042500002309679985,0.06849999725818634,0.004749999847263098,0.039500001817941666,0.8434693813323975,-0.14359164237976074,-0.06340480595827103,-0.21934592723846436,0.0
130,1330,-0.2259062315819378,-0.4070786880423659,-0.1069062315819378,0.12092131195763411,0.16140293069398207,0.1990838259665485,0.640522301197052,0.5133295655250549,-1.0,0.8860465288162231,0.3084745705127716,0.0507499985396862,-0.014875000342726707,0.038624998182058334,-0.016625000163912773,0.0027122499886900187,0.0016730300849303603,7.423000351991504e-05,0.0006338100065477192,0.3840000033378601,0.06199999898672104,0.44600000977516174,0.02250000089406967,0.0637499988079071,0.0022499999031424522,0.03150000050663948,-0.5201877951622009,0.4955790042877197,-0.9398292303085327,0.1487739235162735,0.0
131,1331,-0.22671929105606314,-0.4061046146631812,-0.10771929105606315,0.12189538533681882,0.16267123480207676,0.19657478240806636,0.6374273896217346,0.5134259462356567,-1.0,0.8860465288162231,0.3084745705127716,0.04937500134110451,-0.014875000342726707,0.02225000038743019,-0.016625000163912773,0.00048534999950788915,0.0025124000385403633,0.0,0.0007137500215321779,0.26249998807907104,0.0625,0.32499998807907104,0.005750000011175871,0.08224999904632568,0.0,0.03700000047683716,-0.9430230855941772,-0.23435255885124207,-0.8039167523384094,-0.7490052580833435,-0.15234771
132,1332,-0.22724229540700197,-0.4049243892348259,-0.10824229540700198,0.12307561076517415,0.16390241145327097,0.19416943699384615,0.6355365514755249,0.5150769352912903,-1.0,0.8860465288162231,0.3084745705127716,0.033250000327825546,-0.011250000447034836,0.025624999776482582,-0.016249999403953552,0.0001884299999801442,0.0013989500002935529,7.423000351991504e-05,0.00010278000263497233,0.13899999856948853,0.01549999974668026,0.15449999272823334,0.002749999985098839,0.05624999850988388,0.000750000006519258,0.008249999955296516,0.90169757604599,-0.231134295463562,0.869024395942688,0.34123483300209045,0.0
133,1333,-0.22597064328902455,-0.40589644588590007,-0.10697064328902456,0.12210355411409995,0.1623329801764345,0.19724083153834743,0.6343202590942383,0.5170773267745972,-1.0,0.8860465288162231,0.3084745705127716,0.04312499985098839,-0.011500000022351742,0.03837500140070915,-0.016625000163912773,0.001947110053151846,0.0010906100505962968,0.00011991000064881518,0.00032546999864280224,0.26600000262260437,0.039000000804662704,0.3050000071525574,0.016750000417232513,0.048250000923871994,0.00774999987334013,0.02174999937415123,-0.023860633373260498,0.6552536487579346,-0.9121821522712708,0.12711016833782196,0.0
134,1334,-0.2260509683575211,-0.4054894416866247,-0.10705096835752109,0.12251055831337532,0.16269218396880017,0.19653360594237737,0.6372776031494141,0.5154297351837158,-1.0,0.8860465288162231,0.3084745705127716,0.04312499985098839,-0.011500000022351742,0.025499999523162842,-0.016499999910593033,0.0017929400783032179,0.0020670201629400253,-7.423000351991504e-05,0.00042825000127777457,0.33799999952316284,0.04399999976158142,0.38199999928474426,0.01600000075995922,0.07275000214576721,-0.0005000000237487257,0.026249999180436134,-0.8153693675994873,-0.8715317249298096,-0.23360338807106018,-0.7240579128265381,0.0
135,1335,-0.22663853593909505,-0.40590002027222616,-0.10763853593909506,0.12209997972777387,0.16277118746459598,0.19637839884086006,0.6370907425880432,0.5161195993423462,-1.0,0.8860465288162231,0.3084745705127716,0.03449999913573265,-0.011125000193715096,0.020874999463558197,-0.018124999478459358,0.00019985000835731626,0.0008051100303418934,0.0,6.851999933132902e-05,0.08799999952316284,0.006000000052154064,0.09399999678134918,0.002749999985098839,0.039500001817941666,0.0,0.0024999999441206455,0.5115183591842651,-0.7119845151901245,0.20164339244365692,0.5055188536643982,0.0
136,1336,-0.23212517927125137,-0.4071434702006106,-0.11312517927125137,0.12085652979938943,0.1655403484963816,0.19101496848709537,0.6357243061065674,0.5154237151145935,-1.0,0.8860465288162231,0.3084745705127716,0.039500001817941666,-0.01412499975413084,0.02462499961256981,-0.017875000834465027,0.001233360031619668,0.00028550002025440335,0.0,0.00032546999864280224,0.13300000131130219,0.02850000001490116,0.1615000069141388,0.011749999597668648,0.01899999938905239,0.0,0.020749999210238457,0.28310713171958923,-0.7297428250312805,0.04331791028380394,0.6803591251373291,-0.018801853
137,1337,-0.23618639194193874,-0.40788064992804796,-0.11718639194193875,0.12011935007195207,0.16781331507981675,0.18672223311840314,0.6229646801948547,0.5133161544799805,-1.0,0.8860465288162231,0.3084745705127716,0.045875001698732376,-0.025875000283122063,0.027499999850988388,-0.006124999839812517,0.0009021800360642374,0.0002169799990952015,7.994000043254346e-05,0.0003197600017301738,0.09799999743700027,0.03500000014901161,0.13300000131130219,0.009499999694526196,0.015250000171363354,0.0017500000540167093,0.022749999538064003,0.6793869733810425,-0.8722774386405945,0.7760518789291382,0.9146001935005188,0.0
138,1338,-0.22891084695807545,-0.41131173108244845,-0.10991084695807546,0.11668826891755157,0.16030142351837154,0.20128887066270063,0.6135200262069702,0.5120667219161987,-1.0,0.8860465288162231,0.3084745705127716,0.05999999865889549,-0.04262499883770943,0.032875001430511475,-0.0020000000949949026,0.0005024800193496048,0.00023411000438500196,0.0003368900215718895,0.001164840068668127,0.06449999660253525,0.1315000057220459,0.19599999487400055,0.006500000134110451,0.016249999403953552,0.019999999552965164,0.04874999821186066,-0.8893660306930542,0.4689539074897766,-0.9717392325401306,-0.9606515765190125,0.0
139,1339,-0.23162796378205314,-0.4110757259421493,-0.11262796378205314,0.11692427405785072,0.16234637073136823,0.1972144216647023,0.6304398775100708,0.5062512755393982,-1.0,0.8860465288162231,0.3084745705127716,0.045875001698732376,-0.039124999195337296,0.02462499961256981,-0.001500000013038516,0.0001256200048374012,0.0004568000149447471,6.851999933132902e-05,0.0001598800008650869,0.050999999046325684,0.019999999552965164,0.07100000232458115,0.001500000013038516,0.026750000193715096,0.0002500000118743628,0.011749999597668648,0.9010859131813049,0.8081946969032288,0.3470567464828491,0.24832454323768616,0.0
140,1340,-0.2276516713057175,-0.41193121539107397,-0.10865167130571751,0.11606878460892606,0.15898788770884073,0.20395031329398722,0.6241210103034973,0.5066512823104858,-1.0,0.8860465288162231,0.3084745705127716,0.057624999433755875,-0.03812500089406967,0.02775000035762787,-0.0016250000335276127,0.0011876800563186407,0.0013418500311672688,0.00011420000373618677,0.0003140500048175454,0.2214999943971634,0.03750000149011612,0.2590000033378601,0.011749999597668648,0.054999999701976776,0.007000000216066837,0.021250000223517418,0.04768141731619835,-0.9683405756950378,-0.5035959482192993,-0.9321694374084473,0.0
141,1341,-0.22398849882905214,-0.41368297211954286,-0.10498849882905215,0.11431702788045717,0.15521265331730885,0.21179710103736069,0.633368194103241,0.5052013397216797,-1.0,0.8860465288162231,0.3084745705127716,0.05925000086426735,-0.03812500089406967,0.02187499962747097,-0.010374999605119228,0.0009992499835789204,0.00028550002025440335,-5.7100000958598685e-06,8.565000462112948e-05,0.11249999701976776,0.00800000037997961,0.12049999833106995,0.010250000283122063,0.01875000074505806,0.0,0.004000000189989805,-0.8795994520187378,-0.8233191967010498,-0.9202160239219666,-0.3814389109611511,0.0
142,1342,-0.22462842098601132,-0.41320685454343303,-0.10562842098601133,0.11479314545656699,0.15599624855685018,0.2101439544838806,0.6418871879577637,0.5022322535514832,-1.0,0.8860465288162231,0.3084745705127716,0.04749999940395355,-0.045625001192092896,0.004625000059604645,-0.01575000025331974,0.00010848999954760075,7.994000043254346e-05,5.7100000958598685e-06,6.28100024187006e-05,0.016499999910593033,0.006000000052154064,0.02250000089406967,0.0010000000474974513,0.003000000026077032,0.0,0.0005000000237487257,0.7161446809768677,0.86944580078125,-0.4543212056159973,0.38256174325942993,-0.078518555
143,1343,-0.22375563793710873,-0.41297901585880775,-0.10475563793710874,0.11502098414119227,0.15557496737077922,0.21103111884395626,0.6403990387916565,0.5030392408370972,-1.0,0.8860465288162231,0.3084745705127716,0.057874999940395355,-0.04387500137090683,0.008375000208616257,-0.014875000342726707,0.0006052600219845772,0.0005938400281593204,0.0,0.00017701000615488738,0.10499999672174454,0.01549999974668026,0.12049999833106995,0.007000000216066837,0.03200000151991844,0.0,0.013000000268220901,-0.6764158010482788,-0.0794157087802887,-0.8538086414337158,-0.712889552116394,-0.12645705
144,1344,-0.2291009558071434,-0.40911505855362534,-0.11010095580714341,0.11888494144637468,0.16203656924396567,0.19782634225652057,0.6424287557601929,0.5034254193305969,-1.0,0.8860465288162231,0.3084745705127716,0.048250000923871994,-0.039124999195337296,0.012125000357627869,-0.02212500013411045,0.00010278000263497233,0.0003026300109922886,7.423000351991504e-05,6.28100024187006e-05,0.03550000116229057,0.012000000104308128,0.04749999940395355,0.0010000000474974513,0.019750000908970833,0.0,0.0010000000474974513,-0.7733188271522522,0.4451257586479187,-0.3767124116420746,0.8015177249908447,0.0
145,1345,-0.23151038767381082,-0.4088915637201342,-0.11251038767381083,0.11910843627986584,0.16384568022241558,0.19427962295736922,0.6299977898597717,0.509974479675293,-1.0,0.8860465288162231,0.3084745705127716,0.03362499922513962,-0.03087499924004078,0.005125000141561031,-0.011250000447034836,0.00013133000175002962,0.0003026300109922886,0.0,0.00013133000175002962,0.03799999877810478,0.011500000022351742,0.0494999997317791,0.001500000013038516,0.019750000908970833,0.0,0.00925000011920929,0.5759850740432739,-0.5658843517303467,-0.9820632338523865,0.22324389219284058,-0.1418476
146,1346,-0.23291420387013717,-0.4129838230588954,-0.11391420387013718,0.11501617694110461,0.1618801000787764,0.19813612177428477,0.6243944764137268,0.5103532671928406,-1.0,0.8860465288162231,0.3084745705127716,0.042125001549720764,-0.0351249985396862,0.008875000290572643,-0.00925000011920929,0.0005139000131748617,0.00011420000373618677,0.0,0.0001827200030675158,0.054999999701976776,0.01600000075995922,0.07100000232458115,0.006000000052154064,0.007249999791383743,0.0,0.013500000350177288,0.6222788095474243,-0.7367352247238159,0.13088040053844452,0.8821585178375244,-0.008294353
147,1347,-0.2299682207285062,-0.41490882059232187,-0.1109682207285062,0.11309117940767816,0.1584410327897105,0.2050686807514782,0.6211297512054443,0.5034172534942627,-1.0,0.8860465288162231,0.3084745705127716,0.05387499928474426,-0.05037499964237213,0.012749999761581421,0.006874999962747097,0.0004625100118573755,0.0001541700039524585,0.0,0.00019414001144468784,0.05400000140070915,0.017000000923871994,0.07100000232458115,0.005750000011175871,0.010250000283122063,-0.0002500000118743628,0.01425000000745058,0.7769957780838013,0.9410021901130676,0.03517225384712219,-0.6776872277259827,-0.019779332
148,1348,-0.22590919202179793,-0.4152780909824265,-0.10690919202179794,0.11272190901757351,0.15535702144196697,0.2114915541437417,0.6279808878898621,0.5001545548439026,-1.0,0.8860465288162231,0.3084745705127716,0.06599999964237213,-0.04975000023841858,0.016499999910593033,-0.0016250000335276127,0.0011134500382468104,0.0009935400448739529,0.0,9.707000572234392e-05,0.18449999392032623,0.008500000461935997,0.19300000369548798,0.010499999858438969,0.0442500002682209,-0.0002500000118743628,0.006000000052154064,0.5624509453773499,0.21108053624629974,-0.996382474899292,0.5483065843582153,-0.14356591
149,1349,-0.22721941996449235,-0.41537961655095407,-0.10821941996449236,0.11262038344904596,0.1561883274308977,0.2097406997497871,0.6374204754829407,0.4995286464691162,-1.0,0.8860465288162231,0.3084745705127716,0.07412499934434891,-0.04987499862909317,0.020124999806284904,-0.0013749999925494194,0.001667320029810071,0.0012562000192701817,0.0,0.0004568000149447471,0.25600001215934753,0.03999999910593033,0.29600000381469727,0.015250000171363354,0.05225000157952309,0.0,0.026000000536441803,0.007254473399370909,0.8005059957504272,-0.6751949191093445,-0.6940453052520752,-0.10502339
150,1350,-0.22588823269988878,-0.4170444607094361,-0.10688823269988879,0.1109555392905639,0.15406565480004114,0.21424039613845228,0.6343734264373779,0.49935656785964966,-1.0,0.8860465288162231,0.3084745705127716,0.0742499977350235,-0.04987499862909317,0.023624999448657036,-0.0035000001080334187,0.0016844500787556171,0.002495269989594817,7.423000351991504e-05,8.565000462112948e-05,0.3659999966621399,0.014000000432133675,0.3799999952316284,0.015250000171363354,0.08224999904632568,0.0005000000237487257,0.0042500002309679985,0.9652961492538452,-0.6774725914001465,-0.8605325818061829,-0.04942532256245613,-0.017747259
151,1351,-0.22003820623114562,-0.41790612355995327,-0.10103820623114562,0.11009387644004676,0.14943018687000226,0.22440521436115568,0.6374692320823669,0.4965348243713379,-1.0,0.8860465288162231,0.3084745705127716,0.08824999630451202,-0.05050000175833702,0.00800000037997961,-0.008875000290572643,0.003123369999229908,0.0019984999671578407,-7.423000351991504e-05,0.00017701000615488738,0.44850000739097595,0.02199999988079071,0.47049999237060547,0.023250000551342964,0.06475000083446503,-0.0005000000237487257,0.013249999843537807,-0.8941165804862976,-0.5854843854904175,-0.12890978157520294,-0.9390701055526733,0.0
152,1352,-0.21983192740286622,-0.4168885291698516,-0.10083192740286623,0.11111147083014844,0.1500427823449559,0.22303472025078327,0.6510739326477051,0.4950743615627289,-1.0,0.8860465288162231,0.3084745705127716,0.08150000125169754,-0.04987499862909317,0.005375000182539225,-0.02199999988079071,0.00023411000438500196,0.0009078900329768658,0.0,7.994000043254346e-05,0.10000000149011612,0.007000000216066837,0.10700000077486038,0.0032500000670552254,0.041749998927116394,0.0,0.0044999998062849045,-0.5491909384727478,-0.951504647731781,-0.9361168742179871,-0.6751901507377625,-0.13633403
153,1353,-0.21959727898343623,-0.4170146987775517,-0.10059727898343623,0.11098530122244832,0.14979168744062166,0.22359545275899484,0.6515536308288574,0.496799111366272,-1.0,0.8860465288162231,0.3084745705127716,0.07212500274181366,-0.05025000125169754,0.00912499986588955,-0.03312499821186066,0.00011991000064881518,0.00010848999954760075,0.0,6.851999933132902e-05,0.019999999552965164,0.006000000052154064,0.026000000536441803,0.001500000013038516,0.007000000216066837,0.0,0.001500000013038516,0.5947673320770264,0.6837170124053955,-0.8781716227531433,0.35013094544410706,-0.1293806
154,1354,-0.22296800628244956,-0.41635371586606024,-0.10396800628244957,0.11164628413393979,0.1525589692258829,0.21749276524264727,0.6520993709564209,0.49658524990081787,-1.0,0.8860465288162231,0.3084745705127716,0.0794999971985817,-0.05012499913573265,0.013000000268220901,-0.032749999314546585,0.0008336600149050355,0.0005995500250719488,5.7100000958598685e-06,0.00017701000615488738,0.12549999356269836,0.01600000075995922,0.14149999618530273,0.008999999612569809,0.032249998301267624,-0.0002500000118743628,0.013749999925494194,-0.4058718979358673,-0.35569262504577637,0.5810847282409668,0.5194055438041687,0.0
155,1355,-0.22136751572089347,-0.41812676969783336,-0.10236751572089348,0.10987323030216667,0.15017068626033622,0.22274963246900814,0.6442604660987854,0.4977055788040161,-1.0,0.8860465288162231,0.3084745705127716,0.07537499815225601,-0.05012499913573265,0.023749999701976776,-0.02437499910593033,0.00016558999777771533,0.00029121001716703176,-1.1420000191719737e-05,0.00023411000438500196,0.03999999910593033,0.0215000007301569,0.061500001698732376,0.0022499999031424522,0.01899999938905239,0.0,0.016249999403953552,-0.2906286120414734,-0.845730721950531,-0.6681191325187683,-0.7302138805389404,0.0
156,1356,-0.22614020323879425,-0.41635302631034804,-0.10714020323879425,0.11164697368965198,0.15473871488450452,0.21280327132923588,0.6479825377464294,0.4947004020214081,-1.0,0.8860465288162231,0.3084745705127716,0.07062499970197678,-0.057500001043081284,0.011250000447034836,-0.030124999582767487,0.00010278000263497233,7.994000043254346e-05,0.0,6.28100024187006e-05,0.01600000075995922,0.005499999970197678,0.0215000007301569,0.0010000000474974513,0.0022499999031424522,0.0,0.0005000000237487257,-0.07014988362789154,0.5608393549919128,-0.920916736125946,0.9244577884674072,-0.13451001
157,1357,-0.22099257528345406,-0.41732073064298253,-0.10199257528345407,0.1106792693570175,0.15050709643852106,0.2220015390702066,0.6368832588195801,0.49770674109458923,-1.0,0.8860465288162231,0.3084745705127716,0.06925000250339508,-0.05612500011920929,0.015124999918043613,-0.018124999478459358,0.00011991000064881518,0.0003140500048175454,0.0,0.0001484600070398301,0.03799999877810478,0.013000000268220901,0.050999999046325684,0.0012499999720603228,0.020500000566244125,-0.0002500000118743628,0.010999999940395355,-0.9327099919319153,-0.7925729751586914,-0.9471354484558105,-0.817429780960083,-0.13765627
158,1358,-0.21802083055791438,-0.4207745206909525,-0.09902083055791439,0.10722547930904752,0.14595351416610075,0.23234425679492068,0.6488544940948486,0.4960665702819824,-1.0,0.8860465288162231,0.3084745705127716,0.05225000157952309,-0.060874998569488525,0.01887499913573265,-0.02800000086426735,9.707000572234392e-05,7.423000351991504e-05,0.0,5.7100001868093386e-05,0.014999999664723873,0.004999999888241291,0.019999999552965164,0.0005000000237487257,0.0005000000237487257,-0.0002500000118743628,0.0002500000118743628,0.591604471206665,-0.4805550277233124,0.3493959307670593,-0.32228121161460876,0.0
159,1359,-0.22110794023266916,-0.41988602419408366,-0.10210794023266917,0.10811397580591636,0.1487099970517134,0.2260271915132158,0.6557655334472656,0.49021267890930176,-1.0,0.8860465288162231,0.3084745705127716,0.06312499940395355,-0.07012499868869781,0.02525000087916851,-0.0338749997317791,9.707000572234392e-05,6.851999933132902e-05,0.0,0.0,0.014499999582767487,0.0,0.014499999582767487,0.000750000006519258,0.0010000000474974513,0.0,0.0,0.9274284839630127,0.35989201068878174,-0.14975175261497498,0.8369508981704712,-0.041970216
160,1360,-0.22380814394509335,-0.42068244758618756,-0.10480814394509336,0.10731755241381247,0.1500060135238144,0.22311674256655098,0.6485862135887146,0.491718590259552,-1.0,0.8860465288162231,0.3084745705127716,0.07900000363588333,-0.06962499767541885,0.028999999165534973,-0.023250000551342964,0.0002969200140796602,0.0001827200030675158,5.7100001868093386e-05,0.00013133000175002962,0.041999999433755875,0.016499999910593033,0.05849999934434891,0.0037499999161809683,0.013249999843537807,0.0,0.009999999776482582,0.6417561769485474,0.10391727834939957,-0.8976783156394958,0.3166902959346771,-0.1317214
161,1361,-0.21971144429105122,-0.42418918723591775,-0.10071144429105122,0.10381081276408227,0.14463567975409408,0.23542643375322625,0.6423066258430481,0.49036872386932373,-1.0,0.8860465288162231,0.3084745705127716,0.08924999833106995,-0.06987500190734863,0.032749999314546585,-0.020874999463558197,0.000673780043143779,0.0002512400096748024,0.0,0.000245530012762174,0.08100000023841858,0.0215000007301569,0.10249999910593033,0.007249999791383743,0.017500000074505806,0.0,0.017000000923871994,0.3922554552555084,-0.7966532707214355,-0.32242628931999207,-0.9051852226257324,-0.06269116
162,1362,-0.21469403626703498,-0.42632098623711245,-0.09569403626703499,0.10167901376288757,0.13962797147015382,0.24751608363485372,0.6518338322639465,0.4844250977039337,-1.0,0.8860465288162231,0.3084745705127716,0.09799999743700027,-0.0794999971985817,0.0364999994635582,-0.029999999329447746,0.00034831001539714634,0.00011420000373618677,0.0,6.851999933132902e-05,0.04050000011920929,0.006000000052154064,0.04650000110268593,0.0042500002309679985,0.007000000216066837,0.0,0.001500000013038516,0.8318355679512024,0.8476786613464355,0.9488896727561951,-0.8969977498054504,0.0
163,1363,-0.20494871344614346,-0.42798454408621434,-0.08594871344614347,0.10001545591378569,0.13187218343794,0.26747696342832483,0.6635022163391113,0.4808118939399719,-1.0,0.8860465288162231,0.3084745705127716,0.11100000143051147,-0.07874999940395355,0.054249998182058334,-0.048250000923871994,0.0008622099994681776,0.0007480100030079484,0.0,9.13600015337579e-05,0.14100000262260437,0.00800000037997961,0.14900000393390656,0.00925000011920929,0.03725000098347664,0.0,0.0044999998062849045,0.35762450098991394,-0.43356069922447205,-0.9819563627243042,-0.9599018096923828,-0.14183478
164,1364,-0.20298997234167482,-0.4270986862300058,-0.08398997234167482,0.10090131376999423,0.13128362645229652,0.26905585957561934,0.6861658096313477,0.47799229621887207,-1.0,0.8860465288162231,0.3084745705127716,0.11812499910593033,-0.07874999940395355,0.057999998331069946,-0.06575000286102295,0.0007822700426913798,0.00033117999555543065,0.0,7.994000043254346e-05,0.09749999642372131,0.007000000216066837,0.10450000315904617,0.008249999955296516,0.020999999716877937,0.0,0.0037499999161809683,-0.5871288776397705,0.6239213347434998,0.6810263395309448,-0.8848121166229248,0.0
165,1365,-0.2019702292553191,-0.4272617317480374,-0.0829702292553191,0.10073826825196264,0.13050769185409952,0.27115167765201664,0.6907209753990173,0.47949376702308655,-1.0,0.8860465288162231,0.3084745705127716,0.11050000041723251,-0.07124999910593033,0.07087499648332596,-0.08162499964237213,0.0001256200048374012,0.0005139000131748617,0.0,7.423000351991504e-05,0.0560000017285347,0.006500000134110451,0.0625,0.001500000013038516,0.029249999672174454,-0.0002500000118743628,0.0024999999441206455,0.9023796916007996,0.22687260806560516,-0.9906357526779175,0.6590673923492432,-0.1428763
166,1366,-0.20885241757719458,-0.42593208260755466,-0.08985241757719459,0.10206791739244536,0.13598278091470845,0.2567049753968241,0.6930924654006958,0.47921741008758545,-1.0,0.8860465288162231,0.3084745705127716,0.12200000137090683,-0.07150000333786011,0.07462500035762787,-0.07887499779462814,0.0013418500311672688,0.000770850048866123,0.0,0.00032546999864280224,0.1850000023841858,0.02850000001490116,0.2134999930858612,0.012249999679625034,0.03824999928474426,-0.0002500000118743628,0.0215000007301569,0.1429857313632965,-0.08227214217185974,-0.8019897937774658,0.8276667594909668,-0.12023879
167,1367,-0.21239621171792633,-0.4259003916677351,-0.09339621171792634,0.10209960833226495,0.13837334419916875,0.2506410502706506,0.6770874261856079,0.4814710319042206,-1.0,0.8860465288162231,0.3084745705127716,0.12250000238418579,-0.07175000011920929,0.078125,-0.06650000065565109,0.001947110053151846,0.0006852000369690359,7.423000351991504e-05,0.000433959998190403,0.2304999977350235,0.04450000077486038,0.2750000059604645,0.016499999910593033,0.035750001668930054,0.0002500000118743628,0.02775000035762787,0.2842639982700348,0.7583919763565063,0.48682069778442383,0.8543801307678223,-0.016823882
168,1368,-0.21207887611983217,-0.4262121645469808,-0.09307887611983218,0.10178783545301923,0.137929114497056,0.2517569490033531,0.6688460111618042,0.4815247654914856,-1.0,0.8860465288162231,0.3084745705127716,0.12250000238418579,-0.07187499850988388,0.08699999749660492,-0.054499998688697815,0.0026437300257384777,0.0016901600174605846,6.851999933132902e-05,0.0006623599911108613,0.37950000166893005,0.06400000303983688,0.44350001215934753,0.02174999937415123,0.06424999982118607,0.000750000006519258,0.035750001668930054,0.851956307888031,-0.9651791453361511,-0.36574694514274597,-0.5711081624031067,-0.09719564
169,1369,-0.20788853780694794,-0.42881994432472004,-0.08888853780694794,0.09918005567527999,0.13318354101467964,0.2639922822547145,0.6695840358734131,0.48099634051322937,-1.0,0.8860465288162231,0.3084745705127716,0.12250000238418579,-0.07199999690055847,0.08062499761581421,-0.054499998688697815,0.002072730101644993,0.00048534999950788915,0.0,0.0001884299999801442,0.2240000069141388,0.016499999910593033,0.24050000309944153,0.017249999567866325,0.02850000001490116,0.0,0.014499999582767487,0.21718917787075043,-0.944820761680603,-0.9994925260543823,-0.9811020493507385,-0.15763247
170,1370,-0.20766298106669007,-0.4294254610995609,-0.08866298106669007,0.0985745389004391,0.1325822911669067,0.2655843167062422,0.679328978061676,0.4765763580799103,-1.0,0.8860465288162231,0.3084745705127716,0.12925000488758087,-0.08224999904632568,0.08437500149011612,-0.06700000166893005,0.0006966200307942927,0.0001827200030675158,0.0,7.423000351991504e-05,0.07699999958276749,0.006500000134110451,0.08349999785423279,0.007499999832361937,0.013749999925494194,0.0,0.002749999985098839,0.8768237829208374,0.7039313316345215,-0.8148984909057617,0.917729377746582,-0.12178783
171,1371,-0.2172750194208477,-0.425834216247019,-0.09827501942084771,0.10216578375298102,0.14175975032437407,0.2422954321830831,0.6798535585403442,0.4755500555038452,-1.0,0.8860465288162231,0.3084745705127716,0.14000000059604645,-0.08275000005960464,0.08812499791383743,-0.06437499821186066,0.0022326100151985884,0.0008622099994681776,0.0,0.0005538699915632606,0.2709999978542328,0.048500001430511475,0.31949999928474426,0.01875000074505806,0.04100000113248825,0.0,0.03175000101327896,-0.9801486134529114,-0.9880533814430237,-0.8909973502159119,0.5591583847999573,-0.1309197
172,1372,-0.21808055049996983,-0.42781834752356346,-0.09908055049996983,0.10018165247643657,0.14090180616403247,0.24438313454879323,0.6574999690055847,0.4816369116306305,-1.0,0.8860465288162231,0.3084745705127716,0.12962499260902405,-0.08637499809265137,0.09000000357627869,-0.05050000175833702,0.00019985000835731626,0.00016558999777771533,9.13600015337579e-05,0.0004054100136272609,0.03200000151991844,0.04349999874830246,0.0754999965429306,0.002749999985098839,0.011250000447034836,0.0037499999161809683,0.02474999986588955,-0.15124689042568207,-0.6531810760498047,-0.20334017276763916,-0.47200527787208557,0.0
173,1373,-0.21216464485623587,-0.43550667324243186,-0.09316464485623588,0.09249332675756816,0.1312808689256391,0.2690632789649659,0.655626654624939,0.47827398777008057,-1.0,0.8860465288162231,0.3084745705127716,0.1276250034570694,-0.09600000083446503,0.08787500113248825,-0.05012499913573265,0.00011991000064881518,0.00010278000263497233,7.423000351991504e-05,9.707000572234392e-05,0.019500000402331352,0.014999999664723873,0.03449999913573265,0.0012499999720603228,0.0062500000931322575,0.0005000000237487257,0.006500000134110451,0.9087915420532227,-0.9657065868377686,-0.7511361837387085,0.39034610986709595,0.0
174,1374,-0.2143935833604868,-0.4389778404944789,-0.09539358336048681,0.08902215950552111,0.1304794260769896,0.2712283316137602,0.6693845391273499,0.4652429223060608,-1.0,0.8860465288162231,0.3084745705127716,0.14350000023841858,-0.11437500268220901,0.0742499977350235,-0.04399999976158142,0.00027407999732531607,0.00011420000373618677,0.0,0.00011420000373618677,0.03400000184774399,0.009999999776482582,0.04399999976158142,0.0035000001080334187,0.007000000216066837,-0.0002500000118743628,0.008750000037252903,0.778945803642273,-0.9393386244773865,0.5923954844474792,-0.42754319310188293,0.0
175,1375,-0.21719104817810758,-0.4378413033999901,-0.09819104817810759,0.09015869660000991,0.13330443546607174,0.2636733230741887,0.6642009615898132,0.4593595862388611,-1.0,0.8860465288162231,0.3084745705127716,0.15825000405311584,-0.13124999403953552,0.08512499928474426,-0.04800000041723251,0.00021127000218257308,0.00010848999954760075,0.0,6.851999933132902e-05,0.02800000086426735,0.006000000052154064,0.03400000184774399,0.003000000026077032,0.005750000011175871,0.0,0.000750000006519258,0.3556874692440033,0.7318337559700012,0.3330576717853546,0.38758769631385803,0.0
176,1376,-0.22517639778170662,-0.43217651877341545,-0.10617639778170662,0.09582348122658457,0.14302295969626974,0.23925398394913508,0.6576952338218689,0.46128591895103455,-1.0,0.8860465288162231,0.3084745705127716,0.1628749966621399,-0.12987500429153442,0.08900000154972076,-0.04712500050663948,0.0006052600219845772,0.0005481599946506321,9.707000572234392e-05,0.0001827200030675158,0.10100000351667404,0.02449999935925007,0.12549999356269836,0.007000000216066837,0.030249999836087227,0.0044999998062849045,0.013500000350177288,-0.42451050877571106,-0.46720415353775024,0.8230405449867249,-0.4584701657295227,0.0
177,1377,-0.20814313152316383,-0.43949260817932956,-0.08914313152316383,0.08850739182067047,0.12561869408911147,0.28473768077521516,0.6391246318817139,0.4708872437477112,-1.0,0.8860465288162231,0.3084745705127716,0.15800000727176666,-0.12962499260902405,0.09799999743700027,-0.0521249994635582,0.00010848999954760075,0.00017701000615488738,0.00026837000041268766,9.707000572234392e-05,0.02500000037252903,0.03200000151991844,0.05700000002980232,0.0010000000474974513,0.012249999679625034,0.017249999567866325,0.006500000134110451,-0.10247743129730225,0.44056013226509094,-0.9408401846885681,-0.5097764134407043,0.0
178,1378,-0.20420129489910088,-0.43983395857984364,-0.08520129489910089,0.08816604142015638,0.12260714299005701,0.2934431280910244,0.6787369251251221,0.4584870934486389,-1.0,0.8860465288162231,0.3084745705127716,0.15625,-0.12587499618530273,0.08900000154972076,-0.05912499874830246,0.00011420000373618677,0.0003368900215718895,-2.2840000383439474e-05,6.851999933132902e-05,0.039500001817941666,0.00800000037997961,0.04749999940395355,0.000750000006519258,0.021250000223517418,0.0,0.001500000013038516,-0.3937217593193054,-0.4450709819793701,-0.7562174797058105,-0.9830250144004822,-0.1147461
179,1379,-0.2032103429761704,-0.43787000240112534,-0.08421034297617042,0.09012999759887469,0.12334828061767789,0.29127634997518254,0.6879039406776428,0.4579085409641266,-1.0,0.8860465288162231,0.3084745705127716,0.14912499487400055,-0.12562499940395355,0.09274999797344208,-0.07712499797344208,9.13600015337579e-05,9.13600015337579e-05,0.0,6.851999933132902e-05,0.01600000075995922,0.006000000052154064,0.02199999988079071,0.0002500000118743628,0.0042500002309679985,0.0,0.000750000006519258,0.0690065398812294,0.93849116563797,0.9191991090774536,0.3497253954410553,0.0
180,1380,-0.22262801974881347,-0.42789993887017735,-0.10362801974881347,0.10010006112982267,0.14407910575532704,0.23674040930087825,0.6902084946632385,0.4612372815608978,-1.0,0.8860465288162231,0.3084745705127716,0.14937500655651093,-0.1171249970793724,0.10999999940395355,-0.07450000196695328,0.00019985000835731626,0.0003654400061350316,0.0,0.00011991000064881518,0.0494999997317791,0.010499999858438969,0.05999999865889549,0.0022499999031424522,0.02225000038743019,-0.0002500000118743628,0.008500000461935997,-0.9822103381156921,-0.055806055665016174,-0.8936161398887634,0.9143102169036865,-0.13123395
181,1381,-0.22828389242900465,-0.424957768748465,-0.10928389242900466,0.103042231251535,0.1502020990723135,0.22267967153470428,0.645051121711731,0.47813570499420166,-1.0,0.8860465288162231,0.3084745705127716,0.13187499344348907,-0.11237499862909317,0.11037500202655792,-0.06525000184774399,9.707000572234392e-05,0.0001598800008650869,0.00011420000373618677,0.0003768599999602884,0.02250000089406967,0.0430000014603138,0.06549999862909317,0.0005000000237487257,0.01075000036507845,0.006500000134110451,0.024250000715255737,-0.7847592830657959,-0.19410379230976105,-0.8096391558647156,0.16199688613414764,0.0
182,1382,-0.20665462529816814,-0.43492130034823534,-0.08765462529816814,0.09307869965176468,0.12785529971426948,0.2784399124414864,0.6318979263305664,0.48312243819236755,-1.0,0.8860465288162231,0.3084745705127716,0.11737500131130219,-0.11225000023841858,0.0976250022649765,-0.05612500011920929,9.13600015337579e-05,8.565000462112948e-05,7.994000043254346e-05,0.0001598800008650869,0.01549999974668026,0.020999999716877937,0.0364999994635582,0.0002500000118743628,0.0032500000670552254,0.0017500000540167093,0.012000000104308128,-0.8958431482315063,-0.6378353834152222,-0.9972596764564514,-0.9830725789070129,0.0
183,1383,-0.2157489705820445,-0.43157109839248947,-0.09674897058204451,0.09642890160751055,0.1365975708931761,0.25513162030420317,0.6821985244750977,0.46623507142066956,-1.0,0.8860465288162231,0.3084745705127716,0.10074999928474426,-0.12250000238418579,0.07975000143051147,-0.06849999725818634,9.707000572234392e-05,0.0,2.8550000934046693e-05,1.7129999832832254e-05,0.008500000461935997,0.004000000189989805,0.012500000186264515,0.0,0.0,0.0002500000118743628,0.0,0.012243828736245632,0.28572291135787964,-0.8104198575019836,0.9188326597213745,0.0
184,1384,-0.22006624026680222,-0.42586001531702156,-0.10106624026680222,0.10213998468297847,0.14369050557606813,0.2376621727831089,0.6610488891601562,0.4719133973121643,-1.0,0.8860465288162231,0.3084745705127716,0.10062500089406967,-0.11812499910593033,0.06475000083446503,-0.051624998450279236,9.13600015337579e-05,7.994000043254346e-05,2.2840000383439474e-05,6.851999933132902e-05,0.014999999664723873,0.00800000037997961,0.023000000044703484,0.0005000000237487257,0.0017500000540167093,0.0,0.0005000000237487257,-0.883140504360199,0.9178444147109985,-0.8302668333053589,0.8064752817153931,-0.12363203
185,1385,-0.23409585745239064,-0.42203343500340273,-0.11509585745239065,0.10596656499659729,0.15644797633679736,0.20919681671639376,0.6510087251663208,0.48159319162368774,-1.0,0.8860465288162231,0.3084745705127716,0.08399999886751175,-0.10199999809265137,0.06837499886751175,-0.0377499982714653,9.707000572234392e-05,9.13600015337579e-05,7.423000351991504e-05,7.423000351991504e-05,0.016499999910593033,0.013000000268220901,0.029500000178813934,0.000750000006519258,0.0037499999161809683,0.0002500000118743628,0.002749999985098839,0.6621044874191284,-0.6648507118225098,0.08075602352619171,0.6964576840400696,0.0
186,1386,-0.24101678821236766,-0.4208765265974881,-0.12201678821236767,0.10712347340251194,0.16236851652792936,0.19717075179578986,0.6183817386627197,0.48807892203330994,-1.0,0.8860465288162231,0.3084745705127716,0.0963750034570694,-0.11299999803304672,0.06812500208616257,-0.030124999582767487,0.00010278000263497233,7.994000043254346e-05,9.13600015337579e-05,0.0001827200030675158,0.01600000075995922,0.024000000208616257,0.03999999910593033,0.000750000006519258,0.0010000000474974513,0.0037499999161809683,0.013500000350177288,0.27302902936935425,-0.5064233541488647,0.2612453103065491,0.49772408604621887,0.0
187,1387,-0.23805094169044005,-0.4241451770799512,-0.11905094169044006,0.10385482292004883,0.15798402122093,0.2060080131403972,0.6022865176200867,0.49003979563713074,-1.0,0.8860465288162231,0.3084745705127716,0.1014999970793724,-0.1223749965429306,0.06825000047683716,-0.026125000789761543,9.707000572234392e-05,7.423000351991504e-05,0.00019985000835731626,0.0003997000167146325,0.014999999664723873,0.05249999836087227,0.06750000268220901,0.0005000000237487257,0.0010000000474974513,0.013249999843537807,0.024000000208616257,0.7126256227493286,-0.35070186853408813,0.3936993181705475,-0.864126980304718,0.0
188,1388,-0.24175298151307234,-0.42470678493033787,-0.12275298151307235,0.10329321506966216,0.1604299932985605,0.20103024030001587,0.6091838479042053,0.4844996929168701,-1.0,0.8860465288162231,0.3084745705127716,0.1146249994635582,-0.12912499904632568,0.07524999976158142,-0.03200000151991844,0.00010278000263497233,7.994000043254346e-05,0.00020556000526994467,7.994000043254346e-05,0.01600000075995922,0.02500000037252903,0.04100000113248825,0.000750000006519258,0.001500000013038516,0.014000000432133675,0.0035000001080334187,0.2949889898300171,-0.5296075940132141,0.6826680898666382,0.2949954867362976,0.0
189,1389,-0.224336026124486,-0.435138394005978,-0.105336026124486,0.09286160599402205,0.14042420114598264,0.24555311237507405,0.6005744338035583,0.4835478365421295,-1.0,0.8860465288162231,0.3084745705127716,0.12049999833106995,-0.13850000500679016,0.0807500034570694,-0.03237500041723251,9.13600015337579e-05,7.994000043254346e-05,0.0005481599946506321,0.00020556000526994467,0.014999999664723873,0.06599999964237213,0.08100000023841858,0.0,0.0005000000237487257,0.02850000001490116,0.015250000171363354,0.8378371000289917,-0.22928279638290405,-0.9029768109321594,-0.5104129314422607,0.0
190,1390,-0.21167762746662727,-0.44391220186823244,-0.09267762746662728,0.08408779813176759,0.12513952384235705,0.2861053330974715,0.6410790085792542,0.46586713194847107,-1.0,0.8860465288162231,0.3084745705127716,0.13562500476837158,-0.14300000667572021,0.07787500321865082,-0.03500000014901161,0.00010848999954760075,7.423000351991504e-05,7.423000351991504e-05,7.423000351991504e-05,0.01600000075995922,0.013000000268220901,0.028999999165534973,0.0010000000474974513,0.0010000000474974513,0.0005000000237487257,0.001500000013038516,0.967307984828949,-0.7410644292831421,-0.6528173685073853,-0.833573043346405,0.0
191,1391,-0.218325509366879,-0.4389428022145859,-0.099325509366879,0.0890571977854141,0.1334044275441424,0.2634098024109791,0.6705171465873718,0.4509962797164917,-1.0,0.8860465288162231,0.3084745705127716,0.15399999916553497,-0.15712499618530273,0.06599999964237213,-0.05012499913573265,0.00010278000263497233,7.423000351991504e-05,0.0,6.851999933132902e-05,0.01549999974668026,0.006000000052154064,0.0215000007301569,0.0005000000237487257,0.001500000013038516,0.0,0.0005000000237487257,-0.9868023991584778,0.9019343256950378,-0.9552479982376099,0.8182414174079895,-0.13862978
192,1392,-0.2340637100593672,-0.42826219930530435,-0.11506371005936722,0.09973780069469568,0.15227372150190907,0.21811404407591595,0.6550569534301758,0.45941898226737976,-1.0,0.8860465288162231,0.3084745705127716,0.1353749930858612,-0.1420000046491623,0.06987500190734863,-0.035999998450279236,0.00010278000263497233,9.707000572234392e-05,0.0,7.994000043254346e-05,0.017500000074505806,0.007000000216066837,0.02449999935925007,0.000750000006519258,0.004999999888241291,-0.0002500000118743628,0.002749999985098839,-0.6282044649124146,0.834786057472229,-0.9183796644210815,0.9763027429580688,-0.13420558
193,1393,-0.24306042816132095,-0.4238558851407399,-0.12406042816132096,0.10414411485926012,0.1619783519344145,0.19794154496126967,0.6184564828872681,0.477521687746048,-1.0,0.8860465288162231,0.3084745705127716,0.1237500011920929,-0.1289999932050705,0.07062499970197678,-0.026000000536441803,9.707000572234392e-05,0.0001541700039524585,0.00010848999954760075,0.00029121001716703176,0.02199999988079071,0.03500000014901161,0.05700000002980232,0.0005000000237487257,0.010250000283122063,0.005750000011175871,0.01924999989569187,-0.675531268119812,-0.8655974864959717,-0.38690945506095886,-0.013950932770967484,0.0
194,1394,-0.22241469253643387,-0.43718922991988907,-0.10341469253643387,0.09081077008011096,0.13762701259181617,0.2525186615375875,0.5975338816642761,0.48499003052711487,-1.0,0.8860465288162231,0.3084745705127716,0.11124999821186066,-0.14000000059604645,0.06562499701976776,-0.022624999284744263,9.707000572234392e-05,6.851999933132902e-05,7.994000043254346e-05,0.00016558999777771533,0.014499999582767487,0.0215000007301569,0.035999998450279236,0.0002500000118743628,0.0,0.0012499999720603228,0.012000000104308128,0.8438287973403931,0.2718062400817871,-0.9786841869354248,0.16605734825134277,0.0
195,1395,-0.22007046173599926,-0.4366357969734518,-0.10107046173599926,0.09136420302654824,0.1362448378112155,0.25603314298118646,0.6455472111701965,0.4623911380767822,-1.0,0.8860465288162231,0.3084745705127716,0.12662500143051147,-0.13837499916553497,0.048124998807907104,-0.015625,0.00010278000263497233,0.00011420000373618677,0.0,8.565000462112948e-05,0.01899999938905239,0.007499999832361937,0.026499999687075615,0.0010000000474974513,0.006750000175088644,-0.0002500000118743628,0.004000000189989805,0.07028564810752869,0.6293433308601379,-0.6194250583648682,-0.14340271055698395,-0.09833101
196,1396,-0.21979031259373527,-0.4338663794039883,-0.10079031259373528,0.09413362059601171,0.13791238392275276,0.2517990729104572,0.6509989500045776,0.46332916617393494,-1.0,0.8860465288162231,0.3084745705127716,0.12725000083446503,-0.13050000369548798,0.051624998450279236,-0.016374999657273293,0.00017701000615488738,0.00021127000218257308,6.28100024187006e-05,6.28100024187006e-05,0.03400000184774399,0.010999999940395355,0.04500000178813934,0.0022499999031424522,0.014499999582767487,0.0002500000118743628,0.0002500000118743628,0.1368078887462616,0.9874807596206665,-0.9260657429695129,0.13632594048976898,0.0
197,1397,-0.21889591357061394,-0.4302464338945271,-0.09989591357061395,0.09775356610547292,0.13976749706009847,0.24717097617155254,0.6516504287719727,0.4680230915546417,-1.0,0.8860465288162231,0.3084745705127716,0.1288750022649765,-0.11887499690055847,0.03449999913573265,-0.016499999910593033,0.0003197600017301738,0.0005253200070001185,0.0,9.13600015337579e-05,0.07400000095367432,0.00800000037997961,0.0820000022649765,0.004000000189989805,0.02824999950826168,0.0,0.005499999970197678,-0.7906433939933777,0.8228942155838013,0.8563910722732544,-0.43203631043434143,0.0
198,1398,-0.2302083550913986,-0.42574069973736345,-0.11120835509139859,0.10225930026263658,0.151077009277847,0.22073992226839365,0.6537304520606995,0.4741585850715637,-1.0,0.8860465288162231,0.3084745705127716,0.11512500047683716,-0.10225000232458115,0.05062500014901161,-0.02250000089406967,0.0001484600070398301,0.0005367400008253753,0.0,7.423000351991504e-05,0.05999999865889549,0.006500000134110451,0.06650000065565109,0.0020000000949949026,0.025750000029802322,-0.0002500000118743628,0.001500000013038516,-0.22373932600021362,-0.43438002467155457,-0.8424509167671204,0.7998039722442627,-0.12509412
199,1399,-0.23865502544770972,-0.422476197608002,-0.11965502544770973,0.10552380239199805,0.15953870372469972,0.2028300105399484,0.6274224519729614,0.48179543018341064,-1.0,0.8860465288162231,0.3084745705127716,0.11137499660253525,-0.10225000232458115,0.05237499997019768,-0.014875000342726707,0.00011991000064881518,0.00014275001012720168,9.707000572234392e-05,0.00022269001055974513,0.023000000044703484,0.02800000086426735,0.050999999046325684,0.0012499999720603228,0.009499999694526196,0.0037499999161809683,0.01600000075995922,-0.6912627220153809,-0.6433449983596802,-0.5260957479476929,0.35366350412368774,0.0
200,1400,-0.2402536477587085,-0.419708157958908,-0.1212536477587085,0.10829184204109205,0.16257173846473372,0.19677046444879118,0.6077790260314941,0.4873284697532654,-1.0,0.8860465288162231,0.3084745705127716,0.0988750010728836,-0.10987500101327896,0.04374999925494194,-0.006124999839812517,9.707000572234392e-05,7.994000043254346e-05,7.423000351991504e-05,0.00016558999777771533,0.01549999974668026,0.020999999716877937,0.0364999994635582,0.0005000000237487257,0.000750000006519258,0.001500000013038516,0.011749999597668648,-0.7884165644645691,0.7180417776107788,-0.026740970090031624,0.9778428077697754,0.0
201,1401,-0.24300854628078133,-0.4178041133515786,-0.12400854628078134,0.11019588664842145,0.16589530730223936,0.19033814596715085,0.6040613055229187,0.4920200705528259,-1.0,0.8860465288162231,0.3084745705127716,0.08412499725818634,-0.10125000029802322,0.04062499850988388,0.0,8.565000462112948e-05,0.0001541700039524585,0.00011420000373618677,0.0007023300277069211,0.020999999716877937,0.07150000333786011,0.0925000011920929,0.0005000000237487257,0.010250000283122063,0.006750000175088644,0.035999998450279236,0.008673949167132378,0.058338530361652374,0.7876156568527222,-0.7101266384124756,0.0
202,1402,-0.2457102602908805,-0.41681222504640636,-0.1267102602908805,0.11118777495359367,0.16857701908063769,0.18530165934751747,0.5976545214653015,0.4952472746372223,-1.0,0.8860465288162231,0.3084745705127716,0.08412499725818634,-0.10112500190734863,0.04287499934434891,-0.0002500000118743628,9.707000572234392e-05,0.00017701000615488738,0.0006223900127224624,0.00013703999866265804,0.024000000208616257,0.06650000065565109,0.09049999713897705,0.000750000006519258,0.012000000104308128,0.03175000101327896,0.009999999776482582,-0.4803605079650879,-0.5986189842224121,-0.3606666028499603,0.5123533606529236,0.0
203,1403,-0.23994588144875367,-0.42064566192771263,-0.12094588144875368,0.10735433807228739,0.16171845949784136,0.19845664913391736,0.591371476650238,0.4969284236431122,-1.0,0.8860465288162231,0.3084745705127716,0.07537499815225601,-0.10649999976158142,0.04287499934434891,-0.0001250000059371814,8.565000462112948e-05,7.423000351991504e-05,0.00028550002025440335,0.0005024800193496048,0.014000000432133675,0.0689999982714653,0.08299999684095383,0.0002500000118743628,0.0005000000237487257,0.0182499997317791,0.028750000521540642,0.09481007605791092,0.3171170949935913,-0.7627320289611816,-0.2943843603134155,0.0
204,1404,-0.22979058374263567,-0.4259348419639135,-0.11079058374263567,0.10206515803608651,0.15063814235101708,0.22171080566630436,0.6047770380973816,0.4904310703277588,-1.0,0.8860465288162231,0.3084745705127716,0.0767500028014183,-0.10362499952316284,0.03700000047683716,0.001500000013038516,0.00010278000263497233,0.00011420000373618677,8.565000462112948e-05,0.00019985000835731626,0.01899999938905239,0.02500000037252903,0.04399999976158142,0.0010000000474974513,0.006500000134110451,0.001500000013038516,0.014499999582767487,-0.05324922874569893,0.18102490901947021,-0.09222352504730225,-0.6896111965179443,0.0
205,1405,-0.2295720503128698,-0.42483018078098866,-0.11057205031286982,0.10316981921901136,0.15122893211312213,0.2204048225308629,0.6283940076828003,0.4814663827419281,-1.0,0.8860465288162231,0.3084745705127716,0.07625000178813934,-0.09987500309944153,0.036249998956918716,-0.0042500002309679985,8.565000462112948e-05,9.707000572234392e-05,-7.994000043254346e-05,6.28100024187006e-05,0.01600000075995922,0.012500000186264515,0.02850000001490116,0.0002500000118743628,0.005750000011175871,-0.0002500000118743628,0.0002500000118743628,0.9180649518966675,0.8946068286895752,-0.8384584188461304,0.8687613606452942,0.0
206,1406,-0.226103561581036,-0.42643103449276104,-0.10710356158103601,0.10156896550723898,0.14760564913834928,0.22853715192485927,0.6289021968841553,0.48333868384361267,-1.0,0.8860465288162231,0.3084745705127716,0.09149999916553497,-0.09300000220537186,0.020500000566244125,0.005874999798834324,0.0003197600017301738,0.00043967002420686185,3.997000021627173e-05,0.00017130000924225897,0.06650000065565109,0.01850000023841858,0.08500000089406967,0.004000000189989805,0.025499999523162842,0.0,0.012500000186264515,0.16652970016002655,-0.9189577698707581,-0.9083805680274963,-0.8509143590927124,-0.13300568
207,1407,-0.22806604480760317,-0.4262618066951413,-0.10906604480760318,0.10173819330485873,0.14915113847004624,0.22503228803386538,0.6369684338569641,0.48062536120414734,-1.0,0.8860465288162231,0.3084745705127716,0.0951249971985817,-0.09862499684095383,0.024250000715255737,-0.004124999977648258,0.00022269001055974513,8.565000462112948e-05,0.0,6.851999933132902e-05,0.027000000700354576,0.006000000052154064,0.032999999821186066,0.002749999985098839,0.0024999999441206455,0.0,0.000750000006519258,0.1446007341146469,0.7083170413970947,-0.4352637827396393,0.13125461339950562,-0.076231666
208,1408,-0.2261742747704938,-0.42642937049200996,-0.1071742747704938,0.10157062950799006,0.14765811170142562,0.22841728692225333,0.6324045658111572,0.4809121787548065,-1.0,0.8860465288162231,0.3084745705127716,0.09700000286102295,-0.09574999660253525,0.02787500061094761,-0.004124999977648258,0.00034831001539714634,0.0003882800228893757,7.423000351991504e-05,8.565000462112948e-05,0.06449999660253525,0.014000000432133675,0.07850000262260437,0.0042500002309679985,0.023250000551342964,0.0002500000118743628,0.005499999970197678,-0.05229608714580536,-0.3458055257797241,-0.8396781086921692,-0.2642170786857605,0.0
209,1409,-0.22642107516875487,-0.42671694769364715,-0.10742107516875488,0.10128305230635287,0.14763991355626938,0.2284588584141949,0.6368039846420288,0.48062819242477417,-1.0,0.8860465288162231,0.3084745705127716,0.09700000286102295,-0.09574999660253525,0.012374999932944775,-0.006500000134110451,0.00019414001144468784,0.0001598800008650869,6.851999933132902e-05,6.851999933132902e-05,0.03099999949336052,0.012000000104308128,0.0430000014603138,0.0024999999441206455,0.010499999858438969,0.0,0.0005000000237487257,0.8325501680374146,0.719380259513855,-0.70285964012146,0.06415076553821564,0.0
210,1410,-0.2319417269066787,-0.4239284560631845,-0.1129417269066787,0.1040715439368155,0.15357968594203894,0.21528407165994978,0.6362300515174866,0.4801407754421234,-1.0,0.8860465288162231,0.3084745705127716,0.10975000262260437,-0.09487500041723251,-0.000750000006519258,-0.006624999921768904,0.0007251700153574347,0.0007023300277069211,0.0,7.994000043254346e-05,0.125,0.007000000216066837,0.13199999928474426,0.00800000037997961,0.03550000116229057,0.0,0.003000000026077032,-0.7005749344825745,0.3576866090297699,-0.9312939643859863,0.9774160385131836,-0.13575529
211,1411,-0.24157192276047873,-0.4181753930519187,-0.12257192276047874,0.10982460694808133,0.16457618460913875,0.1928655729261462,0.623391330242157,0.48486703634262085,-1.0,0.8860465288162231,0.3084745705127716,0.09937500208616257,-0.08900000154972076,0.0028750000055879354,0.004875000100582838,0.00019414001144468784,0.000770850048866123,7.423000351991504e-05,0.00022269001055974513,0.08449999988079071,0.026000000536441803,0.11050000041723251,0.0024999999441206455,0.03700000047683716,0.0002500000118743628,0.016499999910593033,-0.6951369643211365,-0.25450220704078674,0.7916960716247559,0.987590491771698,0.0
212,1412,-0.2450830803151634,-0.416156261162915,-0.1260830803151634,0.11184373883708504,0.16854069259030008,0.18536898516470865,0.6009955406188965,0.4946179687976837,-1.0,0.8860465288162231,0.3084745705127716,0.08675000071525574,-0.08812499791383743,0.013875000178813934,0.02162499912083149,0.0001598800008650869,0.00042825000127777457,0.00013703999866265804,0.0003825699968729168,0.051500000059604645,0.045499999076128006,0.09700000286102295,0.0017500000540167093,0.025750000029802322,0.00774999987334013,0.019999999552965164,-0.6972684860229492,-0.09159744530916214,-0.36389634013175964,0.5188499689102173,0.0
213,1413,-0.23873191590932585,-0.4171255916184174,-0.11973191590932586,0.11087440838158263,0.16318353508023975,0.19557030441964526,0.5928300619125366,0.49804022908210754,-1.0,0.8860465288162231,0.3084745705127716,0.07412499934434891,-0.08612500131130219,0.00937500037252903,0.026125000789761543,0.00010278000263497233,0.00028550002025440335,8.565000462112948e-05,0.0005424499977380037,0.03400000184774399,0.054999999701976776,0.08900000154972076,0.0010000000474974513,0.01850000023841858,0.0032500000670552254,0.030249999836087227,-0.5233657360076904,0.9061042070388794,-0.9015415906906128,-0.644452691078186,0.0
214,1414,-0.2413459041075467,-0.4173528134083248,-0.1223459041075467,0.11064718659167522,0.16495854070810037,0.19212954766071244,0.607600212097168,0.49639731645584106,-1.0,0.8860465288162231,0.3084745705127716,0.06412500143051147,-0.0728750005364418,-0.005750000011175871,0.026249999180436134,0.00011991000064881518,0.00044538002111949027,0.0,9.13600015337579e-05,0.0494999997317791,0.00800000037997961,0.057500001043081284,0.001500000013038516,0.025750000029802322,-0.0002500000118743628,0.006000000052154064,0.8981690406799316,-0.800096333026886,-0.9795597195625305,0.8332101702690125,-0.14154717
215,1415,-0.24084324137537516,-0.4196399002677369,-0.12184324137537517,0.10836009973226313,0.16305731103769602,0.1958173170257512,0.6015211343765259,0.4960121810436249,-1.0,0.8860465288162231,0.3084745705127716,0.07774999737739563,-0.08150000125169754,-0.0032500000670552254,0.03375000134110451,0.0006909100338816643,0.0001884299999801442,8.565000462112948e-05,0.00034260001848451793,0.07699999958276749,0.03750000149011612,0.1145000010728836,0.00774999987334013,0.013000000268220901,0.0022499999031424522,0.02199999988079071,-0.596405029296875,-0.6941280364990234,-0.9426566362380981,-0.5628855228424072,0.0
216,1416,-0.23966099766756987,-0.4182564140329912,-0.12066099766756988,0.10974358596700884,0.1631034365641373,0.1957270160849031,0.6026901602745056,0.49213576316833496,-1.0,0.8860465288162231,0.3084745705127716,0.07012499868869781,-0.08912499994039536,-0.019874999299645424,0.03375000134110451,9.13600015337579e-05,7.994000043254346e-05,6.28100024187006e-05,6.851999933132902e-05,0.014999999664723873,0.011500000022351742,0.026499999687075615,0.000750000006519258,0.0022499999031424522,0.0002500000118743628,0.0010000000474974513,-0.3708232641220093,0.9934610724449158,-0.2817500829696655,0.29803821444511414,-0.057810012
217,1417,-0.24898714995958177,-0.4130400673259378,-0.12998714995958177,0.11495993267406224,0.17352937870873544,0.17634838379716955,0.6054395437240601,0.4944806396961212,-1.0,0.8860465288162231,0.3084745705127716,0.06300000101327896,-0.0793749988079071,-0.01600000075995922,0.03525000065565109,0.00011420000373618677,0.0003197600017301738,0.0,0.00011991000064881518,0.03799999877810478,0.010499999858438969,0.048500001430511475,0.0012499999720603228,0.019999999552965164,0.0,0.008999999612569809,-0.37285253405570984,0.24206405878067017,0.5033272504806519,0.8159416317939758,0.0
218,1418,-0.24827910430980016,-0.41132931338047335,-0.12927910430980016,0.11667068661952668,0.17414113795256994,0.1752728494526393,0.5837507843971252,0.5033219456672668,-1.0,0.8860465288162231,0.3084745705127716,0.05624999850988388,-0.07599999755620956,-0.011500000022351742,0.04312499985098839,0.00011420000373618677,0.0003654400061350316,0.0001541700039524585,0.0003825699968729168,0.041999999433755875,0.04699999839067459,0.08900000154972076,0.0010000000474974513,0.02225000038743019,0.009750000201165676,0.023749999701976776,-0.5396265983581543,0.4780457317829132,-0.8655614852905273,0.5558629631996155,0.0
219,1419,-0.2566840046038979,-0.4085779870070001,-0.1376840046038979,0.11942201299299993,0.18225943682308035,0.16160594127897102,0.5853974223136902,0.5062214732170105,-1.0,0.8860465288162231,0.3084745705127716,0.04600000008940697,-0.06837499886751175,-0.024125000461935997,0.05237499997019768,0.00011420000373618677,0.0004054100136272609,8.565000462112948e-05,0.00042825000127777457,0.045499999076128006,0.04500000178813934,0.09049999713897705,0.001500000013038516,0.02474999986588955,0.002749999985098839,0.026000000536441803,0.09821006655693054,-0.9662713408470154,0.6587618589401245,0.6621787548065186,0.0
220,1420,-0.25272341233991535,-0.4120759809519909,-0.13372341233991536,0.11592401904800914,0.17697550451990302,0.1703747178194358,0.5658511519432068,0.5108847618103027,-1.0,0.8860465288162231,0.3084745705127716,0.04712500050663948,-0.07612500339746475,-0.02225000038743019,0.05550000071525574,0.00017701000615488738,9.13600015337579e-05,0.0003939900198020041,0.000982120051048696,0.023499999195337296,0.12049999833106995,0.14399999380111694,0.002749999985098839,0.0042500002309679985,0.023499999195337296,0.04450000077486038,0.7328171730041504,0.10140616446733475,0.3605029284954071,-0.049960795789957047,0.0
221,1421,-0.24751930764175578,-0.4159631156403049,-0.1285193076417558,0.11203688435969511,0.17049772987856454,0.18177651267610792,0.5750618577003479,0.5049559473991394,-1.0,0.8860465288162231,0.3084745705127716,0.05912499874830246,-0.07662499696016312,-0.019750000908970833,0.05550000071525574,0.0004625100118573755,0.00013703999866265804,0.000616680015809834,0.0009193100268021226,0.05249999836087227,0.13449999690055847,0.18700000643730164,0.006000000052154064,0.008999999612569809,0.03200000151991844,0.042750000953674316,0.9164897799491882,-0.009660270996391773,-0.9313151836395264,-0.6386247873306274,0.0
222,1422,-0.24409529970798954,-0.41877157019770284,-0.12509529970798955,0.10922842980229719,0.166071321684712,0.19000341812590676,0.5871644020080566,0.4983676075935364,-1.0,0.8860465288162231,0.3084745705127716,0.07412499934434891,-0.08087500184774399,-0.02199999988079071,0.05550000071525574,0.0010049600386992097,0.00025695000658743083,7.994000043254346e-05,0.00025695000658743083,0.11050000041723251,0.029500000178813934,0.14000000059604645,0.010250000283122063,0.017249999567866325,0.0017500000540167093,0.01899999938905239,0.7955814599990845,0.11917045712471008,-0.7617610096931458,0.28806811571121216,0.0
223,1423,-0.25186744827328555,-0.4151634179653073,-0.13286744827328556,0.11283658203469271,0.17431538387625503,0.17496770958123964,0.5951272249221802,0.4936075210571289,-1.0,0.8860465288162231,0.3084745705127716,0.08649999648332596,-0.0833749994635582,-0.035374999046325684,0.05550000071525574,0.001735839992761612,0.0004625100118573755,0.0,0.00047964000259526074,0.19249999523162842,0.041999999433755875,0.2345000058412552,0.015250000171363354,0.026499999687075615,0.0,0.029750000685453415,-0.8912190198898315,0.7624483704566956,0.6584697961807251,0.39902570843696594,0.0
224,1424,-0.2503692971447009,-0.4122445271601288,-0.13136929714470091,0.1157554728398712,0.1750920378677308,0.17361407919733157,0.5770524740219116,0.49972301721572876,-1.0,0.8860465288162231,0.3084745705127716,0.07625000178813934,-0.08312500268220901,-0.02787500061094761,0.06162500008940697,0.00017701000615488738,0.001358980080112815,0.00014275001012720168,0.0005938400281593204,0.13449999690055847,0.06449999660253525,0.19900000095367432,0.0024999999441206455,0.054499998688697815,0.009499999694526196,0.032249998301267624,-0.927794873714447,0.24709539115428925,0.2561710476875305,-0.507176399230957,0.0
225,1425,-0.2491945659672753,-0.4111829734701494,-0.1301945659672753,0.1168170265298506,0.17491953205598001,0.17391383204517194,0.5805365443229675,0.5046703219413757,-1.0,0.8860465288162231,0.3084745705127716,0.05900000035762787,-0.07175000011920929,-0.02787500061094761,0.06062500178813934,0.00017130000924225897,0.0008507900056429207,0.0002969200140796602,0.00019985000835731626,0.08950000256299973,0.04349999874830246,0.13300000131130219,0.0022499999031424522,0.04100000113248825,0.01899999938905239,0.015250000171363354,-0.9529783725738525,-0.20689192414283752,-0.5140613317489624,-0.6180495023727417,0.0
226,1426,-0.24037273143669707,-0.41375389509964483,-0.12137273143669708,0.1142461049003552,0.16668386970942198,0.18884311328152759,0.5832684636116028,0.5064695477485657,-1.0,0.8860465288162231,0.3084745705127716,0.041875001043081284,-0.06462500244379044,-0.02824999950826168,0.054875001311302185,0.00011420000373618677,0.0002969200140796602,7.423000351991504e-05,7.994000043254346e-05,0.035999998450279236,0.013500000350177288,0.0494999997317791,0.0010000000474974513,0.01899999938905239,0.0005000000237487257,0.0037499999161809683,0.36082765460014343,0.29644012451171875,-0.5541229248046875,-0.9950021505355835,0.0
227,1427,-0.2347663835576349,-0.4138240940817357,-0.11576638355763491,0.11417590591826432,0.16259764160119233,0.19671950132768312,0.6037843227386475,0.5021120309829712,-1.0,0.8860465288162231,0.3084745705127716,0.04712500050663948,-0.060750000178813934,-0.03824999928474426,0.03700000047683716,0.0003026300109922886,0.00037115000304766,0.0,6.851999933132902e-05,0.05900000035762787,0.006000000052154064,0.06499999761581421,0.004000000189989805,0.02225000038743019,-0.0002500000118743628,0.0022499999031424522,0.26662054657936096,0.7815396785736084,-0.39336127042770386,-0.7134261131286621,-0.07120335
228,1428,-0.23863820490874266,-0.41199570430475596,-0.11963820490874266,0.11600429569524406,0.16664422190263878,0.18891800027874983,0.616822361946106,0.5019930601119995,-1.0,0.8860465288162231,0.3084745705127716,0.05087500065565109,-0.05262500047683716,-0.03474999964237213,0.022624999284744263,0.0005139000131748617,0.0007023300277069211,7.423000351991504e-05,8.565000462112948e-05,0.10649999976158142,0.014000000432133675,0.12049999833106995,0.0062500000931322575,0.03525000065565109,0.0002500000118743628,0.0042500002309679985,-0.18052592873573303,0.08218041062355042,-0.9884965419769287,0.8772501945495605,0.0
229,1429,-0.23765658866738432,-0.41317432773289386,-0.11865658866738432,0.11482567226710616,0.16511911169145052,0.19182129090840827,0.6078181266784668,0.5050920248031616,-1.0,0.8860465288162231,0.3084745705127716,0.04962500184774399,-0.05262500047683716,-0.05312500149011612,0.03187499940395355,0.0001541700039524585,0.000799400033429265,0.0,0.00026837000041268766,0.08349999785423279,0.023499999195337296,0.10700000077486038,0.0020000000949949026,0.03824999928474426,0.0,0.01850000023841858,-0.714956521987915,-0.9470235109329224,-0.9981279969215393,-0.5441880226135254,-0.14377537
230,1430,-0.2328712309355508,-0.4146371969339826,-0.1138712309355508,0.11336280306601743,0.16067912855676741,0.20053002645502638,0.6101009845733643,0.5030943751335144,-1.0,0.8860465288162231,0.3084745705127716,0.03687499836087227,-0.05299999937415123,-0.0494999997317791,0.030750000849366188,9.13600015337579e-05,8.565000462112948e-05,6.851999933132902e-05,6.28100024187006e-05,0.01549999974668026,0.011500000022351742,0.027000000700354576,0.000750000006519258,0.0035000001080334187,0.0002500000118743628,0.0005000000237487257,0.7944739460945129,-0.2519807517528534,0.14974714815616608,-0.948258101940155,-0.006030343
231,1431,-0.23701349281992373,-0.41529598495114806,-0.11801349281992374,0.11270401504885197,0.16318510806960923,0.1955672281437417,0.6212297081947327,0.5006149411201477,-1.0,0.8860465288162231,0.3084745705127716,0.05062500014901161,-0.0572500005364418,-0.045625001192092896,0.012249999679625034,0.00021127000218257308,8.565000462112948e-05,0.0,6.851999933132902e-05,0.026000000536441803,0.006000000052154064,0.03200000151991844,0.003000000026077032,0.002749999985098839,0.0,0.0020000000949949026,-0.5875164270401001,-0.786497950553894,0.934390664100647,0.3143051862716675,0.0
232,1432,-0.23832861808765415,-0.41198354648164287,-0.11932861808765416,0.11601645351835715,0.16643057586178794,0.18932204756863072,0.6115965247154236,0.4994983375072479,-1.0,0.8860465288162231,0.3084745705127716,0.04112499952316284,-0.07100000232458115,-0.02812499925494194,0.017750000581145287,9.13600015337579e-05,7.423000351991504e-05,0.0,7.423000351991504e-05,0.014499999582767487,0.006500000134110451,0.020999999716877937,0.0,0.0010000000474974513,0.0,0.002749999985098839,-0.8017933368682861,0.5307598114013672,-0.6586406230926514,-0.05419448763132095,-0.10303687
233,1433,-0.2351171584172002,-0.4123466582292175,-0.11611715841720022,0.11565334177078251,0.16388682052451503,0.19419971217246315,0.6085380911827087,0.5051126480102539,-1.0,0.8860465288162231,0.3084745705127716,0.025875000283122063,-0.06262499839067459,-0.02437499910593033,0.017875000834465027,9.13600015337579e-05,9.13600015337579e-05,0.0,6.851999933132902e-05,0.01600000075995922,0.006000000052154064,0.02199999988079071,0.0005000000237487257,0.004000000189989805,0.0,0.0005000000237487257,-0.9002262949943542,0.2986237406730652,-0.9273488521575928,0.21422715485095978,-0.13528188
234,1434,-0.24701585307311724,-0.40592380646798243,-0.12801585307311725,0.1220761935320176,0.17689164950699215,0.17051764547868856,0.61600661277771,0.5044971704483032,-1.0,0.8860465288162231,0.3084745705127716,0.00912499986588955,-0.05612500011920929,-0.020749999210238457,0.021375000476837158,9.13600015337579e-05,8.565000462112948e-05,5.139000131748617e-05,6.851999933132902e-05,0.01549999974668026,0.010499999858438969,0.026000000536441803,0.0002500000118743628,0.0020000000949949026,0.0002500000118743628,0.001500000013038516,-0.05490117147564888,-0.8935100436210632,-0.8001773357391357,-0.8927655220031738,-0.12002129
235,1435,-0.24405470761812476,-0.4078826063625611,-0.12505470761812476,0.12011739363743895,0.17339800503957978,0.1765802113863229,0.5883352160453796,0.5153833627700806,-1.0,0.8860465288162231,0.3084745705127716,0.008375000208616257,-0.07187499850988388,-0.016875000670552254,0.005499999970197678,0.0,0.0,0.0,0.0,0.0,0.0,0.0,-0.0002500000118743628,0.0,0.0,0.0,-0.9868701100349426,0.4788697361946106,-0.6218409538269043,-0.6624412536621094,-0.3445383
236,1436,-0.26422323191859837,-0.39803527365370583,-0.14522323191859837,0.1299647263462942,0.1948861646786404,0.1424361219508926,0.5952216386795044,0.5120633840560913,-1.0,0.8860465288162231,0.3084745705127716,0.012000000104308128,-0.06300000101327896,-0.013124999590218067,0.008875000290572643,9.13600015337579e-05,6.851999933132902e-05,0.0,6.851999933132902e-05,0.014000000432133675,0.006000000052154064,0.019999999552965164,0.0,0.0,0.0,0.000750000006519258,0.2573935389518738,-0.6938787698745728,0.3739074468612671,0.8794764876365662,0.0
237,1437,-0.2832625333568863,-0.38698993704508017,-0.1642625333568863,0.14101006295491986,0.21648560626372518,0.11476645258898979,0.548318088054657,0.5287537574768066,-1.0,0.8860465288162231,0.3084745705127716,0.016625000163912773,-0.07599999755620956,-0.0063749998807907104,0.02525000087916851,9.707000572234392e-05,6.851999933132902e-05,7.423000351991504e-05,5.7100001868093386e-05,0.014499999582767487,0.011500000022351742,0.026000000536441803,0.0002500000118743628,0.0,0.0005000000237487257,0.000750000006519258,-0.9684250950813293,-0.9302318096160889,-0.7071552872657776,0.47162067890167236,0.0
238,1438,-0.2780515002770127,-0.3906105173417893,-0.1590515002770127,0.13738948265821072,0.21017433165222474,0.12224313391214682,0.5040405988693237,0.5474746823310852,-1.0,0.8860465288162231,0.3084745705127716,-0.0013749999925494194,-0.09350000321865082,-0.019375000149011612,0.03424999862909317,-2.8550000934046693e-05,7.423000351991504e-05,0.0,6.28100024187006e-05,0.008999999612569809,0.005499999970197678,0.014499999582767487,0.0,0.0002500000118743628,0.0,0.0002500000118743628,0.3596351146697998,-0.7125735878944397,-0.943042516708374,-0.8175035119056702,-0.13716511
239,1439,-0.27803001746488415,-0.39111220114016276,-0.15903001746488415,0.13688779885983726,0.2098304456735786,0.12266423454756283,0.5161592960357666,0.5413380861282349,-1.0,0.8860465288162231,0.3084745705127716,0.005375000182539225,-0.10662499815225601,-0.01575000025331974,0.01912499964237213,0.0,6.851999933132902e-05,7.423000351991504e-05,1.1420000191719737e-05,0.006000000052154064,0.007499999832361937,0.013500000350177288,-0.0002500000118743628,0.0,0.0002500000118743628,0.0,-0.4506820738315582,-0.6671068668365479,-0.365154892206192,-0.8692800402641296,-0.20639548
240,1440,-0.2548621837508626,-0.4049758371267603,-0.13586218375086262,0.12302416287323975,0.18328523569620817,0.15995666295591715,0.5162092447280884,0.5404877662658691,-1.0,0.8860465288162231,0.3084745705127716,0.008999999612569809,-0.11912500113248825,-0.02237500064074993,0.022749999538064003,7.994000043254346e-05,0.0,0.0,6.28100024187006e-05,0.007000000216066837,0.005499999970197678,0.012500000186264515,0.0,0.0,0.0,0.0002500000118743628,-0.20749981701374054,-0.6071960926055908,0.9450872540473938,0.09963728487491608,-0.09686354
241,1441,-0.26607313036330016,-0.39886274534679916,-0.14707313036330016,0.12913725465320086,0.19572157830506562,0.14125114778873485,0.5700879693031311,0.5169901251792908,-1.0,0.8860465288162231,0.3084745705127716,0.005125000141561031,-0.11537499725818634,-0.004875000100582838,0.024125000461935997,8.565000462112948e-05,0.0,7.423000351991504e-05,6.28100024187006e-05,0.007499999832361937,0.012000000104308128,0.019500000402331352,0.0,0.0,0.0002500000118743628,0.0010000000474974513,0.8976797461509705,-0.21685387194156647,-0.01268002949655056,-0.8997496962547302,-0.050022468
242,1442,-0.24216543603783536,-0.41298647987218884,-0.12316543603783536,0.11501352012781119,0.16851657024334593,0.18541370590808504,0.5440160036087036,0.5273512601852417,-1.0,0.8860465288162231,0.3084745705127716,0.02187499962747097,-0.11150000244379044,-0.004749999847263098,0.00774999987334013,0.0,0.0,0.0,3.425999966566451e-05,0.0,0.003000000026077032,0.003000000026077032,0.0,-0.0002500000118743628,-0.0002500000118743628,0.0002500000118743628,-0.3755466043949127,0.13996340334415436,0.4399251341819763,-0.24729125201702118,-0.12994495
243,1443,-0.2577529388558291,-0.40499725728609864,-0.13875293885582912,0.12300274271390138,0.18542398107114322,0.15657192174371826,0.5996152758598328,0.5034127235412598,-1.0,0.8860465288162231,0.3084745705127716,0.025499999523162842,-0.10774999856948853,0.0032500000670552254,0.011374999769032001,9.13600015337579e-05,0.0,0.0,6.28100024187006e-05,0.00800000037997961,0.005499999970197678,0.013500000350177288,0.0002500000118743628,-0.0002500000118743628,0.0,0.0005000000237487257,0.4238779842853546,-0.9471852779388428,0.10165970772504807,-0.5958678722381592,-0.14946309
244,1444,-0.21489809386336461,-0.43028185589037005,-0.09589809386336462,0.09771814410962998,0.13691340363476873,0.25432710224760174,0.5633652806282043,0.5169538259506226,-1.0,0.8860465288162231,0.3084745705127716,0.03350000083446503,-0.10400000214576721,0.006874999962747097,0.0005000000237487257,5.139000131748617e-05,0.0,6.851999933132902e-05,0.0,0.0044999998062849045,0.006000000052154064,0.010499999858438969,0.0,-0.0002500000118743628,0.0002500000118743628,0.0,0.6540353298187256,0.5312957167625427,-0.8296704888343811,-0.9310073852539062,-0.1357209
245,1445,-0.2290349873888195,-0.4223100311601801,-0.1100349873888195,0.1056899688398199,0.15257151753528497,0.21746547528978716,0.6630277037620544,0.4740985631942749,-1.0,0.8860465288162231,0.3084745705127716,0.045625001192092896,-0.09462500363588333,-0.008375000208616257,0.004000000189989805,9.13600015337579e-05,7.994000043254346e-05,0.0,6.28100024187006e-05,0.014999999664723873,0.005499999970197678,0.020500000566244125,0.0002500000118743628,0.000750000006519258,-0.0002500000118743628,0.0005000000237487257,0.30861735343933105,0.21104520559310913,0.7775789499282837,-0.36313125491142273,0.0
246,1446,-0.27889112293001284,-0.3919642461139704,-0.15989112293001284,0.13603575388602962,0.20993069696249975,0.12254132369153647,0.6301512122154236,0.4876101315021515,-1.0,0.8860465288162231,0.3084745705127716,0.05112500116229057,-0.09224999696016312,0.006000000052154064,-0.0024999999441206455,9.707000572234392e-05,9.13600015337579e-05,0.0,5.7100001868093386e-05,0.016499999910593033,0.004999999888241291,0.0215000007301569,0.000750000006519258,0.0037499999161809683,0.0,0.0,-0.5589988231658936,-0.9705942273139954,-0.9454314112663269,0.31925085186958313,-0.13745177
247,1447,-0.2714163267955809,-0.4012392165749424,-0.15241632679558093,0.12676078342505764,0.19823983678461726,0.1377384932730549,0.5142067074775696,0.539043664932251,-1.0,0.8860465288162231,0.3084745705127716,0.04125000163912773,-0.10849999636411667,0.009750000201165676,0.0031250000465661287,0.0,7.423000351991504e-05,0.0,6.28100024187006e-05,0.006500000134110451,0.005499999970197678,0.012000000104308128,-0.0002500000118743628,0.0,0.0,0.0005000000237487257,0.8906967639923096,-0.3776482045650482,0.23177242279052734,0.3137597441673279,0.0
248,1448,-0.24702929415423158,-0.41708976986430846,-0.1280292941542316,0.11091023013569157,0.16938884057216644,0.1838034303536981,0.531589925289154,0.5233233571052551,-1.0,0.8860465288162231,0.3084745705127716,0.057624999433755875,-0.11550000309944153,0.014000000432133675,0.008750000037252903,8.565000462112948e-05,0.0,0.0,6.28100024187006e-05,0.007499999832361937,0.005499999970197678,0.013000000268220901,0.0002500000118743628,0.0,0.0,0.0010000000474974513,-0.7247504591941833,-0.9044504165649414,0.8900344371795654,-0.389950156211853,-0.13253406
249,1449,-0.25390580665535933,-0.41231578607917774,-0.13490580665535934,0.11568421392082229,0.17771441702859048,0.16912043744201216,0.5883039832115173,0.4964580237865448,-1.0,0.8860465288162231,0.3084745705127716,0.04437499865889549,-0.11212500184774399,0.028750000521540642,0.001500000013038516,0.0,7.423000351991504e-05,9.13600015337579e-05,6.851999933132902e-05,0.006500000134110451,0.014000000432133675,0.020500000566244125,-0.0002500000118743628,0.000750000006519258,0.0037499999161809683,0.0010000000474974513,-0.5833929181098938,-0.36197414994239807,-0.11110024154186249,-0.0031251059845089912,-0.09400716
250,1450,-0.25377820783294824,-0.4128829597441315,-0.13477820783294825,0.11511704025586855,0.17724869044349142,0.1699099132523961,0.57231205701828,0.504549503326416,-1.0,0.8860465288162231,0.3084745705127716,0.04800000041723251,-0.1185000017285347,0.02850000001490116,0.0016250000335276127,0.0,0.0,7.423000351991504e-05,6.28100024187006e-05,0.0,0.012000000104308128,0.012000000104308128,0.0,0.0,0.0002500000118743628,0.000750000006519258,0.7147632837295532,-0.7870990633964539,-0.8031170964241028,-0.5860011577606201,-0.118451886
251,1451,-0.2610706810903574,-0.40928334424518975,-0.14207068109035742,0.11871665575481027,0.18514243916261924,0.15701335844347247,0.5726088285446167,0.5035881996154785,-1.0,0.8860465288162231,0.3084745705127716,0.061250001192092896,-0.11487500369548798,0.013749999925494194,-0.008750000037252903,9.13600015337579e-05,7.423000351991504e-05,7.423000351991504e-05,0.0,0.014499999582767487,0.006500000134110451,0.020999999716877937,0.0002500000118743628,0.0002500000118743628,-0.0002500000118743628,-0.0002500000118743628,0.6318820714950562,-0.6622587442398071,-0.8012194633483887,0.02390800043940544,-0.02113104
252,1452,-0.2535796026636182,-0.41509316688250675,-0.13457960266361818,0.11290683311749328,0.17566907074872007,0.17261515371033603,0.5556495785713196,0.5096892714500427,-1.0,0.8860465288162231,0.3084745705127716,0.0729999989271164,-0.12712499499320984,-0.0013749999925494194,-0.005125000141561031,9.13600015337579e-05,0.0,0.0,6.28100024187006e-05,0.00800000037997961,0.005499999970197678,0.013500000350177288,0.0002500000118743628,0.0,0.0,0.0,0.1754680871963501,-0.0543537512421608,0.17361262440681458,-0.5548945665359497,-0.03368894
253,1453,-0.2267391092223917,-0.4260261844426248,-0.10773910922239172,0.10197381555737522,0.14834545734657342,0.22685265402587385,0.5730707049369812,0.4998420774936676,-1.0,0.8860465288162231,0.3084745705127716,0.07625000178813934,-0.12337499856948853,0.002374999923631549,-0.01549999974668026,8.565000462112948e-05,0.0,0.0,0.0,0.007499999832361937,0.0,0.007499999832361937,0.0002500000118743628,0.0,0.0,0.0,-0.23748289048671722,0.7702012658119202,-0.8658838272094727,-0.6501247882843018,-0.22992106
254,1454,-0.227821572695582,-0.4245847942268498,-0.10882157269558201,0.10341520577315022,0.15012274800656575,0.2228564403519655,0.6354904174804688,0.481311559677124,-1.0,0.8860465288162231,0.3084745705127716,0.07187499850988388,-0.11012499779462814,0.006124999839812517,-0.012374999932944775,8.565000462112948e-05,9.13600015337579e-05,0.0,6.28100024187006e-05,0.01549999974668026,0.005499999970197678,0.020999999716877937,0.0002500000118743628,0.0022499999031424522,0.0,0.0012499999720603228,0.02144801616668701,0.9906884431838989,0.7515174150466919,0.19579042494297028,0.0
255,1455,-0.22756502277200635,-0.4265154793823345,-0.10856502277200636,0.10148452061766555,0.14861181680634836,0.22624921453797572,0.6329730749130249,0.48375457525253296,-1.0,0.8860465288162231,0.3084745705127716,0.07187499850988388,-0.09475000202655792,0.020124999806284904,-0.010250000283122063,0.00010848999954760075,0.00013133000175002962,0.0,7.994000043254346e-05,0.020999999716877937,0.007000000216066837,0.02800000086426735,0.0010000000474974513,0.008500000461935997,0.0,0.0042500002309679985,0.8917942047119141,-0.7047510743141174,-0.33147403597831726,0.09473028779029846,-0.06377689
256,1456,-0.23108986001410364,-0.42465636992096084,-0.11208986001410365,0.10334363007903918,0.1524599704705948,0.21770818698790823,0.6335697174072266,0.4804822504520416,-1.0,0.8860465288162231,0.3084745705127716,0.08824999630451202,-0.10462500154972076,0.023874999955296516,-0.008624999783933163,0.0001256200048374012,7.994000043254346e-05,0.0,8.565000462112948e-05,0.017999999225139618,0.007499999832361937,0.025499999523162842,0.001500000013038516,0.0020000000949949026,0.0,0.0044999998062849045,-0.8686341047286987,-0.7137794494628906,-0.3490528166294098,-0.506079912185669,-0.06588634
257,1457,-0.221637775386529,-0.4299141392105999,-0.10263777538652902,0.09808586078940013,0.14196953554581054,0.24178766497065574,0.6253724098205566,0.48363327980041504,-1.0,0.8860465288162231,0.3084745705127716,0.07262499630451202,-0.11699999868869781,0.02762500010430813,-0.015625,9.707000572234392e-05,0.0,0.0,-3.425999966566451e-05,0.008500000461935997,0.003000000026077032,0.011500000022351742,0.0002500000118743628,0.0,0.0,-0.0002500000118743628,-0.8358404636383057,-0.8706145882606506,-0.2536337673664093,-0.9405368566513062,-0.18290982
258,1458,-0.22597778826675496,-0.42700585676031494,-0.10697778826675497,0.10099414323968509,0.14711921747740736,0.22965153715278172,0.647354006767273,0.4747217893600464,-1.0,0.8860465288162231,0.3084745705127716,0.05712499842047691,-0.1132500022649765,0.03125,-0.03337499871850014,3.425999966566451e-05,6.851999933132902e-05,6.28100024187006e-05,6.28100024187006e-05,0.008999999612569809,0.010999999940395355,0.019999999552965164,0.0,0.0,0.0002500000118743628,0.0,-0.6285487413406372,-0.006623260676860809,0.8725142478942871,-0.3900446593761444,-0.09942585
259,1459,-0.22493934229847762,-0.42726752685630265,-0.10593934229847762,0.10073247314369738,0.1461854144307144,0.23180607411331539,0.6372609734535217,0.4796510934829712,-1.0,0.8860465288162231,0.3084745705127716,0.061000000685453415,-0.11312499642372131,0.04762500151991844,-0.04062499850988388,0.0,0.0,5.139000131748617e-05,0.0,0.0,0.0044999998062849045,0.0044999998062849045,-0.0002500000118743628,-0.0002500000118743628,0.0,0.0,0.9756126999855042,0.275941401720047,-0.03460134193301201,0.47927093505859375,-0.028152162
260,1460,-0.22524067699315853,-0.42720766854449754,-0.10624067699315853,0.10079233145550248,0.14644512804528706,0.2312048232825282,0.6396759748458862,0.4792075753211975,-1.0,0.8860465288162231,0.3084745705127716,0.07887499779462814,-0.10987500101327896,0.051500000059604645,-0.032875001430511475,9.13600015337579e-05,8.565000462112948e-05,0.0,7.423000351991504e-05,0.01549999974668026,0.006500000134110451,0.02199999988079071,0.0005000000237487257,0.0035000001080334187,-0.0002500000118743628,0.0022499999031424522,-0.20453475415706635,-0.6637018918991089,-0.742818295955658,-0.8590970635414124,-0.1131382
261,1461,-0.24028044665642528,-0.4189693255209254,-0.12128044665642529,0.10903067447907461,0.16308474704442458,0.19576359994272458,0.6389751434326172,0.4793090224266052,-1.0,0.8860465288162231,0.3084745705127716,0.07537499815225601,-0.12049999833106995,0.054999999701976776,-0.04774999991059303,0.0,0.0,7.423000351991504e-05,2.2840000383439474e-05,0.0,0.008500000461935997,0.008500000461935997,0.0,0.0,0.0002500000118743628,0.0,-0.41990968585014343,-0.9736449718475342,-0.08257658034563065,-0.7479314804077148,-0.3289784
262,1462,-0.2171211153497941,-0.4298849810924117,-0.09812111534979412,0.09811501890758834,0.138759901314191,0.24967404966660972,0.6039989590644836,0.4932723343372345,-1.0,0.8860465288162231,0.3084745705127716,0.07900000363588333,-0.11675000190734863,0.05362499877810478,-0.04412499815225601,8.565000462112948e-05,0.0,0.0,6.28100024187006e-05,0.007499999832361937,0.005499999970197678,0.013000000268220901,0.0002500000118743628,0.0,0.0,0.0002500000118743628,0.7759168148040771,0.28399211168289185,0.13673986494541168,-0.37888675928115845,-0.007591217
263,1463,-0.20794049361050382,-0.4321339131318613,-0.08894049361050382,0.09586608686813874,0.13076971367671336,0.2704421310735752,0.6578578948974609,0.4747712314128876,-1.0,0.8860465288162231,0.3084745705127716,0.09324999898672104,-0.11400000005960464,0.057374998927116394,-0.050999999046325684,0.00010278000263497233,9.707000572234392e-05,0.0,6.28100024187006e-05,0.017500000074505806,0.005499999970197678,0.023000000044703484,0.000750000006519258,0.004999999888241291,0.0,0.0,0.4085225462913513,0.4583810269832611,-0.605571448802948,-0.8668211698532104,-0.09666858
264,1464,-0.20704818271483588,-0.43082334064493244,-0.08804818271483589,0.09717665935506759,0.13113270226299759,0.2694622365338725,0.6792081594467163,0.47095945477485657,-1.0,0.8860465288162231,0.3084745705127716,0.10062500089406967,-0.10575000196695328,0.061124999076128006,-0.0676250010728836,0.00011991000064881518,0.00010278000263497233,0.0,6.28100024187006e-05,0.019500000402331352,0.005499999970197678,0.02500000037252903,0.0012499999720603228,0.005499999970197678,0.0,0.000750000006519258,0.2901703715324402,0.8542116284370422,0.7693667411804199,-0.5345262289047241,0.0
265,1465,-0.2032664438236273,-0.43120873891923134,-0.0842664438236273,0.09679126108076869,0.12833308917144504,0.27711272899134815,0.6812832951545715,0.47318077087402344,-1.0,0.8860465288162231,0.3084745705127716,0.10537499934434891,-0.09462500363588333,0.07562500238418579,-0.07762499898672104,0.00019985000835731626,0.00022840000747237355,0.0,6.851999933132902e-05,0.03750000149011612,0.006000000052154064,0.04349999874830246,0.0024999999441206455,0.015250000171363354,-0.0002500000118743628,0.000750000006519258,-0.09926033765077591,-0.11602436006069183,0.8183844089508057,-0.24244685471057892,0.0
266,1466,-0.20216569881323015,-0.43002404421606083,-0.08316569881323016,0.0979759557839392,0.12851389563338791,0.2766121439518867,0.6900780200958252,0.47252756357192993,-1.0,0.8860465288162231,0.3084745705127716,0.10474999994039536,-0.09437499940395355,0.09075000137090683,-0.08187499642372131,8.565000462112948e-05,0.0001598800008650869,3.997000021627173e-05,6.851999933132902e-05,0.0215000007301569,0.009499999694526196,0.03099999949336052,0.0002500000118743628,0.010499999858438969,0.0,0.0002500000118743628,-0.7044717073440552,-0.28158682584762573,-0.838062584400177,-0.9392291903495789,-0.124567516
267,1467,-0.2047958413925577,-0.42808200763519555,-0.08579584139255769,0.09991799236480448,0.13169863931897718,0.267941556988732,0.6926379203796387,0.4745355248451233,-1.0,0.8860465288162231,0.3084745705127716,0.09175000339746475,-0.09437499940395355,0.09449999779462814,-0.09912499785423279,9.707000572234392e-05,0.0,0.0,0.0,0.008500000461935997,0.0,0.008500000461935997,0.0,0.0,0.0,-0.0002500000118743628,-0.3622806668281555,0.21528345346450806,-0.9714186787605286,0.6041844487190247,-0.14057024
268,1468,-0.2039262062062726,-0.4240929922248038,-0.08492620620627261,0.10390700777519624,0.13419808778587355,0.26132749767909863,0.6865212917327881,0.4778271019458771,-1.0,0.8860465288162231,0.3084745705127716,0.08500000089406967,-0.09187500178813934,0.09825000166893005,-0.08900000154972076,8.565000462112948e-05,8.565000462112948e-05,0.0,6.851999933132902e-05,0.014999999664723873,0.006000000052154064,0.020999999716877937,0.0,0.003000000026077032,0.0,0.0020000000949949026,-0.8992905616760254,0.911504864692688,0.41391921043395996,-0.3809817433357239,0.0
269,1469,-0.20734754200034133,-0.4235785323151381,-0.08834754200034134,0.10442146768486193,0.1367813258122714,0.2546632338750742,0.6885436773300171,0.4845881462097168,-1.0,0.8860465288162231,0.3084745705127716,0.06800000369548798,-0.07524999976158142,0.10612499713897705,-0.0951249971985817,9.13600015337579e-05,9.13600015337579e-05,0.0,5.7100001868093386e-05,0.01600000075995922,0.004999999888241291,0.020999999716877937,0.0005000000237487257,0.0037499999161809683,-0.0002500000118743628,0.0,0.4206942617893219,-0.36382851004600525,0.523926317691803,0.08009511232376099,0.0
270,1470,-0.20761748370834826,-0.4236462129334484,-0.08861748370834827,0.10435378706655163,0.13690424132922457,0.25435040554133453,0.680587112903595,0.485460102558136,-1.0,0.8860465288162231,0.3084745705127716,0.07562500238418579,-0.08049999922513962,0.11574999988079071,-0.09475000202655792,0.00010848999954760075,6.851999933132902e-05,7.423000351991504e-05,6.851999933132902e-05,0.01549999974668026,0.012500000186264515,0.02800000086426735,0.0010000000474974513,0.000750000006519258,0.0,0.0022499999031424522,-0.5022541880607605,-0.3511708080768585,-0.97752445936203,-0.2846497893333435,0.0
271,1471,-0.2041846978389158,-0.4241837936252015,-0.0851846978389158,0.10381620637479855,0.13429161348335253,0.26108320357088133,0.6799593567848206,0.48534539341926575,-1.0,0.8860465288162231,0.3084745705127716,0.06674999743700027,-0.08662500232458115,0.09749999642372131,-0.09849999845027924,1.7129999832832254e-05,0.0,0.0,-6.851999933132902e-05,0.001500000013038516,0.006000000052154064,0.007499999832361937,0.0,0.0,0.0,-0.000750000006519258,-0.43955716490745544,0.9502742886543274,-0.6062763929367065,0.5011395812034607,-0.17350003
272,1472,-0.21203716059141003,-0.4181750254641901,-0.09303716059141004,0.10982497453580992,0.14393553516315252,0.2370805430159973,0.6879425644874573,0.48443424701690674,-1.0,0.8860465288162231,0.3084745705127716,0.07000000029802322,-0.07137499749660492,0.10137499868869781,-0.09049999713897705,0.00010278000263497233,0.00010278000263497233,0.0,7.423000351991504e-05,0.017999999225139618,0.006500000134110451,0.02449999935925007,0.0010000000474974513,0.004999999888241291,-0.0002500000118743628,0.0020000000949949026,-0.5593870282173157,0.8962499499320984,-0.8902884721755981,0.5019373893737793,-0.13083462
273,1473,-0.20081304969334718,-0.424756436823985,-0.08181304969334718,0.10324356317601502,0.1317292998440586,0.26785941729332235,0.6696810126304626,0.49461859464645386,-1.0,0.8860465288162231,0.3084745705127716,0.05974999815225601,-0.05687500163912773,0.1041250005364418,-0.08312500268220901,9.707000572234392e-05,0.0001484600070398301,8.565000462112948e-05,9.707000572234392e-05,0.0215000007301569,0.01600000075995922,0.03750000149011612,0.000750000006519258,0.009499999694526196,0.0017500000540167093,0.006000000052154064,0.9180720448493958,-0.8386499285697937,-0.3730214238166809,-0.9580772519111633,0.0
274,1474,-0.2020382463015541,-0.4233498600169337,-0.0830382463015541,0.10465013998306633,0.13359267250606577,0.26291441314768227,0.6957836151123047,0.48346367478370667,-1.0,0.8860465288162231,0.3084745705127716,0.0767500028014183,-0.06849999725818634,0.09812500327825546,-0.09799999743700027,0.00010278000263497233,7.423000351991504e-05,0.0,6.28100024187006e-05,0.01549999974668026,0.005499999970197678,0.020999999716877937,0.0010000000474974513,0.001500000013038516,0.0,0.0,-0.9555822014808655,-0.7651979923248291,-0.6612230539321899,0.0023117992095649242,-0.10334677
275,1475,-0.21003880138678416,-0.42095614173120677,-0.09103880138678416,0.10704385826879326,0.14052206570859904,0.2453129204462178,0.6929343342781067,0.48584768176078796,-1.0,0.8860465288162231,0.3084745705127716,0.05937499925494194,-0.0820000022649765,0.10187499970197678,-0.09787499904632568,0.0,0.0,7.423000351991504e-05,0.0,0.0,0.006500000134110451,0.006500000134110451,0.0,0.0,0.0,-0.0002500000118743628,-0.3515097498893738,0.633920431137085,-0.9879163503646851,0.914305567741394,-0.066181175
276,1476,-0.21181966519161582,-0.42078603764991257,-0.09281966519161583,0.10721396235008746,0.14181087394515848,0.24217159364322585,0.6743283867835999,0.48990485072135925,-1.0,0.8860465288162231,0.3084745705127716,0.06274999678134918,-0.07275000214576721,0.0833749994635582,-0.08212500065565109,9.707000572234392e-05,9.707000572234392e-05,0.0,7.423000351991504e-05,0.017000000923871994,0.006500000134110451,0.023499999195337296,0.000750000006519258,0.005249999929219484,0.0,0.0024999999441206455,0.07660795748233795,0.37395620346069336,-0.2235313206911087,0.35957422852516174,-0.050823763
277,1477,-0.20480390479105048,-0.41880747382620365,-0.08580390479105049,0.10919252617379638,0.13887158762542778,0.24939535359207424,0.6701868176460266,0.4901931583881378,-1.0,0.8860465288162231,0.3084745705127716,0.0637499988079071,-0.06587500125169754,0.08712500333786011,-0.07575000077486038,0.0001256200048374012,9.707000572234392e-05,0.0,7.994000043254346e-05,0.019500000402331352,0.007000000216066837,0.026499999687075615,0.001500000013038516,0.005499999970197678,0.0,0.003000000026077032,-0.6469261646270752,0.975775957107544,-0.982400119304657,-0.9422899484634399,-0.14188802
278,1478,-0.20901910100085996,-0.4133635587378761,-0.09001910100085997,0.11463644126212391,0.1457564825668053,0.23280249969336353,0.6865025758743286,0.49354666471481323,-1.0,0.8860465288162231,0.3084745705127716,0.0521249994635582,-0.048624999821186066,0.09087499976158142,-0.09200000017881393,8.565000462112948e-05,0.00011420000373618677,0.0,6.28100024187006e-05,0.017500000074505806,0.005499999970197678,0.023000000044703484,0.0005000000237487257,0.007499999832361937,0.0,0.0002500000118743628,-0.5481580495834351,0.9009964466094971,-0.773615837097168,0.7204699516296387,-0.11683391
279,1479,-0.20936869870577873,-0.4120766258532116,-0.09036869870577874,0.11592337414678844,0.14698547676335957,0.22995888023399633,0.6766997575759888,0.502773642539978,-1.0,0.8860465288162231,0.3084745705127716,0.041749998927116394,-0.03474999964237213,0.09449999779462814,-0.08124999701976776,0.00010848999954760075,0.00019414001144468784,6.851999933132902e-05,9.707000572234392e-05,0.026499999687075615,0.014499999582767487,0.04100000113248825,0.000750000006519258,0.013500000350177288,0.0002500000118743628,0.005750000011175871,-0.03285162150859833,0.7190802693367004,-0.8675554394721985,0.04879462718963623,0.0
280,1480,-0.20501679477005696,-0.41129506072213223,-0.08601679477005697,0.11670493927786779,0.14497907378089056,0.23461937992260248,0.6758867502212524,0.5049548745155334,-1.0,0.8860465288162231,0.3084745705127716,0.04137500002980232,-0.025875000283122063,0.07837499678134918,-0.08112499862909317,9.707000572234392e-05,0.00037115000304766,0.0,0.00010848999954760075,0.04100000113248825,0.009499999694526196,0.05050000175833702,0.0005000000237487257,0.02250000089406967,0.0,0.007249999791383743,-0.3796219229698181,0.27428004145622253,0.39091137051582336,-0.5537556409835815,0.0
281,1481,-0.20881974521373775,-0.40891543633954835,-0.08981974521373776,0.11908456366045167,0.14916004804390798,0.2250122395090826,0.6860074400901794,0.5062795877456665,-1.0,0.8860465288162231,0.3084745705127716,0.03412500023841858,-0.017625000327825546,0.08562500029802322,-0.08837500214576721,0.00010848999954760075,0.00023982000129763037,0.0,6.851999933132902e-05,0.030500000342726707,0.006000000052154064,0.0364999994635582,0.0010000000474974513,0.016249999403953552,0.0,0.0010000000474974513,-0.6673953533172607,-0.11819176375865936,-0.8715713620185852,0.46465691924095154,-0.12858857
282,1482,-0.20699475957494673,-0.407942890162789,-0.08799475957494673,0.12005710983721102,0.14885156141309647,0.2257074439407016,0.6771633625030518,0.5103127956390381,-1.0,0.8860465288162231,0.3084745705127716,0.02174999937415123,-0.01600000075995922,0.08924999833106995,-0.08137500286102295,9.707000572234392e-05,0.00013703999866265804,7.423000351991504e-05,8.565000462112948e-05,0.020500000566244125,0.014000000432133675,0.03449999913573265,0.000750000006519258,0.008750000037252903,0.0002500000118743628,0.0042500002309679985,0.48067498207092285,0.979728102684021,-0.7025913000106812,-0.3063642382621765,0.0
283,1483,-0.21100037041408914,-0.40509054615401774,-0.09200037041408915,0.12290945384598229,0.15352785415372436,0.21539568616764646,0.6814075112342834,0.5119612216949463,-1.0,0.8860465288162231,0.3084745705127716,0.028750000521540642,-0.008124999701976776,0.07625000178813934,-0.08550000190734863,0.0003654400061350316,0.0005481599946506321,0.0,6.851999933132902e-05,0.07999999821186066,0.006000000052154064,0.0860000029206276,0.004749999847263098,0.029500000178813934,0.0,0.0012499999720603228,-0.7999200224876404,0.364921510219574,-0.9811023473739624,0.38965094089508057,-0.14173229
284,1484,-0.2176250373093509,-0.40115205418888156,-0.0986250373093509,0.12684794581111847,0.16067762551385711,0.20053304053002344,0.6720921397209167,0.5167956948280334,-1.0,0.8860465288162231,0.3084745705127716,0.015625,0.0021250001154839993,0.07999999821186066,-0.08150000125169754,0.00011420000373618677,0.0003654400061350316,1.1420000191719737e-05,0.00010278000263497233,0.041999999433755875,0.009999999776482582,0.052000001072883606,0.0012499999720603228,0.02250000089406967,0.0,0.00774999987334013,0.2950499355792999,-0.2454736828804016,0.8482182621955872,0.7539688348770142,0.0
285,1485,-0.20721525234805266,-0.4065423660309847,-0.08821525234805266,0.12145763396901532,0.15011291615374714,0.22287835234633757,0.6566859483718872,0.5234711170196533,-1.0,0.8860465288162231,0.3084745705127716,0.01875000074505806,0.0021250001154839993,0.08974999934434891,-0.07500000298023224,0.000491060025524348,0.00019985000835731626,0.0001884299999801442,0.0003768599999602884,0.060499999672174454,0.0494999997317791,0.10999999940395355,0.006000000052154064,0.013500000350177288,0.012249999679625034,0.023000000044703484,0.9959275126457214,0.9547380208969116,-0.47439828515052795,-0.9784984588623047,0.0
286,1486,-0.20781739903436447,-0.4049631752583422,-0.08881739903436447,0.12303682474165784,0.1517451502148881,0.21926998457936547,0.6808947324752808,0.5143349766731262,-1.0,0.8860465288162231,0.3084745705127716,0.03525000065565109,0.0031250000465661287,0.08699999749660492,-0.08375000208616257,0.001050640014000237,0.0011020300444215536,0.0,8.565000462112948e-05,0.18850000202655792,0.007499999832361937,0.19599999487400055,0.010250000283122063,0.04724999889731407,0.0,0.004000000189989805,-0.5270872712135315,0.5987889766693115,-0.28663012385368347,0.21381595730781555,-0.05839562
287,1487,-0.21502713384655858,-0.4002526633657779,-0.09602713384655859,0.1277473366342221,0.15981424358273622,0.20227190227531797,0.6794944405555725,0.5170115828514099,-1.0,0.8860465288162231,0.3084745705127716,0.029124999418854713,0.009499999694526196,0.09049999713897705,-0.08375000208616257,0.00019414001144468784,0.0014960200060158968,6.851999933132902e-05,0.0001541700039524585,0.14800000190734863,0.019500000402331352,0.16750000417232513,0.002749999985098839,0.05674999952316284,0.0005000000237487257,0.012000000104308128,-0.834221363067627,-0.33476540446281433,0.4649002254009247,0.3887248635292053,0.0
288,1488,-0.2106950114709622,-0.40294769238465555,-0.0916950114709622,0.12505230761534447,0.1550679037344048,0.2121038984481334,0.6627275943756104,0.5249955058097839,-1.0,0.8860465288162231,0.3084745705127716,0.014000000432133675,0.014875000342726707,0.09375,-0.08137500286102295,0.00014275001012720168,0.0006623599911108613,0.0001598800008650869,0.0003825699968729168,0.07050000131130219,0.04749999940395355,0.11800000071525574,0.0017500000540167093,0.03350000083446503,0.011250000447034836,0.02174999937415123,0.8594556450843811,0.43430957198143005,-0.3423752784729004,-0.2536322772502899,0.0
289,1489,-0.20672586919410013,-0.40423903831228886,-0.08772586919410014,0.12376096168771117,0.1516990565683501,0.21937107740791714,0.6728022694587708,0.5204276442527771,-1.0,0.8860465288162231,0.3084745705127716,0.02525000087916851,0.015124999918043613,0.09274999797344208,-0.08137500286102295,0.0011534200748428702,0.0011876800563186407,6.851999933132902e-05,0.00016558999777771533,0.20499999821186066,0.020500000566244125,0.22550000250339508,0.011250000447034836,0.04924999922513962,0.0005000000237487257,0.012249999679625034,0.5230558514595032,0.6934614777565002,-0.9902976751327515,0.49818551540374756,-0.041607693
290,1490,-0.20680485979775404,-0.4020879109437324,-0.08780485979775404,0.1259120890562676,0.15350422656922744,0.2154465849782414,0.6820328831672668,0.51823890209198,-1.0,0.8860465288162231,0.3084745705127716,0.03212499991059303,0.014999999664723873,0.07462500035762787,-0.08137500286102295,0.0020099200773984194,0.001667320029810071,0.0,0.0005024800193496048,0.32199999690055847,0.04399999976158142,0.3659999966621399,0.017000000923871994,0.0625,-0.0002500000118743628,0.030750000849366188,-0.9598838090896606,0.43927857279777527,-0.7522319555282593,-0.057199545204639435,-0.11426784
291,1491,-0.21098437341499027,-0.4010877363501269,-0.09198437341499027,0.12691226364987312,0.15674133984779917,0.20858400890671985,0.6818491816520691,0.5218849182128906,-1.0,0.8860465288162231,0.3084745705127716,0.020874999463558197,0.021375000476837158,0.078125,-0.07724999636411667,0.00028550002025440335,0.0018443299923092127,6.28100024187006e-05,0.000308340007904917,0.18649999797344208,0.032499998807907104,0.21899999678134918,0.0037499999161809683,0.06599999964237213,0.0002500000118743628,0.020500000566244125,-0.31512343883514404,0.8095734715461731,0.07595295459032059,0.16074959933757782,-0.04573767
292,1492,-0.20914670883150516,-0.3968940514847651,-0.09014670883150516,0.13110594851523494,0.159107507205762,0.20370649481154965,0.6721293926239014,0.5235801339149475,-1.0,0.8860465288162231,0.3084745705127716,0.01549999974668026,0.025499999523162842,0.07925000041723251,-0.07487499713897705,0.00021127000218257308,0.0021412500645965338,7.423000351991504e-05,0.0003140500048175454,0.20600000023841858,0.03400000184774399,0.23999999463558197,0.002749999985098839,0.07374999672174454,0.000750000006519258,0.02174999937415123,-0.9278146624565125,0.8946755528450012,-0.9086250066757202,-0.8698117136955261,-0.058511782
293,1493,-0.2064927268975214,-0.3980696782648939,-0.08749272689752141,0.1299303217351061,0.15664247752813557,0.20879032186245552,0.6764029860496521,0.5306880474090576,-1.0,0.8860465288162231,0.3084745705127716,-0.0022499999031424522,0.042374998331069946,0.06262499839067459,-0.08224999904632568,0.0002512400096748024,0.0013818200677633286,0.0,8.565000462112948e-05,0.14300000667572021,0.007499999832361937,0.15049999952316284,0.0035000001080334187,0.05525000020861626,0.0,0.004000000189989805,0.7354253530502319,-0.9155895113945007,-0.977694034576416,-0.7030900716781616,-0.1413233
294,1494,-0.20589414798275912,-0.39804642265583434,-0.08689414798275913,0.12995357734416568,0.15632826109886752,0.2094474071508065,0.6825750470161438,0.5286954641342163,-1.0,0.8860465288162231,0.3084745705127716,0.0062500000931322575,0.041999999433755875,0.06624999642372131,-0.09612499922513962,0.001581670017912984,0.0003368900215718895,7.423000351991504e-05,9.707000572234392e-05,0.1679999977350235,0.014999999664723873,0.18299999833106995,0.014000000432133675,0.02174999937415123,0.0002500000118743628,0.005499999970197678,0.36113643646240234,0.9522786736488342,-0.7514364123344421,0.0728398784995079,0.0
295,1495,-0.20389133631788098,-0.3980691570701807,-0.08489133631788098,0.12993084292981932,0.15520490625714434,0.21181350972179186,0.683967113494873,0.5287348628044128,-1.0,0.8860465288162231,0.3084745705127716,0.011500000022351742,0.041999999433755875,0.05237499997019768,-0.09624999761581421,0.0020099200773984194,0.0014617600245401263,0.0,0.00011420000373618677,0.30399999022483826,0.009999999776482582,0.3140000104904175,0.017000000923871994,0.0572500005364418,0.0,0.008249999955296516,-0.7422200441360474,-0.6866713166236877,0.7458384037017822,-0.5477297902107239,0.0
296,1496,-0.19772555322336832,-0.39951630661583554,-0.07872555322336833,0.1284836933841645,0.15068434622070534,0.2216083903563096,0.6886247992515564,0.5286963582038879,-1.0,0.8860465288162231,0.3084745705127716,0.004875000100582838,0.042249999940395355,0.06624999642372131,-0.10350000113248825,0.00019414001144468784,0.0005767100374214351,0.0,7.423000351991504e-05,0.06750000268220901,0.006500000134110451,0.07400000095367432,0.0024999999441206455,0.03099999949336052,0.0,0.0022499999031424522,0.681074321269989,-0.4490703046321869,-0.975307822227478,-0.9910321235656738,-0.14103694
297,1497,-0.19578682853908402,-0.39950421919132767,-0.07678682853908403,0.12849578080867236,0.14969095738460977,0.2238207940579537,0.7029638290405273,0.5262435674667358,-1.0,0.8860465288162231,0.3084745705127716,0.013249999843537807,0.042249999940395355,0.07012499868869781,-0.12312500178813934,0.0011705500073730946,0.00020556000526994467,0.0,8.565000462112948e-05,0.12049999833106995,0.007499999832361937,0.12800000607967377,0.011250000447034836,0.01425000000745058,-0.0002500000118743628,0.0044999998062849045,-0.5462356805801392,0.802054762840271,0.5082300901412964,-0.5034580230712891,0.0
298,1498,-0.19510820145966556,-0.3997495201537016,-0.07610820145966557,0.12825047984629845,0.14913297392002495,0.22507316784909423,0.7074725031852722,0.5262640118598938,-1.0,0.8860465288162231,0.3084745705127716,0.00774999987334013,0.04500000178813934,0.0793749988079071,-0.13112500309944153,0.00017130000924225897,0.0007651399937458336,6.851999933132902e-05,6.851999933132902e-05,0.0820000022649765,0.012000000104308128,0.09399999678134918,0.0020000000949949026,0.038750000298023224,0.0002500000118743628,0.0017500000540167093,-0.16083267331123352,-0.3347345292568207,0.25319981575012207,-0.3395708203315735,0.0
299,1499,-0.19906099342510597,-0.39780261566292985,-0.08006099342510598,0.13019738433707018,0.15284345441146516,0.21687490981609847,0.709050714969635,0.5258482694625854,-1.0,0.8860465288162231,0.3084745705127716,0.005125000141561031,0.045249998569488525,0.08412499725818634,-0.13712500035762787,0.00011991000064881518,0.00042825000127777457,0.0,6.28100024187006e-05,0.04800000041723251,0.005499999970197678,0.05350000038743019,0.0012499999720603228,0.025750000029802322,0.0,0.0012499999720603228,-0.024825768545269966,-0.39377322793006897,-0.9924603700637817,0.9523462057113647,-0.14309525
300,1500,-0.19781531699531213,-0.39887738468582623,-0.07881531699531213,0.1291226153141738,0.1512762505439755,0.22030055509811816,0.6998581290245056,0.5291481018066406,-1.0,0.8860465288162231,0.3084745705127716,0.004625000059604645,0.04500000178813934,0.08787500113248825,-0.12475000321865082,0.00014275001012720168,0.0001598800008650869,5.7100000958598685e-06,0.00016558999777771533,0.026499999687075615,0.014999999664723873,0.04149999842047691,0.001500000013038516,0.011500000022351742,0.0,0.012000000104308128,0.4143836200237274,-0.02749866433441639,-0.8174417614936829,-0.39353665709495544,-0.122093014
301,1501,-0.18913078856031684,-0.40222235158162944,-0.07013078856031685,0.12577764841837058,0.14400813985933958,0.23690847388071712,0.7027550935745239,0.5273264646530151,-1.0,0.8860465288162231,0.3084745705127716,0.008249999955296516,0.04450000077486038,0.09162499755620956,-0.12687499821186066,0.0009764100541360676,0.00016558999777771533,0.0,6.851999933132902e-05,0.10000000149011612,0.006000000052154064,0.10599999874830246,0.009750000201165676,0.011500000022351742,0.0,0.001500000013038516,-0.5206364989280701,-0.7415244579315186,0.49059048295021057,-0.958246111869812,0.0
302,1502,-0.1857069219178657,-0.4008884154338556,-0.0667069219178657,0.1271115845661444,0.14355197094666555,0.23799164535751585,0.7229516506195068,0.5216570496559143,-1.0,0.8860465288162231,0.3084745705127716,0.0031250000465661287,0.0351249985396862,0.10087499767541885,-0.14425000548362732,8.565000462112948e-05,8.565000462112948e-05,0.0,6.28100024187006e-05,0.014999999664723873,0.005499999970197678,0.020500000566244125,0.0005000000237487257,0.0024999999441206455,-0.0002500000118743628,0.0005000000237487257,-0.9276001453399658,0.05656565725803375,-0.9091508984565735,-0.8476186990737915,-0.13309811
303,1503,-0.18630789664751807,-0.401010731223424,-0.06730789664751807,0.12698926877657601,0.14372413623161015,0.23758225887496529,0.7309141159057617,0.5239179134368896,-1.0,0.8860465288162231,0.3084745705127716,-0.01412499975413084,0.035374999046325684,0.10462500154972076,-0.1599999964237213,8.565000462112948e-05,9.13600015337579e-05,0.0,6.851999933132902e-05,0.01549999974668026,0.006000000052154064,0.0215000007301569,0.0002500000118743628,0.004000000189989805,-0.0002500000118743628,0.0002500000118743628,0.7906044721603394,0.7545120716094971,0.9011785984039307,-0.2860375940799713,0.0
304,1504,-0.18905047357910598,-0.39822670465556853,-0.07005047357910599,0.1297732953444315,0.14747263147177536,0.2288413489846665,0.7295165061950684,0.5237106084823608,-1.0,0.8860465288162231,0.3084745705127716,-0.0008750000270083547,0.042500000447034836,0.12137500196695328,-0.1653749942779541,0.00023411000438500196,0.00026837000041268766,0.0,6.851999933132902e-05,0.04399999976158142,0.006000000052154064,0.05000000074505806,0.0032500000670552254,0.017999999225139618,0.0,0.0005000000237487257,0.191920667886734,0.9565868377685547,-0.6624085903167725,0.9077260494232178,-0.103489034
305,1505,-0.19414692846248205,-0.39909797875883435,-0.07514692846248205,0.12890202124116568,0.14920721141219456,0.22490614117961266,0.7231384515762329,0.5284293293952942,-1.0,0.8860465288162231,0.3084745705127716,0.0012499999720603228,0.05050000175833702,0.1251250058412552,-0.1535000056028366,0.00047964000259526074,0.0007537199999205768,0.0,0.0001541700039524585,0.1080000028014183,0.013500000350177288,0.12150000035762787,0.006000000052154064,0.0377499982714653,0.0,0.01075000036507845,0.8963301181793213,0.43565255403518677,-0.9396253824234009,0.9768685102462769,-0.13675506
306,1506,-0.19223567741648762,-0.39805170799229594,-0.07323567741648762,0.12994829200770408,0.14916441613994727,0.22500241097302218,0.711286187171936,0.5269525647163391,-1.0,0.8860465288162231,0.3084745705127716,0.013875000178813934,0.05000000074505806,0.1287499964237213,-0.14124999940395355,0.0015474100364372134,0.0013646900188177824,7.423000351991504e-05,0.0003368900215718895,0.2549999952316284,0.035999998450279236,0.29100000858306885,0.01425000000745058,0.054999999701976776,0.0002500000118743628,0.022749999538064003,-0.6914708018302917,-0.8494457602500916,-0.9406192898750305,-0.29811450839042664,0.0
307,1507,-0.18988525745389073,-0.3969442411569397,-0.07088525745389074,0.1310557588430603,0.14899775719867314,0.22537771025703096,0.7157309651374817,0.5287259221076965,-1.0,0.8860465288162231,0.3084745705127716,0.006874999962747097,0.05000000074505806,0.11137499660253525,-0.14100000262260437,0.00019985000835731626,0.00037115000304766,0.0,0.0001541700039524585,0.05000000074505806,0.013500000350177288,0.06350000202655792,0.0024999999441206455,0.023250000551342964,-0.0002500000118743628,0.011250000447034836,-0.982358455657959,0.34526875615119934,-0.5031522512435913,-0.5923199653625488,-0.08437827
308,1508,-0.19386889111599492,-0.39380660473742546,-0.07486889111599493,0.13419339526257457,0.1536659304759395,0.21509848095820613,0.7211970686912537,0.5306029915809631,-1.0,0.8860465288162231,0.3084745705127716,-0.010999999940395355,0.057624999433755875,0.11500000208616257,-0.14662499725818634,0.0001256200048374012,0.00032546999864280224,7.423000351991504e-05,6.28100024187006e-05,0.039500001817941666,0.012000000104308128,0.051500000059604645,0.001500000013038516,0.020749999210238457,0.0,0.0005000000237487257,-0.20606155693531036,0.9692810773849487,-0.8016895055770874,0.4001382887363434,0.0
309,1509,-0.20120799890971297,-0.39095783614297713,-0.08220799890971298,0.1370421638570229,0.15980835322145862,0.20228381717203686,0.7119328379631042,0.535921037197113,-1.0,0.8860465288162231,0.3084745705127716,-0.014875000342726707,0.06700000166893005,0.10012499988079071,-0.14425000548362732,0.0001541700039524585,0.0007936900365166366,0.0,0.0001484600070398301,0.08299999684095383,0.013000000268220901,0.09600000083446503,0.0017500000540167093,0.03824999928474426,-0.0002500000118743628,0.01075000036507845,-0.9708635210990906,-0.9253895878791809,-0.04310557618737221,0.9160737991333008,-0.02917267
310,1510,-0.19715618879062102,-0.39274896096204553,-0.07815618879062103,0.1352510390379545,0.15620894150822956,0.2096974680958007,0.6948651075363159,0.5407494306564331,-1.0,0.8860465288162231,0.3084745705127716,-0.032625000923871994,0.06662499904632568,0.10374999791383743,-0.12425000220537186,0.00010848999954760075,9.707000572234392e-05,7.423000351991504e-05,9.13600015337579e-05,0.017999999225139618,0.014499999582767487,0.032499998807907104,0.0010000000474974513,0.0044999998062849045,0.0,0.004999999888241291,0.9115926623344421,0.8259232044219971,-0.20140227675437927,-0.43586036562919617,0.0
311,1511,-0.19632652534346123,-0.39502945045025334,-0.07732652534346124,0.13297054954974669,0.15381989003134344,0.21476757109228586,0.7042879462242126,0.5377136468887329,-1.0,0.8860465288162231,0.3084745705127716,-0.019375000149011612,0.0677499994635582,0.10012499988079071,-0.13099999725818634,0.0008279500179924071,0.0006395200034603477,0.0,6.851999933132902e-05,0.12849999964237213,0.006000000052154064,0.13449999690055847,0.008500000461935997,0.032999999821186066,-0.0002500000118743628,0.0022499999031424522,0.9420744776725769,-0.6409296989440918,-0.13382190465927124,-0.3335799276828766,-0.040058628
312,1512,-0.19345439272619408,-0.39880959231820945,-0.07445439272619409,0.12919040768179058,0.14910941631303368,0.22512619594724914,0.7062174081802368,0.5338484048843384,-1.0,0.8860465288162231,0.3084745705127716,-0.0036249998956918716,0.06224999949336052,0.10374999791383743,-0.1379999965429306,0.0012847500620409846,0.000308340007904917,7.423000351991504e-05,9.13600015337579e-05,0.13950000703334808,0.014499999582767487,0.15399999916553497,0.012249999679625034,0.019999999552965164,0.0,0.0037499999161809683,0.8921191692352295,-0.6124428510665894,-0.7681354284286499,-0.14936326444149017,0.0
313,1513,-0.18479260908063705,-0.4010072095086346,-0.06579260908063705,0.12699279049136541,0.14302390096211667,0.23925173194369545,0.7128967642784119,0.5274413824081421,-1.0,0.8860465288162231,0.3084745705127716,0.013249999843537807,0.048875000327825546,0.08937499672174454,-0.14037500321865082,0.0012219400377944112,0.0003882800228893757,0.0,7.994000043254346e-05,0.14100000262260437,0.007000000216066837,0.14800000190734863,0.011749999597668648,0.024000000208616257,0.0,0.003000000026077032,-0.6986043453216553,-0.6921770572662354,-0.8096927404403687,-0.8237431645393372,-0.12116314
314,1514,-0.1977714048957206,-0.399884839410467,-0.0787714048957206,0.12811516058953304,0.15039424391288184,0.22225221483436639,0.733040452003479,0.5237165689468384,-1.0,0.8860465288162231,0.3084745705127716,0.005499999970197678,0.045499999076128006,0.09312500059604645,-0.1547500044107437,0.00013703999866265804,0.00010848999954760075,0.0,6.851999933132902e-05,0.0215000007301569,0.006000000052154064,0.027499999850988388,0.0012499999720603228,0.004999999888241291,0.0,0.0010000000474974513,-0.5783056616783142,-0.7667180299758911,-0.9701219797134399,0.985599160194397,-0.14041466
315,1515,-0.20172087348992152,-0.39706467937988604,-0.08272087348992152,0.13093532062011398,0.15487672871295946,0.21250977596607762,0.7028571963310242,0.5256189107894897,-1.0,0.8860465288162231,0.3084745705127716,-0.004875000100582838,0.032999999821186066,0.09687499701976776,-0.1367499977350235,9.13600015337579e-05,7.994000043254346e-05,0.0,7.423000351991504e-05,0.014999999664723873,0.006500000134110451,0.0215000007301569,0.0005000000237487257,0.0012499999720603228,0.0,0.0017500000540167093,-0.7661322355270386,-0.8499191403388977,0.5385918617248535,-0.0745721235871315,0.0
316,1516,-0.19989912759383877,-0.40076029920292966,-0.08089912759383877,0.12723970079707037,0.15078000631506883,0.22139650092395094,0.6936723589897156,0.5303988456726074,-1.0,0.8860465288162231,0.3084745705127716,-0.01887499913573265,0.017750000581145287,0.10700000077486038,-0.13725000619888306,8.565000462112948e-05,0.0,0.0,-5.7100000958598685e-06,0.007499999832361937,0.0005000000237487257,0.00800000037997961,0.0,0.0,-0.0002500000118743628,0.0,0.7631168365478516,0.4270126223564148,0.10046692937612534,-0.25360041856765747,-0.06637602
317,1517,-0.2269994392222479,-0.38818046384115673,-0.10799943922224792,0.1398195361588433,0.1766730923598557,0.1708907315346204,0.6979089975357056,0.5241351127624512,-1.0,0.8860465288162231,0.3084745705127716,-0.005249999929219484,0.022874999791383743,0.1106249988079071,-0.13487499952316284,0.00010848999954760075,0.00010278000263497233,7.423000351991504e-05,7.423000351991504e-05,0.01850000023841858,0.013000000268220901,0.03150000050663948,0.0012499999720603228,0.005750000011175871,0.0,0.002749999985098839,-0.6143378019332886,-0.817156195640564,-0.7909716367721558,0.8974124193191528,0.0
318,1518,-0.20295394430374203,-0.40144873255274305,-0.08395394430374203,0.12655126744725698,0.15186667855939626,0.2190036712529681,0.6348850131034851,0.5454568266868591,-1.0,0.8860465288162231,0.3084745705127716,-0.01600000075995922,0.010625000111758709,0.09574999660253525,-0.11675000190734863,0.0,0.0,0.0,0.0,0.0,0.0,0.0,-0.0002500000118743628,-0.0002500000118743628,0.0002500000118743628,0.0,0.6816859245300293,0.8804400563240051,0.022609373554587364,-0.19516409933567047,-0.06870657
319,1519,-0.1946533880961281,-0.40501971010540094,-0.0756533880961281,0.12298028989459908,0.14438693442615577,0.2360127749537618,0.6908047795295715,0.5229682326316833,-1.0,0.8860465288162231,0.3084745705127716,-0.0042500002309679985,0.0215000007301569,0.09962499886751175,-0.11512500047683716,0.00014275001012720168,0.0001598800008650869,0.0,7.994000043254346e-05,0.026499999687075615,0.007000000216066837,0.03350000083446503,0.0017500000540167093,0.010999999940395355,0.0,0.0042500002309679985,0.04747120290994644,-0.39350783824920654,-0.5023187398910522,-0.9040310978889465,-0.084278256
320,1520,-0.20304008425443526,-0.39857482893558316,-0.08404008425443527,0.12942517106441687,0.1543165923241767,0.2137034605608619,0.7101083993911743,0.5169157385826111,-1.0,0.8860465288162231,0.3084745705127716,-0.0032500000670552254,0.019375000149011612,0.10350000113248825,-0.12999999523162842,0.0001256200048374012,7.423000351991504e-05,0.0,6.28100024187006e-05,0.017500000074505806,0.005499999970197678,0.023000000044703484,0.001500000013038516,0.0005000000237487257,-0.0002500000118743628,0.0002500000118743628,-0.6759597659111023,0.8645723462104797,0.45782411098480225,0.8536078929901123,0.0
321,1521,-0.21164804326816838,-0.3918948329606498,-0.09264804326816839,0.13610516703935022,0.1646459122366232,0.19273113921207694,0.6906044483184814,0.5278392434120178,-1.0,0.8860465288162231,0.3084745705127716,-0.015375000424683094,0.03099999949336052,0.1120000034570694,-0.11574999988079071,9.707000572234392e-05,0.0001484600070398301,0.0,7.423000351991504e-05,0.0215000007301569,0.006500000134110451,0.02800000086426735,0.0005000000237487257,0.009499999694526196,-0.0002500000118743628,0.0037499999161809683,-0.8756349682807922,0.22136351466178894,0.3444577753543854,0.09677085280418396,0.0
322,1522,-0.19722476101116904,-0.39382048586872387,-0.07822476101116904,0.13417951413127616,0.15531662901234963,0.21157699797615404,0.6705859303474426,0.5391613245010376,-1.0,0.8860465288162231,0.3084745705127716,-0.03162499889731407,0.03700000047683716,0.11574999988079071,-0.11487500369548798,8.565000462112948e-05,9.707000572234392e-05,9.707000572234392e-05,9.13600015337579e-05,0.01600000075995922,0.016499999910593033,0.032499998807907104,0.0002500000118743628,0.005750000011175871,0.004999999888241291,0.005499999970197678,-0.5876928567886353,0.9760177135467529,-0.9548990726470947,-0.9201452732086182,0.0
323,1523,-0.19406473077774705,-0.3920752775494257,-0.07506473077774706,0.1359247224505743,0.15527473709525738,0.211665650204495,0.7041284441947937,0.5358974933624268,-1.0,0.8860465288162231,0.3084745705127716,-0.042750000953674316,0.05537499859929085,0.10050000250339508,-0.12962499260902405,9.13600015337579e-05,0.00010278000263497233,0.0,6.28100024187006e-05,0.017000000923871994,0.005499999970197678,0.02250000089406967,0.0005000000237487257,0.005499999970197678,-0.0002500000118743628,0.0005000000237487257,-0.057730842381715775,0.9517685770988464,0.4761697053909302,-0.6458271741867065,0.0
324,1524,-0.19790619734433962,-0.3882058760688921,-0.07890619734433962,0.1397941239311079,0.16052596383454557,0.2008374030491803,0.7114773988723755,0.5388554334640503,-1.0,0.8860465288162231,0.3084745705127716,-0.04374999925494194,0.06912499666213989,0.109375,-0.14174999296665192,0.00010278000263497233,0.00019414001144468784,0.0,6.28100024187006e-05,0.026000000536441803,0.005499999970197678,0.03150000050663948,0.0005000000237487257,0.013500000350177288,-0.0002500000118743628,0.000750000006519258,-0.9831327795982361,0.3466108739376068,0.8483959436416626,0.18331392109394073,0.0
325,1525,-0.20599127963803654,-0.3811261968281093,-0.08699127963803654,0.14687380317189075,0.17070265607552326,0.1814043864040531,0.7025437355041504,0.5454137921333313,-1.0,0.8860465288162231,0.3084745705127716,-0.06212500110268593,0.07900000363588333,0.12487500160932541,-0.13962499797344208,9.707000572234392e-05,0.00010848999954760075,7.994000043254346e-05,7.423000351991504e-05,0.017999999225139618,0.013500000350177288,0.03150000050663948,0.0005000000237487257,0.006500000134110451,0.0005000000237487257,0.0032500000670552254,-0.8001665472984314,0.7444930076599121,0.7976964116096497,0.30554863810539246,0.0
326,1526,-0.20694507612810042,-0.38281700409589764,-0.08794507612810043,0.14518299590410239,0.1697422714437037,0.18315495891204042,0.6837412118911743,0.5574132204055786,-1.0,0.8860465288162231,0.3084745705127716,-0.07712499797344208,0.08950000256299973,0.13099999725818634,-0.13899999856948853,8.565000462112948e-05,0.00019414001144468784,0.00034260001848451793,0.00017701000615488738,0.02449999935925007,0.045499999076128006,0.07000000029802322,0.0005000000237487257,0.013249999843537807,0.017999999225139618,0.013249999843537807,0.9189034700393677,-0.6100476980209351,-0.6138770580291748,0.933293342590332,0.0
327,1527,-0.20944973943326023,-0.3829730103648574,-0.09044973943326023,0.1450269896351426,0.17092098492044924,0.18100876034263128,0.6815230846405029,0.5545474290847778,-1.0,0.8860465288162231,0.3084745705127716,-0.060750000178813934,0.08224999904632568,0.1262499988079071,-0.13087500631809235,0.0001598800008650869,9.707000572234392e-05,9.13600015337579e-05,0.0005938400281593204,0.02250000089406967,0.05999999865889549,0.08250000327825546,0.0020000000949949026,0.004999999888241291,0.0044999998062849045,0.03175000101327896,0.26903510093688965,0.6696717739105225,-0.9861592054367065,0.8307328820228577,0.0
328,1528,-0.21276565986302576,-0.38183735308470185,-0.09376565986302576,0.14616264691529818,0.1736534431643518,0.17612973379633545,0.6756982803344727,0.5542830228805542,-1.0,0.8860465288162231,0.3084745705127716,-0.05674999952316284,0.08399999886751175,0.10774999856948853,-0.11437500268220901,0.0003197600017301738,0.0004682200087700039,9.707000572234392e-05,0.0005253200070001185,0.0689999982714653,0.054499998688697815,0.12349999696016312,0.004000000189989805,0.026499999687075615,0.004749999847263098,0.029750000685453415,-0.6162585020065308,-0.38943856954574585,-0.9532561898231506,0.488695353269577,0.0
329,1529,-0.2205939145368439,-0.3801124059665136,-0.10159391453684391,0.14788759403348645,0.17942147011975138,0.1662579632745516,0.6679868102073669,0.5562078952789307,-1.0,0.8860465288162231,0.3084745705127716,-0.06650000065565109,0.08425000309944153,0.09075000137090683,-0.10062500089406967,0.00010278000263497233,0.00017130000924225897,8.565000462112948e-05,0.00033117999555543065,0.024000000208616257,0.0364999994635582,0.060499999672174454,0.0005000000237487257,0.011500000022351742,0.0032500000670552254,0.020500000566244125,-0.609644889831543,-0.884276807308197,-0.014414981007575989,0.015258319675922394,0.0
330,1530,-0.21336893563366927,-0.3857243272152502,-0.09436893563366927,0.14227567278474984,0.17072745262254932,0.18135940995660452,0.6497815847396851,0.5591315031051636,-1.0,0.8860465288162231,0.3084745705127716,-0.07762499898672104,0.07275000214576721,0.09075000137090683,-0.09837500005960464,0.0,7.994000043254346e-05,8.565000462112948e-05,0.00022840000747237355,0.007000000216066837,0.027499999850988388,0.03449999913573265,0.0,0.001500000013038516,0.002749999985098839,0.016499999910593033,0.6630495190620422,-0.32132062315940857,-0.35076919198036194,-0.15084011852741241,0.0
331,1531,-0.20860158050310368,-0.3850234199382013,-0.08960158050310368,0.14297658006179875,0.16873276408220816,0.18501328589716506,0.6665838956832886,0.5496197938919067,-1.0,0.8860465288162231,0.3084745705127716,-0.06575000286102295,0.06687500327825546,0.08537500351667404,-0.09525000303983688,0.00011420000373618677,7.423000351991504e-05,7.423000351991504e-05,9.13600015337579e-05,0.016499999910593033,0.014499999582767487,0.03099999949336052,0.0010000000474974513,0.0012499999720603228,0.0005000000237487257,0.004749999847263098,-0.7457898259162903,0.5904790163040161,-0.098564013838768,-0.8866782188415527,0.0
332,1532,-0.21829573566767768,-0.3805150485142561,-0.09929573566767769,0.14748495148574392,0.17779610242223412,0.16898234715443172,0.6776707172393799,0.550807774066925,-1.0,0.8860465288162231,0.3084745705127716,-0.07925000041723251,0.07612500339746475,0.08387500047683716,-0.10962499678134918,9.13600015337579e-05,8.565000462112948e-05,0.0,6.851999933132902e-05,0.01549999974668026,0.006000000052154064,0.0215000007301569,0.0002500000118743628,0.004749999847263098,0.0,0.0002500000118743628,-0.9242514967918396,-0.3680499196052551,-0.8944361805915833,0.7390319108963013,-0.13133235
333,1533,-0.21986452482640034,-0.3799519691209509,-0.10086452482640035,0.1480480308790491,0.17914204368494688,0.16672318164275976,0.6551262140274048,0.5584490895271301,-1.0,0.8860465288162231,0.3084745705127716,-0.0963750034570694,0.07137499749660492,0.0858749970793724,-0.0988750010728836,0.0,7.423000351991504e-05,9.13600015337579e-05,9.707000572234392e-05,0.006500000134110451,0.016499999910593033,0.023000000044703484,0.0,0.0005000000237487257,0.0035000001080334187,0.0062500000931322575,-0.17380452156066895,0.9478582143783569,-0.5727088451385498,0.9835882782936096,-0.044856545
334,1534,-0.21336042052399318,-0.3789667940355201,-0.09436042052399318,0.14903320596447994,0.17639383617778692,0.17136862142497983,0.6514778733253479,0.5594034194946289,-1.0,0.8860465288162231,0.3084745705127716,-0.09300000220537186,0.08387500047683716,0.07500000298023224,-0.08837500214576721,9.707000572234392e-05,0.00016558999777771533,9.13600015337579e-05,0.00033117999555543065,0.023000000044703484,0.03700000047683716,0.05999999865889549,0.000750000006519258,0.010999999940395355,0.004000000189989805,0.02199999988079071,-0.1280306875705719,0.8692132830619812,-0.6205775737762451,-0.9302927255630493,0.0
335,1535,-0.2117070196591389,-0.380280170204611,-0.09270701965913891,0.147719829795389,0.17440108832475404,0.17481781871143826,0.666603684425354,0.5610732436180115,-1.0,0.8860465288162231,0.3084745705127716,-0.09525000303983688,0.09912499785423279,0.06537500023841858,-0.0951249971985817,9.13600015337579e-05,0.0001884299999801442,0.0,6.851999933132902e-05,0.02449999935925007,0.006000000052154064,0.030500000342726707,0.0005000000237487257,0.013000000268220901,0.0,0.000750000006519258,0.8476717472076416,-0.46553289890289307,0.9890446066856384,-0.413144588470459,0.0
336,1536,-0.20205345440693262,-0.38599931889431727,-0.08305345440693263,0.14200068110568276,0.16450553098118692,0.1930018876004494,0.6704487800598145,0.558847188949585,-1.0,0.8860465288162231,0.3084745705127716,-0.08062499761581421,0.0949999988079071,0.08299999684095383,-0.1028750017285347,0.00021127000218257308,9.13600015337579e-05,7.994000043254346e-05,6.851999933132902e-05,0.026499999687075615,0.013000000268220901,0.039500001817941666,0.003000000026077032,0.004000000189989805,0.0017500000540167093,0.0010000000474974513,0.963566780090332,-0.4065878987312317,-0.9033203125,-0.9033032655715942,0.0
337,1537,-0.2051372447304573,-0.3861394926150029,-0.08613724473045731,0.14186050738499711,0.16596393730351033,0.19020756171026854,0.6928989291191101,0.5491536855697632,-1.0,0.8860465288162231,0.3084745705127716,-0.06262499839067459,0.08687499910593033,0.06700000166893005,-0.1198749989271164,0.00022269001055974513,9.707000572234392e-05,0.0,6.851999933132902e-05,0.02800000086426735,0.006000000052154064,0.03400000184774399,0.003000000026077032,0.005249999929219484,0.0,0.0012499999720603228,-0.01837807334959507,-0.614142894744873,-0.8521085977554321,0.07446003705263138,-0.12625304
338,1538,-0.19721304995052713,-0.3892717936671729,-0.07821304995052714,0.13872820633282712,0.15925701370704873,0.2034021679092016,0.6857273578643799,0.5489161014556885,-1.0,0.8860465288162231,0.3084745705127716,-0.06224999949336052,0.07737500220537186,0.07087499648332596,-0.11962500214576721,0.00016558999777771533,7.994000043254346e-05,0.0,7.994000043254346e-05,0.0215000007301569,0.007000000216066837,0.02850000001490116,0.0017500000540167093,0.0012499999720603228,-0.0002500000118743628,0.0035000001080334187,0.5808203220367432,0.02609262615442276,-0.8817977905273438,-0.8656461834907532,-0.12981574
339,1539,-0.19304722474952668,-0.3891985806603072,-0.07404722474952669,0.1388014193396928,0.15731759438734172,0.20738549066112452,0.704155683517456,0.5436071157455444,-1.0,0.8860465288162231,0.3084745705127716,-0.051624998450279236,0.07712499797344208,0.07462500035762787,-0.13437500596046448,0.00020556000526994467,7.994000043254346e-05,0.0,6.28100024187006e-05,0.02500000037252903,0.005499999970197678,0.030500000342726707,0.0022499999031424522,0.0024999999441206455,-0.0002500000118743628,0.000750000006519258,-0.6209088563919067,0.16400600969791412,0.4652383327484131,-0.691584050655365,0.0
340,1540,-0.18782089925739226,-0.39311362904914915,-0.06882089925739227,0.13488637095085088,0.15142869359169245,0.21996497806470483,0.7138436436653137,0.5437312126159668,-1.0,0.8860465288162231,0.3084745705127716,-0.06212500110268593,0.0793749988079071,0.08312500268220901,-0.14687499403953552,7.994000043254346e-05,9.13600015337579e-05,0.0,6.28100024187006e-05,0.014999999664723873,0.005499999970197678,0.020500000566244125,0.0,0.004000000189989805,0.0,0.0,0.5519368648529053,-0.6318882703781128,-0.8375536203384399,-0.6020499467849731,-0.12450645
341,1541,-0.22813330028123835,-0.37393239298536435,-0.10913330028123835,0.15406760701463568,0.1888038790954549,0.1513683829612411,0.7259979248046875,0.5370955467224121,-1.0,0.8860465288162231,0.3084745705127716,-0.05225000157952309,0.06912499666213989,0.08687499910593033,-0.15800000727176666,0.00010278000263497233,7.994000043254346e-05,0.0,0.0,0.01600000075995922,0.0,0.01600000075995922,0.000750000006519258,0.0010000000474974513,0.0,-0.0002500000118743628,-0.0031474947463721037,-0.9826123714447021,-0.9482769966125488,0.5828850865364075,-0.13779326
342,1542,-0.19699760975238928,-0.39292725139877044,-0.07799760975238929,0.1350727486012296,0.15597523695053964,0.2101881137434046,0.6322481632232666,0.5696061253547668,-1.0,0.8860465288162231,0.3084745705127716,-0.051874998956918716,0.05112500116229057,0.09049999713897705,-0.1472499966621399,8.565000462112948e-05,7.423000351991504e-05,7.423000351991504e-05,6.28100024187006e-05,0.014000000432133675,0.012000000104308128,0.026000000536441803,0.0,0.0002500000118743628,0.0002500000118743628,0.0,0.01172564085572958,0.2143397033214569,-0.6979293823242188,0.6563377976417542,0.0
343,1543,-0.21218537160496748,-0.3849426057763415,-0.09318537160496748,0.14305739422365854,0.17073058168711056,0.18135373519236309,0.704656720161438,0.5374114513397217,-1.0,0.8860465288162231,0.3084745705127716,-0.051874998956918716,0.05350000038743019,0.07762499898672104,-0.13574999570846558,9.13600015337579e-05,9.13600015337579e-05,0.0,7.423000351991504e-05,0.01600000075995922,0.006500000134110451,0.02250000089406967,0.0002500000118743628,0.0035000001080334187,0.0,0.001500000013038516,-0.7369862794876099,0.09053139388561249,-0.4896736145019531,0.42657706141471863,-0.08276084
344,1544,-0.1930376383551375,-0.39380934403112733,-0.07403763835513749,0.1341906559688727,0.1532602493882953,0.2159728672259244,0.6693363189697266,0.5509447455406189,-1.0,0.8860465288162231,0.3084745705127716,-0.06537500023841858,0.05687500163912773,0.08137500286102295,-0.12737500667572021,0.0,7.423000351991504e-05,0.0,6.28100024187006e-05,0.006500000134110451,0.005499999970197678,0.012000000104308128,-0.0002500000118743628,0.0,0.0,0.0005000000237487257,0.4626848101615906,0.17697349190711975,-0.20703840255737305,-0.6545251607894897,-0.04884461
345,1545,-0.19684426510604386,-0.39215510055164365,-0.07784426510604386,0.13584489944835637,0.15656808843450215,0.20894569687434975,0.7138659358024597,0.5359163880348206,-1.0,0.8860465288162231,0.3084745705127716,-0.05712499842047691,0.05849999934434891,0.08512499928474426,-0.1393750011920929,0.00010278000263497233,8.565000462112948e-05,0.0,0.0,0.016499999910593033,0.0,0.016499999910593033,0.0005000000237487257,0.0032500000670552254,0.0,0.0,0.6872565746307373,0.5999696254730225,0.43343785405158997,-0.6390754580497742,-0.10068906
346,1546,-0.19225710819149716,-0.3928473779242793,-0.07325710819149717,0.1351526220757207,0.1537297471360807,0.21496125608246755,0.7050133347511292,0.5387201905250549,-1.0,0.8860465288162231,0.3084745705127716,-0.04500000178813934,0.06575000286102295,0.09324999898672104,-0.13762499392032623,0.00016558999777771533,0.00016558999777771533,0.0,8.565000462112948e-05,0.028999999165534973,0.007499999832361937,0.0364999994635582,0.0020000000949949026,0.010999999940395355,0.0,0.004000000189989805,-0.3770071268081665,-0.13898926973342896,-0.2853679060935974,-0.20330162346363068,-0.05824415
347,1547,-0.1960019664910998,-0.39421938233420273,-0.0770019664910998,0.1337806176657973,0.15435853234123045,0.21361385208527664,0.7156811356544495,0.5375468134880066,-1.0,0.8860465288162231,0.3084745705127716,-0.050999999046325684,0.06599999964237213,0.09700000286102295,-0.1393750011920929,9.13600015337579e-05,9.707000572234392e-05,0.0,-6.28100024187006e-05,0.016499999910593033,0.005499999970197678,0.02199999988079071,0.0,0.005499999970197678,0.0,0.0,0.7986612319946289,-0.979508101940155,-0.344158411026001,-0.7449420094490051,-0.17869206
348,1548,-0.19312011408343993,-0.39086516213364303,-0.07412011408343994,0.137134837866357,0.15588378706066314,0.21038041845977995,0.7069721817970276,0.5352213978767395,-1.0,0.8860465288162231,0.3084745705127716,-0.03662500157952309,0.04975000023841858,0.10074999928474426,-0.1367499977350235,0.00010278000263497233,7.423000351991504e-05,5.7100000958598685e-06,6.851999933132902e-05,0.01549999974668026,0.006500000134110451,0.02199999988079071,0.0010000000474974513,0.001500000013038516,0.0,0.0022499999031424522,-0.9866611361503601,0.7949112057685852,-0.7958117723464966,-0.7123220562934875,-0.11949741
349,1549,-0.18722300165766642,-0.391098506847952,-0.06822300165766643,0.13690149315204803,0.15295880746933865,0.2166248822108339,0.7136741280555725,0.5409064888954163,-1.0,0.8860465288162231,0.3084745705127716,-0.054625000804662704,0.06324999779462814,0.10462500154972076,-0.14887499809265137,9.13600015337579e-05,8.565000462112948e-05,0.0,6.28100024187006e-05,0.01549999974668026,0.005499999970197678,0.020999999716877937,0.0002500000118743628,0.0042500002309679985,-0.0002500000118743628,0.0,-0.06972744315862656,0.4781491458415985,-0.349819540977478,-0.7218837141990662,-0.06597835
350,1550,-0.1941289042741089,-0.39011599905412014,-0.0751289042741089,0.13788400094587988,0.1570234058166859,0.2079964933812626,0.7273883819580078,0.5405110120773315,-1.0,0.8860465288162231,0.3084745705127716,-0.05575000122189522,0.07112500071525574,0.10837499797344208,-0.16249999403953552,0.00011420000373618677,0.00010848999954760075,0.0,6.28100024187006e-05,0.019500000402331352,0.005499999970197678,0.02500000037252903,0.0,0.0062500000931322575,-0.0002500000118743628,0.0002500000118743628,0.8084862232208252,0.5676449537277222,-0.7669942378997803,0.9411149621009827,-0.11603931
351,1551,-0.18722721171234952,-0.3948011231097513,-0.06822721171234952,0.13319887689024873,0.14965591609711057,0.22389923748887394,0.7113281488418579,0.5421762466430664,-1.0,0.8860465288162231,0.3084745705127716,-0.042374998331069946,0.07537499815225601,0.11212500184774399,-0.14787499606609344,0.0002512400096748024,0.0002969200140796602,0.0,0.00010278000263497233,0.04800000041723251,0.008999999612569809,0.05700000002980232,0.0035000001080334187,0.01899999938905239,-0.0002500000118743628,0.0062500000931322575,0.7592086791992188,-0.9091566801071167,-0.23168911039829254,-0.8248612880706787,-0.0518027
352,1552,-0.19399701963393262,-0.3928054897044608,-0.07499701963393263,0.13519451029553925,0.1546030677833501,0.21309212866696656,0.7273786067962646,0.5342353582382202,-1.0,0.8860465288162231,0.3084745705127716,-0.02800000086426735,0.06575000286102295,0.11574999988079071,-0.1602499932050705,0.00021127000218257308,9.13600015337579e-05,0.0,6.28100024187006e-05,0.026499999687075615,0.005499999970197678,0.03200000151991844,0.003000000026077032,0.0042500002309679985,0.0,0.0002500000118743628,0.06029151752591133,0.47843286395072937,-0.9962483048439026,0.7731212377548218,-0.1435498
353,1553,-0.19345819429436806,-0.39303401937488525,-0.07445819429436806,0.13496598062511478,0.15414226747935403,0.21407632368897508,0.7116348147392273,0.5376178026199341,-1.0,0.8860465288162231,0.3084745705127716,-0.027499999850988388,0.06650000065565109,0.11937499791383743,-0.14949999749660492,0.00034260001848451793,0.00032546999864280224,6.851999933132902e-05,0.00010848999954760075,0.05849999934434891,0.01549999974668026,0.07400000095367432,0.0042500002309679985,0.020500000566244125,0.0002500000118743628,0.007499999832361937,-0.1738196462392807,0.05538740009069443,0.69138503074646,0.02934364229440689,0.0
354,1554,-0.19713547600609133,-0.3899707048156693,-0.07813547600609133,0.1380292951843307,0.15861033679991218,0.20472178498837873,0.7128879427909851,0.5372304916381836,-1.0,0.8860465288162231,0.3084745705127716,-0.028999999165534973,0.06662499904632568,0.13237500190734863,-0.14887499809265137,0.00010278000263497233,0.0003768599999602884,0.0,0.00010278000263497233,0.041999999433755875,0.008999999612569809,0.050999999046325684,0.000750000006519258,0.02225000038743019,0.0,0.007249999791383743,0.2322807013988495,0.9469347596168518,-0.8648509383201599,0.7180237770080566,-0.12778212
355,1555,-0.19616127331685923,-0.38892722945561137,-0.07716127331685924,0.13907277054438866,0.15904432591818932,0.20383523986494917,0.7043361067771912,0.5424225330352783,-1.0,0.8860465288162231,0.3084745705127716,-0.027249999344348907,0.07362499833106995,0.13462500274181366,-0.14000000059604645,0.0004625100118573755,0.000982120051048696,8.565000462112948e-05,0.00022840000747237355,0.1264999955892563,0.027499999850988388,0.15399999916553497,0.005750000011175871,0.04374999925494194,0.003000000026077032,0.016249999403953552,-0.46497657895088196,0.5466006994247437,-0.9026165008544922,-0.42407381534576416,0.0
356,1556,-0.2043095180257261,-0.38495783430313024,-0.08530951802572612,0.14304216569686978,0.16654961733078957,0.18909680991176722,0.7066016793251038,0.5441911220550537,-1.0,0.8860465288162231,0.3084745705127716,-0.03412500023841858,0.08312500268220901,0.11924999952316284,-0.14000000059604645,0.00017701000615488738,0.0010563500691205263,0.0,6.851999933132902e-05,0.1080000028014183,0.006000000052154064,0.11400000005960464,0.0022499999031424522,0.04500000178813934,0.0,0.0005000000237487257,-0.47463834285736084,-0.33211666345596313,0.7313802242279053,0.9315655827522278,0.0
357,1557,-0.198586865713901,-0.3852182858517702,-0.079586865713901,0.14278171414822982,0.16346463559213448,0.1950213272431242,0.6876522898674011,0.5509189367294312,-1.0,0.8860465288162231,0.3084745705127716,-0.04262499883770943,0.0833749994635582,0.12700000405311584,-0.13249999284744263,0.0001256200048374012,0.000616680015809834,0.0001827200030675158,0.0002969200140796602,0.06499999761581421,0.041999999433755875,0.10700000077486038,0.001500000013038516,0.032249998301267624,0.011749999597668648,0.020250000059604645,-0.029953259974718094,0.8129425644874573,0.6434558629989624,-0.9533517360687256,0.0
358,1558,-0.20081632226761764,-0.3799582412665914,-0.08181632226761765,0.14804175873340863,0.1691457150455767,0.18425084708338543,0.7009607553482056,0.5504775047302246,-1.0,0.8860465288162231,0.3084745705127716,-0.04312499985098839,0.09137500077486038,0.13737499713897705,-0.14387500286102295,0.00013703999866265804,0.0010963199893012643,0.0002169799990952015,0.00010278000263497233,0.1080000028014183,0.02800000086426735,0.13600000739097595,0.001500000013038516,0.04650000110268593,0.014999999664723873,0.007249999791383743,-0.9252141714096069,0.85903400182724,0.7720589637756348,0.28422608971595764,0.0
359,1559,-0.20183699481303075,-0.3776318749247743,-0.08283699481303075,0.15036812507522573,0.17167568479051662,0.17964782939512183,0.6957759857177734,0.5593928098678589,-1.0,0.8860465288162231,0.3084745705127716,-0.06037500128149986,0.10625000298023224,0.1404999941587448,-0.14425000548362732,0.00014275001012720168,0.0011134500382468104,0.0007537199999205768,0.00027407999732531607,0.10999999940395355,0.09000000357627869,0.20000000298023224,0.001500000013038516,0.04874999821186066,0.03750000149011612,0.01850000023841858,-0.7217994928359985,0.4136723577976227,-0.23973046243190765,0.8886643052101135,0.0
360,1560,-0.20389547608845587,-0.37602162287402696,-0.08489547608845588,0.15197837712597306,0.17408236261646404,0.17537589693929426,0.6934023499488831,0.5633357763290405,-1.0,0.8860465288162231,0.3084745705127716,-0.07374999672174454,0.11412499845027924,0.1404999941587448,-0.1443749964237213,0.00011420000373618677,0.001147710019722581,0.000491060025524348,0.001301879994571209,0.11050000041723251,0.15700000524520874,0.26750001311302185,0.0012499999720603228,0.048500001430511475,0.028750000521540642,0.052000001072883606,-0.43579933047294617,-0.6152051687240601,0.2387634813785553,0.7559157609939575,0.0
361,1561,-0.20375823554513095,-0.3765150988853665,-0.08475823554513096,0.15148490111463353,0.17358465876463333,0.17625092525208239,0.6886151432991028,0.5660650730133057,-1.0,0.8860465288162231,0.3084745705127716,-0.08150000125169754,0.11424999684095383,0.14037500321865082,-0.14237500727176666,9.13600015337579e-05,0.0003939900198020041,0.0007822700426913798,0.0023753601126372814,0.042500000447034836,0.27649998664855957,0.3190000057220459,0.0005000000237487257,0.02525000087916851,0.0377499982714653,0.07625000178813934,-0.018937692046165466,-0.003042152151465416,-0.8261700868606567,-0.8576260209083557,0.0
362,1562,-0.2035914098786093,-0.37408409891804206,-0.0845914098786093,0.15391590108195796,0.17562975610961243,0.17268303007686234,0.688934326171875,0.5652286410331726,-1.0,0.8860465288162231,0.3084745705127716,-0.08174999803304672,0.11437500268220901,0.1378750056028366,-0.1421249955892563,8.565000462112948e-05,0.00041112001053988934,0.00017130000924225897,0.0009649900021031499,0.04349999874830246,0.09950000047683716,0.14300000667572021,0.0005000000237487257,0.02500000037252903,0.012000000104308128,0.04374999925494194,-0.6764765977859497,0.8836389183998108,-0.9662748575210571,0.012682860717177391,0.0
363,1563,-0.20869138711494656,-0.3732027156747323,-0.08969138711494656,0.15479728432526774,0.17890428769898442,0.16712004758642116,0.689322292804718,0.5693489909172058,-1.0,0.8860465288162231,0.3084745705127716,-0.09475000202655792,0.12862500548362732,0.12312500178813934,-0.13762499392032623,0.00011420000373618677,0.0005424499977380037,9.707000572234392e-05,0.000673780043143779,0.057500001043081284,0.06750000268220901,0.125,0.0012499999720603228,0.029500000178813934,0.005499999970197678,0.03500000014901161,-0.006450964137911797,-0.9041544795036316,-0.6965353488922119,0.6349047422409058,0.0
364,1564,-0.21207246540855046,-0.3718610467361314,-0.09307246540855046,0.15613895326386862,0.18177419108212906,0.16239203292179516,0.6774618625640869,0.5708428621292114,-1.0,0.8860465288162231,0.3084745705127716,-0.09475000202655792,0.1236250028014183,0.11025000363588333,-0.12449999898672104,0.00010848999954760075,9.707000572234392e-05,0.00010278000263497233,0.0005995500250719488,0.017999999225139618,0.061500001698732376,0.0794999971985817,0.0012499999720603228,0.005750000011175871,0.005249999929219484,0.032499998807907104,-0.6145287752151489,-0.3900102376937866,-0.2697088420391083,-0.17831872403621674,0.0
365,1565,-0.20321650833345578,-0.3772822233491339,-0.08421650833345579,0.1507177766508661,0.17265071234854315,0.17790472523350537,0.6695989370346069,0.5731168985366821,-1.0,0.8860465288162231,0.3084745705127716,-0.10575000196695328,0.11837500333786011,0.1067499965429306,-0.12224999815225601,8.565000462112948e-05,7.994000043254346e-05,7.994000043254346e-05,0.00033117999555543065,0.014499999582767487,0.035999998450279236,0.05050000175833702,0.0002500000118743628,0.0017500000540167093,0.0022499999031424522,0.0215000007301569,0.44484618306159973,0.1726008653640747,-0.9117289781570435,-0.8103002309799194,0.0
366,1566,-0.19559240270678496,-0.380999000696751,-0.07659240270678497,0.147000999303249,0.16575792574882245,0.19059981517027796,0.6901941895484924,0.5639284253120422,-1.0,0.8860465288162231,0.3084745705127716,-0.09862499684095383,0.11837500333786011,0.09087499976158142,-0.12675000727176666,0.00017701000615488738,0.0001256200048374012,2.2840000383439474e-05,6.851999933132902e-05,0.026499999687075615,0.00800000037997961,0.03449999913573265,0.0024999999441206455,0.00800000037997961,0.0,0.0002500000118743628,0.10556156933307648,-0.4749313294887543,-0.3874621093273163,-0.6085644960403442,-0.070495464
367,1567,-0.20106736266701197,-0.3772281865078811,-0.08206736266701198,0.15077181349211893,0.1716601053210127,0.17967581975423502,0.7079246640205383,0.5576288104057312,-1.0,0.8860465288162231,0.3084745705127716,-0.09600000083446503,0.11312499642372131,0.09462500363588333,-0.1381250023841858,0.00010278000263497233,7.423000351991504e-05,0.0,6.28100024187006e-05,0.01549999974668026,0.005499999970197678,0.020999999716877937,0.0010000000474974513,0.000750000006519258,0.0,0.0002500000118743628,-0.053633686155080795,0.9324711561203003,-0.7940808534622192,0.2369563728570938,-0.1192897
368,1568,-0.21201999343663647,-0.3712032754563661,-0.09301999343663647,0.15679672454363391,0.18231273133427656,0.16151983712893334,0.6951921582221985,0.564020037651062,-1.0,0.8860465288162231,0.3084745705127716,-0.09687499701976776,0.12212499976158142,0.09837500005960464,-0.13699999451637268,0.00010278000263497233,0.00026837000041268766,0.0,9.707000572234392e-05,0.032499998807907104,0.008500000461935997,0.04100000113248825,0.000750000006519258,0.017500000074505806,0.0,0.006750000175088644,-0.8074063062667847,-0.4995482563972473,0.5110845565795898,0.5890544056892395,0.0
369,1569,-0.20288057208096416,-0.37344401295804297,-0.08388057208096417,0.15455598704195705,0.17585079898352302,0.17230174809799162,0.6697209477424622,0.574231743812561,-1.0,0.8860465288162231,0.3084745705127716,-0.11162500083446503,0.12137500196695328,0.10499999672174454,-0.12812499701976776,9.13600015337579e-05,6.851999933132902e-05,0.00010848999954760075,0.00014275001012720168,0.014000000432133675,0.02199999988079071,0.035999998450279236,0.0,0.0005000000237487257,0.005750000011175871,0.010999999940395355,-0.8507170677185059,0.43775030970573425,-0.9256317615509033,-0.5433764457702637,0.0
370,1570,-0.2247272006519374,-0.36114690110405145,-0.10572720065193741,0.16685309889594857,0.19753024469401192,0.13871935065455732,0.6909754276275635,0.5704338550567627,-1.0,0.8860465288162231,0.3084745705127716,-0.1276250034570694,0.1274999976158142,0.09062500298023224,-0.132750004529953,8.565000462112948e-05,9.13600015337579e-05,0.0,0.0,0.01549999974668026,0.0,0.01549999974668026,0.0002500000118743628,0.0044999998062849045,0.0,0.0,-0.7827621102333069,-0.6411281824111938,-0.4899648427963257,-0.970828115940094,-0.22329517
371,1571,-0.18791658675776152,-0.3796422204617419,-0.06891658675776152,0.14835777953825813,0.16358339365553728,0.19478986116118996,0.6401693224906921,0.5912764668464661,-1.0,0.8860465288162231,0.3084745705127716,-0.1421249955892563,0.11787500232458115,0.09437499940395355,-0.12937499582767487,0.0,0.0,0.0,6.851999933132902e-05,0.0,0.006000000052154064,0.006000000052154064,0.0,-0.0002500000118743628,0.0,0.000750000006519258,-0.2115129679441452,0.5946663618087769,-0.6468900442123413,-0.7853175401687622,-0.15100837
372,1572,-0.20939671305131707,-0.36958905462663355,-0.09039671305131708,0.15841094537336647,0.18238857788953194,0.1613973763434312,0.7257753610610962,0.5599284172058105,-1.0,0.8860465288162231,0.3084745705127716,-0.13837499916553497,0.12837499380111694,0.09812500327825546,-0.14362500607967377,7.994000043254346e-05,7.994000043254346e-05,0.0,0.0,0.014000000432133675,0.0,0.014000000432133675,0.0,0.0010000000474974513,0.0,0.0,0.5592472553253174,0.5253769159317017,-0.28135573863983154,0.8882219791412354,-0.057762694
373,1573,-0.211494031884205,-0.3680976698601215,-0.09249403188420502,0.15990233013987853,0.18472655769639362,0.15766770761608312,0.6758216023445129,0.576967716217041,-1.0,0.8860465288162231,0.3084745705127716,-0.12837499380111694,0.13449999690055847,0.10037499666213989,-0.13187499344348907,0.00010848999954760075,0.00013703999866265804,9.13600015337579e-05,0.00013133000175002962,0.0215000007301569,0.019500000402331352,0.04100000113248825,0.000750000006519258,0.008249999955296516,0.003000000026077032,0.009750000201165676,-0.12332405894994736,0.36600056290626526,-0.8061484098434448,0.7362903356552124,0.0
374,1574,-0.2139302205094376,-0.3666154713451272,-0.09493022050943761,0.16138452865487285,0.18723437946895843,0.1537628505939145,0.670944094657898,0.5794954895973206,-1.0,0.8860465288162231,0.3084745705127716,-0.1303749978542328,0.13837499916553497,0.08612500131130219,-0.12037499994039536,8.565000462112948e-05,0.00021127000218257308,7.994000043254346e-05,0.00019414001144468784,0.026000000536441803,0.024000000208616257,0.05000000074505806,0.0002500000118743628,0.014000000432133675,0.001500000013038516,0.01425000000745058,0.19094936549663544,0.8470798134803772,-0.9158291816711426,0.8598272204399109,0.0
375,1575,-0.21599263445509853,-0.36588248840123433,-0.09699263445509854,0.1621175115987657,0.18891706832765615,0.15119714717928726,0.6652785539627075,0.582007646560669,-1.0,0.8860465288162231,0.3084745705127716,-0.12837499380111694,0.14687499403953552,0.0689999982714653,-0.10724999755620956,0.0002797899942379445,0.0005310300039127469,7.994000043254346e-05,0.00029121001716703176,0.07100000232458115,0.032499998807907104,0.10350000113248825,0.0032500000670552254,0.028750000521540642,0.001500000013038516,0.019999999552965164,0.20335440337657928,-0.7218815088272095,0.932249903678894,-0.18243645131587982,0.0
376,1576,-0.21899042869686036,-0.3648008129368685,-0.09999042869686037,0.16319918706313152,0.19139503778585512,0.1474965670281482,0.6604822278022766,0.5832500457763672,-1.0,0.8860465288162231,0.3084745705127716,-0.12487500160932541,0.14387500286102295,0.07637500017881393,-0.10762500017881393,0.0002797899942379445,0.00011991000064881518,0.0003654400061350316,0.0001827200030675158,0.03500000014901161,0.04800000041723251,0.08299999684095383,0.0037499999161809683,0.00774999987334013,0.0215000007301569,0.014000000432133675,-0.5693328380584717,-0.16400672495365143,-0.9536920189857483,0.8981115818023682,0.0
377,1577,-0.21664773636538703,-0.36677948884450057,-0.09764773636538704,0.16122051115549946,0.18848642825021822,0.15184966668782354,0.6535106301307678,0.5850833654403687,-1.0,0.8860465288162231,0.3084745705127716,-0.13387499749660492,0.1431249976158142,0.06674999743700027,-0.09937500208616257,9.707000572234392e-05,9.13600015337579e-05,0.00010278000263497233,0.0006909100338816643,0.016499999910593033,0.06949999928474426,0.0860000029206276,0.0005000000237487257,0.0032500000670552254,0.004999999888241291,0.03099999949336052,0.4939606785774231,-0.018651382997632027,0.3278099298477173,-0.25182902812957764,0.0
378,1578,-0.21626822649211486,-0.3676893721287265,-0.09726822649211486,0.16031062787127354,0.18751161375606393,0.1533371576073479,0.6589587330818176,0.5817296504974365,-1.0,0.8860465288162231,0.3084745705127716,-0.12612499296665192,0.14112499356269836,0.06700000166893005,-0.09925000369548798,0.00027407999732531607,0.00011420000373618677,0.00025695000658743083,0.00041683000745251775,0.03400000184774399,0.05900000035762787,0.09300000220537186,0.0035000001080334187,0.006750000175088644,0.016750000417232513,0.0215000007301569,0.6508266925811768,0.33317407965660095,0.7943084239959717,0.7737804651260376,0.0
379,1579,-0.21424530911334072,-0.36878655493398177,-0.09524530911334073,0.15921344506601826,0.1855278685208393,0.15640934762895106,0.6598413586616516,0.5801874995231628,-1.0,0.8860465288162231,0.3084745705127716,-0.11512500047683716,0.1407500058412552,0.07374999672174454,-0.09849999845027924,0.0004739300056826323,0.00033117999555543065,0.0006452300003729761,0.0011819700011983514,0.07050000131130219,0.1599999964237213,0.2304999977350235,0.005750000011175871,0.019750000908970833,0.032999999821186066,0.04899999871850014,0.6843205690383911,-0.07893019914627075,-0.3925236463546753,-0.24579288065433502,0.0
380,1580,-0.21385353323601264,-0.36890243395332245,-0.09485353323601264,0.15909756604667757,0.18522750413837652,0.15687985185989883,0.6645457744598389,0.5783278942108154,-1.0,0.8860465288162231,0.3084745705127716,-0.1042499989271164,0.1404999941587448,0.07387500256299973,-0.09849999845027924,0.0009021800360642374,0.00026837000041268766,0.00029121001716703176,0.0008165300241671503,0.10249999910593033,0.09700000286102295,0.19949999451637268,0.009499999694526196,0.017500000074505806,0.0182499997317791,0.03999999910593033,-0.10361111164093018,0.03850698098540306,0.7054895162582397,-0.8641228079795837,0.0
381,1581,-0.21267607338016364,-0.36833881244505495,-0.09367607338016365,0.15966118755494507,0.18511321275203765,0.15705925451884015,0.6654568910598755,0.5781314969062805,-1.0,0.8860465288162231,0.3084745705127716,-0.1042499989271164,0.1404999941587448,0.0807500034570694,-0.10362499952316284,0.0004625100118573755,0.0003026300109922886,0.0005881300312466919,0.000245530012762174,0.06700000166893005,0.0729999989271164,0.14000000059604645,0.005750000011175871,0.01875000074505806,0.030750000849366188,0.017999999225139618,-0.3358333706855774,0.3274381756782532,0.24148689210414886,-0.34294718503952026,0.0
382,1582,-0.21417724629297058,-0.36624088629191065,-0.09517724629297059,0.16175911370808937,0.1876824953999157,0.15307535630068728,0.6681951880455017,0.5790867805480957,-1.0,0.8860465288162231,0.3084745705127716,-0.1081250011920929,0.140625,0.08487500250339508,-0.10837499797344208,0.00011420000373618677,0.0005881300312466919,0.0005995500250719488,0.0001884299999801442,0.061500001698732376,0.0689999982714653,0.13050000369548798,0.0010000000474974513,0.030750000849366188,0.03150000050663948,0.014750000089406967,-0.7265529632568359,0.9171951413154602,-0.4449240565299988,0.3804512321949005,0.0
383,1583,-0.21030182595689223,-0.3689738734242738,-0.09130182595689224,0.15902612657572623,0.18337211444693968,0.1598177549549344,0.6647040843963623,0.5826425552368164,-1.0,0.8860465288162231,0.3084745705127716,-0.12174999713897705,0.14925000071525574,0.0846249982714653,-0.10862500220537186,0.0001256200048374012,0.0011420000810176134,0.0002169799990952015,0.000491060025524348,0.11100000143051147,0.06199999898672104,0.17299999296665192,0.0012499999720603228,0.04774999991059303,0.01549999974668026,0.029500000178813934,0.9934924244880676,-0.8387871980667114,-0.7527749538421631,0.2260151207447052,0.0
384,1584,-0.21491075320047004,-0.36737167974163787,-0.09591075320047004,0.16062832025836216,0.18708375089382945,0.15399463590847542,0.67371666431427,0.5780103802680969,-1.0,0.8860465288162231,0.3084745705127716,-0.10762500017881393,0.14900000393390656,0.07762499898672104,-0.10737500339746475,0.0010049600386992097,0.00025695000658743083,7.423000351991504e-05,0.0006680700462311506,0.11050000041723251,0.06499999761581421,0.17550000548362732,0.010250000283122063,0.017000000923871994,0.001500000013038516,0.03525000065565109,-0.03721744939684868,-0.1319127380847931,-0.1209326758980751,0.6833618879318237,0.0
385,1585,-0.2153029619609514,-0.37022077803915987,-0.0963029619609514,0.15777922196084015,0.18484735152287282,0.1574773697402771,0.6629982590675354,0.5807259678840637,-1.0,0.8860465288162231,0.3084745705127716,-0.10762500017881393,0.14612500369548798,0.07387500256299973,-0.10112500190734863,0.0008051100303418934,0.00028550002025440335,9.13600015337579e-05,0.0011762600624933839,0.09549999982118607,0.11100000143051147,0.20649999380111694,0.008999999612569809,0.017999999225139618,0.0044999998062849045,0.048250000923871994,-0.03043653629720211,-0.9913762211799622,-0.7143727540969849,-0.6544697284698486,0.0
386,1586,-0.21169678832472022,-0.37364720054515965,-0.09269678832472023,0.15435279945484037,0.180048552521991,0.16521865092272417,0.6620861291885376,0.5758969783782959,-1.0,0.8860465288162231,0.3084745705127716,-0.10575000196695328,0.13312500715255737,0.06262499839067459,-0.0949999988079071,0.00032546999864280224,0.00011420000373618677,6.851999933132902e-05,0.0001598800008650869,0.03849999979138374,0.019999999552965164,0.05849999934434891,0.0042500002309679985,0.007000000216066837,0.0002500000118743628,0.011500000022351742,0.9918510913848877,0.8718364834785461,0.4733946919441223,0.043813228607177734,0.0
387,1587,-0.20889766402159804,-0.37415748562421086,-0.08989766402159804,0.15384251437578916,0.17818279722241712,0.1683301629985587,0.6704725623130798,0.5700895190238953,-1.0,0.8860465288162231,0.3084745705127716,-0.09099999815225601,0.13337500393390656,0.06887499988079071,-0.09537500143051147,0.0012504900805652142,0.0008793400484137237,0.00010278000263497233,0.0001884299999801442,0.18649999797344208,0.025499999523162842,0.21199999749660492,0.011749999597668648,0.039000000804662704,0.005499999970197678,0.013749999925494194,0.08699476718902588,0.16847094893455505,-0.4285736680030823,-0.73335200548172,0.0
388,1588,-0.20820003223601863,-0.37328114607265206,-0.08920003223601863,0.15471885392734797,0.17859050789865288,0.1676452601125326,0.6769821643829346,0.5692245960235596,-1.0,0.8860465288162231,0.3084745705127716,-0.08912499994039536,0.13349999487400055,0.0637499988079071,-0.10487499833106995,0.0011819700011983514,0.0010848999954760075,-7.423000351991504e-05,9.13600015337579e-05,0.19850000739097595,0.014499999582767487,0.21299999952316284,0.011250000447034836,0.04500000178813934,-0.0002500000118743628,0.005249999929219484,-0.5650222301483154,-0.39252370595932007,-0.9632328152656555,-0.10402519255876541,0.0
389,1589,-0.21029623779533269,-0.37398465899245154,-0.09129623779533269,0.1540153410075485,0.17904113577961178,0.16689150342377254,0.6786046028137207,0.5707099437713623,-1.0,0.8860465288162231,0.3084745705127716,-0.0951249971985817,0.13362500071525574,0.04574999958276749,-0.10487499833106995,0.00016558999777771533,0.0005938400281593204,0.0,6.851999933132902e-05,0.06650000065565109,0.006000000052154064,0.07249999791383743,0.0022499999031424522,0.030249999836087227,-0.0002500000118743628,0.001500000013038516,0.8515518307685852,0.12930603325366974,-0.5867066979408264,0.7511175870895386,-0.09440481
390,1590,-0.20869970785590297,-0.37417205612356763,-0.08969970785590298,0.1538279438764324,0.1780704183930761,0.1685194367970843,0.673729658126831,0.5695175528526306,-1.0,0.8860465288162231,0.3084745705127716,-0.08537500351667404,0.13324999809265137,0.04937500134110451,-0.1041250005364418,0.0016330600483343005,0.0007480100030079484,6.851999933132902e-05,0.00043967002420686185,0.2084999978542328,0.04450000077486038,0.2529999911785126,0.014499999582767487,0.035750001668930054,0.0,0.02800000086426735,0.5659089088439941,0.34105145931243896,-0.6460678577423096,-0.6949119567871094,-0.03395454
391,1591,-0.207171759163702,-0.3749888623509276,-0.08817175916370201,0.15301113764907243,0.17659747268487525,0.17102000742322165,0.6774425506591797,0.5691999197006226,-1.0,0.8860465288162231,0.3084745705127716,-0.08124999701976776,0.13324999809265137,0.03737499937415123,-0.10649999976158142,0.0019299800042062998,0.0011933899950236082,0.0,0.00010278000263497233,0.273499995470047,0.008999999612569809,0.2824999988079071,0.016750000417232513,0.048500001430511475,0.0,0.006750000175088644,0.8198819160461426,-0.387247234582901,-0.9668552875518799,0.04839445650577545,-0.18827106
392,1592,-0.20297371289418087,-0.37645020832235565,-0.08397371289418087,0.15154979167764437,0.17325970049256037,0.1768245988083095,0.6809958815574646,0.5678154826164246,-1.0,0.8860465288162231,0.3084745705127716,-0.0754999965429306,0.13300000131130219,0.04100000113248825,-0.10662499815225601,0.0025466601364314556,0.0007023300277069211,6.851999933132902e-05,0.00011991000064881518,0.28450000286102295,0.016499999910593033,0.3009999990463257,0.020749999210238457,0.03449999913573265,0.0002500000118743628,0.008750000037252903,-0.30565735697746277,-0.6273853182792664,-0.6509455442428589,-0.9556158781051636,0.0
393,1593,-0.20642641884184287,-0.377127563343909,-0.08742641884184288,0.150872436656091,0.17437279275751574,0.17486729140383564,0.6907588243484497,0.5653386116027832,-1.0,0.8860465288162231,0.3084745705127716,-0.07524999976158142,0.12950000166893005,0.028999999165534973,-0.1223749965429306,0.000867919996380806,0.00028550002025440335,0.0,8.565000462112948e-05,0.10100000351667404,0.007499999832361937,0.10849999636411667,0.008999999612569809,0.017999999225139618,0.0,0.0044999998062849045,-0.2081577181816101,-0.6511785984039307,-0.8627817630767822,0.7189551591873169,-0.12753382
394,1594,-0.2045881809620846,-0.3797773734760499,-0.08558818096208459,0.14822262652395013,0.17115865077189918,0.18057907514091717,0.6827292442321777,0.5641905665397644,-1.0,0.8860465288162231,0.3084745705127716,-0.07587499916553497,0.12137500196695328,0.032749999314546585,-0.11249999701976776,0.00017701000615488738,0.0001484600070398301,0.0,0.0001541700039524585,0.02850000001490116,0.013500000350177288,0.041999999433755875,0.0024999999441206455,0.009999999776482582,0.0,0.011500000022351742,0.40661880373954773,-0.5364564657211304,-0.33187416195869446,-0.4170100688934326,-0.06382491
395,1595,-0.20141078836544518,-0.384244004306211,-0.08241078836544519,0.14375599569378905,0.16570251759380994,0.19070545227440366,0.6870042085647583,0.5596993565559387,-1.0,0.8860465288162231,0.3084745705127716,-0.06975000351667404,0.11249999701976776,0.0364999994635582,-0.11500000208616257,0.0004054100136272609,0.00011991000064881518,0.0,7.423000351991504e-05,0.04600000008940697,0.006500000134110451,0.05249999836087227,0.005249999929219484,0.00774999987334013,0.0,0.0010000000474974513,0.9147074222564697,-0.7183802127838135,-0.9800594449043274,-0.3875442147254944,-0.14160714
396,1596,-0.20718754471843992,-0.3839459567326465,-0.08818754471843993,0.14405404326735355,0.16890414567185558,0.18469647873885048,0.694393515586853,0.552128791809082,-1.0,0.8860465288162231,0.3084745705127716,-0.0521249994635582,0.09812500327825546,0.04024999961256981,-0.12250000238418579,0.00037115000304766,0.0001484600070398301,0.0,7.423000351991504e-05,0.045499999076128006,0.006500000134110451,0.052000001072883606,0.0042500002309679985,0.009750000201165676,0.0,0.001500000013038516,-0.805727481842041,-0.9169809818267822,-0.8963919878005981,0.9224795699119568,-0.13156705
397,1597,-0.20484310661137473,-0.38306167997372087,-0.08584310661137473,0.14493832002627915,0.1684522352619043,0.1855330301608735,0.6809592247009277,0.5526340007781982,-1.0,0.8860465288162231,0.3084745705127716,-0.0651250034570694,0.08512499928474426,0.04412499815225601,-0.10587500035762787,9.13600015337579e-05,7.423000351991504e-05,1.7129999832832254e-05,6.851999933132902e-05,0.014499999582767487,0.007499999832361937,0.02199999988079071,0.0002500000118743628,0.001500000013038516,-0.0002500000118743628,0.002749999985098839,-0.4880423843860626,0.7688437700271606,-0.8809009790420532,-0.03049398399889469,-0.12970813
398,1598,-0.21006455216191294,-0.37976255799739367,-0.09106455216191295,0.14823744200260636,0.17397440004761,0.17556533950791148,0.6864113807678223,0.5541327595710754,-1.0,0.8860465288162231,0.3084745705127716,-0.07450000196695328,0.09437499940395355,0.04774999991059303,-0.10587500035762787,9.13600015337579e-05,0.00017130000924225897,0.0,6.851999933132902e-05,0.023000000044703484,0.006000000052154064,0.028999999165534973,0.000750000006519258,0.011749999597668648,0.0,0.0017500000540167093,-0.5576114654541016,0.4160577356815338,-0.9352301359176636,0.306828111410141,-0.13622764
399,1599,-0.21473246915152866,-0.38080341634665427,-0.09573246915152867,0.14719658365334576,0.17558912235404792,0.17275321193500187,0.6742684841156006,0.5597244501113892,-1.0,0.8860465288162231,0.3084745705127716,-0.08474999666213989,0.10199999809265137,0.051624998450279236,-0.10212499648332596,8.565000462112948e-05,0.00017701000615488738,0.0,9.13600015337579e-05,0.023000000044703484,0.00800000037997961,0.03099999949336052,0.0005000000237487257,0.012000000104308128,-0.0002500000118743628,0.005750000011175871,0.33722996711730957,-0.8395887017250061,-0.8754370212554932,0.8995420336723328,-0.12905246
400,1600,-0.22593516514559575,-0.376089967777309,-0.10693516514559576,0.151910032222691,0.18577348420755546,0.15602565313550942,0.663412868976593,0.5579603314399719,-1.0,0.8860465288162231,0.3084745705127716,-0.0793749988079071,0.09099999815225601,0.05525000020861626,-0.08487500250339508,0.00016558999777771533,8.565000462112948e-05,0.0,7.994000043254346e-05,0.02199999988079071,0.007000000216066837,0.028999999165534973,0.0022499999031424522,0.002749999985098839,0.0,0.004749999847263098,-0.7494723796844482,-0.5756396055221558,-0.9957818984985352,0.696951687335968,-0.14349385
