step,action_count,cube_x,cube_y,dist_to_goal_x,dist_to_goal_y,dist_to_goal,distance_reward,obs_cube_x_norm,obs_cube_y_norm,obs_cube_yaw_norm,obs_goal_x_norm,obs_goal_y_norm,obs_motor_16_pos_delta_norm,obs_motor_17_pos_delta_norm,obs_motor_18_pos_delta_norm,obs_motor_19_pos_delta_norm,obs_motor_16_current_norm,obs_motor_17_current_norm,obs_motor_18_current_norm,obs_motor_19_current_norm,obs_horizontal_tension_norm,obs_vertical_tension_norm,obs_total_tension_norm,obs_motor_16_target_error_norm,obs_motor_17_target_error_norm,obs_motor_18_target_error_norm,obs_motor_19_target_error_norm,action_m16,action_m17,action_m18,action_m19,total_safety_penalty
1,819,-0.14367534170871601,-0.6619559229341325,-0.02467534170871602,-0.1339559229341325,0.1362096243940829,0.2561233168755451,0.832729697227478,0.08144603669643402,-1.0,0.8860465288162231,0.3084745705127716,0.0,0.0,-0.0001250000059371814,0.0,0.0018386200536042452,0.00021127000218257308,0.00019985000835731626,0.0,0.17949999868869781,0.017500000074505806,0.19699999690055847,0.07199999690055847,0.014999999664723873,0.003000000026077032,-0.0002500000118743628,0.8714717626571655,0.017962941899895668,-0.9859656095504761,0.6074686050415039,-0.07726469
2,820,-0.1442493056337431,-0.6620977296476802,-0.025249305633743113,-0.13409772964768019,0.13645412610708588,0.25549785592134744,0.8286619782447815,0.08143063634634018,-1.0,0.8860465288162231,0.3084745705127716,0.005499999970197678,-0.0002500000118743628,-0.017249999567866325,0.011125000193715096,0.0015645400853827596,0.00022269001055974513,9.13600015337579e-05,6.851999933132902e-05,0.15649999678134918,0.014000000432133675,0.1704999953508377,0.06449999660253525,0.01600000075995922,0.0005000000237487257,0.0002500000118743628,0.47079214453697205,-0.4112915098667145,0.5798484086990356,-0.5682840943336487,-0.040017333
3,821,-0.1438951391978886,-0.662999002664393,-0.024895139197888605,-0.13499900266439302,0.13727526607536786,0.2534084511174388,0.8273271918296814,0.08119028806686401,-1.0,0.8860465288162231,0.3084745705127716,0.006000000052154064,-0.005625000223517418,-0.007625000085681677,0.0008750000270083547,0.001638769987039268,0.0001598800008650869,0.00019414001144468784,-6.851999933132902e-05,0.1574999988079071,0.023000000044703484,0.18050000071525574,0.06599999964237213,0.011500000022351742,0.002749999985098839,-0.0005000000237487257,0.27105361223220825,0.6746352910995483,0.25633662939071655,-0.5689433217048645,-0.023039557
4,822,-0.141835449457845,-0.6628823986691381,-0.022835449457844992,-0.1348823986691381,0.13680175153367774,0.2546112223844405,0.8281508684158325,0.07966271042823792,-1.0,0.8860465288162231,0.3084745705127716,0.005874999798834324,-0.005375000182539225,-0.0032500000670552254,-0.009875000454485416,0.0017015800112858415,0.0006794900400564075,0.00025695000658743083,0.0,0.2084999978542328,0.02250000089406967,0.23100000619888306,0.0677499994635582,0.036249998956918716,0.0035000001080334187,-0.0002500000118743628,0.19456163048744202,0.21674969792366028,-0.5463809967041016,0.6632815599441528,-0.016537739
5,823,-0.14890633544131526,-0.6621601886454869,-0.029906335441315268,-0.13416018864548684,0.13745306514196431,0.2529582935632287,0.8329408168792725,0.07986034452915192,-1.0,0.8860465288162231,0.3084745705127716,0.007499999832361937,-0.004999999888241291,-0.012000000104308128,0.0022499999031424522,0.0016045100055634975,0.0009021800360642374,0.00010278000263497233,6.851999933132902e-05,0.21950000524520874,0.014999999664723873,0.2345000058412552,0.06549999862909317,0.04349999874830246,0.000750000006519258,0.0002500000118743628,-0.0877854973077774,0.9490500092506409,-0.8253271579742432,-0.40590032935142517,-0.007461767
6,824,-0.15347868967554365,-0.6619576711738373,-0.034478689675543656,-0.13395767117383728,0.13832367009322863,0.25076558489966244,0.8164969086647034,0.08108442276716232,-1.0,0.8860465288162231,0.3084745705127716,0.007499999832361937,0.0016250000335276127,-0.027499999850988388,-0.004875000100582838,0.001581670017912984,0.0017187100602313876,0.00010848999954760075,-6.851999933132902e-05,0.289000004529953,0.01549999974668026,0.304500013589859,0.06525000184774399,0.06575000286102295,0.0010000000474974513,-0.0005000000237487257,0.974520206451416,-0.0542333647608757,-0.8736450672149658,0.7278742790222168,-0.08283422
7,825,-0.1569680461189661,-0.6612463572161323,-0.03796804611896609,-0.13324635721613232,0.13855022279830903,0.2501981117392776,0.8058634996414185,0.0814276784658432,-1.0,0.8860465288162231,0.3084745705127716,0.007625000085681677,0.005125000141561031,-0.04349999874830246,0.008500000461935997,0.0017872300231829286,0.001347560086287558,9.707000572234392e-05,3.425999966566451e-05,0.2745000123977661,0.011500000022351742,0.28600001335144043,0.0702499970793724,0.05674999952316284,0.0002500000118743628,0.0,0.7261364459991455,-0.6341475248336792,-0.893198549747467,-0.658798336982727,-0.18007565
8,826,-0.16510928766526642,-0.6610605717600784,-0.046109287665266424,-0.13306057176007835,0.14082323020765164,0.24457523639704673,0.7977487444877625,0.08263329416513443,-1.0,0.8860465288162231,0.3084745705127716,0.00774999987334013,0.005625000223517418,-0.06024999916553497,0.012000000104308128,0.0019014300778508186,0.0005710000405088067,9.13600015337579e-05,7.423000351991504e-05,0.21649999916553497,0.014499999582767487,0.23100000619888306,0.0729999989271164,0.03200000151991844,0.0005000000237487257,0.0005000000237487257,-0.41842710971832275,0.5134263038635254,-0.9289618730545044,-0.6189414262771606,-0.035566304
9,827,-0.16573702584211658,-0.6608595658103185,-0.046737025842116586,-0.13285956581031844,0.14084038416545522,0.24453328566240573,0.7788156270980835,0.08294818550348282,-1.0,0.8860465288162231,0.3084745705127716,0.009875000454485416,0.008249999955296516,-0.07762499898672104,0.0008750000270083547,0.0016444800421595573,0.0009878299897536635,8.565000462112948e-05,-2.8550000934046693e-05,0.2304999977350235,0.009999999776482582,0.24050000309944153,0.06650000065565109,0.04600000008940697,0.0005000000237487257,-0.0002500000118743628,0.32344818115234375,0.05772785097360611,0.3666842579841614,-0.11228208243846893,-0.070465565
10,828,-0.16302143963748975,-0.6623058368970167,-0.04402143963748975,-0.1343058368970167,0.14133628328339898,0.24332364902334536,0.7773557305335999,0.08328887075185776,-1.0,0.8860465288162231,0.3084745705127716,0.009875000454485416,0.008249999955296516,-0.0716250017285347,0.0042500002309679985,0.0017072900664061308,0.001050640014000237,0.00016558999777771533,6.851999933132902e-05,0.24150000512599945,0.020500000566244125,0.2619999945163727,0.06825000047683716,0.04800000041723251,0.0022499999031424522,0.0005000000237487257,-0.7938562035560608,-0.20971715450286865,-0.5342951416969299,0.16851341724395752,-0.06747778
11,829,-0.16708922779468466,-0.6597827808807776,-0.048089227794684664,-0.13178278088077755,0.14028283988628154,0.24590047480807367,0.7836710810661316,0.08083756268024445,-1.0,0.8860465288162231,0.3084745705127716,0.009999999776482582,0.008249999955296516,-0.08049999922513962,0.007499999832361937,0.0015302799874916673,0.000799400033429265,9.13600015337579e-05,6.851999933132902e-05,0.20399999618530273,0.014000000432133675,0.21799999475479126,0.0637499988079071,0.04024999961256981,0.0,0.0002500000118743628,-0.417266309261322,0.09340453892946243,0.3740551173686981,0.5677725076675415,-0.035467636
12,830,-0.16792585871243132,-0.6604038423194847,-0.048925858712431325,-0.13240384231948465,0.1411542316464928,0.24376702717550747,0.7742111086845398,0.08511392772197723,-1.0,0.8860465288162231,0.3084745705127716,0.009999999776482582,0.008249999955296516,-0.07462500035762787,0.018124999478459358,0.0014503400307148695,0.0009078900329768658,0.0001598800008650869,6.28100024187006e-05,0.20649999380111694,0.019500000402331352,0.22599999606609344,0.061500001698732376,0.04374999925494194,0.0022499999031424522,0.0002500000118743628,0.9020732045173645,0.6316598653793335,-0.8160996437072754,-0.09534414857625961,-0.07667622
13,831,-0.16495310122670942,-0.6599755566416454,-0.045953101226709425,-0.1319755566416454,0.13974703955084114,0.24722154636940938,0.7722654342651367,0.08406128734350204,-1.0,0.8860465288162231,0.3084745705127716,0.009999999776482582,0.011250000447034836,-0.08874999731779099,0.016750000417232513,0.0016501900972798467,0.001541700097732246,8.565000462112948e-05,-7.423000351991504e-05,0.27950000762939453,0.014000000432133675,0.29350000619888306,0.06650000065565109,0.061250001192092896,0.0,-0.0005000000237487257,-0.12138806283473969,-0.9180362820625305,0.8330623507499695,-0.9115852117538452,-0.010317986
14,832,-0.16111066499669027,-0.6599371647763379,-0.04211066499669028,-0.13193716477633788,0.13849448926106053,0.25033759486290763,0.7791788578033447,0.08478718996047974,-1.0,0.8860465288162231,0.3084745705127716,0.009750000201165676,0.011125000193715096,-0.07437500357627869,-0.000375000003259629,0.0016616100911051035,0.00043967002420686185,0.00016558999777771533,0.0,0.18400000035762787,0.014499999582767487,0.19850000739097595,0.06650000065565109,0.027249999344348907,0.0022499999031424522,-0.0002500000118743628,0.881751298904419,0.906479001045227,0.9082624316215515,0.6636942625045776,-0.07494886
15,833,-0.16214968908289734,-0.6611868534269603,-0.04314968908289735,-0.13318685342696024,0.1400022628164463,0.24659138396808286,0.7881147265434265,0.08485226333141327,-1.0,0.8860465288162231,0.3084745705127716,0.009499999694526196,0.010874999687075615,-0.057999998331069946,0.011749999597668648,0.0018557501025497913,0.001541700097732246,0.00023982000129763037,7.423000351991504e-05,0.29750001430511475,0.027499999850988388,0.32499998807907104,0.07175000011920929,0.061500001698732376,0.0035000001080334187,0.0002500000118743628,-0.3293441832065582,0.8970010876655579,-0.7644867897033691,0.3950885236263275,-0.027994255
16,834,-0.16815115990308033,-0.6611806690057087,-0.04915115990308033,-0.13318066900570869,0.14196100561994587,0.2418082901588718,0.785698413848877,0.08273414522409439,-1.0,0.8860465288162231,0.3084745705127716,0.009624999947845936,0.010999999940395355,-0.07074999809265137,0.01924999989569187,0.001764390035532415,0.002986330073326826,7.994000043254346e-05,2.2840000383439474e-05,0.41600000858306885,0.008999999612569809,0.42500001192092896,0.06975000351667404,0.09475000202655792,0.0005000000237487257,0.0,0.997402012348175,0.5425277948379517,-0.8630735278129578,-0.5245424509048462,-0.32193422
17,835,-0.16688340466246387,-0.6610112921666217,-0.04788340466246388,-0.13301129216662166,0.14136769180369205,0.24324723666628753,0.771741509437561,0.08274462819099426,-1.0,0.8860465288162231,0.3084745705127716,0.009875000454485416,0.011250000447034836,-0.08675000071525574,0.022749999538064003,0.0018728800350800157,0.0021069899667054415,9.13600015337579e-05,6.851999933132902e-05,0.34850001335144043,0.014000000432133675,0.36250001192092896,0.07225000113248825,0.0754999965429306,0.0002500000118743628,0.0005000000237487257,0.014811982400715351,0.8727381825447083,0.12448815256357193,-0.5461408495903015,-0.05770819
18,836,-0.17100386508736565,-0.6607635046304594,-0.05200386508736565,-0.13276350463045938,0.14258523817628155,0.2403035455269548,0.7746897339820862,0.08303170651197433,-1.0,0.8860465288162231,0.3084745705127716,0.009750000201165676,0.012625000439584255,-0.08537500351667404,0.013000000268220901,0.0018671700963750482,0.002592340111732483,0.0001541700039524585,-6.851999933132902e-05,0.390500009059906,0.019500000402331352,0.4099999964237213,0.07249999791383743,0.08775000274181366,0.0020000000949949026,-0.0002500000118743628,0.7557944059371948,0.4570590555667877,-0.805030107498169,-0.8659255504608154,-0.16282801
19,837,-0.17528709710997728,-0.6605502074386216,-0.056287097109977285,-0.13255020743862156,0.1440062317856058,0.2369129943122068,0.765107274055481,0.08345168828964233,-1.0,0.8860465288162231,0.3084745705127716,0.009875000454485416,0.012749999761581421,-0.09950000047683716,-0.003000000026077032,0.0019927900284528732,0.0018043600721284747,8.565000462112948e-05,-1.1420000191719737e-05,0.33250001072883606,0.008500000461935997,0.3409999907016754,0.07524999976158142,0.06875000149011612,0.0002500000118743628,-0.0005000000237487257,0.8854791522026062,0.7835789322853088,-0.7202733159065247,-0.6709424257278442,-0.24302903
20,838,-0.17792681982082448,-0.6589988089954049,-0.05892681982082448,-0.13099880899540484,0.14364211796130852,0.23777719966684283,0.7551462650299072,0.08381320536136627,-1.0,0.8860465288162231,0.3084745705127716,0.009875000454485416,0.015250000171363354,-0.11275000125169754,0.0002500000118743628,0.002089860150590539,0.002226900076493621,0.0,6.851999933132902e-05,0.3779999911785126,0.006000000052154064,0.3840000033378601,0.07874999940395355,0.0794999971985817,-0.0002500000118743628,0.0005000000237487257,0.9764502048492432,-0.22725452482700348,-0.42768701910972595,-0.5820422172546387,-0.1807205
21,839,-0.17934827944946394,-0.6599943949827878,-0.06034827944946394,-0.13199439498278775,0.14513591953538854,0.23425167782391065,0.7490074038505554,0.08644269406795502,-1.0,0.8860465288162231,0.3084745705127716,0.009875000454485416,0.015250000171363354,-0.10999999940395355,-0.009999999776482582,0.002244030125439167,0.001878590090200305,0.0001256200048374012,-7.994000043254346e-05,0.3610000014305115,0.017999999225139618,0.3790000081062317,0.08224999904632568,0.07100000232458115,0.0017500000540167093,-0.000750000006519258,0.9668571949005127,0.40761178731918335,-0.9501183032989502,-0.7829367518424988,-0.12874167
22,840,-0.17956559907548836,-0.6585854752412548,-0.06056559907548836,-0.13058547524125474,0.14394706713009875,0.2370532045425029,0.7457016706466675,0.08475526422262192,-1.0,0.8860465288162231,0.3084745705127716,0.009875000454485416,0.015375000424683094,-0.12675000727176666,-0.02487500011920929,0.002381070051342249,0.002186930039897561,0.0,-7.994000043254346e-05,0.4000000059604645,0.007000000216066837,0.40700000524520874,0.08550000190734863,0.07850000262260437,-0.0002500000118743628,-0.0002500000118743628,0.3898082971572876,0.8983513116836548,-0.482443243265152,-0.8789123296737671,-0.19747883
23,841,-0.18331674234520123,-0.6589979183901904,-0.06431674234520124,-0.13099791839019037,0.14593525265836893,0.2323866902337147,0.7451962828636169,0.08714326471090317,-1.0,0.8860465288162231,0.3084745705127716,0.009875000454485416,0.016499999910593033,-0.1236250028014183,-0.04112499952316284,0.002255450002849102,0.002763640135526657,0.00011420000373618677,-7.994000043254346e-05,0.43950000405311584,0.017000000923871994,0.45649999380111694,0.08275000005960464,0.09099999815225601,0.0010000000474974513,-0.0005000000237487257,0.858568549156189,0.6456030011177063,-0.8857395648956299,-0.7950983047485352,-0.192587
24,842,-0.18486916653632762,-0.6600046009686078,-0.06586916653632763,-0.13200460096860778,0.1475261393010467,0.22871893370015098,0.7364726662635803,0.08644420653581619,-1.0,0.8860465288162231,0.3084745705127716,0.009875000454485416,0.016625000163912773,-0.13950000703334808,-0.0560000017285347,0.002381070051342249,0.001918560010381043,0.0,-7.994000043254346e-05,0.3765000104904175,0.007000000216066837,0.38350000977516174,0.08550000190734863,0.07199999690055847,-0.0002500000118743628,-0.0005000000237487257,-0.9461964964866638,-0.8538132309913635,-0.3835689127445221,-0.9774417877197266,-0.17457187
25,843,-0.18089767826558278,-0.6609253458990194,-0.06189767826558279,-0.1329253458990194,0.146630386199599,0.23077689400356666,0.7328624129295349,0.08473796397447586,-1.0,0.8860465288162231,0.3084745705127716,0.009875000454485416,0.016625000163912773,-0.13612499833106995,-0.0742499977350235,0.0022897101007401943,0.000770850048866123,9.707000572234392e-05,-7.994000043254346e-05,0.2680000066757202,0.01549999974668026,0.28349998593330383,0.08275000005960464,0.03999999910593033,0.0005000000237487257,-0.0005000000237487257,0.6852303743362427,0.26092714071273804,-0.13880379498004913,0.9602740406990051,-0.076023035
26,844,-0.18405385641215613,-0.6589587341045797,-0.06505385641215614,-0.1309587341045797,0.14622651699458425,0.23171081545186598,0.7420984506607056,0.08317738026380539,-1.0,0.8860465288162231,0.3084745705127716,0.009875000454485416,0.016625000163912773,-0.13824999332427979,-0.05662500113248825,0.002169799990952015,0.00107919005677104,0.0,7.423000351991504e-05,0.28450000286102295,0.006500000134110451,0.29100000858306885,0.07999999821186066,0.04975000023841858,-0.0002500000118743628,0.0002500000118743628,0.9814064502716064,-0.142253115773201,-0.5091407299041748,0.3823198676109314,-0.19159518
27,845,-0.1808268198769594,-0.6590362254503033,-0.0618268198769594,-0.13103622545030325,0.1448897789230168,0.23482897653001808,0.7347584962844849,0.08651062101125717,-1.0,0.8860465288162231,0.3084745705127716,0.009875000454485416,0.016625000163912773,-0.13512499630451202,-0.04987499862909317,0.002323969965800643,0.0009136000298894942,9.707000572234392e-05,7.423000351991504e-05,0.28349998593330383,0.014999999664723873,0.2985000014305115,0.08349999785423279,0.04450000077486038,0.0010000000474974513,0.0010000000474974513,0.7670117616653442,0.5293204188346863,0.5763883590698242,0.7868984937667847,-0.08420118
28,846,-0.17774317289237077,-0.6599851947679278,-0.05874317289237077,-0.1319851947679278,0.1444674773068001,0.23582275999815702,0.7422631978988647,0.0863792821764946,-1.0,0.8860465288162231,0.3084745705127716,0.009875000454485416,0.016499999910593033,-0.12425000220537186,-0.03462500125169754,0.0021926399786025286,0.0016273499932140112,0.00011420000373618677,6.851999933132902e-05,0.3345000147819519,0.01600000075995922,0.3504999876022339,0.0807500034570694,0.06449999660253525,0.000750000006519258,0.0,-0.06626412272453308,0.3337431848049164,-0.07446439564228058,-0.7193652391433716,-0.0056324503
29,847,-0.18084406495868102,-0.6593782425688975,-0.06184406495868103,-0.13137824256889752,0.14520651153135536,0.23408637324171558,0.7494344711303711,0.08477085828781128,-1.0,0.8860465288162231,0.3084745705127716,0.009875000454485416,0.016499999910593033,-0.1251250058412552,-0.04762500151991844,0.002169799990952015,0.0021241200156509876,0.0,-7.423000351991504e-05,0.37599998712539673,0.006500000134110451,0.3824999928474426,0.08049999922513962,0.07699999958276749,-0.0002500000118743628,-0.000750000006519258,0.6010388135910034,0.9027064442634583,0.016751958057284355,-0.8913775682449341,-0.1457725
30,848,-0.18276056980879307,-0.6603486089512457,-0.06376056980879308,-0.13234860895124567,0.1469066525167316,0.23014021504740614,0.7422230839729309,0.08579958975315094,-1.0,0.8860465288162231,0.3084745705127716,0.009875000454485416,0.016499999910593033,-0.12212499976158142,-0.06437499821186066,0.002244030125439167,0.0028093201108276844,0.00011991000064881518,-7.423000351991504e-05,0.4424999952316284,0.017000000923871994,0.4595000147819519,0.08250000327825546,0.0925000011920929,0.0012499999720603228,-0.0005000000237487257,-0.34469151496887207,0.098139688372612,-0.7340439558029175,0.11792711168527603,-0.08911275
31,849,-0.18368703235720282,-0.6590165334156672,-0.06468703235720283,-0.1310165334156672,0.14611551657315677,0.2319681582328734,0.7377660870552063,0.0841548964381218,-1.0,0.8860465288162231,0.3084745705127716,0.009875000454485416,0.016625000163912773,-0.13512499630451202,-0.06262499839067459,0.002186930039897561,0.001964240102097392,0.0,7.423000351991504e-05,0.3634999990463257,0.006500000134110451,0.3700000047683716,0.0807500034570694,0.07349999994039536,-0.0002500000118743628,0.0002500000118743628,0.7962074279785156,0.40190961956977844,-0.7648716568946838,-0.7796974182128906,-0.22643493
32,850,-0.18093564578768645,-0.6606934222519225,-0.061935645787686455,-0.1326934222519225,0.1464362268295136,0.2312254042386913,0.7356115579605103,0.08641265332698822,-1.0,0.8860465288162231,0.3084745705127716,0.009875000454485416,0.016625000163912773,-0.13199999928474426,-0.07662499696016312,0.0022897101007401943,0.0022897101007401943,0.00010278000263497233,-7.423000351991504e-05,0.4009999930858612,0.01549999974668026,0.4165000021457672,0.08349999785423279,0.08100000023841858,0.0010000000474974513,-0.000750000006519258,0.9578646421432495,0.5560299158096313,-0.6420509815216064,-0.6511522531509399,-0.16264346
33,851,-0.18580565328836926,-0.6581494936203842,-0.06680565328836927,-0.1301494936203842,0.1462938344597209,0.23155488609419025,0.7420101165771484,0.08357047289609909,-1.0,0.8860465288162231,0.3084745705127716,0.009875000454485416,0.016625000163912773,-0.1433749943971634,-0.08887500315904617,0.002169799990952015,0.00267799012362957,0.0,-7.423000351991504e-05,0.4244999885559082,0.006500000134110451,0.4309999942779541,0.0807500034570694,0.08974999934434891,-0.0002500000118743628,-0.0005000000237487257,0.9905542135238647,-0.9074888825416565,-0.6353559494018555,0.6443997025489807,-0.2565967
34,852,-0.1848070142722762,-0.6611244614144464,-0.0658070142722762,-0.13312446141444634,0.1485014658322199,0.22649902055651405,0.7306845188140869,0.08788221329450607,-1.0,0.8860465288162231,0.3084745705127716,0.009875000454485416,0.016625000163912773,-0.14000000059604645,-0.07724999636411667,0.002341100014746189,0.0018614600412547588,9.707000572234392e-05,7.423000351991504e-05,0.36800000071525574,0.014999999664723873,0.382999986410141,0.08425000309944153,0.07100000232458115,0.0005000000237487257,0.0002500000118743628,0.39988818764686584,0.976648211479187,-0.9338960647583008,-0.6590759754180908,-0.11281962
35,853,-0.18730157248067908,-0.6599683949933095,-0.06830157248067908,-0.13196839499330948,0.14859596926041974,0.22628507232737757,0.7330069541931152,0.08283989876508713,-1.0,0.8860465288162231,0.3084745705127716,0.009875000454485416,0.016625000163912773,-0.15712499618530273,-0.08924999833106995,0.0021926399786025286,0.00267799012362957,0.0,-7.423000351991504e-05,0.42649999260902405,0.006500000134110451,0.43299999833106995,0.08150000125169754,0.09000000357627869,-0.0002500000118743628,-0.0002500000118743628,-0.38958457112312317,-0.5641672611236572,0.5539829134941101,0.4014587998390198,-0.039531417
36,854,-0.18344907775317307,-0.659980008342618,-0.06444907775317307,-0.13198000834261803,0.14687547863871653,0.23021196986110662,0.7272056341171265,0.08479932695627213,-1.0,0.8860465288162231,0.3084745705127716,0.009875000454485416,0.016625000163912773,-0.1471250057220459,-0.0820000022649765,0.002129829954355955,0.0018671700963750482,9.707000572234392e-05,7.423000351991504e-05,0.3499999940395355,0.014999999664723873,0.36500000953674316,0.0794999971985817,0.07124999910593033,0.0005000000237487257,0.0002500000118743628,0.08596529811620712,-0.6451947689056396,0.5780705213546753,-0.8623014092445374,-0.0077532097
37,855,-0.183381567303227,-0.6588773095684772,-0.064381567303227,-0.1308773095684772,0.14585560108649567,0.23257186362227736,0.736164927482605,0.08477964997291565,-1.0,0.8860465288162231,0.3084745705127716,0.009875000454485416,0.016625000163912773,-0.13637499511241913,-0.09775000065565109,0.0021526701748371124,0.0009764100541360676,9.707000572234392e-05,-7.423000351991504e-05,0.27399998903274536,0.014999999664723873,0.289000004529953,0.07975000143051147,0.04724999889731407,0.0005000000237487257,-0.0005000000237487257,0.9309771656990051,-0.2594049870967865,0.06481711566448212,-0.9620528817176819,-0.084076546
38,856,-0.18024840785603097,-0.659041704258994,-0.06124840785603097,-0.13104170425899397,0.14464887044149483,0.23539538143634323,0.7363219261169434,0.08664862811565399,-1.0,0.8860465288162231,0.3084745705127716,0.009875000454485416,0.016625000163912773,-0.1353749930858612,-0.11562500149011612,0.002295420039445162,0.0007023300277069211,0.00010848999954760075,-7.423000351991504e-05,0.26249998807907104,0.01600000075995922,0.2784999907016754,0.08299999684095383,0.0377499982714653,0.000750000006519258,-0.000750000006519258,0.9569486975669861,0.9485620260238647,0.5780150890350342,0.014363224618136883,-0.10319487
39,857,-0.18177642866320126,-0.660313968218886,-0.06277642866320127,-0.13231396821888597,0.146450900241461,0.2311914780717243,0.7436083555221558,0.08636999130249023,-1.0,0.8860465288162231,0.3084745705127716,0.009875000454485416,0.016499999910593033,-0.12475000321865082,-0.11562500149011612,0.0021640900522470474,0.0019699500408023596,0.00011420000373618677,0.0,0.3619999885559082,0.009999999776482582,0.3720000088214874,0.08025000244379044,0.07349999994039536,0.0010000000474974513,-0.0002500000118743628,0.16706810891628265,-0.7286703586578369,-0.8167638778686523,0.08385972678661346,-0.032054365
40,858,-0.18145279388550314,-0.6588922366997275,-0.06245279388550315,-0.1308922366997275,0.14502802864399222,0.23450455043595372,0.7400548458099365,0.08421361446380615,-1.0,0.8860465288162231,0.3084745705127716,0.009875000454485416,0.016625000163912773,-0.1393750011920929,-0.11225000023841858,0.0021926399786025286,0.0009535700082778931,0.0,7.423000351991504e-05,0.27549999952316284,0.006500000134110451,0.28200000524520874,0.0807500034570694,0.04600000008940697,-0.0002500000118743628,0.0005000000237487257,-0.4406905472278595,0.519139289855957,0.7569667100906372,-0.8010292053222656,-0.0374587
41,859,-0.1798103824085131,-0.6587592692216977,-0.06081038240851311,-0.13075926922169767,0.14420779831916863,0.23643593795651102,0.7408074736595154,0.08662332594394684,-1.0,0.8860465288162231,0.3084745705127716,0.009875000454485416,0.016625000163912773,-0.12575000524520874,-0.12675000727176666,0.002089860150590539,0.0016501900972798467,0.00010278000263497233,-7.423000351991504e-05,0.32749998569488525,0.01549999974668026,0.34299999475479126,0.07850000262260437,0.06525000184774399,0.000750000006519258,-0.0005000000237487257,0.13267697393894196,0.4116576910018921,0.34367433190345764,0.819659411907196,-0.011938274
42,860,-0.18042542489085836,-0.6598850627431074,-0.061425424890858366,-0.1318850627431074,0.14548798093923726,0.233428418118602,0.7446269989013672,0.08684869855642319,-1.0,0.8860465288162231,0.3084745705127716,0.009750000201165676,0.016499999910593033,-0.11962500214576721,-0.11174999922513962,0.002101280028000474,0.0022668701130896807,0.0001256200048374012,6.851999933132902e-05,0.3824999928474426,0.017000000923871994,0.3995000123977661,0.07900000363588333,0.0807500034570694,0.0012499999720603228,0.0,0.2663561701774597,-0.625024139881134,-0.873315691947937,-0.8040642738342285,-0.0239907
43,861,-0.1839212687128068,-0.6598527073125764,-0.06492126871280682,-0.13185270731257637,0.14696907006896517,0.22999661197989058,0.7431966662406921,0.08494057506322861,-1.0,0.8860465288162231,0.3084745705127716,0.009875000454485416,0.016499999910593033,-0.13512499630451202,-0.12662500143051147,0.0021412500645965338,0.0013418500311672688,0.0,-1.7129999832832254e-05,0.3050000071525574,0.001500000013038516,0.30649998784065247,0.0794999971985817,0.057500001043081284,-0.0002500000118743628,-0.0002500000118743628,0.8026149272918701,-0.11014115810394287,-0.9400421380996704,-0.24476821720600128,-0.27710047
44,862,-0.18313128398350764,-0.6611591568428931,-0.06413128398350765,-0.13315915684289303,0.14779777615540599,0.2280984918392032,0.735066831111908,0.08499541133642197,-1.0,0.8860465288162231,0.3084745705127716,0.009875000454485416,0.016499999910593033,-0.13187499344348907,-0.12325000017881393,0.0022497400641441345,0.0011933899950236082,9.707000572234392e-05,6.851999933132902e-05,0.30149999260902405,0.014499999582767487,0.3160000145435333,0.08224999904632568,0.05350000038743019,0.000750000006519258,0.0005000000237487257,0.9658011794090271,-0.8068023920059204,-0.8267228603363037,0.558975100517273,-0.08768509
45,863,-0.18505710301285208,-0.6599563217223925,-0.06605710301285209,-0.13195632172239247,0.14756697361182852,0.22862555696611733,0.736903965473175,0.08278109133243561,-1.0,0.8860465288162231,0.3084745705127716,0.009875000454485416,0.016124999150633812,-0.14687499403953552,-0.11262500286102295,0.0023924901615828276,0.0003654400061350316,0.0,7.423000351991504e-05,0.24150000512599945,0.006500000134110451,0.24799999594688416,0.08550000190734863,0.024000000208616257,-0.0002500000118743628,0.0,0.8378602266311646,-0.5005673170089722,-0.2179979830980301,0.12136642634868622,-0.159703
46,864,-0.18703805955968014,-0.6590456203913035,-0.06803805955968015,-0.13104562039130352,0.14765545087259124,0.22842336479614703,0.732425332069397,0.08481979370117188,-1.0,0.8860465288162231,0.3084745705127716,0.013249999843537807,0.01075000036507845,-0.1433749943971634,-0.1106249988079071,0.0020213399548083544,0.00022269001055974513,8.565000462112948e-05,6.851999933132902e-05,0.1965000033378601,0.013500000350177288,0.20999999344348907,0.07599999755620956,0.01600000075995922,0.0002500000118743628,0.0005000000237487257,-0.37365639209747314,0.9329921007156372,0.05831583961844444,-0.21664465963840485,-0.031760793
47,865,-0.18379467969733587,-0.6599861161372478,-0.06479467969733588,-0.13198611613724776,0.14703293974506326,0.2298497607904641,0.727818489074707,0.08636335283517838,-1.0,0.8860465288162231,0.3084745705127716,0.013249999843537807,0.010999999940395355,-0.14262500405311584,-0.11412499845027924,0.001918560010381043,0.0011020300444215536,9.707000572234392e-05,-7.423000351991504e-05,0.2644999921321869,0.014999999664723873,0.27950000762939453,0.07400000095367432,0.05025000125169754,0.000750000006519258,-0.0005000000237487257,-0.4858942925930023,-0.3796387016773224,0.43286359310150146,-0.8292914032936096,-0.041301016
48,866,-0.1792845542455627,-0.6609520206403208,-0.0602845542455627,-0.13295202064032074,0.14598105107489281,0.23228028517715077,0.7353612184524536,0.08476929366588593,-1.0,0.8860465288162231,0.3084745705127716,0.013249999843537807,0.010999999940395355,-0.13462500274181366,-0.12950000166893005,0.0018329099984839559,0.0008165300241671503,9.707000572234392e-05,-7.423000351991504e-05,0.23199999332427979,0.014999999664723873,0.24699999392032623,0.07150000333786011,0.036249998956918716,0.000750000006519258,-0.000750000006519258,-0.42337027192115784,-0.123810313642025,-0.15171146392822266,0.8763790130615234,-0.035986472
49,867,-0.1834559564716342,-0.6610687279325498,-0.06445595647163421,-0.13306872793254976,0.14785755536414144,0.22796217711363578,0.7458498477935791,0.08313217014074326,-1.0,0.8860465288162231,0.3084745705127716,0.013249999843537807,0.010999999940395355,-0.1368750035762787,-0.11349999904632568,0.0017301300540566444,0.000673780043143779,0.0,6.851999933132902e-05,0.21050000190734863,0.006000000052154064,0.21649999916553497,0.06925000250339508,0.03175000101327896,-0.0002500000118743628,0.0,0.5391939878463745,0.9129810929298401,-0.7743874788284302,-0.01069864071905613,-0.17394303
50,868,-0.18193750047171442,-0.6622771143856298,-0.06293750047171442,-0.13427711438562973,0.1482952204670081,0.2269666463511638,0.7361489534378052,0.08293435722589493,-1.0,0.8860465288162231,0.3084745705127716,0.013249999843537807,0.011874999850988388,-0.13362500071525574,-0.11349999904632568,0.001821490004658699,0.0016330600483343005,0.00010278000263497233,0.0,0.30250000953674316,0.008999999612569809,0.31150001287460327,0.07150000333786011,0.06400000303983688,0.000750000006519258,-0.0002500000118743628,0.9451273679733276,-0.9923629760742188,-0.797600269317627,0.5516366958618164,-0.104317114
51,869,-0.186500978921917,-0.6605536940816168,-0.067500978921917,-0.13255369408161677,0.14875101334142207,0.2259345025556095,0.7396802306175232,0.08088624477386475,-1.0,0.8860465288162231,0.3084745705127716,0.013249999843537807,0.011874999850988388,-0.14800000190734863,-0.10337500274181366,0.0019413999980315566,0.00042825000127777457,0.0,7.423000351991504e-05,0.20749999582767487,0.006500000134110451,0.21400000154972076,0.0742499977350235,0.027000000700354576,-0.0002500000118743628,0.0,-0.21199370920658112,0.718574047088623,-0.22412201762199402,-0.8051188588142395,-0.072518006
52,870,-0.1853635159931869,-0.6611683185274764,-0.0663635159931869,-0.13316831852747635,0.1487881625480111,0.22585058526876742,0.7290675044059753,0.08380729705095291,-1.0,0.8860465288162231,0.3084745705127716,0.013249999843537807,0.011874999850988388,-0.1446249932050705,-0.11837500333786011,0.0018957200227305293,0.0012276499764993787,9.707000572234392e-05,-4.568000076687895e-05,0.273499995470047,0.012500000186264515,0.28600001335144043,0.07325000315904617,0.05375000089406967,0.0005000000237487257,0.0,0.3741205930709839,0.33126044273376465,-0.7895361185073853,0.49054667353630066,-0.03328177
53,871,-0.19064990821482314,-0.66081413185009,-0.07164990821482314,-0.13281413185008994,0.1509082600995905,0.22111273354281769,0.7317127585411072,0.08276556432247162,-1.0,0.8860465288162231,0.3084745705127716,0.013249999843537807,0.011874999850988388,-0.15912500023841858,-0.10925000160932541,0.001947110053151846,0.0017015800112858415,0.0,6.851999933132902e-05,0.31949999928474426,0.006000000052154064,0.3255000114440918,0.07474999874830246,0.06599999964237213,0.0,0.0,-0.05753177031874657,0.69169020652771,-0.874959409236908,-0.7361811995506287,-0.13486338
54,872,-0.18409538272546702,-0.6610405033780427,-0.06509538272546703,-0.13304050337804263,0.14811206700082882,0.22738272454553243,0.7194188237190247,0.08336587995290756,-1.0,0.8860465288162231,0.3084745705127716,0.013249999843537807,0.011874999850988388,-0.15562500059604645,-0.12287499755620956,0.0019242700655013323,0.0027807701844722033,8.565000462112948e-05,-7.423000351991504e-05,0.41200000047683716,0.014000000432133675,0.4259999990463257,0.07450000196695328,0.09175000339746475,0.0005000000237487257,-0.0002500000118743628,0.9825810194015503,0.43822765350341797,-0.909503698348999,0.7920647859573364,-0.22150879
55,873,-0.1899571003273917,-0.6610336456072217,-0.07095710032739169,-0.13303364560722164,0.15077420518914822,0.22140934478629407,0.734661877155304,0.08298219740390778,-1.0,0.8860465288162231,0.3084745705127716,0.013249999843537807,0.011874999850988388,-0.17212499678134918,-0.10837499797344208,0.002049890113994479,0.001964240102097392,-8.565000462112948e-05,7.423000351991504e-05,0.351500004529953,0.014000000432133675,0.36550000309944153,0.07724999636411667,0.0729999989271164,-0.0005000000237487257,0.0002500000118743628,0.6048657298088074,0.7338206768035889,0.8985977172851562,0.49489036202430725,-0.10918364
56,874,-0.18477870243608535,-0.6592402723536486,-0.06577870243608536,-0.13124027235364855,0.14680206668039422,0.2303810350259053,0.7210299968719482,0.08299382030963898,-1.0,0.8860465288162231,0.3084745705127716,0.013249999843537807,0.011874999850988388,-0.15575000643730164,-0.09925000369548798,0.0021241200156509876,0.0025466601364314556,9.13600015337579e-05,6.851999933132902e-05,0.4090000092983246,0.014000000432133675,0.4230000078678131,0.0794999971985817,0.08675000071525574,0.0002500000118743628,0.0005000000237487257,0.9552108645439148,-0.11200255900621414,0.6879463195800781,0.28470751643180847,-0.12495022
57,875,-0.17955839133559642,-0.6609658924381137,-0.06055839133559643,-0.13296589243811363,0.1461069721574547,0.23198797940339883,0.7330727577209473,0.08603343367576599,-1.0,0.8860465288162231,0.3084745705127716,0.013249999843537807,0.011874999850988388,-0.14300000667572021,-0.09412500262260437,0.0022782899904996157,0.001752970041707158,9.13600015337579e-05,6.851999933132902e-05,0.3529999852180481,0.014000000432133675,0.367000013589859,0.08299999684095383,0.06800000369548798,0.0005000000237487257,0.000750000006519258,0.9435664415359497,-0.8101286888122559,0.9125271439552307,0.7213649153709412,-0.085864544
58,876,-0.18076781148521054,-0.6619949182731882,-0.061767811485210544,-0.1339949182731882,0.14754626616323063,0.2286729043878601,0.7452130317687988,0.08310865610837936,-1.0,0.8860465288162231,0.3084745705127716,0.013124999590218067,0.011874999850988388,-0.12600000202655792,-0.08025000244379044,0.002438170136883855,0.0006966200307942927,9.707000572234392e-05,6.851999933132902e-05,0.2745000123977661,0.014499999582767487,0.289000004529953,0.08624999970197678,0.0377499982714653,0.0005000000237487257,0.0,0.8166935443878174,0.5752841234207153,-0.7922956943511963,-0.587452232837677,-0.08916935
59,877,-0.18443486144663665,-0.6599229666784586,-0.06543486144663666,-0.1319229666784586,0.1472596014859005,0.22932936930833744,0.7424004673957825,0.08136454224586487,-1.0,0.8860465288162231,0.3084745705127716,0.013124999590218067,0.011874999850988388,-0.14037500321865082,-0.0911249965429306,0.0023011299781501293,0.0014217899879440665,0.0,-6.851999933132902e-05,0.32600000500679016,0.006000000052154064,0.3319999873638153,0.08349999785423279,0.05925000086426735,-0.0002500000118743628,-0.0002500000118743628,0.2119074910879135,0.7542989253997803,-0.4149031639099121,0.7469161748886108,-0.108217284
60,878,-0.1853366028857064,-0.6594372306639364,-0.06633660288570639,-0.13143723066393642,0.1472287013018207,0.22940024345515972,0.7338724136352539,0.08487632870674133,-1.0,0.8860465288162231,0.3084745705127716,0.013124999590218067,0.011874999850988388,-0.13712500035762787,-0.07724999636411667,0.002169799990952015,0.0025695001240819693,9.707000572234392e-05,6.851999933132902e-05,0.41499999165534973,0.014499999582767487,0.429500013589859,0.0807500034570694,0.08749999850988388,0.000750000006519258,0.0,-0.35183197259902954,-0.04744095727801323,0.03111138939857483,0.9219577312469482,-0.07516163
61,879,-0.1823635542676807,-0.6625092970521478,-0.0633635542676807,-0.13450929705214776,0.1486865528650666,0.2260801879619171,0.7317753434181213,0.08569961041212082,-1.0,0.8860465288162231,0.3084745705127716,0.013124999590218067,0.011874999850988388,-0.1366250067949295,-0.06012500077486038,0.0021127001382410526,0.0017872300231829286,9.707000572234392e-05,6.851999933132902e-05,0.34150001406669617,0.014499999582767487,0.35600000619888306,0.07900000363588333,0.06875000149011612,0.000750000006519258,0.0002500000118743628,0.9372655153274536,0.9497578144073486,-0.7916044592857361,-0.4267125725746155,-0.15355864
62,880,-0.18689704055689227,-0.6601532672189003,-0.06789704055689227,-0.1321532672189003,0.14857487726064034,0.22633280540808737,0.7386894226074219,0.08049272000789642,-1.0,0.8860465288162231,0.3084745705127716,0.013249999843537807,0.011874999850988388,-0.1508750021457672,-0.0677499994635582,0.0022154799662530422,0.002592340111732483,0.0,-7.423000351991504e-05,0.42100000381469727,0.006500000134110451,0.42750000953674316,0.0820000022649765,0.08799999952316284,-0.0002500000118743628,-0.0005000000237487257,0.9502522945404053,-0.9317110180854797,-0.8825109601020813,-0.886036217212677,-0.2850979
63,881,-0.18503542087955221,-0.6620451170757236,-0.06603542087955222,-0.13404511707572353,0.14942814401103974,0.22440979869001515,0.7281464338302612,0.0844859853386879,-1.0,0.8860465288162231,0.3084745705127716,0.013249999843537807,0.011874999850988388,-0.14749999344348907,-0.08425000309944153,0.002381070051342249,0.0017986500170081854,8.565000462112948e-05,-7.423000351991504e-05,0.3659999966621399,0.014000000432133675,0.3799999952316284,0.08524999767541885,0.06925000250339508,0.0005000000237487257,-0.0005000000237487257,0.7346090078353882,-0.516555905342102,-0.5478739142417908,0.8059916496276855,-0.0809609
64,882,-0.18993082830575816,-0.6607424987710755,-0.07093082830575817,-0.13274249877107547,0.15050499454878538,0.22200620534680918,0.732475757598877,0.0812794640660286,-1.0,0.8860465288162231,0.3084745705127716,0.013249999843537807,0.011874999850988388,-0.15737499296665192,-0.06949999928474426,0.0022668701130896807,0.00107919005677104,0.0,7.423000351991504e-05,0.2930000126361847,0.006500000134110451,0.2994999885559082,0.08250000327825546,0.05000000074505806,-0.0002500000118743628,0.0,0.018476886674761772,0.12785449624061584,-0.6110953092575073,0.5881026983261108,-0.09921609
65,883,-0.1830954535658332,-0.6608399096028013,-0.06409545356583321,-0.13283990960280123,0.14749463973680632,0.22879099051579743,0.721091091632843,0.08348728716373444,-1.0,0.8860465288162231,0.3084745705127716,0.013249999843537807,0.011874999850988388,-0.15399999916553497,-0.05849999934434891,0.0022668701130896807,0.0012504900805652142,9.13600015337579e-05,6.851999933132902e-05,0.30799999833106995,0.014000000432133675,0.32199999690055847,0.08250000327825546,0.054749999195337296,0.0005000000237487257,0.0,0.4494510591030121,0.5435231924057007,0.8613438606262207,-0.7306636571884155,-0.040846113
66,884,-0.18432873557723378,-0.6618491777587866,-0.06532873557723379,-0.13384917775878657,0.14894108257570635,0.22550547842721475,0.736987292766571,0.0833221897482872,-1.0,0.8860465288162231,0.3084745705127716,0.013124999590218067,0.011874999850988388,-0.1379999965429306,-0.07175000011920929,0.002323969965800643,0.002044179942458868,0.00010278000263497233,-7.423000351991504e-05,0.3824999928474426,0.01549999974668026,0.39800000190734863,0.08425000309944153,0.07500000298023224,0.000750000006519258,-0.000750000006519258,-0.6206024885177612,0.2726473808288574,-0.6787844896316528,-0.9756495356559753,-0.082478955
67,885,-0.18679721878450975,-0.6600251318313396,-0.06779721878450976,-0.13202513183133957,0.14841529001419387,0.2266942920666257,0.7341192364692688,0.08161156624555588,-1.0,0.8860465288162231,0.3084745705127716,0.013124999590218067,0.011874999850988388,-0.15012499690055847,-0.09037499874830246,0.0021983501501381397,0.002244030125439167,0.0,0.0,0.3889999985694885,0.0,0.3889999985694885,0.08150000125169754,0.07975000143051147,-0.0002500000118743628,0.0,-0.7824719548225403,-0.3727186322212219,-0.07043657451868057,0.37968674302101135,-0.11226454
68,886,-0.18299357536397545,-0.6612644376645923,-0.06399357536397546,-0.13326443766459228,0.14783297343260335,0.2280182215080617,0.7283785343170166,0.08470316976308823,-1.0,0.8860465288162231,0.3084745705127716,0.013249999843537807,0.011874999850988388,-0.14675000309944153,-0.08349999785423279,0.002032760065048933,0.001667320029810071,9.707000572234392e-05,6.851999933132902e-05,0.3240000009536743,0.014499999582767487,0.3384999930858612,0.07699999958276749,0.06599999964237213,0.0005000000237487257,0.0002500000118743628,-0.2814771234989166,0.5380295515060425,-0.25886887311935425,-0.6427691578865051,-0.023925556
69,887,-0.18624286667305107,-0.6600608271114724,-0.06724286667305107,-0.13206082711147238,0.14819468673260833,0.227194939132984,0.7372242212295532,0.08260264992713928,-1.0,0.8860465288162231,0.3084745705127716,0.013124999590218067,0.011874999850988388,-0.1511249989271164,-0.0951249971985817,0.0019585301633924246,0.0024895600508898497,0.0,-7.423000351991504e-05,0.3894999921321869,0.006500000134110451,0.3959999978542328,0.07575000077486038,0.0860000029206276,-0.0002500000118743628,-0.0005000000237487257,-0.1959981918334961,0.7673090696334839,0.2819177806377411,-0.6803598999977112,-0.14339076
70,888,-0.1878844500866317,-0.6606767982171741,-0.06888445008663172,-0.13267679821717404,0.14949314448796097,0.2242639786476043,0.7296677231788635,0.08464266359806061,-1.0,0.8860465288162231,0.3084745705127716,0.013124999590218067,0.011874999850988388,-0.14624999463558197,-0.10787499696016312,0.0019413999980315566,0.0017072900664061308,8.565000462112948e-05,-2.8550000934046693e-05,0.31949999928474426,0.009999999776482582,0.3294999897480011,0.07474999874830246,0.06724999845027924,0.0005000000237487257,-0.0005000000237487257,-0.5653245449066162,-0.9696224331855774,-0.8743948936462402,0.9785090088844299,-0.048052587
71,889,-0.1910473021590426,-0.659322959136434,-0.07204730215904259,-0.131322959136434,0.14978829508591748,0.22360303803851386,0.7258501052856445,0.08359864354133606,-1.0,0.8860465288162231,0.3084745705127716,0.013249999843537807,0.011874999850988388,-0.16237500309944153,-0.0898749977350235,0.0018329099984839559,0.0005139000131748617,0.0,0.0,0.20550000667572021,0.0,0.20550000667572021,0.07150000333786011,0.03099999949336052,0.0,0.0,0.8858805298805237,0.7989726066589355,-0.8686863780021667,-0.04324513301253319,-0.25525427
72,890,-0.18599325919028353,-0.6603634166805937,-0.06699325919028354,-0.1323634166805937,0.14835151112239126,0.22683892129044106,0.7184946537017822,0.08589328825473785,-1.0,0.8860465288162231,0.3084745705127716,0.013249999843537807,0.011874999850988388,-0.1588750034570694,-0.08624999970197678,0.0019014300778508186,0.0014788900734856725,9.13600015337579e-05,6.851999933132902e-05,0.29600000381469727,0.014000000432133675,0.3100000023841858,0.07400000095367432,0.060750000178813934,0.0005000000237487257,0.0002500000118743628,0.8167162537574768,0.9263831377029419,-0.4950954020023346,-0.9144613742828369,-0.07272858
73,891,-0.18563000991958442,-0.6601440238158598,-0.06663000991958443,-0.13214402381585977,0.14799189590018244,0.22765613711684352,0.730248212814331,0.08412980288267136,-1.0,0.8860465288162231,0.3084745705127716,0.013124999590218067,0.011874999850988388,-0.16775000095367432,-0.10300000011920929,0.0020270501263439655,0.002900680061429739,-1.7129999832832254e-05,-6.851999933132902e-05,0.43149998784065247,0.007499999832361937,0.4390000104904175,0.07750000059604645,0.09525000303983688,-0.0002500000118743628,-0.0005000000237487257,0.6239345073699951,-0.7162044048309326,-0.8427056670188904,0.6970876455307007,-0.21816964
74,892,-0.1859708434033638,-0.6611059791589501,-0.06697084340336382,-0.13310597915895006,0.14900434743329044,0.2253628578265603,0.7310929894447327,0.08450165390968323,-1.0,0.8860465288162231,0.3084745705127716,0.013249999843537807,0.011874999850988388,-0.16425000131130219,-0.09037499874830246,0.002129829954355955,0.0020784400403499603,9.13600015337579e-05,6.851999933132902e-05,0.3684999942779541,0.014000000432133675,0.3824999928474426,0.0794999971985817,0.07649999856948853,0.0002500000118743628,0.0002500000118743628,0.925877571105957,-0.8866943120956421,0.53352290391922,0.35460329055786133,-0.083477125
75,893,-0.1842286774118719,-0.66229304256341,-0.06522867741187191,-0.13429304256341001,0.1492963550721849,0.224705740949143,0.7303003668785095,0.0828712210059166,-1.0,0.8860465288162231,0.3084745705127716,0.013249999843537807,0.011874999850988388,-0.15412500500679016,-0.08387500047683716,0.002284000162035227,0.0008507900056429207,8.565000462112948e-05,6.851999933132902e-05,0.2745000123977661,0.013500000350177288,0.2879999876022339,0.08275000005960464,0.04324999824166298,0.0,0.0005000000237487257,-0.13183343410491943,-0.8319581747055054,-0.5061365962028503,-0.9334343075752258,-0.0056833434
76,894,-0.18521930697838404,-0.6620233410399821,-0.06621930697838405,-0.13402334103998204,0.14948997478164477,0.22427108726976114,0.7343519330024719,0.08085925132036209,-1.0,0.8860465288162231,0.3084745705127716,0.013375000096857548,0.010499999858438969,-0.16349999606609344,-0.10087499767541885,0.002169799990952015,0.00019985000835731626,0.0,-6.851999933132902e-05,0.20749999582767487,0.006000000052154064,0.2134999930858612,0.07975000143051147,0.014999999664723873,0.0,-0.0005000000237487257,0.3353189527988434,0.4428492486476898,-0.8826058506965637,-0.543189525604248,-0.16626397
77,895,-0.18313901014696898,-0.6623241233510812,-0.06413901014696899,-0.13432412335108113,0.14885154596667596,0.22570747880442524,0.7320480942726135,0.08131637424230576,-1.0,0.8860465288162231,0.3084745705127716,0.013249999843537807,0.010499999858438969,-0.15987500548362732,-0.11087500303983688,0.0021983501501381397,0.0005367400008253753,8.565000462112948e-05,-7.423000351991504e-05,0.2395000010728836,0.014000000432133675,0.2535000145435333,0.08100000023841858,0.03150000050663948,0.0002500000118743628,-0.000750000006519258,0.960033655166626,0.9362564086914062,-0.2579612731933594,-0.9775514006614685,-0.08693105
78,896,-0.18414917713814635,-0.6611030140227521,-0.06514917713814636,-0.13310301402275204,0.14819186085517147,0.22720135947422168,0.7368860244750977,0.08080656826496124,-1.0,0.8860465288162231,0.3084745705127716,0.013249999843537807,0.012000000104308128,-0.16437500715255737,-0.12925000488758087,0.0023353900760412216,0.0015873800730332732,-9.13600015337579e-05,-7.423000351991504e-05,0.3434999883174896,0.014499999582767487,0.3580000102519989,0.08425000309944153,0.06350000202655792,-0.0002500000118743628,-0.0005000000237487257,0.929289698600769,0.9160250425338745,-0.9783022999763489,0.7956173419952393,-0.100428976
79,897,-0.18383670343046044,-0.6612055612115901,-0.06483670343046044,-0.1332055612115901,0.14814695288605892,0.22730341390412842,0.7345368266105652,0.08287625014781952,-1.0,0.8860465288162231,0.3084745705127716,0.013124999590218067,0.013749999925494194,-0.18262499570846558,-0.11474999785423279,0.0021983501501381397,0.0028664199635386467,-8.565000462112948e-05,7.423000351991504e-05,0.44350001215934753,0.014000000432133675,0.45750001072883606,0.08174999803304672,0.09425000101327896,-0.0002500000118743628,0.0002500000118743628,-0.9074686169624329,-0.9010317325592041,0.34384363889694214,0.4883258640766144,-0.117238
80,898,-0.18352713387360817,-0.661036122182715,-0.06452713387360817,-0.133036122182715,0.1478592601474687,0.2279582908855739,0.735263466835022,0.08270243555307388,-1.0,0.8860465288162231,0.3084745705127716,0.013124999590218067,0.013749999925494194,-0.17637500166893005,-0.10562500357627869,0.002004210138693452,0.002044179942458868,9.13600015337579e-05,7.423000351991504e-05,0.3544999957084656,0.014499999582767487,0.36899998784065247,0.0767500028014183,0.0754999965429306,0.0,0.0002500000118743628,0.7806736826896667,-0.7622376680374146,-0.08806769549846649,-0.8602842092514038,-0.06987029
81,899,-0.18388215031448726,-0.6611472183283607,-0.06488215031448727,-0.13314721832836063,0.1481143989557121,0.2273774221448087,0.7359834313392639,0.08298962563276291,-1.0,0.8860465288162231,0.3084745705127716,0.013124999590218067,0.013749999925494194,-0.17787499725818634,-0.12150000035762787,0.0021412500645965338,0.0009706999990157783,0.0,-7.423000351991504e-05,0.27250000834465027,0.006500000134110451,0.27900001406669617,0.07975000143051147,0.04699999839067459,-0.0002500000118743628,-0.0002500000118743628,-0.3385014533996582,-0.1897924542427063,0.5121424198150635,-0.9570311307907104,-0.028772622
82,900,-0.18369997289714798,-0.6611509765081509,-0.06469997289714799,-0.1331509765081509,0.14803806617882387,0.2275510519049267,0.7351577877998352,0.08280132710933685,-1.0,0.8860465288162231,0.3084745705127716,0.013124999590218067,0.013749999925494194,-0.16837500035762787,-0.1391250044107437,0.002072730101644993,0.0007765600457787514,0.0,-7.423000351991504e-05,0.24950000643730164,0.006500000134110451,0.25600001215934753,0.07800000160932541,0.03999999910593033,-0.0002500000118743628,-0.000750000006519258,0.7719295024871826,-0.4406672716140747,-0.5660966634750366,-0.6432664394378662,-0.1751981
83,901,-0.1845385566860967,-0.6606713618165055,-0.0655385566860967,-0.13267136181650552,0.14797632465615176,0.22769158876956486,0.7355814576148987,0.08279495686292648,-1.0,0.8860465288162231,0.3084745705127716,0.013124999590218067,0.013249999843537807,-0.16487500071525574,-0.15137499570846558,0.0022040600888431072,0.00037115000304766,9.13600015337579e-05,-7.423000351991504e-05,0.22550000250339508,0.014499999582767487,0.23999999463558197,0.0807500034570694,0.02449999935925007,0.0002500000118743628,-0.0002500000118743628,0.8099251389503479,0.20230969786643982,-0.7879969477653503,0.5656479001045227,-0.073338725
84,902,-0.18497630807482188,-0.6611917923070167,-0.06597630807482188,-0.13319179230701672,0.14863689570607724,0.2261924808387155,0.7336312532424927,0.08360785990953445,-1.0,0.8860465288162231,0.3084745705127716,0.013124999590218067,0.013249999843537807,-0.17937499284744263,-0.14112499356269836,0.0023068401496857405,0.0005481599946506321,0.0,7.423000351991504e-05,0.25,0.006500000134110451,0.2565000057220459,0.08349999785423279,0.03200000151991844,-0.0002500000118743628,0.0002500000118743628,0.391996294260025,-0.0911141037940979,-0.056126512587070465,-0.2698422968387604,-0.08677475
85,903,-0.18605506443940573,-0.6605851695475344,-0.06705506443940573,-0.1325851695475344,0.1485772824186837,0.2263273618118771,0.7326132655143738,0.08272577822208405,-1.0,0.8860465288162231,0.3084745705127716,0.013124999590218067,0.013249999843537807,-0.1756249964237213,-0.14550000429153442,0.002186930039897561,0.0004739300056826323,0.0,-7.423000351991504e-05,0.2329999953508377,0.006500000134110451,0.2395000010728836,0.0807500034570694,0.028750000521540642,-0.0002500000118743628,-0.0010000000474974513,0.8947581052780151,-0.29702168703079224,0.877618670463562,0.12944217026233673,-0.0809935
86,904,-0.18376168109553304,-0.6617370595001839,-0.06476168109553304,-0.13373705950018389,0.1485923161609484,0.2262933388971506,0.7301045060157776,0.08375395089387894,-1.0,0.8860465288162231,0.3084745705127716,0.013124999590218067,0.012625000439584255,-0.15950000286102295,-0.14399999380111694,0.002312550088390708,0.00026837000041268766,9.13600015337579e-05,7.423000351991504e-05,0.22599999606609344,0.014499999582767487,0.24050000309944153,0.08375000208616257,0.01899999938905239,0.0002500000118743628,0.000750000006519258,0.8795774579048157,-0.5985770225524902,0.7011975049972534,-0.16537155210971832,-0.09545775
87,905,-0.1818477147308999,-0.6640212347632459,-0.0628477147308999,-0.1360212347632459,0.14983861836460796,0.2234905419667513,0.7354379296302795,0.08180159330368042,-1.0,0.8860465288162231,0.3084745705127716,0.020749999210238457,0.002749999985098839,-0.14637500047683716,-0.14637500047683716,0.001581670017912984,0.00022840000747237355,8.565000462112948e-05,-7.423000351991504e-05,0.15850000083446503,0.014000000432133675,0.17249999940395355,0.06575000286102295,0.016499999910593033,0.0002500000118743628,-0.0005000000237487257,0.9955431818962097,0.9873962998390198,-0.315809965133667,0.9783536791801453,-0.08462117
88,906,-0.186069506885464,-0.6619493968073121,-0.06706950688546401,-0.1339493968073121,0.14980240204650278,0.22357149667088674,0.7398890256881714,0.07793010771274567,-1.0,0.8860465288162231,0.3084745705127716,0.021124999970197678,0.0028750000055879354,-0.15199999511241913,-0.12825000286102295,0.0017701000906527042,0.0012105200439691544,0.0,5.139000131748617e-05,0.26100000739097595,0.0044999998062849045,0.265500009059906,0.07050000131130219,0.05324999988079071,-0.0002500000118743628,-0.0002500000118743628,0.8988282680511475,-0.19403326511383057,-0.5487555265426636,0.3880293071269989,-0.18885374
89,907,-0.1858548145675602,-0.6626874198638415,-0.0668548145675602,-0.13468741986384147,0.1503671084394509,0.22231253220840483,0.7300708889961243,0.08144170045852661,-1.0,0.8860465288162231,0.3084745705127716,0.021124999970197678,0.0028750000055879354,-0.148499995470047,-0.12125000357627869,0.0018728800350800157,0.0009535700082778931,8.565000462112948e-05,6.851999933132902e-05,0.2475000023841858,0.013500000350177288,0.26100000739097595,0.07325000315904617,0.04600000008940697,0.0002500000118743628,0.0002500000118743628,0.9822671413421631,0.1432272046804428,0.240474134683609,-0.8951528668403625,-0.10863914
90,908,-0.18398911529094725,-0.6620823999281125,-0.06498911529094725,-0.13408239992811244,0.14900226534110922,0.22536755013785148,0.7305701971054077,0.08019081503152847,-1.0,0.8860465288162231,0.3084745705127716,0.021124999970197678,0.0028750000055879354,-0.14425000548362732,-0.13762499392032623,0.0019813701510429382,0.001136290025897324,9.707000572234392e-05,-7.423000351991504e-05,0.27300000190734863,0.014999999664723873,0.2879999876022339,0.07599999755620956,0.051249999552965164,0.000750000006519258,-0.0005000000237487257,0.8936346173286438,-0.06512729823589325,0.14921526610851288,-0.6267844438552856,-0.07989987
91,909,-0.17985808346304571,-0.6628285207069146,-0.06085808346304572,-0.13482852070691453,0.14792713178727532,0.2278036243487694,0.7349090576171875,0.08121626824140549,-1.0,0.8860465288162231,0.3084745705127716,0.021124999970197678,0.0028750000055879354,-0.14149999618530273,-0.14937500655651093,0.0021241200156509876,0.001050640014000237,0.00010278000263497233,-5.7100001868093386e-05,0.27799999713897705,0.014000000432133675,0.2919999957084656,0.0794999971985817,0.04899999871850014,0.000750000006519258,-0.0005000000237487257,0.9539654850959778,0.865753173828125,0.6489717960357666,-0.3905368149280548,-0.1741102
92,910,-0.17782696707064954,-0.6621796484988928,-0.05882696707064955,-0.13417964849889275,0.14650866911557725,0.23105795992746708,0.7445160746574402,0.07995165884494781,-1.0,0.8860465288162231,0.3084745705127716,0.020999999716877937,0.0037499999161809683,-0.12950000166893005,-0.14612500369548798,0.0022497400641441345,0.0022497400641441345,0.00010848999954760075,7.423000351991504e-05,0.39399999380111694,0.01600000075995922,0.4099999964237213,0.0832500010728836,0.0794999971985817,0.0010000000474974513,0.0005000000237487257,0.8358115553855896,0.392556369304657,0.2862907946109772,-0.6171095371246338,-0.11792027
93,911,-0.1767754611429567,-0.6625354536901282,-0.0577754611429567,-0.1345354536901282,0.14641650251897814,0.23127101635364997,0.7492396235466003,0.08105144649744034,-1.0,0.8860465288162231,0.3084745705127716,0.020999999716877937,0.0037499999161809683,-0.12437500059604645,-0.15725000202655792,0.0023639400023967028,0.0024895600508898497,0.00011991000064881518,-7.423000351991504e-05,0.42500001192092896,0.017000000923871994,0.44200000166893005,0.0860000029206276,0.08574999868869781,0.0012499999720603228,-0.0002500000118743628,-0.5252290368080139,-0.91737300157547,0.2531110644340515,-0.6004478931427002,-0.08676021
94,912,-0.17701261863354184,-0.6626498904584632,-0.058012618633541846,-0.1346498904584632,0.14661533658249026,0.23081162765606492,0.7516849637031555,0.08044838160276413,-1.0,0.8860465288162231,0.3084745705127716,0.020874999463558197,0.0037499999161809683,-0.1198749989271164,-0.16837500035762787,0.002261160174384713,0.001695870072580874,0.00013133000175002962,-7.994000043254346e-05,0.3465000092983246,0.01850000023841858,0.36500000953674316,0.08349999785423279,0.06700000166893005,0.001500000013038516,-0.0005000000237487257,0.7008059620857239,0.6426761150360107,0.07933817058801651,-0.4936654269695282,-0.06368925
95,913,-0.17801672026545634,-0.6624420022389078,-0.059016720265456346,-0.1344420022389078,0.14682515192192927,0.2303278571458758,0.7511334419250488,0.08025442063808441,-1.0,0.8860465288162231,0.3084745705127716,0.020874999463558197,0.0037499999161809683,-0.11862500011920929,-0.17762500047683716,0.002341100014746189,0.00271796016022563,0.00014275001012720168,-7.423000351991504e-05,0.4429999887943268,0.01899999938905239,0.4620000123977661,0.08574999868869781,0.09099999815225601,0.0017500000540167093,-0.0005000000237487257,0.9899612665176392,-0.8675323724746704,-0.826230525970459,-0.20841090381145477,-0.14324938
96,914,-0.17691721844567454,-0.6628744762451835,-0.057917218445674545,-0.13487447624518345,0.146783951898348,0.23042277182842733,0.7487983107566833,0.08060677349567413,-1.0,0.8860465288162231,0.3084745705127716,0.020999999716877937,0.0037499999161809683,-0.13300000131130219,-0.18162499368190765,0.0022326100151985884,0.0019128500716760755,0.0,-7.994000043254346e-05,0.3630000054836273,0.007000000216066837,0.3700000047683716,0.08275000005960464,0.07225000113248825,-0.0002500000118743628,-0.0002500000118743628,0.7306340336799622,0.7050285339355469,0.6573710441589355,0.5129725337028503,-0.121064335
97,915,-0.17907203706476038,-0.6638509620441917,-0.060072037064760386,-0.13585096204419167,0.14854000648122495,0.22641174318371476,0.7513552904129028,0.07987377047538757,-1.0,0.8860465288162231,0.3084745705127716,0.020874999463558197,0.0037499999161809683,-0.12150000035762787,-0.17262500524520874,0.002341100014746189,0.0024724300019443035,0.00010848999954760075,7.423000351991504e-05,0.42149999737739563,0.01600000075995922,0.4375,0.08550000190734863,0.08550000190734863,0.0012499999720603228,0.000750000006519258,0.6844314336776733,0.8056215047836304,-0.8857677578926086,-0.47898760437965393,-0.2065053
98,916,-0.18173732432269127,-0.6627948097210182,-0.06273732432269127,-0.1347948097210182,0.1486795634608067,0.22609599017243903,0.7463440895080566,0.07821870595216751,-1.0,0.8860465288162231,0.3084745705127716,0.020999999716877937,0.0037499999161809683,-0.13725000619888306,-0.18074999749660492,0.0022211901377886534,0.0016844500787556171,0.0,-7.423000351991504e-05,0.34200000762939453,0.006500000134110451,0.34850001335144043,0.08250000327825546,0.06674999743700027,-0.0002500000118743628,-0.000750000006519258,0.44541555643081665,-0.29289618134498596,-0.304286926984787,-0.8036825060844421,-0.10897743
99,917,-0.17976322540407322,-0.6639426545900775,-0.06076322540407322,-0.13594265459007748,0.1489045832018052,0.22558780153774952,0.740145742893219,0.08000879734754562,-1.0,0.8860465288162231,0.3084745705127716,0.020999999716877937,0.0037499999161809683,-0.1341249942779541,-0.19599999487400055,0.002284000162035227,0.0012733300682157278,0.00010848999954760075,-7.423000351991504e-05,0.31150001287460327,0.01600000075995922,0.32749998569488525,0.08399999886751175,0.0560000017285347,0.0010000000474974513,-0.0002500000118743628,-0.4340784549713135,0.7943499684333801,-0.5281716585159302,0.2891465723514557,-0.035907846
100,918,-0.1836476404112639,-0.6618198040522005,-0.06464764041126392,-0.1338198040522005,0.14861715031352682,0.22623714784166907,0.7447366714477539,0.07806329429149628,-1.0,0.8860465288162231,0.3084745705127716,0.020999999716877937,0.0037499999161809683,-0.1433749943971634,-0.19099999964237213,0.002169799990952015,0.002483850112184882,0.0,6.851999933132902e-05,0.4074999988079071,0.006000000052154064,0.41350001096725464,0.08124999701976776,0.08574999868869781,-0.0002500000118743628,0.0005000000237487257,-0.006397577468305826,-0.7650395631790161,-0.04676247388124466,0.40155813097953796,-0.0620688
101,919,-0.17765661300556784,-0.6642042011253387,-0.05865661300556785,-0.1362042011253387,0.14829761513077905,0.22696121132818695,0.73570317029953,0.08166135102510452,-1.0,0.8860465288162231,0.3084745705127716,0.020999999716877937,0.0037499999161809683,-0.14012500643730164,-0.18337500095367432,0.0021812201011925936,0.0016787400236353278,9.707000572234392e-05,6.851999933132902e-05,0.33799999952316284,0.014499999582767487,0.35249999165534973,0.08124999701976776,0.06700000166893005,0.000750000006519258,0.0002500000118743628,0.09706040471792221,-0.8492571115493774,-0.12230274081230164,-0.5301057696342468,-0.008777172
102,920,-0.1807880585110588,-0.6650575240608261,-0.06178805851105881,-0.13705752406082605,0.15034137513089982,0.22236974793970032,0.7496357560157776,0.0776199996471405,-1.0,0.8860465288162231,0.3084745705127716,0.020999999716877937,0.0037499999161809683,-0.1418749988079071,-0.19312499463558197,0.0021983501501381397,0.0006338100065477192,0.0,-5.7100001868093386e-05,0.24799999594688416,0.004999999888241291,0.2529999911785126,0.08150000125169754,0.03525000065565109,-0.0002500000118743628,0.0,0.7526124715805054,-0.8876810669898987,-0.47355154156684875,0.5760095119476318,-0.16260508
103,921,-0.1803329239647774,-0.6630702641036343,-0.06133292396477741,-0.13507026410363432,0.1483431960256172,0.2268577839504809,0.7423533797264099,0.07617368549108505,-1.0,0.8860465288162231,0.3084745705127716,0.027374999597668648,-0.0042500002309679985,-0.13850000500679016,-0.18250000476837158,0.001821490004658699,0.00023982000129763037,0.00010278000263497233,7.423000351991504e-05,0.18050000071525574,0.01549999974668026,0.19599999487400055,0.07124999910593033,0.017999999225139618,0.0005000000237487257,0.0002500000118743628,-0.4817989468574524,0.8582529425621033,0.20770230889320374,-0.2933301627635956,-0.04095291
104,922,-0.17836950299019744,-0.6649643088403225,-0.05936950299019744,-0.1369643088403225,0.14927812894530235,0.22474669983509662,0.7434117794036865,0.07954192161560059,-1.0,0.8860465288162231,0.3084745705127716,0.027374999597668648,-0.004000000189989805,-0.13487499952316284,-0.1873749941587448,0.0017015800112858415,0.0010677700629457831,0.00010278000263497233,-6.851999933132902e-05,0.24250000715255737,0.014999999664723873,0.2574999928474426,0.06875000149011612,0.0494999997317791,0.0010000000474974513,-0.000750000006519258,0.0432070754468441,-0.6110828518867493,-0.968011200428009,-0.7601461410522461,-0.0036726014
105,923,-0.18406419075558839,-0.6641274254441971,-0.06506419075558839,-0.1361274254441971,0.1508775161405603,0.22118072280178805,0.7479779124259949,0.07633168250322342,-1.0,0.8860465288162231,0.3084745705127716,0.027374999597668648,-0.004000000189989805,-0.1525000035762787,-0.2018750011920929,0.0017072900664061308,0.00041683000745251775,8.565000462112948e-05,-7.423000351991504e-05,0.1860000044107437,0.014000000432133675,0.20000000298023224,0.06875000149011612,0.026750000193715096,0.0,-0.0002500000118743628,0.6506710052490234,-0.5346169471740723,0.06813623011112213,-0.4862743318080902,-0.05725905
106,924,-0.17594808629790953,-0.6690295110087854,-0.05694808629790954,-0.14102951100878536,0.15209341704482565,0.21850766817316716,0.7347344160079956,0.07775012403726578,-1.0,0.8860465288162231,0.3084745705127716,0.029999999329447746,-0.007499999832361937,-0.15137499570846558,-0.210875004529953,0.001581670017912984,0.0001827200030675158,9.13600015337579e-05,-6.851999933132902e-05,0.15449999272823334,0.014000000432133675,0.16850000619888306,0.06624999642372131,0.013749999925494194,0.0002500000118743628,-0.0002500000118743628,0.4557845890522003,-0.9152030348777771,0.9217975735664368,0.6574983596801758,-0.03874169
107,925,-0.17813689315275796,-0.6691246743415875,-0.05913689315275797,-0.14112467434158749,0.15301420143169664,0.21650491833456378,0.7536091208457947,0.06944150477647781,-1.0,0.8860465288162231,0.3084745705127716,0.042374998331069946,-0.024000000208616257,-0.1341249942779541,-0.19887499511241913,0.0008450800087302923,0.00016558999777771533,8.565000462112948e-05,6.28100024187006e-05,0.0885000005364418,0.013000000268220901,0.1014999970793724,0.04399999976158142,0.012500000186264515,0.0002500000118743628,0.0002500000118743628,0.026987137272953987,0.3212966322898865,-0.7249231338500977,-0.10356482863426208,-0.0022939069
108,926,-0.18006057768620418,-0.6669563965822185,-0.06106057768620418,-0.13895639658221848,0.15178034885480976,0.21919281810860794,0.7485188245773315,0.0692802146077156,-1.0,0.8860465288162231,0.3084745705127716,0.04324999824166298,-0.024000000208616257,-0.14737500250339508,-0.2004999965429306,0.0007822700426913798,0.0003768599999602884,0.0,-6.851999933132902e-05,0.1014999970793724,0.006000000052154064,0.10750000178813934,0.042249999940395355,0.02449999935925007,-0.0002500000118743628,-0.0002500000118743628,-0.25702401995658875,-0.07661537081003189,-0.712454080581665,-0.6599205136299133,-0.13571094
109,927,-0.18083099945801856,-0.6690297640141575,-0.061830999458018565,-0.14102976401415745,0.1539885282476147,0.21440569610678797,0.7440451979637146,0.07295525819063187,-1.0,0.8860465288162231,0.3084745705127716,0.04324999824166298,-0.024000000208616257,-0.14399999380111694,-0.21287499368190765,0.0007537199999205768,0.0003197600017301738,9.707000572234392e-05,0.0,0.09399999678134918,0.008500000461935997,0.10249999910593033,0.04100000113248825,0.02174999937415123,0.0005000000237487257,0.0,0.9594273567199707,0.895329475402832,-0.8683818578720093,-0.7186064124107361,-0.20809437
110,928,-0.18195899490565148,-0.6679736977522741,-0.06295899490565149,-0.13997369775227408,0.15348117507360579,0.21549625436289274,0.7422534823417664,0.06944108009338379,-1.0,0.8860465288162231,0.3084745705127716,0.04312499985098839,-0.0215000007301569,-0.1599999964237213,-0.2094999998807907,0.0009078900329768658,0.0011134500382468104,0.0,6.28100024187006e-05,0.1770000010728836,0.005499999970197678,0.18250000476837158,0.04650000110268593,0.05025000125169754,0.0,0.000750000006519258,0.21815793216228485,0.6550866961479187,-0.3840545117855072,-0.08262336254119873,-0.09233865
111,929,-0.1840849804908582,-0.668093872881307,-0.0650849804908582,-0.14009387288130692,0.15447442475820772,0.2133664332266369,0.7396302223205566,0.07123102247714996,-1.0,0.8860465288162231,0.3084745705127716,0.04287499934434891,-0.01924999989569187,-0.15649999678134918,-0.21037499606609344,0.0009535700082778931,0.0018843000289052725,9.13600015337579e-05,-6.851999933132902e-05,0.2485000044107437,0.014000000432133675,0.26249998807907104,0.04800000041723251,0.0702499970793724,0.0005000000237487257,-0.0005000000237487257,0.7294651865959167,-0.9285531044006348,0.11981557309627533,-0.8498347401618958,-0.062004544
112,930,-0.18295828388691046,-0.6692048594686438,-0.06395828388691047,-0.1412048594686438,0.1550144329258346,0.21221734244465068,0.7346860766410828,0.07102733105421066,-1.0,0.8860465288162231,0.3084745705127716,0.04287499934434891,-0.01924999989569187,-0.15437500178813934,-0.226500004529953,0.0010963199893012643,0.0006395200034603477,9.707000572234392e-05,0.0,0.15199999511241913,0.008500000461935997,0.16050000488758087,0.052000001072883606,0.03550000116229057,0.0005000000237487257,0.0,0.26946744322776794,-0.33074358105659485,-0.41077539324760437,-0.4836371839046478,-0.10952216
113,931,-0.1832173882709271,-0.668288180104684,-0.0642173882709271,-0.14028818010468402,0.15428754464772348,0.21376554546732976,0.7373062968254089,0.06914430856704712,-1.0,0.8860465288162231,0.3084745705127716,0.04287499934434891,-0.01924999989569187,-0.16175000369548798,-0.22300000488758087,0.0011591300135478377,0.00034260001848451793,0.0,6.28100024187006e-05,0.1315000057220459,0.005499999970197678,0.13699999451637268,0.05350000038743019,0.023250000551342964,0.0,0.0005000000237487257,0.6231477856636047,-0.44090408086776733,0.775506317615509,-0.9625346660614014,-0.05296756
114,932,-0.18075796902385188,-0.6695939129825011,-0.06175796902385189,-0.14159391298250112,0.1544761565150012,0.21336273827092836,0.7367037534713745,0.07069800049066544,-1.0,0.8860465288162231,0.3084745705127716,0.04324999824166298,-0.02250000089406967,-0.14749999344348907,-0.24062499403953552,0.0012504900805652142,0.0001827200030675158,9.13600015337579e-05,0.0,0.12549999356269836,0.00800000037997961,0.13349999487400055,0.05624999850988388,0.013249999843537807,0.0005000000237487257,-0.0002500000118743628,0.8517197966575623,0.8521475195884705,-0.8815901279449463,0.8586978316307068,-0.07239618
115,933,-0.1851295396857147,-0.6667296592826011,-0.0661295396857147,-0.13872965928260106,0.15368485411292518,0.21505778035364662,0.7424233555793762,0.06848489493131638,-1.0,0.8860465288162231,0.3084745705127716,0.04324999824166298,-0.02212500013411045,-0.16374999284744263,-0.22487500309944153,0.001416080049239099,0.0009136000298894942,0.0,6.851999933132902e-05,0.20399999618530273,0.006000000052154064,0.20999999344348907,0.061000000685453415,0.0442500002682209,0.0,0.0002500000118743628,-0.18461330235004425,-0.9101436138153076,-0.5076046586036682,-0.7294823527336121,-0.10374312
116,934,-0.18137696166084866,-0.6680037792573945,-0.06237696166084866,-0.1400037792573945,0.15327081768031456,0.21595004378867858,0.7322568893432617,0.0733395591378212,-1.0,0.8860465288162231,0.3084745705127716,0.04337500035762787,-0.022874999791383743,-0.1602499932050705,-0.2382500022649765,0.0013761100126430392,0.00016558999777771533,9.13600015337579e-05,0.0,0.13500000536441803,0.00800000037997961,0.14300000667572021,0.05974999815225601,0.011749999597668648,0.0005000000237487257,-0.0002500000118743628,-0.41962578892707825,-0.08068050444126129,0.7653024196624756,-0.14812089502811432,-0.08457634
117,935,-0.17647794262134858,-0.6707705563159736,-0.05747794262134859,-0.14277055631597357,0.15390628849646015,0.21458209534293166,0.740983784198761,0.07118003815412521,-1.0,0.8860465288162231,0.3084745705127716,0.04337500035762787,-0.023624999448657036,-0.1459999978542328,-0.23487499356269836,0.0012961700558662415,0.0001484600070398301,9.13600015337579e-05,7.423000351991504e-05,0.1264999955892563,0.014499999582767487,0.14100000262260437,0.057500001043081284,0.010250000283122063,0.0005000000237487257,0.0005000000237487257,0.7138180136680603,-0.6275632977485657,0.503307044506073,-0.960849940776825,-0.06067453
118,936,-0.17715886808239742,-0.6707113338332549,-0.058158868082397425,-0.14271133383325485,0.15410703663717765,0.21415175786797896,0.7523768544197083,0.06649058312177658,-1.0,0.8860465288162231,0.3084745705127716,0.05312500149011612,-0.036125000566244125,-0.1366250067949295,-0.2526249885559082,0.0007936900365166366,0.00016558999777771533,9.13600015337579e-05,0.0,0.08399999886751175,0.00800000037997961,0.09200000017881393,0.041999999433755875,0.011749999597668648,0.0005000000237487257,0.0,0.6038028001785278,0.6179971694946289,0.024207184091210365,0.6510096192359924,-0.051323235
119,937,-0.17307103700700097,-0.6710170127389448,-0.05407103700700097,-0.14301701273894474,0.15289716470812645,0.2167584569350458,0.7507933378219604,0.06659095734357834,-1.0,0.8860465288162231,0.3084745705127716,0.05312500149011612,-0.035875000059604645,-0.13637499511241913,-0.24037499725818634,0.0008793400484137237,0.0006223900127224624,0.00010848999954760075,0.0,0.1315000057220459,0.009499999694526196,0.14100000262260437,0.045249998569488525,0.03424999862909317,0.000750000006519258,-0.0002500000118743628,0.979550838470459,-0.7910301089286804,0.4633546471595764,-0.4306796193122864,-0.17559576
120,938,-0.17145849454772566,-0.669952083362341,-0.052458494547725665,-0.141952083362341,0.15133501782840206,0.22017112847829018,0.7602999210357666,0.06607285887002945,-1.0,0.8860465288162231,0.3084745705127716,0.054499998688697815,-0.0377499982714653,-0.1277499943971634,-0.2368749976158142,0.0009478600113652647,0.00013133000175002962,0.00010848999954760075,6.851999933132902e-05,0.09449999779462814,0.01549999974668026,0.10999999940395355,0.04800000041723251,0.008500000461935997,0.000750000006519258,0.0002500000118743628,0.9368975162506104,0.9655026197433472,0.3929852843284607,-0.5002497434616089,-0.07963629
121,939,-0.16983089540245255,-0.670940222456688,-0.05083089540245256,-0.14294022245668803,0.1517092189795417,0.2193487851497301,0.7640500068664551,0.06787782162427902,-1.0,0.8860465288162231,0.3084745705127716,0.054375000298023224,-0.03725000098347664,-0.12075000256299973,-0.2461249977350235,0.0011248700320720673,0.0008964700391516089,0.00011991000064881518,0.0,0.1770000010728836,0.010499999858438969,0.1875,0.05350000038743019,0.04349999874830246,0.0012499999720603228,0.0,-0.6889652013778687,0.01895379088819027,0.37040749192237854,-0.9376527070999146,-0.2067928
122,940,-0.16646670345329426,-0.6721798787168274,-0.04746670345329426,-0.14417987871682736,0.15179237584121946,0.21916645740339397,0.7678351402282715,0.06620301306247711,-1.0,0.8860465288162231,0.3084745705127716,0.054249998182058334,-0.03737499937415123,-0.11400000005960464,-0.24237500131130219,0.0010106699774041772,0.0009193100268021226,0.00013703999866265804,7.423000351991504e-05,0.16899999976158142,0.01850000023841858,0.1875,0.05000000074505806,0.0442500002682209,0.001500000013038516,0.0,-0.16909292340278625,-0.7583130598068237,-0.6482986211776733,0.77730393409729,-0.014372899
123,941,-0.16768432758492804,-0.6717985818675951,-0.04868432758492805,-0.1437985818675951,0.15181632290214395,0.21911397976199068,0.7756588459014893,0.06410189718008041,-1.0,0.8860465288162231,0.3084745705127716,0.054375000298023224,-0.03737499937415123,-0.12537500262260437,-0.2278749942779541,0.0009878299897536635,0.00022840000747237355,8.565000462112948e-05,0.0,0.10649999976158142,0.007499999832361937,0.11400000005960464,0.04899999871850014,0.01600000075995922,0.0,0.0,0.8844735026359558,-0.498706579208374,0.7818790674209595,-0.34831860661506653,-0.15601453
124,942,-0.16597860942297368,-0.6724094944656467,-0.04697860942297369,-0.14440949446564666,0.1518587891270701,0.21902095008099517,0.7728271484375,0.06474816799163818,-1.0,0.8860465288162231,0.3084745705127716,0.057374998927116394,-0.04374999925494194,-0.11112499982118607,-0.22437499463558197,0.0009706999990157783,0.0001541700039524585,9.707000572234392e-05,6.851999933132902e-05,0.09849999845027924,0.014499999582767487,0.11299999803304672,0.04774999991059303,0.010250000283122063,0.000750000006519258,0.0005000000237487257,-0.7096174359321594,0.2885338068008423,-0.4416270852088928,0.5439577102661133,-0.060317483
125,943,-0.17095666235319484,-0.6720641495700486,-0.05195666235319485,-0.14406414957004854,0.1531469031819619,0.21621780306415161,0.7767939567565918,0.0637127235531807,-1.0,0.8860465288162231,0.3084745705127716,0.057624999433755875,-0.04374999925494194,-0.11900000274181366,-0.21400000154972076,0.0008336600149050355,0.0003140500048175454,8.565000462112948e-05,0.0,0.10050000250339508,0.007499999832361937,0.1080000028014183,0.04349999874830246,0.020999999716877937,0.0,0.0,0.7629597187042236,0.35725852847099304,-0.6950852870941162,-0.9449921250343323,-0.21522094
126,944,-0.17631347892312865,-0.673999865107821,-0.05731347892312866,-0.14599986510782093,0.15684640728360283,0.20836497012643004,0.7652170658111572,0.06429804861545563,-1.0,0.8860465288162231,0.3084745705127716,0.05974999815225601,-0.04337500035762787,-0.13199999928474426,-0.21025000512599945,0.0008507900056429207,0.0006109700188972056,8.565000462112948e-05,1.1420000191719737e-05,0.12800000607967377,0.008500000461935997,0.13650000095367432,0.04349999874830246,0.03350000083446503,0.0,0.0,0.2588915228843689,-0.41630515456199646,-0.9753564596176147,-0.8495137691497803,-0.15234861
127,945,-0.18082453042721827,-0.6748666934098536,-0.06182453042721828,-0.1468666934098536,0.15934898241184337,0.20321518756473117,0.7527593374252319,0.06101717799901962,-1.0,0.8860465288162231,0.3084745705127716,0.061250001192092896,-0.04337500035762787,-0.15025000274181366,-0.20649999380111694,0.0007936900365166366,0.00026266000350005925,9.13600015337579e-05,0.0,0.0925000011920929,0.00800000037997961,0.10050000250339508,0.041749998927116394,0.017999999225139618,0.0,0.0,0.8906437158584595,-0.7873431444168091,-0.6853475570678711,-0.524894654750824,-0.17783302
128,946,-0.18117792275434638,-0.6738410954772693,-0.06217792275434639,-0.1458410954772693,0.15854248392167775,0.2048607417496159,0.7422685623168945,0.05954797565937042,-1.0,0.8860465288162231,0.3084745705127716,0.06912499666213989,-0.05249999836087227,-0.16300000250339508,-0.20287500321865082,0.0005024800193496048,0.00010848999954760075,0.0,6.28100024187006e-05,0.05350000038743019,0.005499999970197678,0.05900000035762787,0.03099999949336052,0.006750000175088644,0.0,0.0002500000118743628,-0.4776809513568878,0.8315807580947876,-0.7467871904373169,-0.9335289597511292,-0.16233793
129,947,-0.17926440929295398,-0.676121135510755,-0.060264409292953985,-0.148121135510755,0.15991144365686943,0.20207538935717864,0.7414466738700867,0.06128627806901932,-1.0,0.8860465288162231,0.3084745705127716,0.06912499666213989,-0.051375001668930054,-0.15962499380111694,-0.2202499955892563,0.0004510900180321187,0.0006794900400564075,8.565000462112948e-05,0.0,0.0989999994635582,0.007499999832361937,0.10649999976158142,0.02850000001490116,0.03550000116229057,0.000750000006519258,0.0,0.3704017400741577,0.6839607954025269,-0.9326255917549133,-0.14031581580638885,-0.078618884
130,948,-0.1836613468261929,-0.6745907586984847,-0.0646613468261929,-0.1465907586984847,0.16021841438852957,0.20145602817110467,0.7458966970443726,0.05742180347442627,-1.0,0.8860465288162231,0.3084745705127716,0.06875000149011612,-0.04800000041723251,-0.17649999260902405,-0.21662500500679016,0.0005139000131748617,0.0012961700558662415,0.0,6.851999933132902e-05,0.15850000083446503,0.006000000052154064,0.16449999809265137,0.03125,0.054249998182058334,-0.0002500000118743628,0.0002500000118743628,0.8903522491455078,0.6288367509841919,0.5581637620925903,-0.9388601779937744,-0.07567994
131,949,-0.18199047348328518,-0.6754673317405657,-0.06299047348328518,-0.1474673317405657,0.16035714415120553,0.2011767424723127,0.7356712818145752,0.060015663504600525,-1.0,0.8860465288162231,0.3084745705127716,0.06875000149011612,-0.04800000041723251,-0.1666249930858612,-0.23399999737739563,0.0006452300003729761,0.002244030125439167,0.00010278000263497233,0.0,0.2529999911785126,0.008999999612569809,0.2619999945163727,0.036249998956918716,0.07774999737739563,0.000750000006519258,0.0,0.9892271757125854,-0.5235162973403931,-0.9822959899902344,-0.343162477016449,-0.16608067
132,950,-0.18747863714274607,-0.6740081309138573,-0.06847863714274607,-0.14600813091385723,0.16126902380149125,0.19935059150020876,0.7395570278167725,0.05852994695305824,-1.0,0.8860465288162231,0.3084745705127716,0.06875000149011612,-0.047874998301267624,-0.18462499976158142,-0.2304999977350235,0.0008108200272545218,0.0014217899879440665,0.0,6.851999933132902e-05,0.19550000131130219,0.006000000052154064,0.20149999856948853,0.041749998927116394,0.057999998331069946,0.0,0.0005000000237487257,-0.5125743746757507,-0.8319151401519775,-0.11395249515771866,-0.781769335269928,-0.08995689
133,951,-0.1861754284118423,-0.6737971763521245,-0.06717542841184229,-0.14579717635212452,0.16052836140248566,0.20083258789371658,0.7267938852310181,0.06100316718220711,-1.0,0.8860465288162231,0.3084745705127716,0.06875000149011612,-0.047874998301267624,-0.1809999942779541,-0.2447499930858612,0.0007365900091826916,0.00044538002111949027,8.565000462112948e-05,0.0,0.10350000113248825,0.007499999832361937,0.11100000143051147,0.039000000804662704,0.027000000700354576,0.0002500000118743628,-0.0002500000118743628,0.946517288684845,0.9307641983032227,0.45788735151290894,0.38814201951026917,-0.08045397
134,952,-0.1850629362060514,-0.674194424654617,-0.06606293620605141,-0.14619442465461696,0.16042793192040872,0.20103438433617987,0.7298246026039124,0.061360716819763184,-1.0,0.8860465288162231,0.3084745705127716,0.06875000149011612,-0.047874998301267624,-0.17274999618530273,-0.23774999380111694,0.0008850500453263521,0.0015645400853827596,9.13600015337579e-05,6.28100024187006e-05,0.21449999511241913,0.013500000350177288,0.2280000001192093,0.0442500002682209,0.06174999848008156,0.000750000006519258,0.0002500000118743628,-0.8843408823013306,0.42089149355888367,0.19700109958648682,-0.8653144240379333,-0.075168975
135,953,-0.1761685504733103,-0.675152848478435,-0.05716855047331029,-0.14715284847843502,0.15786767870129934,0.20624782752952697,0.732411801815033,0.060687415301799774,-1.0,0.8860465288162231,0.3084745705127716,0.06875000149011612,-0.047874998301267624,-0.1691250056028366,-0.2537499964237213,0.00074230000609532,0.0022040600888431072,0.00010278000263497233,0.0,0.257999986410141,0.008999999612569809,0.2669999897480011,0.039500001817941666,0.07750000059604645,0.000750000006519258,0.0,0.39220738410949707,-0.9617751240730286,0.9085453748703003,-0.27544865012168884,-0.097059004
136,954,-0.1764514592672154,-0.675125486039803,-0.0574514592672154,-0.14712548603980302,0.1579448600441964,0.2060887041012422,0.7530964016914368,0.05906296893954277,-1.0,0.8860465288162231,0.3084745705127716,0.06862500309944153,-0.047874998301267624,-0.1522500067949295,-0.250124990940094,0.0008165300241671503,0.0008393700118176639,9.707000572234392e-05,6.851999933132902e-05,0.14499999582767487,0.014499999582767487,0.15950000286102295,0.041749998927116394,0.04149999842047691,0.0010000000474974513,0.0002500000118743628,0.9267990589141846,0.3082290291786194,-0.6983501315116882,-0.5107160210609436,-0.078777924
137,955,-0.17843461075531894,-0.6745020683068703,-0.059434610755318945,-0.1465020683068703,0.15809911123667697,0.20577105486944527,0.752438485622406,0.05910934507846832,-1.0,0.8860465288162231,0.3084745705127716,0.06862500309944153,-0.047874998301267624,-0.16474999487400055,-0.2593750059604645,0.0009649900021031499,0.0012276499764993787,0.0,0.0,0.19200000166893005,0.0,0.19200000166893005,0.04675000160932541,0.05299999937415123,0.0,-0.0002500000118743628,0.822664737701416,0.9605735540390015,0.5963872671127319,0.9189345836639404,-0.0699265
138,956,-0.17920581708411276,-0.6753947644909111,-0.06020581708411277,-0.14739476449091105,0.15921669827658397,0.2034841869008127,0.7478264570236206,0.06016598641872406,-1.0,0.8860465288162231,0.3084745705127716,0.06837499886751175,-0.04612499848008156,-0.15424999594688416,-0.242249995470047,0.0011248700320720673,0.0025580800138413906,0.00011420000373618677,0.0,0.32249999046325684,0.009999999776482582,0.33250001072883606,0.051750000566244125,0.08550000190734863,0.0012499999720603228,-0.0002500000118743628,0.04427481070160866,0.5172823667526245,-0.8042153716087341,-0.9622166156768799,-0.2660559
139,957,-0.18198321348171143,-0.6743210421421866,-0.06298321348171143,-0.14632104214218655,0.15930076131035398,0.20331320379692272,0.7460330128669739,0.05865294113755226,-1.0,0.8860465288162231,0.3084745705127716,0.06849999725818634,-0.04600000008940697,-0.16850000619888306,-0.23862500488758087,0.0011305800871923566,0.001735839992761612,0.0,6.851999933132902e-05,0.25099998712539673,0.006000000052154064,0.25699999928474426,0.051500000059604645,0.06650000065565109,-0.0002500000118743628,0.0,0.5003890991210938,-0.15036267042160034,0.4871722459793091,-0.16708718240261078,-0.042533074
140,958,-0.17858559740151556,-0.6749301010906602,-0.05958559740151556,-0.14693010109066018,0.15855250872883442,0.20484020588467344,0.7395738959312439,0.06047280877828598,-1.0,0.8860465288162231,0.3084745705127716,0.06837499886751175,-0.04600000008940697,-0.1601250022649765,-0.24150000512599945,0.0012276499764993787,0.001513150054961443,0.00010278000263497233,-7.423000351991504e-05,0.23999999463558197,0.01549999974668026,0.2554999887943268,0.054499998688697815,0.061000000685453415,0.0012499999720603228,-0.0005000000237487257,-0.9454865455627441,-0.7616393566131592,-0.4484815001487732,-0.11197460442781448,-0.08036636
141,959,-0.17543567705717936,-0.6743345458008885,-0.05643567705717936,-0.14633454580088845,0.15683999789484365,0.20837832547539697,0.7474753260612488,0.05944050848484039,-1.0,0.8860465288162231,0.3084745705127716,0.06849999725818634,-0.04600000008940697,-0.16775000095367432,-0.2434999942779541,0.0010563500691205263,0.0005881300312466919,0.0,-6.851999933132902e-05,0.14399999380111694,0.006000000052154064,0.15000000596046448,0.04899999871850014,0.032499998807907104,-0.0002500000118743628,-0.0005000000237487257,0.21332138776779175,0.715266227722168,0.9304658770561218,-0.9003551006317139,-0.018132318
142,960,-0.1782339432593142,-0.6750815351224981,-0.05923394325931419,-0.1470815351224981,0.15856114911301034,0.2048225076685462,0.7548007369041443,0.06044992059469223,-1.0,0.8860465288162231,0.3084745705127716,0.06837499886751175,-0.04600000008940697,-0.1509999930858612,-0.2606250047683716,0.0010848999954760075,0.0014674700796604156,0.00010278000263497233,0.0,0.22349999845027924,0.008999999612569809,0.23250000178813934,0.05025000125169754,0.05925000086426735,0.0010000000474974513,0.0,0.4881989359855652,-0.7276713848114014,0.04809395968914032,-0.7371138334274292,-0.16224995
143,961,-0.17640755649263562,-0.6739922193124923,-0.057407556492635625,-0.1459922193124923,0.1568736932766039,0.20830812343121002,0.7482931613922119,0.059183839708566666,-1.0,0.8860465288162231,0.3084745705127716,0.06837499886751175,-0.04600000008940697,-0.15025000274181366,-0.25712499022483826,0.0011819700011983514,0.0005652900435961783,0.00011991000064881518,6.28100024187006e-05,0.15299999713897705,0.01600000075995922,0.16899999976158142,0.05274999886751175,0.03200000151991844,0.0012499999720603228,0.0005000000237487257,0.9009995460510254,-0.15295755863189697,0.365729957818985,-0.2999410629272461,-0.07658496
144,962,-0.17264761255271954,-0.6749821220944946,-0.05364761255271955,-0.14698212209449457,0.15646664356343692,0.20915776911715986,0.7525405883789062,0.06103013828396797,-1.0,0.8860465288162231,0.3084745705127716,0.06825000047683716,-0.04612499848008156,-0.14350000023841858,-0.26225000619888306,0.0013646900188177824,0.00042825000127777457,0.00011991000064881518,-1.7129999832832254e-05,0.15700000524520874,0.012000000104308128,0.16899999976158142,0.057999998331069946,0.026750000193715096,0.0012499999720603228,-0.0002500000118743628,0.46646788716316223,0.0500684417784214,-0.40783217549324036,-0.11914718896150589,-0.08587739
145,963,-0.17730880716130723,-0.6729898979223001,-0.058308807161307236,-0.1449898979223001,0.1562753579170226,0.20955824080816168,0.7612846493721008,0.0593523345887661,-1.0,0.8860465288162231,0.3084745705127716,0.06825000047683716,-0.04612499848008156,-0.15037499368190765,-0.2588750123977661,0.0014617600245401263,0.0004739300056826323,0.0,6.851999933132902e-05,0.16949999332427979,0.006000000052154064,0.17550000548362732,0.060499999672174454,0.02850000001490116,-0.0002500000118743628,0.0005000000237487257,0.5384676456451416,0.6211003065109253,0.0661594420671463,-0.4615129232406616,-0.07098457
146,964,-0.17308174815998617,-0.6738813204191093,-0.054081748159986176,-0.14588132041910928,0.15558340249288483,0.21101331886213662,0.7504446506500244,0.06272898614406586,-1.0,0.8860465288162231,0.3084745705127716,0.06825000047683716,-0.04612499848008156,-0.14737500250339508,-0.2671250104904175,0.0015531200915575027,0.0011819700011983514,0.00010848999954760075,-6.851999933132902e-05,0.2395000010728836,0.01549999974668026,0.2549999952316284,0.06350000202655792,0.051750000566244125,0.0012499999720603228,-0.0002500000118743628,0.5364434123039246,-0.8324956297874451,-0.09597885608673096,0.6863327026367188,-0.04559769
147,965,-0.17710452670487162,-0.6741852166231366,-0.05810452670487162,-0.14618521662313655,0.15730941987926375,0.20740244409773173,0.7602750062942505,0.061218101531267166,-1.0,0.8860465288162231,0.3084745705127716,0.06825000047683716,-0.04612499848008156,-0.148375004529953,-0.25462499260902405,0.0016730300849303603,0.000308340007904917,0.0,6.851999933132902e-05,0.17350000143051147,0.006000000052154064,0.17949999868869781,0.06650000065565109,0.020749999210238457,-0.0002500000118743628,0.0002500000118743628,0.8493216633796692,0.7721452116966248,-0.668987512588501,-0.7015203237533569,-0.19090933
148,966,-0.1731249176155811,-0.6761202364414203,-0.05412491761558111,-0.14812023644142025,0.1576994329424037,0.20659512282503953,0.7509196996688843,0.06070302426815033,-1.0,0.8860465288162231,0.3084745705127716,0.06825000047683716,-0.04612499848008156,-0.14550000429153442,-0.26750001311302185,0.0018614600412547588,0.0010906100505962968,0.00013133000175002962,-7.423000351991504e-05,0.25850000977516174,0.017999999225139618,0.27649998664855957,0.07124999910593033,0.0494999997317791,0.001500000013038516,-0.0002500000118743628,-0.8306891918182373,-0.9885618686676025,-0.4090119004249573,0.9197483658790588,-0.07060858
149,967,-0.17844386188201952,-0.6731770540586377,-0.05944386188201953,-0.14517705405863768,0.15687558682151032,0.20830417906069346,0.7601746320724487,0.05742332711815834,-1.0,0.8860465288162231,0.3084745705127716,0.06849999725818634,-0.048124998807907104,-0.1522500067949295,-0.25049999356269836,0.001667320029810071,0.00023411000438500196,0.0,0.0,0.1665000021457672,0.0,0.1665000021457672,0.06624999642372131,0.016499999910593033,-0.0002500000118743628,0.0,-0.6108840703964233,0.5812349319458008,-0.10182041674852371,0.09868025779724121,-0.110687
150,968,-0.17297717201990825,-0.6737883229548434,-0.05397717201990826,-0.14578832295484334,0.15545986687647867,0.21127415654684073,0.7478049993515015,0.062411773949861526,-1.0,0.8860465288162231,0.3084745705127716,0.06849999725818634,-0.048124998807907104,-0.14912499487400055,-0.24687500298023224,0.0015359900426119566,0.0007480100030079484,0.00010848999954760075,6.28100024187006e-05,0.20000000298023224,0.014999999664723873,0.2150000035762787,0.06300000101327896,0.03824999928474426,0.0010000000474974513,0.0002500000118743628,0.7483407258987427,-0.6113849878311157,0.7570332288742065,-0.8320717811584473,-0.06360897
151,969,-0.1699256153182523,-0.6750681632908314,-0.05092561531825229,-0.1470681632908314,0.15563567376819898,0.21090304833170168,0.7605181932449341,0.06137572228908539,-1.0,0.8860465288162231,0.3084745705127716,0.06837499886751175,-0.04937500134110451,-0.13512499630451202,-0.26225000619888306,0.0017072900664061308,0.00026266000350005925,0.00011991000064881518,0.0,0.17249999940395355,0.010499999858438969,0.18299999833106995,0.06724999845027924,0.017999999225139618,0.0012499999720603228,0.0,0.3897351324558258,0.9768056869506836,-0.799756646156311,0.7823452353477478,-0.033127487
152,970,-0.17598528535180538,-0.673619647289494,-0.05698528535180539,-0.14561964728949395,0.15637264602015055,0.2093544647117533,0.7676148414611816,0.05920650437474251,-1.0,0.8860465288162231,0.3084745705127716,0.06862500309944153,-0.04924999922513962,-0.14925000071525574,-0.24762499332427979,0.0017586800968274474,0.0012790400069206953,0.0,0.0,0.26600000262260437,0.0,0.26600000262260437,0.06875000149011612,0.054249998182058334,-0.0002500000118743628,0.0,0.31170064210891724,0.8971611857414246,-0.07996544986963272,0.3619498610496521,-0.066589996
153,971,-0.17773132533511726,-0.6746000432352693,-0.05873132533511727,-0.14660004323526932,0.15792701242093518,0.20612548931928,0.7535225749015808,0.06166161596775055,-1.0,0.8860465288162231,0.3084745705127716,0.06825000047683716,-0.045875001698732376,-0.14637500047683716,-0.2409999966621399,0.0018100700108334422,0.002341100014746189,0.00013703999866265804,6.851999933132902e-05,0.3634999990463257,0.017999999225139618,0.3815000057220459,0.07074999809265137,0.08100000023841858,0.001500000013038516,0.0002500000118743628,0.956982433795929,0.5984107255935669,0.15005019307136536,0.232527956366539,-0.14770326
154,972,-0.17307884399322426,-0.674625984627637,-0.05407884399322427,-0.14662598462763698,0.15628083931073422,0.20954675441073806,0.7494620084762573,0.05999992787837982,-1.0,0.8860465288162231,0.3084745705127716,0.06825000047683716,-0.045875001698732376,-0.14399999380111694,-0.23675000667572021,0.0019128500716760755,0.0027236700989305973,0.0001598800008650869,7.423000351991504e-05,0.4059999883174896,0.020500000566244125,0.42649999260902405,0.07349999994039536,0.09025000035762787,0.0022499999031424522,0.0002500000118743628,0.8112062215805054,0.3304135501384735,0.46909815073013306,-0.9056350588798523,-0.15530361
155,973,-0.17223105656764726,-0.6752174347448442,-0.05323105656764726,-0.14721743474484417,0.15654557954845136,0.20899273351668077,0.7602817416191101,0.059955958276987076,-1.0,0.8860465288162231,0.3084745705127716,0.06812500208616257,-0.045875001698732376,-0.1352500021457672,-0.25337499380111694,0.002072730101644993,0.0018957200227305293,0.0001484600070398301,-7.423000351991504e-05,0.3474999964237213,0.019500000402331352,0.367000013589859,0.07699999958276749,0.07150000333786011,0.0022499999031424522,-0.0002500000118743628,-0.8351888060569763,0.23978790640830994,-0.912584662437439,-0.04493742808699608,-0.09921973
156,974,-0.1736948553679262,-0.6722017276396803,-0.054694855367926204,-0.1442017276396803,0.15422602069037153,0.21389710295589306,0.7622533440589905,0.05895350128412247,-1.0,0.8860465288162231,0.3084745705127716,0.06825000047683716,-0.045875001698732376,-0.1509999930858612,-0.2538749873638153,0.0018728800350800157,0.002089860150590539,0.0,-7.423000351991504e-05,0.34700000286102295,0.006500000134110451,0.35350000858306885,0.07225000113248825,0.07599999755620956,-0.0002500000118743628,-0.000750000006519258,0.9119693040847778,-0.6374560594558716,0.6695513129234314,-0.710624098777771,-0.10086418
157,975,-0.1743537685226572,-0.6752885803542505,-0.05535376852265719,-0.14728858035425052,0.15734664150349834,0.20732525990483258,0.7588491439819336,0.0640648677945137,-1.0,0.8860465288162231,0.3084745705127716,0.06812500208616257,-0.045875001698732376,-0.1393750011920929,-0.26737499237060547,0.0019927900284528732,0.0011819700011983514,0.00013133000175002962,-6.851999933132902e-05,0.27799999713897705,0.017500000074505806,0.2955000102519989,0.07500000298023224,0.05225000157952309,0.001500000013038516,-0.0002500000118743628,0.9223579168319702,0.45379358530044556,-0.6909911632537842,0.8704954385757446,-0.08249569
158,976,-0.17202672656652176,-0.6747783078759018,-0.05302672656652177,-0.14677830787590174,0.15606314553178038,0.21000342154671503,0.7573168277740479,0.058832913637161255,-1.0,0.8860465288162231,0.3084745705127716,0.06825000047683716,-0.045875001698732376,-0.15137499570846558,-0.2513749897480011,0.0021127001382410526,0.0018329099984839559,0.0,6.851999933132902e-05,0.34549999237060547,0.006000000052154064,0.351500004529953,0.07824999839067459,0.06925000250339508,-0.0002500000118743628,0.0002500000118743628,0.8491608500480652,-0.05914337560534477,0.9103661179542542,-0.2782686948776245,-0.076509394
159,977,-0.16898943638812502,-0.6743149909871228,-0.04998943638812503,-0.14631499098712275,0.15461895206592305,0.2130582831992344,0.7627285718917847,0.05969778448343277,-1.0,0.8860465288162231,0.3084745705127716,0.06812500208616257,-0.045875001698732376,-0.1354999989271164,-0.25612500309944153,0.002244030125439167,0.0017415500478819013,0.00014275001012720168,-7.423000351991504e-05,0.3490000069141388,0.01899999938905239,0.36800000071525574,0.08150000125169754,0.06724999845027924,0.0020000000949949026,-0.0005000000237487257,0.6459388732910156,-0.12084934860467911,0.44222405552864075,0.8243492841720581,-0.05864479
160,978,-0.1658206551486761,-0.6756540617794685,-0.046820655148676116,-0.1476540617794685,0.1548996310793746,0.21246111177135665,0.7697920203208923,0.060483064502477646,-1.0,0.8860465288162231,0.3084745705127716,0.06800000369548798,-0.045875001698732376,-0.12725000083446503,-0.2409999966621399,0.0023468099534511566,0.0015531200915575027,0.0001598800008650869,7.423000351991504e-05,0.34150001406669617,0.020500000566244125,0.3619999885559082,0.08375000208616257,0.06274999678134918,0.0020000000949949026,0.0,0.5519634485244751,0.6742019057273865,-0.10875733196735382,-0.9723848700523376,-0.062696345
161,979,-0.1684760861517376,-0.6742641198383154,-0.0494760861517376,-0.14626411983831533,0.15440555641870934,0.21351342575609442,0.7771612405776978,0.058213453739881516,-1.0,0.8860465288162231,0.3084745705127716,0.06800000369548798,-0.045875001698732376,-0.12837499380111694,-0.2588750123977661,0.0022040600888431072,0.002609470160678029,9.13600015337579e-05,-7.423000351991504e-05,0.42149999737739563,0.014499999582767487,0.4359999895095825,0.08100000023841858,0.08799999952316284,0.0002500000118743628,-0.0005000000237487257,0.8554385900497437,0.7615696787834167,0.4845222532749176,0.6873164176940918,-0.20366827
162,980,-0.16919115625263548,-0.6735350469999571,-0.05019115625263548,-0.14553504699995712,0.15394675076550396,0.21449528812146426,0.7709858417510986,0.060569290071725845,-1.0,0.8860465288162231,0.3084745705127716,0.06800000369548798,-0.04600000008940697,-0.12062499672174454,-0.24662500619888306,0.0023525201249867678,0.0018157800659537315,0.00019414001144468784,6.851999933132902e-05,0.36500000953674316,0.023000000044703484,0.3880000114440918,0.08399999886751175,0.06949999928474426,0.002749999985098839,0.000750000006519258,-0.10999607294797897,-0.48023542761802673,0.10407669097185135,0.30932849645614624,-0.003499607
163,981,-0.16609440757787958,-0.6760701305006489,-0.04709440757787958,-0.14807013050064888,0.15537904225342178,0.21144498711476786,0.7693228721618652,0.06180500611662865,-1.0,0.8860465288162231,0.3084745705127716,0.06787499785423279,-0.04600000008940697,-0.11874999850988388,-0.24050000309944153,0.002238319953903556,0.0011305800871923566,0.0001884299999801442,7.423000351991504e-05,0.29499998688697815,0.023000000044703484,0.3179999887943268,0.08150000125169754,0.051500000059604645,0.002749999985098839,0.0,0.8662906885147095,-0.0026945164427161217,-0.2712887227535248,-0.8398870825767517,-0.07862454
164,982,-0.16607862366382198,-0.6758325096128729,-0.047078623663821983,-0.14783250961287286,0.1551478253296511,0.21193444935114436,0.7765246629714966,0.05750825256109238,-1.0,0.8860465288162231,0.3084745705127716,0.06787499785423279,-0.04600000008940697,-0.12250000238418579,-0.25600001215934753,0.002369650173932314,0.0011305800871923566,9.13600015337579e-05,-7.423000351991504e-05,0.30649998784065247,0.014499999582767487,0.32100000977516174,0.08449999988079071,0.051500000059604645,0.0002500000118743628,-0.0002500000118743628,-0.3196311295032501,0.6290000081062317,-0.10624939203262329,0.921812117099762,-0.024463113
165,983,-0.1634899946618692,-0.6741186563771494,-0.0444899946618692,-0.14611865637714938,0.15274168182417203,0.21709574137694365,0.7765613198280334,0.05791100114583969,-1.0,0.8860465288162231,0.3084745705127716,0.06787499785423279,-0.04600000008940697,-0.12425000220537186,-0.23899999260902405,0.0022326100151985884,0.002049890113994479,7.994000043254346e-05,7.423000351991504e-05,0.375,0.013500000350177288,0.38850000500679016,0.08174999803304672,0.07500000298023224,0.0,0.0002500000118743628,-0.053909797221422195,0.7280694842338562,0.8565052151679993,0.7444669008255005,-0.05091287
166,984,-0.16252161831100498,-0.6741547342071743,-0.043521618311004984,-0.14615473420717429,0.15249700846763706,0.217627567166956,0.7825813889503479,0.06081583723425865,-1.0,0.8860465288162231,0.3084745705127716,0.0677499994635582,-0.04612499848008156,-0.11025000363588333,-0.2252500057220459,0.002238319953903556,0.0025980500504374504,0.0002512400096748024,7.423000351991504e-05,0.4235000014305115,0.02850000001490116,0.4519999921321869,0.08174999803304672,0.08824999630451202,0.004000000189989805,0.0005000000237487257,0.4380906820297241,0.6624808311462402,0.21513839066028595,-0.15100207924842834,-0.15599605
167,985,-0.16724439104263178,-0.6739157390650939,-0.048244391042631785,-0.14591573906509392,0.1536844955549744,0.21505855146179928,0.7848334312438965,0.0607546865940094,-1.0,0.8860465288162231,0.3084745705127716,0.0676250010728836,-0.04612499848008156,-0.10612499713897705,-0.22737500071525574,0.0023182600270956755,0.0018043600721284747,0.000245530012762174,-7.423000351991504e-05,0.3610000014305115,0.02800000086426735,0.3889999985694885,0.08349999785423279,0.06949999928474426,0.0037499999161809683,-0.000750000006519258,-0.6523128747940063,-0.18660278618335724,-0.8327669501304626,0.6082767248153687,-0.05773129
168,986,-0.16416602198120336,-0.6740385242132316,-0.04516602198120337,-0.1460385242132316,0.152863403390037,0.2168316498019205,0.7738502621650696,0.06115976348519325,-1.0,0.8860465288162231,0.3084745705127716,0.0677499994635582,-0.04600000008940697,-0.1198749989271164,-0.21662500500679016,0.0021926399786025286,0.0015302799874916673,9.13600015337579e-05,6.851999933132902e-05,0.32600000500679016,0.014000000432133675,0.3400000035762787,0.08049999922513962,0.0625,0.0002500000118743628,0.0005000000237487257,0.9255526065826416,0.7097535133361816,0.9064639806747437,-0.673582911491394,-0.083808795
169,987,-0.16716169728405111,-0.6748667946320404,-0.04816169728405112,-0.14686679463204033,0.1545619760832867,0.21317970983840087,0.7810092568397522,0.060951653867959976,-1.0,0.8860465288162231,0.3084745705127716,0.0676250010728836,-0.04612499848008156,-0.10487499833106995,-0.22887499630451202,0.0023182600270956755,0.0026323101483285427,0.00026266000350005925,-7.423000351991504e-05,0.4334999918937683,0.029500000178813934,0.46299999952316284,0.08399999886751175,0.08924999833106995,0.004000000189989805,-0.0002500000118743628,0.9708529710769653,0.11912049353122711,-0.9768922328948975,-0.8836865425109863,-0.16649735
170,988,-0.17163197461215335,-0.6748548901934472,-0.052631974612153354,-0.14685489019344722,0.1560015497528912,0.2101328146361602,0.774042546749115,0.05954780429601669,-1.0,0.8860465288162231,0.3084745705127716,0.0677499994635582,-0.04600000008940697,-0.12125000357627869,-0.24537500739097595,0.0022097700275480747,0.0018443299923092127,9.13600015337579e-05,0.0,0.35499998927116394,0.00800000037997961,0.3630000054836273,0.08100000023841858,0.0702499970793724,0.0002500000118743628,-0.0002500000118743628,-0.9562223553657532,-0.33510303497314453,-0.9086363911628723,0.19170258939266205,-0.098530374
171,989,-0.17092975254770548,-0.675254509541118,-0.05192975254770549,-0.14725450954111796,0.15614285055634514,0.20983610495670685,0.7636465430259705,0.05956798419356346,-1.0,0.8860465288162231,0.3084745705127716,0.06800000369548798,-0.045875001698732376,-0.1381250023841858,-0.24187499284744263,0.001975659979507327,0.0013418500311672688,8.565000462112948e-05,6.851999933132902e-05,0.2904999852180481,0.013500000350177288,0.30399999022483826,0.07524999976158142,0.057500001043081284,0.0,0.0002500000118743628,0.9240755438804626,-0.6146697402000427,-0.018922170624136925,0.06128143146634102,-0.0826216
172,990,-0.17408052773381055,-0.673911371918609,-0.05508052773381056,-0.14591137191860892,0.1559615112475052,0.21021696551971994,0.7652796506881714,0.05889066308736801,-1.0,0.8860465288162231,0.3084745705127716,0.06800000369548798,-0.045875001698732376,-0.13824999332427979,-0.2407499998807907,0.0021355401258915663,0.000616680015809834,0.0,7.423000351991504e-05,0.2409999966621399,0.006500000134110451,0.2475000023841858,0.07874999940395355,0.03449999913573265,-0.0002500000118743628,0.0002500000118743628,0.8016989231109619,0.044685058295726776,-0.21636340022087097,0.47395962476730347,-0.13675876
173,991,-0.1702119619449287,-0.6742169326371691,-0.05121196194492872,-0.14621693263716906,0.1549259708250081,0.2124051574243858,0.7579522728919983,0.061167165637016296,-1.0,0.8860465288162231,0.3084745705127716,0.06800000369548798,-0.045875001698732376,-0.1354999989271164,-0.23199999332427979,0.002238319953903556,0.0006623599911108613,0.0001484600070398301,6.851999933132902e-05,0.2540000081062317,0.01899999938905239,0.27300000190734863,0.08150000125169754,0.035999998450279236,0.0017500000540167093,0.0005000000237487257,0.295804500579834,0.1594783514738083,-0.297764390707016,-0.7903131246566772,-0.026856093
174,992,-0.173025506406675,-0.6749844794258457,-0.054025506406675,-0.1469844794258457,0.15659882673438055,0.208881480389495,0.766948938369751,0.060649268329143524,-1.0,0.8860465288162231,0.3084745705127716,0.06800000369548798,-0.045875001698732376,-0.14000000059604645,-0.24650000035762787,0.0022897101007401943,0.0008165300241671503,7.994000043254346e-05,-5.7100000958598685e-06,0.2720000147819519,0.007499999832361937,0.27950000762939453,0.08250000327825546,0.041749998927116394,-0.0002500000118743628,0.0,0.6794693470001221,-0.9789904952049255,-0.9901975989341736,-0.04280214011669159,-0.24615802
175,993,-0.1709895886450736,-0.6760476810734176,-0.05198958864507361,-0.1480476810734176,0.15691090847579825,0.20823061557138384,0.7604057788848877,0.05934834107756615,-1.0,0.8860465288162231,0.3084745705127716,0.07100000232458115,-0.05112500116229057,-0.1368750035762787,-0.24287499487400055,0.002101280028000474,0.0002169799990952015,0.00011420000373618677,6.851999933132902e-05,0.2029999941587448,0.01600000075995922,0.21899999678134918,0.07874999940395355,0.01575000025331974,0.0010000000474974513,0.0002500000118743628,0.7960426807403564,0.6239583492279053,-0.3537016808986664,-0.971686601638794,-0.07165181
176,994,-0.1751190972519937,-0.6751495103694098,-0.05611909725199371,-0.14714951036940982,0.15748755975738457,0.20703330652482552,0.7651404738426208,0.05754630267620087,-1.0,0.8860465288162231,0.3084745705127716,0.07112500071525574,-0.05112500116229057,-0.14287500083446503,-0.26087498664855957,0.0022040600888431072,0.0007537199999205768,0.0,-5.7100000958598685e-06,0.2590000033378601,0.0005000000237487257,0.25949999690055847,0.08124999701976776,0.039000000804662704,-0.0002500000118743628,0.0,-0.5449737310409546,0.6955510973930359,-0.9610521793365479,-0.5703617334365845,-0.287357
177,995,-0.1749828454004578,-0.6747738309486857,-0.05598284540045781,-0.14677383094868568,0.15708798945331537,0.20786220505058667,0.7555369734764099,0.059068627655506134,-1.0,0.8860465288162231,0.3084745705127716,0.07112500071525574,-0.05050000175833702,-0.13987499475479126,-0.2574999928474426,0.0020556000526994467,0.0015930900117382407,0.00011991000064881518,6.851999933132902e-05,0.31949999928474426,0.016499999910593033,0.335999995470047,0.07824999839067459,0.0637499988079071,0.0012499999720603228,0.000750000006519258,-0.935357391834259,-0.7988686561584473,0.1554611176252365,-0.15697981417179108,-0.07950538
178,996,-0.17780392126593472,-0.6763802106316513,-0.05880392126593473,-0.1483802106316513,0.1596076065334715,0.20269030310235583,0.7558538317680359,0.05970537289977074,-1.0,0.8860465288162231,0.3084745705127716,0.07112500071525574,-0.05050000175833702,-0.13699999451637268,-0.25975000858306885,0.0018557501025497913,0.000616680015809834,0.0001256200048374012,-7.423000351991504e-05,0.21649999916553497,0.017500000074505806,0.23399999737739563,0.0729999989271164,0.03400000184774399,0.0012499999720603228,-0.0005000000237487257,0.90853351354599,-0.7636514902114868,-0.9860681891441345,0.79632568359375,-0.100438386
179,997,-0.1803818859182023,-0.676981658055597,-0.06138188591820232,-0.14898165805559693,0.16113122092217266,0.1996254917219429,0.7492932081222534,0.05698269233107567,-1.0,0.8860465288162231,0.3084745705127716,0.07474999874830246,-0.054749999195337296,-0.1547500044107437,-0.24512499570846558,0.0016501900972798467,0.00019414001144468784,9.13600015337579e-05,6.851999933132902e-05,0.1615000069141388,0.014000000432133675,0.17550000548362732,0.06825000047683716,0.014000000432133675,0.0,0.0,0.8234355449676514,0.6753679513931274,-0.9218303561210632,0.0900086835026741,-0.06999202
180,998,-0.17989727485880455,-0.6768570695828369,-0.060897274858804556,-0.14885706958283684,0.16083191614234507,0.2002238754091998,0.7432979345321655,0.055963292717933655,-1.0,0.8860465288162231,0.3084745705127716,0.0767500028014183,-0.054749999195337296,-0.171875,-0.24387499690055847,0.0017072900664061308,0.0007651399937458336,0.0,7.423000351991504e-05,0.21649999916553497,0.006500000134110451,0.22300000488758087,0.06875000149011612,0.039250001311302185,-0.0002500000118743628,0.000750000006519258,0.7416040301322937,-0.775051474571228,0.8608819246292114,-0.9871830940246582,-0.063036345
181,999,-0.17310379893991895,-0.6797596615513088,-0.05410379893991896,-0.15175966155130882,0.16111553597930578,0.19965680532196323,0.7444249391555786,0.05617445707321167,-1.0,0.8860465288162231,0.3084745705127716,0.0768750011920929,-0.05712499842047691,-0.1561249941587448,-0.2619999945163727,0.001850040047429502,0.00021127000218257308,9.707000572234392e-05,0.0,0.18050000071525574,0.008500000461935997,0.1889999955892563,0.07249999791383743,0.014999999664723873,0.0005000000237487257,0.0,-0.19859100878238678,-0.9720253348350525,0.5735613107681274,0.5109072327613831,-0.016880235
182,1000,-0.171514016200206,-0.6804837869404312,-0.052514016200206015,-0.1524837869404312,0.16127314462479583,0.1993423767838345,0.7602237462997437,0.05125481262803078,-1.0,0.8860465288162231,0.3084745705127716,0.0898749977350235,-0.07437500357627869,-0.14537499845027924,-0.2526249885559082,0.0008907600422389805,0.0001827200030675158,0.00010278000263497233,6.851999933132902e-05,0.09399999678134918,0.014999999664723873,0.10899999737739563,0.045499999076128006,0.013249999843537807,0.0005000000237487257,0.0002500000118743628,-0.4670095145702362,-0.5658795833587646,-0.1714375913143158,-0.8626161217689514,-0.03969581
183,1001,-0.17167730402607437,-0.6832654539431111,-0.05267730402607437,-0.1552654539431111,0.16395810302518085,0.194061331087949,0.7639209032058716,0.050027478486299515,-1.0,0.8860465288162231,0.3084745705127716,0.09537500143051147,-0.08174999803304672,-0.14824999868869781,-0.2686249911785126,0.0005253200070001185,0.00011420000373618677,6.851999933132902e-05,0.0,0.0560000017285347,0.006000000052154064,0.06199999898672104,0.03200000151991844,0.007000000216066837,0.0,0.0,0.8738294243812561,-0.7128490209579468,-0.3631148040294647,-0.19485676288604736,-0.13651343
184,1002,-0.16698171734762865,-0.6847206318778747,-0.047981717347628655,-0.15672063187787466,0.16390119479682883,0.19417179938318108,0.7635411620140076,0.0453127883374691,-1.0,0.8860465288162231,0.3084745705127716,0.1041250005364418,-0.09350000321865082,-0.1548749953508377,-0.26499998569488525,0.00025695000658743083,9.13600015337579e-05,0.0,6.851999933132902e-05,0.030500000342726707,0.006000000052154064,0.0364999994635582,0.01924999989569187,0.004000000189989805,-0.0002500000118743628,0.0002500000118743628,0.8874172568321228,0.9492044448852539,0.9565904140472412,0.5646368265151978,-0.07543047
185,1003,-0.17263905600949467,-0.6841342379777844,-0.05363905600949467,-0.15613423797778436,0.16509103124789398,0.19187516274110206,0.7744611501693726,0.04284638538956642,-1.0,0.8860465288162231,0.3084745705127716,0.10387499630451202,-0.09149999916553497,-0.13774999976158142,-0.25437501072883606,0.00043967002420686185,0.0006623599911108613,0.00011991000064881518,0.0,0.09650000184774399,0.010499999858438969,0.10700000077486038,0.02449999935925007,0.03550000116229057,0.0012499999720603228,0.0,0.39425310492515564,-0.5146716237068176,-0.9444783926010132,-0.8896375894546509,-0.17097034
186,1004,-0.16900025753072523,-0.6857549966787699,-0.050000257530725234,-0.1577549966787699,0.16548916801488112,0.19111275588960222,0.761304497718811,0.04384027421474457,-1.0,0.8860465288162231,0.3084745705127716,0.10400000214576721,-0.09125000238418579,-0.1547500044107437,-0.25075000524520874,0.0004739300056826323,0.00022269001055974513,8.565000462112948e-05,6.28100024187006e-05,0.061000000685453415,0.013000000268220901,0.07400000095367432,0.026249999180436134,0.01575000025331974,0.0,0.0002500000118743628,0.6198387145996094,-0.8342510461807251,0.22270958125591278,0.530385434627533,-0.052686293
187,1005,-0.1601327820252248,-0.6910765166017251,-0.0411327820252248,-0.16307651660172506,0.16818399455384384,0.186031373355509,0.7697668671607971,0.04109322652220726,-1.0,0.8860465288162231,0.3084745705127716,0.11012499779462814,-0.10074999928474426,-0.1508750021457672,-0.24062499403953552,0.00025695000658743083,9.13600015337579e-05,9.13600015337579e-05,0.0,0.030500000342726707,0.00800000037997961,0.03849999979138374,0.017249999567866325,0.0035000001080334187,0.0005000000237487257,-0.0002500000118743628,-0.34350305795669556,-0.9585553407669067,-0.7984902858734131,0.8006559610366821,-0.029197758
188,1006,-0.1761755800010085,-0.6878157959879955,-0.0571755800010085,-0.15981579598799545,0.16973548714316727,0.18316738511641115,0.7903888821601868,0.032073698937892914,-1.0,0.8860465288162231,0.3084745705127716,0.11649999767541885,-0.11749999970197678,-0.1655000001192093,-0.22574999928474426,7.994000043254346e-05,7.994000043254346e-05,0.0,0.0,0.014000000432133675,0.0,0.014000000432133675,0.002749999985098839,0.0012499999720603228,0.0,0.0,-0.6381168365478516,0.2233881950378418,-0.9171288013458252,-0.6467571258544922,-0.30075425
189,1007,-0.16503123578072376,-0.6890524133489276,-0.04603123578072377,-0.16105241334892761,0.167501506002228,0.18730535863784184,0.7530800700187683,0.03760034590959549,-1.0,0.8860465288162231,0.3084745705127716,0.11599999666213989,-0.11662500351667404,-0.16200000047683716,-0.22200000286102295,6.851999933132902e-05,0.00011991000064881518,9.707000572234392e-05,0.0,0.016499999910593033,0.008500000461935997,0.02500000037252903,0.0002500000118743628,0.00774999987334013,0.0005000000237487257,0.0,0.8787050843238831,0.9453055262565613,0.27401304244995117,-0.43050041794776917,-0.16528797
190,1008,-0.16588750554009504,-0.6881060932479091,-0.04688750554009505,-0.16010609324790903,0.16683045067037547,0.1885665080062464,0.7789971232414246,0.03550438582897186,-1.0,0.8860465288162231,0.3084745705127716,0.1146249994635582,-0.10662499815225601,-0.15687499940395355,-0.21837499737739563,0.00011420000373618677,0.0003654400061350316,9.13600015337579e-05,6.28100024187006e-05,0.041999999433755875,0.013500000350177288,0.05550000071525574,0.00774999987334013,0.023000000044703484,0.0005000000237487257,0.0002500000118743628,0.5099090933799744,0.7570832967758179,0.027823612093925476,-0.0029116340447217226,-0.043342274
191,1009,-0.17504552384337405,-0.6880585674670223,-0.05604552384337405,-0.1600585674670223,0.1695872806624174,0.18343905231624505,0.7770057916641235,0.03710831701755524,-1.0,0.8860465288162231,0.3084745705127716,0.11237499862909317,-0.10175000131130219,-0.15649999678134918,-0.21837499737739563,0.00019985000835731626,0.0008507900056429207,0.00010848999954760075,5.7100001868093386e-05,0.09200000017881393,0.014499999582767487,0.10649999976158142,0.014999999664723873,0.04149999842047691,0.000750000006519258,0.0002500000118743628,0.4895831346511841,-0.6019426584243774,-0.7759822010993958,-0.9855295419692993,-0.041614566
192,1010,-0.17785219249373319,-0.6871389705001274,-0.05885219249373319,-0.15913897050012737,0.16967260383797922,0.18328260304482294,0.7557080984115601,0.03718886896967888,-1.0,0.8860465288162231,0.3084745705127716,0.11249999701976776,-0.1016250029206276,-0.1706250011920929,-0.23662500083446503,0.00023411000438500196,0.00027407999732531607,9.13600015337579e-05,0.0,0.04450000077486038,0.00800000037997961,0.05249999836087227,0.017500000074505806,0.01875000074505806,0.0,0.0,-0.18772108852863312,0.2625512480735779,-0.5230509638786316,-0.4440687298774719,-0.09643581
193,1011,-0.1826882930574218,-0.6847502942546714,-0.0636882930574218,-0.15675029425467135,0.16919472043031986,0.1841605763674421,0.7491809725761414,0.03874750807881355,-1.0,0.8860465288162231,0.3084745705127716,0.11262500286102295,-0.1014999970793724,-0.18025000393390656,-0.2329999953508377,0.0002169799990952015,0.00048534999950788915,7.423000351991504e-05,6.28100024187006e-05,0.061500001698732376,0.012000000104308128,0.07349999994039536,0.016249999403953552,0.02824999950826168,-0.0002500000118743628,0.0002500000118743628,0.09692903608083725,-0.4108297526836395,0.09623528271913528,0.19267147779464722,-0.008238968
194,1012,-0.17244752499534677,-0.6865505687532379,-0.053447524995346773,-0.15855056875323792,0.16731682754613608,0.18765159089213715,0.7379342317581177,0.04279611259698868,-1.0,0.8860465288162231,0.3084745705127716,0.11262500286102295,-0.1014999970793724,-0.17887499928474426,-0.22962500154972076,0.00022269001055974513,0.0001827200030675158,9.707000572234392e-05,6.28100024187006e-05,0.03550000116229057,0.014000000432133675,0.0494999997317791,0.016750000417232513,0.013000000268220901,0.0005000000237487257,0.0005000000237487257,-0.2543027698993683,0.26582854986190796,0.6873886585235596,-0.16695652902126312,-0.021615734
195,1013,-0.16992950358715633,-0.6858429544779654,-0.05092950358715634,-0.15784295447796537,0.16585599963211226,0.1904129781641267,0.7617499232292175,0.039744798094034195,-1.0,0.8860465288162231,0.3084745705127716,0.11249999701976776,-0.1016250029206276,-0.16612499952316284,-0.23237499594688416,0.00021127000218257308,0.0003654400061350316,9.707000572234392e-05,-6.851999933132902e-05,0.05050000175833702,0.014499999582767487,0.06499999761581421,0.01575000025331974,0.023000000044703484,0.000750000006519258,-0.0002500000118743628,0.9443051815032959,-0.2674884498119354,0.7972820401191711,0.9179715514183044,-0.08026594
196,1014,-0.16746789542506532,-0.6870280562666357,-0.04846789542506533,-0.15902805626663563,0.1662499911785841,0.1896642430718062,0.7676057815551758,0.04094414412975311,-1.0,0.8860465288162231,0.3084745705127716,0.11225000023841858,-0.10175000131130219,-0.15125000476837158,-0.21537500619888306,0.0003140500048175454,0.0001884299999801442,0.00010848999954760075,0.0,0.04399999976158142,0.009499999694526196,0.05350000038743019,0.0215000007301569,0.013249999843537807,0.000750000006519258,0.0,-0.14757174253463745,0.18221794068813324,0.1888660043478012,-0.012747014872729778,-0.040581964
197,1015,-0.17293954969501388,-0.6852193197705307,-0.05393954969501388,-0.15721931977053072,0.16621488961705344,0.18973082986860876,0.7733304500579834,0.038935497403144836,-1.0,0.8860465288162231,0.3084745705127716,0.11225000023841858,-0.10187499970197678,-0.14800000190734863,-0.21175000071525574,0.0002969200140796602,0.000308340007904917,0.00011991000064881518,6.28100024187006e-05,0.05299999937415123,0.01600000075995922,0.0689999982714653,0.020749999210238457,0.020250000059604645,0.0012499999720603228,0.0002500000118743628,0.09327287971973419,-0.6570342779159546,0.07466086745262146,-0.18904297053813934,-0.007928195
198,1016,-0.16899452709563878,-0.6879914730918986,-0.049994527095638785,-0.15999147309189854,0.16762077497026512,0.1870820946383166,0.7606056928634644,0.0420011542737484,-1.0,0.8860465288162231,0.3084745705127716,0.11262500286102295,-0.10587500035762787,-0.14637500047683716,-0.2150000035762787,0.0002969200140796602,9.13600015337579e-05,0.00010278000263497233,-6.28100024187006e-05,0.03400000184774399,0.014499999582767487,0.048500001430511475,0.020500000566244125,0.0037499999161809683,0.000750000006519258,-0.0002500000118743628,0.604590117931366,-0.24688930809497833,-0.6366937160491943,0.45114651322364807,-0.05139016
199,1017,-0.16911013765263666,-0.6882426833022421,-0.050110137652636666,-0.16024268330224212,0.16789503699475117,0.18656970246786367,0.769780158996582,0.03730258718132973,-1.0,0.8860465288162231,0.3084745705127716,0.11637499928474426,-0.10962499678134918,-0.1577499955892563,-0.20675000548362732,0.00022269001055974513,8.565000462112948e-05,7.423000351991504e-05,5.7100001868093386e-05,0.027000000700354576,0.011500000022351742,0.03849999979138374,0.016249999403953552,0.0020000000949949026,-0.0002500000118743628,0.0,-0.9350317120552063,0.5481805801391602,0.24137142300605774,0.5028021931648254,-0.07947769
200,1018,-0.16488283201374643,-0.6883373960572363,-0.04588283201374643,-0.1603373960572363,0.1667732438013266,0.18867441186281778,0.7695112824440002,0.03687680885195732,-1.0,0.8860465288162231,0.3084745705127716,0.11625000089406967,-0.10887499898672104,-0.15387499332427979,-0.19737499952316284,0.0001541700039524585,0.0003197600017301738,0.00010848999954760075,2.8550000934046693e-05,0.04149999842047691,0.012000000104308128,0.05350000038743019,0.011250000447034836,0.020999999716877937,0.0010000000474974513,0.0,0.4206527769565582,0.6721497774124146,-0.06006118655204773,0.2244674116373062,-0.035755485
201,1019,-0.16616110530174197,-0.6890384011808146,-0.04716110530174197,-0.16103840118081458,0.16780207539883105,0.1867432212812142,0.7793422341346741,0.036716278642416,-1.0,0.8860465288162231,0.3084745705127716,0.11574999988079071,-0.10474999994039536,-0.15449999272823334,-0.19337500631809235,0.0001884299999801442,0.0007594299968332052,8.565000462112948e-05,5.7100001868093386e-05,0.08299999684095383,0.012500000186264515,0.09549999982118607,0.014499999582767487,0.0377499982714653,0.0,0.0002500000118743628,-0.8233932852745056,-0.3480328917503357,-0.17313683032989502,-0.4797512888908386,-0.06998843
202,1020,-0.16292599656161869,-0.6881801208886864,-0.04392599656161869,-0.16018012088868638,0.1660938418540721,0.18996063385208112,0.7763695120811462,0.03552813455462456,-1.0,0.8860465288162231,0.3084745705127716,0.11574999988079071,-0.10474999994039536,-0.1574999988079071,-0.20200000703334808,0.00014275001012720168,0.0004054100136272609,0.0,-1.1420000191719737e-05,0.04800000041723251,0.0010000000474974513,0.04899999871850014,0.009999999776482582,0.02474999986588955,-0.0002500000118743628,-0.0002500000118743628,-0.22823642194271088,0.6265477538108826,0.963448166847229,-0.7247380018234253,-0.13424867
203,1021,-0.1636873087514669,-0.687739363204042,-0.0446873087514669,-0.15973936320404203,0.16587229943628862,0.19038194375090253,0.7838930487632751,0.03698284551501274,-1.0,0.8860465288162231,0.3084745705127716,0.11225000023841858,-0.1028750017285347,-0.14024999737739563,-0.19862499833106995,0.00021127000218257308,0.0009592800051905215,0.00011420000373618677,5.7100001868093386e-05,0.10249999910593033,0.014999999664723873,0.11749999970197678,0.01575000025331974,0.0442500002682209,0.0012499999720603228,0.0005000000237487257,0.8859622478485107,0.5034750699996948,0.7472484111785889,0.9914807081222534,-0.075306796
204,1022,-0.15959570556236655,-0.6859594068156831,-0.04059570556236655,-0.1579594068156831,0.1630925673096994,0.1957482913084932,0.7821225523948669,0.0377298928797245,-1.0,0.8860465288162231,0.3084745705127716,0.11187499761581421,-0.10199999809265137,-0.12675000727176666,-0.179749995470047,0.000308340007904917,0.0015645400853827596,0.00017130000924225897,0.0,0.164000004529953,0.014999999664723873,0.17900000512599945,0.021250000223517418,0.061250001192092896,0.0022499999031424522,-0.0002500000118743628,0.46573007106781006,0.7572335004806519,0.4844580888748169,-0.23669929802417755,-0.09990838
205,1023,-0.155629098005752,-0.687261122240374,-0.03662909800575201,-0.15926112224037392,0.16341908051992676,0.19511018958868637,0.7916378974914551,0.040746767073869705,-1.0,0.8860465288162231,0.3084745705127716,0.11162500083446503,-0.10199999809265137,-0.11824999749660492,-0.17612500488758087,0.0003654400061350316,0.0027522200252860785,0.00023982000129763037,6.28100024187006e-05,0.27300000190734863,0.026499999687075615,0.2994999885559082,0.024250000715255737,0.08950000256299973,0.0032500000670552254,0.0,0.23273861408233643,0.2838909327983856,0.7510627508163452,-0.466651052236557,-0.09817188
206,1024,-0.15522248516910564,-0.6891848264703921,-0.036222485169105645,-0.16118482647039212,0.16520477207428513,0.19165704641253298,0.8008625507354736,0.038540471345186234,-1.0,0.8860465288162231,0.3084745705127716,0.10975000262260437,-0.10212499648332596,-0.10462500154972076,-0.18462499976158142,0.00047964000259526074,0.001935690059326589,0.00027407999732531607,0.0,0.21150000393390656,0.024000000208616257,0.23549999296665192,0.029249999672174454,0.07100000232458115,0.004000000189989805,-0.0002500000118743628,-0.4674091041088104,-0.9716594219207764,-0.9405065178871155,-0.42761874198913574,-0.122989975
207,1025,-0.1578086732471728,-0.688012535245115,-0.0388086732471728,-0.16001253524511494,0.16465152460507304,0.1927203227339599,0.8018081784248352,0.035279955714941025,-1.0,0.8860465288162231,0.3084745705127716,0.11012499779462814,-0.10187499970197678,-0.12037499994039536,-0.1808750033378601,0.0004054100136272609,0.0006338100065477192,9.707000572234392e-05,0.0,0.09099999815225601,0.008500000461935997,0.09950000047683716,0.026000000536441803,0.03424999862909317,0.0002500000118743628,-0.0002500000118743628,-0.5128529667854309,-0.7727231383323669,-0.24751479923725128,-0.8610125780105591,-0.17963253
208,1026,-0.15824346304391693,-0.6869728519602296,-0.03924346304391693,-0.1589728519602296,0.16374497565436427,0.19447536995902345,0.7957937717437744,0.03726688772439957,-1.0,0.8860465288162231,0.3084745705127716,0.11037500202655792,-0.10312499850988388,-0.12487500160932541,-0.1772499978542328,0.0003368900215718895,0.0001256200048374012,8.565000462112948e-05,6.28100024187006e-05,0.04050000011920929,0.013000000268220901,0.05350000038743019,0.022749999538064003,0.00800000037997961,0.0,0.0,0.9781559109687805,0.34075891971588135,0.39551880955696106,0.06479699909687042,-0.08314326
209,1027,-0.1599403788337334,-0.6874404133665378,-0.040940378833733415,-0.1594404133665378,0.16461275780917484,0.19279504871162628,0.7947826385498047,0.039029065519571304,-1.0,0.8860465288162231,0.3084745705127716,0.11025000363588333,-0.10324999690055847,-0.11837500333786011,-0.17637500166893005,0.0004739300056826323,0.0003197600017301738,0.0001484600070398301,6.28100024187006e-05,0.06949999928474426,0.01850000023841858,0.08799999952316284,0.02850000001490116,0.020999999716877937,0.0017500000540167093,0.0005000000237487257,-0.09450999647378922,-0.19295519590377808,-0.3800959587097168,-0.3098665475845337,-0.008033349
210,1028,-0.16382768132555342,-0.6868274296112109,-0.044827681325553426,-0.15882742961121088,0.16503234049703566,0.1919878087679914,0.7908363342285156,0.0382365882396698,-1.0,0.8860465288162231,0.3084745705127716,0.11037500202655792,-0.10324999690055847,-0.12462499737739563,-0.18174999952316284,0.0004568000149447471,0.00019985000835731626,9.13600015337579e-05,0.0,0.057500001043081284,0.00800000037997961,0.06549999862909317,0.02775000035762787,0.014000000432133675,0.0,-0.0002500000118743628,0.8562108278274536,-0.5079693794250488,-0.43820929527282715,-0.39796605706214905,-0.15908946
211,1029,-0.1626283295945855,-0.6877513901497355,-0.04362832959458551,-0.1597513901497355,0.1656017445499497,0.1908977288286645,0.7817960977554321,0.03927554190158844,-1.0,0.8860465288162231,0.3084745705127716,0.11349999904632568,-0.10787499696016312,-0.132750004529953,-0.17800000309944153,0.00041683000745251775,9.13600015337579e-05,9.13600015337579e-05,0.0,0.04450000077486038,0.00800000037997961,0.05249999836087227,0.026249999180436134,0.0042500002309679985,0.0,-0.0002500000118743628,0.787929117679596,0.8960160613059998,0.40899190306663513,-0.8228105902671814,-0.20310605
212,1030,-0.16113414397645892,-0.6889950522771646,-0.042134143976458927,-0.1609950522771646,0.16641722550972882,0.18934732441574315,0.7845852971076965,0.03770950809121132,-1.0,0.8860465288162231,0.3084745705127716,0.11349999904632568,-0.10637500137090683,-0.12575000524520874,-0.1743749976158142,0.0005196100100874901,0.0006623599911108613,0.00013703999866265804,6.28100024187006e-05,0.10350000113248825,0.017500000074505806,0.12099999934434891,0.030500000342726707,0.03474999964237213,0.0012499999720603228,0.0,0.6751680374145508,0.6355277895927429,-0.8535066843032837,0.6350111961364746,-0.057389285
213,1031,-0.17037155604605142,-0.6870894603041622,-0.051371556046051425,-0.15908946030416216,0.16717802831252135,0.18791223070334745,0.7880601286888123,0.03560160472989082,-1.0,0.8860465288162231,0.3084745705127716,0.1132500022649765,-0.1016250029206276,-0.14124999940395355,-0.1626249998807907,0.0006395200034603477,0.0011248700320720673,9.13600015337579e-05,6.28100024187006e-05,0.15449999272823334,0.013500000350177288,0.1679999977350235,0.03474999964237213,0.04899999871850014,0.0002500000118743628,0.0002500000118743628,0.24167615175247192,0.6355326771736145,-0.9724528789520264,-0.7011958956718445,-0.020542473
214,1032,-0.1659119171998767,-0.6861916329844744,-0.046911917199876696,-0.15819163298447436,0.16500097188096416,0.19204804213332058,0.7665777802467346,0.038831423968076706,-1.0,0.8860465288162231,0.3084745705127716,0.11299999803304672,-0.09700000286102295,-0.15950000286102295,-0.17550000548362732,0.0006852000369690359,0.0016501900972798467,8.565000462112948e-05,0.0,0.2045000046491623,0.007499999832361937,0.21199999749660492,0.0364999994635582,0.06350000202655792,0.0005000000237487257,-0.0002500000118743628,0.6937389373779297,-0.06212447211146355,0.8738086223602295,-0.6442219018936157,-0.172068
215,1033,-0.16593757321269778,-0.6868997161192333,-0.046937573212697786,-0.15889971611923326,0.16568722208387188,0.19073462387672452,0.7769490480422974,0.040353164076805115,-1.0,0.8860465288162231,0.3084745705127716,0.11275000125169754,-0.09700000286102295,-0.14399999380111694,-0.17212499678134918,0.0008108200272545218,0.0015531200915575027,0.00017701000615488738,6.851999933132902e-05,0.2070000022649765,0.0215000007301569,0.22849999368190765,0.04075000062584877,0.061250001192092896,0.0022499999031424522,0.0005000000237487257,0.4342377185821533,0.8890950083732605,0.31436392664909363,-0.6573724746704102,-0.036910206
216,1034,-0.16201728680221367,-0.6873370405549637,-0.04301728680221367,-0.15933704055496367,0.1650417506470349,0.19196974327721425,0.7768893837928772,0.039153024554252625,-1.0,0.8860465288162231,0.3084745705127716,0.11262500286102295,-0.09700000286102295,-0.13862499594688416,-0.18387499451637268,0.0008793400484137237,0.002974910195916891,0.00022840000747237355,-6.28100024187006e-05,0.3375000059604645,0.025499999523162842,0.3630000054836273,0.04324999824166298,0.09449999779462814,0.0032500000670552254,-0.0005000000237487257,0.13734304904937744,0.26377183198928833,-0.1331198364496231,-0.5069664120674133,-0.08805134
217,1035,-0.16288543251415913,-0.6881557411137447,-0.043885432514159134,-0.16015574111374464,0.16605960555971344,0.1900256804679924,0.7860063314437866,0.03841179609298706,-1.0,0.8860465288162231,0.3084745705127716,0.11262500286102295,-0.09700000286102295,-0.13950000703334808,-0.19349999725818634,0.0009136000298894942,0.0021241200156509876,8.565000462112948e-05,-6.851999933132902e-05,0.26600000262260437,0.013500000350177288,0.27950000762939453,0.04399999976158142,0.07575000077486038,0.0002500000118743628,-0.0002500000118743628,0.975166916847229,0.22920648753643036,-0.048460256308317184,-0.5027245879173279,-0.11430311
218,1036,-0.16717500262370438,-0.6877439202433555,-0.04817500262370439,-0.15974392024335549,0.1668500852037824,0.18852948748675974,0.7839873433113098,0.03702416643500328,-1.0,0.8860465288162231,0.3084745705127716,0.11262500286102295,-0.09700000286102295,-0.14037500321865082,-0.20287500321865082,0.00107919005677104,0.002261160174384713,8.565000462112948e-05,-6.851999933132902e-05,0.29249998927116394,0.013500000350177288,0.3059999942779541,0.04924999922513962,0.0794999971985817,0.0002500000118743628,-0.0002500000118743628,-0.6204507350921631,-0.4746023714542389,-0.7767565250396729,-0.3639841675758362,-0.0390884
219,1037,-0.16800441242614628,-0.6879290701884735,-0.04900441242614628,-0.15992907018847347,0.1672684666294921,0.18774236286890048,0.7740116119384766,0.03772217035293579,-1.0,0.8860465288162231,0.3084745705127716,0.11275000125169754,-0.09674999862909317,-0.1547500044107437,-0.2097499966621399,0.0008051100303418934,0.0015188599936664104,7.994000043254346e-05,0.0,0.20350000262260437,0.007000000216066837,0.21050000190734863,0.04050000011920929,0.061250001192092896,0.0,0.0,-0.47677579522132874,-0.3095111846923828,-0.43022260069847107,0.11848094314336777,-0.04582654
220,1038,-0.1742834867445362,-0.6858973274056848,-0.0552834867445362,-0.15789732740568474,0.16729563625059474,0.18769136090909322,0.7720827460289001,0.03740835562348366,-1.0,0.8860465288162231,0.3084745705127716,0.11287499964237213,-0.09662500023841858,-0.1628749966621399,-0.20637500286102295,0.0006052600219845772,0.0010906100505962968,8.565000462112948e-05,6.851999933132902e-05,0.148499995470047,0.013500000350177288,0.16200000047683716,0.03375000134110451,0.0494999997317791,0.0002500000118743628,0.000750000006519258,0.5621625185012817,-0.03716382756829262,0.2953757643699646,0.6623213291168213,-0.03541624
221,1039,-0.1727337065072978,-0.6879014043666587,-0.05373370650729781,-0.15990140436665867,0.1686883823309777,0.18509541625755324,0.757480263710022,0.04085198789834976,-1.0,0.8860465288162231,0.3084745705127716,0.11287499964237213,-0.09662500023841858,-0.15787500143051147,-0.19374999403953552,0.0008336600149050355,0.001050640014000237,0.00011991000064881518,6.28100024187006e-05,0.16500000655651093,0.01600000075995922,0.1809999942779541,0.04149999842047691,0.048250000923871994,0.0012499999720603228,0.0002500000118743628,0.41151565313339233,-0.7867645025253296,-0.9918343424797058,-0.882798433303833,-0.025925487
222,1040,-0.1757529808873318,-0.686946398374193,-0.0567529808873318,-0.158946398374193,0.16877457864182482,0.18493593957857304,0.7610843777656555,0.0374552458524704,-1.0,0.8860465288162231,0.3084745705127716,0.11312499642372131,-0.09674999862909317,-0.1757500022649765,-0.21012499928474426,0.0010049600386992097,0.00027407999732531607,8.565000462112948e-05,0.0,0.1120000034570694,0.007499999832361937,0.11949999630451202,0.04650000110268593,0.01899999938905239,0.0,0.0,0.7654361724853516,0.1828344762325287,0.5087307691574097,-0.9512839317321777,-0.19602107
223,1041,-0.1722024723972923,-0.6869907707597812,-0.05320247239729231,-0.15899077075978119,0.16765610115940888,0.1870160173356942,0.754062831401825,0.03907389938831329,-1.0,0.8860465288162231,0.3084745705127716,0.11312499642372131,-0.09674999862909317,-0.1667499989271164,-0.20649999380111694,0.0013818200677633286,0.0004054100136272609,0.00011420000373618677,6.851999933132902e-05,0.15649999678134918,0.01600000075995922,0.17249999940395355,0.05700000002980232,0.025750000029802322,0.0010000000474974513,0.0002500000118743628,0.6080864667892456,0.9503588080406189,-0.26191699504852295,0.5359617471694946,-0.03830945
224,1042,-0.17406352909385447,-0.6865738869323299,-0.05506352909385448,-0.15857388693232988,0.16786205602546722,0.1866312451122502,0.762319803237915,0.038998693227767944,-1.0,0.8860465288162231,0.3084745705127716,0.11312499642372131,-0.09624999761581421,-0.17100000381469727,-0.1966249942779541,0.0016730300849303603,0.0014903100673109293,0.0,7.423000351991504e-05,0.2770000100135803,0.006500000134110451,0.28349998593330383,0.06525000184774399,0.06024999916553497,-0.0002500000118743628,0.0005000000237487257,-0.5154590606689453,0.46882152557373047,-0.47189566493034363,0.8033850193023682,-0.11959619
225,1043,-0.17298771101192725,-0.6861145962814661,-0.05398771101192726,-0.15811459628146607,0.1670775224186616,0.18810118851144847,0.7579917907714844,0.03970527648925781,-1.0,0.8860465288162231,0.3084745705127716,0.11287499964237213,-0.09475000202655792,-0.1681250035762787,-0.18137499690055847,0.0014103699941188097,0.0020556000526994467,0.00013133000175002962,6.851999933132902e-05,0.3034999966621399,0.017500000074505806,0.32100000977516174,0.05874999985098839,0.07474999874830246,0.001500000013038516,0.0,-0.26427435874938965,0.9465693235397339,0.5274003744125366,0.7739123106002808,-0.07918138
226,1044,-0.1703318345845461,-0.6862195500898491,-0.0513318345845461,-0.15821955008984911,0.16633815939960825,0.18949709318014185,0.7604936957359314,0.040483735501766205,-1.0,0.8860465288162231,0.3084745705127716,0.11275000125169754,-0.09475000202655792,-0.15862500667572021,-0.16699999570846558,0.0012790400069206953,0.002775060012936592,0.0001598800008650869,6.851999933132902e-05,0.35499998927116394,0.019999999552965164,0.375,0.05550000071525574,0.09149999916553497,0.0022499999031424522,0.0002500000118743628,-0.8249729871749878,-0.9479667544364929,0.551668643951416,-0.1772996187210083,-0.09676997
227,1045,-0.17017702472242902,-0.6879327798608262,-0.05117702472242902,-0.1599327798608262,0.16792135639474692,0.18652060490297592,0.7666701674461365,0.04030584916472435,-1.0,0.8860465288162231,0.3084745705127716,0.11262500286102295,-0.09487500041723251,-0.148375004529953,-0.16975000500679016,0.000925020023714751,0.001964240102097392,0.00017130000924225897,-6.851999933132902e-05,0.2529999911785126,0.020999999716877937,0.27399998903274536,0.04450000077486038,0.0729999989271164,0.0022499999031424522,-0.000750000006519258,0.4696807861328125,0.002582618733868003,-0.8180195093154907,-0.28438571095466614,-0.029589891
228,1046,-0.17520775980108577,-0.6870557183391802,-0.05620775980108578,-0.1590557183391802,0.16869509120970053,0.18508299884709417,0.7670301795005798,0.037402067333459854,-1.0,0.8860465288162231,0.3084745705127716,0.11262500286102295,-0.09475000202655792,-0.1626249998807907,-0.17512500286102295,0.0011420000810176134,0.0019528201082721353,9.13600015337579e-05,-6.851999933132902e-05,0.2709999978542328,0.014000000432133675,0.2849999964237213,0.050999999046325684,0.07275000214576721,0.0002500000118743628,-0.0005000000237487257,0.8990464210510254,0.11834873259067535,-0.9695487022399902,-0.800561249256134,-0.059977353
229,1047,-0.18030315479427608,-0.6849961542824412,-0.06130315479427609,-0.15699615428244118,0.1685404083512528,0.18536951205649482,0.7553308010101318,0.03888861462473869,-1.0,0.8860465288162231,0.3084745705127716,0.11287499964237213,-0.09462500363588333,-0.18050000071525574,-0.19037500023841858,0.0015759600792080164,0.002061309991404414,0.0,0.0,0.31850001215934753,0.0,0.31850001215934753,0.06274999678134918,0.0754999965429306,-0.0002500000118743628,0.0,-0.8170685768127441,-0.16360118985176086,-0.3545268476009369,0.8091105222702026,-0.12831362
230,1048,-0.17508735840011552,-0.6861117048950698,-0.05608735840011553,-0.15811170489506976,0.1677650231637353,0.18681242663886288,0.7434810400009155,0.04237939789891243,-1.0,0.8860465288162231,0.3084745705127716,0.11287499964237213,-0.09462500363588333,-0.17737500369548798,-0.17524999380111694,0.0011591300135478377,0.001821490004658699,0.00010848999954760075,6.28100024187006e-05,0.26100000739097595,0.014999999664723873,0.2759999930858612,0.051500000059604645,0.06949999928474426,0.0010000000474974513,0.0,-0.631003737449646,-0.5953568816184998,0.5841288566589355,-0.6564440727233887,-0.039753236
231,1049,-0.17304998417162845,-0.6886693694837043,-0.05404998417162846,-0.16066936948370425,0.16951709966621173,0.18356783685644157,0.7556108236312866,0.04048863425850868,-1.0,0.8860465288162231,0.3084745705127716,0.11287499964237213,-0.09462500363588333,-0.1666249930858612,-0.1873749941587448,0.0008736300515010953,0.0011933899950236082,0.0001256200048374012,-2.2840000383439474e-05,0.1809999942779541,0.013000000268220901,0.1940000057220459,0.042750000953674316,0.04724999889731407,0.0012499999720603228,-0.0002500000118743628,0.8829691410064697,-0.44978389143943787,-0.8995577096939087,-0.7598205208778381,-0.18193093
232,1050,-0.175360040216126,-0.6860508405795631,-0.056360040216126006,-0.1580508405795631,0.1677990534570139,0.18674886463797782,0.7603488564491272,0.03615361079573631,-1.0,0.8860465288162231,0.3084745705127716,0.11287499964237213,-0.09462500363588333,-0.18287500739097595,-0.1837500035762787,0.001301879994571209,0.0005139000131748617,8.565000462112948e-05,6.851999933132902e-05,0.1589999943971634,0.013500000350177288,0.17249999940395355,0.054999999701976776,0.030500000342726707,0.0002500000118743628,0.0,0.6684345006942749,0.53899085521698,0.9213632941246033,-0.2624344825744629,-0.042111374
233,1051,-0.1736462445286926,-0.6885848838311772,-0.0546462445286926,-0.1605848838311772,0.16962817264877417,0.18336405577883091,0.7549766302108765,0.04059179499745369,-1.0,0.8860465288162231,0.3084745705127716,0.11287499964237213,-0.09462500363588333,-0.16625000536441803,-0.18825000524520874,0.0016444800421595573,0.001119159976951778,0.00011420000373618677,-7.423000351991504e-05,0.24199999868869781,0.016499999910593033,0.25850000977516174,0.06424999982118607,0.05050000175833702,0.001500000013038516,-0.000750000006519258,-0.6147357821464539,-0.42568472027778625,-0.9411789774894714,-0.49361273646354675,-0.038728353
234,1052,-0.17610618607652404,-0.6871515247714646,-0.05710618607652404,-0.15915152477146455,0.16908673610099842,0.18435954834064794,0.7589622139930725,0.03629680722951889,-1.0,0.8860465288162231,0.3084745705127716,0.11287499964237213,-0.09462500363588333,-0.18324999511241913,-0.1978749930858612,0.001319010043516755,0.0006395200034603477,8.565000462112948e-05,-4.568000076687895e-05,0.17149999737739563,0.011500000022351742,0.18299999833106995,0.05575000122189522,0.03474999964237213,0.0002500000118743628,0.0,0.9325864911079407,0.8774732947349548,0.04707346111536026,-0.9312939643859863,-0.25890723
235,1053,-0.1845359923249209,-0.6869967755996237,-0.06553599232492091,-0.15899677559962366,0.17197366351011184,0.17911331386008605,0.7532414197921753,0.03872622922062874,-1.0,0.8860465288162231,0.3084745705127716,0.11287499964237213,-0.09462500363588333,-0.18250000476837158,-0.19449999928474426,0.0018100700108334422,0.0011305800871923566,9.13600015337579e-05,7.423000351991504e-05,0.2574999928474426,0.014499999582767487,0.2720000147819519,0.06849999725818634,0.050999999046325684,0.0005000000237487257,0.000750000006519258,0.8721054196357727,-0.9917658567428589,-0.9577611088752747,-0.9468491077423096,-0.08389019
236,1054,-0.18422496536417615,-0.6846151966313422,-0.06522496536417616,-0.15661519663134216,0.16965440142428356,0.18331596793897723,0.7336372137069702,0.038988515734672546,-1.0,0.8860465288162231,0.3084745705127716,0.11524999886751175,-0.09574999660253525,-0.20000000298023224,-0.21187500655651093,0.0018728800350800157,0.00022840000747237355,0.0,0.0,0.18400000035762787,0.0,0.18400000035762787,0.07000000029802322,0.016249999403953552,-0.0002500000118743628,0.0,0.9969054460525513,-0.08351801335811615,0.7423107624053955,-0.27160799503326416,-0.15316965
237,1055,-0.17476391224038249,-0.6877716980845916,-0.05576391224038249,-0.15977169808459157,0.16922354864848735,0.1841074938064543,0.7343605160713196,0.04302509129047394,-1.0,0.8860465288162231,0.3084745705127716,0.11524999886751175,-0.09712500125169754,-0.18662500381469727,-0.2084999978542328,0.0021640900522470474,0.00022840000747237355,9.13600015337579e-05,6.851999933132902e-05,0.2094999998807907,0.014000000432133675,0.22349999845027924,0.07699999958276749,0.01600000075995922,0.000750000006519258,0.000750000006519258,0.36051076650619507,0.54401034116745,-0.16913126409053802,-0.04774680361151695,-0.027487505
238,1056,-0.17995331004417736,-0.6842171166023381,-0.06095331004417737,-0.15621711660233806,0.16768748768137143,0.1869573287229786,0.7563629746437073,0.03767508640885353,-1.0,0.8860465288162231,0.3084745705127716,0.11537499725818634,-0.09712500125169754,-0.18937499821186066,-0.20874999463558197,0.002284000162035227,0.000673780043143779,0.0,-7.423000351991504e-05,0.2590000033378601,0.006500000134110451,0.265500009059906,0.07975000143051147,0.036249998956918716,0.0,-0.0005000000237487257,-0.9105702638626099,0.8275282979011536,-0.9055863618850708,-0.6150448322296143,-0.20150949
239,1057,-0.17693319260849627,-0.6887146090570548,-0.057933192608496276,-0.1607146090570548,0.1708374677000777,0.18115999697342275,0.7442946434020996,0.043699800968170166,-1.0,0.8860465288162231,0.3084745705127716,0.11524999886751175,-0.09612499922513962,-0.1862500011920929,-0.22050000727176666,0.0017472601030021906,0.0016730300849303603,0.00010278000263497233,0.0,0.2994999885559082,0.008999999612569809,0.3084999918937683,0.06750000268220901,0.06525000184774399,0.0012499999720603228,0.0,-0.9100657105445862,0.17316867411136627,-0.402935653924942,0.13327495753765106,-0.076807976
240,1058,-0.18265920650385767,-0.6859994352707055,-0.06365920650385767,-0.15799943527070548,0.170341762696535,0.1820602455881173,0.7513181567192078,0.03607693314552307,-1.0,0.8860465288162231,0.3084745705127716,0.11524999886751175,-0.09612499922513962,-0.19300000369548798,-0.21712499856948853,0.001261910074390471,0.0019299800042062998,0.0,6.851999933132902e-05,0.27950000762939453,0.006000000052154064,0.2854999899864197,0.054999999701976776,0.07150000333786011,-0.0002500000118743628,0.000750000006519258,0.8424462676048279,-0.7401837110519409,0.13834872841835022,-0.20039604604244232,-0.0710871
241,1059,-0.1812128152634481,-0.6862111458668017,-0.0622128152634481,-0.15821114586680163,0.1700035324912112,0.18267707088728258,0.738001823425293,0.04067892208695412,-1.0,0.8860465288162231,0.3084745705127716,0.11524999886751175,-0.09612499922513962,-0.18987500667572021,-0.2202499955892563,0.0017244199989363551,0.0008793400484137237,9.707000572234392e-05,-7.423000351991504e-05,0.2280000001192093,0.014999999664723873,0.24300000071525574,0.06650000065565109,0.04374999925494194,0.0010000000474974513,-0.0005000000237487257,0.25884774327278137,-0.9456294178962708,-0.25836849212646484,0.17526565492153168,-0.018242037
242,1060,-0.17902576424655514,-0.6866099261705993,-0.06002576424655515,-0.15860992617059932,0.16958832817510167,0.1834371307789684,0.7413655519485474,0.04032009094953537,-1.0,0.8860465288162231,0.3084745705127716,0.11762499809265137,-0.09875000268220901,-0.1940000057220459,-0.2175000011920929,0.001638769987039268,0.0001884299999801442,0.0,7.423000351991504e-05,0.1599999964237213,0.006500000134110451,0.1665000021457672,0.06449999660253525,0.013749999925494194,-0.0002500000118743628,0.0005000000237487257,0.464395672082901,-0.2553587555885315,-0.7615798711776733,0.9940493702888489,-0.15049791
243,1061,-0.17994286322012382,-0.689315039829717,-0.06094286322012382,-0.16131503982971696,0.17244296057749034,0.17827470964247222,0.746451735496521,0.03964419290423393,-1.0,0.8860465288162231,0.3084745705127716,0.12224999815225601,-0.10400000214576721,-0.19062499701976776,-0.19875000417232513,0.0015359900426119566,0.00020556000526994467,9.13600015337579e-05,0.0,0.1525000035762787,0.00800000037997961,0.16050000488758087,0.061500001698732376,0.014750000089406967,0.0005000000237487257,0.0002500000118743628,0.9912506937980652,-0.20531681180000305,0.14033210277557373,0.40147149562835693,-0.062448796
244,1062,-0.17733148601699783,-0.6908754856699273,-0.058331486016997836,-0.16287548566992727,0.17300574005843244,0.17727423403320908,0.7443189024925232,0.03505925461649895,-1.0,0.8860465288162231,0.3084745705127716,0.12562499940395355,-0.10837499797344208,-0.18825000524520874,-0.1912499964237213,0.001764390035532415,0.00022269001055974513,9.707000572234392e-05,7.423000351991504e-05,0.17399999499320984,0.014999999664723873,0.1889999955892563,0.06849999725818634,0.01600000075995922,0.0010000000474974513,0.0002500000118743628,-0.5412423610687256,0.8571535348892212,-0.38009870052337646,0.2439667284488678,-0.034098268
245,1063,-0.17968489214217673,-0.6872691437151739,-0.06068489214217673,-0.15926914371517387,0.17043859971870318,0.18188402920285815,0.7503919005393982,0.03241443261504173,-1.0,0.8860465288162231,0.3084745705127716,0.12575000524520874,-0.10824999958276749,-0.19474999606609344,-0.18674999475479126,0.0014503400307148695,0.0010563500691205263,0.0,6.28100024187006e-05,0.21950000524520874,0.005499999970197678,0.22499999403953552,0.060750000178813934,0.04774999991059303,-0.0002500000118743628,0.0002500000118743628,-0.7060059309005737,0.9777351021766663,-0.42236873507499695,0.2906816303730011,-0.12805831
246,1064,-0.17773157107915846,-0.6908866879717679,-0.05873157107915847,-0.16288668797176786,0.1731515826085292,0.17701588120959677,0.7449188828468323,0.03852687403559685,-1.0,0.8860465288162231,0.3084745705127716,0.12537500262260437,-0.10437499731779099,-0.19162499904632568,-0.18125000596046448,0.0011305800871923566,0.002169799990952015,0.00010848999954760075,6.851999933132902e-05,0.289000004529953,0.01549999974668026,0.304500013589859,0.051750000566244125,0.07649999856948853,0.0010000000474974513,0.0,0.7980383634567261,-0.603592038154602,-0.6077817678451538,0.9881210923194885,-0.050276417
247,1065,-0.17821553383271582,-0.6893195597573365,-0.05921553383271583,-0.16131955975733647,0.17184434761549292,0.1793450856708826,0.7494614720344543,0.03239544481039047,-1.0,0.8860465288162231,0.3084745705127716,0.12537500262260437,-0.10437499731779099,-0.20237499475479126,-0.1627500057220459,0.0015474100364372134,0.0012676200130954385,0.0,0.0,0.24650000035762787,0.0,0.24650000035762787,0.06274999678134918,0.05400000140070915,-0.0002500000118743628,0.0,0.9872656464576721,-0.6672494411468506,0.9402929544448853,0.35250717401504517,-0.062197734
248,1066,-0.17617047424581422,-0.6900051983866788,-0.05717047424581423,-0.16200519838667882,0.17179682019699452,0.17943034401924682,0.7483359575271606,0.03505159541964531,-1.0,0.8860465288162231,0.3084745705127716,0.12537500262260437,-0.10437499731779099,-0.18549999594688416,-0.15649999678134918,0.0021069899667054415,0.00048534999950788915,0.00010278000263497233,6.851999933132902e-05,0.22699999809265137,0.014999999664723873,0.24199999868869781,0.07625000178813934,0.028999999165534973,0.0012499999720603228,0.0005000000237487257,0.8285617232322693,0.2506788969039917,-0.6593601703643799,-0.7300159931182861,-0.08232829
249,1067,-0.1834204150779966,-0.688585488457297,-0.06442041507799662,-0.16058548845729692,0.17302511084201047,0.17723989795068637,0.7530919313430786,0.033889494836330414,-1.0,0.8860465288162231,0.3084745705127716,0.12537500262260437,-0.10437499731779099,-0.19699999690055847,-0.16975000500679016,0.0023068401496857405,0.00074230000609532,0.0,-7.994000043254346e-05,0.2669999897480011,0.007000000216066837,0.27399998903274536,0.08150000125169754,0.03824999928474426,-0.0002500000118743628,-0.0002500000118743628,-0.7282085418701172,0.8215454816818237,-0.10421697050333023,-0.627254843711853,-0.10169107
250,1068,-0.1775254141567223,-0.6908885920575437,-0.0585254141567223,-0.1628885920575437,0.17308355648271376,0.1771363392224762,0.7362315654754639,0.03629578277468681,-1.0,0.8860465288162231,0.3084745705127716,0.12537500262260437,-0.10437499731779099,-0.19374999403953552,-0.18137499690055847,0.0019984999671578407,0.0018443299923092127,9.707000572234392e-05,-7.423000351991504e-05,0.33649998903274536,0.014999999664723873,0.351500004529953,0.07474999874830246,0.0689999982714653,0.000750000006519258,-0.0005000000237487257,0.41508108377456665,0.6682915091514587,-0.5043727159500122,-0.727888822555542,-0.0786731
251,1069,-0.18151437374074372,-0.6868537267948709,-0.06251437374074373,-0.15885372679487086,0.17071190187218016,0.1813876148987011,0.7499408721923828,0.032392218708992004,-1.0,0.8860465288162231,0.3084745705127716,0.12537500262260437,-0.10437499731779099,-0.20262500643730164,-0.19512499868869781,0.0021069899667054415,0.002381070051342249,0.0,-7.423000351991504e-05,0.3930000066757202,0.006500000134110451,0.3995000123977661,0.07750000059604645,0.0820000022649765,-0.0002500000118743628,-0.0002500000118743628,0.7339257001876831,0.3175048232078552,0.5621250867843628,-0.678070604801178,-0.17102556
252,1070,-0.1741774187533307,-0.6899262925602296,-0.05517741875333071,-0.1619262925602296,0.1710692016775126,0.18074067375175457,0.7406642436981201,0.03923097252845764,-1.0,0.8860465288162231,0.3084745705127716,0.12537500262260437,-0.10437499731779099,-0.1927500069141388,-0.20762500166893005,0.0023011299781501293,0.001581670017912984,9.707000572234392e-05,-7.994000043254346e-05,0.3400000035762787,0.01549999974668026,0.3555000126361847,0.0820000022649765,0.06324999779462814,0.0010000000474974513,-0.0005000000237487257,-0.3690336346626282,-0.9027237892150879,0.9555084109306335,-0.07950975745916367,-0.018403364
253,1071,-0.16991508738012007,-0.6907111770774417,-0.05091508738012007,-0.16271117707744165,0.17049127035966338,0.18178825494354503,0.7577269077301025,0.0340232327580452,-1.0,0.8860465288162231,0.3084745705127716,0.1251250058412552,-0.10450000315904617,-0.17487500607967377,-0.20912499725818634,0.002044179942458868,0.0004967700224369764,0.00011420000373618677,-7.423000351991504e-05,0.2224999964237213,0.016499999910593033,0.23899999260902405,0.07575000077486038,0.029750000685453415,0.0010000000474974513,-0.0002500000118743628,0.7588897943496704,-0.9375211000442505,0.7451847195625305,-0.9920859336853027,-0.07493376
254,1072,-0.17268304087834718,-0.6920374470742467,-0.05368304087834719,-0.16403744707424672,0.1725982413600515,0.1779980980960984,0.7676393389701843,0.03269292041659355,-1.0,0.8860465288162231,0.3084745705127716,0.1302500069141388,-0.11562500149011612,-0.16112500429153442,-0.2277500033378601,0.001850040047429502,0.00023411000438500196,0.00010848999954760075,0.0,0.18250000476837158,0.009499999694526196,0.19200000166893005,0.07050000131130219,0.017000000923871994,0.0012499999720603228,0.0,0.830498456954956,0.6913377046585083,-0.6425231695175171,0.5820443630218506,-0.08024928
255,1073,-0.17194681497844275,-0.6910269233490813,-0.05294681497844275,-0.1630269233490813,0.1714092849090407,0.18012704903656887,0.7612022161483765,0.030445005744695663,-1.0,0.8860465288162231,0.3084745705127716,0.13237500190734863,-0.11550000309944153,-0.17249999940395355,-0.21712499856948853,0.0019299800042062998,0.0008793400484137237,8.565000462112948e-05,7.423000351991504e-05,0.2460000067949295,0.014000000432133675,0.25999999046325684,0.07225000113248825,0.042500000447034836,0.0,0.0005000000237487257,0.45324310660362244,-0.49975115060806274,0.16018086671829224,0.4389950633049011,-0.044162158
256,1074,-0.17215855376767936,-0.6944644624647162,-0.05315855376767936,-0.16646446246471613,0.17474624202636846,0.1742154686538227,0.7629143595695496,0.03215775638818741,-1.0,0.8860465288162231,0.3084745705127716,0.13237500190734863,-0.11562500149011612,-0.17024999856948853,-0.20887500047683716,0.002044179942458868,0.0003768599999602884,0.00013703999866265804,6.851999933132902e-05,0.21199999749660492,0.017999999225139618,0.23000000417232513,0.07524999976158142,0.024250000715255737,0.001500000013038516,0.0002500000118743628,0.9136034250259399,-0.8656242489814758,-0.06065301224589348,-0.7932717204093933,-0.08195936
257,1075,-0.17407777388835316,-0.6949755875805489,-0.055077773888353165,-0.16697558758054887,0.17582493572973687,0.17234631669957698,0.7624219655990601,0.026331419125199318,-1.0,0.8860465288162231,0.3084745705127716,0.14162500202655792,-0.12725000083446503,-0.1706250011920929,-0.22349999845027924,0.001416080049239099,0.00021127000218257308,8.565000462112948e-05,0.0,0.14249999821186066,0.007499999832361937,0.15000000596046448,0.06024999916553497,0.015250000171363354,0.0,0.0,0.761669933795929,0.5221247673034668,-0.8438305854797363,-0.2354939728975296,-0.12994961
258,1076,-0.17470768955056404,-0.6940600299472675,-0.055707689550564043,-0.16606002994726743,0.17515501768761688,0.1735047717873742,0.7579586505889893,0.0254651065915823,-1.0,0.8860465288162231,0.3084745705127716,0.14412499964237213,-0.12725000083446503,-0.18662500381469727,-0.2199999988079071,0.001416080049239099,0.0006452300003729761,8.565000462112948e-05,6.851999933132902e-05,0.18050000071525574,0.013500000350177288,0.1940000057220459,0.05950000137090683,0.03474999964237213,0.0005000000237487257,0.0005000000237487257,0.9055612683296204,-0.3041393756866455,-0.44028812646865845,-0.0963786318898201,-0.05705036
259,1077,-0.1788855956373755,-0.6955225072929692,-0.0598855956373755,-0.16752250729296914,0.1779046795746704,0.1687989705043591,0.7564937472343445,0.0270168986171484,-1.0,0.8860465288162231,0.3084745705127716,0.14425000548362732,-0.12725000083446503,-0.19449999928474426,-0.2212499976158142,0.0019128500716760755,0.00035973000922240317,0.0,-7.423000351991504e-05,0.19900000095367432,0.006500000134110451,0.20550000667572021,0.07175000011920929,0.023499999195337296,-0.0002500000118743628,-0.0005000000237487257,0.07995643466711044,0.4368624687194824,-0.5203513503074646,0.15229719877243042,-0.094983436
260,1078,-0.17488738659954667,-0.6952238248693439,-0.05588738659954667,-0.16722382486934384,0.17631564758937357,0.1715026645274314,0.7467777132987976,0.024538123980164528,-1.0,0.8860465288162231,0.3084745705127716,0.14425000548362732,-0.12725000083446503,-0.1912499964237213,-0.21899999678134918,0.0019071400165557861,0.0007879800396040082,9.707000572234392e-05,6.851999933132902e-05,0.23600000143051147,0.014499999582767487,0.25049999356269836,0.07199999690055847,0.03974999859929085,0.000750000006519258,0.0005000000237487257,-0.8756605982780457,0.9089465141296387,-0.32630762457847595,0.054567500948905945,-0.07443115
261,1079,-0.17884218489036882,-0.692204936187179,-0.05984218489036883,-0.16420493618717902,0.17476941425972858,0.17417510371578623,0.7560758590698242,0.025044364854693413,-1.0,0.8860465288162231,0.3084745705127716,0.14425000548362732,-0.12487500160932541,-0.1967500001192093,-0.21812500059604645,0.001695870072580874,0.001878590090200305,0.0,7.423000351991504e-05,0.31299999356269836,0.006500000134110451,0.31949999928474426,0.06724999845027924,0.0689999982714653,-0.0002500000118743628,0.000750000006519258,0.8591413497924805,-0.5795645117759705,-0.6176540851593018,0.37151339650154114,-0.18575092
262,1080,-0.17370912203758557,-0.6950720118563052,-0.05470912203758557,-0.16707201185630516,0.17580143679684987,0.17238682100372466,0.7468786239624023,0.03016112558543682,-1.0,0.8860465288162231,0.3084745705127716,0.14412499964237213,-0.12487500160932541,-0.19362500309944153,-0.210999995470047,0.0019128500716760755,0.0010449300752952695,0.00010278000263497233,7.423000351991504e-05,0.2590000033378601,0.01549999974668026,0.2745000123977661,0.07225000113248825,0.04749999940395355,0.0010000000474974513,0.0002500000118743628,0.35209178924560547,0.24633070826530457,-0.25363901257514954,-0.14759241044521332,-0.03134321
263,1081,-0.1759566932963889,-0.6938178488400086,-0.056956693296388916,-0.1658178488400086,0.17532719100352592,0.1732062998867433,0.7588160037994385,0.025301674380898476,-1.0,0.8860465288162231,0.3084745705127716,0.14412499964237213,-0.12487500160932541,-0.1977500021457672,-0.21324999630451202,0.0019585301633924246,0.0013646900188177824,0.0,-6.851999933132902e-05,0.29100000858306885,0.006000000052154064,0.296999990940094,0.07349999994039536,0.05649999901652336,-0.0002500000118743628,-0.000750000006519258,-0.3180139362812042,0.5862561464309692,0.7421730756759644,0.013587770983576775,-0.027031183
264,1082,-0.17085076434088564,-0.6947394096729478,-0.05185076434088565,-0.16673940967294776,0.17461538449064895,0.1744435919486537,0.7535890936851501,0.027427375316619873,-1.0,0.8860465288162231,0.3084745705127716,0.14412499964237213,-0.12487500160932541,-0.1850000023841858,-0.21324999630451202,0.001878590090200305,0.002244030125439167,0.00013133000175002962,-7.423000351991504e-05,0.3610000014305115,0.017999999225139618,0.3790000081062317,0.07175000011920929,0.07824999839067459,0.0020000000949949026,-0.0002500000118743628,-0.49834710359573364,-0.5806792974472046,0.7841271162033081,-0.0028900124598294497,-0.042359505
265,1083,-0.17072860439593626,-0.6948856404003936,-0.05172860439593627,-0.16688564040039355,0.1747188183470823,0.17426325149682056,0.7654633522033691,0.025865407660603523,-1.0,0.8860465288162231,0.3084745705127716,0.14387500286102295,-0.125,-0.1703750044107437,-0.21324999630451202,0.0017929400783032179,0.0013646900188177824,0.0001484600070398301,-6.851999933132902e-05,0.27649998664855957,0.01899999938905239,0.2955000102519989,0.06949999928474426,0.05674999952316284,0.0020000000949949026,-0.0002500000118743628,0.0013200632529333234,-0.011754999868571758,-0.683273196220398,0.198903426527977,-0.00011220537
266,1084,-0.17371210423477915,-0.6949604411409558,-0.05471210423477915,-0.16696044114095576,0.17569633819684433,0.17256809237934703,0.7657474279403687,0.025617558509111404,-1.0,0.8860465288162231,0.3084745705127716,0.14387500286102295,-0.125,-0.1821250021457672,-0.20999999344348907,0.0017986500170081854,0.0013532700249925256,9.707000572234392e-05,7.423000351991504e-05,0.2759999930858612,0.014999999664723873,0.29100000858306885,0.06949999928474426,0.05649999901652336,0.0,0.0005000000237487257,-0.6730905175209045,0.9690210819244385,-0.8171178102493286,0.025106249377131462,-0.05721269
267,1085,-0.17807499076876698,-0.6928842358949655,-0.05907499076876699,-0.16488423589496548,0.1751475543106341,0.1735177215858159,0.7588090896606445,0.025490777567029,-1.0,0.8860465288162231,0.3084745705127716,0.14412499964237213,-0.12487500160932541,-0.19724999368190765,-0.20999999344348907,0.00159880006685853,0.002883550012484193,0.0,6.851999933132902e-05,0.39250001311302185,0.006000000052154064,0.398499995470047,0.06525000184774399,0.0925000011920929,-0.0002500000118743628,0.0012499999720603228,0.9438853859901428,0.5846664905548096,0.2989718019962311,-0.7755744457244873,-0.1886969
268,1086,-0.17639604876830509,-0.6947845376620745,-0.05739604876830509,-0.16678453766207446,0.1763842068252302,0.17138512390823685,0.7486628293991089,0.02900976873934269,-1.0,0.8860465288162231,0.3084745705127716,0.14412499964237213,-0.12487500160932541,-0.19249999523162842,-0.22374999523162842,0.0018329099984839559,0.0020270501263439655,0.00011991000064881518,-6.851999933132902e-05,0.33799999952316284,0.016499999910593033,0.3544999957084656,0.07050000131130219,0.07374999672174454,0.0012499999720603228,-0.0002500000118743628,0.9738620519638062,-0.9334227442741394,0.4476860463619232,0.6934973001480103,-0.10758683
269,1087,-0.17390488272755492,-0.6938592162307514,-0.05490488272755492,-0.1658592162307514,0.17471069159042815,0.1742774140226765,0.7525673508644104,0.025788920000195503,-1.0,0.8860465288162231,0.3084745705127716,0.14399999380111694,-0.12487500160932541,-0.18424999713897705,-0.210999995470047,0.0019585301633924246,0.00074230000609532,0.00011991000064881518,5.7100001868093386e-05,0.23649999499320984,0.01549999974668026,0.25200000405311584,0.07349999994039536,0.038750000298023224,0.001500000013038516,0.0002500000118743628,0.659477949142456,0.17067895829677582,-0.5766420364379883,0.4587073028087616,-0.05890457
270,1088,-0.17750301185987707,-0.6938690860191715,-0.05850301185987708,-0.1658690860191715,0.17588392789994267,0.17224467585010525,0.758360743522644,0.027357259765267372,-1.0,0.8860465288162231,0.3084745705127716,0.14399999380111694,-0.12487500160932541,-0.19425000250339508,-0.20262500643730164,0.0020670201629400253,0.0009478600113652647,9.13600015337579e-05,6.851999933132902e-05,0.2639999985694885,0.014000000432133675,0.27799999713897705,0.07599999755620956,0.04500000178813934,0.0,0.0005000000237487257,0.7743242383003235,0.7598482966423035,-0.35874998569488525,-0.6561826467514038,-0.1504912
271,1089,-0.17626411389791577,-0.6948420704089057,-0.057264113897915775,-0.16684207040890564,0.17639573463903174,0.17136536808899808,0.7499929666519165,0.02734053134918213,-1.0,0.8860465288162231,0.3084745705127716,0.14399999380111694,-0.12487500160932541,-0.1912499964237213,-0.21437500417232513,0.00215838011354208,0.002015630016103387,0.00011420000373618677,-6.851999933132902e-05,0.36550000309944153,0.01600000075995922,0.3815000057220459,0.07874999940395355,0.07325000315904617,0.001500000013038516,-0.0005000000237487257,-0.817482590675354,-0.8769698739051819,-0.7586184144020081,0.6841431856155396,-0.06948602
272,1090,-0.18212978168689534,-0.6924640093100034,-0.06312978168689534,-0.16446400931000338,0.17616407038370777,0.17176282059280115,0.7528741359710693,0.025691406801342964,-1.0,0.8860465288162231,0.3084745705127716,0.14412499964237213,-0.12475000321865082,-0.2045000046491623,-0.20200000703334808,0.001975659979507327,0.000799400033429265,0.0,7.423000351991504e-05,0.24300000071525574,0.006500000134110451,0.24950000643730164,0.07400000095367432,0.04024999961256981,-0.0002500000118743628,0.0002500000118743628,0.5112816691398621,-0.514869213104248,-0.969128429889679,-0.9630536437034607,-0.19513345
273,1091,-0.18435341756224558,-0.6958853386727278,-0.06535341756224558,-0.1678853386727278,0.18015703185921372,0.16503952000281866,0.7392330765724182,0.029722018167376518,-1.0,0.8860465288162231,0.3084745705127716,0.14412499964237213,-0.12487500160932541,-0.20125000178813934,-0.21987499296665192,0.002072730101644993,0.000308340007904917,9.707000572234392e-05,-1.7129999832832254e-05,0.2084999978542328,0.009999999776482582,0.21850000321865082,0.07599999755620956,0.021250000223517418,0.000750000006519258,0.0,0.5428708791732788,-0.6265521049499512,-0.7679013013839722,0.05273040756583214,-0.07621121
274,1092,-0.18314406466429947,-0.6959791554600203,-0.06414406466429948,-0.1679791554600203,0.1798095039221217,0.1656140762355125,0.7340618371963501,0.023923154920339584,-1.0,0.8860465288162231,0.3084745705127716,0.1508750021457672,-0.13262499868869781,-0.21525000035762787,-0.2162500023841858,0.00159880006685853,0.0001884299999801442,7.994000043254346e-05,6.851999933132902e-05,0.15649999678134918,0.013000000268220901,0.16949999332427979,0.06449999660253525,0.013500000350177288,0.0,0.0002500000118743628,0.608988881111145,0.39505839347839355,-0.6292076110839844,-0.6900447010993958,-0.051764052
275,1093,-0.18296823798831524,-0.6972348593545337,-0.06396823798831525,-0.16923485935453364,0.18092090286110812,0.16378363375003188,0.7368742823600769,0.023764142766594887,-1.0,0.8860465288162231,0.3084745705127716,0.1509999930858612,-0.13262499868869781,-0.22687500715255737,-0.22887499630451202,0.0017130000051110983,0.0004682200087700039,0.0,-7.423000351991504e-05,0.19099999964237213,0.006500000134110451,0.19750000536441803,0.06750000268220901,0.02824999950826168,-0.0002500000118743628,-0.0002500000118743628,0.8484692573547363,0.4699271619319916,0.5772043466567993,-0.923319935798645,-0.072119884
276,1094,-0.17994228143977836,-0.6969585017625721,-0.06094228143977837,-0.1689585017625721,0.17961329846349972,0.16593933908071565,0.7372831702232361,0.021635832265019417,-1.0,0.8860465288162231,0.3084745705127716,0.15162500739097595,-0.13262499868869781,-0.21637499332427979,-0.2461249977350235,0.0018671700963750482,0.0009706999990157783,9.13600015337579e-05,-7.423000351991504e-05,0.2485000044107437,0.014499999582767487,0.2630000114440918,0.07100000232458115,0.04574999958276749,0.0002500000118743628,-0.0002500000118743628,-0.14749927818775177,0.9257053732872009,-0.3066112995147705,0.18433120846748352,-0.016925184
277,1095,-0.18600804708738894,-0.6939528379952116,-0.06700804708738894,-0.16595283799521154,0.17897045234655543,0.16700950976842652,0.744320273399353,0.022104233503341675,-1.0,0.8860465288162231,0.3084745705127716,0.15150000154972076,-0.12937499582767487,-0.22175000607967377,-0.24262499809265137,0.001821490004658699,0.002049890113994479,0.0,7.423000351991504e-05,0.33899998664855957,0.006500000134110451,0.34549999237060547,0.07050000131130219,0.07374999672174454,-0.0002500000118743628,0.0002500000118743628,0.7551121115684509,0.8035189509391785,-0.8800719976425171,0.26507049798965454,-0.26014745
278,1096,-0.18294720348535073,-0.6971785696807028,-0.06394720348535074,-0.16917856968070277,0.18086081187699354,0.16388208252382694,0.7302138209342957,0.027198579162359238,-1.0,0.8860465288162231,0.3084745705127716,0.15150000154972076,-0.12937499582767487,-0.21850000321865082,-0.23774999380111694,0.001935690059326589,0.0026665700133889914,9.707000572234392e-05,6.851999933132902e-05,0.40299999713897705,0.014499999582767487,0.41749998927116394,0.07349999994039536,0.08799999952316284,0.000750000006519258,0.0002500000118743628,0.20939496159553528,0.5887447595596313,-0.8329026103019714,0.44785407185554504,-0.12753995
279,1097,-0.18458077671371717,-0.6957214967989417,-0.06558077671371718,-0.16772149679894166,0.18008703107900864,0.16515508939948786,0.7373321056365967,0.021731236949563026,-1.0,0.8860465288162231,0.3084745705127716,0.15150000154972076,-0.12937499582767487,-0.23350000381469727,-0.22962500154972076,0.001975659979507327,0.001850040047429502,0.0,7.423000351991504e-05,0.33500000834465027,0.006500000134110451,0.34150001406669617,0.0742499977350235,0.06925000250339508,-0.0002500000118743628,0.000750000006519258,0.7178420424461365,-0.7291357517242432,0.9556171894073486,-0.6391140222549438,-0.06413919
280,1098,-0.18507711017910614,-0.696962331043677,-0.06607711017910614,-0.16896233104367697,0.18142341029022363,0.16296267324405975,0.7335330843925476,0.02420085296034813,-1.0,0.8860465288162231,0.3084745705127716,0.15137499570846558,-0.12937499582767487,-0.2160000056028366,-0.2408750057220459,0.0021069899667054415,0.0008336600149050355,9.707000572234392e-05,-6.851999933132902e-05,0.2574999928474426,0.014499999582767487,0.2720000147819519,0.07724999636411667,0.041999999433755875,0.0005000000237487257,-0.0005000000237487257,0.8232728242874146,-0.8921020030975342,-0.9701281785964966,-0.5933037996292114,-0.07415219
281,1099,-0.1854368644289333,-0.6949604445895832,-0.06643686442893332,-0.16696044458958315,0.1796932024665923,0.16580679986520602,0.7323788404464722,0.022097744047641754,-1.0,0.8860465288162231,0.3084745705127716,0.1525000035762787,-0.13237500190734863,-0.23375000059604645,-0.25200000405311584,0.0021469600033015013,0.00019414001144468784,0.0,-7.994000043254346e-05,0.20499999821186066,0.007000000216066837,0.21199999749660492,0.07800000160932541,0.014750000089406967,-0.0002500000118743628,-0.0002500000118743628,0.672271728515625,0.9518813490867615,0.7054961919784546,-0.7667965888977051,-0.060692694
282,1100,-0.18684418610303385,-0.696239108536375,-0.06784418610303386,-0.16823910853637503,0.18140350390523682,0.16299511645020812,0.73154217004776,0.02549077197909355,-1.0,0.8860465288162231,0.3084745705127716,0.1525000035762787,-0.13224999606609344,-0.22087499499320984,-0.26637500524520874,0.0022211901377886534,0.0011077399831265211,7.994000043254346e-05,-7.423000351991504e-05,0.2915000021457672,0.013500000350177288,0.3050000071525574,0.08025000244379044,0.05000000074505806,0.0002500000118743628,-0.0002500000118743628,0.8833565711975098,-0.40610286593437195,0.12049136310815811,-0.047487664967775345,-0.08009394
283,1101,-0.1798317433456758,-0.6968498719977163,-0.060831743345675815,-0.16884987199771628,0.17947361998945513,0.16617128256723426,0.7282693386077881,0.0233235452324152,-1.0,0.8860465288162231,0.3084745705127716,0.1525000035762787,-0.13224999606609344,-0.2186249941587448,-0.26637500524520874,0.0023582300636917353,0.0006338100065477192,9.13600015337579e-05,-7.994000043254346e-05,0.2619999945163727,0.014999999664723873,0.2770000100135803,0.0832500010728836,0.03500000014901161,0.0002500000118743628,-0.0020000000949949026,-0.6705254316329956,-0.7416349053382874,0.6834321022033691,0.6763086915016174,-0.059552547
284,1102,-0.18164861281436498,-0.6992833548690819,-0.06264861281436498,-0.17128335486908186,0.18238101968892498,0.1614095755419238,0.7445773482322693,0.022288352251052856,-1.0,0.8860465288162231,0.3084745705127716,0.15512500703334808,-0.1368750035762787,-0.20600000023841858,-0.2548750042915344,0.002049890113994479,0.00022840000747237355,9.13600015337579e-05,7.423000351991504e-05,0.19949999451637268,0.014499999582767487,0.21400000154972076,0.07524999976158142,0.016499999910593033,0.0005000000237487257,0.0002500000118743628,0.5422502756118774,-0.6537710428237915,-0.4835949242115021,0.33254650235176086,-0.04866154
285,1103,-0.1839587601867105,-0.7022010684213471,-0.06495876018671051,-0.17420106842134708,0.18591840351114627,0.15579970560589945,0.7403520345687866,0.018163805827498436,-1.0,0.8860465288162231,0.3084745705127716,0.1655000001192093,-0.148499995470047,-0.2147500067949295,-0.2487500011920929,0.0012676200130954385,0.00021127000218257308,8.565000462112948e-05,1.1420000191719737e-05,0.12950000166893005,0.008500000461935997,0.1379999965429306,0.05649999901652336,0.015250000171363354,0.0,0.0002500000118743628,0.5665956735610962,-0.6779576539993286,-0.8344125747680664,0.08586093783378601,-0.07148945
286,1104,-0.17425024295982852,-0.7050672654793081,-0.05525024295982853,-0.17706726547930807,0.18548694253623313,0.15647337279505547,0.7349796295166016,0.013218527659773827,-1.0,0.8860465288162231,0.3084745705127716,0.17550000548362732,-0.15912500023841858,-0.2303750067949295,-0.2448749989271164,0.0007308800122700632,0.0001598800008650869,8.565000462112948e-05,6.851999933132902e-05,0.07800000160932541,0.013500000350177288,0.09149999916553497,0.039500001817941666,0.011250000447034836,0.0,0.0,0.1810605674982071,0.06878289580345154,-0.11420358717441559,0.35529589653015137,-0.015390149
287,1105,-0.18312836725053913,-0.704954505211582,-0.06412836725053914,-0.17695450521158196,0.1882162171570128,0.1522605361897022,0.7575575709342957,0.008360566571354866,-1.0,0.8860465288162231,0.3084745705127716,0.17550000548362732,-0.15912500023841858,-0.23237499594688416,-0.2382500022649765,0.0007537199999205768,0.0001884299999801442,0.0,5.7100000958598685e-06,0.08250000327825546,0.0005000000237487257,0.08299999684095383,0.04050000011920929,0.013749999925494194,-0.0002500000118743628,0.0,0.8625368475914001,-0.8526132106781006,-0.5577353239059448,0.9398999810218811,-0.178907
288,1106,-0.17956329344296756,-0.7057316727736835,-0.06056329344296757,-0.1777316727736835,0.18776703656283952,0.15294599930198088,0.7369107604026794,0.008551686070859432,-1.0,0.8860465288162231,0.3084745705127716,0.18537500500679016,-0.17137500643730164,-0.22887499630451202,-0.22075000405311584,0.0003882800228893757,0.00010848999954760075,8.565000462112948e-05,0.0,0.04349999874830246,0.007499999832361937,0.050999999046325684,0.025499999523162842,0.006500000134110451,0.0002500000118743628,0.0,-0.01801176741719246,-0.4839986264705658,0.4973173439502716,0.7152133584022522,-0.0015310002
289,1107,-0.17091308182294251,-0.7065284071619803,-0.05191308182294252,-0.17852840716198026,0.18592299542592716,0.15579255158044378,0.7452016472816467,0.0072344527579844,-1.0,0.8860465288162231,0.3084745705127716,0.18937499821186066,-0.17862500250339508,-0.21962499618530273,-0.20737500488758087,0.00023411000438500196,9.13600015337579e-05,9.13600015337579e-05,0.0,0.02850000001490116,0.00800000037997961,0.0364999994635582,0.017500000074505806,0.003000000026077032,0.0002500000118743628,0.0,0.36758795380592346,0.8682770729064941,0.8013343811035156,-0.90389084815979,-0.16996089
290,1108,-0.17193643040952605,-0.7049226779148694,-0.05293643040952606,-0.17692267791486938,0.18467241165120252,0.1577531015609364,0.7653183937072754,0.0058840555138885975,-1.0,0.8860465288162231,0.3084745705127716,0.18912500143051147,-0.17687499523162842,-0.20487500727176666,-0.20374999940395355,0.00029121001716703176,0.0005881300312466919,9.707000572234392e-05,6.851999933132902e-05,0.07699999958276749,0.014499999582767487,0.09149999916553497,0.019999999552965164,0.03200000151991844,0.000750000006519258,0.0002500000118743628,-0.9329661726951599,-0.1957695335149765,0.25279700756073,-0.6863556504249573,-0.079302125
291,1109,-0.16385140702370826,-0.7051184715191883,-0.04485140702370827,-0.17711847151918825,0.1827090628986418,0.16088094992380356,0.7629385590553284,0.008605631068348885,-1.0,0.8860465288162231,0.3084745705127716,0.1887499988079071,-0.17687499523162842,-0.2004999965429306,-0.21637499332427979,0.00020556000526994467,0.0003997000167146325,0.00011991000064881518,0.0,0.05299999937415123,0.010499999858438969,0.06350000202655792,0.01575000025331974,0.02474999986588955,0.0012499999720603228,0.0,-0.46695229411125183,0.9424802660942078,0.7896072268486023,-0.6538252830505371,-0.15008818
292,1110,-0.16419857200440988,-0.705833123045089,-0.04519857200440988,-0.17783312304508903,0.18348714004858105,0.15963402930679096,0.7817409038543701,0.00827377662062645,-1.0,0.8860465288162231,0.3084745705127716,0.18524999916553497,-0.1731249988079071,-0.1861249953508377,-0.21275000274181366,0.00029121001716703176,0.001233360031619668,0.0001484600070398301,6.28100024187006e-05,0.13349999487400055,0.01850000023841858,0.15199999511241913,0.020250000059604645,0.05249999836087227,0.0020000000949949026,0.0002500000118743628,0.5816351175308228,-0.7267671823501587,-0.27088662981987,0.6165552139282227,-0.049438983
293,1111,-0.17193571594409668,-0.7038405233667573,-0.052935715944096684,-0.17584052336675726,0.1836357255013555,0.15939701249142388,0.7809335589408875,0.007062503136694431,-1.0,0.8860465288162231,0.3084745705127716,0.18524999916553497,-0.17299999296665192,-0.1902499943971634,-0.20112499594688416,0.00035402001230977476,0.0004054100136272609,7.994000043254346e-05,0.0,0.06650000065565109,0.007000000216066837,0.07349999994039536,0.023499999195337296,0.02500000037252903,0.0002500000118743628,0.0,0.9295040369033813,0.4550120532512665,0.18170936405658722,-0.39853164553642273,-0.16663322
294,1112,-0.16614870429401873,-0.7062363935524157,-0.04714870429401874,-0.17823639355241572,0.18436705861724986,0.1582355416405594,0.7629401683807373,0.010439790785312653,-1.0,0.8860465288162231,0.3084745705127716,0.18524999916553497,-0.17299999296665192,-0.18774999678134918,-0.19750000536441803,0.0004625100118573755,0.0008907600422389805,0.0001484600070398301,6.28100024187006e-05,0.1185000017285347,0.01850000023841858,0.13699999451637268,0.02850000001490116,0.041999999433755875,0.0020000000949949026,0.0002500000118743628,0.9745776653289795,-0.9846546649932861,-0.46823060512542725,-0.8599101901054382,-0.0828391
295,1113,-0.17401578761591519,-0.7035399909893257,-0.05501578761591519,-0.1755399909893257,0.18395930344381073,0.15888207248350691,0.7763983607292175,0.006378993857651949,-1.0,0.8860465288162231,0.3084745705127716,0.18549999594688416,-0.1743749976158142,-0.195374995470047,-0.2133750021457672,0.0005995500250719488,0.00011991000064881518,0.0,0.0,0.06300000101327896,0.0,0.06300000101327896,0.033250000327825546,0.00800000037997961,-0.0002500000118743628,0.0,0.8293842077255249,0.37206703424453735,-0.7646712064743042,-0.8926812410354614,-0.30958375
296,1114,-0.1707693500920823,-0.7062368024269905,-0.051769350092082306,-0.17823680242699047,0.18560286460169362,0.1562920907226775,0.7581028342247009,0.010949167422950268,-1.0,0.8860465288162231,0.3084745705127716,0.18549999594688416,-0.1743749976158142,-0.19237500429153442,-0.20999999344348907,0.0009421500144526362,0.0003368900215718895,0.0001256200048374012,6.851999933132902e-05,0.1120000034570694,0.017000000923871994,0.1289999932050705,0.04475000128149986,0.02174999937415123,0.0012499999720603228,0.000750000006519258,0.9370417594909668,-0.864031970500946,0.07014603167772293,-0.311617374420166,-0.059033632
297,1115,-0.16010166531109035,-0.7101557481869674,-0.04110166531109036,-0.18215574818696734,0.18673527649830585,0.15453220388448008,0.7656526565551758,0.006378300953656435,-1.0,0.8860465288162231,0.3084745705127716,0.1941249966621399,-0.18437500298023224,-0.19112500548362732,-0.21525000035762787,0.0007936900365166366,0.00014275001012720168,0.0001256200048374012,-6.851999933132902e-05,0.0820000022649765,0.017000000923871994,0.0989999994635582,0.04050000011920929,0.009499999694526196,0.0012499999720603228,-0.0002500000118743628,-0.28209492564201355,0.10871870070695877,-0.24036763608455658,-0.8390069007873535,-1.0
