step,action_count,cube_x,cube_y,dist_to_goal_x,dist_to_goal_y,dist_to_goal,distance_reward,obs_cube_x_norm,obs_cube_y_norm,obs_cube_yaw_norm,obs_goal_x_norm,obs_goal_y_norm,obs_motor_16_pos_delta_norm,obs_motor_17_pos_delta_norm,obs_motor_18_pos_delta_norm,obs_motor_19_pos_delta_norm,obs_motor_16_current_norm,obs_motor_17_current_norm,obs_motor_18_current_norm,obs_motor_19_current_norm,obs_horizontal_tension_norm,obs_vertical_tension_norm,obs_total_tension_norm,obs_motor_16_target_error_norm,obs_motor_17_target_error_norm,obs_motor_18_target_error_norm,obs_motor_19_target_error_norm,action_m16,action_m17,action_m18,action_m19,total_safety_penalty
1,4001,-0.3359362568357499,-0.464211567578656,-0.19393625683574992,-0.11721156757865603,0.22660499396462516,0.10372107648076374,0.40920573472976685,0.40739959478378296,-1.0,0.8325581550598145,0.6152542233467102,0.0,0.0,0.0,0.0,0.00010848999954760075,7.423000351991504e-05,0.00011991000064881518,0.0001484600070398301,0.01600000075995922,0.023499999195337296,0.039500001817941666,0.0012499999720603228,0.0005000000237487257,0.007499999832361937,0.01075000036507845,0.12877260148525238,-0.25384294986724854,0.21924161911010742,0.7447613477706909,0.0
2,4002,-0.3485362276967663,-0.45292722611304104,-0.2065362276967663,-0.10592722611304106,0.23211589903152655,0.09815975344832505,0.3815435767173767,0.4165905714035034,-1.0,0.8325581550598145,0.6152542233467102,0.002374999923631549,-0.004749999847263098,0.0,0.004875000100582838,0.00011991000064881518,7.423000351991504e-05,0.00023411000438500196,0.0004967700224369764,0.017000000923871994,0.06400000303983688,0.08100000023841858,0.0012499999720603228,0.0005000000237487257,0.01549999974668026,0.028750000521540642,-0.6982724666595459,-0.2749840319156647,-0.24510836601257324,0.4933714270591736,0.0
3,4003,-0.3396601618334007,-0.4599513598358342,-0.1976601618334007,-0.11295135983583421,0.22765664775000588,0.10263600544950302,0.3522413372993469,0.43571656942367554,-1.0,0.8325581550598145,0.6152542233467102,-0.009875000454485416,-0.009499999694526196,-0.0011249999515712261,0.008999999612569809,0.0,0.0,0.00013133000175002962,0.000799400033429265,0.0,0.08150000125169754,0.08150000125169754,-0.0002500000118743628,-0.0002500000118743628,0.008750000037252903,0.039000000804662704,-0.7250683307647705,0.3741350471973419,0.6211569309234619,-0.49062129855155945,-0.111008205
4,4004,-0.34624721162816574,-0.4518921315947544,-0.20424721162816575,-0.10489213159475441,0.22960680026595903,0.10065383727757468,0.3728833496570587,0.42381125688552856,-1.0,0.8325581550598145,0.6152542233467102,-0.006624999921768904,-0.0044999998062849045,-0.0008750000270083547,0.008999999612569809,0.00010278000263497233,9.707000572234392e-05,0.0006109700188972056,0.0003140500048175454,0.017500000074505806,0.08100000023841858,0.09849999845027924,0.000750000006519258,0.0037499999161809683,0.03150000050663948,0.020749999210238457,-0.5218465328216553,-0.07684216648340225,0.004175608977675438,-0.9917592406272888,0.0
5,4005,-0.3447617335189109,-0.45353185736780793,-0.20276173351891089,-0.10653185736780796,0.22904444375236177,0.10122146523818443,0.35756462812423706,0.4374709725379944,-1.0,0.8325581550598145,0.6152542233467102,-0.01600000075995922,-0.003874999936670065,0.007249999791383743,-0.0013749999925494194,0.0,-5.7100000958598685e-06,0.00022840000747237355,8.565000462112948e-05,0.0005000000237487257,0.027499999850988388,0.02800000086426735,0.0,-0.0002500000118743628,0.015250000171363354,0.0044999998062849045,-0.8299622535705566,-0.3041245937347412,0.6440799236297607,0.8272947072982788,-0.18409044
6,4006,-0.3451718159471017,-0.45205493464889196,-0.20317181594710174,-0.10505493464889198,0.22872543822086328,0.10154488289719879,0.36101922392845154,0.43469175696372986,-1.0,0.8325581550598145,0.6152542233467102,-0.012625000439584255,-0.0008750000270083547,0.009750000201165676,-0.000375000003259629,9.707000572234392e-05,7.994000043254346e-05,0.0006966200307942927,0.000616680015809834,0.01549999974668026,0.11500000208616257,0.13050000369548798,0.000750000006519258,0.0012499999720603228,0.03424999862909317,0.03350000083446503,-0.39037495851516724,-0.6494613885879517,-0.9355514645576477,-0.8924279808998108,0.0
7,4007,-0.3431216802124505,-0.4529950434221589,-0.2011216802124505,-0.10599504342215893,0.22734308760449384,0.10295833614373906,0.3600655496120453,0.4371950328350067,-1.0,0.8325581550598145,0.6152542233467102,-0.019500000402331352,-0.012249999679625034,0.00774999987334013,-0.0017500000540167093,0.0,0.0,8.565000462112948e-05,7.423000351991504e-05,0.0,0.014000000432133675,0.014000000432133675,0.0,-0.0002500000118743628,0.0032500000670552254,0.003000000026077032,-0.350167453289032,0.6125156879425049,0.9777596592903137,-0.6808747053146362,-0.066020094
8,4008,-0.34410105619479237,-0.44754471764469156,-0.20210105619479238,-0.10054471764469158,0.22573009804033972,0.104632509181555,0.3648332953453064,0.4356016218662262,-1.0,0.8325581550598145,0.6152542233467102,-0.01587500050663948,-0.0008750000270083547,0.021250000223517418,-0.014999999664723873,7.994000043254346e-05,0.0,0.0001884299999801442,8.565000462112948e-05,0.007000000216066837,0.024000000208616257,0.03099999949336052,0.0002500000118743628,-0.0002500000118743628,0.012749999761581421,0.004000000189989805,-0.924893319606781,0.2822337746620178,0.7848504185676575,0.8287599086761475,0.0
9,4009,-0.34281262307177596,-0.4480842781155845,-0.20081262307177597,-0.10108427811558451,0.2248193516295161,0.10558979862618255,0.36255568265914917,0.4448394477367401,-1.0,0.8325581550598145,0.6152542233467102,-0.032875001430511475,0.0043750000186264515,0.02449999935925007,-0.014000000432133675,0.0,0.0,0.0007194600184448063,0.0006223900127224624,0.0,0.11749999970197678,0.11749999970197678,-0.0002500000118743628,-0.0002500000118743628,0.03550000116229057,0.032999999821186066,-0.529079258441925,0.10017087310552597,-0.7776809930801392,-0.7522624731063843,-0.09946901
10,4010,-0.3344687571339216,-0.4574655503468603,-0.19246875713392161,-0.11046555034686034,0.221916336230822,0.10870001332083291,0.36555203795433044,0.4439249634742737,-1.0,0.8325581550598145,0.6152542233467102,-0.029249999672174454,0.00800000037997961,0.023749999701976776,-0.014999999664723873,9.707000572234392e-05,0.0,0.0001256200048374012,0.00010848999954760075,0.008500000461935997,0.020500000566244125,0.028999999165534973,0.0,0.0,0.00800000037997961,0.007000000216066837,0.5104315876960754,-0.4189211130142212,0.43586671352386475,0.5336170792579651,-0.07427054
11,4011,-0.3454362741624978,-0.44873450799722997,-0.2034362741624978,-0.10173450799723,0.22745599082582418,0.10284215846211824,0.38495638966560364,0.4280245006084442,-1.0,0.8325581550598145,0.6152542233467102,-0.020250000059604645,0.010250000283122063,0.024000000208616257,-0.014999999664723873,0.00010278000263497233,8.565000462112948e-05,0.00041112001053988934,0.0004682200087700039,0.016499999910593033,0.07699999958276749,0.09350000321865082,0.0010000000474974513,0.003000000026077032,0.023749999701976776,0.027000000700354576,-0.5343710780143738,-0.9163997769355774,-0.9808309078216553,0.3355468809604645,0.0
12,4012,-0.34826365001056825,-0.44806366579692014,-0.20626365001056826,-0.10106366579692017,0.22969231127748654,0.10056780395240306,0.3594505190849304,0.4428228735923767,-1.0,0.8325581550598145,0.6152542233467102,-0.029625000432133675,-0.005375000182539225,0.014999999664723873,-0.007000000216066837,2.8550000934046693e-05,6.851999933132902e-05,9.707000572234392e-05,0.0003825699968729168,0.008500000461935997,0.041999999433755875,0.05050000175833702,-0.0002500000118743628,0.0,0.004999999888241291,0.023499999195337296,-0.9742580652236938,-0.10102764517068863,0.3573223352432251,0.9365516901016235,-0.14091098
13,4013,-0.3460365350886811,-0.44918497595012274,-0.2040365350886811,-0.10218497595012277,0.22819438415728327,0.1020855755385936,0.3528752326965332,0.44395989179611206,-1.0,0.8325581550598145,0.6152542233467102,-0.026249999180436134,-0.00712500000372529,0.014750000089406967,-0.0024999999441206455,9.13600015337579e-05,0.0,0.0003026300109922886,0.0011705500073730946,0.00800000037997961,0.1289999932050705,0.13699999451637268,0.0005000000237487257,-0.0002500000118743628,0.01875000074505806,0.0494999997317791,0.18041154742240906,0.6940882205963135,0.05366138368844986,-0.7682753801345825,0.0
14,4014,-0.33599536838398925,-0.4608352818459987,-0.19399536838398926,-0.11383528184599873,0.22492815374558534,0.10547497716634004,0.35805457830429077,0.44205936789512634,-1.0,0.8325581550598145,0.6152542233467102,-0.022874999791383743,0.005874999798834324,0.014750000089406967,-0.0024999999441206455,9.707000572234392e-05,0.0,0.0003368900215718895,0.0003140500048175454,0.008500000461935997,0.05700000002980232,0.06549999862909317,0.0005000000237487257,-0.0002500000118743628,0.020749999210238457,0.020749999210238457,0.9835984706878662,-0.44032523036003113,-0.6185247898101807,0.9894585609436035,-0.07683903
15,4015,-0.3331070118909104,-0.4642685871819682,-0.19110701189091042,-0.1172685871819682,0.22421822301839664,0.10622644071791278,0.38140612840652466,0.4223130941390991,-1.0,0.8325581550598145,0.6152542233467102,-0.004875000100582838,0.006624999921768904,0.007375000044703484,0.003375000087544322,0.00013133000175002962,0.00010848999954760075,0.0001827200030675158,0.0010392200201749802,0.020999999716877937,0.10700000077486038,0.12800000607967377,0.0012499999720603228,0.005750000011175871,0.012500000186264515,0.04600000008940697,0.002619439270347357,-0.10060994327068329,-0.9594099521636963,0.9182252287864685,0.0
16,4016,-0.34386119662674036,-0.455845403300753,-0.20186119662674037,-0.10884540330075304,0.22933657476138233,0.10092619744481664,0.38812321424484253,0.4164939224720001,-1.0,0.8325581550598145,0.6152542233467102,-0.004875000100582838,0.006500000134110451,-0.010874999687075615,0.021124999970197678,0.0001256200048374012,8.565000462112948e-05,0.0001884299999801442,0.000982120051048696,0.01850000023841858,0.10249999910593033,0.12099999934434891,0.0012499999720603228,0.0022499999031424522,0.013249999843537807,0.04475000128149986,-0.7765436172485352,0.309460312128067,-0.2444148063659668,0.13477258384227753,0.0
17,4017,-0.3524138001868202,-0.4523210308908037,-0.21041380018682024,-0.10532103089080375,0.23530084329844791,0.09508268162713404,0.36311349272727966,0.43077051639556885,-1.0,0.8325581550598145,0.6152542233467102,-0.01887499913573265,0.010625000111758709,-0.013375000096857548,0.024000000208616257,9.13600015337579e-05,9.707000572234392e-05,0.00014275001012720168,0.0009592800051905215,0.016499999910593033,0.09650000184774399,0.11299999803304672,0.0002500000118743628,0.005499999970197678,0.00925000011920929,0.04399999976158142,0.6563477516174316,-0.9813185334205627,0.10641723871231079,0.9591978192329407,0.0
18,4018,-0.35342393792452376,-0.45342187711468057,-0.21142393792452377,-0.1064218771146806,0.2366974808825076,0.0937639515354937,0.3432237207889557,0.43674400448799133,-1.0,0.8325581550598145,0.6152542233467102,-0.007000000216066837,-0.005125000141561031,-0.016625000163912773,0.030375000089406967,0.00010848999954760075,7.994000043254346e-05,0.0003026300109922886,0.0019014300778508186,0.016499999910593033,0.19300000369548798,0.2094999998807907,0.0010000000474974513,0.0002500000118743628,0.019500000402331352,0.06700000166893005,0.41416865587234497,-0.8132896423339844,0.5520946979522705,-0.6519977450370789,0.0
19,4019,-0.3536443831581009,-0.4522801269451947,-0.21164438315810088,-0.10528012694519473,0.2363836924408478,0.09405863407593651,0.3408745527267456,0.4348781704902649,-1.0,0.8325581550598145,0.6152542233467102,0.0008750000270083547,-0.019999999552965164,-0.016625000163912773,0.030375000089406967,9.13600015337579e-05,0.0,0.0008736300515010953,0.000925020023714751,0.00800000037997961,0.1574999988079071,0.1655000001192093,0.000750000006519258,-0.0002500000118743628,0.03999999910593033,0.042750000953674316,-0.40264466404914856,-0.3019479513168335,-0.20721526443958282,0.24314725399017334,-0.060233757
20,4020,-0.35510371319211237,-0.45382628823331367,-0.21310371319211238,-0.1068262882333137,0.2383800504110466,0.09219950620662341,0.34036189317703247,0.4368133544921875,-1.0,0.8325581550598145,0.6152542233467102,-0.006124999839812517,-0.016499999910593033,-0.016625000163912773,0.030375000089406967,0.0,7.423000351991504e-05,0.0006281000096350908,0.0012562000192701817,0.006500000134110451,0.16500000655651093,0.17149999737739563,-0.0002500000118743628,0.0002500000118743628,0.032249998301267624,0.051750000566244125,-0.5946272611618042,-0.9157846570014954,-0.8029232025146484,0.5704906582832336,-0.09535528
21,4021,-0.35596906593653393,-0.45314598338037426,-0.21396906593653395,-0.10614598338037429,0.2388508550655398,0.0917664468716575,0.3369680941104889,0.4341927170753479,-1.0,0.8325581550598145,0.6152542233467102,-0.0028750000055879354,-0.03350000083446503,-0.023624999448657036,0.0364999994635582,8.565000462112948e-05,0.0,0.000245530012762174,0.0016330600483343005,0.007499999832361937,0.16449999809265137,0.1720000058412552,0.000750000006519258,0.0,0.016249999403953552,0.060750000178813934,0.12027798593044281,0.5683397054672241,0.2765613794326782,-0.5888967514038086,0.0
22,4022,-0.3460225511439122,-0.4586717320416361,-0.20402255114391224,-0.11167173204163611,0.2325849890092851,0.09770037417613817,0.3349556624889374,0.4353457987308502,-1.0,0.8325581550598145,0.6152542233467102,-0.0006249999860301614,-0.022749999538064003,-0.023499999195337296,0.0364999994635582,9.707000572234392e-05,0.0,0.0004682200087700039,0.0007879800396040082,0.008500000461935997,0.10999999940395355,0.1185000017285347,0.000750000006519258,-0.0002500000118743628,0.026249999180436134,0.038750000298023224,-0.4362857937812805,0.9821910262107849,0.06328082084655762,0.5059401988983154,0.0
23,4023,-0.338640816589031,-0.46388386645930874,-0.19664081658903101,-0.11688386645930876,0.22875630917480388,0.10151353986136652,0.35808709263801575,0.4259801208972931,-1.0,0.8325581550598145,0.6152542233467102,-0.008375000208616257,-0.006624999921768904,-0.023499999195337296,0.0364999994635582,8.565000462112948e-05,9.13600015337579e-05,0.0005196100100874901,0.0014903100673109293,0.01549999974668026,0.17599999904632568,0.1914999932050705,0.0,0.0042500002309679985,0.02850000001490116,0.057500001043081284,0.7406542897224426,0.721755862236023,-0.048166241496801376,0.9461637735366821,0.0
24,4024,-0.3187828727628449,-0.4759501214875017,-0.1767828727628449,-0.12895012148750173,0.2188157168347961,0.11212318249709677,0.37525391578674316,0.4171459972858429,-1.0,0.8325581550598145,0.6152542233467102,0.0035000001080334187,0.0011249999515712261,-0.023749999701976776,0.03974999859929085,0.0002797899942379445,0.00022840000747237355,0.00047964000259526074,0.0028207399882376194,0.04450000077486038,0.289000004529953,0.3334999978542328,0.004000000189989805,0.01575000025331974,0.027249999344348907,0.08624999970197678,0.4745372533798218,0.6290053129196167,-0.9621893763542175,-0.854671061038971,0.0
25,4025,-0.3112284165009178,-0.4827396343110261,-0.16922841650091783,-0.13573963431102615,0.21694124843906293,0.11424471775247816,0.4214351773262024,0.39669471979141235,-1.0,0.8325581550598145,0.6152542233467102,0.011250000447034836,0.005750000011175871,-0.03200000151991844,0.04337500035762787,0.0005081900162622333,0.0005538699915632606,0.00011420000373618677,0.0010620600078254938,0.09300000220537186,0.10300000011920929,0.19599999487400055,0.0062500000931322575,0.029999999329447746,0.00774999987334013,0.04699999839067459,0.8711190819740295,0.9837996959686279,0.25529956817626953,0.06107991561293602,0.0
26,4026,-0.29185291765739063,-0.4945470765555095,-0.14985291765739064,-0.14754707655550953,0.21029987334877331,0.12208976409959518,0.43900367617607117,0.3851870596408844,-1.0,0.8325581550598145,0.6152542233467102,0.024000000208616257,0.00937500037252903,-0.03200000151991844,0.04337500035762787,0.0013818200677633286,0.0016102200606837869,0.00022840000747237355,0.001119159976951778,0.2619999945163727,0.11800000071525574,0.3799999952316284,0.013249999843537807,0.05950000137090683,0.017249999567866325,0.04924999922513962,-0.5004566311836243,-0.43498849868774414,-0.9093966484069824,-0.7814042568206787,0.0
27,4027,-0.32379919359452597,-0.4748183060231329,-0.18179919359452598,-0.12781830602313293,0.222235159563565,0.10835400418768995,0.48406296968460083,0.36517444252967834,-1.0,0.8325581550598145,0.6152542233467102,0.020375000312924385,0.009624999947845936,-0.04112499952316284,0.04387500137090683,0.0001541700039524585,0.0009706999990157783,7.994000043254346e-05,0.00026837000041268766,0.09849999845027924,0.030500000342726707,0.1289999932050705,0.0017500000540167093,0.042750000953674316,0.001500000013038516,0.01899999938905239,-0.98114413022995,-0.6938512325286865,-0.412394255399704,0.8116031885147095,0.0
28,4028,-0.3539898754489695,-0.4546968040047617,-0.2119898754489695,-0.10769680400476173,0.2377778561719103,0.09275640143407408,0.40976932644844055,0.3986130356788635,-1.0,0.8325581550598145,0.6152542233467102,0.0022499999031424522,0.010125000029802322,-0.0507499985396862,0.05612500011920929,0.00011991000064881518,0.00023411000438500196,0.00010278000263497233,0.0003768599999602884,0.03099999949336052,0.041999999433755875,0.0729999989271164,0.0012499999720603228,0.01575000025331974,0.005499999970197678,0.02474999986588955,-0.8198643326759338,-0.7166112065315247,0.06605570763349533,0.6212493181228638,0.0
29,4029,-0.3299912748210363,-0.4697598972524353,-0.1879912748210363,-0.1227598972524353,0.22452329897421977,0.10590286321809579,0.3395584225654602,0.43271729350090027,-1.0,0.8325581550598145,0.6152542233467102,-0.012625000439584255,0.0042500002309679985,-0.052000001072883606,0.061000000685453415,9.13600015337579e-05,7.423000351991504e-05,0.0001484600070398301,0.0007765600457787514,0.014499999582767487,0.08100000023841858,0.09549999982118607,0.0005000000237487257,0.000750000006519258,0.010250000283122063,0.03824999928474426,-0.12706203758716583,0.7824990749359131,-0.2985210418701172,-0.6289924383163452,0.0
30,4030,-0.3610090840952427,-0.4460957876759766,-0.2190090840952427,-0.0990957876759766,0.2403850121188077,0.09036934968899317,0.39536914229393005,0.4071866273880005,-1.0,0.8325581550598145,0.6152542233467102,-0.014999999664723873,0.012500000186264515,-0.054999999701976776,0.061124999076128006,8.565000462112948e-05,0.00019985000835731626,9.707000572234392e-05,0.0001884299999801442,0.02500000037252903,0.02500000037252903,0.05000000074505806,0.0005000000237487257,0.013500000350177288,0.005249999929219484,0.014499999582767487,-0.8147465586662292,-0.9104712009429932,0.769506573677063,-0.9517031908035278,0.0
31,4031,-0.3433457804335191,-0.4621817109042896,-0.2013457804335191,-0.11518171090428964,0.23196325102313564,0.09830970677827348,0.3232346773147583,0.44729527831077576,-1.0,0.8325581550598145,0.6152542233467102,-0.029999999329447746,0.0022499999031424522,-0.04312499985098839,0.04912500083446503,8.565000462112948e-05,6.851999933132902e-05,0.0001541700039524585,6.851999933132902e-05,0.013500000350177288,0.019500000402331352,0.032999999821186066,0.0,0.0,0.010250000283122063,0.003000000026077032,0.46171194314956665,-0.7548394203186035,-0.6256696581840515,-0.25901564955711365,0.0
32,4032,-0.3394893235437964,-0.46418071293755003,-0.19748932354379642,-0.11718071293755006,0.22963743683976884,0.10062300511362522,0.36431214213371277,0.42003101110458374,-1.0,0.8325581550598145,0.6152542233467102,-0.0215000007301569,-0.011749999597668648,-0.04987499862909317,0.04600000008940697,8.565000462112948e-05,0.0,7.423000351991504e-05,0.0,0.007499999832361937,0.006500000134110451,0.014000000432133675,0.0002500000118743628,-0.0002500000118743628,0.0005000000237487257,-0.0002500000118743628,-0.007355318870395422,-0.6089540719985962,-0.6383264660835266,-0.6414629220962524,-0.19805005
33,4033,-0.3141431868530354,-0.4830275206150375,-0.1721431868530354,-0.13602752061503753,0.21940091874145268,0.11146895164809252,0.3732806444168091,0.41664284467697144,-1.0,0.8325581550598145,0.6152542233467102,-0.0215000007301569,-0.008375000208616257,-0.061500001698732376,0.04899999871850014,0.0,7.994000043254346e-05,0.0,6.851999933132902e-05,0.007000000216066837,0.006000000052154064,0.013000000268220901,0.0,0.0005000000237487257,0.0,0.0012499999720603228,-0.7616007924079895,-0.06349246203899384,0.6238542795181274,-0.9588611721992493,-0.1153921
34,4034,-0.32486123997278715,-0.475094323133596,-0.18286123997278717,-0.12809432313359603,0.223263048226614,0.10724595019933209,0.43222513794898987,0.38469910621643066,-1.0,0.8325581550598145,0.6152542233467102,-0.017999999225139618,-0.00912499986588955,-0.05000000074505806,0.03150000050663948,9.13600015337579e-05,0.0,7.423000351991504e-05,6.28100024187006e-05,0.00800000037997961,0.012000000104308128,0.019999999552965164,0.0005000000237487257,-0.0002500000118743628,0.0002500000118743628,0.0005000000237487257,0.8406086564064026,0.22908233106136322,0.2690613865852356,0.7336537837982178,0.0
35,4035,-0.2984609882259809,-0.49796561608632756,-0.1564609882259809,-0.15096561608632758,0.2174181640916301,0.11370116398803067,0.4072994291782379,0.39814522862434387,-1.0,0.8325581550598145,0.6152542233467102,-0.002624999964609742,-0.008375000208616257,-0.045875001698732376,0.0430000014603138,0.0001256200048374012,0.00011420000373618677,7.994000043254346e-05,9.13600015337579e-05,0.020999999716877937,0.014999999664723873,0.035999998450279236,0.0012499999720603228,0.006750000175088644,0.0020000000949949026,0.004999999888241291,0.40558168292045593,-0.42003756761550903,-0.6314623355865479,0.3089274764060974,0.0
36,4036,-0.3411608345478901,-0.46687492340541076,-0.1991608345478901,-0.11987492340541078,0.23245437246751277,0.09782807040422933,0.46869537234306335,0.359380304813385,-1.0,0.8325581550598145,0.6152542233467102,0.004749999847263098,-0.013500000350177288,-0.05662500113248825,0.04899999871850014,0.0001256200048374012,7.423000351991504e-05,0.0,7.994000043254346e-05,0.017500000074505806,0.007000000216066837,0.02449999935925007,0.001500000013038516,0.0012499999720603228,0.0,0.0044999998062849045,-0.8521242141723633,0.1786596179008484,0.13382607698440552,0.394817590713501,-0.007940872
37,4037,-0.3489368675550725,-0.4589355437823379,-0.20693686755507254,-0.11193554378233794,0.2352709780558438,0.09511108254146641,0.36939340829849243,0.4120764136314392,-1.0,0.8325581550598145,0.6152542233467102,-0.010374999605119228,-0.011250000447034836,-0.05550000071525574,0.05362499877810478,9.13600015337579e-05,8.565000462112948e-05,0.00010278000263497233,0.00013133000175002962,0.01549999974668026,0.020500000566244125,0.035999998450279236,0.0,0.0032500000670552254,0.005249999929219484,0.009999999776482582,-0.3589850664138794,0.804953396320343,0.9751797318458557,0.9768427610397339,0.0
38,4038,-0.3670838160731857,-0.4437215559624981,-0.2250838160731857,-0.09672155596249815,0.24498527230401904,0.08630629649236281,0.351309597492218,0.4255329668521881,-1.0,0.8325581550598145,0.6152542233467102,-0.017124999314546585,0.0017500000540167093,-0.05037499964237213,0.05849999934434891,8.565000462112948e-05,0.00011991000064881518,0.0006052600219845772,0.0007194600184448063,0.017999999225139618,0.11599999666213989,0.1340000033378601,0.0002500000118743628,0.007249999791383743,0.03150000050663948,0.03674999997019768,-0.9395807981491089,-0.4284754693508148,-0.9860222935676575,0.9901021718978882,0.0
39,4039,-0.34926194008667655,-0.4590599343575672,-0.20726194008667656,-0.11205993435756723,0.23561608751678095,0.0947834109352884,0.30910739302635193,0.4513193964958191,-1.0,0.8325581550598145,0.6152542233467102,-0.03437500074505806,-0.0024999999441206455,-0.05974999815225601,0.06949999928474426,0.0,0.0,0.00019414001144468784,0.001233360031619668,0.0,0.125,0.125,-0.0002500000118743628,-0.0002500000118743628,0.013500000350177288,0.051750000566244125,-0.875671923160553,-0.41612252593040466,-0.9090577363967896,-0.36351123452186584,-0.20301534
40,4040,-0.3696411314638256,-0.44402653163235606,-0.2276411314638256,-0.09702653163235608,0.24745632458018796,0.08419975682502356,0.35055363178253174,0.42532214522361755,-1.0,0.8325581550598145,0.6152542233467102,-0.03125,-0.0012499999720603228,-0.07225000113248825,0.07774999737739563,0.00011420000373618677,9.707000572234392e-05,9.707000572234392e-05,0.00032546999864280224,0.01850000023841858,0.03700000047683716,0.05550000071525574,0.0010000000474974513,0.004749999847263098,0.0044999998062849045,0.02174999937415123,-0.14114460349082947,-0.837067186832428,0.7983816862106323,0.06025739386677742,0.0
41,4041,-0.3583383936411975,-0.45451986958493934,-0.21633839364119753,-0.10751986958493936,0.24158398729803285,0.08929231321890944,0.303160160779953,0.4508024752140045,-1.0,0.8325581550598145,0.6152542233467102,-0.033250000327825546,-0.014375000260770321,-0.0702499970793724,0.07762499898672104,0.0,0.0,0.0005767100374214351,0.0003825699968729168,0.0,0.08399999886751175,0.08399999886751175,-0.0002500000118743628,-0.0002500000118743628,0.030249999836087227,0.024250000715255737,0.43409398198127747,0.25157397985458374,-0.7582354545593262,-0.39319655299186707,0.0
42,4042,-0.35308237103902396,-0.459010045141819,-0.21108237103902397,-0.112010045141819,0.23896028451633655,0.09166608227705787,0.32944560050964355,0.43301716446876526,-1.0,0.8325581550598145,0.6152542233467102,-0.025624999776482582,-0.011125000193715096,-0.07175000011920929,0.07774999737739563,9.13600015337579e-05,8.565000462112948e-05,9.707000572234392e-05,0.0001256200048374012,0.01549999974668026,0.019500000402331352,0.03500000014901161,0.000750000006519258,0.0024999999441206455,0.004999999888241291,0.009499999694526196,0.156402125954628,0.5174485445022583,0.39096155762672424,0.18125870823860168,0.0
43,4043,-0.34144719233024234,-0.4648318391262367,-0.19944719233024236,-0.11783183912623674,0.23165389019027507,0.09861430942365482,0.34166890382766724,0.42540669441223145,-1.0,0.8325581550598145,0.6152542233467102,-0.023125000298023224,-0.0031250000465661287,-0.07175000011920929,0.07774999737739563,0.00013133000175002962,0.00010848999954760075,0.000308340007904917,0.00022840000747237355,0.020999999716877937,0.04699999839067459,0.06800000369548798,0.001500000013038516,0.005750000011175871,0.019500000402331352,0.016249999403953552,0.6715681552886963,0.3836165964603424,0.3555036187171936,0.8666834831237793,0.0
44,4044,-0.34821412642969407,-0.46111453274983705,-0.20621412642969408,-0.11411453274983707,0.23568282186844994,0.09472017894158817,0.368727445602417,0.4155392646789551,-1.0,0.8325581550598145,0.6152542233467102,-0.011250000447034836,-0.0005000000237487257,-0.07100000232458115,0.07912500202655792,0.0001884299999801442,0.0002169799990952015,0.0005995500250719488,0.0010278000263497233,0.03550000116229057,0.14249999821186066,0.17800000309944153,0.002749999985098839,0.014750000089406967,0.03125,0.04600000008940697,-0.3599472641944885,0.6684703230857849,0.02598797157406807,0.8886100053787231,0.0
45,4045,-0.36007753964459294,-0.44984475917461875,-0.21807753964459295,-0.10284475917461877,0.24111171225621608,0.08971501590246479,0.35299038887023926,0.42183977365493774,-1.0,0.8325581550598145,0.6152542233467102,-0.017000000923871994,0.008999999612569809,-0.07112500071525574,0.0833749994635582,0.00010848999954760075,0.0003197600017301738,0.000616680015809834,0.002523820148780942,0.03750000149011612,0.2750000059604645,0.3125,0.0010000000474974513,0.020749999210238457,0.032249998301267624,0.07074999809265137,-0.44569072127342224,-0.43615102767944336,0.9366819858551025,-0.9081301689147949,0.0
46,4046,-0.35817727652561626,-0.45592427168009475,-0.21617727652561627,-0.10892427168009478,0.24206840323981124,0.08886081299063572,0.32540106773376465,0.44094109535217285,-1.0,0.8325581550598145,0.6152542233467102,-0.02487500011920929,0.00925000011920929,-0.06987500190734863,0.0833749994635582,7.994000043254346e-05,9.707000572234392e-05,0.001781520084477961,0.0007080400246195495,0.01549999974668026,0.21799999475479126,0.23350000381469727,0.0002500000118743628,0.004000000189989805,0.06475000083446503,0.03674999997019768,0.979048490524292,-0.7814844846725464,0.016076162457466125,0.3161202669143677,0.0
47,4047,-0.3527153489105199,-0.45758587493094394,-0.21071534891051993,-0.11058587493094396,0.2379709940323075,0.09257742659468526,0.32982027530670166,0.43063682317733765,-1.0,0.8325581550598145,0.6152542233467102,-0.007375000044703484,-0.0042500002309679985,-0.06987500190734863,0.0833749994635582,0.0001541700039524585,8.565000462112948e-05,0.001781520084477961,0.0011134500382468104,0.020999999716877937,0.2535000145435333,0.2745000123977661,0.0017500000540167093,0.0017500000540167093,0.06525000184774399,0.048500001430511475,-0.6152417659759521,0.8223549127578735,0.547531247138977,-0.185626819729805,-0.030013474
48,4048,-0.3628763074444793,-0.4487658270811302,-0.2208763074444793,-0.10176582708113024,0.24319257133353117,0.087867462011794,0.34252244234085083,0.4278205633163452,-1.0,0.8325581550598145,0.6152542233467102,-0.0182499997317791,0.005125000141561031,-0.06987500190734863,0.0833749994635582,8.565000462112948e-05,0.0001884299999801442,0.0021983501501381397,0.0008793400484137237,0.024000000208616257,0.2694999873638153,0.29350000619888306,0.0005000000237487257,0.013749999925494194,0.07625000178813934,0.041749998927116394,-0.5290842652320862,-0.6089028716087341,-0.5085074305534363,-0.7926430702209473,0.0
49,4049,-0.36749888558120597,-0.444399464419761,-0.22549888558120598,-0.09739946441976105,0.24563469434838012,0.085747620423551,0.31889230012893677,0.4427697956562042,-1.0,0.8325581550598145,0.6152542233467102,-0.02787500061094761,0.0006249999860301614,-0.06975000351667404,0.08162499964237213,9.13600015337579e-05,7.423000351991504e-05,0.0014788900734856725,0.00021127000218257308,0.014499999582767487,0.14800000190734863,0.16249999403953552,0.0,0.0,0.05700000002980232,0.01575000025331974,-0.28445467352867126,0.11020095646381378,0.761850118637085,0.944084882736206,0.0
50,4050,-0.3629013113035646,-0.44900470138855575,-0.22090131130356463,-0.10200470138855577,0.24331532718060078,0.08775966574115196,0.30814212560653687,0.4501703977584839,-1.0,0.8325581550598145,0.6152542233467102,-0.032999999821186066,0.000750000006519258,-0.06650000065565109,0.08162499964237213,0.0,9.707000572234392e-05,0.0023182600270956755,0.0012105200439691544,0.008500000461935997,0.3089999854564667,0.3174999952316284,-0.0002500000118743628,0.0037499999161809683,0.07900000363588333,0.050999999046325684,0.5626890659332275,-0.385942667722702,0.14226333796977997,-0.9537322521209717,-0.005747439
51,4051,-0.366776501048765,-0.445553413477947,-0.22477650104876504,-0.09855341347794705,0.24543278251260703,0.08592092992539874,0.3188341557979584,0.442364901304245,-1.0,0.8325581550598145,0.6152542233467102,-0.023250000551342964,-0.004625000059604645,-0.06624999642372131,0.07987499982118607,0.00011420000373618677,7.994000043254346e-05,0.002438170136883855,0.00026266000350005925,0.017000000923871994,0.23649999499320984,0.2535000145435333,0.0012499999720603228,0.0002500000118743628,0.08150000125169754,0.01875000074505806,-0.8532554507255554,-0.4023132920265198,0.030816510319709778,0.7767965793609619,-0.01208165
52,4052,-0.36793897853848073,-0.4442053130146307,-0.22593897853848074,-0.0972053130146307,0.24596197856840474,0.08546744073490767,0.30982208251953125,0.4482145607471466,-1.0,0.8325581550598145,0.6152542233467102,-0.038624998182058334,-0.011749999597668648,-0.06624999642372131,0.07999999821186066,8.565000462112948e-05,-7.994000043254346e-05,0.002284000162035227,0.0010848999954760075,0.014499999582767487,0.29499998688697815,0.3095000088214874,0.0002500000118743628,-0.0005000000237487257,0.07824999839067459,0.04749999940395355,-0.7836021184921265,-0.7955031991004944,-0.31619176268577576,-0.9878344535827637,0.0
53,4053,-0.36567366361287557,-0.44396841297013406,-0.22367366361287558,-0.09696841297013409,0.2437883937105134,0.08734548458440006,0.30711865425109863,0.4504994750022888,-1.0,0.8325581550598145,0.6152542233467102,-0.05312500149011612,-0.026750000193715096,-0.06350000202655792,0.07724999636411667,-3.997000021627173e-05,0.0,0.0015930900117382407,0.00021127000218257308,0.0035000001080334187,0.15800000727176666,0.1615000069141388,0.0,-0.0002500000118743628,0.061000000685453415,0.01600000075995922,-0.726087212562561,-0.5953840017318726,0.7090126872062683,0.4614425599575043,-0.20657656
54,4054,-0.3660327045651702,-0.4439358177783663,-0.2240327045651702,-0.09693581777836635,0.2441049067166522,0.08706946181982443,0.3123868405818939,0.45090100169181824,-1.0,0.8325581550598145,0.6152542233467102,-0.04937500134110451,-0.023250000551342964,-0.06174999848008156,0.07699999958276749,9.13600015337579e-05,8.565000462112948e-05,0.002483850112184882,0.0006223900127224624,0.01549999974668026,0.2720000147819519,0.2874999940395355,0.0,0.0002500000118743628,0.08399999886751175,0.03375000134110451,-0.0035117720253765583,-0.1627063751220703,-0.9050729870796204,-0.3394010365009308,-0.040507298
55,4055,-0.36616240658824933,-0.444246904001258,-0.22416240658824935,-0.09724690400125802,0.2443475902587654,0.0868584147576049,0.3115518391132355,0.450956255197525,-1.0,0.8325581550598145,0.6152542233467102,-0.04937500134110451,-0.025875000283122063,-0.06174999848008156,0.07699999958276749,9.13600015337579e-05,-7.423000351991504e-05,0.0017301300540566444,0.000308340007904917,0.014499999582767487,0.1784999966621399,0.19300000369548798,0.0,-0.0005000000237487257,0.06525000184774399,0.021250000223517418,-0.9576484560966492,-0.9765014052391052,-0.9781296849250793,-0.05922447890043259,0.0
56,4056,-0.3654688063447666,-0.4441572675851277,-0.2234688063447666,-0.09715726758512772,0.24367569032171205,0.08744398139969002,0.3112502098083496,0.45042896270751953,-1.0,0.8325581550598145,0.6152542233467102,-0.06712500005960464,-0.0442500002682209,-0.06174999848008156,0.07699999958276749,0.0,0.0,0.0005024800193496048,0.0002797899942379445,0.0,0.06849999725818634,0.06849999725818634,-0.0002500000118743628,-0.0002500000118743628,0.028750000521540642,0.01924999989569187,0.7636874914169312,-0.23843234777450562,0.5849176645278931,0.24046698212623596,-0.052611884
57,4057,-0.36538177912012615,-0.4442472535119302,-0.22338177912012616,-0.0972472535119302,0.24363178683925144,0.08748238078144284,0.31286323070526123,0.450580894947052,-1.0,0.8325581550598145,0.6152542233467102,-0.05312500149011612,-0.04062499850988388,-0.06174999848008156,0.07699999958276749,9.707000572234392e-05,7.423000351991504e-05,0.0011819700011983514,0.0004739300056826323,0.014999999664723873,0.14499999582767487,0.1599999964237213,0.0002500000118743628,0.0,0.05050000175833702,0.02824999950826168,-0.4158291220664978,0.8210172653198242,-0.06816224753856659,0.9658460021018982,0.0
58,4058,-0.36607812401027556,-0.4441443577058406,-0.22407812401027558,-0.09714435770584062,0.244229465654832,0.08696107653849379,0.31306561827659607,0.45042839646339417,-1.0,0.8325581550598145,0.6152542233467102,-0.060750000178813934,-0.02512500062584877,-0.06174999848008156,0.07699999958276749,0.0,0.0,0.0010906100505962968,0.0017244199989363551,0.0,0.24650000035762787,0.24650000035762787,0.0,-0.0002500000118743628,0.04800000041723251,0.06424999982118607,-0.3972143530845642,-0.47673121094703674,-0.82514888048172,-0.8502554297447205,-0.15287347
59,4059,-0.36781181382029865,-0.4437857605606229,-0.22581181382029866,-0.09678576056062294,0.2456795854524984,0.08570913600867336,0.3114462196826935,0.45060276985168457,-1.0,0.8325581550598145,0.6152542233467102,-0.05700000002980232,-0.021375000476837158,-0.06237500160932541,0.07699999958276749,0.0,0.0,0.00028550002025440335,0.0005938400281593204,0.0,0.07699999958276749,0.07699999958276749,0.0,-0.0002500000118743628,0.01850000023841858,0.032499998807907104,-0.9985467195510864,-0.3518044948577881,-0.9484002590179443,-0.9728890657424927,-0.21004215
60,4060,-0.364618812748689,-0.45107496194287433,-0.22261881274868903,-0.10407496194287436,0.2457452613847246,0.08565286421513182,0.30741438269615173,0.4512105882167816,-1.0,0.8325581550598145,0.6152542233467102,-0.05324999988079071,-0.017625000327825546,-0.07137499749660492,0.07400000095367432,0.0,0.0,7.423000351991504e-05,6.851999933132902e-05,0.0,0.012500000186264515,0.012500000186264515,0.0,-0.0002500000118743628,0.0010000000474974513,0.0022499999031424522,0.8373638391494751,0.27131929993629456,-0.9331939816474915,0.8053808212280273,0.0
61,4061,-0.35852471019908766,-0.45702949776264234,-0.21652471019908767,-0.11002949776264237,0.24287741868007867,0.08814481546366815,0.3148399591445923,0.43885600566864014,-1.0,0.8325581550598145,0.6152542233467102,-0.0377499982714653,-0.012625000439584255,-0.08874999731779099,0.08924999833106995,8.565000462112948e-05,0.0,7.423000351991504e-05,6.28100024187006e-05,0.007499999832361937,0.012000000104308128,0.019500000402331352,0.0002500000118743628,-0.0002500000118743628,0.0010000000474974513,0.0017500000540167093,0.7347577810287476,-0.7331926822662354,0.5724310874938965,0.706300675868988,-0.11198313
62,4062,-0.3159528449913396,-0.4887832925200488,-0.1739528449913396,-0.14178329252004884,0.22441500466414174,0.10601761211521948,0.32901230454444885,0.42876356840133667,-1.0,0.8325581550598145,0.6152542233467102,-0.02437499910593033,-0.011749999597668648,-0.08637499809265137,0.09200000017881393,0.00010848999954760075,0.00010278000263497233,0.00026266000350005925,0.0003368900215718895,0.01850000023841858,0.05249999836087227,0.07100000232458115,0.0010000000474974513,0.005499999970197678,0.017500000074505806,0.02250000089406967,0.6061124801635742,0.0971345454454422,-0.4659019112586975,-0.9653835296630859,0.0
63,4063,-0.3395796577672313,-0.4716789135609928,-0.19757965776723133,-0.12467891356099281,0.2336290920458447,0.09668558852542959,0.42801663279533386,0.3749435842037201,-1.0,0.8325581550598145,0.6152542233467102,-0.013249999843537807,-0.010125000029802322,-0.08624999970197678,0.08487500250339508,0.00011420000373618677,0.00010848999954760075,7.423000351991504e-05,6.28100024187006e-05,0.019500000402331352,0.012000000104308128,0.03150000050663948,0.0012499999720603228,0.005750000011175871,0.0,0.000750000006519258,0.16435442864894867,-0.14725124835968018,-0.20714864134788513,0.7311270236968994,-0.04885784
64,4064,-0.3200305861139934,-0.4867361250880363,-0.1780305861139934,-0.13973612508803634,0.22632073313488396,0.10401633432576723,0.3730705678462982,0.4039340317249298,-1.0,0.8325581550598145,0.6152542233467102,-0.01075000036507845,-0.010250000283122063,-0.0860000029206276,0.08950000256299973,0.00017130000924225897,7.423000351991504e-05,0.00011420000373618677,0.00026266000350005925,0.0215000007301569,0.032999999821186066,0.054499998688697815,0.0022499999031424522,0.0005000000237487257,0.007000000216066837,0.01875000074505806,-0.399331271648407,-0.5418034791946411,-0.9712885022163391,-0.9116223454475403,0.0
65,4065,-0.3022959556826633,-0.4970631751706101,-0.16029595568266333,-0.15006317517061013,0.2195762964222313,0.11127363131010606,0.4185335338115692,0.3784133493900299,-1.0,0.8325581550598145,0.6152542233467102,-0.017000000923871994,-0.020124999806284904,-0.10074999928474426,0.08187499642372131,0.0,7.423000351991504e-05,6.851999933132902e-05,6.28100024187006e-05,0.006500000134110451,0.011500000022351742,0.017999999225139618,0.0,0.0,0.0002500000118743628,0.0,0.6792804002761841,0.8575342893600464,-0.6088900566101074,0.16801831126213074,0.0
66,4066,-0.3097155270977801,-0.4918139096814221,-0.16771552709778012,-0.1448139096814221,0.22158421980571022,0.10906162407113398,0.4597768485546112,0.3609098792076111,-1.0,0.8325581550598145,0.6152542233467102,-0.005375000182539225,-0.009999999776482582,-0.1120000034570694,0.08250000327825546,0.0001598800008650869,0.0001827200030675158,4.568000076687895e-05,8.565000462112948e-05,0.029999999329447746,0.011500000022351742,0.04149999842047691,0.0020000000949949026,0.011749999597668648,0.0,0.004999999888241291,-0.8853689432144165,0.9525332450866699,0.5023598670959473,0.5773683786392212,0.0
67,4067,-0.3005591182512778,-0.49378899909337415,-0.1585591182512778,-0.14678899909337417,0.21607407117805064,0.11523972999130265,0.4425220191478729,0.3698069453239441,-1.0,0.8325581550598145,0.6152542233467102,-0.021375000476837158,0.005874999798834324,-0.10262499749660492,0.0925000011920929,0.00010848999954760075,0.00023411000438500196,0.0,9.707000572234392e-05,0.029999999329447746,0.008500000461935997,0.03849999979138374,0.0010000000474974513,0.01549999974668026,0.0,0.006500000134110451,0.8486848473548889,0.521338701248169,-0.007970149628818035,-0.9358007311820984,-0.02495642
68,4068,-0.31302860023185247,-0.488293717600743,-0.17102860023185248,-0.14129371760074305,0.22184385664404893,0.10877882719984679,0.4638160169124603,0.36645931005477905,-1.0,0.8325581550598145,0.6152542233467102,-0.007499999832361937,0.008999999612569809,-0.0988750010728836,0.0768750011920929,0.00042254000436514616,0.0005253200070001185,0.0,6.851999933132902e-05,0.08299999684095383,0.006000000052154064,0.08900000154972076,0.004999999888241291,0.028750000521540642,0.0,0.002749999985098839,-0.7993770837783813,-0.9755059480667114,-0.5254753232002258,0.7028664946556091,-0.08705704
69,4069,-0.30111761164269324,-0.49468772106550485,-0.15911761164269325,-0.14768772106550487,0.21709462749777417,0.11406962459220839,0.43481719493865967,0.3757733702659607,-1.0,0.8325581550598145,0.6152542233467102,-0.020124999806284904,0.0044999998062849045,-0.09537500143051147,0.08924999833106995,8.565000462112948e-05,7.423000351991504e-05,7.423000351991504e-05,8.565000462112948e-05,0.014000000432133675,0.014000000432133675,0.02800000086426735,0.0005000000237487257,0.0012499999720603228,0.0005000000237487257,0.0042500002309679985,0.059520039707422256,-0.49294406175613403,0.2981241047382355,-0.7527912855148315,0.0
70,4070,-0.368863473038972,-0.44911416844567914,-0.226863473038972,-0.10211416844567917,0.24878572868365442,0.0830878093168839,0.4625171720981598,0.36493605375289917,-1.0,0.8325581550598145,0.6152542233467102,-0.019375000149011612,-0.004124999977648258,-0.08962500095367432,0.07724999636411667,0.00010278000263497233,7.423000351991504e-05,0.0,6.28100024187006e-05,0.01549999974668026,0.005499999970197678,0.020999999716877937,0.0010000000474974513,0.0002500000118743628,0.0,0.0002500000118743628,-0.9186007380485535,-0.9212344884872437,-0.679011344909668,0.6068816184997559,-0.10548137
71,4071,-0.3692631054840979,-0.44767808670999887,-0.22726310548409792,-0.10067808670999889,0.248565074493305,0.08327134846875756,0.3049686551094055,0.4421793818473816,-1.0,0.8325581550598145,0.6152542233467102,-0.035999998450279236,-0.021124999970197678,-0.08762499690055847,0.08574999868869781,0.0,0.0,9.13600015337579e-05,9.13600015337579e-05,0.0,0.01600000075995922,0.01600000075995922,0.0,-0.0002500000118743628,0.0035000001080334187,0.006000000052154064,-0.24424156546592712,-0.7366486191749573,0.047404348850250244,-0.31353190541267395,-0.16570683
72,4072,-0.36663638184569786,-0.4490210682584921,-0.22463638184569787,-0.10202106825849211,0.24671806260857773,0.08482367183972409,0.3040392994880676,0.44461342692375183,-1.0,0.8325581550598145,0.6152542233467102,-0.032249998301267624,-0.017500000074505806,-0.08612500131130219,0.08299999684095383,9.707000572234392e-05,7.423000351991504e-05,8.565000462112948e-05,1.7129999832832254e-05,0.014999999664723873,0.008999999612569809,0.024000000208616257,0.0,0.0,0.0022499999031424522,-0.0002500000118743628,0.3144952654838562,0.01177440956234932,0.8141734600067139,-0.4629286825656891,0.0
73,4073,-0.3138427668546624,-0.4891900845492738,-0.1718427668546624,-0.14219008454927384,0.2230424996820012,0.1074827406045668,0.3101479411125183,0.44233718514442444,-1.0,0.8325581550598145,0.6152542233467102,-0.026499999687075615,-0.017500000074505806,-0.0742499977350235,0.07312499731779099,9.13600015337579e-05,6.851999933132902e-05,0.00013703999866265804,6.851999933132902e-05,0.014000000432133675,0.017999999225139618,0.03200000151991844,0.0002500000118743628,0.0002500000118743628,0.008999999612569809,0.0022499999031424522,0.275844544172287,0.3201298415660858,-0.30550360679626465,-0.21203944087028503,0.0
74,4074,-0.31324225432589636,-0.4894548677795366,-0.17124225432589638,-0.14245486777953664,0.22274940857542191,0.10779822506098814,0.4329237937927246,0.37425410747528076,-1.0,0.8325581550598145,0.6152542233467102,-0.02162499912083149,-0.012749999761581421,-0.07537499815225601,0.0702499970793724,8.565000462112948e-05,8.565000462112948e-05,6.851999933132902e-05,6.851999933132902e-05,0.014999999664723873,0.012000000104308128,0.027000000700354576,0.000750000006519258,0.002749999985098839,0.0,0.0002500000118743628,-0.5672803521156311,-0.3751659393310547,-0.8558129072189331,-0.7760306596755981,0.0
75,4075,-0.31755350606335575,-0.48520408184688024,-0.17555350606335576,-0.13820408184688027,0.22342650185301624,0.1070707959915107,0.434320330619812,0.37380531430244446,-1.0,0.8325581550598145,0.6152542233467102,-0.03175000101327896,-0.0182499997317791,-0.09149999916553497,0.05575000122189522,0.0,0.0,7.423000351991504e-05,5.7100001868093386e-05,0.0,0.011500000022351742,0.011500000022351742,-0.0002500000118743628,-0.0002500000118743628,0.0002500000118743628,0.0002500000118743628,-0.228511780500412,-0.031798530369997025,-0.34726694226264954,0.7070581912994385,-0.07923724
76,4076,-0.3045598310730777,-0.49497412935897617,-0.16255983107307773,-0.1479741293589762,0.21982275050152245,0.11099973056498522,0.4242941737174988,0.3810100257396698,-1.0,0.8325581550598145,0.6152542233467102,-0.02800000086426735,-0.014499999582767487,-0.09787499904632568,0.06887499988079071,0.0,0.0,0.0,6.28100024187006e-05,0.0,0.005499999970197678,0.005499999970197678,-0.0002500000118743628,-0.0002500000118743628,0.0,0.0005000000237487257,0.5071485042572021,-0.7784997224807739,0.46616724133491516,0.3176437020301819,-0.11741997
77,4077,-0.32093441951275914,-0.48595821522201216,-0.17893441951275915,-0.13895821522201218,0.22655443510126907,0.1037735299369114,0.4545120298862457,0.3644506335258484,-1.0,0.8325581550598145,0.6152542233467102,-0.01912499964237213,-0.013000000268220901,-0.08924999833106995,0.07349999994039536,0.00010278000263497233,9.707000572234392e-05,0.0,7.423000351991504e-05,0.017500000074505806,0.006500000134110451,0.024000000208616257,0.0010000000474974513,0.0042500002309679985,0.0,0.003000000026077032,0.03822232410311699,-0.5713953971862793,0.1989263892173767,-0.19571591913700104,-0.00012883365
78,4078,-0.3517146691699979,-0.4658761069549383,-0.2097146691699979,-0.11887610695493833,0.24106383235534026,0.08975798164830705,0.41643157601356506,0.37973183393478394,-1.0,0.8325581550598145,0.6152542233467102,-0.018124999478459358,-0.021375000476837158,-0.08537500351667404,0.07150000333786011,9.13600015337579e-05,0.0,0.0,-6.28100024187006e-05,0.00800000037997961,0.005499999970197678,0.013500000350177288,0.0002500000118743628,-0.0002500000118743628,-0.0002500000118743628,-0.0002500000118743628,0.4352545440196991,-0.7668565511703491,-0.10803227871656418,0.9503648281097412,-0.15298666
79,4079,-0.32273150586623234,-0.4857984218865258,-0.18073150586623235,-0.1387984218865258,0.22787908884069635,0.10240795453304605,0.3448496162891388,0.41376930475234985,-1.0,0.8325581550598145,0.6152542233467102,-0.010374999605119228,-0.020124999806284904,-0.08399999886751175,0.08299999684095383,0.00011420000373618677,0.00010278000263497233,9.13600015337579e-05,0.0001598800008650869,0.01899999938905239,0.02199999988079071,0.04100000113248825,0.0010000000474974513,0.004749999847263098,0.0044999998062849045,0.012249999679625034,0.8425970077514648,0.9146382808685303,0.14225128293037415,-0.3340815305709839,0.0
80,4080,-0.2997311547666906,-0.4977352018782921,-0.1577311547666906,-0.15073520187829215,0.21817474251004215,0.11284417151778062,0.4122523069381714,0.3800026774406433,-1.0,0.8325581550598145,0.6152542233467102,0.004124999977648258,-0.009999999776482582,-0.08387500047683716,0.08212500065565109,0.00025695000658743083,0.0002969200140796602,0.00014275001012720168,6.851999933132902e-05,0.048500001430511475,0.01850000023841858,0.06700000166893005,0.0035000001080334187,0.01875000074505806,0.009499999694526196,0.001500000013038516,0.4422000050544739,0.871884286403656,-0.43898048996925354,-0.2669004499912262,0.0
81,4081,-0.2936004583215155,-0.49664097724255063,-0.1516004583215155,-0.14964097724255065,0.21301436813839372,0.11882022037216558,0.46574151515960693,0.35977083444595337,-1.0,0.8325581550598145,0.6152542233467102,0.010874999687075615,-0.002624999964609742,-0.08712500333786011,0.07637500017881393,0.000559579988475889,0.000770850048866123,0.0,7.423000351991504e-05,0.11649999767541885,0.006500000134110451,0.12300000339746475,0.006500000134110451,0.0364999994635582,-0.0002500000118743628,0.003000000026077032,-0.22551865875720978,0.8982530236244202,-0.7540280818939209,-0.9076014757156372,-0.11448337
82,4082,-0.29060111906934266,-0.4970730194345421,-0.14860111906934267,-0.1500730194345421,0.21119707325354065,0.1209992741050261,0.47999894618988037,0.36162546277046204,-1.0,0.8325581550598145,0.6152542233467102,0.008999999612569809,0.010250000283122063,-0.0833749994635582,0.05874999985098839,0.0001598800008650869,0.0010449300752952695,0.0,8.565000462112948e-05,0.1054999977350235,0.007499999832361937,0.11299999803304672,0.0020000000949949026,0.0442500002682209,-0.0002500000118743628,0.0042500002309679985,-0.16321173310279846,-0.5819765329360962,0.22927328944206238,-0.5908516645431519,0.0
83,4083,-0.2950528019608475,-0.49247049945953547,-0.1530528019608475,-0.1454704994595355,0.21115592911654912,0.12104906845514797,0.48697414994239807,0.360893189907074,-1.0,0.8325581550598145,0.6152542233467102,0.0063749998807907104,0.010625000111758709,-0.07912500202655792,0.04912500083446503,0.00011420000373618677,0.0003654400061350316,0.0,6.851999933132902e-05,0.041999999433755875,0.006000000052154064,0.04800000041723251,0.0012499999720603228,0.02174999937415123,-0.0002500000118743628,0.001500000013038516,-0.8677836060523987,0.46469634771347046,0.238462895154953,0.42390522360801697,0.0
84,4084,-0.29847874394909,-0.48855056347332887,-0.15647874394909003,-0.1415505634733289,0.21100274720368403,0.12123463582525086,0.4766213893890381,0.3686940670013428,-1.0,0.8325581550598145,0.6152542233467102,-0.009875000454485416,0.019874999299645424,-0.07474999874830246,0.05400000140070915,0.00013703999866265804,0.00032546999864280224,6.851999933132902e-05,0.00010278000263497233,0.04050000011920929,0.014999999664723873,0.05550000071525574,0.0012499999720603228,0.020500000566244125,-0.0002500000118743628,0.007499999832361937,-0.6719481945037842,-0.2695612907409668,0.808235764503479,-0.17374934256076813,0.0
85,4085,-0.2915556552542368,-0.49265565047270377,-0.14955565525423684,-0.1456556504727038,0.2087641313376189,0.12397921934158079,0.4686540961265564,0.37533801794052124,-1.0,0.8325581550598145,0.6152542233467102,-0.02199999988079071,0.020625000819563866,-0.06012500077486038,0.05412499979138374,9.13600015337579e-05,0.00014275001012720168,7.423000351991504e-05,6.28100024187006e-05,0.020500000566244125,0.012000000104308128,0.032499998807907104,0.0005000000237487257,0.008999999612569809,0.000750000006519258,0.000750000006519258,-0.889180600643158,-0.37177518010139465,-0.5156866312026978,0.023992927744984627,0.0
86,4086,-0.3190314210841787,-0.47791884443002064,-0.17703142108417871,-0.13091884443002066,0.22018144308268975,0.11060229597664185,0.4847542941570282,0.36838024854660034,-1.0,0.8325581550598145,0.6152542233467102,-0.03849999979138374,0.018124999478459358,-0.06937500089406967,0.054249998182058334,8.565000462112948e-05,7.423000351991504e-05,0.0,6.28100024187006e-05,0.014000000432133675,0.005499999970197678,0.019500000402331352,0.0002500000118743628,0.0002500000118743628,0.0,0.0012499999720603228,0.6644213199615479,0.6327093839645386,0.15622973442077637,0.7960129976272583,-0.0052524325
87,4087,-0.3248574236499763,-0.4696697243337713,-0.1828574236499763,-0.12266972433377132,0.22019241279397062,0.11059016388954286,0.42085716128349304,0.39335790276527405,-1.0,0.8325581550598145,0.6152542233467102,-0.027374999597668648,0.022749999538064003,-0.06750000268220901,0.06462500244379044,0.00019985000835731626,0.0002169799990952015,9.13600015337579e-05,0.00014275001012720168,0.0364999994635582,0.020500000566244125,0.05700000002980232,0.002749999985098839,0.014499999582767487,0.0037499999161809683,0.010250000283122063,-0.8052982687950134,0.8057620525360107,-0.3493468165397644,0.6214253902435303,0.0
88,4088,-0.32409084991792747,-0.4699103662806621,-0.18209084991792748,-0.1229103662806621,0.21969077304948362,0.11114632189362729,0.40730831027030945,0.4073394536972046,-1.0,0.8325581550598145,0.6152542233467102,-0.0416250005364418,0.036125000566244125,-0.0729999989271164,0.07237499952316284,0.00011420000373618677,0.00028550002025440335,7.994000043254346e-05,0.0002512400096748024,0.03500000014901161,0.028999999165534973,0.06400000303983688,0.0012499999720603228,0.017750000581145287,0.0017500000540167093,0.017999999225139618,0.4544711410999298,0.852983832359314,0.012682652100920677,0.627533495426178,0.0
89,4089,-0.3051978161664525,-0.4850830658643688,-0.1631978161664525,-0.1380830658643688,0.2137766598111282,0.11791790722509629,0.409091055393219,0.4069315791130066,-1.0,0.8325581550598145,0.6152542233467102,-0.035624999552965164,0.042249999940395355,-0.07325000315904617,0.07575000077486038,0.0005139000131748617,0.0007765600457787514,7.994000043254346e-05,0.0006680700462311506,0.11299999803304672,0.06549999862909317,0.1784999966621399,0.0062500000931322575,0.03725000098347664,0.0024999999441206455,0.03474999964237213,0.813371479511261,0.27352964878082275,-0.7468834519386292,-0.00010088831186294556,0.0
90,4090,-0.3110360361098463,-0.4810422130678138,-0.16903603610984633,-0.13404221306781383,0.21573246484441436,0.11563406936848432,0.4530283212661743,0.3812151551246643,-1.0,0.8325581550598145,0.6152542233467102,-0.023000000044703484,0.042125001549720764,-0.0858749970793724,0.07925000041723251,0.0011819700011983514,0.0011534200748428702,0.0,0.0004510900180321187,0.2045000046491623,0.039500001817941666,0.24400000274181366,0.011500000022351742,0.04774999991059303,-0.0002500000118743628,0.02775000035762787,-0.1309567093849182,-0.47151806950569153,-0.8087754249572754,0.2601560354232788,-0.12105306
91,4091,-0.3415849027734281,-0.46151002113603146,-0.19958490277342814,-0.11451002113603148,0.23010145231104723,0.10015718038743915,0.43945106863975525,0.38806405663490295,-1.0,0.8325581550598145,0.6152542233467102,-0.023000000044703484,0.041999999433755875,-0.08387500047683716,0.08275000005960464,0.0005824200343340635,0.0005938400281593204,9.13600015337579e-05,0.0005196100100874901,0.10300000011920929,0.05350000038743019,0.15649999678134918,0.006750000175088644,0.030500000342726707,0.0032500000670552254,0.030500000342726707,-0.7152661681175232,-0.9203861355781555,-0.06226872652769089,0.46939924359321594,0.0
92,4092,-0.3079637592629584,-0.48698738788077256,-0.1659637592629584,-0.13998738788077258,0.21711848874376194,0.11404240940555754,0.3684071898460388,0.4211694598197937,-1.0,0.8325581550598145,0.6152542233467102,-0.03350000083446503,0.03687499836087227,-0.08574999868869781,0.08950000256299973,0.00011420000373618677,0.00010278000263497233,9.707000572234392e-05,0.0006680700462311506,0.01899999938905239,0.06700000166893005,0.0860000029206276,0.0010000000474974513,0.0062500000931322575,0.004749999847263098,0.03449999913573265,0.6994249820709229,-0.7682747840881348,-0.9042291045188904,-0.9031230211257935,0.0
93,4093,-0.2986639003947984,-0.4945419467324269,-0.1566639003947984,-0.14754194673242693,0.215202703822479,0.11624827908143674,0.4465959072113037,0.37798747420310974,-1.0,0.8325581550598145,0.6152542233467102,-0.02162499912083149,0.023000000044703484,-0.1002499982714653,0.08887500315904617,0.00023411000438500196,9.707000572234392e-05,0.0,7.423000351991504e-05,0.028999999165534973,0.006500000134110451,0.03550000116229057,0.0032500000670552254,0.005249999929219484,0.0,0.0020000000949949026,0.7828754782676697,-0.8114328980445862,-0.5254791975021362,-0.6495263576507568,-0.08705751
94,4094,-0.2977218452442179,-0.4928087449937025,-0.15572184524421792,-0.1458087449937025,0.21332951788935053,0.11844634818165455,0.4682234823703766,0.36518314480781555,-1.0,0.8325581550598145,0.6152542233467102,-0.006500000134110451,0.008500000461935997,-0.09650000184774399,0.07712499797344208,0.0001827200030675158,9.13600015337579e-05,0.0,6.851999933132902e-05,0.024000000208616257,0.006000000052154064,0.029999999329447746,0.0022499999031424522,0.004000000189989805,0.0,0.0012499999720603228,-0.9900906085968018,0.05725294351577759,0.8805556893348694,-0.9701107144355774,0.0
95,4095,-0.29658510791463155,-0.4935770326146264,-0.15458510791463156,-0.1465770326146264,0.2130290639304589,0.11880276008264366,0.47041431069374084,0.3681207597255707,-1.0,0.8325581550598145,0.6152542233467102,-0.024000000208616257,0.009499999694526196,-0.07987499982118607,0.05950000137090683,9.707000572234392e-05,9.13600015337579e-05,0.0,6.28100024187006e-05,0.016499999910593033,0.005499999970197678,0.02199999988079071,0.0002500000118743628,0.004000000189989805,-0.0002500000118743628,0.0002500000118743628,0.697230339050293,0.6230296492576599,-0.5322039127349854,0.3236987888813019,-0.08786447
96,4096,-0.3320910334044454,-0.4681503967628731,-0.19009103340444541,-0.12115039676287315,0.22541521602716078,0.10496249739701899,0.47305789589881897,0.3668185770511627,-1.0,0.8325581550598145,0.6152542233467102,-0.012500000186264515,0.014375000260770321,-0.07612500339746475,0.06199999898672104,0.00023411000438500196,0.00026266000350005925,0.0,0.00010278000263497233,0.04349999874830246,0.008999999612569809,0.05249999836087227,0.0032500000670552254,0.017500000074505806,-0.0002500000118743628,0.007249999791383743,-0.9058846831321716,-0.028591176494956017,0.7334574460983276,0.09302275627851486,0.0
97,4097,-0.29395941407891235,-0.49130007369637574,-0.15195941407891236,-0.14430007369637576,0.2095570919725358,0.12300000047777647,0.3904859721660614,0.4099145829677582,-1.0,0.8325581550598145,0.6152542233467102,-0.02787500061094761,0.01887499913573265,-0.06537500023841858,0.0638749971985817,9.13600015337579e-05,0.00011991000064881518,0.00010278000263497233,9.707000572234392e-05,0.01850000023841858,0.017500000074505806,0.035999998450279236,0.0002500000118743628,0.007499999832361937,0.005750000011175871,0.006750000175088644,0.39032676815986633,0.8798090219497681,-0.022535739466547966,-0.7070145010948181,0.0
98,4098,-0.2879152993611404,-0.49123307214165857,-0.14591529936114042,-0.1442330721416586,0.20516932930404613,0.12851710212438638,0.47916415333747864,0.3706778287887573,-1.0,0.8325581550598145,0.6152542233467102,-0.02225000038743019,0.02837499976158142,-0.06287500262260437,0.05312500149011612,0.00026266000350005925,0.00034260001848451793,0.0,6.851999933132902e-05,0.05299999937415123,0.006000000052154064,0.05900000035762787,0.0035000001080334187,0.021250000223517418,0.0,0.0017500000540167093,-0.7447819709777832,-0.5787807703018188,-0.9120166897773743,-0.6645585298538208,-0.133442
99,4099,-0.29301860701217464,-0.48939681350436165,-0.15101860701217465,-0.14239681350436167,0.20756558520162635,0.12547410805470657,0.4932202398777008,0.37079140543937683,-1.0,0.8325581550598145,0.6152542233467102,-0.03437500074505806,0.02800000086426735,-0.05912499874830246,0.04149999842047691,8.565000462112948e-05,7.423000351991504e-05,0.0,6.851999933132902e-05,0.014000000432133675,0.006000000052154064,0.019999999552965164,0.0,0.0005000000237487257,0.0,0.0002500000118743628,-0.792689323425293,-0.39831891655921936,0.6056512594223022,-0.343523234128952,0.0
100,4100,-0.3181786098671664,-0.4699021551853222,-0.1761786098671664,-0.12290215518532221,0.2148111783030023,0.11670431292187085,0.4813520908355713,0.37390369176864624,-1.0,0.8325581550598145,0.6152542233467102,-0.04899999871850014,0.020874999463558197,-0.047874998301267624,0.035374999046325684,3.425999966566451e-05,-6.28100024187006e-05,7.423000351991504e-05,0.0,0.008500000461935997,0.006500000134110451,0.014999999664723873,-0.0002500000118743628,0.0,0.0,-0.0002500000118743628,-0.7372612953186035,0.7352632284164429,0.4917505085468292,-0.938822865486145,-0.24913011
101,4101,-0.3147196022905835,-0.4703526741317059,-0.1727196022905835,-0.12335267413170592,0.21224500755226297,0.11973790192958726,0.4228404462337494,0.40694549679756165,-1.0,0.8325581550598145,0.6152542233467102,-0.04574999958276749,0.03187499940395355,-0.0403750017285347,0.03700000047683716,9.707000572234392e-05,0.00010278000263497233,8.565000462112948e-05,8.565000462112948e-05,0.017500000074505806,0.014999999664723873,0.032499998807907104,0.000750000006519258,0.005499999970197678,0.0032500000670552254,0.004000000189989805,-0.27775582671165466,0.9440251588821411,0.17095424234867096,-0.026549851521849632,0.0
102,4102,-0.3141083024307074,-0.469926644028508,-0.17210830243070743,-0.122926644028508,0.21149994699217153,0.12063335349826243,0.4308846592903137,0.4061819016933441,-1.0,0.8325581550598145,0.6152542233467102,-0.05062500014901161,0.04712500050663948,-0.039000000804662704,0.03687499836087227,8.565000462112948e-05,0.0001598800008650869,0.00011420000373618677,7.994000043254346e-05,0.0215000007301569,0.017000000923871994,0.03849999979138374,0.0002500000118743628,0.010250000283122063,0.006750000175088644,0.0035000001080334187,0.5422335267066956,0.7696487903594971,0.4707588255405426,0.23843438923358917,0.0
103,4103,-0.28385918632950485,-0.48758575530302506,-0.14185918632950487,-0.14058575530302508,0.19972076341780598,0.1357137169728437,0.4323062598705292,0.4069039821624756,-1.0,0.8325581550598145,0.6152542233467102,-0.042500000447034836,0.05412499979138374,-0.03449999913573265,0.03662500157952309,0.00032546999864280224,0.00043967002420686185,0.00022269001055974513,0.00019985000835731626,0.06700000166893005,0.03700000047683716,0.10400000214576721,0.0042500002309679985,0.02500000037252903,0.015250000171363354,0.012749999761581421,0.36043208837509155,-0.4764004349708557,-0.4694782495498657,-0.9049524664878845,0.0
104,4104,-0.2845907230216903,-0.4871396382601753,-0.14259072302169032,-0.14013963826017534,0.1999280683234378,0.1354326671955832,0.5026530623435974,0.37697330117225647,-1.0,0.8325581550598145,0.6152542233467102,-0.036125000566244125,0.05400000140070915,-0.035374999046325684,0.02525000087916851,0.0003939900198020041,0.00011991000064881518,-7.994000043254346e-05,6.851999933132902e-05,0.04500000178813934,0.013000000268220901,0.057999998331069946,0.004999999888241291,0.007499999832361937,-0.0005000000237487257,0.0017500000540167093,0.364158034324646,0.7770049571990967,0.24951688945293427,0.32376590371131897,0.0
105,4105,-0.30424706604507235,-0.4760673049617721,-0.16224706604507236,-0.1290673049617721,0.20732216391483366,0.12577991078659742,0.5009518265724182,0.3777294158935547,-1.0,0.8325581550598145,0.6152542233467102,-0.030625000596046448,0.05525000020861626,-0.03099999949336052,0.026000000536441803,0.0006680700462311506,0.0006794900400564075,0.0,0.00016558999777771533,0.11800000071525574,0.014499999582767487,0.13249999284744263,0.007499999832361937,0.03400000184774399,0.0,0.012249999679625034,0.4547022581100464,0.004297289531677961,0.6438263654708862,0.6472486853599548,0.0
106,4106,-0.31893902033787863,-0.46390087626218535,-0.17693902033787864,-0.11690087626218537,0.21206893169202085,0.1199489171893956,0.4552393853664398,0.39649608731269836,-1.0,0.8325581550598145,0.6152542233467102,-0.023250000551342964,0.055125001817941666,-0.026125000789761543,0.029500000178813934,0.0009421500144526362,0.0006794900400564075,0.00020556000526994467,0.0005024800193496048,0.1420000046491623,0.06199999898672104,0.20399999618530273,0.009750000201165676,0.03424999862909317,0.01425000000745058,0.029500000178813934,-0.6667506694793701,0.7115660905838013,0.903213620185852,0.9056346416473389,0.0
107,4107,-0.33156135800671316,-0.45567655314246336,-0.18956135800671317,-0.10867655314246338,0.21850423714947945,0.1124729679055502,0.4210720360279083,0.4171171486377716,-1.0,0.8325581550598145,0.6152542233467102,-0.03200000151991844,0.06162500008940697,-0.022749999538064003,0.03362499922513962,0.00017130000924225897,0.0010734800016507506,0.000799400033429265,0.0013932400615885854,0.10899999737739563,0.19200000166893005,0.3009999990463257,0.0022499999031424522,0.04774999991059303,0.04125000163912773,0.054999999701976776,-0.3386378884315491,-0.1690659523010254,-0.7203571200370789,0.9856669306755066,0.0
108,4108,-0.3251284208872578,-0.45550209457419943,-0.1831284208872578,-0.10850209457419946,0.21285845781563195,0.11900561785060222,0.3917177617549896,0.4310566782951355,-1.0,0.8325581550598145,0.6152542233467102,-0.03787500038743019,0.06212500110268593,-0.02474999986588955,0.0377499982714653,0.00011420000373618677,0.0008279500179924071,0.00027407999732531607,0.0027693500742316246,0.08250000327825546,0.26649999618530273,0.3490000069141388,0.001500000013038516,0.04050000011920929,0.0182499997317791,0.08349999785423279,-0.9932647347450256,0.8684253692626953,-0.5028414130210876,0.0690595731139183,-0.0033355772
109,4109,-0.3319208773818843,-0.45294834684353064,-0.18992087738188432,-0.10594834684353066,0.2174741176884776,0.11363756189261126,0.40667808055877686,0.4313523769378662,-1.0,0.8325581550598145,0.6152542233467102,-0.05687500163912773,0.07887499779462814,-0.032749999314546585,0.04399999976158142,0.00017701000615488738,0.0008393700118176639,0.0002169799990952015,0.0021469600033015013,0.08900000154972076,0.2070000022649765,0.29600000381469727,0.0024999999441206455,0.039500001817941666,0.01549999974668026,0.07225000113248825,-0.4319803714752197,-0.35076022148132324,-0.7480911612510681,-0.21464325487613678,0.0
110,4110,-0.324910220787535,-0.4589580379596686,-0.18291022078753502,-0.11195803795966863,0.2144545432774121,0.11712126443376152,0.3908816874027252,0.4356807768344879,-1.0,0.8325581550598145,0.6152542233467102,-0.06437499821186066,0.07925000041723251,-0.04412499815225601,0.05237499997019768,0.00011991000064881518,0.000433959998190403,0.0001541700039524585,0.0012562000192701817,0.048500001430511475,0.12349999696016312,0.1720000058412552,0.001500000013038516,0.025750000029802322,0.010250000283122063,0.04749999940395355,0.5365821719169617,-0.93633633852005,-0.9318128228187561,0.33311575651168823,0.0
111,4111,-0.3371853546198149,-0.45465964187026,-0.19518535461981493,-0.10765964187026,0.22290787591670141,0.10762753535922312,0.40718552470207214,0.42549484968185425,-1.0,0.8325581550598145,0.6152542233467102,-0.05662500113248825,0.06912499666213989,-0.05925000086426735,0.06525000184774399,0.0005139000131748617,0.0001541700039524585,9.707000572234392e-05,0.0006281000096350908,0.05849999934434891,0.06350000202655792,0.12200000137090683,0.006000000052154064,0.010999999940395355,0.005750000011175871,0.03400000184774399,0.44369956851005554,-0.9286803007125854,0.7629912495613098,-0.9966642260551453,0.0
112,4112,-0.3449158760558044,-0.4531981386734682,-0.20291587605580444,-0.10619813867346822,0.22902597541153225,0.10124016088971244,0.37863871455192566,0.43278026580810547,-1.0,0.8325581550598145,0.6152542233467102,-0.04662499949336052,0.054625000804662704,-0.05274999886751175,0.05999999865889549,0.00019985000835731626,9.707000572234392e-05,0.00034831001539714634,0.00010278000263497233,0.026000000536441803,0.039500001817941666,0.06549999862909317,0.0024999999441206455,0.005249999929219484,0.021250000223517418,0.007249999791383743,0.7218853831291199,-0.967006266117096,0.44038766622543335,-0.0982372909784317,0.0
113,4113,-0.34423886107391316,-0.45939055242560933,-0.20223886107391317,-0.11239055242560936,0.23137025133540223,0.09889441497794837,0.36066076159477234,0.4352574050426483,-1.0,0.8325581550598145,0.6152542233467102,-0.032749999314546585,0.03712499886751175,-0.048374999314546585,0.05712499842047691,0.0001484600070398301,9.13600015337579e-05,0.0005367400008253753,0.0001256200048374012,0.020999999716877937,0.057999998331069946,0.07900000363588333,0.0017500000540167093,0.004000000189989805,0.028999999165534973,0.009499999694526196,0.9569967985153198,-0.9891977906227112,-0.8699586391448975,0.9009421467781067,0.0
114,4114,-0.34989132170465037,-0.4540905337569953,-0.20789132170465038,-0.10709053375699534,0.2338529111652549,0.09646942968523906,0.3622352182865143,0.4247617721557617,-1.0,0.8325581550598145,0.6152542233467102,-0.014999999664723873,0.01850000023841858,-0.05400000140070915,0.06237500160932541,0.0001541700039524585,9.707000572234392e-05,0.00011991000064881518,0.000616680015809834,0.02199999988079071,0.06449999660253525,0.08649999648332596,0.0020000000949949026,0.0042500002309679985,0.00774999987334013,0.032749999314546585,-0.9385967254638672,0.3407578766345978,0.30555182695388794,-0.3274126946926117,0.0
115,4115,-0.35685739179530473,-0.44778883268694725,-0.21485739179530475,-0.10078883268694727,0.23732274986498564,0.09317950371938905,0.34908995032310486,0.4337448477745056,-1.0,0.8325581550598145,0.6152542233467102,-0.03162499889731407,0.023624999448657036,-0.05400000140070915,0.06237500160932541,8.565000462112948e-05,0.00010848999954760075,0.0003026300109922886,0.000308340007904917,0.017000000923871994,0.05350000038743019,0.07050000131130219,0.0002500000118743628,0.006750000175088644,0.01899999938905239,0.020500000566244125,0.11183905601501465,-0.3084077835083008,0.7031491994857788,0.5896292328834534,0.0
116,4116,-0.3550963883349901,-0.44699030195678136,-0.2130963883349901,-0.09999030195678138,0.23538931837877697,0.09499859435181282,0.3328897953033447,0.44442570209503174,-1.0,0.8325581550598145,0.6152542233467102,-0.029999999329447746,0.020874999463558197,-0.051624998450279236,0.06262499839067459,0.00011420000373618677,7.423000351991504e-05,0.0008907600422389805,0.0008907600422389805,0.016499999910593033,0.15600000321865082,0.17249999940395355,0.0010000000474974513,0.000750000006519258,0.04050000011920929,0.041999999433755875,-0.8077658414840698,0.5382202863693237,0.11757078021764755,-0.8298611640930176,0.0
117,4117,-0.3551053233337585,-0.4452984892979913,-0.2131053233337585,-0.09829848929799134,0.23468376985094874,0.09567122561541935,0.33698514103889465,0.44577914476394653,-1.0,0.8325581550598145,0.6152542233467102,-0.04462499916553497,0.02787500061094761,-0.051375001668930054,0.06212500110268593,8.565000462112948e-05,0.00011420000373618677,0.0010049600386992097,0.0001598800008650869,0.017500000074505806,0.10199999809265137,0.11949999630451202,0.0,0.006750000175088644,0.0442500002682209,0.012000000104308128,-0.3877241015434265,0.3280734419822693,-0.20767301321029663,0.1683950573205948,0.0
118,4118,-0.35814932924129117,-0.4392842076288471,-0.21614932924129118,-0.09228420762884715,0.2350253337603082,0.0953450046807212,0.33696436882019043,0.4486466348171234,-1.0,0.8325581550598145,0.6152542233467102,-0.052000001072883606,0.03437500074505806,-0.051375001668930054,0.06212500110268593,9.13600015337579e-05,0.00010278000263497233,0.0007537199999205768,0.00025695000658743083,0.017000000923871994,0.0885000005364418,0.1054999977350235,0.0002500000118743628,0.006000000052154064,0.0364999994635582,0.0182499997317791,-0.8384265899658203,0.4261105954647064,0.9331423044204712,0.0905333086848259,0.0
119,4119,-0.35539389002214944,-0.4401229799957791,-0.21339389002214945,-0.09312297999577912,0.23282792294327478,0.09746331487895522,0.3298852741718292,0.45884034037590027,-1.0,0.8325581550598145,0.6152542233467102,-0.06750000268220901,0.042374998331069946,-0.04800000041723251,0.06174999848008156,9.707000572234392e-05,0.00010848999954760075,0.0020270501263439655,0.0003368900215718895,0.017999999225139618,0.2070000022649765,0.22499999403953552,0.0,0.005750000011175871,0.06449999660253525,0.02225000038743019,-0.3024761974811554,0.6951355934143066,-0.9698521494865417,0.5662976503372192,0.0
120,4120,-0.3599564030307066,-0.43505902870248764,-0.2179564030307066,-0.08805902870248766,0.23507315065338566,0.09529942456014552,0.3362932801246643,0.45741868019104004,-1.0,0.8325581550598145,0.6152542233467102,-0.07312499731779099,0.054249998182058334,-0.04800000041723251,0.06174999848008156,7.994000043254346e-05,0.00011991000064881518,0.0005024800193496048,0.0009364400175400078,0.017500000074505806,0.12600000202655792,0.14350000023841858,0.0,0.00800000037997961,0.02824999950826168,0.04324999824166298,-0.9997894763946533,-0.02745520882308483,-0.2707676589488983,0.01261276938021183,0.0
121,4121,-0.3632013991497633,-0.4360123538763982,-0.2212013991497633,-0.08901235387639822,0.23843921264848628,0.09214497504836051,0.32568278908729553,0.4660016596317291,-1.0,0.8325581550598145,0.6152542233467102,-0.09175000339746475,0.05537499859929085,-0.048124998807907104,0.06174999848008156,0.0,9.13600015337579e-05,0.00028550002025440335,0.0009478600113652647,0.00800000037997961,0.1080000028014183,0.11599999666213989,0.0,0.004749999847263098,0.01850000023841858,0.04349999874830246,0.8619997501373291,-0.9819162487983704,0.4375429153442383,0.8378399610519409,0.0
122,4122,-0.356979645652991,-0.44015271070325446,-0.21497964565299102,-0.09315271070325448,0.23429399385483574,0.09604485677731336,0.3181362748146057,0.46438583731651306,-1.0,0.8325581550598145,0.6152542233467102,-0.07575000077486038,0.039374999701976776,-0.048124998807907104,0.06262499839067459,0.0,7.423000351991504e-05,0.0006852000369690359,0.0021640900522470474,0.006500000134110451,0.24950000643730164,0.25600001215934753,0.0002500000118743628,0.0,0.03474999964237213,0.0729999989271164,0.17972426116466522,0.41716402769088745,-0.28906378149986267,-0.3994113504886627,-0.002433089
123,4123,-0.35090021881688654,-0.44593155509710314,-0.20890021881688656,-0.09893155509710316,0.23114228089139002,0.09912012218999264,0.3326054811477661,0.45736828446388245,-1.0,0.8325581550598145,0.6152542233467102,-0.07212500274181366,0.04412499815225601,-0.048124998807907104,0.06262499839067459,9.13600015337579e-05,0.00010848999954760075,0.0003997000167146325,0.0014903100673109293,0.017500000074505806,0.1655000001192093,0.18299999833106995,0.0005000000237487257,0.006000000052154064,0.024000000208616257,0.05824999883770943,0.7195940017700195,0.22862868010997772,-0.3322114646434784,0.46717971563339233,0.0
124,4124,-0.3600618364574805,-0.4400611392201844,-0.21806183645748053,-0.09306113922018444,0.23708930838856387,0.09339727741676496,0.3467436730861664,0.44757363200187683,-1.0,0.8325581550598145,0.6152542233467102,-0.05950000137090683,0.04600000008940697,-0.04924999922513962,0.06262499839067459,0.0001541700039524585,0.0001541700039524585,0.00019414001144468784,0.002261160174384713,0.027000000700354576,0.2150000035762787,0.24199999868869781,0.0020000000949949026,0.01075000036507845,0.014000000432133675,0.07575000077486038,0.1674288809299469,-0.9779787659645081,0.9109790921211243,-0.18275268375873566,0.0
125,4125,-0.3501838023124585,-0.4508171223979752,-0.2081838023124585,-0.10381712239797525,0.23263381191965407,0.09765268565243385,0.3254375755786896,0.45752349495887756,-1.0,0.8325581550598145,0.6152542233467102,-0.05575000122189522,0.032875001430511475,-0.04899999871850014,0.06274999678134918,9.13600015337579e-05,7.423000351991504e-05,0.0010734800016507506,0.001918560010381043,0.014499999582767487,0.2619999945163727,0.27649998664855957,0.000750000006519258,0.0005000000237487257,0.04749999940395355,0.06875000149011612,0.785068690776825,0.07479886710643768,0.19644996523857117,-0.20181173086166382,0.0
126,4126,-0.3567054287216124,-0.4428374814934227,-0.21470542872161244,-0.09583748149342275,0.23512389070771508,0.09525108184594501,0.3484097719192505,0.4392930269241333,-1.0,0.8325581550598145,0.6152542233467102,-0.041875001043081284,0.032625000923871994,-0.048875000327825546,0.06274999678134918,0.0001598800008650869,9.13600015337579e-05,0.0013646900188177824,0.0015759600792080164,0.02199999988079071,0.2574999928474426,0.27950000762939453,0.0022499999031424522,0.0037499999161809683,0.054499998688697815,0.061250001192092896,-0.936245322227478,0.2144269347190857,-0.3717374801635742,-0.9093677401542664,0.0
127,4127,-0.3640643838492006,-0.43684945128562314,-0.2220643838492006,-0.08984945128562316,0.23955273839105382,0.09112460859552614,0.333243191242218,0.45281782746315,-1.0,0.8325581550598145,0.6152542233467102,-0.058375000953674316,0.035624999552965164,-0.04899999871850014,0.06274999678134918,9.13600015337579e-05,0.00010848999954760075,0.0008736300515010953,0.00043967002420686185,0.017500000074505806,0.11500000208616257,0.13249999284744263,0.0002500000118743628,0.005750000011175871,0.04100000113248825,0.027249999344348907,-0.5284298658370972,-0.1915358453989029,0.010859733447432518,-0.11475156247615814,0.0
128,4128,-0.3610210671512035,-0.43906988324607077,-0.21902106715120354,-0.0920698832460708,0.23758596603544815,0.09293456270164452,0.31612932682037354,0.46296703815460205,-1.0,0.8325581550598145,0.6152542233467102,-0.06812500208616257,0.0351249985396862,-0.04899999871850014,0.06274999678134918,9.13600015337579e-05,0.0,0.0008907600422389805,0.00034260001848451793,0.00800000037997961,0.1080000028014183,0.11599999666213989,0.0,-0.0002500000118743628,0.04125000163912773,0.023000000044703484,-0.9569830298423767,-0.4117489159107208,-0.9066512584686279,0.27566736936569214,-0.07340988
129,4129,-0.3690237554584311,-0.4373184164223902,-0.2270237554584311,-0.09031841642239025,0.24433010843426117,0.08687360052057548,0.3232068121433258,0.4592036008834839,-1.0,0.8325581550598145,0.6152542233467102,-0.0860000029206276,0.0377499982714653,-0.05087500065565109,0.06287500262260437,0.0,7.423000351991504e-05,0.00017130000924225897,0.0006052600219845772,0.006500000134110451,0.06800000369548798,0.07450000196695328,0.0,0.0020000000949949026,0.011250000447034836,0.032999999821186066,-0.7150599956512451,-0.8403421640396118,-0.5230441093444824,0.5015134811401367,-0.1098072
130,4130,-0.363632938449266,-0.4413260940094126,-0.221632938449266,-0.09432609400941261,0.24087044529524304,0.0899317299194066,0.3045959174633026,0.46217218041419983,-1.0,0.8325581550598145,0.6152542233467102,-0.08224999904632568,0.023000000044703484,-0.05950000137090683,0.07074999809265137,0.0,0.0,0.00014275001012720168,0.0006852000369690359,0.0,0.07249999791383743,0.07249999791383743,0.0,0.0,0.008999999612569809,0.035999998450279236,-0.7286137342453003,-0.4470202326774597,-0.9098990559577942,-0.5029679536819458,-0.1890761
131,4131,-0.31934821632218824,-0.4736239511788841,-0.17734821632218825,-0.12662395117888414,0.21791286066869509,0.11314007720451952,0.31713271141052246,0.45537951588630676,-1.0,0.8325581550598145,0.6152542233467102,-0.07850000262260437,0.026374999433755875,-0.07275000214576721,0.07625000178813934,0.0,7.994000043254346e-05,7.994000043254346e-05,9.13600015337579e-05,0.007000000216066837,0.014999999664723873,0.02199999988079071,0.0,0.000750000006519258,0.001500000013038516,0.0062500000931322575,-0.5960137844085693,0.5682054758071899,-0.6541570425033569,0.19002753496170044,-0.09552166
132,4132,-0.3143378254514031,-0.4774421692274257,-0.1723378254514031,-0.13044216922742574,0.21613765427170403,0.11516648029553544,0.4201204180717468,0.40063735842704773,-1.0,0.8325581550598145,0.6152542233467102,-0.07512500137090683,0.036375001072883606,-0.08437500149011612,0.08174999803304672,9.13600015337579e-05,7.994000043254346e-05,7.423000351991504e-05,6.851999933132902e-05,0.014999999664723873,0.012500000186264515,0.027499999850988388,0.000750000006519258,0.0020000000949949026,0.0002500000118743628,0.0022499999031424522,0.3091314435005188,-0.3783755600452423,-0.6250780820846558,-0.2889218330383301,0.0
133,4133,-0.3549307747179269,-0.44916667211525185,-0.2129307747179269,-0.10216667211525188,0.23617269891560694,0.09425730121746681,0.43177250027656555,0.3941658139228821,-1.0,0.8325581550598145,0.6152542233467102,-0.0689999982714653,0.030375000089406967,-0.09600000083446503,0.07737500220537186,7.994000043254346e-05,0.0,7.423000351991504e-05,6.28100024187006e-05,0.007000000216066837,0.012000000104308128,0.01899999938905239,0.0,0.0,0.0002500000118743628,0.0002500000118743628,0.12463753670454025,-0.8027138710021973,0.88981693983078,0.622592568397522,-0.12032568
134,4134,-0.3108945606575374,-0.4838440865246041,-0.1688945606575374,-0.1368440865246041,0.21737450778887557,0.11375081254899119,0.3373703062534332,0.44209039211273193,-1.0,0.8325581550598145,0.6152542233467102,-0.06724999845027924,0.03137499839067459,-0.0833749994635582,0.08449999988079071,0.00010848999954760075,9.707000572234392e-05,0.00013703999866265804,0.0001256200048374012,0.017999999225139618,0.023000000044703484,0.04100000113248825,0.0010000000474974513,0.005499999970197678,0.008249999955296516,0.00925000011920929,0.8313349485397339,-0.31074589490890503,-0.812717854976654,0.08585644513368607,0.0
135,4135,-0.3091931184841982,-0.48209753897290386,-0.16719311848419824,-0.13509753897290389,0.21495321329304765,0.11653866962619634,0.4397800862789154,0.3833151161670685,-1.0,0.8325581550598145,0.6152542233467102,-0.052000001072883606,0.02762500010430813,-0.09437499940395355,0.08824999630451202,0.00013133000175002962,7.994000043254346e-05,4.568000076687895e-05,8.565000462112948e-05,0.01850000023841858,0.011500000022351742,0.029999999329447746,0.001500000013038516,0.001500000013038516,0.0,0.004749999847263098,-0.47402775287628174,0.8685723543167114,0.19091735780239105,-0.2847718298435211,0.0
136,4136,-0.34168252916955144,-0.4585221980604375,-0.19968252916955145,-0.1115221980604375,0.22871447946245166,0.10155601156536564,0.4437369406223297,0.38627535104751587,-1.0,0.8325581550598145,0.6152542233467102,-0.06037500128149986,0.039124999195337296,-0.09125000238418579,0.08524999767541885,9.13600015337579e-05,0.00016558999777771533,7.423000351991504e-05,6.28100024187006e-05,0.02250000089406967,0.012000000104308128,0.03449999913573265,0.0005000000237487257,0.010999999940395355,0.000750000006519258,0.0002500000118743628,0.37495148181915283,0.5516918897628784,0.9135261178016663,0.5481987595558167,0.0
137,4137,-0.3395426691489023,-0.4589667107496223,-0.1975426691489023,-0.11196671074962233,0.22706750196926523,0.10324246585893748,0.36818015575408936,0.42623355984687805,-1.0,0.8325581550598145,0.6152542233467102,-0.054749999195337296,0.04462499916553497,-0.08287499845027924,0.08649999648332596,0.00023982000129763037,0.0003140500048175454,0.00029121001716703176,0.0002512400096748024,0.048500001430511475,0.04749999940395355,0.09600000083446503,0.0032500000670552254,0.020500000566244125,0.0182499997317791,0.0182499997317791,-0.8301105499267578,-0.15601514279842377,-0.6301434636116028,-0.2414899617433548,0.0
138,4138,-0.30414469390495213,-0.4820757841569126,-0.16214469390495215,-0.13507578415691263,0.21103641682689617,0.12119382345123775,0.3731565773487091,0.4254801571369171,-1.0,0.8325581550598145,0.6152542233467102,-0.06862500309944153,0.048374999314546585,-0.08612500131130219,0.08675000071525574,9.13600015337579e-05,0.00011420000373618677,7.994000043254346e-05,0.0001256200048374012,0.017999999225139618,0.017999999225139618,0.035999998450279236,0.0,0.007249999791383743,0.0012499999720603228,0.008750000037252903,-0.1594550460577011,-0.3930763006210327,-0.4770040512084961,-0.7685115933418274,0.0
139,4139,-0.33610270178286716,-0.4619806956121372,-0.19410270178286718,-0.11498069561213725,0.22560234751185462,0.10476626318253249,0.45547744631767273,0.38631221652030945,-1.0,0.8325581550598145,0.6152542233467102,-0.07137499749660492,0.04462499916553497,-0.09437499940395355,0.07662499696016312,0.0,6.851999933132902e-05,0.0,6.28100024187006e-05,0.006000000052154064,0.005499999970197678,0.011500000022351742,-0.0002500000118743628,0.0002500000118743628,0.0,0.0002500000118743628,-0.6540331840515137,-0.37155428528785706,0.7710599303245544,0.034776996821165085,-0.10248398
140,4140,-0.33631199587718,-0.46119414314802076,-0.19431199587718004,-0.11419414314802079,0.22538290545443745,0.10499641686056407,0.3811565041542053,0.4203717112541199,-1.0,0.8325581550598145,0.6152542233467102,-0.06787499785423279,0.0377499982714653,-0.08049999922513962,0.07637500017881393,9.707000572234392e-05,7.423000351991504e-05,7.423000351991504e-05,6.851999933132902e-05,0.014999999664723873,0.012500000186264515,0.027499999850988388,0.0002500000118743628,0.0002500000118743628,0.0010000000474974513,0.0020000000949949026,-0.9587259292602539,-0.5981191396713257,-0.46599823236465454,-0.802070140838623,0.0
141,4141,-0.292330647905804,-0.4880523513065684,-0.150330647905804,-0.1410523513065684,0.2061433227366106,0.12727143021892492,0.3806697726249695,0.42170482873916626,-1.0,0.8325581550598145,0.6152542233467102,-0.08562500029802322,0.026750000193715096,-0.0885000005364418,0.06224999949336052,0.0,0.0,0.0,6.28100024187006e-05,0.0,0.005499999970197678,0.005499999970197678,0.0,0.0,-0.0002500000118743628,0.0002500000118743628,-0.9700267314910889,0.9930720925331116,-0.5918893814086914,0.06541348248720169,-0.23542996
142,4142,-0.3520965299261633,-0.44718611640060557,-0.21009652992616332,-0.1001861164006056,0.2327612721361759,0.09752829661796854,0.48295196890830994,0.3761824667453766,-1.0,0.8325581550598145,0.6152542233467102,-0.08212500065565109,0.044874999672174454,-0.08474999666213989,0.06324999779462814,9.13600015337579e-05,7.423000351991504e-05,0.0,6.28100024187006e-05,0.014499999582767487,0.005499999970197678,0.019999999552965164,0.0005000000237487257,0.000750000006519258,-0.0002500000118743628,0.0005000000237487257,0.17907260358333588,-0.20942799746990204,0.4974767565727234,0.9070945382118225,0.0
143,4143,-0.36777802866139536,-0.43920951146831555,-0.22577802866139537,-0.09220951146831557,0.2438817587099357,0.08726397253100768,0.34396156668663025,0.44544726610183716,-1.0,0.8325581550598145,0.6152542233467102,-0.07900000363588333,0.04125000163912773,-0.078125,0.07637500017881393,0.00010278000263497233,7.423000351991504e-05,0.00010278000263497233,0.00011420000373618677,0.01549999974668026,0.01899999938905239,0.03449999913573265,0.000750000006519258,0.0002500000118743628,0.004999999888241291,0.008249999955296516,0.41952502727508545,-0.7251216173171997,-0.6928866505622864,0.8596266508102417,0.0
144,4144,-0.36682288192431056,-0.4361179877098318,-0.22482288192431057,-0.08911798770983181,0.24184156791214,0.08906260949330597,0.3074929714202881,0.4589669406414032,-1.0,0.8325581550598145,0.6152542233467102,-0.07100000232458115,0.02775000035762787,-0.0898749977350235,0.08962500095367432,9.707000572234392e-05,7.423000351991504e-05,8.565000462112948e-05,0.0001827200030675158,0.014999999664723873,0.023499999195337296,0.03849999979138374,0.0002500000118743628,0.0002500000118743628,0.002749999985098839,0.013749999925494194,-0.9519569873809814,0.5626951456069946,0.33806324005126953,0.37009087204933167,0.0
145,4145,-0.3664568344231816,-0.43974950448171213,-0.22445683442318162,-0.09274950448171215,0.2428648618077113,0.08815588439058533,0.3097142279148102,0.4642068147659302,-1.0,0.8325581550598145,0.6152542233467102,-0.0886249989271164,0.03762499988079071,-0.08974999934434891,0.09175000339746475,0.0,7.994000043254346e-05,0.0002169799990952015,0.0003654400061350316,0.007000000216066837,0.050999999046325684,0.057999998331069946,0.0,0.001500000013038516,0.014999999664723873,0.023250000551342964,0.4669104218482971,-0.060237810015678406,0.04158398136496544,0.4548645615577698,0.0
146,4146,-0.37396739620769226,-0.4331227442005883,-0.23196739620769227,-0.08612274420058835,0.24743888128589747,0.08421444531743967,0.3105655014514923,0.4580516815185547,-1.0,0.8325581550598145,0.6152542233467102,-0.08025000244379044,0.03712499886751175,-0.0898749977350235,0.09462500363588333,9.13600015337579e-05,7.423000351991504e-05,0.00025695000658743083,0.0006680700462311506,0.014499999582767487,0.08100000023841858,0.09549999982118607,0.000750000006519258,0.0002500000118743628,0.016750000417232513,0.03449999913573265,-0.9555003643035889,-0.315794974565506,0.5728996396064758,0.013362647965550423,0.0
147,4147,-0.37001178728637313,-0.4342477752644899,-0.22801178728637314,-0.0872477752644899,0.24413428565060094,0.08704388549735625,0.2930990755558014,0.46928349137306213,-1.0,0.8325581550598145,0.6152542233467102,-0.0976250022649765,0.03137499839067459,-0.08824999630451202,0.09462500363588333,0.0,0.0,0.0007137500215321779,0.000673780043143779,0.0,0.12150000035762787,0.12150000035762787,-0.0002500000118743628,0.0,0.03474999964237213,0.03500000014901161,-0.2643137276172638,-0.688652753829956,0.3301525115966797,-0.9101842641830444,-0.16235599
148,4148,-0.3676889143711944,-0.4350182348284615,-0.2256889143711944,-0.08801823482846155,0.2422451149814306,0.0887039241617003,0.3022981584072113,0.4673766493797302,-1.0,0.8325581550598145,0.6152542233467102,-0.09399999678134918,0.03412500023841858,-0.08224999904632568,0.08912499994039536,0.0,8.565000462112948e-05,0.0007080400246195495,0.0001598800008650869,0.007499999832361937,0.07599999755620956,0.08349999785423279,0.0,0.0020000000949949026,0.03500000014901161,0.012000000104308128,-0.644574761390686,0.4668491780757904,-0.2036595344543457,-0.15909910202026367,-0.10134898
149,4149,-0.3677443331906386,-0.4340874340121838,-0.2257443331906386,-0.08708743401218383,0.24196017261217298,0.08895703967023634,0.30770018696784973,0.4660708010196686,-1.0,0.8325581550598145,0.6152542233467102,-0.09037499874830246,0.042750000953674316,-0.08224999904632568,0.08837500214576721,9.13600015337579e-05,8.565000462112948e-05,0.0004967700224369764,0.00010848999954760075,0.01549999974668026,0.05299999937415123,0.06849999725818634,0.0002500000118743628,0.0022499999031424522,0.027499999850988388,0.00774999987334013,-0.35475924611091614,0.21075129508972168,0.3285678029060364,0.29596567153930664,0.0
150,4150,-0.37260276123308317,-0.4330252879999835,-0.23060276123308318,-0.08602528799998355,0.24612595081340466,0.08532741268853065,0.30757132172584534,0.4676484167575836,-1.0,0.8325581550598145,0.6152542233467102,-0.09687499701976776,0.04650000110268593,-0.08224999904632568,0.08837500214576721,0.0,8.565000462112948e-05,0.000867919996380806,0.00026837000041268766,0.007499999832361937,0.09950000047683716,0.10700000077486038,0.0,0.0024999999441206455,0.03974999859929085,0.01875000074505806,-0.9746986031532288,-0.9123463034629822,-0.9354045391082764,0.28398242592811584,-0.14096384
151,4151,-0.3689777195861928,-0.43556046707628693,-0.2269777195861928,-0.08856046707628695,0.24364285648735629,0.0874726973257087,0.2962726354598999,0.46944865584373474,-1.0,0.8325581550598145,0.6152542233467102,-0.09312500059604645,0.030750000849366188,-0.08299999684095383,0.0885000005364418,0.0,0.0,0.00011420000373618677,0.0005081900162622333,0.0,0.054499998688697815,0.054499998688697815,0.0,0.0,0.0062500000931322575,0.028999999165534973,0.09286268800497055,0.38328713178634644,-0.48021697998046875,0.30536749958992004,-0.012856479
152,4152,-0.36688446392647994,-0.4342046443424454,-0.22488446392647995,-0.0872046443424454,0.24120048115705048,0.08963541220585529,0.3047029674053192,0.46515175700187683,-1.0,0.8325581550598145,0.6152542233467102,-0.08950000256299973,0.03700000047683716,-0.09187500178813934,0.09624999761581421,8.565000462112948e-05,7.423000351991504e-05,0.00010848999954760075,0.0003939900198020041,0.014000000432133675,0.04399999976158142,0.057999998331069946,0.0002500000118743628,0.0017500000540167093,0.006000000052154064,0.02474999986588955,-0.7871568202972412,0.5700788497924805,0.781333863735199,-0.7851089239120483,0.0
153,4153,-0.370023081839578,-0.43389072483174573,-0.228023081839578,-0.08689072483174576,0.24401746641051136,0.08714562891931432,0.3095710277557373,0.46744975447654724,-1.0,0.8325581550598145,0.6152542233467102,-0.1041250005364418,0.04749999940395355,-0.08624999970197678,0.09049999713897705,0.0,8.565000462112948e-05,0.00041112001053988934,0.00010278000263497233,0.007499999832361937,0.04500000178813934,0.05249999836087227,0.0,0.0020000000949949026,0.024000000208616257,0.007000000216066837,0.29658541083335876,-0.6430521011352539,0.3781200349330902,-0.1501343697309494,0.0
154,4154,-0.375009083835148,-0.4351707600174329,-0.23300908383514804,-0.0881707600174329,0.24913312921357286,0.08279966262837742,0.30227190256118774,0.46798181533813477,-1.0,0.8325581550598145,0.6152542233467102,-0.09862499684095383,0.0364999994635582,-0.08162499964237213,0.0872500017285347,0.0,6.851999933132902e-05,0.0005310300039127469,0.00010848999954760075,0.006000000052154064,0.0560000017285347,0.06199999898672104,0.0,0.0,0.028750000521540642,0.00800000037997961,0.8956037759780884,-0.9879570603370667,-0.9381250143051147,0.7643259763717651,0.0
155,4155,-0.36606630217735997,-0.4408351269531108,-0.22406630217735998,-0.0938351269531108,0.24292126053876473,0.08810617960819091,0.2906765639781952,0.4658122658729553,-1.0,0.8325581550598145,0.6152542233467102,-0.08187499642372131,0.017999999225139618,-0.08762499690055847,0.09312500059604645,0.0,0.0,0.00010278000263497233,0.0003825699968729168,0.0,0.042500000447034836,0.042500000447034836,0.0,0.0,0.005750000011175871,0.02474999986588955,-0.46785905957221985,0.7718663811683655,-0.2910461127758026,0.9858747124671936,-0.080143094
156,4156,-0.37762023289958035,-0.4337577191292875,-0.23562023289958037,-0.08675771912928754,0.25108523648388575,0.08119899856459792,0.3114737272262573,0.456211656332016,-1.0,0.8325581550598145,0.6152542233467102,-0.07837499678134918,0.030124999582767487,-0.09612499922513962,0.10262499749660492,9.707000572234392e-05,9.13600015337579e-05,0.00016558999777771533,0.0009193100268021226,0.016499999910593033,0.0949999988079071,0.11150000244379044,0.0005000000237487257,0.0044999998062849045,0.012000000104308128,0.042500000447034836,-0.8446770906448364,-0.512764573097229,-0.17213448882102966,-0.4883040189743042,0.0
157,4157,-0.37184968485760556,-0.4378407981579155,-0.22984968485760557,-0.09084079815791551,0.24714960699768013,0.08445840874632105,0.28460410237312317,0.4682072699069977,-1.0,0.8325581550598145,0.6152542233467102,-0.09387499839067459,0.022874999791383743,-0.09624999761581421,0.10262499749660492,0.0,0.0,0.00010278000263497233,0.0003882800228893757,0.0,0.0430000014603138,0.0430000014603138,0.0,0.0,0.006000000052154064,0.024250000715255737,-0.9934209585189819,-0.95270836353302,0.8386962413787842,-0.4118577241897583,-0.28153554
158,4158,-0.3732721269208161,-0.43618909582158105,-0.23127212692081614,-0.08918909582158108,0.24787394276920124,0.08384885654709967,0.2980239987373352,0.4612867832183838,-1.0,0.8325581550598145,0.6152542233467102,-0.09012500196695328,0.025750000029802322,-0.0951249971985817,0.10199999809265137,0.0,7.994000043254346e-05,0.0006909100338816643,0.00014275001012720168,0.007000000216066837,0.0729999989271164,0.07999999821186066,0.0,0.0017500000540167093,0.03500000014901161,0.010250000283122063,0.6081234812736511,-0.3029685914516449,-0.9485604166984558,-0.6193026304244995,0.0
159,4159,-0.3323866243488371,-0.46502401674627314,-0.1903866243488371,-0.11802401674627316,0.22400164119905414,0.10645675719762329,0.2947159707546234,0.46408626437187195,-1.0,0.8325581550598145,0.6152542233467102,-0.07887499779462814,0.020999999716877937,-0.09600000083446503,0.09525000303983688,9.13600015337579e-05,0.0,7.423000351991504e-05,6.28100024187006e-05,0.00800000037997961,0.012000000104308128,0.019999999552965164,0.0002500000118743628,0.0,0.0012499999720603228,0.000750000006519258,-0.0007248817710205913,0.44956836104393005,-0.8853984475135803,-0.21067151427268982,0.0
160,4160,-0.3809982103813945,-0.431980798813173,-0.2389982103813945,-0.084980798813173,0.2536570139626229,0.0791373649508369,0.3897985517978668,0.41521352529525757,-1.0,0.8325581550598145,0.6152542233467102,-0.07887499779462814,0.029249999672174454,-0.1120000034570694,0.09175000339746475,9.13600015337579e-05,7.423000351991504e-05,1.1420000191719737e-05,0.0,0.014499999582767487,0.0010000000474974513,0.01549999974668026,0.0002500000118743628,0.0002500000118743628,0.0002500000118743628,0.0,-0.2246011197566986,-0.5624193549156189,-0.29692500829696655,0.849249005317688,-0.059631
161,4161,-0.36951831641601357,-0.4378676688900016,-0.22751831641601358,-0.09086766889000164,0.24499289286483444,0.08629971971914777,0.2767483592033386,0.4712189733982086,-1.0,0.8325581550598145,0.6152542233467102,-0.08287499845027924,0.01887499913573265,-0.10925000160932541,0.10625000298023224,0.0,0.0,7.994000043254346e-05,6.851999933132902e-05,0.0,0.013000000268220901,0.013000000268220901,0.0,0.0,0.0022499999031424522,0.002749999985098839,-0.44542086124420166,-0.8061304092407227,0.9583161473274231,-0.9112962484359741,-0.19818616
162,4162,-0.3250305368847691,-0.47199489767867386,-0.18303053688476909,-0.12499489767867389,0.22163912533221425,0.10900175964816608,0.3034457862377167,0.4612412452697754,-1.0,0.8325581550598145,0.6152542233467102,-0.07925000041723251,0.022624999284744263,-0.09212499856948853,0.0898749977350235,8.565000462112948e-05,0.0,9.13600015337579e-05,6.851999933132902e-05,0.007499999832361937,0.014000000432133675,0.0215000007301569,0.0002500000118743628,0.0,0.0037499999161809683,0.001500000013038516,-0.022263461723923683,0.6902337670326233,0.4455558955669403,-0.9626111388206482,0.0
163,4163,-0.29611012090963085,-0.48640148482129425,-0.15411012090963086,-0.13940148482129427,0.20780448343854996,0.12517471039303027,0.40690574049949646,0.4033984839916229,-1.0,0.8325581550598145,0.6152542233467102,-0.07962500303983688,0.03550000116229057,-0.0820000022649765,0.07249999791383743,9.13600015337579e-05,0.0,2.8550000934046693e-05,6.28100024187006e-05,0.00800000037997961,0.00800000037997961,0.01600000075995922,0.0002500000118743628,0.0,0.0,0.0002500000118743628,-0.8237560391426086,-0.5285261869430542,-0.7568619251251221,-0.33975812792778015,-0.087423146
164,4164,-0.33142653683998247,-0.4632229424921731,-0.18942653683998248,-0.11622294249217313,0.22223902722233155,0.10834981350558925,0.4741625189781189,0.3789805471897125,-1.0,0.8325581550598145,0.6152542233467102,-0.09487500041723251,0.039250001311302185,-0.09624999761581421,0.0663750022649765,0.0,7.423000351991504e-05,2.8550000934046693e-05,0.0,0.006500000134110451,0.0024999999441206455,0.008999999612569809,0.0,0.0,0.0002500000118743628,0.0,-0.19294609129428864,-0.12509785592556,-0.3288803696632385,0.6370548009872437,-0.11061919
165,4165,-0.2723544188920228,-0.5002527717009493,-0.1303544188920228,-0.1532527717009493,0.20119315733568138,0.13373011550808275,0.39203131198883057,0.4182662069797516,-1.0,0.8325581550598145,0.6152542233467102,-0.0911249965429306,0.03712499886751175,-0.0923750028014183,0.078125,0.0,0.0,0.0,6.28100024187006e-05,0.0,0.005499999970197678,0.005499999970197678,0.0,-0.0002500000118743628,0.0,0.0002500000118743628,0.6580677032470703,0.006562612950801849,-0.17751185595989227,-0.9936268329620361,-0.068513915
166,4166,-0.2978421179825791,-0.48485298102748886,-0.1558421179825791,-0.13785298102748889,0.20806299554572724,0.12485153651332019,0.52940833568573,0.35550376772880554,-1.0,0.8325581550598145,0.6152542233467102,-0.07900000363588333,0.0403750017285347,-0.0885000005364418,0.05950000137090683,9.13600015337579e-05,7.994000043254346e-05,0.0,6.28100024187006e-05,0.014999999664723873,0.005499999970197678,0.020500000566244125,0.0002500000118743628,0.000750000006519258,-0.0002500000118743628,0.0002500000118743628,0.18853290379047394,-0.09021422266960144,0.056607820093631744,-0.2667093276977539,-0.017207062
167,4167,-0.30304682595734644,-0.48050686607450166,-0.16104682595734646,-0.13350686607450168,0.20918930049113596,0.123453216936529,0.4701346158981323,0.3816051185131073,-1.0,0.8325581550598145,0.6152542233467102,-0.0754999965429306,0.039250001311302185,-0.08474999666213989,0.054625000804662704,9.13600015337579e-05,0.0,0.0,0.0,0.00800000037997961,0.0,0.00800000037997961,0.0002500000118743628,-0.0002500000118743628,-0.0002500000118743628,0.0,0.21738086640834808,0.7581825852394104,0.5556755065917969,0.31020280718803406,0.0
168,4168,-0.3678866996943083,-0.43462058016378474,-0.22588669969430833,-0.08762058016378477,0.24228530117822844,0.08866828458974316,0.458030641078949,0.3889714181423187,-1.0,0.8325581550598145,0.6152542233467102,-0.07199999690055847,0.05025000125169754,-0.07437500357627869,0.05874999985098839,0.0001256200048374012,0.00010278000263497233,0.0,7.994000043254346e-05,0.019999999552965164,0.007000000216066837,0.027000000700354576,0.0012499999720603228,0.006000000052154064,-0.0002500000118743628,0.0032500000670552254,-0.7809802293777466,-0.8520493507385254,-0.2708868384361267,0.8664988279342651,-0.05650642
169,4169,-0.3602222283961773,-0.43914636299056403,-0.2182222283961773,-0.09214636299056406,0.23687949083570353,0.0935934470258485,0.30724024772644043,0.4667447805404663,-1.0,0.8325581550598145,0.6152542233467102,-0.0860000029206276,0.03725000098347664,-0.0729999989271164,0.07175000011920929,0.0,6.851999933132902e-05,9.707000572234392e-05,0.00013703999866265804,0.006000000052154064,0.020500000566244125,0.026499999687075615,0.0,0.0002500000118743628,0.0044999998062849045,0.009499999694526196,-0.7071828842163086,0.1572740077972412,0.27597394585609436,-0.24867603182792664,-0.10886195
170,4170,-0.3498345843655108,-0.449507055734957,-0.2078345843655108,-0.102507055734957,0.23173888524335792,0.09853052774919602,0.32506459951400757,0.4590739607810974,-1.0,0.8325581550598145,0.6152542233467102,-0.08237499743700027,0.039500001817941666,-0.07212500274181366,0.07150000333786011,9.13600015337579e-05,7.994000043254346e-05,0.00019414001144468784,6.28100024187006e-05,0.014999999664723873,0.02250000089406967,0.03750000149011612,0.0002500000118743628,0.001500000013038516,0.013000000268220901,0.000750000006519258,0.3057054281234741,0.13671132922172546,-0.784224271774292,0.9440032839775085,0.0
171,4171,-0.3619213419480552,-0.4426760714858107,-0.2199213419480552,-0.0956760714858107,0.23983183128849137,0.09087064085293614,0.3492218852043152,0.4415134787559509,-1.0,0.8325581550598145,0.6152542233467102,-0.07724999636411667,0.03999999910593033,-0.08174999803304672,0.08137500286102295,0.00011420000373618677,0.00011420000373618677,9.13600015337579e-05,0.00022840000747237355,0.019999999552965164,0.02800000086426735,0.04800000041723251,0.0012499999720603228,0.005499999970197678,0.003000000026077032,0.016249999403953552,0.4888591170310974,-0.7443919777870178,0.15372233092784882,-0.14818239212036133,0.0
172,4172,-0.3605130866347891,-0.44000848415694965,-0.2185130866347891,-0.09300848415694968,0.2374837829323013,0.09302957465652383,0.3211131691932678,0.45309141278266907,-1.0,0.8325581550598145,0.6152542233467102,-0.0676250010728836,0.0286250002682209,-0.08150000125169754,0.08150000125169754,9.13600015337579e-05,7.994000043254346e-05,0.00013703999866265804,0.0001484600070398301,0.014999999664723873,0.02500000037252903,0.03999999910593033,0.0002500000118743628,0.0005000000237487257,0.008249999955296516,0.010499999858438969,-0.8093472123146057,0.7444591522216797,0.4704396724700928,-0.09258139133453369,0.0
173,4173,-0.34989624794360796,-0.44778580324128336,-0.20789624794360798,-0.10078580324128339,0.23103815278871326,0.0992233878475543,0.32438817620277405,0.4576127529144287,-1.0,0.8325581550598145,0.6152542233467102,-0.08275000005960464,0.04125000163912773,-0.07900000363588333,0.08124999701976776,8.565000462112948e-05,8.565000462112948e-05,0.00034260001848451793,0.00010848999954760075,0.014999999664723873,0.039500001817941666,0.054499998688697815,0.0002500000118743628,0.003000000026077032,0.020749999210238457,0.00774999987334013,0.5994182825088501,0.8886256217956543,0.924852728843689,-0.06342872232198715,0.0
174,4174,-0.3565945694371689,-0.4443224253580527,-0.2145945694371689,-0.09732242535805274,0.23563209397172036,0.09476824068546898,0.349078506231308,0.4444308280944824,-1.0,0.8325581550598145,0.6152542233467102,-0.07225000113248825,0.05249999836087227,-0.07062499970197678,0.07724999636411667,0.0001484600070398301,0.00019414001144468784,0.0008108200272545218,0.0001827200030675158,0.029999999329447746,0.08699999749660492,0.11699999868869781,0.001500000013038516,0.013749999925494194,0.03849999979138374,0.013500000350177288,0.9309839606285095,-0.8908546566963196,0.7409718036651611,-0.3901039958000183,0.0
175,4175,-0.34484603996521035,-0.4526763400685537,-0.20284603996521036,-0.1056763400685537,0.22872254978434534,0.10154781599903866,0.33350101113319397,0.4503009617328644,-1.0,0.8325581550598145,0.6152542233467102,-0.054749999195337296,0.0416250005364418,-0.05912499874830246,0.06862500309944153,0.00011420000373618677,8.565000462112948e-05,0.0009706999990157783,0.00022269001055974513,0.017500000074505806,0.10450000315904617,0.12200000137090683,0.0012499999720603228,0.0022499999031424522,0.04324999824166298,0.016249999403953552,0.3860747814178467,0.4525344967842102,0.0856972336769104,0.5941389203071594,0.0
176,4176,-0.34879707485077893,-0.4482676598472022,-0.20679707485077894,-0.10126765984720221,0.23026108897894,0.09999742035373801,0.3608231544494629,0.4361417889595032,-1.0,0.8325581550598145,0.6152542233467102,-0.048500001430511475,0.04262499883770943,-0.05912499874830246,0.06862500309944153,0.00022269001055974513,0.0002512400096748024,0.0010449300752952695,0.0007879800396040082,0.04149999842047691,0.16050000488758087,0.20200000703334808,0.003000000026077032,0.017000000923871994,0.04625000059604645,0.03849999979138374,-0.5032692551612854,0.16057054698467255,0.03284613415598869,-0.9268208742141724,0.0
177,4177,-0.36281612144910763,-0.4361183348357612,-0.22081612144910764,-0.0891183348357612,0.23812147550300017,0.0924382194883358,0.3516347110271454,0.44361412525177,-1.0,0.8325581550598145,0.6152542233467102,-0.05662500113248825,0.048250000923871994,-0.05525000020861626,0.0638749971985817,9.707000572234392e-05,0.00017130000924225897,0.0008450800087302923,0.00017701000615488738,0.023499999195337296,0.08950000256299973,0.11299999803304672,0.0005000000237487257,0.011749999597668648,0.039500001817941666,0.013249999843537807,-0.8115514516830444,-0.65517258644104,-0.2893911600112915,0.9466322064399719,0.0
178,4178,-0.36556375457436124,-0.4370412415212932,-0.22356375457436126,-0.09004124152129322,0.24101489068951962,0.08980192145129143,0.3190322816371918,0.4642062187194824,-1.0,0.8325581550598145,0.6152542233467102,-0.07137499749660492,0.041749998927116394,-0.05537499859929085,0.06475000083446503,0.0,7.423000351991504e-05,0.0005367400008253753,0.0010734800016507506,0.006500000134110451,0.14100000262260437,0.14749999344348907,-0.0002500000118743628,0.0002500000118743628,0.028999999165534973,0.04675000160932541,-0.5456628203392029,-0.5966038703918457,-0.7061195373535156,0.25295236706733704,-0.08947954
179,4179,-0.36193260567872765,-0.43748132504190557,-0.21993260567872766,-0.09048132504190559,0.2378176217650275,0.09271952363371364,0.3126424252986908,0.46264195442199707,-1.0,0.8325581550598145,0.6152542233467102,-0.0677499994635582,0.030750000849366188,-0.05974999815225601,0.06949999928474426,8.565000462112948e-05,0.0,0.00016558999777771533,0.0012961700558662415,0.007499999832361937,0.12800000607967377,0.1354999989271164,0.0,0.0,0.011500000022351742,0.04650000110268593,-0.569754421710968,0.8032082319259644,0.6799394488334656,0.8463289737701416,0.0
180,4180,-0.35567627074712477,-0.44177036771809036,-0.21367627074712478,-0.09477036771809039,0.23374980487226216,0.09656894703356678,0.32108697295188904,0.46189606189727783,-1.0,0.8325581550598145,0.6152542233467102,-0.07837499678134918,0.04337500035762787,-0.0598750002682209,0.07349999994039536,0.0,0.00010278000263497233,0.0007537199999205768,0.0020099200773984194,0.008999999612569809,0.24199999868869781,0.25099998712539673,0.0,0.004749999847263098,0.03700000047683716,0.07000000029802322,-0.958270788192749,0.823151707649231,0.65167236328125,0.2550380229949951,-0.15472938
181,4181,-0.3550978067938253,-0.4427270780912446,-0.2130978067938253,-0.09572707809124464,0.23361153383389646,0.09670256627643742,0.33563658595085144,0.45462650060653687,-1.0,0.8325581550598145,0.6152542233467102,-0.07537499815225601,0.054499998688697815,-0.0598750002682209,0.07349999994039536,0.00013703999866265804,0.00019414001144468784,0.0015645400853827596,0.002186930039897561,0.028999999165534973,0.32850000262260437,0.35749998688697815,0.001500000013038516,0.013249999843537807,0.061250001192092896,0.07450000196695328,0.664059042930603,-0.6423903107643127,-0.8025299310684204,0.49440670013427734,-0.03299868
182,4182,-0.3607910227595389,-0.43980210780276974,-0.2187910227595389,-0.09280210780276976,0.23765887917938594,0.09286682588769517,0.3369818329811096,0.45300495624542236,-1.0,0.8325581550598145,0.6152542233467102,-0.06324999779462814,0.04800000041723251,-0.05974999815225601,0.07387500256299973,0.0001484600070398301,7.994000043254346e-05,0.0005767100374214351,0.0025695001240819693,0.019999999552965164,0.27549999952316284,0.2955000102519989,0.0020000000949949026,0.0022499999031424522,0.03099999949336052,0.08174999803304672,0.1510138213634491,-0.2681662142276764,-0.38418444991111755,0.7821570634841919,-0.12821572
183,4183,-0.3680592463448025,-0.43706882543055336,-0.22605924634480254,-0.09006882543055339,0.24334168605567688,0.0877365363289524,0.3237417936325073,0.4579625427722931,-1.0,0.8325581550598145,0.6152542233467102,-0.06024999916553497,0.04362500086426735,-0.0598750002682209,0.07387500256299973,0.0001256200048374012,7.423000351991504e-05,0.000245530012762174,0.001695870072580874,0.017500000074505806,0.17000000178813934,0.1875,0.001500000013038516,0.0010000000474974513,0.017000000923871994,0.06300000101327896,-0.9629377722740173,-0.9373933672904968,-0.6266935467720032,0.864406943321228,0.0
184,4184,-0.3705397194987532,-0.43792804768363036,-0.2285397194987532,-0.09092804768363039,0.24596404868217095,0.08546567147996427,0.3068389594554901,0.46259522438049316,-1.0,0.8325581550598145,0.6152542233467102,-0.07750000059604645,0.026499999687075615,-0.0728750005364418,0.08712500333786011,0.0,5.7100001868093386e-05,0.0003026300109922886,0.0019585301633924246,0.004999999888241291,0.1979999989271164,0.2029999941587448,0.0,0.0002500000118743628,0.019500000402331352,0.06875000149011612,-0.04223714396357536,-0.27889811992645264,-0.9642490148544312,0.05375294014811516,-0.030913262
185,4185,-0.37696137412427955,-0.4358383636264101,-0.23496137412427956,-0.08883836362641012,0.2511953466571145,0.0811096394124055,0.3010704219341278,0.46113890409469604,-1.0,0.8325581550598145,0.6152542233467102,-0.07374999672174454,0.021375000476837158,-0.08787500113248825,0.09925000369548798,8.565000462112948e-05,7.423000351991504e-05,0.00019985000835731626,0.0010163800325244665,0.014000000432133675,0.10649999976158142,0.12049999833106995,0.0,0.0002500000118743628,0.013500000350177288,0.04574999958276749,-0.6920076608657837,-0.28027981519699097,-0.745988130569458,-0.004329386167228222,0.0
186,4186,-0.3592132749946195,-0.4470787263032627,-0.21721327499461954,-0.1000787263032627,0.23915969203101842,0.09148347534706218,0.28613632917404175,0.4646807312965393,-1.0,0.8325581550598145,0.6152542233467102,-0.08662500232458115,0.016249999403953552,-0.0989999994635582,0.10762500017881393,0.0,0.0,0.0001256200048374012,0.0004967700224369764,0.0,0.054499998688697815,0.054499998688697815,0.0,0.0,0.00800000037997961,0.028999999165534973,-0.8580941557884216,0.7266988754272461,-0.5549221634864807,-0.5578506588935852,-0.1269713
187,4187,-0.36820408356958984,-0.43977994335102494,-0.22620408356958985,-0.09277994335102496,0.24449213752547827,0.08673295399006249,0.3274109959602356,0.4456292688846588,-1.0,0.8325581550598145,0.6152542233467102,-0.08299999684095383,0.029249999672174454,-0.10625000298023224,0.10849999636411667,8.565000462112948e-05,7.423000351991504e-05,7.994000043254346e-05,9.707000572234392e-05,0.014000000432133675,0.01549999974668026,0.029500000178813934,0.0002500000118743628,0.0012499999720603228,0.0017500000540167093,0.006500000134110451,-0.1943124383687973,0.19029675424098969,-0.03499289229512215,0.4571852385997772,0.0
188,4188,-0.36771916807591254,-0.44102762254516714,-0.22571916807591255,-0.09402762254516717,0.24452062620232773,0.08670824843838774,0.3065021336078644,0.4580000936985016,-1.0,0.8325581550598145,0.6152542233467102,-0.08649999648332596,0.03200000151991844,-0.10712499916553497,0.1106249988079071,0.0,8.565000462112948e-05,7.994000043254346e-05,0.0002969200140796602,0.007499999832361937,0.032999999821186066,0.04050000011920929,0.0,0.002749999985098839,0.0022499999031424522,0.01924999989569187,0.5361266136169434,-0.26717761158943176,0.5370991230010986,0.5431694388389587,0.0
189,4189,-0.37888740953773037,-0.4357769953304924,-0.23688740953773038,-0.08877699533049244,0.25297628287530566,0.07967791535566457,0.30762985348701477,0.4558853805065155,-1.0,0.8325581550598145,0.6152542233467102,-0.07712499797344208,0.02787500061094761,-0.10649999976158142,0.11299999803304672,0.00010848999954760075,7.423000351991504e-05,0.0003368900215718895,0.0006623599911108613,0.01600000075995922,0.08749999850988388,0.10350000113248825,0.0012499999720603228,0.0010000000474974513,0.020999999716877937,0.03474999964237213,-0.8351837396621704,-0.6869620084762573,-0.5095829367637634,0.9155001044273376,0.0
190,4190,-0.3819177492575824,-0.4390701901026212,-0.23991774925758239,-0.09207019010262124,0.2569775210292857,0.07655275176058458,0.2816571891307831,0.46478474140167236,-1.0,0.8325581550598145,0.6152542233467102,-0.09212499856948853,0.015375000424683094,-0.1132500022649765,0.12262500077486038,0.0,7.423000351991504e-05,0.0002169799990952015,0.0011705500073730946,0.006500000134110451,0.12150000035762787,0.12800000607967377,0.0,0.0002500000118743628,0.01549999974668026,0.04975000023841858,-0.5293801426887512,-0.9701748490333557,-0.4087446928024292,0.7826962471008301,-0.08752562
191,4191,-0.3786920269808907,-0.43863287692076663,-0.23669202698089073,-0.09163287692076666,0.2538103618237425,0.07901610249479266,0.27460989356040955,0.4592030644416809,-1.0,0.8325581550598145,0.6152542233467102,-0.08837500214576721,-0.002624999964609742,-0.12300000339746475,0.13362500071525574,0.0,7.423000351991504e-05,0.0003026300109922886,0.0014674700796604156,0.006500000134110451,0.1550000011920929,0.1615000069141388,0.0,0.0,0.019750000908970833,0.05700000002980232,-0.9202759265899658,0.7456575632095337,0.7218604683876038,-0.6753908395767212,-0.13443312
192,4192,-0.3830262618153603,-0.43696706686323744,-0.24102626181536033,-0.08996706686323747,0.2572697650417959,0.07632935751430148,0.2821115553379059,0.4599442780017853,-1.0,0.8325581550598145,0.6152542233467102,-0.0846249982714653,0.010125000029802322,-0.12287499755620956,0.13362500071525574,0.0,7.994000043254346e-05,0.0010563500691205263,0.0005767100374214351,0.007000000216066837,0.14300000667572021,0.15000000596046448,0.0,0.0022499999031424522,0.04650000110268593,0.03175000101327896,0.683701753616333,-0.595484733581543,-0.3231395483016968,0.36822736263275146,0.0
193,4193,-0.3795720065124742,-0.4400839702895177,-0.2375720065124742,-0.0930839702895177,0.2551569787468548,0.07795919053571729,0.2720319628715515,0.46276769042015076,-1.0,0.8325581550598145,0.6152542233467102,-0.07175000011920929,0.0002500000118743628,-0.12287499755620956,0.13362500071525574,0.0,0.0,0.0006909100338816643,0.0009992499835789204,0.0,0.14800000190734863,0.14800000190734863,-0.0002500000118743628,-0.0002500000118743628,0.03449999913573265,0.045499999076128006,-0.7307605743408203,-0.4302547872066498,-0.09918781369924545,0.6204589605331421,-0.18732186
194,4194,-0.3809550424941017,-0.437248963951573,-0.23895504249410174,-0.090248963951573,0.2554298099824887,0.07774678340115108,0.2800650894641876,0.45748478174209595,-1.0,0.8325581550598145,0.6152542233467102,-0.06812500208616257,0.0031250000465661287,-0.12287499755620956,0.13362500071525574,9.13600015337579e-05,7.994000043254346e-05,0.0005881300312466919,0.0019813701510429382,0.014999999664723873,0.22499999403953552,0.23999999463558197,0.0,0.001500000013038516,0.03099999949336052,0.06875000149011612,-0.714258074760437,0.6652061939239502,-0.8462353944778442,-0.2736722230911255,0.0
195,4195,-0.38910902781723505,-0.4359200239211074,-0.24710902781723507,-0.08892002392110743,0.2626207194470942,0.0723523609227483,0.2768487334251404,0.4622898995876312,-1.0,0.8325581550598145,0.6152542233467102,-0.08150000125169754,0.014999999664723873,-0.1302500069141388,0.13899999856948853,0.0,8.565000462112948e-05,0.00020556000526994467,0.0010620600078254938,0.007499999832361937,0.11100000143051147,0.1185000017285347,0.0,0.0024999999441206455,0.01425000000745058,0.04774999991059303,0.23778747022151947,-0.9625743627548218,-0.9411116242408752,0.42735204100608826,0.0
196,4196,-0.35925834611728535,-0.458967577230825,-0.21725834611728537,-0.11196757723082501,0.24441343520469352,0.08680124170622174,0.25788599252700806,0.46454232931137085,-1.0,0.8325581550598145,0.6152542233467102,-0.07712499797344208,-0.0016250000335276127,-0.14675000309944153,0.15399999916553497,-2.8550000934046693e-05,6.28100024187006e-05,0.00016558999777771533,0.0006223900127224624,0.00800000037997961,0.0689999982714653,0.07699999958276749,0.0,-0.0002500000118743628,0.012000000104308128,0.03375000134110451,-0.43279948830604553,-0.904228925704956,-0.891939640045166,-0.9809067845344543,-0.20844343
197,4197,-0.37990299969396607,-0.4409667666208643,-0.23790299969396608,-0.09396676662086434,0.2557881750444442,0.07746866473036666,0.32730618119239807,0.4254786968231201,-1.0,0.8325581550598145,0.6152542233467102,-0.07337500154972076,0.0013749999925494194,-0.1574999988079071,0.1522500067949295,8.565000462112948e-05,7.423000351991504e-05,7.423000351991504e-05,6.28100024187006e-05,0.014000000432133675,0.012000000104308128,0.026000000536441803,0.0,0.0012499999720603228,0.0002500000118743628,0.0005000000237487257,-0.19961316883563995,0.9157613515853882,0.9241154193878174,0.7582823038101196,0.0
198,4198,-0.38840509823024466,-0.4348347725648609,-0.24640509823024467,-0.08783477256486094,0.26159208647315263,0.07310044207321229,0.2792953550815582,0.4559885263442993,-1.0,0.8325581550598145,0.6152542233467102,-0.07724999636411667,0.01600000075995922,-0.15137499570846558,0.15587499737739563,9.13600015337579e-05,0.00010848999954760075,0.0003654400061350316,0.00032546999864280224,0.017500000074505806,0.060499999672174454,0.07800000160932541,0.0005000000237487257,0.0062500000931322575,0.02250000089406967,0.0215000007301569,-0.8219794631004333,-0.88216233253479,-0.9545386433601379,-0.433815598487854,0.0
199,4199,-0.3800267938604489,-0.4398022902702812,-0.23802679386044892,-0.09280229027028125,0.2554780219018735,0.0777093092188506,0.25952303409576416,0.4663817286491394,-1.0,0.8325581550598145,0.6152542233467102,-0.0923750028014183,0.002749999985098839,-0.15825000405311584,0.15662500262260437,0.0,6.28100024187006e-05,6.851999933132902e-05,7.994000043254346e-05,0.005499999970197678,0.013000000268220901,0.01850000023841858,0.0,-0.0002500000118743628,0.0005000000237487257,0.0037499999161809683,-0.9838786721229553,0.482784628868103,0.5350714921951294,-0.43096014857292175,-0.14206545
200,4200,-0.3489659027126611,-0.4621323994696924,-0.2069659027126611,-0.11513239946969245,0.2368340226684408,0.09363601192689605,0.2790074646472931,0.4579622149467468,-1.0,0.8325581550598145,0.6152542233467102,-0.0886249989271164,0.011374999769032001,-0.1508750021457672,0.15000000596046448,0.0,7.423000351991504e-05,0.00010278000263497233,6.851999933132902e-05,0.006500000134110451,0.014999999664723873,0.0215000007301569,0.0,0.0005000000237487257,0.005750000011175871,0.0010000000474974513,-0.49008551239967346,0.9155060648918152,0.26428931951522827,-0.41655200719833374,-0.08281027
201,4201,-0.3709294300497972,-0.4479873288281434,-0.22892943004979724,-0.10098732882814343,0.2502141573268159,0.0819093956855228,0.3512420952320099,0.42011457681655884,-1.0,0.8325581550598145,0.6152542233467102,-0.08537500351667404,0.026125000789761543,-0.14474999904632568,0.1418749988079071,0.00010848999954760075,9.707000572234392e-05,8.565000462112948e-05,7.423000351991504e-05,0.017999999225139618,0.014000000432133675,0.03200000151991844,0.0010000000474974513,0.005249999929219484,0.0032500000670552254,0.0017500000540167093,0.8836053609848022,-0.5131130814552307,-0.13202975690364838,0.7481642961502075,0.0
202,4202,-0.37000977774445143,-0.4466852353507418,-0.22800977774445144,-0.09968523535074181,0.24884855815135223,0.08303562208476516,0.3001641035079956,0.44408926367759705,-1.0,0.8325581550598145,0.6152542233467102,-0.06887499988079071,0.01850000023841858,-0.14637500047683716,0.14762499928474426,0.00011991000064881518,7.994000043254346e-05,7.994000043254346e-05,0.00026266000350005925,0.017500000074505806,0.029999999329447746,0.04749999940395355,0.0010000000474974513,0.001500000013038516,0.0017500000540167093,0.0182499997317791,-0.693639874458313,0.7950306534767151,-0.05313434079289436,0.9189940094947815,0.0
203,4203,-0.3678600986057848,-0.44980087618118814,-0.2258600986057848,-0.10280087618118816,0.24815479903849294,0.08361369216829008,0.30230283737182617,0.44629621505737305,-1.0,0.8325581550598145,0.6152542233467102,-0.08162499964237213,0.028875000774860382,-0.15049999952316284,0.15437500178813934,9.13600015337579e-05,0.0001541700039524585,0.0001256200048374012,0.000799400033429265,0.0215000007301569,0.08100000023841858,0.10249999910593033,0.0005000000237487257,0.010499999858438969,0.008249999955296516,0.039000000804662704,-0.11260801553726196,0.31403958797454834,-0.9764130115509033,0.6332152485847473,0.0
204,4204,-0.3758815484170049,-0.43989466853356807,-0.2338815484170049,-0.09289466853356809,0.25165452138178895,0.08073805820531385,0.3073020875453949,0.44101545214653015,-1.0,0.8325581550598145,0.6152542233467102,-0.08375000208616257,0.03200000151991844,-0.1678750067949295,0.17012499272823334,9.707000572234392e-05,0.000245530012762174,0.00010848999954760075,0.0005481599946506321,0.029999999329447746,0.057500001043081284,0.08749999850988388,0.000750000006519258,0.01600000075995922,0.006500000134110451,0.03099999949336052,-0.9933248162269592,0.314586877822876,0.5072830319404602,-0.7514548897743225,0.0
205,4205,-0.3841214000146556,-0.4322515059232362,-0.24212140001465562,-0.08525150592323621,0.2566916274583892,0.0767719243070381,0.2886475622653961,0.4578056335449219,-1.0,0.8325581550598145,0.6152542233467102,-0.10212499648332596,0.04149999842047691,-0.16737499833106995,0.16824999451637268,7.994000043254346e-05,0.00014275001012720168,0.00041683000745251775,0.00010278000263497233,0.019500000402331352,0.045499999076128006,0.06499999761581421,0.0005000000237487257,0.008750000037252903,0.02449999935925007,0.006750000175088644,0.3200782239437103,-0.9505559206008911,0.34649986028671265,-0.9360243082046509,0.0
206,4206,-0.3744426386606115,-0.4419108567013607,-0.23244263866061152,-0.09491085670136074,0.2510729993195084,0.08120893562752002,0.26948511600494385,0.47076016664505005,-1.0,0.8325581550598145,0.6152542233467102,-0.09612499922513962,0.02787500061094761,-0.15262499451637268,0.15275000035762787,9.13600015337579e-05,7.994000043254346e-05,0.00011991000064881518,7.994000043254346e-05,0.014999999664723873,0.017500000074505806,0.032499998807907104,0.0005000000237487257,0.0005000000237487257,0.00774999987334013,0.002749999985098839,0.5781322717666626,0.6054401993751526,0.7799439430236816,0.9316199421882629,0.0
207,4207,-0.3820791089873522,-0.4328773145560138,-0.2400791089873522,-0.08587731455601383,0.2549762571839062,0.07810020698850394,0.2919938564300537,0.4543883800506592,-1.0,0.8325581550598145,0.6152542233467102,-0.0858749970793724,0.03362499922513962,-0.1496250033378601,0.15437500178813934,0.00013133000175002962,0.00017130000924225897,0.0005710000405088067,0.0006338100065477192,0.026499999687075615,0.1054999977350235,0.13199999928474426,0.001500000013038516,0.011500000022351742,0.030750000849366188,0.03424999862909317,-0.9369525909423828,-0.015545635484158993,-0.6678816676139832,-0.32389193773269653,0.0
208,4208,-0.38225687216667736,-0.43396877963835745,-0.24025687216667738,-0.08696877963835747,0.2555130784423771,0.07768207179791695,0.2742346227169037,0.4696994721889496,-1.0,0.8325581550598145,0.6152542233467102,-0.10275000333786011,0.0364999994635582,-0.15025000274181366,0.15449999272823334,2.2840000383439474e-05,9.707000572234392e-05,0.00011420000373618677,0.00033117999555543065,0.010499999858438969,0.039000000804662704,0.0494999997317791,0.0002500000118743628,0.005249999929219484,0.007000000216066837,0.02199999988079071,-0.3162788152694702,-0.15364913642406464,-0.2184094786643982,0.8158223628997803,-0.06195346
209,4209,-0.37805411899582136,-0.4385392937723698,-0.23605411899582138,-0.0915392937723698,0.25318173196192023,0.07951438584879252,0.27382123470306396,0.4678495228290558,-1.0,0.8325581550598145,0.6152542233467102,-0.09925000369548798,0.036249998956918716,-0.15562500059604645,0.1599999964237213,9.707000572234392e-05,7.423000351991504e-05,0.0001484600070398301,0.0008736300515010953,0.014999999664723873,0.08950000256299973,0.10450000315904617,0.000750000006519258,0.0,0.009750000201165676,0.04149999842047691,0.2875347137451172,0.599107027053833,0.8012141585350037,0.6504441499710083,0.0
210,4210,-0.38401992323177114,-0.43506926431032944,-0.24201992323177116,-0.08806926431032946,0.2575457989509343,0.0761189531322524,0.28359508514404297,0.4601028859615326,-1.0,0.8325581550598145,0.6152542233467102,-0.09449999779462814,0.03962500020861626,-0.15512500703334808,0.16200000047683716,0.0001484600070398301,0.00022269001055974513,0.0007936900365166366,0.0016730300849303603,0.032499998807907104,0.2160000056028366,0.2485000044107437,0.0020000000949949026,0.01549999974668026,0.038750000298023224,0.06174999848008156,0.2189636081457138,-0.8210240602493286,-0.9786967039108276,-0.841109037399292,0.0
211,4211,-0.3746765990998312,-0.44089064327279487,-0.2326765990998312,-0.0938906432727949,0.2509060634238296,0.08134461570945208,0.269721120595932,0.4659842848777771,-1.0,0.8325581550598145,0.6152542233467102,-0.0898749977350235,0.03137499839067459,-0.1574999988079071,0.16249999403953552,0.00010278000263497233,7.994000043254346e-05,0.00010848999954760075,0.0005139000131748617,0.01600000075995922,0.054499998688697815,0.07050000131130219,0.000750000006519258,0.0012499999720603228,0.007000000216066837,0.029249999672174454,-0.9502336978912354,0.1797678917646408,-0.4441637694835663,-0.7064530849456787,0.0
212,4212,-0.35582655257708395,-0.45542888218223226,-0.21382655257708397,-0.10842888218223229,0.2397469855457809,0.09094777344030473,0.29144975543022156,0.45611754059791565,-1.0,0.8325581550598145,0.6152542233467102,-0.10712499916553497,0.03437500074505806,-0.16312499344348907,0.16224999725818634,0.0,8.565000462112948e-05,7.994000043254346e-05,7.423000351991504e-05,0.007499999832361937,0.013500000350177288,0.020999999716877937,-0.0002500000118743628,0.0017500000540167093,0.0017500000540167093,0.0035000001080334187,0.9366797208786011,0.9633179306983948,0.684285044670105,-0.5729839205741882,0.0
213,4213,-0.381126734454147,-0.43213825710650566,-0.23912673445414703,-0.08513825710650569,0.25383088455473185,0.0789998878965355,0.33528709411621094,0.4314764738082886,-1.0,0.8325581550598145,0.6152542233467102,-0.09087499976158142,0.04662499949336052,-0.15275000035762787,0.15150000154972076,0.00017130000924225897,0.00019414001144468784,0.00010848999954760075,7.994000043254346e-05,0.03200000151991844,0.016499999910593033,0.048500001430511475,0.0022499999031424522,0.013249999843537807,0.006500000134110451,0.0037499999161809683,-0.5606350302696228,-0.3012670874595642,0.9090800285339355,0.3131539523601532,0.0
214,4214,-0.36516130017229587,-0.44512337808722063,-0.22316130017229588,-0.09812337808722066,0.24378097387170558,0.08735196571900401,0.27644944190979004,0.4709520936012268,-1.0,0.8325581550598145,0.6152542233467102,-0.10037499666213989,0.04675000160932541,-0.1471250057220459,0.1511249989271164,0.0,7.994000043254346e-05,0.0005196100100874901,0.00022269001055974513,0.007000000216066837,0.06499999761581421,0.07199999690055847,0.0002500000118743628,0.0017500000540167093,0.029249999672174454,0.01600000075995922,0.6249297857284546,0.9579516053199768,-0.5220123529434204,0.7548136115074158,0.0
215,4215,-0.3808800783810315,-0.43200314813649265,-0.2388800783810315,-0.08500314813649268,0.25355320356966954,0.07921956041670179,0.31357836723327637,0.44894343614578247,-1.0,0.8325581550598145,0.6152542233467102,-0.09037499874830246,0.05387499928474426,-0.1471250057220459,0.15125000476837158,0.0002512400096748024,0.0003825699968729168,0.0001484600070398301,0.0009649900021031499,0.05550000071525574,0.09749999642372131,0.15299999713897705,0.0035000001080334187,0.023250000551342964,0.009750000201165676,0.04399999976158142,-0.4572562873363495,-0.7347357869148254,0.55405592918396,0.384207159280777,0.0
216,4216,-0.3865405989486913,-0.4281884262505182,-0.24454059894869132,-0.0811884262505182,0.25766580116736587,0.07602766348712313,0.2770230770111084,0.47118109464645386,-1.0,0.8325581550598145,0.6152542233467102,-0.09724999964237213,0.050999999046325684,-0.1472499966621399,0.15324999392032623,9.13600015337579e-05,7.994000043254346e-05,0.0005652900435961783,0.0013704000739380717,0.014999999664723873,0.16949999332427979,0.18449999392032623,0.0002500000118743628,0.001500000013038516,0.030750000849366188,0.054249998182058334,-0.0027832018677145243,-0.5825082063674927,0.8365507125854492,-0.5487208962440491,0.0
217,4217,-0.3840655110533027,-0.4277161380270287,-0.24206551105330273,-0.0807161380270287,0.25516819272686586,0.07795044869783696,0.2638590633869171,0.47764673829078674,-1.0,0.8325581550598145,0.6152542233467102,-0.09712500125169754,0.04050000011920929,-0.14499999582767487,0.15324999392032623,7.423000351991504e-05,7.423000351991504e-05,0.0014731800183653831,0.0006338100065477192,0.013000000268220901,0.18449999392032623,0.19750000536441803,0.0,0.000750000006519258,0.057500001043081284,0.03375000134110451,-0.751937210559845,0.27171915769577026,-0.43351367115974426,-0.9579967260360718,0.0
218,4218,-0.38176035839171596,-0.4320409324710193,-0.23976035839171597,-0.08504093247101935,0.2543953412538535,0.07855522388552871,0.2696150839328766,0.47844722867012024,-1.0,0.8325581550598145,0.6152542233467102,-0.11100000143051147,0.04412499815225601,-0.14137500524520874,0.14687499403953552,0.0,9.13600015337579e-05,0.0006680700462311506,0.0001484600070398301,0.00800000037997961,0.07150000333786011,0.0794999971985817,-0.0002500000118743628,0.0035000001080334187,0.03400000184774399,0.01075000036507845,0.8933863639831543,-0.40756988525390625,0.39203402400016785,0.3344258964061737,0.0
219,4219,-0.3859021075555457,-0.43001379848720944,-0.24390210755554573,-0.08301379848720947,0.25764224965892535,0.07604557125739868,0.27497589588165283,0.4711170494556427,-1.0,0.8325581550598145,0.6152542233467102,-0.09462500363588333,0.0377499982714653,-0.13887499272823334,0.14675000309944153,8.565000462112948e-05,7.994000043254346e-05,0.0009764100541360676,0.00035402001230977476,0.014499999582767487,0.11649999767541885,0.13099999725818634,0.0005000000237487257,0.0010000000474974513,0.04349999874830246,0.023499999195337296,-0.843707263469696,-0.2150920182466507,-0.8562496900558472,0.1519840657711029,0.0
220,4220,-0.3897653153832615,-0.4262896497437074,-0.2477653153832615,-0.07928964974370745,0.26014322990123506,0.07416727239065056,0.26534393429756165,0.47455286979675293,-1.0,0.8325581550598145,0.6152542233467102,-0.10999999940395355,0.03412500023841858,-0.1391250044107437,0.14675000309944153,0.0,6.851999933132902e-05,0.00017130000924225897,0.000491060025524348,0.006000000052154064,0.057999998331069946,0.06400000303983688,-0.0002500000118743628,0.0002500000118743628,0.012000000104308128,0.028999999165534973,0.007934731431305408,-0.32484155893325806,-0.5320181846618652,-0.6371239423751831,-0.023047835
221,4221,-0.38610342109054696,-0.43256779638066156,-0.24410342109054697,-0.08556779638066159,0.258666441514069,0.07527069360081586,0.256359726190567,0.4808650016784668,-1.0,0.8325581550598145,0.6152542233467102,-0.10637500137090683,0.02812499925494194,-0.1443749964237213,0.14662499725818634,0.0,7.423000351991504e-05,8.565000462112948e-05,8.565000462112948e-05,0.006500000134110451,0.014999999664723873,0.0215000007301569,0.0,0.0002500000118743628,0.002749999985098839,0.005499999970197678,-0.14727377891540527,0.12567229568958282,-0.4532110393047333,0.607469916343689,-0.041672852
222,4222,-0.38921872317621264,-0.4295993293906818,-0.24721872317621266,-0.08259932939068182,0.2606525394172618,0.07379049171895713,0.26487576961517334,0.4702240824699402,-1.0,0.8325581550598145,0.6152542233467102,-0.10275000333786011,0.029750000685453415,-0.15287500619888306,0.15449999272823334,9.13600015337579e-05,7.423000351991504e-05,7.994000043254346e-05,0.00016558999777771533,0.014499999582767487,0.0215000007301569,0.035999998450279236,0.0002500000118743628,0.001500000013038516,0.003000000026077032,0.012500000186264515,0.5899598598480225,-0.45314791798591614,0.6833046674728394,-0.4657283425331116,0.0
223,4223,-0.3670299758098031,-0.4472698047026577,-0.22502997580980313,-0.10026980470265773,0.24635852684262768,0.08512919217630968,0.2576308846473694,0.4752553701400757,-1.0,0.8325581550598145,0.6152542233467102,-0.09162499755620956,0.02212500013411045,-0.1469999998807907,0.15025000274181366,0.0,1.1420000191719737e-05,0.00022840000747237355,7.994000043254346e-05,0.0010000000474974513,0.027000000700354576,0.02800000086426735,0.0,0.0,0.016750000417232513,0.0037499999161809683,-0.24512337148189545,0.8904250264167786,-0.19816173613071442,-0.07640457153320312,-0.05341481
224,4224,-0.38096370585320466,-0.43498206698571873,-0.23896370585320467,-0.08798206698571875,0.2546458262492759,0.07835870106941162,0.309232622385025,0.44530540704727173,-1.0,0.8325581550598145,0.6152542233467102,-0.0886249989271164,0.03487500175833702,-0.14687499403953552,0.14937500655651093,0.00010278000263497233,0.00013133000175002962,0.00014275001012720168,7.423000351991504e-05,0.020500000566244125,0.01899999938905239,0.039500001817941666,0.001500000013038516,0.00774999987334013,0.00925000011920929,0.002749999985098839,0.03995361924171448,-0.30496951937675476,0.8978944420814514,0.5420152544975281,0.0
225,4225,-0.38594238858616997,-0.4310077112630627,-0.24394238858616998,-0.08400771126306272,0.258002295533943,0.07577226462482749,0.2768285870552063,0.46613210439682007,-1.0,0.8325581550598145,0.6152542233467102,-0.08775000274181366,0.032875001430511475,-0.14287500083446503,0.14937500655651093,0.00011420000373618677,7.423000351991504e-05,0.0007879800396040082,0.00035402001230977476,0.016499999910593033,0.10000000149011612,0.11649999767541885,0.0010000000474974513,0.0005000000237487257,0.03474999964237213,0.023000000044703484,-0.0584353543817997,-0.5728305578231812,0.7533726692199707,-0.4754558801651001,0.0
226,4226,-0.3827969820738093,-0.43508703387222325,-0.2407969820738093,-0.08808703387222327,0.2564030267221131,0.07699380867178976,0.2652502655982971,0.47286829352378845,-1.0,0.8325581550598145,0.6152542233467102,-0.08824999630451202,0.02237500064074993,-0.1353749930858612,0.14374999701976776,0.0,7.423000351991504e-05,0.0011420000810176134,0.00022269001055974513,0.006500000134110451,0.11949999630451202,0.12600000202655792,0.0,0.0002500000118743628,0.04800000041723251,0.016499999910593033,0.17648807168006897,-0.48892515897750854,0.5933030843734741,-0.7628942131996155,-0.002821432
227,4227,-0.3783142958542673,-0.4394178973969736,-0.2363142958542673,-0.09241789739697365,0.2537430081487483,0.07906934067058141,0.27256515622138977,0.4659541845321655,-1.0,0.8325581550598145,0.6152542233467102,-0.08449999988079071,0.013375000096857548,-0.12150000035762787,0.1303749978542328,0.0,0.0,0.000925020023714751,0.0001884299999801442,0.0,0.09749999642372131,0.09749999642372131,0.0,0.0,0.042249999940395355,0.014750000089406967,0.9140012264251709,-0.5508637428283691,0.6135914325714111,0.5461773872375488,-0.090103656
228,4228,-0.3832318183665575,-0.4380797413879058,-0.24123181836655752,-0.09107974138790581,0.25785327122944085,0.07588526789544585,0.2829900085926056,0.45861372351646423,-1.0,0.8325581550598145,0.6152542233467102,-0.0676250010728836,0.014624999836087227,-0.11862500011920929,0.1301250010728836,0.00010278000263497233,9.707000572234392e-05,0.0015245700487866998,0.0006852000369690359,0.017500000074505806,0.19349999725818634,0.210999995470047,0.0005000000237487257,0.004999999888241291,0.05950000137090683,0.03550000116229057,-0.9678825736045837,-0.7476171255111694,0.6527413129806519,-0.1864980161190033,0.0
229,4229,-0.3784271394029181,-0.44094163232098205,-0.23642713940291812,-0.09394163232098207,0.2544068051947067,0.07854621887729962,0.2715539038181305,0.4608817994594574,-1.0,0.8325581550598145,0.6152542233467102,-0.08550000190734863,0.0032500000670552254,-0.11862500011920929,0.1301250010728836,-2.2840000383439474e-05,0.0,0.002523820148780942,0.000491060025524348,0.0020000000949949026,0.2639999985694885,0.26600000262260437,0.0,-0.0002500000118743628,0.08375000208616257,0.028750000521540642,0.22724241018295288,0.11781297624111176,0.7014058828353882,0.6854349374771118,-0.15403117
230,4230,-0.3830831479612194,-0.43853012733784513,-0.2410831479612194,-0.09153012733784516,0.2578737063784778,0.07586976221221303,0.28272756934165955,0.4560311436653137,-1.0,0.8325581550598145,0.6152542233467102,-0.08124999701976776,0.006124999839812517,-0.11862500011920929,0.1301250010728836,0.0,7.994000043254346e-05,0.001735839992761612,0.001358980080112815,0.007000000216066837,0.2709999978542328,0.27799999713897705,0.0,0.001500000013038516,0.06499999761581421,0.054249998182058334,-0.2425905168056488,-0.5405378341674805,0.4451490342617035,-0.8855425715446472,-0.07691388
231,4231,-0.3769879821252735,-0.4413341695483829,-0.23498798212527353,-0.09433416954838292,0.25321589066978184,0.07948722940043246,0.27189967036247253,0.46011844277381897,-1.0,0.8325581550598145,0.6152542233467102,-0.07762499898672104,-0.0031250000465661287,-0.11862500011920929,0.1301250010728836,8.565000462112948e-05,0.0,0.0021127001382410526,0.0003140500048175454,0.007499999832361937,0.21250000596046448,0.2199999988079071,0.0002500000118743628,-0.0002500000118743628,0.0742499977350235,0.021250000223517418,-0.03624600172042847,-0.644134521484375,0.9915017485618591,-0.8120779991149902,-0.16530752
232,4232,-0.37427626743364584,-0.442216257126848,-0.23227626743364585,-0.095216257126848,0.25103465902968974,0.08124007733832786,0.2860744595527649,0.4553658068180084,-1.0,0.8325581550598145,0.6152542233467102,-0.07800000160932541,0.000375000003259629,-0.10212499648332596,0.11474999785423279,-5.7100000958598685e-06,7.994000043254346e-05,0.0014617600245401263,0.00033117999555543065,0.007499999832361937,0.15700000524520874,0.16449999809265137,-0.0002500000118743628,0.0002500000118743628,0.05824999883770943,0.02174999937415123,-0.05526597797870636,0.2775717079639435,0.3959704339504242,0.7113166451454163,-0.030631918
233,4233,-0.3790146879458408,-0.4393943186408408,-0.23701468794584082,-0.0923943186408408,0.25438685583018933,0.07856188991190202,0.29238077998161316,0.4538707435131073,-1.0,0.8325581550598145,0.6152542233467102,-0.0742499977350235,0.004999999888241291,-0.10212499648332596,0.11474999785423279,0.0,8.565000462112948e-05,0.0020270501263439655,0.0011305800871923566,0.007499999832361937,0.27649998664855957,0.2840000092983246,-0.0002500000118743628,0.0012499999720603228,0.0729999989271164,0.048250000923871994,-0.39903634786605835,-0.8856501579284668,0.12449255585670471,-0.3093681037425995,-0.076545365
234,4234,-0.37609200638486695,-0.4409152022424019,-0.23409200638486696,-0.09391520224240191,0.2522283343828045,0.08027609938798339,0.2813611924648285,0.45865368843078613,-1.0,0.8325581550598145,0.6152542233467102,-0.07050000131130219,-0.010625000111758709,-0.10212499648332596,0.11474999785423279,1.7129999832832254e-05,-7.994000043254346e-05,0.00215838011354208,0.0007365900091826916,0.008500000461935997,0.2535000145435333,0.2619999945163727,-0.0002500000118743628,-0.0005000000237487257,0.07599999755620956,0.03674999997019768,-0.1655765026807785,0.538720965385437,-0.6884558200836182,-0.9651999473571777,-0.043869182
235,4235,-0.3687879351806942,-0.44138000042367576,-0.2267879351806942,-0.09438000042367578,0.24564273248662538,0.08574072818828676,0.288158118724823,0.4560759365558624,-1.0,0.8325581550598145,0.6152542233467102,-0.06700000166893005,-0.000750000006519258,-0.09787499904632568,0.10887499898672104,9.13600015337579e-05,0.0,0.0008850500453263521,0.0001598800008650869,0.00800000037997961,0.09149999916553497,0.09950000047683716,0.0002500000118743628,-0.0002500000118743628,0.041749998927116394,0.012500000186264515,-0.9775794744491577,0.9243987202644348,-0.49942612648010254,-0.9105427265167236,0.0
236,4236,-0.3699892196935285,-0.44062662432875443,-0.2279892196935285,-0.09362662432875446,0.24646506665177062,0.08503854399421458,0.305144339799881,0.4552881419658661,-1.0,0.8325581550598145,0.6152542233467102,-0.08512499928474426,0.016249999403953552,-0.09137500077486038,0.09674999862909317,0.0,7.423000351991504e-05,0.0001484600070398301,7.423000351991504e-05,0.006500000134110451,0.019500000402331352,0.026000000536441803,0.0,0.0002500000118743628,0.010250000283122063,0.002749999985098839,0.11209205538034439,0.2381773740053177,-0.37492820620536804,0.5693092346191406,-0.010548954
237,4237,-0.3539352136864033,-0.4555761176150071,-0.2119352136864033,-0.10857611761500713,0.23812876373224906,0.0924314826244879,0.30235064029693604,0.4565650522708893,-1.0,0.8325581550598145,0.6152542233467102,-0.08150000125169754,0.020375000312924385,-0.0951249971985817,0.10037499666213989,8.565000462112948e-05,7.423000351991504e-05,8.565000462112948e-05,0.00022840000747237355,0.014000000432133675,0.027499999850988388,0.04149999842047691,0.0002500000118743628,0.000750000006519258,0.0037499999161809683,0.016750000417232513,0.6646438241004944,0.8482550382614136,-0.9748731255531311,0.8528667092323303,0.0
238,4238,-0.36030959028289367,-0.4455695297590232,-0.21830959028289368,-0.09856952975902322,0.23953085272340152,0.09114455400702642,0.3396855592727661,0.431226909160614,-1.0,0.8325581550598145,0.6152542233467102,-0.06962499767541885,0.032999999821186066,-0.11349999904632568,0.1171249970793724,0.0001256200048374012,0.00011420000373618677,9.707000572234392e-05,0.00019414001144468784,0.020999999716877937,0.025499999523162842,0.04650000110268593,0.0012499999720603228,0.007249999791383743,0.004000000189989805,0.014999999664723873,-0.38610726594924927,-0.03166460245847702,0.7391386032104492,-0.9672984480857849,0.0
239,4239,-0.3278880492206451,-0.46830610847761134,-0.18588804922064509,-0.12130610847761136,0.22196742733346933,0.1086444914700201,0.32486140727996826,0.4481872320175171,-1.0,0.8325581550598145,0.6152542233467102,-0.07612500339746475,0.03449999913573265,-0.10212499648332596,0.10537499934434891,0.0,8.565000462112948e-05,0.00013133000175002962,7.423000351991504e-05,0.007499999832361937,0.017999999225139618,0.025499999523162842,0.0,0.0032500000670552254,0.008750000037252903,0.0022499999031424522,-0.7615537047386169,0.9509609937667847,0.5311558842658997,-0.8825348615646362,-0.11538645
240,4240,-0.3093667696373701,-0.47590840191596584,-0.1673667696373701,-0.12890840191596586,0.2112557967568623,0.12092823995119105,0.4002603590488434,0.40965065360069275,-1.0,0.8325581550598145,0.6152542233467102,-0.0729999989271164,0.0494999997317791,-0.08924999833106995,0.08900000154972076,0.0001256200048374012,0.00013133000175002962,8.565000462112948e-05,6.851999933132902e-05,0.02250000089406967,0.013500000350177288,0.035999998450279236,0.0012499999720603228,0.008750000037252903,0.002749999985098839,0.0020000000949949026,-0.18717341125011444,0.9645731449127197,-0.4672417640686035,-0.41266703605651855,0.0
241,4241,-0.2953542523357646,-0.4830560834409959,-0.15335425233576463,-0.1360560834409959,0.20500923040381527,0.12872302138474798,0.44333308935165405,0.39676541090011597,-1.0,0.8325581550598145,0.6152542233467102,-0.07612500339746475,0.0638749971985817,-0.09662500023841858,0.08187499642372131,9.13600015337579e-05,0.00023982000129763037,0.0,6.28100024187006e-05,0.028999999165534973,0.005499999970197678,0.03449999913573265,0.0005000000237487257,0.01600000075995922,0.0,0.0010000000474974513,-0.5199322700500488,-0.7387270331382751,0.9077494740486145,-0.9797073006629944,0.0
242,4242,-0.34005796102951164,-0.45489062798597535,-0.19805796102951165,-0.10789062798597537,0.22553789822195222,0.10483380605832489,0.47592034935951233,0.38465070724487305,-1.0,0.8325581550598145,0.6152542233467102,-0.08550000190734863,0.057999998331069946,-0.0793749988079071,0.06400000303983688,0.0,7.423000351991504e-05,-7.423000351991504e-05,6.28100024187006e-05,0.006500000134110451,0.012000000104308128,0.01850000023841858,0.0,0.0002500000118743628,-0.0005000000237487257,0.0002500000118743628,0.05044381693005562,0.22255489230155945,0.06348114460706711,0.8139591217041016,-0.017946744
243,4243,-0.30214710655985355,-0.4812454865112616,-0.16014710655985356,-0.1342454865112616,0.20897116161838794,0.1237228103294156,0.3719582259654999,0.4323887526988983,-1.0,0.8325581550598145,0.6152542233467102,-0.08237499743700027,0.05925000086426735,-0.0793749988079071,0.07612500339746475,0.00010278000263497233,0.00010848999954760075,7.994000043254346e-05,9.707000572234392e-05,0.01850000023841858,0.01549999974668026,0.03400000184774399,0.0012499999720603228,0.006000000052154064,0.0017500000540167093,0.006500000134110451,0.8797094821929932,-0.6090395450592041,-0.8864246606826782,-0.9711431860923767,0.0
244,4244,-0.31382738278320593,-0.4733403745439729,-0.17182738278320595,-0.1263403745439729,0.21327573634625607,0.11851006758854993,0.4601230025291443,0.3877195119857788,-1.0,0.8325581550598145,0.6152542233467102,-0.06587500125169754,0.05037499964237213,-0.0951249971985817,0.061000000685453415,9.707000572234392e-05,6.851999933132902e-05,1.1420000191719737e-05,5.7100001868093386e-05,0.014499999582767487,0.006000000052154064,0.020500000566244125,0.0010000000474974513,0.0010000000474974513,0.0002500000118743628,0.0005000000237487257,-0.8724432587623596,0.470299631357193,0.11184364557266235,0.6557012796401978,-0.010578764
245,4245,-0.30891507711230737,-0.4738259034598638,-0.16691507711230738,-0.12682590345986383,0.20963170741998507,0.12290825770845275,0.43295958638191223,0.4011180102825165,-1.0,0.8325581550598145,0.6152542233467102,-0.08187499642372131,0.05712499842047691,-0.09125000238418579,0.07237499952316284,9.13600015337579e-05,9.707000572234392e-05,0.0,7.423000351991504e-05,0.016499999910593033,0.006500000134110451,0.023000000044703484,0.0005000000237487257,0.004999999888241291,0.0,0.0022499999031424522,-0.5982030034065247,0.47712936997413635,-0.9123963713645935,-0.15943704545497894,-0.13348757
246,4246,-0.3170269646392047,-0.46938767140757387,-0.17502696463920472,-0.1223876714075739,0.21357242439833307,0.11815898344738741,0.44438353180885315,0.40029507875442505,-1.0,0.8325581550598145,0.6152542233467102,-0.09287499636411667,0.06599999964237213,-0.08737500011920929,0.07062499970197678,9.13600015337579e-05,9.707000572234392e-05,0.0,0.0,0.016499999910593033,0.0,0.016499999910593033,0.0002500000118743628,0.004999999888241291,-0.0002500000118743628,0.0,0.6869357824325562,0.20241641998291016,-0.6877748966217041,0.5594145059585571,-0.10653299
247,4247,-0.3121090436654973,-0.47286400084147817,-0.1701090436654973,-0.1258640008414782,0.21161009769057265,0.12050054817330383,0.4255186915397644,0.4078175127506256,-1.0,0.8325581550598145,0.6152542233467102,-0.08100000023841858,0.06687500327825546,-0.08425000309944153,0.07762499898672104,0.00017130000924225897,0.00016558999777771533,7.423000351991504e-05,9.707000572234392e-05,0.029500000178813934,0.014999999664723873,0.04450000077486038,0.0022499999031424522,0.01075000036507845,0.0010000000474974513,0.006750000175088644,0.14736726880073547,0.7326644659042358,-0.7411634922027588,0.6225768327713013,0.0
248,4248,-0.3060808745095558,-0.47551662399766453,-0.1640808745095558,-0.12851662399766456,0.20842038293693277,0.12440612925287246,0.4369557201862335,0.4019254148006439,-1.0,0.8325581550598145,0.6152542233467102,-0.07900000363588333,0.07387500256299973,-0.0976250022649765,0.08687499910593033,0.0002797899942379445,0.00041112001053988934,0.0,0.0001484600070398301,0.060499999672174454,0.013000000268220901,0.07349999994039536,0.0037499999161809683,0.024000000208616257,0.0,0.011500000022351742,0.8553161025047302,0.1531095951795578,-0.9739266633987427,-0.9696989059448242,-0.14087121
249,4249,-0.3061500370638779,-0.4747651007292292,-0.1641500370638779,-0.1277651007292292,0.20801239297797278,0.12491473058423964,0.450974702835083,0.3974294364452362,-1.0,0.8325581550598145,0.6152542233467102,-0.06424999982118607,0.07374999672174454,-0.09399999678134918,0.07275000214576721,0.0005253200070001185,0.0005652900435961783,7.423000351991504e-05,7.423000351991504e-05,0.09549999982118607,0.013000000268220901,0.10849999636411667,0.0062500000931322575,0.029750000685453415,0.0002500000118743628,0.0035000001080334187,0.028619548305869102,0.328486829996109,-0.716850996017456,0.1613469123840332,0.0
250,4250,-0.30419056104241854,-0.4742645001914195,-0.16219056104241855,-0.12726450019141955,0.20616020736365764,0.12724994272668752,0.4508138597011566,0.3987032175064087,-1.0,0.8325581550598145,0.6152542233467102,-0.06424999982118607,0.07524999976158142,-0.10724999755620956,0.07275000214576721,0.0006395200034603477,0.0008336600149050355,0.0,0.00013703999866265804,0.1289999932050705,0.012000000104308128,0.14100000262260437,0.007249999791383743,0.039000000804662704,0.0,0.009499999694526196,-0.3397253453731537,0.6397019624710083,-0.7577589750289917,-0.49026453495025635,-0.11493108
251,4251,-0.30865987850219934,-0.47293535451312474,-0.16665987850219935,-0.12593535451312476,0.20889047038750777,0.1238226840772091,0.45537078380584717,0.3995516896247864,-1.0,0.8325581550598145,0.6152542233467102,-0.06787499785423279,0.08399999886751175,-0.10362499952316284,0.06662499904632568,0.0001541700039524585,0.0010392200201749802,7.423000351991504e-05,7.423000351991504e-05,0.10450000315904617,0.013000000268220901,0.11749999970197678,0.0020000000949949026,0.045249998569488525,0.0002500000118743628,0.0035000001080334187,0.38288915157318115,-0.5791659355163574,-0.554539144039154,0.9820301532745361,0.0
252,4252,-0.3034477860569705,-0.4761574265507615,-0.1614477860569705,-0.1291574265507615,0.2067535452076038,0.12649715615239002,0.4449770152568817,0.40180447697639465,-1.0,0.8325581550598145,0.6152542233467102,-0.06462500244379044,0.08387500047683716,-0.11375000327825546,0.07537499815225601,0.0009592800051905215,0.00041683000745251775,0.0,0.00033117999555543065,0.12049999833106995,0.028999999165534973,0.14949999749660492,0.009750000201165676,0.024000000208616257,-0.0002500000118743628,0.022749999538064003,0.5965341329574585,-0.46575218439102173,-0.0029805214144289494,-0.9826553463935852,-0.024357663
253,4253,-0.30589256079911986,-0.47297866966254687,-0.16389256079911987,-0.1259786696625469,0.20671573886677888,0.12654498913976023,0.45709818601608276,0.3963433504104614,-1.0,0.8325581550598145,0.6152542233467102,-0.05324999988079071,0.07774999737739563,-0.11012499779462814,0.06575000286102295,0.0008964700391516089,0.0002969200140796602,0.0,8.565000462112948e-05,0.10450000315904617,0.007499999832361937,0.1120000034570694,0.00925000011920929,0.01899999938905239,0.0,0.005249999929219484,-0.8622671961784363,0.8248762488365173,-0.8009834289550781,0.39052706956863403,-0.12011802
254,4254,-0.30700607879055636,-0.47500132981639404,-0.16500607879055637,-0.12800132981639406,0.20883329828502106,0.12389349634955517,0.4514126479625702,0.40173107385635376,-1.0,0.8325581550598145,0.6152542233467102,-0.06587500125169754,0.08387500047683716,-0.10662499815225601,0.0689999982714653,0.00017130000924225897,0.0007822700426913798,6.851999933132902e-05,0.00017130000924225897,0.08349999785423279,0.020999999716877937,0.10450000315904617,0.0022499999031424522,0.03750000149011612,0.0005000000237487257,0.013249999843537807,0.7070660591125488,-0.8562702536582947,0.867461085319519,0.309485524892807,0.0
255,4255,-0.3050431083267453,-0.4790430866183823,-0.16304310832674532,-0.13204308661838232,0.20980570034333296,0.12269459197336269,0.44882306456565857,0.39830282330513,-1.0,0.8325581550598145,0.6152542233467102,-0.05674999952316284,0.07800000160932541,-0.09000000357627869,0.07137499749660492,0.0010563500691205263,0.00025695000658743083,-5.7100000958598685e-06,0.0003026300109922886,0.11500000208616257,0.027000000700354576,0.1420000046491623,0.010499999858438969,0.017249999567866325,-0.0002500000118743628,0.019999999552965164,0.5253325700759888,-0.9899381399154663,-0.23743513226509094,-0.3359690308570862,-0.052492224
256,4256,-0.30697231908652234,-0.4782550786228407,-0.16497231908652235,-0.13125507862284075,0.21081689146999927,0.121460166863407,0.45338812470436096,0.3914524018764496,-1.0,0.8325581550598145,0.6152542233467102,-0.04462499916553497,0.0625,-0.08624999970197678,0.07150000333786011,0.0004625100118573755,0.00016558999777771533,0.0,0.00010848999954760075,0.054999999701976776,0.009499999694526196,0.06449999660253525,0.005750000011175871,0.011250000447034836,-0.0002500000118743628,0.007249999791383743,0.5199266672134399,0.6491905450820923,-0.6004663705825806,0.4821459650993347,-0.09605597
257,4257,-0.3016747581880072,-0.4811460496837678,-0.15967475818800722,-0.1341460496837678,0.2085454172312556,0.12425067613217537,0.44890159368515015,0.39278799295425415,-1.0,0.8325581550598145,0.6152542233467102,-0.03762499988079071,0.06224999949336052,-0.08262500166893005,0.07312499731779099,0.0011248700320720673,0.0007308800122700632,7.423000351991504e-05,0.00032546999864280224,0.16249999403953552,0.03500000014901161,0.19750000536441803,0.010999999940395355,0.035999998450279236,0.0,0.02199999988079071,-0.1575920283794403,-0.880192220211029,-0.3813211917877197,-0.8276744484901428,0.0
258,4258,-0.29970809331849063,-0.48551742599111225,-0.15770809331849064,-0.13851742599111228,0.2099021676909436,0.12257628882595284,0.46122148633003235,0.3878880441188812,-1.0,0.8325581550598145,0.6152542233467102,-0.03750000149011612,0.05912499874830246,-0.08974999934434891,0.0676250010728836,0.0003882800228893757,0.00016558999777771533,0.0,7.423000351991504e-05,0.048500001430511475,0.006500000134110451,0.054999999701976776,0.004999999888241291,0.00925000011920929,0.0,0.0020000000949949026,0.14644458889961243,-0.8410820960998535,-0.7174149751663208,-0.5641851425170898,-0.1100898
259,4259,-0.28889631484154954,-0.48604602060305635,-0.14689631484154955,-0.13904602060305638,0.20226794891819422,0.13230049198218416,0.4657951295375824,0.38047894835472107,-1.0,0.8325581550598145,0.6152542233467102,-0.03362499922513962,0.04650000110268593,-0.0858749970793724,0.057750001549720764,0.00020556000526994467,8.565000462112948e-05,0.0,6.28100024187006e-05,0.025499999523162842,0.005499999970197678,0.03099999949336052,0.0024999999441206455,0.003000000026077032,-0.0002500000118743628,0.000750000006519258,-0.7985512018203735,0.13658492267131805,0.7919517755508423,-0.9192585945129395,0.0
260,4260,-0.29401961678168276,-0.4828767044657866,-0.15201961678168277,-0.13587670446578665,0.2038932139697945,0.13016763754083238,0.49093881249427795,0.3795830011367798,-1.0,0.8325581550598145,0.6152542233467102,-0.04724999889731407,0.047874998301267624,-0.07112500071525574,0.04075000062584877,9.13600015337579e-05,9.707000572234392e-05,-5.139000131748617e-05,6.28100024187006e-05,0.016499999910593033,0.009999999776482582,0.026499999687075615,0.0,0.005249999929219484,-0.0002500000118743628,0.0005000000237487257,-0.6887621879577637,0.4276553690433502,0.8116464614868164,-0.004778881557285786,0.0
261,4261,-0.2927240967833654,-0.4839330181979386,-0.15072409678336543,-0.13693301819793863,0.2036379257995875,0.13050036464667802,0.47902414202690125,0.3849547505378723,-1.0,0.8325581550598145,0.6152542233467102,-0.06024999916553497,0.05587499961256981,-0.05612500011920929,0.04062499850988388,9.13600015337579e-05,9.707000572234392e-05,0.0,6.28100024187006e-05,0.016499999910593033,0.005499999970197678,0.02199999988079071,0.0002500000118743628,0.005249999929219484,0.0,0.000750000006519258,-0.9504727125167847,-0.883782684803009,-0.5954487323760986,-0.7142576575279236,-0.09545385
262,4262,-0.29165010770413896,-0.4839634702898924,-0.14965010770413897,-0.13696347028989242,0.20286484892585663,0.13151314251761456,0.4820369780063629,0.3831643760204315,-1.0,0.8325581550598145,0.6152542233467102,-0.07787500321865082,0.042125001549720764,-0.05249999836087227,0.02775000035762787,0.0,0.0,7.423000351991504e-05,0.0,0.0,0.006500000134110451,0.006500000134110451,0.0,-0.0002500000118743628,0.0002500000118743628,-0.0002500000118743628,-0.30770596861839294,-0.3663361668586731,-0.891130268573761,0.21164679527282715,-0.12888506
263,4263,-0.29680212882106094,-0.48116285620797106,-0.15480212882106095,-0.13416285620797108,0.20484963039608609,0.12892862736676527,0.4845346212387085,0.38311275839805603,-1.0,0.8325581550598145,0.6152542233467102,-0.07412499934434891,0.045875001698732376,-0.06912499666213989,0.03162499889731407,9.13600015337579e-05,0.0,7.423000351991504e-05,0.0,0.00800000037997961,0.006500000134110451,0.014499999582767487,0.0,-0.0002500000118743628,0.0002500000118743628,-0.0002500000118743628,0.4551178812980652,0.6989390254020691,0.8332719206809998,-0.4722198247909546,-0.080666386
264,4264,-0.2949856326009983,-0.478200901962633,-0.15298563260099832,-0.131200901962633,0.20153977388628797,0.1332673872043088,0.47255319356918335,0.3878595530986786,-1.0,0.8325581550598145,0.6152542233467102,-0.06612499803304672,0.0560000017285347,-0.0533749982714653,0.03400000184774399,0.00010278000263497233,0.00010278000263497233,-7.423000351991504e-05,6.851999933132902e-05,0.017999999225139618,0.012500000186264515,0.030500000342726707,0.0010000000474974513,0.005499999970197678,-0.0002500000118743628,0.0024999999441206455,-0.6312772035598755,0.8907963037490845,-0.1607627123594284,0.13191303610801697,0.0
265,4265,-0.3080265475839441,-0.4697028640684081,-0.1660265475839441,-0.12270286406840814,0.20644807422989905,0.12688415904187755,0.4767776131629944,0.39287981390953064,-1.0,0.8325581550598145,0.6152542233467102,-0.07750000059604645,0.07175000011920929,-0.05649999901652336,0.036125000566244125,8.565000462112948e-05,0.00011420000373618677,0.0,7.423000351991504e-05,0.017500000074505806,0.006500000134110451,0.024000000208616257,0.0002500000118743628,0.007249999791383743,0.0,0.003000000026077032,-0.6817381381988525,0.23809660971164703,-0.6408452987670898,0.41047582030296326,-0.10090145
266,4266,-0.29136527666800305,-0.48229416412853043,-0.14936527666800306,-0.13529416412853046,0.2015303865955376,0.13327989798862372,0.446449875831604,0.4072832763195038,-1.0,0.8325581550598145,0.6152542233467102,-0.09025000035762787,0.07649999856948853,-0.05299999937415123,0.04387500137090683,9.13600015337579e-05,0.00010848999954760075,7.423000351991504e-05,7.423000351991504e-05,0.017500000074505806,0.013000000268220901,0.030500000342726707,0.0002500000118743628,0.006500000134110451,0.0005000000237487257,0.002749999985098839,0.9103405475616455,-0.8179294466972351,0.04851540923118591,-0.3803052008152008,0.0
267,4267,-0.35550876771500667,-0.4356661458459937,-0.21350876771500668,-0.08866614584599375,0.23118754142549228,0.09907527004421265,0.4851970374584198,0.38594210147857666,-1.0,0.8325581550598145,0.6152542233467102,-0.07349999994039536,0.0637499988079071,-0.052000001072883606,0.03824999928474426,0.00010278000263497233,7.994000043254346e-05,7.423000351991504e-05,0.0,0.01600000075995922,0.006500000134110451,0.02250000089406967,0.000750000006519258,0.001500000013038516,0.0002500000118743628,-0.0002500000118743628,-0.7947953939437866,-0.08448667824268341,0.6532049179077148,-0.7183719873428345,-0.110204645
268,4268,-0.35697682793938385,-0.4336291621482029,-0.21497682793938386,-0.08662916214820293,0.2317749949528186,0.09849495508487509,0.336026132106781,0.4649726450443268,-1.0,0.8325581550598145,0.6152542233467102,-0.08812499791383743,0.06300000101327896,-0.042249999940395355,0.03974999859929085,5.7100000958598685e-06,0.0,9.707000572234392e-05,8.565000462112948e-05,0.0005000000237487257,0.01600000075995922,0.016499999910593033,0.0002500000118743628,0.0,0.004999999888241291,0.0042500002309679985,-0.7245087623596191,-0.40305861830711365,-0.533845067024231,0.6050195693969727,-0.07236704
269,4269,-0.3629452496879772,-0.429078475984532,-0.2209452496879772,-0.08207847598453205,0.235698280816017,0.09470553733053884,0.3326120376586914,0.4684251546859741,-1.0,0.8325581550598145,0.6152542233467102,-0.1014999970793724,0.06612499803304672,-0.05062500014901161,0.04800000041723251,0.0,7.994000043254346e-05,7.994000043254346e-05,0.00014275001012720168,0.007000000216066837,0.019500000402331352,0.026499999687075615,0.0,0.0012499999720603228,0.0017500000540167093,0.010250000283122063,0.505789041519165,-0.39103996753692627,0.7917435765266418,-0.7757413983345032,0.0
270,4270,-0.28942721704231533,-0.4809971392039783,-0.14742721704231534,-0.13399713920397832,0.19922353686171798,0.13639020205186544,0.31873196363449097,0.476138174533844,-1.0,0.8325581550598145,0.6152542233467102,-0.09212499856948853,0.05937499925494194,-0.038624998182058334,0.0377499982714653,0.0,0.0,0.00011420000373618677,6.851999933132902e-05,0.0,0.01600000075995922,0.01600000075995922,0.0,0.0002500000118743628,0.007249999791383743,0.0017500000540167093,0.735516369342804,-0.47726207971572876,-0.020527273416519165,-0.8399955630302429,-0.081271455
271,4271,-0.33263533989241434,-0.4488305353493462,-0.19063533989241435,-0.10183053534934622,0.2161279499403786,0.11517765697466141,0.4897041320800781,0.3881404399871826,-1.0,0.8325581550598145,0.6152542233467102,-0.07862500101327896,0.06174999848008156,-0.035374999046325684,0.022874999791383743,8.565000462112948e-05,8.565000462112948e-05,1.1420000191719737e-05,5.7100001868093386e-05,0.014999999664723873,0.006000000052154064,0.020999999716877937,0.0005000000237487257,0.003000000026077032,0.0,0.0002500000118743628,-0.4559237062931061,0.785585880279541,-0.8806155323982239,0.7851314544677734,-0.12967387
272,4272,-0.2945694963939489,-0.4765496535362613,-0.15256949639394893,-0.1295496535362613,0.20015135263412168,0.13513060465282453,0.38922014832496643,0.4426601231098175,-1.0,0.8325581550598145,0.6152542233467102,-0.08699999749660492,0.07524999976158142,-0.03375000134110451,0.032625000923871994,8.565000462112948e-05,0.00010278000263497233,9.13600015337579e-05,0.00013703999866265804,0.016499999910593033,0.019999999552965164,0.0364999994635582,0.0002500000118743628,0.005249999929219484,0.0042500002309679985,0.009999999776482582,0.8409904837608337,0.6360630989074707,-0.8385061025619507,0.031174683943390846,0.0
273,4273,-0.2862217344600575,-0.4766468680290352,-0.1442217344600575,-0.12964686802903524,0.1939283864739905,0.14380689810121614,0.4777453541755676,0.3956785500049591,-1.0,0.8325581550598145,0.6152542233467102,-0.07262499630451202,0.08112499862909317,-0.04712500050663948,0.03412500023841858,0.00023411000438500196,0.00026266000350005925,0.0,0.00010848999954760075,0.04349999874830246,0.009499999694526196,0.05299999937415123,0.003000000026077032,0.017249999567866325,-0.0002500000118743628,0.00800000037997961,-0.11337907612323761,0.8852167129516602,-0.16238945722579956,-0.9344026446342468,-0.043486737
274,4274,-0.28412757079870193,-0.4770159410260414,-0.14212757079870195,-0.13001594102604142,0.19262500175737082,0.14569352351774587,0.4971587657928467,0.39551377296447754,-1.0,0.8325581550598145,0.6152542233467102,-0.07362499833106995,0.09337499737739563,-0.04337500035762787,0.019375000149011612,0.00010278000263497233,0.00043967002420686185,0.0,6.851999933132902e-05,0.04749999940395355,0.006000000052154064,0.05350000038743019,0.000750000006519258,0.025750000029802322,-0.0002500000118743628,0.0024999999441206455,-0.505768358707428,-0.8984130620956421,-0.7309234738349915,-0.7489320039749146,-0.11171082
275,4275,-0.32604640950015934,-0.4497821619805807,-0.18404640950015935,-0.10278216198058071,0.21080145557206828,0.12147891677786246,0.5020288825035095,0.3948882222175598,-1.0,0.8325581550598145,0.6152542233467102,-0.08275000005960464,0.08912499994039536,-0.03974999859929085,0.0063749998807907104,8.565000462112948e-05,6.851999933132902e-05,0.0,6.28100024187006e-05,0.013500000350177288,0.005499999970197678,0.01899999938905239,0.0002500000118743628,0.000750000006519258,0.0,0.0005000000237487257,-0.7298257350921631,-0.6126024723052979,0.5698739290237427,0.3170355558395386,0.0
276,4276,-0.3338374056351212,-0.446595989952691,-0.19183740563512122,-0.09959598995269103,0.2161502982081463,0.11515191963950355,0.4045432209968567,0.44104719161987305,-1.0,0.8325581550598145,0.6152542233467102,-0.0963750034570694,0.07824999839067459,-0.029124999418854713,0.012500000186264515,2.2840000383439474e-05,0.0,0.0,6.851999933132902e-05,0.0020000000949949026,0.006000000052154064,0.00800000037997961,0.0002500000118743628,-0.0002500000118743628,0.0,0.0,-0.026817021891474724,0.346681147813797,-0.6219522953033447,0.9391611814498901,-0.12585233
277,4277,-0.3040497060816057,-0.4671665490731121,-0.1620497060816057,-0.12016654907311214,0.20174267460623066,0.13299726085305108,0.38642463088035583,0.4464474618434906,-1.0,0.8325581550598145,0.6152542233467102,-0.09300000220537186,0.08187499642372131,-0.027249999344348907,0.025624999776482582,0.00010848999954760075,9.707000572234392e-05,9.13600015337579e-05,0.00011991000064881518,0.017999999225139618,0.01850000023841858,0.0364999994635582,0.0010000000474974513,0.005499999970197678,0.0037499999161809683,0.008750000037252903,-0.9866644144058228,0.07758867740631104,-0.9579514265060425,-0.692844033241272,0.0
278,4278,-0.30371195593846956,-0.4662454250640724,-0.16171195593846957,-0.11924542506407243,0.20092343838426824,0.13409129784299625,0.4556983709335327,0.4115821123123169,-1.0,0.8325581550598145,0.6152542233467102,-0.1107499971985817,0.08574999868869781,-0.04312499985098839,0.017124999314546585,0.0,7.423000351991504e-05,0.0,0.0,0.006500000134110451,0.0,0.006500000134110451,-0.0002500000118743628,0.0005000000237487257,-0.0002500000118743628,0.0,-0.9194831252098083,-0.7056379318237305,0.4330896735191345,-0.8105510473251343,-0.25560412
279,4279,-0.3349806641124388,-0.44628089535829535,-0.19298066411243883,-0.09928089535829537,0.21702127293061096,0.11415333056891773,0.4564838111400604,0.4131433367729187,-1.0,0.8325581550598145,0.6152542233467102,-0.10712499916553497,0.0729999989271164,-0.03525000065565109,0.020749999210238457,9.707000572234392e-05,0.0,0.0,6.28100024187006e-05,0.008500000461935997,0.005499999970197678,0.014000000432133675,0.0,-0.0002500000118743628,0.0,0.0002500000118743628,0.5332536101341248,-0.8606145977973938,0.36293914914131165,-0.23053109645843506,-0.17893748
280,4280,-0.30626016458898797,-0.4698890122269095,-0.16426016458898798,-0.12288901222690951,0.20514168517614098,0.12855263446755458,0.38376590609550476,0.4469815194606781,-1.0,0.8325581550598145,0.6152542233467102,-0.09737499803304672,0.07612500339746475,-0.029374999925494194,0.023499999195337296,9.13600015337579e-05,7.994000043254346e-05,7.994000043254346e-05,6.851999933132902e-05,0.014999999664723873,0.013000000268220901,0.02800000086426735,0.0002500000118743628,0.0010000000474974513,0.0017500000540167093,0.0022499999031424522,0.023571966215968132,-0.06470511108636856,-0.9893060922622681,0.7287256717681885,0.0
281,4281,-0.34028861606814875,-0.4463353511782638,-0.19828861606814877,-0.09933535117826381,0.22177891526457313,0.10884949261387174,0.45055776834487915,0.40696778893470764,-1.0,0.8325581550598145,0.6152542233467102,-0.09712500125169754,0.0754999965429306,-0.046875,0.03750000149011612,9.13600015337579e-05,6.851999933132902e-05,5.7100000958598685e-06,7.423000351991504e-05,0.014000000432133675,0.007000000216066837,0.020999999716877937,0.0005000000237487257,0.0,-0.0002500000118743628,0.001500000013038516,0.6212389469146729,0.08409211039543152,-0.535643994808197,0.7896203994750977,-0.08827729
282,4282,-0.36213068906688567,-0.43079842351903175,-0.22013068906688568,-0.08379842351903177,0.23554128311898304,0.09485433962063139,0.37142181396484375,0.4468892216682434,-1.0,0.8325581550598145,0.6152542233467102,-0.0858749970793724,0.0754999965429306,-0.04612499848008156,0.045249998569488525,0.00011420000373618677,8.565000462112948e-05,0.00010278000263497233,0.0002169799990952015,0.017500000074505806,0.02800000086426735,0.045499999076128006,0.0012499999720603228,0.003000000026077032,0.005750000011175871,0.01549999974668026,-0.7129257917404175,-0.9181774854660034,0.739020586013794,0.9825507998466492,0.0
283,4283,-0.36028351968874034,-0.4325932027298531,-0.21828351968874035,-0.0855932027298531,0.23446511749353768,0.09588064186894618,0.32062631845474243,0.4732230007648468,-1.0,0.8325581550598145,0.6152542233467102,-0.09849999845027924,0.05974999815225601,-0.04374999925494194,0.0507499985396862,0.0,6.851999933132902e-05,0.0005196100100874901,0.000867919996380806,0.006000000052154064,0.12150000035762787,0.1274999976158142,0.0,0.0002500000118743628,0.02850000001490116,0.04125000163912773,-0.7620093822479248,0.45245271921157837,-0.5818551778793335,0.9324442744255066,-0.11544113
284,4284,-0.36756072428756037,-0.4302474745347619,-0.22556072428756038,-0.08324747453476194,0.2404324902286392,0.09032645421368003,0.3249220550060272,0.47018101811408997,-1.0,0.8325581550598145,0.6152542233467102,-0.0949999988079071,0.06562499701976776,-0.048124998807907104,0.05874999985098839,9.13600015337579e-05,9.707000572234392e-05,0.00023411000438500196,0.0016273499932140112,0.016499999910593033,0.16300000250339508,0.17949999868869781,0.0005000000237487257,0.005249999929219484,0.01549999974668026,0.05999999865889549,-0.5804223418235779,-0.7283939123153687,-0.9870629906654358,-0.3793773055076599,0.0
285,4285,-0.3617909622831796,-0.43387630530865984,-0.2197909622831796,-0.08687630530865986,0.2363378080744796,0.09410180218714663,0.30799832940101624,0.47415682673454285,-1.0,0.8325581550598145,0.6152542233467102,-0.10562500357627869,0.054499998688697815,-0.06237500160932541,0.06887499988079071,-1.1420000191719737e-05,7.423000351991504e-05,0.00010848999954760075,0.00041683000745251775,0.007499999832361937,0.04600000008940697,0.05350000038743019,0.0,0.0002500000118743628,0.007000000216066837,0.025750000029802322,0.6762192249298096,0.6644105911254883,0.3849172592163086,0.898479163646698,0.0
286,4286,-0.36813426209959443,-0.4309131356149213,-0.22613426209959445,-0.08391313561492131,0.24120140717677468,0.08963458216810154,0.32141637802124023,0.4680062532424927,-1.0,0.8325581550598145,0.6152542233467102,-0.09324999898672104,0.06400000303983688,-0.06274999678134918,0.07249999791383743,9.707000572234392e-05,0.00010278000263497233,0.00035973000922240317,0.001261910074390471,0.017500000074505806,0.1420000046491623,0.15950000286102295,0.0005000000237487257,0.006000000052154064,0.02199999988079071,0.052000001072883606,0.2577831745147705,-0.8019329309463501,-0.4028297960758209,-0.6056538820266724,0.0
287,4287,-0.36418338357140184,-0.43376729048550544,-0.22218338357140185,-0.08676729048550547,0.23852467091148616,0.09206626319092592,0.30666449666023254,0.4730285704135895,-1.0,0.8325581550598145,0.6152542233467102,-0.08837500214576721,0.051874998956918716,-0.06437499821186066,0.07275000214576721,8.565000462112948e-05,7.423000351991504e-05,0.0001484600070398301,0.0005024800193496048,0.014000000432133675,0.05700000002980232,0.07100000232458115,0.0002500000118743628,0.0002500000118743628,0.010250000283122063,0.028999999165534973,-0.6650711297988892,0.17370852828025818,0.5501522421836853,-0.5884726047515869,0.0
288,4288,-0.36429937197378937,-0.4344354780702116,-0.22229937197378938,-0.08743547807021163,0.2388764819008092,0.09174293304853816,0.3158525824546814,0.4681910276412964,-1.0,0.8325581550598145,0.6152542233467102,-0.10062500089406967,0.05387499928474426,-0.06424999982118607,0.07225000113248825,0.0,9.13600015337579e-05,0.0005824200343340635,0.00010848999954760075,0.00800000037997961,0.060499999672174454,0.06849999725818634,0.0,0.002749999985098839,0.030500000342726707,0.00800000037997961,0.9226284027099609,-0.7913234829902649,0.7268226146697998,-0.8918581008911133,0.0
289,4289,-0.36502717712548666,-0.4355443591537638,-0.22302717712548667,-0.08854435915376385,0.2399608828007472,0.0907534465534916,0.31558284163475037,0.4670585095882416,-1.0,0.8325581550598145,0.6152542233467102,-0.0833749994635582,0.04050000011920929,-0.04712500050663948,0.05562499910593033,0.0,7.423000351991504e-05,0.0003882800228893757,0.00011420000373618677,0.006500000134110451,0.04399999976158142,0.05050000175833702,0.0,0.0,0.023499999195337296,0.00800000037997961,-0.4863527715206146,-0.30974912643432617,-0.2720286548137665,0.38178545236587524,-0.08236234
290,4290,-0.3585811723825696,-0.43713601336077035,-0.2165811723825696,-0.09013601336077037,0.23458880010601807,0.09576212749216638,0.313890278339386,0.46517905592918396,-1.0,0.8325581550598145,0.6152542233467102,-0.07975000143051147,0.03487500175833702,-0.04712500050663948,0.05562499910593033,9.13600015337579e-05,0.0,0.00019985000835731626,0.00034831001539714634,0.00800000037997961,0.04800000041723251,0.0560000017285347,0.0002500000118743628,-0.0002500000118743628,0.013500000350177288,0.02225000038743019,-0.6425274610519409,0.7969025373458862,0.6516313552856445,0.44040924310684204,0.0
291,4291,-0.3640805193652677,-0.4358559518550946,-0.2220805193652677,-0.08885595185509465,0.23919685880383534,0.09144948020945404,0.32888099551200867,0.4624813199043274,-1.0,0.8325581550598145,0.6152542233467102,-0.09162499755620956,0.048624999821186066,-0.04600000008940697,0.05624999850988388,0.0,7.994000043254346e-05,0.0007194600184448063,0.0007251700153574347,0.007000000216066837,0.1264999955892563,0.13349999487400055,0.0,0.0020000000949949026,0.03550000116229057,0.03750000149011612,-0.44358181953430176,-0.6489736437797546,0.6861939430236816,0.40343448519706726,-0.11840146
292,4292,-0.36105659014636793,-0.43805670131551094,-0.21905659014636794,-0.09105670131551097,0.23722797588188455,0.09326785550713874,0.3160918056964874,0.4646509289741516,-1.0,0.8325581550598145,0.6152542233467102,-0.08787500113248825,0.03750000149011612,-0.045375000685453415,0.05700000002980232,0.0,2.8550000934046693e-05,0.0010963199893012643,0.0012162299826741219,0.0024999999441206455,0.20250000059604645,0.20499999821186066,0.0,0.0,0.04699999839067459,0.050999999046325684,-0.954572856426239,-0.3856421113014221,-0.9005283713340759,-0.27246972918510437,-0.20882581
293,4293,-0.3643819968170306,-0.43786782658199236,-0.2223819968170306,-0.09086782658199238,0.24023054430289428,0.09050904911726346,0.3231242001056671,0.4609208405017853,-1.0,0.8325581550598145,0.6152542233467102,-0.08425000309944153,0.04024999961256981,-0.045375000685453415,0.05700000002980232,8.565000462112948e-05,7.994000043254346e-05,0.0001884299999801442,0.000867919996380806,0.014499999582767487,0.0925000011920929,0.10700000077486038,0.0002500000118743628,0.0020000000949949026,0.013249999843537807,0.04100000113248825,0.04151473566889763,-0.2231025993824005,-0.7944140434265137,0.5007656216621399,0.0
294,4294,-0.36927398096378233,-0.43606024800248216,-0.22727398096378235,-0.08906024800248219,0.24410077877259903,0.08707305607267961,0.3153907060623169,0.4612409770488739,-1.0,0.8325581550598145,0.6152542233467102,-0.08349999785423279,0.03712499886751175,-0.05912499874830246,0.06875000149011612,8.565000462112948e-05,7.423000351991504e-05,0.0001598800008650869,0.0007080400246195495,0.014000000432133675,0.07599999755620956,0.09000000357627869,0.0002500000118743628,0.0,0.010999999940395355,0.036249998956918716,-0.5630913972854614,-0.5385911464691162,-0.4018869996070862,0.4588894546031952,0.0
295,4295,-0.3650202174169216,-0.4394722108142407,-0.2230202174169216,-0.09247221081424073,0.24143141293038972,0.08942865438554454,0.3040139973163605,0.464304655790329,-1.0,0.8325581550598145,0.6152542233467102,-0.09375,0.027124999091029167,-0.0663750022649765,0.07575000077486038,-9.13600015337579e-05,0.0,0.0001541700039524585,0.0007822700426913798,0.00800000037997961,0.0820000022649765,0.09000000357627869,-0.0002500000118743628,0.0,0.010499999858438969,0.039250001311302185,-0.7140603065490723,0.3848825991153717,-0.6123991012573242,-0.41699913144111633,-0.10968725
296,4296,-0.369729856025223,-0.4368203006535983,-0.22772985602522303,-0.0898203006535983,0.24480313260816658,0.08646363776525531,0.3139064610004425,0.45852166414260864,-1.0,0.8325581550598145,0.6152542233467102,-0.09012500196695328,0.03400000184774399,-0.07387500256299973,0.07962500303983688,0.0,6.851999933132902e-05,7.994000043254346e-05,0.00021127000218257308,0.006000000052154064,0.025499999523162842,0.03150000050663948,0.0,0.0005000000237487257,0.002749999985098839,0.01600000075995922,-0.30411988496780396,-0.0017283466877415776,-0.7767031788825989,0.6429178714752197,-0.06049439
297,4297,-0.3509845938260177,-0.4521004392189517,-0.20898459382601772,-0.10510043921895174,0.23392448093485677,0.09640041143772352,0.3029538094997406,0.46301645040512085,-1.0,0.8325581550598145,0.6152542233467102,-0.08649999648332596,0.03400000184774399,-0.08874999731779099,0.09300000220537186,8.565000462112948e-05,7.994000043254346e-05,9.13600015337579e-05,0.00017130000924225897,0.014499999582767487,0.023000000044703484,0.03750000149011612,0.0002500000118743628,0.0005000000237487257,0.0035000001080334187,0.013249999843537807,0.9755533337593079,0.8680562376976013,0.34514114260673523,0.39681825041770935,0.0
298,4298,-0.3442997917936837,-0.45196855783824574,-0.2022997917936837,-0.10496855783824577,0.22791139483230963,0.10237487597130966,0.3465474545955658,0.43711790442466736,-1.0,0.8325581550598145,0.6152542233467102,-0.06887499988079071,0.04574999958276749,-0.0885000005364418,0.09350000321865082,0.00014275001012720168,0.0001541700039524585,0.00023411000438500196,0.00044538002111949027,0.026000000536441803,0.05950000137090683,0.08550000190734863,0.001500000013038516,0.009499999694526196,0.01575000025331974,0.027000000700354576,-0.8128167390823364,0.7241265773773193,-0.021612228825688362,-0.8562480211257935,0.0
299,4299,-0.34560562333937306,-0.4516771395629672,-0.20360562333937307,-0.1046771395629672,0.22893788109987298,0.10132938700836809,0.3620935082435608,0.4373414218425751,-1.0,0.8325581550598145,0.6152542233467102,-0.08349999785423279,0.0598750002682209,-0.08662500232458115,0.08950000256299973,8.565000462112948e-05,0.00013133000175002962,0.00016558999777771533,7.423000351991504e-05,0.01899999938905239,0.020999999716877937,0.03999999910593033,0.0005000000237487257,0.008249999955296516,0.011250000447034836,0.003000000026077032,0.7938519716262817,0.8494903445243835,0.818508505821228,0.18240179121494293,0.0
300,4300,-0.3520359492760678,-0.4423976509313512,-0.2100359492760678,-0.09539765093135122,0.2306855257520915,0.09957389396622689,0.359056681394577,0.43783536553382874,-1.0,0.8325581550598145,0.6152542233467102,-0.0703750029206276,0.0663750022649765,-0.08187499642372131,0.08824999630451202,0.00033117999555543065,0.0004510900180321187,0.0006338100065477192,0.0001598800008650869,0.06849999725818634,0.06949999928474426,0.1379999965429306,0.004000000189989805,0.027000000700354576,0.032249998301267624,0.012249999679625034,-0.7541863322257996,0.11682196706533432,0.36038464307785034,0.7070053815841675,0.0
301,4301,-0.3670607168218619,-0.4309806717595132,-0.22506071682186193,-0.08398067175951324,0.24021881584411622,0.09051966505631046,0.3441024422645569,0.45356330275535583,-1.0,0.8325581550598145,0.6152542233467102,-0.08287499845027924,0.07312499731779099,-0.08037500083446503,0.08812499791383743,9.13600015337579e-05,0.0002512400096748024,0.0009421500144526362,0.0008051100303418934,0.029999999329447746,0.15299999713897705,0.18299999833106995,0.000750000006519258,0.017750000581145287,0.042750000953674316,0.039000000804662704,-0.610042929649353,-0.596117377281189,-0.8634440302848816,-0.4729875326156616,0.0
302,4302,-0.3150656433995586,-0.469188696222246,-0.17306564339955863,-0.12218869622224604,0.2118532379025525,0.12020791877906493,0.30916112661361694,0.4729141294956207,-1.0,0.8325581550598145,0.6152542233467102,-0.09399999678134918,0.0703750029206276,-0.08037500083446503,0.08812499791383743,9.13600015337579e-05,7.423000351991504e-05,0.0001598800008650869,0.00033117999555543065,0.014499999582767487,0.0430000014603138,0.057500001043081284,0.0002500000118743628,0.0010000000474974513,0.010499999858438969,0.0215000007301569,0.808480441570282,0.9022259712219238,-0.9795769453048706,-0.12980784475803375,0.0
303,4303,-0.31479179117483624,-0.470719082113546,-0.17279179117483626,-0.12371908211354604,0.21251685668771447,0.11941283752096692,0.4300799071788788,0.40815475583076477,-1.0,0.8325581550598145,0.6152542233467102,-0.08062499761581421,0.07649999856948853,-0.09375,0.09000000357627869,0.0002797899942379445,0.0003882800228893757,7.423000351991504e-05,0.00017701000615488738,0.05849999934434891,0.02199999988079071,0.08049999922513962,0.0037499999161809683,0.02250000089406967,0.000750000006519258,0.013000000268220901,-0.4274807870388031,0.5362197160720825,-0.7717357277870178,-0.342351496219635,0.0
304,4304,-0.3106125610013908,-0.4709335909743072,-0.1686125610013908,-0.12393359097430723,0.2092599596177793,0.12336601678269017,0.43071675300598145,0.4055608808994293,-1.0,0.8325581550598145,0.6152542233467102,-0.08749999850988388,0.08474999666213989,-0.10774999856948853,0.0898749977350235,0.00013133000175002962,0.0004510900180321187,0.0,6.28100024187006e-05,0.050999999046325684,0.005499999970197678,0.05649999901652336,0.001500000013038516,0.026000000536441803,0.0,0.0005000000237487257,-0.4450019299983978,-0.7922996878623962,0.34367987513542175,-0.24272216856479645,0.0
305,4305,-0.3243168383270778,-0.46559857753854894,-0.18231683832707782,-0.11859857753854897,0.2174972462624505,0.11361128218422596,0.44043591618537903,0.40519729256629944,-1.0,0.8325581550598145,0.6152542233467102,-0.09525000303983688,0.08237499743700027,-0.10137499868869781,0.08562500029802322,9.13600015337579e-05,7.994000043254346e-05,5.7100001868093386e-05,6.28100024187006e-05,0.014999999664723873,0.010499999858438969,0.025499999523162842,0.0005000000237487257,0.0012499999720603228,0.0,0.0,0.006728458218276501,-0.9505420327186584,0.27713724970817566,-0.05637852102518082,0.0
306,4306,-0.32123882121054304,-0.4690042960003913,-0.17923882121054305,-0.12200429600039131,0.2168215931854946,0.11438149937607295,0.408565491437912,0.41423970460891724,-1.0,0.8325581550598145,0.6152542233467102,-0.0951249971985817,0.06487499922513962,-0.0963750034570694,0.08474999666213989,8.565000462112948e-05,7.423000351991504e-05,5.139000131748617e-05,0.0,0.014000000432133675,0.0044999998062849045,0.01850000023841858,0.0005000000237487257,0.000750000006519258,0.0002500000118743628,-0.0002500000118743628,0.839004397392273,0.6378167867660522,0.06673998385667801,0.38964879512786865,-0.015991202
307,4307,-0.3097263571726264,-0.47367879593219986,-0.16772635717262643,-0.12667879593219988,0.21018955309251552,0.12222452816257626,0.41572368144989014,0.40846729278564453,-1.0,0.8325581550598145,0.6152542233467102,-0.08049999922513962,0.06987500190734863,-0.09350000321865082,0.08762499690055847,0.0001884299999801442,0.0002169799990952015,7.994000043254346e-05,0.00011991000064881518,0.03550000116229057,0.017500000074505806,0.05299999937415123,0.0024999999441206455,0.014499999582767487,0.0020000000949949026,0.008500000461935997,0.5955544114112854,0.9221396446228027,-0.8116269707679749,-0.5827854871749878,0.0
308,4308,-0.3167808598672436,-0.46831826622061556,-0.1747808598672436,-0.12131826622061559,0.21275918474817768,0.11912381703815772,0.4424968361854553,0.4005444049835205,-1.0,0.8325581550598145,0.6152542233467102,-0.07100000232458115,0.07737500220537186,-0.10762500017881393,0.0794999971985817,0.000491060025524348,0.0006966200307942927,0.0,7.423000351991504e-05,0.10400000214576721,0.006500000134110451,0.11050000041723251,0.005750000011175871,0.03400000184774399,0.0,0.003000000026077032,-0.9736146330833435,0.776517391204834,-0.4794788062572479,0.9390119910240173,-0.08153747
309,4309,-0.34167486432945,-0.4467791744399034,-0.19967486432945,-0.09977917443990342,0.22321723745466643,0.10729509165218093,0.4260910153388977,0.40963006019592285,-1.0,0.8325581550598145,0.6152542233467102,-0.08762499690055847,0.09137500077486038,-0.10387499630451202,0.09137500077486038,0.00017701000615488738,0.0007137500215321779,0.0,0.0001884299999801442,0.07800000160932541,0.016499999910593033,0.09449999779462814,0.0024999999441206455,0.03500000014901161,0.0,0.01425000000745058,-0.9442352652549744,-0.12182703614234924,-0.4556753933429718,0.5896839499473572,-0.07868106
310,4310,-0.3346354606393941,-0.4551747489904935,-0.1926354606393941,-0.10817474899049351,0.22093029899700908,0.10977713762155461,0.3681979775428772,0.4461369812488556,-1.0,0.8325581550598145,0.6152542233467102,-0.10450000315904617,0.09674999862909317,-0.10300000011920929,0.09925000369548798,0.00010278000263497233,0.000308340007904917,0.00010278000263497233,0.000308340007904917,0.035999998450279236,0.035999998450279236,0.07199999690055847,0.0010000000474974513,0.019750000908970833,0.005750000011175871,0.020500000566244125,-0.383963018655777,-0.8439487814903259,-0.8072394132614136,0.11029357463121414,0.0
311,4311,-0.32011459376885953,-0.4678975949469492,-0.17811459376885955,-0.12089759494694924,0.2152696842971682,0.11617044150318974,0.3845686912536621,0.43190720677375793,-1.0,0.8325581550598145,0.6152542233467102,-0.11124999821186066,0.09000000357627869,-0.11550000309944153,0.1080000028014183,9.13600015337579e-05,7.994000043254346e-05,7.423000351991504e-05,9.707000572234392e-05,0.014999999664723873,0.014999999664723873,0.029999999329447746,0.0002500000118743628,0.0017500000540167093,0.0005000000237487257,0.007000000216066837,0.458095908164978,-0.2060028612613678,0.08017117530107498,-0.6863304376602173,0.0
312,4312,-0.31405215851116824,-0.46805500047358983,-0.17205215851116826,-0.12105500047358986,0.21037171480028632,0.12200208453982252,0.4183381497859955,0.4103430509567261,-1.0,0.8325581550598145,0.6152542233467102,-0.10337500274181366,0.08612500131130219,-0.11362499743700027,0.09849999845027924,0.00013133000175002962,8.565000462112948e-05,0.0,6.28100024187006e-05,0.01899999938905239,0.005499999970197678,0.02449999935925007,0.001500000013038516,0.0020000000949949026,-0.0002500000118743628,0.0005000000237487257,-0.32620084285736084,-0.1024843156337738,0.7795798182487488,-0.7065927982330322,0.0
313,4313,-0.31830957717720976,-0.4688734570112938,-0.17630957717720977,-0.12187345701129382,0.21433200070985706,0.11726487581291582,0.43243685364723206,0.4100762605667114,-1.0,0.8325581550598145,0.6152542233467102,-0.10862500220537186,0.08512499928474426,-0.09925000369548798,0.08550000190734863,9.13600015337579e-05,7.994000043254346e-05,0.0,5.7100001868093386e-05,0.014999999664723873,0.004999999888241291,0.019999999552965164,0.0,0.0002500000118743628,0.0,0.0002500000118743628,0.873734712600708,-0.8381119966506958,-0.7662920951843262,0.13963058590888977,-0.115955055
314,4314,-0.3173043127209182,-0.46940192279477067,-0.1753043127209182,-0.12240192279477069,0.21380793428310954,0.11788103478837067,0.42253586649894714,0.40868905186653137,-1.0,0.8325581550598145,0.6152542233467102,-0.09262499958276749,0.0689999982714653,-0.09562499821186066,0.08662500232458115,9.13600015337579e-05,7.423000351991504e-05,5.7100001868093386e-05,7.423000351991504e-05,0.014499999582767487,0.011500000022351742,0.026000000536441803,0.000750000006519258,0.0012499999720603228,0.0002500000118743628,0.003000000026077032,-0.8484256863594055,-0.5226461291313171,-0.7939248085021973,-0.9227384328842163,0.0
315,4315,-0.3148692975164187,-0.47195765016240354,-0.1728692975164187,-0.12495765016240357,0.21330309036188322,0.11847765475944931,0.4248736798763275,0.4077933430671692,-1.0,0.8325581550598145,0.6152542233467102,-0.1080000028014183,0.0598750002682209,-0.11050000041723251,0.07074999809265137,0.0,0.0,7.994000043254346e-05,6.28100024187006e-05,0.0,0.012500000186264515,0.012500000186264515,-0.0002500000118743628,0.0,0.0002500000118743628,0.0002500000118743628,0.978538453578949,0.7477854490280151,-0.8472555875778198,0.6660686731338501,-0.12567069
316,4316,-0.3109786683709226,-0.47121284076367964,-0.1689786683709226,-0.12421284076367967,0.20972033800991616,0.12279937165487541,0.43053650856018066,0.40346160531044006,-1.0,0.8325581550598145,0.6152542233467102,-0.09049999713897705,0.0702499970793724,-0.10662499815225601,0.08174999803304672,0.00011420000373618677,0.00011420000373618677,0.0,7.423000351991504e-05,0.019999999552965164,0.006500000134110451,0.026499999687075615,0.0012499999720603228,0.007249999791383743,0.0,0.003000000026077032,-0.26121044158935547,0.8813992738723755,-0.5647555589675903,-0.09828807413578033,-0.091770664
317,4317,-0.30893349870636855,-0.4747616874594891,-0.16693349870636856,-0.12776168745948913,0.21021380014843302,0.12219489590550794,0.43958449363708496,0.40472400188446045,-1.0,0.8325581550598145,0.6152542233467102,-0.0951249971985817,0.0832500010728836,-0.1028750017285347,0.08150000125169754,0.00010278000263497233,0.00021127000218257308,0.0,6.28100024187006e-05,0.027499999850988388,0.005499999970197678,0.032999999821186066,0.000750000006519258,0.01425000000745058,0.0,0.0,0.877040445804596,-0.9665750861167908,-0.8425398468971252,-0.4342290759086609,-0.12510478
318,4318,-0.31506824337696704,-0.47050201256082774,-0.17306824337696705,-0.12350201256082777,0.21261553088183366,0.11929506598048328,0.44434070587158203,0.3987089991569519,-1.0,0.8325581550598145,0.6152542233467102,-0.07912500202655792,0.07112500071525574,-0.09912499785423279,0.07312499731779099,0.0001256200048374012,8.565000462112948e-05,3.997000021627173e-05,5.7100001868093386e-05,0.01850000023841858,0.008500000461935997,0.027000000700354576,0.001500000013038516,0.0024999999441206455,0.0,0.0005000000237487257,-0.1250874549150467,0.7052891254425049,-0.6709131002426147,0.9290165901184082,-0.10450958
319,4319,-0.331257063429396,-0.45816242969317444,-0.189257063429396,-0.11116242969317447,0.21948877382045845,0.11137106351869815,0.4300738573074341,0.4059287905693054,-1.0,0.8325581550598145,0.6152542233467102,-0.08112499862909317,0.07587499916553497,-0.09562499821186066,0.08612500131130219,0.00010278000263497233,0.0002969200140796602,7.994000043254346e-05,0.00011420000373618677,0.03500000014901161,0.017000000923871994,0.052000001072883606,0.0010000000474974513,0.01924999989569187,0.0005000000237487257,0.00925000011920929,0.5580058097839355,0.7483104467391968,0.9075192213058472,0.30862870812416077,0.0
320,4320,-0.3109440933020522,-0.4680046750134405,-0.1689440933020522,-0.12100467501344053,0.20780817605850085,0.1251700882520404,0.39242544770240784,0.4268433451652527,-1.0,0.8325581550598145,0.6152542233467102,-0.07337500154972076,0.08012499660253525,-0.08662500232458115,0.08662500232458115,0.0005367400008253753,0.0007936900365166366,0.000245530012762174,0.00029121001716703176,0.11649999767541885,0.04699999839067459,0.16349999606609344,0.0062500000931322575,0.038750000298023224,0.016499999910593033,0.019750000908970833,-0.9944193959236145,0.6606572866439819,-0.6387010812759399,-0.9010691046714783,0.0
321,4321,-0.3183874308824922,-0.4652604160058884,-0.17638743088249223,-0.11826041600588844,0.21236301883146172,0.11959668104451036,0.43966490030288696,0.410161554813385,-1.0,0.8325581550598145,0.6152542233467102,-0.0898749977350235,0.09700000286102295,-0.09012500196695328,0.07850000262260437,0.0001598800008650869,0.0005481599946506321,-7.994000043254346e-05,7.423000351991504e-05,0.06199999898672104,0.013500000350177288,0.0754999965429306,0.0020000000949949026,0.029750000685453415,-0.0002500000118743628,0.0022499999031424522,0.009795069694519043,-0.31375545263290405,-0.27229297161102295,0.9367154836654663,0.0
322,4322,-0.3142273559592841,-0.46672191488327025,-0.1722273559592841,-0.11972191488327028,0.20975127900454615,0.12276138218534892,0.4223548173904419,0.4148128628730774,-1.0,0.8325581550598145,0.6152542233467102,-0.09000000357627869,0.09700000286102295,-0.09537500143051147,0.08799999952316284,0.0001884299999801442,0.0002797899942379445,6.851999933132902e-05,0.0002512400096748024,0.04100000113248825,0.02800000086426735,0.0689999982714653,0.0024999999441206455,0.017999999225139618,0.0002500000118743628,0.0182499997317791,-0.2148997187614441,0.6349109411239624,-0.783383846282959,-0.04328826814889908,0.0
323,4323,-0.31810670009425357,-0.4656762332894089,-0.17610670009425358,-0.1186762332894089,0.212361997932421,0.1195979020121123,0.4320293962955475,0.41233572363853455,-1.0,0.8325581550598145,0.6152542233467102,-0.09362500160932541,0.09962499886751175,-0.10987500101327896,0.08962500095367432,0.00014275001012720168,0.0007480100030079484,0.0,0.0001827200030675158,0.07800000160932541,0.01600000075995922,0.09399999678134918,0.0017500000540167093,0.0364999994635582,0.0,0.013500000350177288,0.589280366897583,-0.1896175742149353,-0.680427074432373,0.6920158267021179,-0.10565125
324,4324,-0.31591815385842914,-0.4666172464741807,-0.17391815385842915,-0.1196172464741807,0.21108247178671452,0.12113802053553648,0.42300766706466675,0.4141080677509308,-1.0,0.8325581550598145,0.6152542233467102,-0.08687499910593033,0.09937500208616257,-0.10625000298023224,0.09612499922513962,0.0010163800325244665,0.0005538699915632606,6.851999933132902e-05,0.00042254000436514616,0.13750000298023224,0.0430000014603138,0.18050000071525574,0.010250000283122063,0.029999999329447746,0.0002500000118743628,0.026249999180436134,-0.11586066335439682,0.9710195660591125,-0.476891428232193,-0.6639195680618286,0.0
325,4325,-0.32088472343234153,-0.4620181825092057,-0.17888472343234155,-0.1150181825092057,0.2126709349798093,0.11922898993135705,0.42809730768203735,0.4125131368637085,-1.0,0.8325581550598145,0.6152542233467102,-0.08687499910593033,0.09937500208616257,-0.11474999785423279,0.09549999982118607,0.0004967700224369764,0.001878590090200305,-7.423000351991504e-05,7.423000351991504e-05,0.20800000429153442,0.013000000268220901,0.22100000083446503,0.006000000052154064,0.06624999642372131,-0.0005000000237487257,0.002749999985098839,-0.9622989296913147,-0.8413784503936768,-0.10010131448507309,0.551515519618988,0.0
326,4326,-0.31968148100166144,-0.4599240259751757,-0.17768148100166145,-0.1129240259751757,0.21052920066676245,0.12181009971402898,0.41654714941978455,0.4203081727027893,-1.0,0.8325581550598145,0.6152542233467102,-0.10262499749660492,0.10312499850988388,-0.11675000190734863,0.10112500190734863,0.00013133000175002962,0.00047964000259526074,0.0,0.0001598800008650869,0.05350000038743019,0.014000000432133675,0.06750000268220901,0.001500000013038516,0.027249999344348907,-0.0002500000118743628,0.012000000104308128,-0.692392110824585,0.6714333295822144,-0.5381723642349243,-0.4495657682418823,-0.08858069
327,4327,-0.35085997794844725,-0.435025652823988,-0.20885997794844727,-0.088025652823988,0.22665172830515798,0.10367261444476544,0.4193453788757324,0.42385756969451904,-1.0,0.8325581550598145,0.6152542233467102,-0.11550000309944153,0.11474999785423279,-0.11299999803304672,0.09812500327825546,0.00013703999866265804,0.0005310300039127469,0.0,6.28100024187006e-05,0.05849999934434891,0.005499999970197678,0.06400000303983688,0.001500000013038516,0.028999999165534973,-0.0002500000118743628,0.0012499999720603228,-0.6517601013183594,-0.3148208260536194,0.47654712200164795,0.7160190343856812,0.0
328,4328,-0.3160932485757176,-0.45979226531360556,-0.1740932485757176,-0.11279226531360559,0.20743807344415197,0.12563420434416656,0.34683725237846375,0.46605822443962097,-1.0,0.8325581550598145,0.6152542233467102,-0.12725000083446503,0.11512500047683716,-0.10949999839067459,0.10225000232458115,9.707000572234392e-05,0.000245530012762174,0.0001598800008650869,0.0003026300109922886,0.029999999329447746,0.04050000011920929,0.07050000131130219,0.000750000006519258,0.016499999910593033,0.010499999858438969,0.019750000908970833,-0.5021982789039612,-0.6499327421188354,-0.9236406683921814,-0.9257110357284546,0.0
329,4329,-0.32280203957961273,-0.4602580716607777,-0.18080203957961274,-0.11325807166077773,0.21334659198699593,0.11842612626291277,0.4276901185512543,0.42408090829849243,-1.0,0.8325581550598145,0.6152542233467102,-0.13637499511241913,0.1107499971985817,-0.12162499874830246,0.09475000202655792,8.565000462112948e-05,7.423000351991504e-05,7.423000351991504e-05,6.28100024187006e-05,0.014000000432133675,0.012000000104308128,0.026000000536441803,0.0002500000118743628,0.0010000000474974513,0.0002500000118743628,0.0002500000118743628,0.6697585582733154,-0.22300638258457184,-0.25332292914390564,0.3679139316082001,0.0
330,4330,-0.3168147586184643,-0.46326811554347874,-0.17481475861846432,-0.11626811554347877,0.20994874260843688,0.12251921231326697,0.4120882749557495,0.42329141497612,-1.0,0.8325581550598145,0.6152542233467102,-0.12475000321865082,0.10599999874830246,-0.12612499296665192,0.0989999994635582,0.0001484600070398301,7.994000043254346e-05,0.0,8.565000462112948e-05,0.019999999552965164,0.007499999832361937,0.027499999850988388,0.0020000000949949026,0.0022499999031424522,0.0,0.005499999970197678,0.49649935960769653,0.42135125398635864,-0.30333080887794495,-0.5314981937408447,-0.0603997
331,4331,-0.3293411359275361,-0.45701039890952805,-0.18734113592753612,-0.11001039890952807,0.21725328324067525,0.11388879007199541,0.42601218819618225,0.4181896448135376,-1.0,0.8325581550598145,0.6152542233467102,-0.11599999666213989,0.10662499815225601,-0.1223749965429306,0.09125000238418579,0.00022840000747237355,0.000245530012762174,0.0,6.851999933132902e-05,0.04149999842047691,0.006000000052154064,0.04749999940395355,0.003000000026077032,0.016750000417232513,0.0,0.0012499999720603228,-0.4647511839866638,-0.4888385236263275,0.4386654496192932,0.7464544177055359,0.0
332,4332,-0.35847840176405055,-0.4293142039679444,-0.21647840176405056,-0.08231420396794442,0.231599927904121,0.09866753831996786,0.3968810737133026,0.4287959337234497,-1.0,0.8325581550598145,0.6152542233467102,-0.12337499856948853,0.10512500256299973,-0.11474999785423279,0.10262499749660492,9.13600015337579e-05,7.994000043254346e-05,7.994000043254346e-05,9.13600015337579e-05,0.014999999664723873,0.014999999664723873,0.029999999329447746,0.0005000000237487257,0.001500000013038516,0.0010000000474974513,0.0062500000931322575,-0.9856237769126892,0.9322224855422974,0.5541426539421082,0.46183568239212036,0.0
333,4333,-0.32798010421231216,-0.4517704148788869,-0.18598010421231218,-0.10477041487888694,0.21346062633824672,0.1182911567685371,0.329120010137558,0.47573864459991455,-1.0,0.8325581550598145,0.6152542233467102,-0.14162500202655792,0.1171249970793724,-0.11162500083446503,0.10462500154972076,8.565000462112948e-05,0.0001827200030675158,0.00022840000747237355,0.0003026300109922886,0.023499999195337296,0.04650000110268593,0.07000000029802322,0.0002500000118743628,0.012249999679625034,0.01549999974668026,0.019500000402331352,0.6353676319122314,0.9776691794395447,-0.6937194466590881,-0.29570272564888,0.0
334,4334,-0.31905530245897906,-0.4538636166525841,-0.17705530245897907,-0.10686361665258415,0.2068052530592756,0.12643176409838786,0.4000462591648102,0.437677264213562,-1.0,0.8325581550598145,0.6152542233467102,-0.13212500512599945,0.12487500160932541,-0.1171249970793724,0.10462500154972076,0.0003882800228893757,0.0006566499941982329,7.423000351991504e-05,0.00011991000064881518,0.09149999916553497,0.017000000923871994,0.10849999636411667,0.004999999888241291,0.033250000327825546,0.0005000000237487257,0.008500000461935997,-0.6414303779602051,0.356040358543396,-0.12666821479797363,-0.9210482239723206,0.0
335,4335,-0.3152268940522943,-0.4540049649400426,-0.17322689405229433,-0.10700496494004264,0.20361144207736598,0.13053493057771964,0.4208016097545624,0.4341294765472412,-1.0,0.8325581550598145,0.6152542233467102,-0.1421249955892563,0.13650000095367432,-0.11900000274181366,0.09037499874830246,0.00010848999954760075,0.0003882800228893757,-7.423000351991504e-05,7.423000351991504e-05,0.04349999874830246,0.013000000268220901,0.05649999901652336,0.0010000000474974513,0.023250000551342964,-0.0005000000237487257,0.0024999999441206455,0.35610541701316833,0.8366388082504272,0.07350064814090729,-0.629707932472229,0.0
336,4336,-0.3149668199968303,-0.453775268975478,-0.1729668199968303,-0.10677526897547801,0.2032694735679747,0.13098208305862888,0.4297049045562744,0.43388989567756653,-1.0,0.8325581550598145,0.6152542233467102,-0.13824999332427979,0.14399999380111694,-0.11800000071525574,0.07787500321865082,0.0005424499977380037,0.0008565000025555491,7.423000351991504e-05,8.565000462112948e-05,0.12250000238418579,0.014000000432133675,0.13650000095367432,0.006500000134110451,0.039500001817941666,0.0002500000118743628,0.004000000189989805,0.31485918164253235,0.6242873668670654,-0.9137143492698669,-0.04384930059313774,0.0
337,4337,-0.3081335316319379,-0.4551511651358834,-0.16613353163193792,-0.10815116513588341,0.19823477205765197,0.13774546952832792,0.4303097128868103,0.434279203414917,-1.0,0.8325581550598145,0.6152542233467102,-0.13349999487400055,0.14612500369548798,-0.13500000536441803,0.07774999737739563,0.0008279500179924071,0.0015645400853827596,0.0,7.994000043254346e-05,0.2094999998807907,0.007000000216066837,0.21649999916553497,0.008750000037252903,0.05849999934434891,0.0,0.002749999985098839,-0.7069416046142578,-0.8283819556236267,-0.10964102298021317,-0.8976767063140869,-0.03715693
338,4338,-0.30508919776152565,-0.4520662220671534,-0.16308919776152567,-0.10506622206715344,0.19400257071998409,0.14370025559903177,0.4462010860443115,0.43194717168807983,-1.0,0.8325581550598145,0.6152542233467102,-0.14274999499320984,0.1498750001192093,-0.1313749998807907,0.06137499958276749,0.00010278000263497233,0.0003026300109922886,7.423000351991504e-05,6.851999933132902e-05,0.03550000116229057,0.012500000186264515,0.04800000041723251,0.000750000006519258,0.019999999552965164,0.0002500000118743628,0.0020000000949949026,-0.8778939247131348,0.7884087562561035,-0.08992727100849152,-0.696613073348999,0.0
339,4339,-0.30370811903545747,-0.45292445650202906,-0.16170811903545748,-0.10592445650202909,0.1933119402603883,0.1446961282763946,0.4532809257507324,0.4371758997440338,-1.0,0.8325581550598145,0.6152542233467102,-0.15925000607967377,0.1652500033378601,-0.132874995470047,0.048500001430511475,0.00011420000373618677,0.00028550002025440335,0.0,6.851999933132902e-05,0.03500000014901161,0.006000000052154064,0.04100000113248825,0.0010000000474974513,0.01875000074505806,0.0,0.0017500000540167093,0.8185638785362244,0.7284436225891113,0.49365368485450745,-0.2825028598308563,0.0
340,4340,-0.2958672937204647,-0.45547170058295305,-0.15386729372046473,-0.10847170058295308,0.1882584763143949,0.15219620576378828,0.45649275183677673,0.4357212483882904,-1.0,0.8325581550598145,0.6152542233467102,-0.1471250057220459,0.16775000095367432,-0.1236250028014183,0.04262499883770943,0.0006680700462311506,0.0008850500453263521,0.0,7.994000043254346e-05,0.13600000739097595,0.007000000216066837,0.14300000667572021,0.007249999791383743,0.04100000113248825,0.0,0.003000000026077032,0.42960694432258606,-0.3804311156272888,-0.6063560247421265,-0.8381392359733582,-0.096762724
341,4341,-0.2968929661549857,-0.4557783685388361,-0.15489296615498574,-0.1087783685388361,0.18927378166629524,0.15065876759443425,0.47472721338272095,0.43140390515327454,-1.0,0.8325581550598145,0.6152542233467102,-0.13962499797344208,0.16775000095367432,-0.1198749989271164,0.026499999687075615,0.0007594299968332052,0.0004682200087700039,7.423000351991504e-05,8.565000462112948e-05,0.10750000178813934,0.014000000432133675,0.12150000035762787,0.008249999955296516,0.026750000193715096,0.0,0.004000000189989805,0.8314101099967957,0.6544754505157471,0.16964423656463623,0.08064936846494675,0.0
342,4342,-0.30187171676821345,-0.45305489962423245,-0.15987171676821346,-0.10605489962423248,0.1918504822947336,0.1468263294515133,0.472341924905777,0.43088412284851074,-1.0,0.8325581550598145,0.6152542233467102,-0.12687499821186066,0.16737499833106995,-0.11675000190734863,0.026249999180436134,0.0015474100364372134,0.0012676200130954385,6.851999933132902e-05,0.00010848999954760075,0.24650000035762787,0.01549999974668026,0.2619999945163727,0.013749999925494194,0.052000001072883606,0.0,0.007499999832361937,-0.7907397150993347,-0.7046829462051392,-0.9645477533340454,0.9041382074356079,0.0
343,4343,-0.2969406161574015,-0.4565182549595058,-0.15494061615740154,-0.10951825495950585,0.18973888031874375,0.1499596826740269,0.46076345443725586,0.4355001747608185,-1.0,0.8325581550598145,0.6152542233467102,-0.13600000739097595,0.16750000417232513,-0.13474999368190765,0.038624998182058334,0.00017701000615488738,0.00044538002111949027,0.0,0.00023411000438500196,0.054499998688697815,0.020500000566244125,0.07500000298023224,0.0024999999441206455,0.025499999523162842,0.0,0.016499999910593033,0.6055973768234253,0.0320034958422184,0.3275774121284485,-0.8751696348190308,0.0
344,4344,-0.29896671621954757,-0.4556460559134143,-0.15696671621954758,-0.10864605591341431,0.19089922856389108,0.14822968453983748,0.4722311198711395,0.4296300709247589,-1.0,0.8325581550598145,0.6152542233467102,-0.12950000166893005,0.16737499833106995,-0.12862500548362732,0.02775000035762787,0.0012847500620409846,0.0004739300056826323,1.1420000191719737e-05,9.707000572234392e-05,0.15399999916553497,0.009499999694526196,0.16349999606609344,0.012000000104308128,0.026750000193715096,0.0,0.005499999970197678,-0.3698384463787079,-0.6031068563461304,0.7044071555137634,0.08499404788017273,0.0
345,4345,-0.2922021027692865,-0.4578011645243451,-0.1502021027692865,-0.11080116452434513,0.1866482513613945,0.15466674427997332,0.46751925349235535,0.43110838532447815,-1.0,0.8325581550598145,0.6152542233467102,-0.1315000057220459,0.16387499868869781,-0.11537499725818634,0.02787500061094761,0.0001598800008650869,0.0001598800008650869,0.0,0.00011420000373618677,0.02800000086426735,0.009999999776482582,0.03799999877810478,0.0022499999031424522,0.011250000447034836,-0.0002500000118743628,0.008249999955296516,0.472309947013855,0.4997909963130951,0.42156651616096497,-0.4267514646053314,0.0
346,4346,-0.2890132753673957,-0.46038473434688443,-0.1470132753673957,-0.11338473434688445,0.18565829126964212,0.1562054872274559,0.4832509160041809,0.4274556636810303,-1.0,0.8325581550598145,0.6152542233467102,-0.1263750046491623,0.16362500190734863,-0.10774999856948853,0.02199999988079071,0.0009535700082778931,0.0005824200343340635,7.423000351991504e-05,8.565000462112948e-05,0.13449999690055847,0.014000000432133675,0.148499995470047,0.009499999694526196,0.030249999836087227,0.0002500000118743628,0.004000000189989805,0.2986210286617279,-0.5088715553283691,0.5540797710418701,-0.6329060196876526,0.0
347,4347,-0.2910126202713442,-0.46097726060517324,-0.14901262027134424,-0.11397726060517327,0.1876048425153024,0.1531942698944293,0.49066680669784546,0.42307671904563904,-1.0,0.8325581550598145,0.6152542233467102,-0.12012500315904617,0.16062499582767487,-0.09724999964237213,0.010499999858438969,0.0008222400210797787,0.00026266000350005925,0.0,7.994000043254346e-05,0.0949999988079071,0.007000000216066837,0.10199999809265137,0.00800000037997961,0.017249999567866325,0.0,0.0035000001080334187,0.9527674317359924,0.23213067650794983,0.8841894268989563,0.8152996897697449,0.0
348,4348,-0.29414859441350794,-0.4610237478831949,-0.15214859441350795,-0.11402374788319491,0.19013313720479275,0.14936962024398845,0.4860171675682068,0.4220724403858185,-1.0,0.8325581550598145,0.6152542233467102,-0.10724999755620956,0.15700000524520874,-0.0807500034570694,0.013000000268220901,0.002089860150590539,0.0006281000096350908,0.0,0.00048534999950788915,0.23800000548362732,0.042500000447034836,0.28049999475479126,0.017750000581145287,0.032999999821186066,0.0,0.028999999165534973,0.22111476957798004,0.4169416129589081,-0.8706332445144653,0.6222000122070312,-0.14249113
349,4349,-0.2996584518211066,-0.4588855904776903,-0.15765845182110663,-0.11188559047769031,0.1933250443868296,0.1446771683550828,0.4787242114543915,0.4219936430454254,-1.0,0.8325581550598145,0.6152542233467102,-0.10724999755620956,0.15674999356269836,-0.07712499797344208,0.02174999937415123,0.002620890038087964,0.0011420000810176134,7.423000351991504e-05,0.000559579988475889,0.3294999897480011,0.05550000071525574,0.38499999046325684,0.0215000007301569,0.04899999871850014,0.0002500000118743628,0.03474999964237213,-0.9165335893630981,-0.5961934328079224,0.472629189491272,0.8921334147453308,-0.082653366
350,4350,-0.29796787484550147,-0.45991879818364234,-0.15596787484550148,-0.11291879818364237,0.19255293549323044,0.1457985572396335,0.46591058373451233,0.42561763525009155,-1.0,0.8325581550598145,0.6152542233467102,-0.10724999755620956,0.15399999916553497,-0.06825000047683716,0.03700000047683716,0.0020955700892955065,0.0005938400281593204,0.0,0.0007480100030079484,0.23549999296665192,0.06549999862909317,0.3009999990463257,0.0182499997317791,0.032249998301267624,0.0,0.03750000149011612,-0.45667019486427307,0.21560069918632507,-0.4909338355064392,-0.9274311661720276,-0.082912065
351,4351,-0.29872874048173204,-0.45781131095936567,-0.15672874048173205,-0.1108113109593657,0.1919454212257311,0.1466870002532001,0.46984216570854187,0.4238664507865906,-1.0,0.8325581550598145,0.6152542233467102,-0.10849999636411667,0.15399999916553497,-0.06449999660253525,0.036249998956918716,0.00027407999732531607,0.000867919996380806,0.0,8.565000462112948e-05,0.10000000149011612,0.007499999832361937,0.10750000178813934,0.0037499999161809683,0.04024999961256981,0.0,0.0042500002309679985,-0.8390505313873291,-0.9136460423469543,-0.907573938369751,0.2540762424468994,-0.1329089
352,4352,-0.34259380100559256,-0.42697516917741707,-0.20059380100559257,-0.0799751691774171,0.21594883812335677,0.11538413863019316,0.46807268261909485,0.4274384677410126,-1.0,0.8325581550598145,0.6152542233467102,-0.12300000339746475,0.15199999511241913,-0.060750000178813934,0.03799999877810478,0.00014275001012720168,0.0001541700039524585,0.0,0.0001484600070398301,0.026000000536441803,0.013000000268220901,0.039000000804662704,0.001500000013038516,0.009999999776482582,0.0,0.010250000283122063,-0.947258472442627,0.08016557991504669,0.7710064649581909,0.8854116797447205,0.0
353,4353,-0.3399163383178963,-0.42795867174279867,-0.19791633831789632,-0.0809586717427987,0.2138344768822891,0.11784975024984655,0.36606094241142273,0.4797030985355377,-1.0,0.8325581550598145,0.6152542233467102,-0.14024999737739563,0.1522500067949295,-0.05375000089406967,0.04749999940395355,9.707000572234392e-05,0.00017701000615488738,0.00022269001055974513,0.0003939900198020041,0.024000000208616257,0.05400000140070915,0.07800000160932541,0.0005000000237487257,0.012500000186264515,0.014750000089406967,0.024250000715255737,-0.5502040386199951,0.5530203580856323,-0.3221178650856018,0.23582866787910461,0.0
354,4354,-0.3212797313148985,-0.4383677852538337,-0.17927973131489852,-0.09136778525383371,0.2012195175487032,0.1336948686105432,0.3722875714302063,0.47803613543510437,-1.0,0.8325581550598145,0.6152542233467102,-0.15049999952316284,0.1589999943971634,-0.054999999701976776,0.04762500151991844,9.707000572234392e-05,0.0002969200140796602,0.00010278000263497233,0.0005938400281593204,0.03449999913573265,0.061000000685453415,0.09549999982118607,0.0005000000237487257,0.019500000402331352,0.005249999929219484,0.032749999314546585,-0.60251784324646,0.6731525659561157,-0.8019697666168213,-0.159147709608078,0.0
355,4355,-0.32372404006454125,-0.4395283098753538,-0.18172404006454126,-0.09252830987535382,0.20392428709148033,0.13012719667586878,0.4156285226345062,0.4603935778141022,-1.0,0.8325581550598145,0.6152542233467102,-0.16187499463558197,0.17024999856948853,-0.06812500208616257,0.05287500098347664,0.00010278000263497233,0.00035402001230977476,7.994000043254346e-05,0.0002169799990952015,0.03999999910593033,0.026000000536441803,0.06599999964237213,0.000750000006519258,0.02199999988079071,0.001500000013038516,0.016499999910593033,-0.2649133503437042,0.29005444049835205,-0.9421126246452332,0.86202073097229,0.0
356,4356,-0.31735030001138864,-0.4438426385055907,-0.17535030001138865,-0.09684263850559072,0.20031531231238547,0.13490922648326095,0.409944087266922,0.4584265947341919,-1.0,0.8325581550598145,0.6152542233467102,-0.16699999570846558,0.1720000058412552,-0.08562500029802322,0.06812500208616257,0.00011991000064881518,0.0005196100100874901,7.994000043254346e-05,0.0002512400096748024,0.0560000017285347,0.028999999165534973,0.08500000089406967,0.0012499999720603228,0.029249999672174454,0.0012499999720603228,0.0182499997317791,-0.5682022571563721,0.6206966638565063,-0.5171247720718384,-0.11896821111440659,0.0
357,4357,-0.3346576271757661,-0.43008069592164766,-0.1926576271757661,-0.08308069592164768,0.20980792011700075,0.12269186846134625,0.42476674914360046,0.4511141777038574,-1.0,0.8325581550598145,0.6152542233467102,-0.17775000631809235,0.18262499570846558,-0.09462500363588333,0.06875000149011612,0.00013703999866265804,0.0005938400281593204,0.0,0.00016558999777771533,0.06400000303983688,0.014499999582767487,0.07850000262260437,0.001500000013038516,0.03125,0.0,0.012749999761581421,0.1812315434217453,-0.05570058524608612,0.6492866277694702,0.23494523763656616,0.0
358,4358,-0.3141019324477304,-0.4430684503000001,-0.1721019324477304,-0.09606845030000011,0.1970995238332319,0.13931813244909624,0.3845171332359314,0.47443950176239014,-1.0,0.8325581550598145,0.6152542233467102,-0.17649999260902405,0.18262499570846558,-0.08812499791383743,0.06925000250339508,0.000491060025524348,0.0005253200070001185,0.00017130000924225897,0.0003026300109922886,0.08900000154972076,0.04149999842047691,0.13050000369548798,0.005750000011175871,0.029249999672174454,0.011250000447034836,0.020500000566244125,-0.19045087695121765,0.43285253643989563,-0.9879003763198853,-0.9204167723655701,0.0
359,4359,-0.30961568321051447,-0.4460210364802552,-0.16761568321051448,-0.09902103648025523,0.19467969314684977,0.14273051580887722,0.43232110142707825,0.45242634415626526,-1.0,0.8325581550598145,0.6152542233467102,-0.17762500047683716,0.18700000643730164,-0.10100000351667404,0.061000000685453415,0.00011991000064881518,0.00074230000609532,0.0,6.851999933132902e-05,0.0754999965429306,0.006000000052154064,0.08150000125169754,0.0010000000474974513,0.0364999994635582,0.0,0.0024999999441206455,0.41028738021850586,-0.48125433921813965,0.6885014176368713,-0.6022776961326599,0.0
360,4360,-0.3034393600124694,-0.44772018168683353,-0.16143936001246942,-0.10072018168683355,0.19028195384813681,0.14914749870686667,0.44275423884391785,0.44742196798324585,-1.0,0.8325581550598145,0.6152542233467102,-0.17262500524520874,0.18700000643730164,-0.08799999952316284,0.0494999997317791,0.0005481599946506321,0.00029121001716703176,0.0,7.423000351991504e-05,0.07349999994039536,0.006500000134110451,0.07999999821186066,0.0062500000931322575,0.01850000023841858,-0.0002500000118743628,0.003000000026077032,0.8779374361038208,0.6120364665985107,0.27376237511634827,-0.5440230965614319,0.0
361,4361,-0.3031092808780103,-0.44921292005781027,-0.16110928087801032,-0.1022129200578103,0.19079748795981027,0.14838057105972838,0.4571177661418915,0.4445420503616333,-1.0,0.8325581550598145,0.6152542233467102,-0.15812499821186066,0.18674999475479126,-0.08287499845027924,0.03799999877810478,0.0010106699774041772,0.0009021800360642374,0.0,9.13600015337579e-05,0.16750000417232513,0.00800000037997961,0.17550000548362732,0.009999999776482582,0.041749998927116394,-0.0002500000118743628,0.005750000011175871,0.5358526706695557,0.2166524976491928,-0.500512957572937,0.013047096319496632,-0.08406156
362,4362,-0.3032530970937023,-0.44905799764557186,-0.1612530970937023,-0.10205799764557189,0.19083604535237714,0.14832337040870033,0.45788538455963135,0.4420120120048523,-1.0,0.8325581550598145,0.6152542233467102,-0.15025000274181366,0.18649999797344208,-0.07912500202655792,0.03787500038743019,0.0016159299993887544,0.0011933899950236082,5.7100000958598685e-06,9.707000572234392e-05,0.2460000067949295,0.008999999612569809,0.2549999952316284,0.01425000000745058,0.05025000125169754,-0.0002500000118743628,0.0062500000931322575,-0.09575589001178741,-0.49710026383399963,-0.9322431683540344,0.199039489030838,-0.13586919
363,4363,-0.2996501929993858,-0.4500549289832419,-0.1576501929993858,-0.10305492898324192,0.18834516649089944,0.1520643237770013,0.45755094289779663,0.4422745704650879,-1.0,0.8325581550598145,0.6152542233467102,-0.15025000274181366,0.18637500703334808,-0.07537499815225601,0.03787500038743019,0.0011134500382468104,0.0005995500250719488,0.0,0.0001884299999801442,0.15000000596046448,0.016499999910593033,0.1665000021457672,0.01075000036507845,0.03200000151991844,-0.0002500000118743628,0.013500000350177288,0.9200523495674133,0.8101626038551331,-0.8228263854980469,-0.3571953773498535,-0.1779423
364,4364,-0.30135795124809905,-0.45103266137448417,-0.15935795124809907,-0.10403266137448419,0.19030961945905314,0.14910624184742727,0.46592977643013,0.44058486819267273,-1.0,0.8325581550598145,0.6152542233467102,-0.14512500166893005,0.1862500011920929,-0.07199999690055847,0.03424999862909317,0.002089860150590539,0.0016559000359848142,6.851999933132902e-05,0.00010848999954760075,0.328000009059906,0.01549999974668026,0.3434999883174896,0.017750000581145287,0.0625,0.0005000000237487257,0.007499999832361937,0.682374119758606,0.6245231032371521,-0.543796181678772,0.10224206745624542,-0.08095227
365,4365,-0.2958452288389104,-0.4510289725038908,-0.15384522883891041,-0.10402897250389082,0.18571586242621277,0.15611558380353585,0.46195825934410095,0.43892768025398254,-1.0,0.8325581550598145,0.6152542233467102,-0.14037500321865082,0.1861249953508377,-0.08162499964237213,0.03412500023841858,0.002438170136883855,0.0021469600033015013,-7.994000043254346e-05,0.0001484600070398301,0.40149998664855957,0.019999999552965164,0.42149999737739563,0.020250000059604645,0.0742499977350235,-0.0005000000237487257,0.011500000022351742,-0.9431782364845276,-0.7813531160354614,0.35622555017471313,-0.8691972494125366,0.0
366,4366,-0.2994128375401185,-0.44990637304470527,-0.1574128375401185,-0.10290637304470529,0.18806520953022596,0.15249063490151207,0.47477853298187256,0.43893393874168396,-1.0,0.8325581550598145,0.6152542233467102,-0.14900000393390656,0.18662500381469727,-0.07524999976158142,0.02187499962747097,0.0001827200030675158,0.000982120051048696,7.423000351991504e-05,7.994000043254346e-05,0.10199999809265137,0.013500000350177288,0.11550000309944153,0.0022499999031424522,0.04399999976158142,0.0,0.0035000001080334187,0.5517982840538025,-0.4674573242664337,-0.5678049325942993,0.7278217673301697,0.0
367,4367,-0.30287518856265083,-0.4493747989286225,-0.16087518856265084,-0.1023747989286225,0.19068672148512164,0.14854501804666553,0.4664817750453949,0.44083666801452637,-1.0,0.8325581550598145,0.6152542233467102,-0.14399999380111694,0.1862500011920929,-0.08574999868869781,0.02449999935925007,0.001347560086287558,0.0004682200087700039,0.0,0.00037115000304766,0.1589999943971634,0.032499998807907104,0.1914999932050705,0.012749999761581421,0.027249999344348907,-0.0002500000118743628,0.025499999523162842,-0.25927942991256714,-0.842337429523468,0.40446358919143677,0.30186256766319275,0.0
368,4368,-0.30494055833341166,-0.4515101516604632,-0.16294055833341167,-0.10451015166046324,0.19357685127642962,0.14431331956789717,0.4584297835826874,0.4417376220226288,-1.0,0.8325581550598145,0.6152542233467102,-0.14412499964237213,0.17749999463558197,-0.07824999839067459,0.035999998450279236,0.00028550002025440335,0.0001884299999801442,5.7100000958598685e-06,0.0001884299999801442,0.04149999842047691,0.017000000923871994,0.05849999934434891,0.0035000001080334187,0.013249999843537807,-0.0002500000118743628,0.013749999925494194,0.7457448840141296,0.384143203496933,-0.0025483760982751846,0.9752668738365173,-0.024305807
369,4369,-0.3182472083591755,-0.4440911025808981,-0.17624720835917554,-0.09709110258089815,0.20122067650909317,0.1336933191489514,0.4536266028881073,0.4381183981895447,-1.0,0.8325581550598145,0.6152542233467102,-0.13637499511241913,0.17687499523162842,-0.07450000196695328,0.04412499815225601,0.001764390035532415,0.000491060025524348,0.0,0.0005995500250719488,0.19750000536441803,0.05249999836087227,0.25,0.01575000025331974,0.028750000521540642,-0.0002500000118743628,0.03400000184774399,-0.8107888102531433,-0.4085444509983063,-0.30378469824790955,0.35972148180007935,-0.060454167
370,4370,-0.3148645470902589,-0.44711216228091843,-0.17286454709025892,-0.10011216228091846,0.19976134930782105,0.13565864752890563,0.42268091440200806,0.4506930410861969,-1.0,0.8325581550598145,0.6152542233467102,-0.14499999582767487,0.17524999380111694,-0.07237499952316284,0.05575000122189522,0.00020556000526994467,0.0002512400096748024,7.994000043254346e-05,0.0003825699968729168,0.03999999910593033,0.04050000011920929,0.08049999922513962,0.002749999985098839,0.016750000417232513,0.003000000026077032,0.024000000208616257,-0.01469938363879919,-0.6265825033187866,-0.15803036093711853,-0.41862618923187256,0.0
371,4371,-0.3149175214986655,-0.45018648946145534,-0.1729175214986655,-0.10318648946145537,0.20136514308246223,0.13350031643772262,0.4305475652217865,0.4455726146697998,-1.0,0.8325581550598145,0.6152542233467102,-0.14487500488758087,0.16712500154972076,-0.07374999672174454,0.0560000017285347,0.00017130000924225897,0.00013703999866265804,7.423000351991504e-05,0.00011420000373618677,0.027000000700354576,0.016499999910593033,0.04349999874830246,0.0020000000949949026,0.009750000201165676,0.0,0.00800000037997961,0.5383132696151733,-0.5221565961837769,-0.013443568721413612,0.2918411195278168,0.0
372,4372,-0.3147148142690714,-0.45030291539930895,-0.1727148142690714,-0.10330291539930897,0.2012508370119156,0.13365300265179084,0.43042436242103577,0.440361887216568,-1.0,0.8325581550598145,0.6152542233467102,-0.13637499511241913,0.15712499618530273,-0.07400000095367432,0.058375000953674316,0.0003882800228893757,0.0001484600070398301,7.423000351991504e-05,0.0001827200030675158,0.04699999839067459,0.02250000089406967,0.06949999928474426,0.004999999888241291,0.010250000283122063,0.0,0.014000000432133675,-0.8040780425071716,0.4235842525959015,-0.8387778401374817,0.2889370918273926,0.0
373,4373,-0.322602118412587,-0.4432166164380504,-0.18060211841258703,-0.0962166164380504,0.20463323887848966,0.12920792005399967,0.43089577555656433,0.4401645362377167,-1.0,0.8325581550598145,0.6152542233467102,-0.14937500655651093,0.15974999964237213,-0.08962500095367432,0.06624999642372131,0.00010848999954760075,0.0003197600017301738,0.0,0.00011991000064881518,0.03750000149011612,0.010499999858438969,0.04800000041723251,0.0010000000474974513,0.020749999210238457,0.0,0.008999999612569809,0.36674752831459045,-0.24551188945770264,-0.015725448727607727,0.7070804834365845,-0.025887055
374,4374,-0.33912231854360075,-0.4321004456787229,-0.19712231854360077,-0.08510044567872294,0.2147074621961754,0.11682541688303338,0.41255322098731995,0.45217522978782654,-1.0,0.8325581550598145,0.6152542233467102,-0.14524999260902405,0.15950000286102295,-0.08799999952316284,0.07262499630451202,0.0005710000405088067,0.0001827200030675158,9.707000572234392e-05,0.00035973000922240317,0.06599999964237213,0.03999999910593033,0.10599999874830246,0.006500000134110451,0.012249999679625034,0.0042500002309679985,0.022749999538064003,0.019277121871709824,-0.14926497638225555,0.5953402519226074,-0.20150262117385864,0.0
375,4375,-0.34461436274309365,-0.4273343057558274,-0.20261436274309366,-0.08033430575582745,0.21795912614768098,0.11308774451279456,0.3741341531276703,0.47101619839668274,-1.0,0.8325581550598145,0.6152542233467102,-0.14524999260902405,0.15787500143051147,-0.08375000208616257,0.07249999791383743,0.0006338100065477192,0.0001484600070398301,0.0002969200140796602,0.0002169799990952015,0.06849999725818634,0.04500000178813934,0.11349999904632568,0.007000000216066837,0.009999999776482582,0.017999999225139618,0.01549999974668026,-0.012189991772174835,0.7680255174636841,0.7926743030548096,0.41158798336982727,0.0
376,4376,-0.3404767424209789,-0.42918157007071156,-0.19847674242097893,-0.08218157007071158,0.2148181271246235,0.1166962036290951,0.36136195063591003,0.47909438610076904,-1.0,0.8325581550598145,0.6152542233467102,-0.14524999260902405,0.15837499499320984,-0.07837499678134918,0.07225000113248825,0.0005938400281593204,0.0007480100030079484,0.0007651399937458336,0.0005253200070001185,0.11749999970197678,0.11299999803304672,0.2304999977350235,0.006750000175088644,0.0377499982714653,0.03674999997019768,0.03125,-0.2265528291463852,-0.7486087679862976,-0.9238505959510803,0.4785393178462982,0.0
377,4377,-0.35340356848464194,-0.4218598193147424,-0.21140356848464195,-0.07485981931474245,0.2242664961956569,0.10617517421486823,0.3709843158721924,0.47596344351768494,-1.0,0.8325581550598145,0.6152542233467102,-0.14650000631809235,0.15825000405311584,-0.07999999821186066,0.07249999791383743,0.00011991000064881518,0.00014275001012720168,0.00010278000263497233,0.001147710019722581,0.023000000044703484,0.10949999839067459,0.13249999284744263,0.0010000000474974513,0.009999999776482582,0.005499999970197678,0.048500001430511475,-0.025305842980742455,-0.5217314958572388,0.6858512759208679,0.06337521225214005,0.0
378,4378,-0.3389048325088269,-0.4321003975013333,-0.19690483250882693,-0.0851003975013333,0.21450778708525742,0.11705892121120601,0.34092193841934204,0.48837319016456604,-1.0,0.8325581550598145,0.6152542233467102,-0.14662499725818634,0.15049999952316284,-0.07800000160932541,0.07325000315904617,9.707000572234392e-05,9.707000572234392e-05,0.0004967700224369764,0.001136290025897324,0.017000000923871994,0.14300000667572021,0.1599999964237213,0.0005000000237487257,0.006000000052154064,0.027000000700354576,0.04924999922513962,0.47511303424835205,0.3724444806575775,-0.3354254961013794,-0.8309350609779358,0.0
379,4379,-0.321356065420492,-0.4458512721511222,-0.179356065420492,-0.09885127215112222,0.2047929984374833,0.12900166285240378,0.37463992834091187,0.4710162878036499,-1.0,0.8325581550598145,0.6152542233467102,-0.14000000059604645,0.15037499368190765,-0.07800000160932541,0.07312499731779099,0.0003882800228893757,0.000308340007904917,0.00022269001055974513,0.00025695000658743083,0.061000000685453415,0.041999999433755875,0.10300000011920929,0.004999999888241291,0.019999999552965164,0.014499999582767487,0.01850000023841858,0.49863216280937195,0.17334482073783875,-0.9152006506919861,0.6755380630493164,0.0
380,4380,-0.3144030574293145,-0.4554466418284739,-0.17240305742931453,-0.10844664182847391,0.20367495755455267,0.13045204701839844,0.4154510200023651,0.44770970940589905,-1.0,0.8325581550598145,0.6152542233467102,-0.13249999284744263,0.15000000596046448,-0.0885000005364418,0.07874999940395355,0.0007765600457787514,0.00047964000259526074,7.423000351991504e-05,0.0005710000405088067,0.10999999940395355,0.05649999901652336,0.1665000021457672,0.008500000461935997,0.027249999344348907,0.0012499999720603228,0.032499998807907104,0.39226865768432617,-0.5856680274009705,-0.7079781293869019,-0.8352004885673523,0.0
381,4381,-0.31935709882616914,-0.4547010744893506,-0.17735709882616915,-0.10770107448935062,0.20749713720964003,0.1255600219619506,0.4316208064556122,0.431446373462677,-1.0,0.8325581550598145,0.6152542233467102,-0.12537500262260437,0.14362500607967377,-0.10112500190734863,0.07774999737739563,0.0008450800087302923,0.00026837000041268766,0.0,7.423000351991504e-05,0.09749999642372131,0.006500000134110451,0.10400000214576721,0.008750000037252903,0.0182499997317791,0.0,0.0032500000670552254,-0.20306536555290222,-0.9100185036659241,-0.1699690967798233,0.3590138554573059,-0.044396296
382,4382,-0.3580376282560604,-0.4282553099114226,-0.2160376282560604,-0.0812553099114226,0.2308130893413653,0.09944695491432269,0.42009976506233215,0.43271005153656006,-1.0,0.8325581550598145,0.6152542233467102,-0.12562499940395355,0.13237500190734863,-0.09749999642372131,0.08212500065565109,0.0001541700039524585,0.00010848999954760075,7.423000351991504e-05,0.00010848999954760075,0.023000000044703484,0.01600000075995922,0.039000000804662704,0.0017500000540167093,0.006750000175088644,0.0002500000118743628,0.00774999987334013,-0.040139541029930115,-0.7895668745040894,0.6812164783477783,0.9010215997695923,0.0
383,4383,-0.3701028311769406,-0.41808295091933,-0.2281028311769406,-0.07108295091933003,0.2389219276297924,0.0917012492762882,0.33014506101608276,0.47753337025642395,-1.0,0.8325581550598145,0.6152542233467102,-0.12575000524520874,0.11887499690055847,-0.09274999797344208,0.08912499994039536,9.13600015337579e-05,9.13600015337579e-05,0.0003026300109922886,0.0004510900180321187,0.01600000075995922,0.06599999964237213,0.0820000022649765,0.0005000000237487257,0.0042500002309679985,0.016249999403953552,0.027499999850988388,-0.7445099353790283,-0.8336952924728394,-0.3025663197040558,-0.4696741998195648,0.0
384,4384,-0.34199809484583854,-0.44092115081620503,-0.19999809484583855,-0.09392115081620506,0.2209534351681489,0.1097517423329841,0.3020864427089691,0.4947746694087982,-1.0,0.8325581550598145,0.6152542233467102,-0.1392499953508377,0.10474999994039536,-0.09274999797344208,0.08924999833106995,0.0,7.423000351991504e-05,0.00010278000263497233,0.00011991000064881518,0.006500000134110451,0.019500000402331352,0.026000000536441803,-0.0002500000118743628,0.0012499999720603228,0.004999999888241291,0.009750000201165676,-0.6570911407470703,0.9897933602333069,-0.9677947163581848,0.7964904308319092,-0.102850944
385,4385,-0.3673839277101075,-0.42396105474544005,-0.22538392771010754,-0.07696105474544007,0.2381615393332131,0.0924011926147153,0.36744630336761475,0.456065833568573,-1.0,0.8325581550598145,0.6152542233467102,-0.13637499511241913,0.11749999970197678,-0.109375,0.1014999970793724,0.00013133000175002962,0.0001827200030675158,7.994000043254346e-05,0.00020556000526994467,0.027499999850988388,0.02500000037252903,0.05249999836087227,0.001500000013038516,0.012749999761581421,0.0020000000949949026,0.014999999664723873,0.4401063323020935,-0.7089483141899109,0.879348874092102,0.989005446434021,0.0
386,4386,-0.3741243778583367,-0.42000524062860944,-0.2321243778583367,-0.07300524062860947,0.24333411588875295,0.0877431783826099,0.3084094822406769,0.48481178283691406,-1.0,0.8325581550598145,0.6152542233467102,-0.12812499701976776,0.10824999958276749,-0.10599999874830246,0.10562500357627869,0.0001256200048374012,9.707000572234392e-05,0.0005196100100874901,0.0009992499835789204,0.019500000402331352,0.13300000131130219,0.1525000035762787,0.001500000013038516,0.004749999847263098,0.02800000086426735,0.04374999925494194,-0.3331672251224518,-0.7748554944992065,-0.6961144208908081,-0.3460632860660553,0.0
387,4387,-0.32089143921955127,-0.46472675875277636,-0.17889143921955128,-0.11772675875277638,0.214153535465742,0.11747433971433315,0.2927339971065521,0.4915165305137634,-1.0,0.8325581550598145,0.6152542233467102,-0.13349999487400055,0.09549999982118607,-0.10724999755620956,0.10587500035762787,0.0,7.423000351991504e-05,9.707000572234392e-05,0.0005538699915632606,0.006500000134110451,0.05700000002980232,0.06350000202655792,0.0,0.0012499999720603228,0.0044999998062849045,0.030500000342726707,0.9500359296798706,0.05379118397831917,-0.4766974449157715,-0.9835390448570251,0.0
388,4388,-0.3302476339918405,-0.4543593514174306,-0.1882476339918405,-0.10735935141743064,0.21670994910316718,0.11450927086278402,0.4165315330028534,0.41571736335754395,-1.0,0.8325581550598145,0.6152542233467102,-0.11637499928474426,0.09525000303983688,-0.11375000327825546,0.10225000232458115,0.00013703999866265804,8.565000462112948e-05,0.0,6.28100024187006e-05,0.019500000402331352,0.005499999970197678,0.02500000037252903,0.0012499999720603228,0.0037499999161809683,-0.0002500000118743628,0.0010000000474974513,0.17873096466064453,0.9780642986297607,-0.5669999122619629,0.3230101466178894,-0.092039995
389,4389,-0.3262389808295345,-0.4591136981639904,-0.18423898082953452,-0.11211369816399042,0.21566984808524334,0.11570649834919412,0.3947729468345642,0.43328922986984253,-1.0,0.8325581550598145,0.6152542233467102,-0.11400000005960464,0.10437499731779099,-0.11212500184774399,0.10350000113248825,0.00023982000129763037,0.00034831001539714634,9.13600015337579e-05,0.00014275001012720168,0.051500000059604645,0.020500000566244125,0.07199999690055847,0.003000000026077032,0.02199999988079071,0.004000000189989805,0.010499999858438969,-0.38691937923431396,-0.6529589891433716,-0.6552109718322754,-0.28314417600631714,0.0
390,4390,-0.37499794898458993,-0.42190174090169347,-0.23299794898458995,-0.07490174090169349,0.2447413226676893,0.08651709740827729,0.4040953814983368,0.425231009721756,-1.0,0.8325581550598145,0.6152542233467102,-0.1198749989271164,0.10275000333786011,-0.1223749965429306,0.10337500274181366,8.565000462112948e-05,7.994000043254346e-05,1.1420000191719737e-05,6.28100024187006e-05,0.014499999582767487,0.006500000134110451,0.020999999716877937,0.0002500000118743628,0.0010000000474974513,0.0,0.0002500000118743628,-0.8533425331115723,-0.7364928126335144,-0.990609884262085,0.9037983417510986,-0.1428732
391,4391,-0.34815285737830776,-0.4418842321706107,-0.20615285737830777,-0.0948842321706107,0.22694056076393054,0.10337360630753907,0.2907024323940277,0.4883021414279938,-1.0,0.8325581550598145,0.6152542233467102,-0.13574999570846558,0.08900000154972076,-0.1211249977350235,0.11500000208616257,0.0,7.423000351991504e-05,0.00010278000263497233,0.0001484600070398301,0.006500000134110451,0.02199999988079071,0.02850000001490116,0.0,0.0010000000474974513,0.004999999888241291,0.01075000036507845,0.10803485661745071,0.9325538277626038,0.2082098126411438,-0.6397035121917725,0.0
392,4392,-0.3683690999898433,-0.4245236073771029,-0.2263690999898433,-0.0775236073771029,0.23927573870112884,0.09137737339601834,0.3531329035758972,0.45443350076675415,-1.0,0.8325581550598145,0.6152542233467102,-0.13437500596046448,0.10362499952316284,-0.11662500351667404,0.10787499696016312,0.00010848999954760075,0.00010278000263497233,9.13600015337579e-05,6.851999933132902e-05,0.01850000023841858,0.014000000432133675,0.032499998807907104,0.0012499999720603228,0.006500000134110451,0.0037499999161809683,0.0012499999720603228,-0.7133564949035645,-0.0012923621106892824,-0.4615327715873718,0.9310010671615601,0.0
393,4393,-0.3237210748880823,-0.460099962168816,-0.18172107488808234,-0.11309996216881602,0.21404240351170523,0.11760496381266221,0.306118369102478,0.48385828733444214,-1.0,0.8325581550598145,0.6152542233467102,-0.1471250057220459,0.10387499630451202,-0.12487500160932541,0.1171249970793724,9.13600015337579e-05,0.00010278000263497233,8.565000462112948e-05,0.0002512400096748024,0.017000000923871994,0.029500000178813934,0.04650000110268593,0.0,0.006000000052154064,0.003000000026077032,0.017500000074505806,0.46025991439819336,0.28952687978744507,-0.4898596704006195,-0.9392603635787964,0.0
394,4394,-0.3178934089126484,-0.4622425696278004,-0.1758934089126484,-0.11524256962780044,0.21028395362778057,0.12210920199658899,0.40995100140571594,0.42355939745903015,-1.0,0.8325581550598145,0.6152542233467102,-0.1391250044107437,0.10862500220537186,-0.13249999284744263,0.1081250011920929,0.00011420000373618677,0.00011420000373618677,0.0,6.28100024187006e-05,0.019999999552965164,0.005499999970197678,0.025499999523162842,0.0012499999720603228,0.007249999791383743,0.0,0.0005000000237487257,-0.0794093906879425,-0.14160746335983276,0.7445036172866821,-0.5019275546073914,0.0
395,4395,-0.307598228796088,-0.4682885462550739,-0.16559822879608802,-0.1212885462550739,0.2052649137896458,0.1283943184038554,0.42350369691848755,0.41992783546447754,-1.0,0.8325581550598145,0.6152542233467102,-0.13987499475479126,0.10862500220537186,-0.1185000017285347,0.0988750010728836,7.994000043254346e-05,8.565000462112948e-05,0.0,5.7100001868093386e-05,0.014499999582767487,0.004999999888241291,0.019500000402331352,0.0,0.0020000000949949026,-0.0002500000118743628,0.0002500000118743628,-0.9140469431877136,-0.18336455523967743,-0.06041194871068001,-0.7135452032089233,-0.031249436
396,4396,-0.3177048091937458,-0.46161942348047286,-0.1757048091937458,-0.11461942348047288,0.20978510960696564,0.12271985829450435,0.44744598865509033,0.40968042612075806,-1.0,0.8325581550598145,0.6152542233467102,-0.15687499940395355,0.10637500137090683,-0.11474999785423279,0.08562500029802322,0.0,-6.851999933132902e-05,0.0,5.139000131748617e-05,0.006000000052154064,0.0044999998062849045,0.010499999858438969,-0.0002500000118743628,-0.0002500000118743628,-0.0002500000118743628,0.0,-0.05765705183148384,-0.2835156321525574,-0.23613467812538147,-0.6436601877212524,-0.08325501
397,4397,-0.3189530595303399,-0.45717149723451833,-0.17695305953033993,-0.11017149723451836,0.2084469814606187,0.12437304345947768,0.42394229769706726,0.42098402976989746,-1.0,0.8325581550598145,0.6152542233467102,-0.15312500298023224,0.10100000351667404,-0.11124999821186066,0.07349999994039536,5.7100000958598685e-06,0.0,7.423000351991504e-05,0.0,0.0005000000237487257,0.006500000134110451,0.007000000216066837,-0.0002500000118743628,0.0,0.0002500000118743628,0.0002500000118743628,0.5670608282089233,0.7896367907524109,0.3783021867275238,0.17082618176937103,-0.0035008588
398,4398,-0.3203694741502935,-0.4583204651869432,-0.1783694741502935,-0.11132046518694322,0.210256784142842,0.12214238294517636,0.4210394024848938,0.42852288484573364,-1.0,0.8325581550598145,0.6152542233467102,-0.14287500083446503,0.1132500022649765,-0.1041250005364418,0.07599999755620956,9.707000572234392e-05,0.00010278000263497233,0.0,7.423000351991504e-05,0.017500000074505806,0.006500000134110451,0.024000000208616257,0.0005000000237487257,0.004999999888241291,0.0,0.002749999985098839,0.6225103139877319,-0.40288853645324707,0.40993165969848633,0.27662235498428345,0.0
399,4399,-0.3442676406995218,-0.44113149563543175,-0.20226764069952183,-0.09413149563543177,0.2230984915787513,0.10742257582469586,0.4177454113960266,0.4265754818916321,-1.0,0.8325581550598145,0.6152542233467102,-0.1315000057220459,0.10762500017881393,-0.09662500023841858,0.08087500184774399,0.00010848999954760075,7.994000043254346e-05,2.8550000934046693e-05,7.994000043254346e-05,0.016499999910593033,0.009499999694526196,0.026000000536441803,0.0010000000474974513,0.0012499999720603228,0.0002500000118743628,0.0032500000670552254,0.8722606897354126,0.028129136189818382,0.702314555644989,0.8359586596488953,0.0
400,4400,-0.30900595991817725,-0.46561871747542805,-0.16700595991817727,-0.11861871747542807,0.20484479681873116,0.12893485938231514,0.3621682822704315,0.4557093381881714,-1.0,0.8325581550598145,0.6152542233467102,-0.11599999666213989,0.10724999755620956,-0.09037499874830246,0.08662500232458115,0.00019985000835731626,8.565000462112948e-05,0.00021127000218257308,0.00034831001539714634,0.02500000037252903,0.04899999871850014,0.07400000095367432,0.0024999999441206455,0.003000000026077032,0.014000000432133675,0.023000000044703484,-0.8434127569198608,0.0743546187877655,-0.9688120484352112,-0.8546199798583984,0.0
