step,action_count,cube_x,cube_y,dist_to_goal_x,dist_to_goal_y,dist_to_goal,distance_reward,obs_cube_x_norm,obs_cube_y_norm,obs_cube_yaw_norm,obs_goal_x_norm,obs_goal_y_norm,obs_motor_16_pos_delta_norm,obs_motor_17_pos_delta_norm,obs_motor_18_pos_delta_norm,obs_motor_19_pos_delta_norm,obs_motor_16_current_norm,obs_motor_17_current_norm,obs_motor_18_current_norm,obs_motor_19_current_norm,obs_horizontal_tension_norm,obs_vertical_tension_norm,obs_total_tension_norm,obs_motor_16_target_error_norm,obs_motor_17_target_error_norm,obs_motor_18_target_error_norm,obs_motor_19_target_error_norm,action_m16,action_m17,action_m18,action_m19,total_safety_penalty
1,1,-0.15001471842060898,-0.662334047703782,-0.03101471842060899,-0.134334047703782,0.1378678683783558,0.25191118759092856,0.7064710259437561,0.0971207544207573,-1.0,0.8860465288162231,0.3084745705127716,0.0,0.0,0.0,0.0,0.0,0.0,9.13600015337579e-05,6.28100024187006e-05,0.0,0.013500000350177288,0.013500000350177288,0.0,0.0,0.0,0.0,-0.9401841163635254,-0.29682907462120056,-0.2098550647497177,-0.631377100944519,-0.1964416
2,2,-0.14170759345334447,-0.666899166781145,-0.02270759345334447,-0.138899166781145,0.14074307561275867,0.24477135327483374,0.8139192461967468,0.08078975230455399,-1.0,0.8860465288162231,0.3084745705127716,0.0031250000465661287,0.0032500000670552254,-0.003874999936670065,-0.011749999597668648,7.994000043254346e-05,7.423000351991504e-05,0.0,0.0,0.013500000350177288,0.0,0.013500000350177288,0.0012499999720603228,0.0010000000474974513,0.0,0.0,0.8523380160331726,-0.5376492738723755,0.05592547357082367,0.13095971941947937,-0.02557378
3,3,-0.14173702883310924,-0.6680612670709756,-0.02273702883310924,-0.14006126707097555,0.14189478853603038,0.24196846158185115,0.8332381844520569,0.07305225729942322,-1.0,0.8860465288162231,0.3084745705127716,0.014875000342726707,-0.006874999962747097,-0.0005000000237487257,-0.008249999955296516,0.0001484600070398301,7.423000351991504e-05,0.00010848999954760075,6.28100024187006e-05,0.019500000402331352,0.014999999664723873,0.03449999913573265,0.009499999694526196,0.0012499999720603228,0.000750000006519258,0.0005000000237487257,0.33634546399116516,0.708511471748352,-0.9307245016098022,0.36725375056266785,0.0
4,4,-0.14667299690680582,-0.6674467854136652,-0.02767299690680583,-0.13944678541366518,0.142166102570229,0.2413128569630808,0.83316969871521,0.07108259946107864,-1.0,0.8860465288162231,0.3084745705127716,0.020124999806284904,0.002374999923631549,-0.017750000581145287,-0.0011249999515712261,0.0001827200030675158,0.0001484600070398301,8.565000462112948e-05,6.28100024187006e-05,0.028999999165534973,0.013000000268220901,0.041999999433755875,0.011500000022351742,0.00925000011920929,0.0005000000237487257,0.0,0.5007802248001099,-0.09467845410108566,0.10180889815092087,0.7957013845443726,0.0
5,5,-0.16145845135288253,-0.6651870371898219,-0.04245845135288254,-0.13718703718982184,0.14360711425346118,0.237860445071781,0.8216906785964966,0.07212409377098083,-1.0,0.8860465288162231,0.3084745705127716,0.023499999195337296,0.0022499999031424522,-0.016499999910593033,0.013749999925494194,0.00042825000127777457,0.0001256200048374012,0.00014275001012720168,0.0,0.048500001430511475,0.012500000186264515,0.061000000685453415,0.023499999195337296,0.006000000052154064,0.0017500000540167093,0.0,-0.4750753343105316,-0.9463987350463867,-0.03440060839056969,0.5913335084915161,0.0
6,6,-0.1442465368243752,-0.669101751864215,-0.025246536824375193,-0.14110175186421503,0.14334256869742165,0.23849052736868637,0.7873059511184692,0.07595417648553848,-1.0,0.8860465288162231,0.3084745705127716,0.02525000087916851,-0.012374999932944775,-0.016499999910593033,0.02487500011920929,7.994000043254346e-05,7.423000351991504e-05,8.565000462112948e-05,0.0,0.013500000350177288,0.007499999832361937,0.020999999716877937,0.0022499999031424522,0.0,0.0005000000237487257,-0.0002500000118743628,0.5185239315032959,0.519259512424469,0.4687405526638031,0.10990626364946365,-0.01081125
7,7,-0.15506139263221294,-0.6653366628714704,-0.036061392632212946,-0.1373366628714704,0.14199219347290376,0.24173288710380522,0.8273336291313171,0.06931906193494797,-1.0,0.8860465288162231,0.3084745705127716,0.02787500061094761,-0.008624999783933163,-0.008249999955296516,0.02787500061094761,0.0002512400096748024,0.0001827200030675158,0.0001256200048374012,6.28100024187006e-05,0.03799999877810478,0.016499999910593033,0.054499998688697815,0.016249999403953552,0.011749999597668648,0.001500000013038516,0.0012499999720603228,0.41142088174819946,0.9589356184005737,0.24826931953430176,0.8810200691223145,0.0
8,8,-0.15806711129637313,-0.6659764921227977,-0.039067111296373136,-0.13797649212279772,0.14340066793273895,0.23835200643967772,0.8021827936172485,0.07570057362318039,-1.0,0.8860465288162231,0.3084745705127716,0.02812499925494194,-0.0005000000237487257,-0.004999999888241291,0.041749998927116394,0.0006281000096350908,0.0006223900127224624,0.000308340007904917,0.00010278000263497233,0.10949999839067459,0.035999998450279236,0.14550000429153442,0.03099999949336052,0.03125,0.0042500002309679985,0.006500000134110451,0.8762550354003906,0.432932585477829,0.4465145170688629,-0.1258423626422882,-0.052575305
9,9,-0.15098722670995296,-0.6671761514923844,-0.031987226709952965,-0.13917615149238438,0.1428047051634681,0.23977673687247658,0.7951927781105042,0.07461611181497574,-1.0,0.8860465288162231,0.3084745705127716,0.02812499925494194,0.001500000013038516,0.0017500000540167093,0.041749998927116394,0.0012105200439691544,0.0009992499835789204,0.0005938400281593204,6.851999933132902e-05,0.19349999725818634,0.057999998331069946,0.2515000104904175,0.04724999889731407,0.04324999824166298,0.007249999791383743,0.0020000000949949026,-0.641549825668335,-0.91513991355896,-0.13248880207538605,-0.30180495977401733,0.0
10,10,-0.16556431132357874,-0.6640905747621473,-0.046564311323578744,-0.13609057476214725,0.14383629454393893,0.23731594000031414,0.8116576075553894,0.07258279621601105,-1.0,0.8860465288162231,0.3084745705127716,0.02812499925494194,0.0012499999720603228,0.0017500000540167093,0.03700000047683716,0.00041683000745251775,0.0001541700039524585,0.00020556000526994467,6.28100024187006e-05,0.05000000074505806,0.023499999195337296,0.07349999994039536,0.023250000551342964,0.009499999694526196,0.0024999999441206455,0.0002500000118743628,0.7707359790802002,-0.9311797618865967,-0.13089410960674286,0.13512451946735382,0.0
11,11,-0.21241919020677447,-0.6539546011406553,-0.09341919020677447,-0.12595460114065526,0.15681743094245315,0.20842535541931206,0.7777574062347412,0.07781258225440979,-1.0,0.8860465288162231,0.3084745705127716,0.03687499836087227,-0.013500000350177288,0.0001250000059371814,0.03712499886751175,0.00074230000609532,9.13600015337579e-05,0.00010848999954760075,9.13600015337579e-05,0.0729999989271164,0.017500000074505806,0.09049999713897705,0.03449999913573265,0.0042500002309679985,0.0010000000474974513,0.004999999888241291,-0.5506439208984375,-0.9360770583152771,-0.3718239367008209,0.8096864819526672,0.0
12,12,-0.18075891922235718,-0.6611521501820463,-0.061758919222357184,-0.1331521501820463,0.14677758412515124,0.23043744509510625,0.6687926054000854,0.09499219805002213,-1.0,0.8860465288162231,0.3084745705127716,0.03737499937415123,-0.028875000774860382,-0.006874999962747097,0.04762500151991844,0.00019414001144468784,6.851999933132902e-05,0.0001256200048374012,0.00020556000526994467,0.023000000044703484,0.028999999165534973,0.052000001072883606,0.013000000268220901,0.0,0.0012499999720603228,0.01425000000745058,-0.01604052074253559,0.8256508111953735,-0.536001443862915,-0.05876138061285019,0.0
13,13,-0.1596322942165452,-0.6687056145663113,-0.04063229421654521,-0.14070561456631125,0.14645495315551207,0.23118210826970098,0.7424210906028748,0.0827929675579071,-1.0,0.8860465288162231,0.3084745705127716,0.03799999877810478,-0.016374999657273293,-0.016625000163912773,0.05087500065565109,0.00017130000924225897,0.00010848999954760075,9.13600015337579e-05,9.707000572234392e-05,0.02449999935925007,0.016499999910593033,0.04100000113248825,0.011250000447034836,0.005750000011175871,0.000750000006519258,0.005750000011175871,-0.31003355979919434,-0.4325408339500427,-0.41761675477027893,-0.5549324750900269,0.0
14,14,-0.15890550885635427,-0.6667987080860462,-0.03990550885635427,-0.13879870808604622,0.14442136615972043,0.23593152565248535,0.7915527820587158,0.06999048590660095,-1.0,0.8860465288162231,0.3084745705127716,0.0377499982714653,-0.02162499912083149,-0.024000000208616257,0.04337500035762787,6.851999933132902e-05,6.851999933132902e-05,0.0,0.0,0.012000000104308128,0.0,0.012000000104308128,0.0002500000118743628,0.0002500000118743628,0.0,0.0,0.10872434824705124,0.8191912174224854,0.8191396594047546,-0.28209957480430603,-0.057851955
15,15,-0.1608137725260613,-0.6666488334414975,-0.041813772526061305,-0.13864883344149748,0.14481674829780328,0.23500053623769893,0.7932429909706116,0.07322252541780472,-1.0,0.8860465288162231,0.3084745705127716,0.03662500157952309,-0.013749999925494194,-0.010499999858438969,0.04412499815225601,0.00011420000373618677,0.00023411000438500196,0.00026837000041268766,9.13600015337579e-05,0.030500000342726707,0.03150000050663948,0.06199999898672104,0.006500000134110451,0.014999999664723873,0.0035000001080334187,0.006000000052154064,0.43751341104507446,0.6298881769180298,-0.6218996047973633,0.6445353031158447,0.0
16,16,-0.16704195914603168,-0.664922345218637,-0.04804195914603168,-0.136922345218637,0.14510602488787494,0.23432171700575244,0.7888051867485046,0.07347655296325684,-1.0,0.8860465288162231,0.3084745705127716,0.0364999994635582,-0.0062500000931322575,-0.020874999463558197,0.05649999901652336,0.0003939900198020041,0.00041683000745251775,9.707000572234392e-05,8.565000462112948e-05,0.07100000232458115,0.01600000075995922,0.08699999749660492,0.023000000044703484,0.023499999195337296,0.0010000000474974513,0.005249999929219484,0.6139787435531616,0.6603990793228149,0.3475387990474701,0.794041633605957,0.0
17,17,-0.17407013182244052,-0.6616708871208644,-0.05507013182244053,-0.1336708871208644,0.14457048620869975,0.23557996663351155,0.7743210196495056,0.07640280574560165,-1.0,0.8860465288162231,0.3084745705127716,0.03687499836087227,-0.0020000000949949026,-0.017374999821186066,0.06687500327825546,0.0011020300444215536,0.000867919996380806,0.0005824200343340635,0.00019985000835731626,0.17249999940395355,0.06849999725818634,0.2409999966621399,0.045249998569488525,0.03974999859929085,0.007000000216066837,0.01425000000745058,0.7323340177536011,0.8253520727157593,0.28717461228370667,0.9981411099433899,-0.049521126
18,18,-0.17620979416807167,-0.6593185059960006,-0.057209794168071676,-0.1313185059960006,0.14323934712841568,0.23873682812885266,0.7579764127731323,0.08191375434398651,-1.0,0.8860465288162231,0.3084745705127716,0.03674999997019768,0.0013749999925494194,-0.014499999582767487,0.07524999976158142,0.002226900076493621,0.0011705500073730946,0.0011534200748428702,0.0006452300003729761,0.29750001430511475,0.1574999988079071,0.45500001311302185,0.07275000214576721,0.048250000923871994,0.012000000104308128,0.03474999964237213,-0.6938191652297974,0.8629556894302368,0.6006889343261719,-0.04142749309539795,0.0
19,19,-0.17944197139365411,-0.6592444161005215,-0.06044197139365412,-0.1312444161005215,0.14449335162393506,0.23576175036261235,0.7530004978179932,0.08590083569288254,-1.0,0.8860465288162231,0.3084745705127716,0.036125000566244125,0.0063749998807907104,-0.006624999921768904,0.07512500137090683,0.001147710019722581,0.002015630016103387,0.0018843000289052725,0.0006395200034603477,0.2770000100135803,0.22100000083446503,0.49799999594688416,0.04800000041723251,0.07050000131130219,0.01875000074505806,0.03350000083446503,-0.13186992704868317,-0.7994334101676941,0.6710284948348999,-0.6580845713615417,-0.07037747
20,20,-0.16812566278322727,-0.6613780816655952,-0.049125662783227275,-0.13337808166559517,0.14213741032073693,0.2413821049839895,0.7454838156700134,0.08602641522884369,-1.0,0.8860465288162231,0.3084745705127716,0.036125000566244125,0.0063749998807907104,-0.004999999888241291,0.07512500137090683,0.0010106699774041772,0.0009649900021031499,0.002044179942458868,0.00013133000175002962,0.17299999296665192,0.19050000607967377,0.3634999990463257,0.04324999824166298,0.04075000062584877,0.01850000023841858,0.008999999612569809,-0.9557390809059143,0.08530338853597641,0.3525873124599457,-0.8655440807342529,-0.030904984
21,21,-0.15194495927221094,-0.6659103176221947,-0.032944959272210944,-0.13791031762219463,0.14179078266270428,0.2422202539102007,0.7718007564544678,0.08241003006696701,-1.0,0.8860465288162231,0.3084745705127716,0.029374999925494194,0.006624999921768904,0.0016250000335276127,0.06199999898672104,0.0003368900215718895,0.0009992499835789204,0.000559579988475889,7.994000043254346e-05,0.11699999868869781,0.0560000017285347,0.17299999296665192,0.020999999716877937,0.04324999824166298,0.006750000175088644,0.003000000026077032,0.7455139756202698,-0.026044057682156563,0.6728817224502563,-0.8637502193450928,0.0
22,22,-0.15469182038804163,-0.6660213453916755,-0.03569182038804164,-0.13802134539167543,0.14256155802438605,0.24036045650958346,0.8094303011894226,0.07472827285528183,-1.0,0.8860465288162231,0.3084745705127716,0.029124999418854713,0.006500000134110451,0.012875000014901161,0.04637499898672104,0.0012390700867399573,0.0009364400175400078,0.0008165300241671503,7.994000043254346e-05,0.19050000607967377,0.07850000262260437,0.26899999380111694,0.04924999922513962,0.042750000953674316,0.00925000011920929,0.0020000000949949026,0.08315654844045639,0.5016883015632629,-0.8406105041503906,0.797370970249176,0.0
23,23,-0.14899239748301474,-0.667328504991711,-0.029992397483014743,-0.139328504991711,0.14252009054868156,0.24046014859195627,0.8030422925949097,0.07454009354114532,-1.0,0.8860465288162231,0.3084745705127716,0.029124999418854713,0.010125000029802322,0.000750000006519258,0.057999998331069946,0.001358980080112815,0.0017187100602313876,0.0001598800008650869,0.00011991000064881518,0.2694999873638153,0.02449999935925007,0.2939999997615814,0.05225000157952309,0.054249998182058334,0.0020000000949949026,0.008500000461935997,0.6607567071914673,-0.9598330855369568,0.11283878237009048,-0.949641227722168,0.0
24,24,-0.14602147650947497,-0.6674428911255625,-0.02702147650947498,-0.13944289112556252,0.1420368968902362,0.24162484839275067,0.8162967562675476,0.07232456654310226,-1.0,0.8860465288162231,0.3084745705127716,0.029124999418854713,0.010125000029802322,0.0008750000270083547,0.04437499865889549,0.00244959001429379,0.00029121001716703176,0.0004739300056826323,6.851999933132902e-05,0.23999999463558197,0.04749999940395355,0.2874999940395355,0.07699999958276749,0.01850000023841858,0.005750000011175871,0.0002500000118743628,-0.39196279644966125,0.761130154132843,-0.34550872445106506,0.14774778485298157,-0.010803721
25,25,-0.15372669388397103,-0.6638621757969856,-0.03472669388397104,-0.13586217579698556,0.14023007552020372,0.2460302568711189,0.8232058882713318,0.07213069498538971,-1.0,0.8860465288162231,0.3084745705127716,0.029249999672174454,0.010125000029802322,-0.003375000087544322,0.04637499898672104,0.001570250024087727,0.0011420000810176134,0.00011991000064881518,6.851999933132902e-05,0.23749999701976776,0.016499999910593033,0.2540000081062317,0.057999998331069946,0.04699999839067459,0.001500000013038516,0.0017500000540167093,0.6198794841766357,-0.29293277859687805,0.9703894257545471,0.39140430092811584,0.0
26,26,-0.18613396733773155,-0.6570982396732548,-0.06713396733773155,-0.12909823967325473,0.14551056682329544,0.23337570220012913,0.8052867650985718,0.07819969952106476,-1.0,0.8860465288162231,0.3084745705127716,0.028875000774860382,0.010125000029802322,0.010374999605119228,0.048374999314546585,0.002620890038087964,0.0007080400246195495,0.0009478600113652647,0.0001598800008650869,0.2915000021457672,0.09700000286102295,0.38850000500679016,0.08174999803304672,0.036249998956918716,0.010250000283122063,0.012249999679625034,0.5907807946205139,-0.9904446005821228,0.9473700523376465,0.9199504852294922,-0.10907807
27,27,-0.1857023646669747,-0.6571432096481973,-0.06670236466697471,-0.12914320964819725,0.14535189730582915,0.23374629222964957,0.7299209833145142,0.08966399729251862,-1.0,0.8860465288162231,0.3084745705127716,0.028875000774860382,0.003874999936670065,0.02225000038743019,0.051624998450279236,0.0017187100602313876,0.00016558999777771533,0.0025752100627869368,0.000799400033429265,0.16500000655651093,0.2955000102519989,0.46050000190734863,0.06300000101327896,0.011749999597668648,0.02199999988079071,0.03999999910593033,0.7605044841766357,0.4516546428203583,0.9399821162223816,-0.2577551007270813,-0.06937069
28,28,-0.1800245723497433,-0.6581657460131543,-0.06102457234974332,-0.13016574601315423,0.14376063392191213,0.23749556265992905,0.7309247255325317,0.08958777785301208,-1.0,0.8860465288162231,0.3084745705127716,0.028875000774860382,0.003874999936670065,0.025624999776482582,0.051624998450279236,0.002957780146971345,0.0004682200087700039,0.003294670023024082,0.0005253200070001185,0.30000001192092896,0.3345000147819519,0.6345000267028809,0.09149999916553497,0.02850000001490116,0.028750000521540642,0.030500000342726707,0.937239408493042,0.8707089424133301,0.1891128569841385,-0.1135144978761673,-0.16184662
29,29,-0.1790287911498137,-0.6572460191820224,-0.060028791149813715,-0.1292460191820224,0.1425061024704123,0.2404937866983552,0.7441288828849792,0.08785466849803925,-1.0,0.8860465288162231,0.3084745705127716,0.028750000521540642,0.005625000223517418,0.025624999776482582,0.051624998450279236,0.0021069899667054415,0.0012904600007459521,0.003209020011126995,0.00042254000436514616,0.29750001430511475,0.3179999887943268,0.6154999732971191,0.0729999989271164,0.057500001043081284,0.028999999165534973,0.026249999180436134,-0.8600809574127197,0.12248184531927109,-0.35537365078926086,0.8635786771774292,-0.028037364
30,30,-0.18418263743719104,-0.6573757837702263,-0.06518263743719105,-0.1293757837702263,0.14486845636448484,0.23487905341463547,0.7464446425437927,0.08941352367401123,-1.0,0.8860465288162231,0.3084745705127716,0.028750000521540642,0.005625000223517418,0.025624999776482582,0.051624998450279236,0.0008279500179924071,0.00148460001219064,0.0028664199635386467,0.0015245700487866998,0.20250000059604645,0.38449999690055847,0.5870000123977661,0.04075000062584877,0.06199999898672104,0.026249999180436134,0.05849999934434891,0.9212460517883301,0.7616689801216125,0.9615157246589661,0.47405317425727844,-0.16817844
31,31,-0.18399199498378027,-0.6568837568391422,-0.06499199498378028,-0.12888375683914222,0.1443432789877757,0.23611582985819932,0.7344589829444885,0.08919358998537064,-1.0,0.8860465288162231,0.3084745705127716,0.028750000521540642,0.005625000223517418,0.025624999776482582,0.05400000140070915,0.0020955700892955065,0.0016045100055634975,0.0025580800138413906,0.002004210138693452,0.3240000009536743,0.3995000123977661,0.7235000133514404,0.07524999976158142,0.06525000184774399,0.02449999935925007,0.07150000333786011,-0.8069296479225159,0.8423621654510498,-0.3264153301715851,-0.24298405647277832,-0.16267087
32,32,-0.18433299903240033,-0.6572736926313916,-0.06533299903240034,-0.12927369263139155,0.14484504951541533,0.23493403763494983,0.7349023222923279,0.09002753347158432,-1.0,0.8860465288162231,0.3084745705127716,0.028750000521540642,0.005625000223517418,0.025624999776482582,0.05400000140070915,0.0019585301633924246,0.0019071400165557861,0.0023525201249867678,0.001581670017912984,0.3384999930858612,0.34450000524520874,0.6830000281333923,0.07175000011920929,0.07275000214576721,0.022749999538064003,0.0625,0.8668378591537476,-0.1942349076271057,0.944723904132843,0.23193801939487457,-0.17780757
33,33,-0.18345621593610395,-0.6567697789257723,-0.06445621593610396,-0.12876977892577224,0.14400090186312695,0.236925621927664,0.7341092824935913,0.0893666222691536,-1.0,0.8860465288162231,0.3084745705127716,0.028750000521540642,0.005625000223517418,0.025624999776482582,0.05400000140070915,0.0025637901853770018,0.0018272000597789884,0.002649439964443445,0.001918560010381043,0.38449999690055847,0.4000000059604645,0.784500002861023,0.08775000274181366,0.07225000113248825,0.02525000087916851,0.07100000232458115,0.4163903594017029,-0.21862134337425232,0.9114558696746826,0.9273276329040527,-0.22860138
34,34,-0.18415808175771387,-0.6569755539110707,-0.06515808175771387,-0.12897555391107063,0.14450006617649838,0.23574592054741664,0.7361483573913574,0.09022071212530136,-1.0,0.8860465288162231,0.3084745705127716,0.028750000521540642,0.005625000223517418,0.025624999776482582,0.05400000140070915,0.00240961997769773,0.001541700097732246,0.002426750026643276,0.0026837000623345375,0.34599998593330383,0.44749999046325684,0.7935000061988831,0.08500000089406967,0.06424999982118607,0.023499999195337296,0.08874999731779099,-0.2850882112979889,-0.0828431025147438,-0.6468840837478638,-0.27394789457321167,-0.09880244
35,35,-0.1838686321329846,-0.6570486570779597,-0.0648686321329846,-0.12904865707795965,0.14443509036390467,0.23589914814999788,0.7345160841941833,0.08987194299697876,-1.0,0.8860465288162231,0.3084745705127716,0.028750000521540642,0.005625000223517418,0.025624999776482582,0.05400000140070915,0.0024210400879383087,0.0015474100364372134,0.0019242700655013323,0.0018329099984839559,0.3474999964237213,0.32899999618530273,0.6765000224113464,0.0832500010728836,0.061250001192092896,0.01899999938905239,0.07000000029802322,0.3709220290184021,-0.10911668092012405,0.5269386768341064,-0.7507327795028687,-0.10010501
36,36,-0.18409414016079811,-0.6565617342768044,-0.06509414016079812,-0.1285617342768044,0.1441019312970277,0.23668637818671276,0.7351891994476318,0.08974803984165192,-1.0,0.8860465288162231,0.3084745705127716,0.028750000521540642,0.005625000223517418,0.025624999776482582,0.05400000140070915,0.0023924901615828276,0.0014389200368896127,0.002169799990952015,0.0008336600149050355,0.33550000190734863,0.2630000114440918,0.5985000133514404,0.08100000023841858,0.060750000178813934,0.020500000566244125,0.041999999433755875,-0.31122103333473206,-0.7943825721740723,0.7549407482147217,0.08950109779834747,-0.07266076
37,37,-0.18260796845326296,-0.657714987453382,-0.06360796845326297,-0.12971498745338195,0.14447128303155038,0.23581378540378822,0.734664797782898,0.09057333320379257,-1.0,0.8860465288162231,0.3084745705127716,0.028750000521540642,0.005625000223517418,0.025624999776482582,0.05400000140070915,0.0015588300302624702,0.00047964000259526074,0.003768600057810545,0.0009935400448739529,0.1784999966621399,0.4169999957084656,0.5954999923706055,0.06224999949336052,0.03099999949336052,0.032999999821186066,0.045249998569488525,0.6334847807884216,-0.08430895954370499,0.3689122796058655,-0.782608151435852,-0.05364548
38,38,-0.16795981055242745,-0.661971666060676,-0.04895981055242746,-0.133971666060676,0.14263754890071154,0.24017787387420042,0.7381210327148438,0.08861866593360901,-1.0,0.8860465288162231,0.3084745705127716,0.028750000521540642,0.005625000223517418,0.025624999776482582,0.05362499877810478,0.0026551501359790564,0.0004682200087700039,0.0037115002050995827,0.00022269001055974513,0.273499995470047,0.34450000524520874,0.6179999709129333,0.0860000029206276,0.030500000342726707,0.032749999314546585,0.016750000417232513,0.8646138906478882,0.40502962470054626,-0.9543367028236389,-0.6788111925125122,-0.22772408
39,39,-0.1782368626211174,-0.658995867908447,-0.05923686262111741,-0.13099586790844697,0.14376690614421814,0.2374806668774253,0.7721864581108093,0.0814039558172226,-1.0,0.8860465288162231,0.3084745705127716,0.0286250002682209,0.005499999970197678,0.03125,0.04374999925494194,0.0025409499648958445,0.0009193100268021226,0.002323969965800643,0.0001598800008650869,0.30300000309944153,0.2175000011920929,0.5205000042915344,0.08299999684095383,0.04574999958276749,0.021250000223517418,0.011250000447034836,-0.10890976339578629,-0.8447971343994141,0.7692360281944275,0.11711125075817108,-0.054481972
40,40,-0.1700572162062253,-0.6603816232994117,-0.0510572162062253,-0.13238162329941172,0.1418863401251741,0.24198890493518532,0.7482863664627075,0.08644767850637436,-1.0,0.8860465288162231,0.3084745705127716,0.0286250002682209,0.004124999977648258,0.03400000184774399,0.04337500035762787,0.002323969965800643,0.00023411000438500196,0.0031576300971210003,0.00022269001055974513,0.2240000069141388,0.29600000381469727,0.5199999809265137,0.07850000262260437,0.017000000923871994,0.02775000035762787,0.016249999403953552,0.29431653022766113,0.8299144506454468,0.44686466455459595,-0.3840407431125641,-0.13695684
41,41,-0.17589375065512244,-0.659758584583265,-0.05689375065512245,-0.13175858458326495,0.14351732813494206,0.23807410663776304,0.76730877161026,0.0840989425778389,-1.0,0.8860465288162231,0.3084745705127716,0.02850000001490116,0.004124999977648258,0.0364999994635582,0.03849999979138374,0.0015188599936664104,0.0009706999990157783,0.0029063900001347065,0.0001598800008650869,0.21799999475479126,0.2685000002384186,0.48649999499320984,0.05999999865889549,0.04800000041723251,0.026249999180436134,0.011749999597668648,-0.4086533188819885,-0.9475215673446655,0.8175739645957947,0.1220143660902977,-0.07372882
42,42,-0.19103607854535837,-0.6561342610671722,-0.07203607854535837,-0.12813426106717218,0.14699518859957042,0.22993654808864397,0.7537354826927185,0.0851549431681633,-1.0,0.8860465288162231,0.3084745705127716,0.0286250002682209,0.0021250001154839993,0.03662500157952309,0.03849999979138374,0.0009706999990157783,0.00022269001055974513,0.0037800201680511236,0.00023411000438500196,0.10450000315904617,0.351500004529953,0.4560000002384186,0.04450000077486038,0.016499999910593033,0.03350000083446503,0.016249999403953552,0.9152995347976685,-0.9442623853683472,-0.066911980509758,-0.5851527452468872,-0.0066794376
43,43,-0.18779135230467842,-0.6570451300528684,-0.06879135230467842,-0.12904513005286833,0.14623575398057784,0.23168941334476706,0.7185207605361938,0.09129786491394043,-1.0,0.8860465288162231,0.3084745705127716,0.028875000774860382,-0.008500000461935997,0.042500000447034836,0.027499999850988388,0.002323969965800643,9.13600015337579e-05,0.00240961997769773,0.00022840000747237355,0.21150000393390656,0.23100000619888306,0.4424999952316284,0.07824999839067459,0.0024999999441206455,0.0215000007301569,0.016499999910593033,0.7406256794929504,0.5126105546951294,0.28963473439216614,0.8642383813858032,-0.1695689
44,44,-0.18126339526407417,-0.6589207969792901,-0.06226339526407418,-0.13092079697929004,0.14497236106066155,0.2346351297937962,0.7260666489601135,0.08975401520729065,-1.0,0.8860465288162231,0.3084745705127716,0.028875000774860382,-0.00800000037997961,0.042500000447034836,0.02762500010430813,0.0014731800183653831,0.00029121001716703176,0.0029235200490802526,0.0010906100505962968,0.15449999272823334,0.351500004529953,0.5059999823570251,0.05950000137090683,0.020500000566244125,0.025750000029802322,0.048500001430511475,0.2258390486240387,0.6376148462295532,-0.8529285192489624,0.8908980488777161,-0.079292856
45,45,-0.18095433051773938,-0.6592217206752959,-0.06195433051773938,-0.13122172067529592,0.1451119534941442,0.234307825405541,0.7412478923797607,0.08657491952180862,-1.0,0.8860465288162231,0.3084745705127716,0.028750000521540642,-0.003375000087544322,0.042500000447034836,0.032749999314546585,0.0017415500478819013,0.0006281000096350908,0.0025295300874859095,0.002004210138693452,0.20749999582767487,0.3970000147819519,0.6044999957084656,0.06800000369548798,0.03500000014901161,0.023499999195337296,0.07150000333786011,0.4382896423339844,0.035398196429014206,0.5380645990371704,0.28724405169487,-0.09347791
46,46,-0.18123863697841697,-0.6585659261481944,-0.06223863697841697,-0.1305659261481944,0.1446413115395008,0.23541317541503068,0.7419666647911072,0.0860648825764656,-1.0,0.8860465288162231,0.3084745705127716,0.028750000521540642,-0.003375000087544322,0.042500000447034836,0.032625000923871994,0.0023582300636917353,0.0006623599911108613,0.00215838011354208,0.0021812201011925936,0.2644999921321869,0.3799999952316284,0.6445000171661377,0.08425000309944153,0.036249998956918716,0.020250000059604645,0.0767500028014183,-0.3014475107192993,-0.800472617149353,-0.17717905342578888,-0.5776041150093079,-0.03461036
47,47,-0.2046564441061101,-0.6522428064005801,-0.08565644410611012,-0.12424280640058005,0.15090825477486375,0.22111274531646688,0.7413054704666138,0.08717639744281769,-1.0,0.8860465288162231,0.3084745705127716,0.028750000521540642,-0.0037499999161809683,0.042500000447034836,0.032625000923871994,0.002341100014746189,0.00011420000373618677,0.0020213399548083544,0.0012904600007459521,0.2150000035762787,0.28999999165534973,0.5049999952316284,0.08100000023841858,0.007000000216066837,0.01875000074505806,0.05525000020861626,0.9727916717529297,-0.9987390041351318,0.195318341255188,-0.9938439726829529,-0.18885256
48,48,-0.19665004058910074,-0.6556514080732392,-0.07765004058910074,-0.12765140807323916,0.14941355623426417,0.22444253747838316,0.6868454813957214,0.09789355099201202,-1.0,0.8860465288162231,0.3084745705127716,0.028875000774860382,-0.01875000074505806,0.042500000447034836,0.03125,0.0015873800730332732,-6.28100024187006e-05,0.0025009801611304283,0.000308340007904917,0.1445000022649765,0.2460000067949295,0.390500009059906,0.06199999898672104,-0.0002500000118743628,0.02225000038743019,0.020749999210238457,0.6427278518676758,0.45724183320999146,-0.3312361538410187,0.11731666326522827,-0.021123612
49,49,-0.19426185484669967,-0.6574491265647917,-0.07526185484669967,-0.12944912656479168,0.14973784813250504,0.2237158674160409,0.7054650187492371,0.09211625903844833,-1.0,0.8860465288162231,0.3084745705127716,0.028875000774860382,-0.014999999664723873,0.042500000447034836,0.03137499839067459,0.0026323101483285427,0.0001484600070398301,0.0019014300778508186,0.0003768599999602884,0.2434999942779541,0.19949999451637268,0.4429999887943268,0.0860000029206276,0.00925000011920929,0.017750000581145287,0.02474999986588955,-0.5165510773658752,-0.595490574836731,-0.8869141936302185,0.6748539805412292,-0.04265511
50,50,-0.2054504816487796,-0.6548343738706596,-0.08645048164877961,-0.12683437387065954,0.15349476920230287,0.21546696151583603,0.7110189199447632,0.08906927704811096,-1.0,0.8860465288162231,0.3084745705127716,0.0364999994635582,-0.02225000038743019,0.03212499991059303,0.03350000083446503,0.0017929400783032179,7.994000043254346e-05,0.0003882800228893757,0.0010278000263497233,0.164000004529953,0.12399999797344208,0.2879999876022339,0.06750000268220901,0.001500000013038516,0.005249999929219484,0.04574999958276749,0.9182725548744202,-0.7229517698287964,0.0912112444639206,0.3244374990463257,-0.051570192
51,51,-0.19166255379417757,-0.6621806374318506,-0.07266255379417758,-0.1341806374318506,0.15259190733950964,0.21742113902531168,0.6849988698959351,0.09350106120109558,-1.0,0.8860465288162231,0.3084745705127716,0.03662500157952309,-0.03487500175833702,0.03212499991059303,0.03350000083446503,0.0025295300874859095,-7.423000351991504e-05,0.00074230000609532,0.0013989500002935529,0.2280000001192093,0.1875,0.4154999852180481,0.08550000190734863,-0.0002500000118743628,0.008500000461935997,0.057750001549720764,-0.7627061605453491,0.18921880424022675,-0.9484765529632568,-0.580407977104187,-0.07027062
52,52,-0.19964677229316918,-0.6601638848134268,-0.08064677229316919,-0.13216388481342678,0.15482633603584056,0.2126168923184583,0.717063844203949,0.08104977011680603,-1.0,0.8860465288162231,0.3084745705127716,0.0521249994635582,-0.03375000134110451,0.016374999657273293,0.0351249985396862,0.0012390700867399573,9.707000572234392e-05,0.00032546999864280224,0.0006109700188972056,0.11699999868869781,0.0820000022649765,0.19900000095367432,0.05225000157952309,0.0044999998062849045,0.0044999998062849045,0.032749999314546585,0.9574835300445557,-0.03365813195705414,0.9394944310188293,-0.3825191259384155,0.0
53,53,-0.16805914894414728,-0.6680474575447547,-0.049059148944147285,-0.14004745754475467,0.14839167921374125,0.2267478227228226,0.6984958648681641,0.08446799218654633,-1.0,0.8860465288162231,0.3084745705127716,0.051874998956918716,-0.03375000134110451,0.023375000804662704,0.03474999964237213,0.0027122499886900187,9.13600015337579e-05,0.0029235200490802526,0.00026266000350005925,0.24549999833106995,0.27900001406669617,0.5245000123977661,0.0885000005364418,0.0032500000670552254,0.025499999523162842,0.01924999989569187,0.6727292537689209,0.811421275138855,-0.5286399126052856,-0.9022884368896484,-0.1606214
54,54,-0.18383115567504593,-0.664229912738848,-0.06483115567504594,-0.136229912738848,0.15086970494766727,0.22119800032947,0.7719554901123047,0.07110600173473358,-1.0,0.8860465288162231,0.3084745705127716,0.051874998956918716,-0.030750000849366188,0.026499999687075615,0.023250000551342964,0.0019014300778508186,0.00047964000259526074,0.0016045100055634975,0.00011991000064881518,0.2084999978542328,0.1509999930858612,0.359499990940094,0.06975000351667404,0.027499999850988388,0.01575000025331974,0.008500000461935997,-0.9547005295753479,0.22978909313678741,0.726382851600647,0.5708943605422974,0.0
55,55,-0.18510983549096915,-0.662380851678764,-0.06610983549096916,-0.134380851678764,0.1497622236966084,0.2236613420570714,0.7352764010429382,0.0775764212012291,-1.0,0.8860465288162231,0.3084745705127716,0.051375001668930054,-0.030750000849366188,0.033250000327825546,0.022874999791383743,0.0006452300003729761,0.0006338100065477192,0.0032889600843191147,0.0005424499977380037,0.1120000034570694,0.33550000190734863,0.44749999046325684,0.03500000014901161,0.035999998450279236,0.029249999672174454,0.030500000342726707,-0.7081823348999023,-0.19731441140174866,-0.5478841662406921,-0.3143545687198639,-0.046570152
56,56,-0.17010028375173572,-0.6657207571907535,-0.051100283751735726,-0.1377207571907535,0.14689535717885158,0.23016621163046688,0.732302725315094,0.08071041852235794,-1.0,0.8860465288162231,0.3084745705127716,0.04324999824166298,-0.02512500062584877,0.036375001072883606,0.022874999791383743,0.0003939900198020041,0.000245530012762174,0.002186930039897561,0.00028550002025440335,0.0560000017285347,0.21649999916553497,0.27250000834465027,0.02474999986588955,0.017500000074505806,0.019999999552965164,0.01875000074505806,-0.09857936203479767,0.2941003441810608,0.33695194125175476,-0.6626372337341309,-0.022432912
57,57,-0.18295404650665187,-0.6615752707279179,-0.06395404650665187,-0.13357527072791786,0.14809616137703077,0.22741889406269783,0.7672086358070374,0.07504956424236298,-1.0,0.8860465288162231,0.3084745705127716,0.04312499985098839,-0.02500000037252903,0.03999999910593033,0.015124999918043613,0.00033117999555543065,0.000491060025524348,0.0019585301633924246,0.00013133000175002962,0.07199999690055847,0.18299999833106995,0.2549999952316284,0.0215000007301569,0.02824999950826168,0.0182499997317791,0.009499999694526196,-0.3108300566673279,-0.28457459807395935,0.4041650891304016,-0.018683606758713722,-0.024259606
58,58,-0.147175135709692,-0.6687713337933625,-0.028175135709692017,-0.14077133379336249,0.14356324978984644,0.23796480416676868,0.7373161911964417,0.0820758119225502,-1.0,0.8860465288162231,0.3084745705127716,0.03787500038743019,-0.023624999448657036,0.04399999976158142,0.014000000432133675,0.0003197600017301738,0.00020556000526994467,0.001947110053151846,0.0001541700039524585,0.04600000008940697,0.18400000035762787,0.23000000417232513,0.020500000566244125,0.014999999664723873,0.017750000581145287,0.011250000447034836,0.9273078441619873,0.5338348150253296,-0.0021008483599871397,-0.9503730535507202,0.0
59,59,-0.16287794825315413,-0.6666665310446239,-0.043877948253154136,-0.1386665310446239,0.14544305131169422,0.23353332020173526,0.8205229640007019,0.06987909227609634,-1.0,0.8860465288162231,0.3084745705127716,0.0377499982714653,-0.02187499962747097,0.04762500151991844,0.0001250000059371814,0.0013989500002935529,0.0006052600219845772,0.0009364400175400078,8.565000462112948e-05,0.17550000548362732,0.08950000256299973,0.26499998569488525,0.05550000071525574,0.03150000050663948,0.010499999858438969,0.0035000001080334187,-0.26603183150291443,0.29761365056037903,0.3728261888027191,0.9732005596160889,0.0
60,60,-0.15252962591939737,-0.6659260595051912,-0.03352962591939737,-0.1379260595051912,0.1419430650117302,0.24185167592856135,0.7840047478675842,0.07344655692577362,-1.0,0.8860465288162231,0.3084745705127716,0.03750000149011612,-0.02187499962747097,0.05062500014901161,0.003000000026077032,0.0010278000263497233,0.0008850500453263521,0.001918560010381043,0.0006223900127224624,0.16750000417232513,0.2224999964237213,0.38999998569488525,0.04625000059604645,0.042500000447034836,0.0182499997317791,0.03400000184774399,-0.7169474363327026,0.5518597364425659,-0.532448410987854,-0.03463601693511009,0.0
61,61,-0.1541799842184074,-0.6640666638602459,-0.0351799842184074,-0.1360666638602459,0.14054098442683735,0.24526651477581382,0.8080706596374512,0.07470159232616425,-1.0,0.8860465288162231,0.3084745705127716,0.03175000101327896,-0.012249999679625034,0.04774999991059303,0.00912499986588955,0.0005710000405088067,0.0010106699774041772,0.0003026300109922886,0.000308340007904917,0.13850000500679016,0.05350000038743019,0.19200000166893005,0.03099999949336052,0.04374999925494194,0.0042500002309679985,0.020500000566244125,-0.15165922045707703,0.2676633596420288,0.792057991027832,-0.8848279118537903,0.0
62,62,-0.16359279870394813,-0.6630028731841093,-0.04459279870394814,-0.1350028731841093,0.14217697937505752,0.24128661126197548,0.8042325973510742,0.07785311341285706,-1.0,0.8860465288162231,0.3084745705127716,0.02824999950826168,-0.012249999679625034,0.0572500005364418,-0.0002500000118743628,0.0006052600219845772,0.0012961700558662415,0.0014674700796604156,9.707000572234392e-05,0.1665000021457672,0.13699999451637268,0.3034999966621399,0.032499998807907104,0.05375000089406967,0.014750000089406967,0.0062500000931322575,0.7986742258071899,-0.9391539096832275,-0.36421748995780945,0.9809293746948242,0.0
63,63,-0.14605027060972173,-0.6675198225820625,-0.027050270609721733,-0.13951982258206252,0.14211790187513107,0.2414291994741947,0.7823423147201538,0.07965614646673203,-1.0,0.8860465288162231,0.3084745705127716,0.02824999950826168,-0.012249999679625034,0.05562499910593033,0.004124999977648258,0.0016273499932140112,0.0002969200140796602,0.00032546999864280224,0.0006452300003729761,0.16850000619888306,0.08500000089406967,0.2535000145435333,0.06224999949336052,0.01875000074505806,0.0044999998062849045,0.03424999862909317,-0.852523684501648,0.9236484169960022,-0.13277001678943634,-0.970595121383667,0.0
64,64,-0.13748334163586734,-0.6688824510708374,-0.018483341635867345,-0.1408824510708374,0.1420897566250118,0.24149715988961348,0.8231388926506042,0.07200030237436295,-1.0,0.8860465288162231,0.3084745705127716,0.02812499925494194,-0.009875000454485416,0.05375000089406967,0.0018749999580904841,0.0005481599946506321,0.0011876800563186407,0.00022840000747237355,7.423000351991504e-05,0.15199999511241913,0.026499999687075615,0.1784999966621399,0.030750000849366188,0.048500001430511475,0.0035000001080334187,0.0024999999441206455,-0.49179890751838684,0.39925554394721985,-0.8662676811218262,-0.7605994939804077,0.0
65,65,-0.13836372650870538,-0.6679741750853534,-0.01936372650870538,-0.13997417508535337,0.14130719583633772,0.2433944359554992,0.8430619835853577,0.0696907639503479,-1.0,0.8860465288162231,0.3084745705127716,0.024250000715255737,-0.0011249999515712261,0.03849999979138374,-0.011374999769032001,0.0003140500048175454,0.0010734800016507506,0.00014275001012720168,6.28100024187006e-05,0.12150000035762787,0.017999999225139618,0.13950000703334808,0.020250000059604645,0.04574999958276749,0.0017500000540167093,0.0005000000237487257,0.13678602874279022,-0.824652373790741,-0.7921953201293945,-0.6738964319229126,0.0
66,66,-0.13824059421228638,-0.6679286769944732,-0.019240594212286383,-0.1399286769944732,0.14124530119995313,0.24354513068778155,0.841014564037323,0.0712302103638649,-1.0,0.8860465288162231,0.3084745705127716,0.02462499961256981,-0.0008750000270083547,0.024250000715255737,-0.023624999448657036,0.00041683000745251775,0.00021127000218257308,0.00010278000263497233,0.0,0.054999999701976776,0.008999999612569809,0.06400000303983688,0.02449999935925007,0.014499999582767487,0.000750000006519258,-0.0002500000118743628,-0.6739557385444641,-0.3807183802127838,0.6566164493560791,-0.12759257853031158,-0.039311115
67,67,-0.10364515224209855,-0.6710782515942391,0.01535484775790144,-0.14307825159423904,0.14389981733460505,0.23716523816260432,0.8413009643554688,0.07130732387304306,-1.0,0.8860465288162231,0.3084745705127716,0.020250000059604645,-0.0024999999441206455,0.035624999552965164,-0.020124999806284904,0.00011991000064881518,8.565000462112948e-05,0.00017701000615488738,6.851999933132902e-05,0.017999999225139618,0.0215000007301569,0.039500001817941666,0.00800000037997961,0.0035000001080334187,0.0024999999441206455,0.0002500000118743628,-0.8656796813011169,0.19041374325752258,-0.9416921734809875,0.5889657139778137,0.0
68,68,-0.15037449963010532,-0.6640379308787592,-0.03137449963010533,-0.13603793087875915,0.13960901784918311,0.2475630013413491,0.9217554330825806,0.0659690648317337,-1.0,0.8860465288162231,0.3084745705127716,0.00774999987334013,0.0020000000949949026,0.01912499964237213,-0.008999999612569809,7.423000351991504e-05,7.423000351991504e-05,9.13600015337579e-05,0.0,0.013000000268220901,0.00800000037997961,0.020999999716877937,0.000750000006519258,0.001500000013038516,0.0002500000118743628,0.0,0.6433126926422119,-0.06875043362379074,-0.7472754120826721,-0.9266903400421143,-0.13520285
69,69,-0.20593103079652708,-0.6497687823228288,-0.08693103079652709,-0.12176878232282873,0.14961497406252888,0.22399092516023306,0.8130825757980347,0.07790181040763855,-1.0,0.8860465288162231,0.3084745705127716,0.015375000424683094,0.0013749999925494194,0.004999999888241291,-0.005375000182539225,0.00014275001012720168,6.851999933132902e-05,9.13600015337579e-05,5.139000131748617e-05,0.01850000023841858,0.012500000186264515,0.03099999949336052,0.009499999694526196,0.0002500000118743628,0.0005000000237487257,0.0002500000118743628,-0.9348441362380981,-0.15546344220638275,0.7096412777900696,-0.13931161165237427,0.0
70,70,-0.14565829788821377,-0.6622324607467456,-0.026658297888213778,-0.13423246074674555,0.13685400383044455,0.2544782169251484,0.6838813424110413,0.10208681225776672,-1.0,0.8860465288162231,0.3084745705127716,0.002624999964609742,-0.0013749999925494194,0.01850000023841858,-0.007625000085681677,3.425999966566451e-05,0.0,0.0,-6.28100024187006e-05,0.003000000026077032,0.005499999970197678,0.008500000461935997,0.0,0.0,0.0,-0.0002500000118743628,-0.7622655630111694,-0.2935361862182617,0.8167575001716614,-0.6941553950309753,-0.1746962
71,71,-0.12923225011962897,-0.6677199078038657,-0.010232250119628972,-0.13971990780386567,0.14009408117130207,0.24636507173009375,0.8240504860877991,0.0809619277715683,-1.0,0.8860465288162231,0.3084745705127716,0.0035000001080334187,0.0,0.03337499871850014,-0.020749999210238457,9.707000572234392e-05,9.13600015337579e-05,9.13600015337579e-05,3.425999966566451e-05,0.016499999910593033,0.010999999940395355,0.027499999850988388,0.005750000011175871,0.004749999847263098,0.000750000006519258,0.0,0.6845470070838928,0.11284741759300232,0.8013474941253662,-0.9387559294700623,0.0
72,72,-0.10176134686992444,-0.671255290966882,0.017238653130075554,-0.14325529096688194,0.14428877139869573,0.23624456598678378,0.862250566482544,0.07166117429733276,-1.0,0.8860465288162231,0.3084745705127716,0.007625000085681677,-0.000375000003259629,0.04762500151991844,-0.03824999928474426,0.0003825699968729168,0.00016558999777771533,0.00017130000924225897,6.851999933132902e-05,0.04800000041723251,0.020999999716877937,0.0689999982714653,0.023000000044703484,0.009499999694526196,0.0022499999031424522,0.0,-0.9334691762924194,-0.11183576285839081,-0.8286210298538208,-0.24216938018798828,0.0
73,73,-0.13197187107265096,-0.6653484612101606,-0.012971871072650965,-0.13734846121016053,0.1379596652501174,0.2516800471072005,0.9261363744735718,0.0656690001487732,-1.0,0.8860465288162231,0.3084745705127716,0.001500000013038516,0.0011249999515712261,0.03312499821186066,-0.04262499883770943,6.851999933132902e-05,8.565000462112948e-05,9.13600015337579e-05,0.0,0.013500000350177288,0.00800000037997961,0.0215000007301569,0.0002500000118743628,0.0024999999441206455,0.0002500000118743628,-0.0002500000118743628,0.5954549312591553,0.6407077312469482,-0.1101645678281784,0.9312605857849121,0.0
74,74,-0.1338209645419725,-0.6646206857310536,-0.014820964541972514,-0.13662068573105357,0.1374222425940492,0.25303627377159366,0.8558793663978577,0.07568057626485825,-1.0,0.8860465288162231,0.3084745705127716,0.005375000182539225,0.008375000208616257,0.03112499974668026,-0.02512500062584877,0.0002169799990952015,0.00017701000615488738,8.565000462112948e-05,-6.28100024187006e-05,0.03449999913573265,0.013000000268220901,0.04749999940395355,0.014750000089406967,0.012000000104308128,0.0002500000118743628,-0.0005000000237487257,-0.34977203607559204,-0.05612356588244438,0.9810256361961365,-0.252867728471756,0.0
75,75,-0.09466239788637523,-0.6699934671905017,0.024337602113624762,-0.14199346719050165,0.14406409546247526,0.23677594739673224,0.8515791296958923,0.07691409438848495,-1.0,0.8860465288162231,0.3084745705127716,0.0021250001154839993,0.008249999955296516,0.048250000923871994,-0.029750000685453415,0.0001256200048374012,0.0001541700039524585,0.0001884299999801442,-6.851999933132902e-05,0.02449999935925007,0.02250000089406967,0.04699999839067459,0.008249999955296516,0.010250000283122063,0.002749999985098839,-0.0005000000237487257,-0.8053640127182007,-0.1107737198472023,-0.8335328698158264,-0.593616247177124,0.0
76,76,-0.1301645042043173,-0.6634350677196166,-0.011164504204317305,-0.13543506771961655,0.13589445802660732,0.2569318048013888,0.9426456093788147,0.06780768185853958,-1.0,0.8860465288162231,0.3084745705127716,-0.008750000037252903,0.01075000036507845,0.03400000184774399,-0.04100000113248825,6.851999933132902e-05,7.423000351991504e-05,0.0,0.0,0.012500000186264515,0.0,0.012500000186264515,0.0,0.0012499999720603228,0.0,-0.0002500000118743628,0.8869040012359619,0.5921791791915894,-0.5284320116043091,0.09863311052322388,-0.09957587
77,77,-0.13721213761367654,-0.667796970333445,-0.018212137613676543,-0.13979697033344496,0.14097827801072613,0.24419632169152078,0.8600825667381287,0.07892361283302307,-1.0,0.8860465288162231,0.3084745705127716,-0.0016250000335276127,0.01587500050663948,0.03712499886751175,-0.03737499937415123,0.0003026300109922886,0.0001884299999801442,0.0001256200048374012,6.28100024187006e-05,0.0430000014603138,0.016499999910593033,0.05950000137090683,0.01899999938905239,0.013000000268220901,0.0012499999720603228,0.0,0.6359163522720337,-0.937130331993103,-0.46731463074684143,-0.9702140688896179,0.0
78,78,-0.1334038018174336,-0.6659479112629808,-0.014403801817433615,-0.13794791126298078,0.13869785769295473,0.24982900455315088,0.8436927199363708,0.07153055816888809,-1.0,0.8860465288162231,0.3084745705127716,0.01075000036507845,0.0032500000670552254,0.028750000521540642,-0.05575000122189522,0.00028550002025440335,9.13600015337579e-05,9.13600015337579e-05,6.851999933132902e-05,0.032999999821186066,0.014000000432133675,0.04699999839067459,0.017999999225139618,0.0032500000670552254,0.0005000000237487257,0.0005000000237487257,0.34048396348953247,0.5828812122344971,0.7380298376083374,0.6273442506790161,0.0
79,79,-0.12906285675959014,-0.6669901828046483,-0.01006285675959015,-0.13899018280464825,0.1393539809342868,0.24819518418954786,0.8525493144989014,0.07466455549001694,-1.0,0.8860465288162231,0.3084745705127716,0.01075000036507845,0.003874999936670065,0.04087499901652336,-0.04362500086426735,0.0005881300312466919,0.0003882800228893757,0.00029121001716703176,0.0,0.08550000190734863,0.025499999523162842,0.11100000143051147,0.030750000849366188,0.023749999701976776,0.0037499999161809683,-0.0002500000118743628,-0.11260254681110382,-0.35923027992248535,0.9353696703910828,0.475884348154068,0.0
80,80,-0.13514882860679475,-0.6658135809783183,-0.016148828606794757,-0.1378135809783183,0.13875650531574774,0.24968252873742336,0.8626444935798645,0.07289799302816391,-1.0,0.8860465288162231,0.3084745705127716,0.010250000283122063,0.0021250001154839993,0.05712499842047691,-0.03525000065565109,0.000491060025524348,0.00021127000218257308,0.0005024800193496048,6.851999933132902e-05,0.061500001698732376,0.05000000074505806,0.11150000244379044,0.02775000035762787,0.014000000432133675,0.0062500000931322575,0.000750000006519258,0.606154203414917,0.7491105794906616,0.5321062803268433,0.5864994525909424,0.0
81,81,-0.13210840393305573,-0.6664570112069006,-0.013108403933055734,-0.13845701120690057,0.13907614535217727,0.24888571755380426,0.8484910726547241,0.07489223778247833,-1.0,0.8860465288162231,0.3084745705127716,0.010125000029802322,0.0021250001154839993,0.06525000184774399,-0.02762500010430813,0.0012276499764993787,0.0009021800360642374,0.000867919996380806,0.00010848999954760075,0.18649999797344208,0.08550000190734863,0.2720000147819519,0.05050000175833702,0.041999999433755875,0.009750000201165676,0.007249999791383743,0.7734707593917847,0.28351861238479614,-0.7452831864356995,0.24319805204868317,0.0
82,82,-0.12695982047825005,-0.6672026383123646,-0.007959820478250057,-0.13920263831236457,0.13943002996187356,0.24800650591854312,0.8555618524551392,0.0738016739487648,-1.0,0.8860465288162231,0.3084745705127716,0.012374999932944775,0.0037499999161809683,0.05525000020861626,-0.021250000223517418,0.0022326100151985884,0.0011933899950236082,0.00014275001012720168,9.13600015337579e-05,0.30000001192092896,0.020500000566244125,0.320499986410141,0.07500000298023224,0.04924999922513962,0.0020000000949949026,0.0035000001080334187,-0.5781824588775635,0.8008180260658264,0.3209857940673828,-0.7473178505897522,0.0
83,83,-0.12767452712497226,-0.6664229270414876,-0.00867452712497227,-0.13842292704148762,0.13869446330540697,0.24983748486169854,0.8675352931022644,0.07253789901733398,-1.0,0.8860465288162231,0.3084745705127716,0.012374999932944775,0.005375000182539225,0.057874999940395355,-0.03312499821186066,0.0013418500311672688,0.002272580051794648,0.0007194600184448063,-6.851999933132902e-05,0.3165000081062317,0.0689999982714653,0.3855000138282776,0.05350000038743019,0.07599999755620956,0.008750000037252903,-0.000750000006519258,0.9385303258895874,-0.09207087010145187,-0.575344443321228,-0.3091045022010803,0.0
84,84,-0.13285936890894162,-0.6664520187947203,-0.013859368908941627,-0.13845201879472024,0.13914396722419448,0.24871697582934213,0.8658732175827026,0.07385944575071335,-1.0,0.8860465288162231,0.3084745705127716,0.012374999932944775,0.00925000011920929,0.05062500014901161,-0.038750000298023224,0.002860710024833679,0.0018043600721284747,0.00013133000175002962,-7.994000043254346e-05,0.40849998593330383,0.01850000023841858,0.4269999861717224,0.0885000005364418,0.06499999761581421,0.0017500000540167093,-0.0010000000474974513,0.20015747845172882,-0.7559649348258972,-0.8779044151306152,-0.769829511642456,-0.07001575
85,85,-0.1330025535863772,-0.6669030505500171,-0.014002553586377198,-0.13890305055001706,0.13960705196744166,0.24756786818502907,0.8538154363632202,0.0738101378083229,-1.0,0.8860465288162231,0.3084745705127716,0.014875000342726707,0.009750000201165676,0.03437500074505806,-0.05362499877810478,0.0021640900522470474,0.0007080400246195495,0.00011420000373618677,0.0,0.2515000104904175,0.009999999776482582,0.2615000009536743,0.06475000083446503,0.035750001668930054,0.001500000013038516,0.0,0.026433218270540237,-0.7865393161773682,0.8323422074317932,0.6444242000579834,0.0
86,86,-0.13230588901578277,-0.6674593910697588,-0.01330588901578278,-0.1394593910697588,0.14009271372933085,0.24636844065252098,0.8534824252128601,0.07304567843675613,-1.0,0.8860465288162231,0.3084745705127716,0.014750000089406967,0.004625000059604645,0.04762500151991844,-0.041749998927116394,0.002186930039897561,0.0003026300109922886,0.00047964000259526074,6.851999933132902e-05,0.21799999475479126,0.04800000041723251,0.26600000262260437,0.06575000286102295,0.016750000417232513,0.006000000052154064,0.0002500000118743628,0.5446965098381042,0.6161541938781738,-0.8402836918830872,-0.25155195593833923,-0.036446735
87,87,-0.13527032360489663,-0.6677325102710774,-0.016270323604896636,-0.13973251027107736,0.1406765718123128,0.24493418966735747,0.8551025986671448,0.07210272550582886,-1.0,0.8860465288162231,0.3084745705127716,0.01837499998509884,0.0062500000931322575,0.03400000184774399,-0.045875001698732376,0.0018614600412547588,0.00074230000609532,0.00013703999866265804,-7.423000351991504e-05,0.2280000001192093,0.01850000023841858,0.24650000035762787,0.06750000268220901,0.0364999994635582,0.0017500000540167093,-0.000750000006519258,-0.017191557213664055,-0.8124562501907349,-0.4603288471698761,0.3338543176651001,0.0
88,88,-0.13594203841894695,-0.6721973426195255,-0.016942038418946953,-0.14419734261952544,0.14518920856703463,0.23412688062774548,0.8482085466384888,0.07163981348276138,-1.0,0.8860465288162231,0.3084745705127716,0.02174999937415123,0.004875000100582838,0.025750000029802322,-0.03999999910593033,0.0018329099984839559,0.00014275001012720168,0.00011991000064881518,6.851999933132902e-05,0.17299999296665192,0.016499999910593033,0.18950000405311584,0.06024999916553497,0.008999999612569809,0.0010000000474974513,0.0,0.9041297435760498,-0.9061934947967529,0.18614758551120758,-0.2057250589132309,-0.04956078
89,89,-0.13827915430931373,-0.6720818999808988,-0.019279154309313734,-0.14408189998089882,0.14536601973290753,0.2337132839108238,0.8466464281082153,0.06407230347394943,-1.0,0.8860465288162231,0.3084745705127716,0.032999999821186066,-0.013249999843537807,0.02787500061094761,-0.04349999874830246,0.001416080049239099,0.00017130000924225897,0.00025695000658743083,-6.851999933132902e-05,0.13899999856948853,0.02850000001490116,0.16750000417232513,0.0560000017285347,0.011500000022351742,0.0035000001080334187,-0.0005000000237487257,-0.7242249250411987,-0.4981745779514313,-0.09617648273706436,-0.3295777142047882,0.0
90,90,-0.11332955331089048,-0.67606644180174,0.005670446689109515,-0.14806644180174,0.14817498153697234,0.22723971275143484,0.8412112593650818,0.06426796317100525,-1.0,0.8860465288162231,0.3084745705127716,0.03337499871850014,-0.01862500049173832,0.02762500010430813,-0.04987499862909317,0.0005024800193496048,9.13600015337579e-05,9.13600015337579e-05,0.0,0.052000001072883606,0.00800000037997961,0.05999999865889549,0.02824999950826168,0.0037499999161809683,0.0005000000237487257,0.0,-0.8721722960472107,-0.3613685071468353,-0.9726577401161194,-0.4085555374622345,-0.07302667
91,91,-0.13346535647808083,-0.6697672336974545,-0.014465356478080837,-0.14176723369745448,0.1425033160605978,0.24050048793419254,0.8992335796356201,0.057514503598213196,-1.0,0.8860465288162231,0.3084745705127716,0.03087499924004078,-0.023749999701976776,0.009624999947845936,-0.04600000008940697,7.423000351991504e-05,6.851999933132902e-05,7.994000043254346e-05,0.0,0.012500000186264515,0.007000000216066837,0.019500000402331352,0.000750000006519258,0.0005000000237487257,0.0002500000118743628,-0.0002500000118743628,-0.44066402316093445,0.23601271212100983,0.8982593417167664,-0.6443815231323242,-0.10132579
92,92,-0.13040642264760793,-0.6709657602458483,-0.011406422647607939,-0.14296576024584828,0.14342006512440733,0.23830577732786287,0.8524061441421509,0.06819112598896027,-1.0,0.8860465288162231,0.3084745705127716,0.02250000089406967,-0.020749999210238457,0.026374999433755875,-0.042249999940395355,7.994000043254346e-05,8.565000462112948e-05,9.13600015337579e-05,0.0,0.014499999582767487,0.00800000037997961,0.02250000089406967,0.0010000000474974513,0.0032500000670552254,0.0002500000118743628,-0.0002500000118743628,0.7500895261764526,0.7559451460838318,0.6317437887191772,-0.9563217759132385,-0.13875861
93,93,-0.1384939617936518,-0.668089806138304,-0.019493961793651815,-0.14008980613830402,0.1414396278639051,0.24307231711031435,0.8595199584960938,0.06615972518920898,-1.0,0.8860465288162231,0.3084745705127716,0.02512500062584877,-0.01549999974668026,0.03674999997019768,-0.038624998182058334,0.0003939900198020041,0.00034260001848451793,0.00019985000835731626,6.851999933132902e-05,0.06449999660253525,0.023499999195337296,0.08799999952316284,0.023749999701976776,0.020999999716877937,0.003000000026077032,0.0,-0.41596218943595886,-0.3791743814945221,0.6232237815856934,0.7704145908355713,0.0
94,94,-0.12905208876311436,-0.6703869194765623,-0.010052088763114364,-0.14238691947656223,0.14274130210463454,0.23992881086271137,0.8407117128372192,0.07103423029184341,-1.0,0.8860465288162231,0.3084745705127716,0.02237500064074993,-0.015625,0.04762500151991844,-0.026249999180436134,0.00019414001144468784,0.00011420000373618677,0.00034260001848451793,7.994000043254346e-05,0.027000000700354576,0.03700000047683716,0.06400000303983688,0.013749999925494194,0.007249999791383743,0.0044999998062849045,0.004000000189989805,0.3925830125808716,0.8057729005813599,-0.6577558517456055,-0.5475044250488281,0.0
95,95,-0.13090159555559622,-0.6692821135640447,-0.011901595555596223,-0.14128211356404463,0.14178252215944176,0.2422402633486062,0.8626695871353149,0.06714081764221191,-1.0,0.8860465288162231,0.3084745705127716,0.02237500064074993,-0.00937500037252903,0.03725000098347664,-0.03437500074505806,0.0005139000131748617,0.000433959998190403,0.00010278000263497233,0.0,0.08299999684095383,0.008999999612569809,0.09200000017881393,0.02824999950826168,0.02474999986588955,0.000750000006519258,-0.0002500000118743628,-0.13041143119335175,0.3727125823497772,-0.40936699509620667,0.3797759711742401,0.0
96,96,-0.13303092223727678,-0.6690494854767961,-0.014030922237276783,-0.14104948547679608,0.1417456317919442,0.24232964315723887,0.8583683967590332,0.06901336461305618,-1.0,0.8860465288162231,0.3084745705127716,0.02237500064074993,-0.004625000059604645,0.029500000178813934,-0.027374999597668648,0.0003882800228893757,0.0005253200070001185,0.00010278000263497233,0.0,0.07999999821186066,0.008999999612569809,0.08900000154972076,0.023499999195337296,0.028999999165534973,0.0010000000474974513,-0.0002500000118743628,0.0870094746351242,0.7797216176986694,0.9679548144340515,-0.053549062460660934,-0.03042589
97,97,-0.13019127102578598,-0.6679883293700954,-0.011191271025785987,-0.13998832937009542,0.14043495614341509,0.245526704564248,0.8534164428710938,0.06940764933824539,-1.0,0.8860465288162231,0.3084745705127716,0.02174999937415123,-0.003000000026077032,0.04450000077486038,-0.023874999955296516,0.0004967700224369764,0.0013989500002935529,0.0005881300312466919,6.28100024187006e-05,0.16599999368190765,0.05700000002980232,0.22300000488758087,0.02800000086426735,0.054749999195337296,0.007249999791383743,0.0002500000118743628,-0.2777765393257141,0.9497649073600769,0.10378916561603546,-0.27708369493484497,0.0
98,98,-0.1346049299240629,-0.6650860573635312,-0.0156049299240629,-0.1370860573635312,0.137971377326648,0.25165057187358575,0.8600202798843384,0.0712062194943428,-1.0,0.8860465288162231,0.3084745705127716,0.014999999664723873,0.006874999962747097,0.04574999958276749,-0.0286250002682209,0.0005824200343340635,0.0019984999671578407,0.0007080400246195495,-6.851999933132902e-05,0.22599999606609344,0.06800000369548798,0.2939999997615814,0.03125,0.07050000131130219,0.008500000461935997,-0.0005000000237487257,0.5362057685852051,0.6411514282226562,-0.8950192928314209,0.8322409987449646,-0.072272524
99,99,-0.13477680409551918,-0.6661746815056955,-0.01577680409551918,-0.13817468150569545,0.1390724636895053,0.2488948808550432,0.8497560024261475,0.07612532377243042,-1.0,0.8860465288162231,0.3084745705127716,0.014750000089406967,0.015625,0.03212499991059303,-0.013375000096857548,0.0009136000298894942,0.0017872300231829286,0.0001598800008650869,0.0,0.23649999499320984,0.014000000432133675,0.25049999356269836,0.041749998927116394,0.06449999660253525,0.0022499999031424522,0.0,0.9883052110671997,-0.5590205192565918,-0.3809943199157715,-0.5007320642471313,-0.084087856
100,100,-0.14078161915120535,-0.6649326196410147,-0.021781619151205356,-0.13693261964101466,0.13865417864095894,0.24993815132935343,0.8493562936782837,0.07428020238876343,-1.0,0.8860465288162231,0.3084745705127716,0.014999999664723873,0.01587500050663948,0.025499999523162842,-0.009875000454485416,0.002381070051342249,0.0009364400175400078,0.00011991000064881518,6.851999933132902e-05,0.2904999852180481,0.016499999910593033,0.3070000112056732,0.07824999839067459,0.04324999824166298,0.0012499999720603228,0.0005000000237487257,-0.4397083520889282,-0.4818701446056366,0.22771666944026947,-0.06391818821430206,-0.006029165
101,101,-0.14104501770027342,-0.6653010979885059,-0.022045017700273423,-0.13730109798850587,0.1390596070548693,0.24892688241762032,0.8353915810585022,0.07638539373874664,-1.0,0.8860465288162231,0.3084745705127716,0.014999999664723873,0.01587500050663948,0.027249999344348907,-0.010499999858438969,0.0015645400853827596,0.0004054100136272609,0.0005024800193496048,-7.423000351991504e-05,0.17249999940395355,0.05050000175833702,0.22300000488758087,0.05950000137090683,0.02525000087916851,0.0062500000931322575,-0.0005000000237487257,0.18010909855365753,-0.559150218963623,0.8266476988792419,0.41696491837501526,0.0
102,102,-0.13419724579796058,-0.6668011525947479,-0.015197245797960585,-0.1388011525947479,0.13963064220103738,0.2475094732346397,0.8347790241241455,0.0757608488202095,-1.0,0.8860465288162231,0.3084745705127716,0.014875000342726707,0.008624999783933163,0.042249999940395355,-0.004875000100582838,0.0018614600412547588,0.00029121001716703176,0.0005824200343340635,9.13600015337579e-05,0.18850000202655792,0.05900000035762787,0.2475000023841858,0.06650000065565109,0.01899999938905239,0.007000000216066837,0.0037499999161809683,0.6830449104309082,0.4711471199989319,0.8457266092300415,-0.5981878042221069,-0.03904831
103,103,-0.13138050773686982,-0.6670445041033679,-0.012380507736869828,-0.13904450410336788,0.13959459550130937,0.2475987083134392,0.8507040739059448,0.07321838289499283,-1.0,0.8860465288162231,0.3084745705127716,0.014624999836087227,0.008375000208616257,0.0560000017285347,-0.014499999582767487,0.0024324599653482437,0.0007137500215321779,0.001022089971229434,7.423000351991504e-05,0.27549999952316284,0.09600000083446503,0.3714999854564667,0.08025000244379044,0.03700000047683716,0.010999999940395355,0.000750000006519258,0.8101585507392883,0.8156135082244873,-0.9752666354179382,-0.9803564548492432,-0.13101585
104,104,-0.13224714456677444,-0.6650743533598745,-0.01324714456677445,-0.1370743533598745,0.13771298118986736,0.25230166807093085,0.8572546243667603,0.07280592620372772,-1.0,0.8860465288162231,0.3084745705127716,0.014875000342726707,0.011625000275671482,0.042500000447034836,-0.03237500041723251,0.0015930900117382407,0.0016501900972798467,0.00014275001012720168,0.0,0.2840000092983246,0.012500000186264515,0.29649999737739563,0.061000000685453415,0.061000000685453415,0.001500000013038516,-0.0002500000118743628,0.12052729725837708,-0.028293222188949585,0.8520119190216064,0.9875748753547668,0.0
105,105,-0.13496703471901536,-0.6654996986196698,-0.015967034719015366,-0.13749969861966982,0.1384236732579304,0.2505149367277207,0.85523921251297,0.07614516466856003,-1.0,0.8860465288162231,0.3084745705127716,0.014499999582767487,0.011374999769032001,0.05350000038743019,-0.015250000171363354,0.0018043600721284747,0.0015188599936664104,0.0009935400448739529,7.423000351991504e-05,0.29100000858306885,0.09350000321865082,0.38449999690055847,0.06624999642372131,0.060499999672174454,0.011250000447034836,0.0024999999441206455,-0.9300351738929749,-0.12153781950473785,0.5989763736724854,-0.38803914189338684,0.0
106,106,-0.1298133739963757,-0.6656093162639072,-0.01081337399637572,-0.13760931626390716,0.13803352121787488,0.25149423499786905,0.848913848400116,0.07542423903942108,-1.0,0.8860465288162231,0.3084745705127716,0.008875000290572643,0.011500000022351742,0.06487499922513962,-0.0215000007301569,0.0009136000298894942,0.001358980080112815,0.0009592800051905215,6.851999933132902e-05,0.19900000095367432,0.09000000357627869,0.289000004529953,0.042750000953674316,0.05575000122189522,0.01075000036507845,0.0005000000237487257,0.8529307246208191,-0.1515951156616211,-0.9006590843200684,-0.19482581317424774,0.0
107,107,-0.1329395123307445,-0.665406704047503,-0.013939512330744502,-0.137406704047503,0.13811195575046012,0.2512970540092718,0.8608991503715515,0.07523844391107559,-1.0,0.8860465288162231,0.3084745705127716,0.00912499986588955,0.011874999850988388,0.05249999836087227,-0.02449999935925007,0.0021412500645965338,0.0011762600624933839,0.00011991000064881518,-7.423000351991504e-05,0.2904999852180481,0.017000000923871994,0.3075000047683716,0.07400000095367432,0.0494999997317791,0.0017500000540167093,-0.000750000006519258,0.4624992907047272,0.46074149012565613,0.9535883665084839,-0.003399508073925972,-0.030247455
108,108,-0.1298431642321545,-0.6661246349812807,-0.010843164232154506,-0.1381246349812807,0.13854959039736459,0.25019969399950237,0.8536290526390076,0.075581856071949,-1.0,0.8860465288162231,0.3084745705127716,0.008750000037252903,0.011625000275671482,0.06537500023841858,-0.0253749992698431,0.002483850112184882,0.0018100700108334422,0.0010106699774041772,7.994000043254346e-05,0.37599998712539673,0.09549999982118607,0.4715000092983246,0.08250000327825546,0.06724999845027924,0.011749999597668648,0.0010000000474974513,-0.3302394151687622,-0.8390111923217773,-0.9474086761474609,0.16932068765163422,-0.016976058
109,109,-0.13508602233217723,-0.6649480154770886,-0.016086022332177236,-0.13694801547708857,0.13788951757687817,0.25185665674078594,0.8608298301696777,0.0743650272488594,-1.0,0.8860465288162231,0.3084745705127716,0.00912499986588955,0.011874999850988388,0.05262500047683716,-0.02199999988079071,0.0016616100911051035,0.0006966200307942927,0.00014275001012720168,6.851999933132902e-05,0.20649999380111694,0.01850000023841858,0.22499999403953552,0.06300000101327896,0.03550000116229057,0.0017500000540167093,0.0005000000237487257,0.9980653524398804,-0.7405978441238403,-0.7845562100410461,-0.6832537651062012,0.0
110,110,-0.13265022326614836,-0.669996060792245,-0.01365022326614837,-0.14199606079224503,0.14265065676585806,0.24014639374561267,0.8486371636390686,0.07635929435491562,-1.0,0.8860465288162231,0.3084745705127716,0.016875000670552254,0.008999999612569809,0.03799999877810478,-0.03412500023841858,0.002592340111732483,0.0001884299999801442,0.0001541700039524585,-7.994000043254346e-05,0.2434999942779541,0.020500000566244125,0.2639999985694885,0.08474999666213989,0.013500000350177288,0.0017500000540167093,-0.000750000006519258,-0.429599791765213,-0.9512161016464233,0.1964111179113388,0.111447773873806,0.0
111,111,-0.13438392841785918,-0.6732899409546894,-0.015383928417859183,-0.1452899409546894,0.14610212933486952,0.23199921444170454,0.8543018102645874,0.0678032860159874,-1.0,0.8860465288162231,0.3084745705127716,0.02487500011920929,-0.007000000216066837,0.04100000113248825,-0.032625000923871994,0.0012790400069206953,0.0001484600070398301,0.0002512400096748024,6.851999933132902e-05,0.125,0.02800000086426735,0.15299999713897705,0.05274999886751175,0.009999999776482582,0.003000000026077032,0.0002500000118743628,0.9553476572036743,-0.8402419686317444,-0.8167195320129395,0.30238980054855347,0.0
112,112,-0.1358186769676802,-0.6728144037025927,-0.01681867696768022,-0.1448144037025927,0.1457877889765829,0.23272962899603175,0.8502699136734009,0.062220439314842224,-1.0,0.8860465288162231,0.3084745705127716,0.042374998331069946,-0.023749999701976776,0.026624999940395355,-0.026750000193715096,0.0012961700558662415,0.00017701000615488738,0.00011991000064881518,0.0,0.1289999932050705,0.010499999858438969,0.13950000703334808,0.05350000038743019,0.012000000104308128,0.0012499999720603228,-0.0002500000118743628,-0.10169694572687149,-0.2300807684659958,0.4647381007671356,-0.46061474084854126,-0.079273775
113,113,-0.1321364025232292,-0.674381305217506,-0.013136402523229201,-0.14638130521750603,0.14696956007429893,0.22999548498698558,0.8469333052635193,0.06302643567323685,-1.0,0.8860465288162231,0.3084745705127716,0.042374998331069946,-0.027374999597668648,0.033250000327825546,-0.023874999955296516,0.001164840068668127,0.0001598800008650869,0.0004054100136272609,7.423000351991504e-05,0.11599999666213989,0.041999999433755875,0.15800000727176666,0.04975000023841858,0.01075000036507845,0.005249999929219484,0.001500000013038516,-0.8897080421447754,-0.3462791442871094,-0.23941002786159515,-0.77003014087677,0.0
114,114,-0.13019722283631235,-0.6745004890041493,-0.01119722283631236,-0.14650048900414925,0.14692777503828502,0.2300916087644967,0.8554967641830444,0.06037066876888275,-1.0,0.8860465288162231,0.3084745705127716,0.04262499883770943,-0.030375000089406967,0.03112499974668026,-0.03737499937415123,0.00022840000747237355,9.707000572234392e-05,9.707000572234392e-05,1.7129999832832254e-05,0.02850000001490116,0.009999999776482582,0.03849999979138374,0.01600000075995922,0.004000000189989805,0.000750000006519258,-0.0002500000118743628,0.9276899099349976,0.8792275190353394,0.48102301359176636,-0.7927374243736267,-0.119128495
115,115,-0.12949720667470035,-0.675426596977801,-0.01049720667470036,-0.14742659697780103,0.1477998404749692,0.22809378320601356,0.8600064516067505,0.060168661177158356,-1.0,0.8860465288162231,0.3084745705127716,0.04287499934434891,-0.029625000432133675,0.03762499988079071,-0.0338749997317791,0.001164840068668127,0.0007080400246195495,0.00047964000259526074,6.851999933132902e-05,0.164000004529953,0.04800000041723251,0.21199999749660492,0.05025000125169754,0.03525000065565109,0.005750000011175871,0.0002500000118743628,-0.16480274498462677,0.6436560750007629,-0.5495567321777344,-0.6463671922683716,0.0
116,116,-0.13141506458922714,-0.6743662062320025,-0.012415064589227143,-0.14636620623200247,0.14689179744119057,0.23017440508961717,0.861634373664856,0.05859898775815964,-1.0,0.8860465288162231,0.3084745705127716,0.04287499934434891,-0.023624999448657036,0.029374999925494194,-0.045625001192092896,0.0009535700082778931,0.0011248700320720673,0.00013703999866265804,0.0,0.18199999630451202,0.012000000104308128,0.1940000057220459,0.0442500002682209,0.04724999889731407,0.0017500000540167093,-0.0002500000118743628,-0.6635773777961731,-0.9077255129814148,0.4617629051208496,0.3846037983894348,0.0
117,117,-0.1300156561772235,-0.6698187580736306,-0.011015656177223498,-0.14181875807363054,0.14224593077681255,0.2411202981054787,0.857174277305603,0.060396261513233185,-1.0,0.8860465288162231,0.3084745705127716,0.041999999433755875,-0.02525000087916851,0.035624999552965164,-0.03849999979138374,0.0003197600017301738,0.00023982000129763037,0.0005196100100874901,0.0,0.04899999871850014,0.045499999076128006,0.09449999779462814,0.021250000223517418,0.016499999910593033,0.006500000134110451,-0.0002500000118743628,-0.9426678419113159,0.8951046466827393,0.9203863143920898,-0.24386034905910492,-0.053263247
118,118,-0.1390953527642833,-0.6687474140759593,-0.020095352764283314,-0.14074741407595925,0.14217474379013498,0.24129200548937305,0.8604286909103394,0.06810379773378372,-1.0,0.8860465288162231,0.3084745705127716,0.026000000536441803,-0.016374999657273293,0.05362499877810478,-0.036125000566244125,0.00026266000350005925,0.0006281000096350908,0.00037115000304766,7.423000351991504e-05,0.07800000160932541,0.039000000804662704,0.11699999868869781,0.017999999225139618,0.032249998301267624,0.004999999888241291,0.0024999999441206455,0.8953040838241577,0.8101379871368408,0.2560213804244995,0.7221417427062988,0.0
119,119,-0.13302538036214703,-0.6707930399255975,-0.014025380362147039,-0.14279303992559744,0.14348018520163738,0.23816255076876264,0.8393131494522095,0.0699196383357048,-1.0,0.8860465288162231,0.3084745705127716,0.025499999523162842,-0.012125000357627869,0.05637500062584877,-0.026750000193715096,0.0012447800254449248,0.0013361400924623013,0.0007594299968332052,0.00014275001012720168,0.22599999606609344,0.07900000363588333,0.3050000071525574,0.05249999836087227,0.05400000140070915,0.008999999612569809,0.01075000036507845,-0.6885575652122498,-0.5140562653541565,-0.40010350942611694,-0.22096993029117584,0.0
120,120,-0.1243698286225145,-0.6710549800618965,-0.005369828622514505,-0.14305498006189643,0.14315572772315036,0.2389365419327939,0.85342937707901,0.06645247340202332,-1.0,0.8860465288162231,0.3084745705127716,0.025499999523162842,-0.012000000104308128,0.05249999836087227,-0.026624999940395355,0.0004510900180321187,0.0006852000369690359,0.00014275001012720168,7.994000043254346e-05,0.09950000047683716,0.019500000402331352,0.11900000274181366,0.026750000193715096,0.03449999913573265,0.0017500000540167093,0.0022499999031424522,-0.22494438290596008,0.8604370355606079,0.5883819460868835,-0.9652897119522095,0.0
121,121,-0.13014203492561313,-0.6668648019323871,-0.011142034925613137,-0.13886480193238704,0.13931108411754128,0.24830167486180207,0.873558521270752,0.06600850820541382,-1.0,0.8860465288162231,0.3084745705127716,0.02187499962747097,-0.00925000011920929,0.06062500178813934,-0.04349999874830246,0.00042254000436514616,0.0016045100055634975,0.0006109700188972056,0.0,0.17749999463558197,0.05350000038743019,0.23100000619888306,0.025750000029802322,0.061250001192092896,0.007499999832361937,0.0,-0.7595939636230469,0.4920525550842285,-0.8692994713783264,-0.9311618208885193,-0.13573943
122,122,-0.12998759722135508,-0.6653537272901948,-0.010987597221355089,-0.1373537272901948,0.1377925023112939,0.2521011147068136,0.8601347804069519,0.07311050593852997,-1.0,0.8860465288162231,0.3084745705127716,0.010874999687075615,0.009624999947845936,0.04749999940395355,-0.03974999859929085,0.0002969200140796602,0.0008850500453263521,0.00010848999954760075,6.28100024187006e-05,0.10350000113248825,0.014999999664723873,0.1185000017285347,0.019500000402331352,0.041749998927116394,0.0012499999720603228,0.0,0.34487074613571167,0.2976681590080261,0.8064321875572205,0.6576593518257141,0.0
123,123,-0.13994521085041184,-0.6632406732154046,-0.020945210850411844,-0.13524067321540456,0.13685299247485988,0.25448079061782164,0.8604939579963684,0.07567165046930313,-1.0,0.8860465288162231,0.3084745705127716,0.010374999605119228,0.009499999694526196,0.05937499925494194,-0.027374999597668648,0.0006338100065477192,0.0012390700867399573,0.0006281000096350908,0.0,0.164000004529953,0.054999999701976776,0.21899999678134918,0.033250000327825546,0.05299999937415123,0.007499999832361937,-0.0002500000118743628,-0.297765851020813,-0.2299042046070099,0.8905318975448608,-0.9310641884803772,-0.13572772
124,124,-0.1368457515571842,-0.6636491815228763,-0.01784575155718421,-0.1356491815228763,0.13681802255721645,0.25456979790269907,0.8373367190361023,0.07925309985876083,-1.0,0.8860465288162231,0.3084745705127716,0.004124999977648258,0.009499999694526196,0.07450000196695328,-0.026875000447034836,0.0006794900400564075,0.0009307300206273794,0.0009878299897536635,9.707000572234392e-05,0.14100000262260437,0.0949999988079071,0.23600000143051147,0.03474999964237213,0.04450000077486038,0.010499999858438969,0.0062500000931322575,-0.2900576889514923,0.9391059875488281,-0.47867274284362793,0.5564101934432983,0.0
125,125,-0.12992658898572312,-0.6642651977448104,-0.010926588985723129,-0.13626519774481038,0.1367025766519973,0.2548638580178236,0.8445447683334351,0.0785607099533081,-1.0,0.8860465288162231,0.3084745705127716,0.003874999936670065,0.015375000424683094,0.0689999982714653,-0.017750000581145287,0.0004054100136272609,0.0019128500716760755,0.00026266000350005925,0.00013133000175002962,0.2029999941587448,0.03449999913573265,0.23749999701976776,0.02449999935925007,0.0677499994635582,0.0037499999161809683,0.008750000037252903,0.34420546889305115,0.19045741856098175,0.9611213803291321,-0.9570541381835938,-0.011112048
126,126,-0.12615377572931596,-0.6649373500835207,-0.00715377572931597,-0.1369373500835207,0.13712408378939878,0.25379184954890865,0.8606358170509338,0.07751661539077759,-1.0,0.8860465288162231,0.3084745705127716,0.0035000001080334187,0.015250000171363354,0.08037500083446503,-0.03175000101327896,0.000770850048866123,0.0019014300778508186,0.0017244199989363551,6.851999933132902e-05,0.23399999737739563,0.15700000524520874,0.39100000262260437,0.03799999877810478,0.07150000333786011,0.017000000923871994,0.0010000000474974513,0.7849249839782715,-0.6861593723297119,-0.9211851954460144,-0.12739786505699158,0.0
127,127,-0.1322109544028621,-0.6635906689864043,-0.013210954402862102,-0.13559066898640426,0.13623273774102593,0.25606412504558373,0.8694097995758057,0.07637736946344376,-1.0,0.8860465288162231,0.3084745705127716,0.0037499999161809683,0.015375000424683094,0.0702499970793724,-0.03312499821186066,0.0018671700963750482,0.0010106699774041772,0.0001884299999801442,-6.851999933132902e-05,0.25200000405311584,0.02250000089406967,0.2745000123977661,0.06674999743700027,0.04574999958276749,0.002749999985098839,-0.0010000000474974513,0.9669836759567261,-0.33868229389190674,0.35606056451797485,0.6208683252334595,-0.055118073
128,128,-0.12792775720696226,-0.665847120040137,-0.008927757206962261,-0.137847120040137,0.1381359234670924,0.25123683106078276,0.8553233742713928,0.07865988463163376,-1.0,0.8860465288162231,0.3084745705127716,0.0037499999161809683,0.015375000424683094,0.07325000315904617,-0.025875000283122063,0.0026837000623345375,0.0005938400281593204,0.0009021800360642374,0.00011420000373618677,0.28700000047683716,0.08900000154972076,0.37599998712539673,0.08574999868869781,0.033250000327825546,0.009999999776482582,0.00774999987334013,0.3427089750766754,-0.20601174235343933,-0.9813097715377808,-0.8853451013565063,-0.084270895
129,129,-0.1332783295207973,-0.6648349761089466,-0.0142783295207973,-0.13683497610894657,0.13757791022050178,0.25264268463506284,0.865284264087677,0.0748353898525238,-1.0,0.8860465288162231,0.3084745705127716,0.004124999977648258,0.015625,0.05912499874830246,-0.03837500140070915,0.001821490004658699,0.00041112001053988934,0.00013133000175002962,0.0,0.19550000131130219,0.011500000022351742,0.2070000022649765,0.06624999642372131,0.02525000087916851,0.001500000013038516,-0.0002500000118743628,-0.43860501050949097,-0.6657298803329468,-0.46852248907089233,0.883720338344574,0.0
130,130,-0.13466908124168908,-0.6671208299742495,-0.015669081241689087,-0.13912082997424946,0.14000044799814992,0.24659585919424487,0.8528410792350769,0.07655088603496552,-1.0,0.8860465288162231,0.3084745705127716,0.006500000134110451,0.012749999761581421,0.05062500014901161,-0.02187499962747097,0.0010049600386992097,0.00010278000263497233,9.707000572234392e-05,0.0,0.09700000286102295,0.008500000461935997,0.1054999977350235,0.045249998569488525,0.0062500000931322575,0.0010000000474974513,-0.0002500000118743628,0.5335128903388977,-0.11702844500541687,-0.45819222927093506,-0.4896562099456787,-0.08275875
131,131,-0.14814528462396923,-0.663262444097277,-0.02914528462396923,-0.13526244409727695,0.13836681827295572,0.25065740745437387,0.8496068120002747,0.07267656177282333,-1.0,0.8860465288162231,0.3084745705127716,0.012500000186264515,0.009499999694526196,0.041999999433755875,-0.01837499998509884,0.0012904600007459521,0.0001256200048374012,0.0001256200048374012,6.851999933132902e-05,0.12399999797344208,0.017000000923871994,0.14100000262260437,0.05324999988079071,0.008500000461935997,0.0012499999720603228,0.0002500000118743628,-0.8138978481292725,-0.38353395462036133,0.9426267743110657,0.3005703091621399,0.0
132,132,-0.13128152129978585,-0.6671593783228651,-0.012281521299785852,-0.13915937832286507,0.13970028038856394,0.24733717212417086,0.8182668089866638,0.07921619713306427,-1.0,0.8860465288162231,0.3084745705127716,0.012249999679625034,0.0020000000949949026,0.0572500005364418,-0.01587500050663948,0.0003768599999602884,0.00014275001012720168,0.00048534999950788915,9.707000572234392e-05,0.045499999076128006,0.050999999046325684,0.09650000184774399,0.023250000551342964,0.00925000011920929,0.006000000052154064,0.006500000134110451,0.5403038263320923,0.36165210604667664,-0.5594042539596558,-0.8084195852279663,0.0
133,133,-0.1336619916108682,-0.6669724091000448,-0.014661991610868202,-0.13897240910004482,0.1397437100161127,0.24722977783368588,0.8574848175048828,0.07261122018098831,-1.0,0.8860465288162231,0.3084745705127716,0.012625000439584255,0.0022499999031424522,0.0494999997317791,-0.02762500010430813,0.000925020023714751,0.00035973000922240317,9.707000572234392e-05,0.0,0.11249999701976776,0.008500000461935997,0.12099999934434891,0.042750000953674316,0.02225000038743019,0.000750000006519258,-0.0002500000118743628,0.17063044011592865,-0.09859757125377655,0.08803955465555191,0.10606364905834198,-0.011272362
134,134,-0.12893663963533056,-0.6684673393839293,-0.009936639635330563,-0.1404673393839293,0.1408183590333391,0.2445871503733098,0.8519488573074341,0.07292812317609787,-1.0,0.8860465288162231,0.3084745705127716,0.012625000439584255,0.0022499999031424522,0.04987499862909317,-0.024125000461935997,0.0011534200748428702,0.00029121001716703176,0.0002169799990952015,6.851999933132902e-05,0.1264999955892563,0.02500000037252903,0.15150000154972076,0.04899999871850014,0.01875000074505806,0.0032500000670552254,0.0002500000118743628,-0.3426773250102997,0.23094865679740906,-0.4126310646533966,0.2917196452617645,0.0
135,135,-0.13333474828490746,-0.6657363404256048,-0.014334748284907467,-0.1377363404256048,0.1384802674832402,0.25037319985122103,0.8629380464553833,0.07039433717727661,-1.0,0.8860465288162231,0.3084745705127716,0.012749999761581421,0.0043750000186264515,0.04374999925494194,-0.01862500049173832,0.0007080400246195495,0.00037115000304766,9.13600015337579e-05,6.28100024187006e-05,0.09449999779462814,0.013500000350177288,0.1080000028014183,0.035999998450279236,0.023000000044703484,0.0002500000118743628,0.0,-0.4113374948501587,0.5734476447105408,-0.8504124879837036,-0.9896311163902283,0.0
136,136,-0.14214915371544157,-0.6660300930346458,-0.023149153715441573,-0.13803009303464575,0.13995781471891489,0.24670101350925083,0.8527098894119263,0.07502315193414688,-1.0,0.8860465288162231,0.3084745705127716,0.012625000439584255,0.013875000178813934,0.02762500010430813,-0.03712499886751175,0.00033117999555543065,0.00042825000127777457,0.00010848999954760075,6.28100024187006e-05,0.06650000065565109,0.014999999664723873,0.08150000125169754,0.020999999716877937,0.025499999523162842,0.000750000006519258,0.0,0.6670585870742798,-0.6589617729187012,-0.8154058456420898,0.46713489294052124,0.0
137,137,-0.14409783311718039,-0.6667729904871771,-0.02509783311718039,-0.13877299048717706,0.14102426782625738,0.24408404207421416,0.8322112560272217,0.07452526688575745,-1.0,0.8860465288162231,0.3084745705127716,0.01850000023841858,0.011500000022351742,0.012249999679625034,-0.02824999950826168,0.0006623599911108613,0.00010278000263497233,0.00010278000263497233,0.0,0.06700000166893005,0.008999999612569809,0.07599999755620956,0.03424999862909317,0.005750000011175871,0.0010000000474974513,-0.0002500000118743628,-0.5510149002075195,-0.5519473552703857,0.6127599477767944,-0.3609730303287506,-0.06731677
138,138,-0.13811455488690105,-0.6711171851819402,-0.01911455488690106,-0.14311718518194017,0.14438800124292223,0.23601025714333787,0.827679455280304,0.07326611876487732,-1.0,0.8860465288162231,0.3084745705127716,0.01875000074505806,0.002374999923631549,0.023375000804662704,-0.02449999935925007,0.0001884299999801442,9.13600015337579e-05,0.0001484600070398301,0.0,0.02449999935925007,0.013000000268220901,0.03750000149011612,0.013249999843537807,0.0035000001080334187,0.001500000013038516,-0.0002500000118743628,0.7601492404937744,-0.8325988054275513,-0.2786914110183716,-0.15303625166416168,-0.04236435
139,139,-0.14660528453188257,-0.6699156738898103,-0.027605284531882573,-0.1419156738898103,0.14457562114576986,0.23556787006105348,0.8415940403938293,0.06590307503938675,-1.0,0.8860465288162231,0.3084745705127716,0.03125,-0.013000000268220901,0.01875000074505806,-0.020749999210238457,0.00023982000129763037,8.565000462112948e-05,9.13600015337579e-05,0.0,0.02850000001490116,0.00800000037997961,0.0364999994635582,0.016750000417232513,0.0032500000670552254,0.0005000000237487257,-0.0002500000118743628,0.08516550809144974,0.006490325555205345,-0.8960021138191223,0.809272289276123,0.0
140,140,-0.1049770952378925,-0.6776827883425538,0.014022904762107491,-0.14968278834255377,0.15033821531456626,0.22237677452632965,0.8218481540679932,0.06793953478336334,-1.0,0.8860465288162231,0.3084745705127716,0.03525000065565109,-0.012875000014901161,0.0021250001154839993,-0.005625000223517418,0.00017130000924225897,8.565000462112948e-05,8.565000462112948e-05,-6.28100024187006e-05,0.02250000089406967,0.013000000268220901,0.03550000116229057,0.011749999597668648,0.003000000026077032,0.0002500000118743628,-0.0002500000118743628,-0.868688702583313,-0.7366999983787537,-0.8736894130706787,-0.39517953991889954,0.0
141,141,-0.13900616459715673,-0.6707008338508313,-0.020006164597156734,-0.14270083385083132,0.1440964073237466,0.2366994530401262,0.9186578989028931,0.0547749362885952,-1.0,0.8860465288162231,0.3084745705127716,0.02487500011920929,-0.02500000037252903,-0.01412499975413084,-0.013124999590218067,7.423000351991504e-05,0.0,0.0,0.0,0.006500000134110451,0.0,0.006500000134110451,0.0,-0.0002500000118743628,0.0,0.0,-0.42468103766441345,-0.5221445560455322,0.5391349792480469,0.4857546389102936,-0.086657345
142,142,-0.13771363792381036,-0.6708762409055532,-0.018713637923810367,-0.14287624090555318,0.1440965664394719,0.23669907641437435,0.8395205736160278,0.06660875678062439,-1.0,0.8860465288162231,0.3084745705127716,0.017000000923871994,-0.021375000476837158,-0.004124999977648258,-0.004124999977648258,1.1420000191719737e-05,0.0,0.0,0.0,0.0010000000474974513,0.0,0.0010000000474974513,0.0,0.0,0.0,0.0,0.9789769649505615,0.8986742496490479,0.6569175720214844,0.7777106761932373,0.0
143,143,-0.15434233906862013,-0.6689825597585566,-0.03534233906862014,-0.14098255975855656,0.1453449795724513,0.23376246273423643,0.8425264358520508,0.06631145626306534,-1.0,0.8860465288162231,0.3084745705127716,0.02787500061094761,-0.009999999776482582,0.007625000085681677,0.010250000283122063,0.0002169799990952015,0.0001541700039524585,0.00010848999954760075,5.7100001868093386e-05,0.032499998807907104,0.014499999582767487,0.04699999839067459,0.014750000089406967,0.01075000036507845,0.0010000000474974513,0.0002500000118743628,-0.18987663090229034,-0.9417709112167358,-0.6260923743247986,0.46527186036109924,0.0
144,144,-0.1871966368390823,-0.6589988197879841,-0.06819663683908231,-0.1309988197879841,0.14768707479670118,0.22835113978540775,0.8038550019264221,0.06952108442783356,-1.0,0.8860465288162231,0.3084745705127716,0.03125,-0.02225000038743019,-0.0035000001080334187,0.01887499913573265,7.423000351991504e-05,0.0,0.0,6.28100024187006e-05,0.006500000134110451,0.005499999970197678,0.012000000104308128,0.0010000000474974513,0.0,0.0,0.0002500000118743628,-0.7843921184539795,-0.8852686882019043,-0.5813997387886047,0.02368752844631672,-0.22400023
145,145,-0.14197568250286696,-0.669619793095922,-0.022975682502866968,-0.141619793095922,0.1434714180002564,0.23818343187453356,0.7274496555328369,0.08644267916679382,-1.0,0.8860465288162231,0.3084745705127716,0.017000000923871994,-0.01862500049173832,0.0002500000118743628,0.01899999938905239,7.423000351991504e-05,6.851999933132902e-05,8.565000462112948e-05,6.28100024187006e-05,0.012500000186264515,0.013000000268220901,0.025499999523162842,0.0002500000118743628,0.0002500000118743628,0.0,0.000750000006519258,0.9683590531349182,0.921195387840271,-0.9907064437866211,0.11393111944198608,0.0
146,146,-0.1449122744982311,-0.6694543060261655,-0.025912274498231108,-0.1414543060261655,0.1438080896994872,0.23738288403233662,0.8326147198677063,0.06844102591276169,-1.0,0.8860465288162231,0.3084745705127716,0.029999999329447746,-0.005125000141561031,-0.01850000023841858,0.0215000007301569,0.0001541700039524585,0.00013133000175002962,9.707000572234392e-05,6.28100024187006e-05,0.02500000037252903,0.014000000432133675,0.039000000804662704,0.010499999858438969,0.00774999987334013,0.0005000000237487257,0.0,0.46856626868247986,0.5909440517425537,0.12889695167541504,-0.7768561840057373,0.0
147,147,-0.14459341986177918,-0.6688246659702303,-0.025593419861779182,-0.14082466597023025,0.1431314419889922,0.23899457647294622,0.8257853984832764,0.06872151792049408,-1.0,0.8860465288162231,0.3084745705127716,0.03175000101327896,-0.0016250000335276127,-0.016875000670552254,0.007000000216066837,0.00047964000259526074,0.00035973000922240317,0.00014275001012720168,0.0,0.07349999994039536,0.012500000186264515,0.0860000029206276,0.02449999935925007,0.022749999538064003,0.0020000000949949026,0.0,-0.7365522980690002,-0.10565146803855896,0.043020397424697876,-0.12836241722106934,-0.03940349
148,148,-0.14594436049152626,-0.6691879898273358,-0.026944360491526265,-0.14118798982733582,0.14373603248239883,0.2375539971746948,0.826526939868927,0.06978870183229446,-1.0,0.8860465288162231,0.3084745705127716,0.0286250002682209,0.0002500000118743628,-0.01575000025331974,0.010625000111758709,9.13600015337579e-05,0.00022840000747237355,0.00011991000064881518,6.28100024187006e-05,0.02800000086426735,0.01600000075995922,0.04399999976158142,0.0032500000670552254,0.015250000171363354,0.0012499999720603228,0.0002500000118743628,0.884506106376648,0.42395228147506714,0.8895738124847412,0.9483423829078674,0.0
149,149,-0.15589055804054205,-0.6649398168798986,-0.03689055804054206,-0.13693981687989853,0.14182181327159354,0.2421451031510313,0.8233851790428162,0.06917289644479752,-1.0,0.8860465288162231,0.3084745705127716,0.029374999925494194,0.000750000006519258,-0.000375000003259629,0.02787500061094761,0.0006909100338816643,0.0005481599946506321,0.00027407999732531607,7.423000351991504e-05,0.10849999636411667,0.030500000342726707,0.13899999856948853,0.03474999964237213,0.029999999329447746,0.0037499999161809683,0.0012499999720603228,0.6919642686843872,-0.32539188861846924,0.9218207001686096,0.49036863446235657,0.0
150,150,-0.16032313074999344,-0.6638638825531775,-0.04132313074999344,-0.1358638825531775,0.14200913955589148,0.24169192631887038,0.8002545237541199,0.07637318968772888,-1.0,0.8860465288162231,0.3084745705127716,0.029249999672174454,0.0006249999860301614,0.014624999836087227,0.03150000050663948,0.0016159299993887544,0.00029121001716703176,0.0007080400246195495,0.00017130000924225897,0.16699999570846558,0.07699999958276749,0.24400000274181366,0.060750000178813934,0.0182499997317791,0.008249999955296516,0.012249999679625034,0.6334840655326843,0.5393071174621582,-0.27891218662261963,0.34773489832878113,0.0
151,151,-0.15780023813899136,-0.6649440892876894,-0.03880023813899136,-0.13694408928768942,0.14233461304432274,0.24090656194473617,0.7899461984634399,0.07819680869579315,-1.0,0.8860465288162231,0.3084745705127716,0.029625000432133675,0.0006249999860301614,0.012625000439584255,0.035374999046325684,0.002603759989142418,0.000799400033429265,0.0001484600070398301,0.00023982000129763037,0.2980000078678131,0.03400000184774399,0.3319999873638153,0.08375000208616257,0.03824999928474426,0.0020000000949949026,0.017500000074505806,0.1775341033935547,0.5742949843406677,0.16413851082324982,0.18785394728183746,-0.06775341
152,152,-0.16432329115616098,-0.6620979734470096,-0.04532329115616099,-0.13409797344700958,0.1415502285544641,0.2428036260634989,0.7958133816719055,0.07636594772338867,-1.0,0.8860465288162231,0.3084745705127716,0.029625000432133675,0.0028750000055879354,0.012749999761581421,0.03737499937415123,0.0017244199989363551,0.0013818200677633286,0.0006109700188972056,0.000308340007904917,0.2720000147819519,0.08049999922513962,0.35249999165534973,0.06499999761581421,0.05525000020861626,0.00774999987334013,0.020500000566244125,-0.03603391349315643,0.28256940841674805,0.4429515600204468,0.19400030374526978,0.0
153,153,-0.16184386668560324,-0.6631734719312792,-0.04284386668560325,-0.13517347193127915,0.14180079134662846,0.2421960120637516,0.7806435227394104,0.08118987828493118,-1.0,0.8860465288162231,0.3084745705127716,0.029500000178813934,0.0028750000055879354,0.017625000327825546,0.03824999928474426,0.0016730300849303603,0.001695870072580874,0.0013818200677633286,0.00042254000436514616,0.29499998688697815,0.15800000727176666,0.453000009059906,0.06400000303983688,0.06575000286102295,0.014499999582767487,0.026000000536441803,0.5859794020652771,0.9668916463851929,0.38242217898368835,0.0857056975364685,-0.0873477
154,154,-0.17238869893340283,-0.6615369091189663,-0.05338869893340284,-0.13353690911896632,0.14381397453254882,0.2373689148569298,0.7864096164703369,0.07936699688434601,-1.0,0.8860465288162231,0.3084745705127716,0.029374999925494194,0.004749999847263098,0.02225000038743019,0.03812500089406967,0.002089860150590539,0.0023011299781501293,0.001878590090200305,0.0005139000131748617,0.38449999690055847,0.2094999998807907,0.593999981880188,0.07500000298023224,0.08174999803304672,0.019500000402331352,0.029249999672174454,0.929864227771759,0.7307125329971313,-0.17112484574317932,0.8395610451698303,-0.15824458
155,155,-0.17152504987997455,-0.6619433193676323,-0.052525049879974556,-0.13394331936763226,0.14387388111854543,0.23722675782878444,0.7618867754936218,0.08214083313941956,-1.0,0.8860465288162231,0.3084745705127716,0.029374999925494194,0.004875000100582838,0.02225000038743019,0.04387500137090683,0.002706540049985051,0.002369650173932314,0.0017758100293576717,0.0010734800016507506,0.44449999928474426,0.24950000643730164,0.6940000057220459,0.09125000238418579,0.0832500010728836,0.01875000074505806,0.04899999871850014,0.6091886758804321,0.7699400782585144,-0.46988609433174133,-0.17187795042991638,-0.23844354
156,156,-0.17582900178210015,-0.6616154715394442,-0.05682900178210015,-0.1336154715394442,0.145198587039468,0.23410492413239473,0.7638952136039734,0.08145200461149216,-1.0,0.8860465288162231,0.3084745705127716,0.029374999925494194,0.004875000100582838,0.02225000038743019,0.04387500137090683,0.001975659979507327,0.002169799990952015,0.0014617600245401263,0.0008507900056429207,0.3630000054836273,0.20250000059604645,0.565500020980835,0.07249999791383743,0.07874999940395355,0.01575000025331974,0.042750000953674316,0.9501520991325378,0.45677873492240906,0.9790302515029907,0.32660767436027527,-0.1465158
157,157,-0.17623765461844026,-0.6570137419755819,-0.05723765461844027,-0.1290137419755819,0.14114069124374404,0.24380003644749942,0.7538860440254211,0.08200767636299133,-1.0,0.8860465288162231,0.3084745705127716,0.029249999672174454,0.004875000100582838,0.025499999523162842,0.04387500137090683,0.002620890038087964,0.0022897101007401943,0.0028378700371831656,0.001261910074390471,0.4300000071525574,0.35899999737739563,0.7889999747276306,0.09025000035762787,0.08624999970197678,0.027499999850988388,0.054749999195337296,-0.9776372313499451,-0.81862872838974,0.10740572214126587,0.9011926651000977,-0.12753746
158,158,-0.17583195366948312,-0.6574211140014181,-0.056831953669483126,-0.1294211140014181,0.14134955149295075,0.24329136647340943,0.7529357075691223,0.08980721980333328,-1.0,0.8860465288162231,0.3084745705127716,0.028999999165534973,0.007249999791383743,0.025499999523162842,0.04975000023841858,0.0018329099984839559,0.0019128500716760755,0.002889260184019804,0.0022154799662530422,0.328000009059906,0.44699999690055847,0.7749999761581421,0.07199999690055847,0.07699999958276749,0.02775000035762787,0.0767500028014183,0.31391873955726624,0.8108437061309814,-0.8647220730781555,-0.6613130569458008,-0.20250605
159,159,-0.17601355930104812,-0.6576391243937769,-0.05701355930104812,-0.1296391243937769,0.14162220347727716,0.2426289312168345,0.753879189491272,0.08911675959825516,-1.0,0.8860465288162231,0.3084745705127716,0.028999999165534973,0.007249999791383743,0.025499999523162842,0.04975000023841858,0.0021469600033015013,0.002089860150590539,0.0025580800138413906,0.0011819700011983514,0.3709999918937683,0.32749998569488525,0.6984999775886536,0.07824999839067459,0.07900000363588333,0.02500000037252903,0.052000001072883606,0.5625723600387573,-0.34929877519607544,-0.7566680908203125,0.6765450239181519,-0.11578293
160,160,-0.1763179279386173,-0.6568714887270364,-0.057317927938617313,-0.12887148872703635,0.14104327516723078,0.24403765259691818,0.7534568309783936,0.08874724805355072,-1.0,0.8860465288162231,0.3084745705127716,0.028999999165534973,0.007249999791383743,0.025499999523162842,0.04975000023841858,0.0021469600033015013,0.0016102200606837869,0.0022782899904996157,0.0022326100151985884,0.32899999618530273,0.39500001072883606,0.7239999771118164,0.08124999701976776,0.06599999964237213,0.02225000038743019,0.07724999636411667,-0.565927267074585,0.6175208687782288,0.7955142855644226,0.6491048336029053,-0.18456803
161,161,-0.1760764389434473,-0.657570084072554,-0.0570764389434473,-0.129570084072554,0.14158434436417672,0.24272080576866617,0.7527490258216858,0.09004832059144974,-1.0,0.8860465288162231,0.3084745705127716,0.028999999165534973,0.007249999791383743,0.025499999523162842,0.04975000023841858,0.0019585301633924246,0.0024895600508898497,0.002426750026643276,0.0027008301112800837,0.3894999921321869,0.4490000009536743,0.8385000228881836,0.07750000059604645,0.08900000154972076,0.02525000087916851,0.08799999952316284,0.6058672070503235,-0.63863205909729,0.8552579283714294,0.4937773048877716,-0.26710027
162,162,-0.17557911486501626,-0.6580025304701498,-0.05657911486501627,-0.13000253047014976,0.1417810077815464,0.2422439318093851,0.7533106207847595,0.088864266872406,-1.0,0.8860465288162231,0.3084745705127716,0.028999999165534973,0.007249999791383743,0.025499999523162842,0.04975000023841858,0.0020213399548083544,0.0023924901615828276,0.0023068401496857405,0.0024895600508898497,0.3865000009536743,0.41999998688697815,0.8065000176429749,0.07900000363588333,0.0872500017285347,0.023499999195337296,0.08349999785423279,-0.06725293397903442,-0.759825587272644,0.49858856201171875,-0.489670991897583,-0.13279258
163,163,-0.17225188846506848,-0.6589200159950875,-0.05325188846506848,-0.1309200159950875,0.14133582070108788,0.2433247745981078,0.7544671893119812,0.08813130110502243,-1.0,0.8860465288162231,0.3084745705127716,0.028999999165534973,0.007249999791383743,0.02487500011920929,0.04987499862909317,0.002175510162487626,0.0018557501025497913,0.00044538002111949027,0.0016273499932140112,0.3529999852180481,0.18150000274181366,0.534500002861023,0.07874999940395355,0.06849999725818634,0.006000000052154064,0.06449999660253525,-0.5107547044754028,-0.9222598671913147,-0.1159290075302124,-0.2455011010169983,0.0
164,164,-0.1880623955221098,-0.6548806319998384,-0.0690623955221098,-0.12688063199983834,0.14445867662390768,0.23584351492472685,0.7622048854827881,0.08657624572515488,-1.0,0.8860465288162231,0.3084745705127716,0.028999999165534973,0.007249999791383743,0.023499999195337296,0.05000000074505806,0.001416080049239099,0.000770850048866123,0.00035402001230977476,0.0013646900188177824,0.1914999932050705,0.15049999952316284,0.34200000762939453,0.05974999815225601,0.03400000184774399,0.0044999998062849045,0.05525000020861626,-0.8912869095802307,-0.07711947709321976,0.731741189956665,0.002145883161574602,0.0
165,165,-0.17398747244749746,-0.6591845920669577,-0.054987472447497465,-0.13118459206695765,0.1422428181734965,0.2411278033406767,0.725436270236969,0.09342265874147415,-1.0,0.8860465288162231,0.3084745705127716,0.02437499910593033,0.00774999987334013,0.027249999344348907,0.04987499862909317,0.0006281000096350908,0.0004682200087700039,0.002775060012936592,0.001387530006468296,0.09600000083446503,0.3644999861717224,0.46050000190734863,0.035750001668930054,0.030249999836087227,0.024250000715255737,0.05550000071525574,-0.030400922521948814,0.9035623669624329,-0.2662879228591919,-0.8965790271759033,-0.023433337
166,166,-0.17412668271123566,-0.6591756467404573,-0.055126682711235664,-0.13117564674045723,0.14228844452211317,0.24101781062325126,0.7581686973571777,0.08612781018018723,-1.0,0.8860465288162231,0.3084745705127716,0.023000000044703484,0.011625000275671482,0.027249999344348907,0.05000000074505806,0.0007080400246195495,0.0012504900805652142,0.0025009801611304283,0.0003197600017301738,0.17149999737739563,0.24699999392032623,0.41850000619888306,0.03750000149011612,0.05624999850988388,0.023250000551342964,0.02174999937415123,0.6483971476554871,-0.34105435013771057,0.856983482837677,-0.08864486962556839,-0.13569835
167,167,-0.16099844671390734,-0.6590747029694686,-0.041998446713907345,-0.13107470296946855,0.13763882913231762,0.25248882433057074,0.7578449249267578,0.08614297211170197,-1.0,0.8860465288162231,0.3084745705127716,0.023000000044703484,0.011625000275671482,0.027000000700354576,0.05000000074505806,0.0015930900117382407,0.0009193100268021226,0.0003825699968729168,0.00025695000658743083,0.2199999988079071,0.0560000017285347,0.2759999930858612,0.06174999848008156,0.04349999874830246,0.004999999888241291,0.01850000023841858,-0.9186536073684692,0.9284161925315857,0.11385369300842285,0.27878662943840027,0.0
168,168,-0.1631330487147249,-0.6591983306089106,-0.0441330487147249,-0.13119833060891062,0.1384222812390451,0.2505184239672219,0.7883756756782532,0.08631405979394913,-1.0,0.8860465288162231,0.3084745705127716,0.017625000327825546,0.019500000402331352,0.027000000700354576,0.05037499964237213,0.0007308800122700632,0.0015873800730332732,0.0007765600457787514,0.0004682200087700039,0.2029999941587448,0.10899999737739563,0.31200000643730164,0.03824999928474426,0.0625,0.00925000011920929,0.02800000086426735,0.5573523044586182,-0.8234581351280212,0.16875265538692474,0.15152771770954132,0.0
169,169,-0.17412577555510794,-0.6559134481774289,-0.05512577555510795,-0.1279134481774289,0.1392864004674969,0.24836297234319596,0.7834115028381348,0.08610452711582184,-1.0,0.8860465288162231,0.3084745705127716,0.017500000074505806,0.019375000149011612,0.027249999344348907,0.05087500065565109,0.00148460001219064,0.0005481599946506321,0.0015359900426119566,0.0005481599946506321,0.17800000309944153,0.18250000476837158,0.3605000078678131,0.05925000086426735,0.03200000151991844,0.014999999664723873,0.032499998807907104,0.057772666215896606,0.6550584435462952,0.38348546624183655,-0.14202362298965454,0.0
170,170,-0.17412577555510794,-0.6559134481774289,-0.05512577555510795,-0.1279134481774289,0.1392864004674969,0.24836297234319596,0.757847011089325,0.09167212247848511,-1.0,0.8860465288162231,0.3084745705127716,0.017374999821186066,0.019375000149011612,0.03137499839067459,0.0507499985396862,0.0015302799874916673,0.0012676200130954385,0.002261160174384713,0.00044538002111949027,0.24500000476837158,0.2370000034570694,0.4819999933242798,0.061500001698732376,0.05649999901652336,0.020999999716877937,0.027499999850988388,-0.15786434710025787,0.8754468560218811,0.6984032392501831,-0.07081718742847443,0.0
