step,action_count,cube_x,cube_y,dist_to_goal_x,dist_to_goal_y,dist_to_goal,distance_reward,obs_cube_x_norm,obs_cube_y_norm,obs_cube_yaw_norm,obs_goal_x_norm,obs_goal_y_norm,obs_motor_16_pos_delta_norm,obs_motor_17_pos_delta_norm,obs_motor_18_pos_delta_norm,obs_motor_19_pos_delta_norm,obs_motor_16_current_norm,obs_motor_17_current_norm,obs_motor_18_current_norm,obs_motor_19_current_norm,obs_horizontal_tension_norm,obs_vertical_tension_norm,obs_total_tension_norm,obs_motor_16_target_error_norm,obs_motor_17_target_error_norm,obs_motor_18_target_error_norm,obs_motor_19_target_error_norm,action_m16,action_m17,action_m18,action_m19,total_safety_penalty
1,325,-0.08661505492634974,-0.3649896269466112,0.03238494507365025,0.16301037305338884,0.16619616839875803,0.18976635311653078,0.9450774788856506,0.5879588723182678,-1.0,0.8860465288162231,0.3084745705127716,0.0,0.0,0.0,0.0,0.0009078900329768658,0.0008165300241671503,0.00010278000263497233,0.0001484600070398301,0.1509999930858612,0.02199999988079071,0.17299999296665192,0.0,0.0,0.0,0.0,0.5030786395072937,-0.3140564560890198,0.6327606439590454,-0.9963574409484863,0.0
2,326,-0.09319672139102031,-0.3689117945124434,0.025803278608979685,0.15908820548755664,0.1611671998646861,0.19955368150008798,0.9613603353500366,0.5847633481025696,-1.0,0.8860465288162231,0.3084745705127716,0.005499999970197678,-0.011625000275671482,0.010625000111758709,-0.01850000023841858,0.0006794900400564075,0.00016558999777771533,7.994000043254346e-05,1.7129999832832254e-05,0.07400000095367432,0.008500000461935997,0.08250000327825546,0.00774999987334013,0.011500000022351742,0.0022499999031424522,-0.0002500000118743628,0.6788686513900757,-0.8896934986114502,-0.970592737197876,-0.7650338411331177,-0.11580407
3,327,-0.09599767946483151,-0.3727343053731589,0.023002320535168486,0.15526569462684114,0.15696032198602972,0.20812774693244926,0.9460541605949402,0.5781155824661255,-1.0,0.8860465288162231,0.3084745705127716,0.01912499964237213,-0.02775000035762787,-0.006500000134110451,-0.014999999664723873,0.000491060025524348,0.0001598800008650869,7.423000351991504e-05,6.28100024187006e-05,0.05700000002980232,0.012000000104308128,0.0689999982714653,0.005750000011175871,0.010499999858438969,0.0002500000118743628,0.0002500000118743628,0.9488186240196228,-0.7515580654144287,-0.22692634165287018,0.8518261313438416,0.0
4,328,-0.09207409786805892,-0.3739589725713592,0.02692590213194107,0.15404102742864084,0.1563766041864644,0.20934617827785107,0.9395402669906616,0.5716367959976196,-1.0,0.8860465288162231,0.3084745705127716,0.035875000059604645,-0.042500000447034836,-0.010625000111758709,0.0010000000474974513,0.0007023300277069211,0.00017701000615488738,2.2840000383439474e-05,0.0,0.07699999958276749,0.0020000000949949026,0.07900000363588333,0.00774999987334013,0.012000000104308128,0.0,0.0,-0.9546862244606018,-0.8028405904769897,0.7085545659065247,-0.2682935893535614,-0.056195237
5,329,-0.09324083217165813,-0.37407188092349697,0.025759167828341867,0.15392811907650306,0.1560685764964837,0.20999201664471592,0.9486649036407471,0.5695610642433167,-1.0,0.8860465288162231,0.3084745705127716,0.02162499912083149,-0.052000001072883606,0.0022499999031424522,0.0044999998062849045,0.00010278000263497233,8.565000462112948e-05,7.423000351991504e-05,6.28100024187006e-05,0.016499999910593033,0.012000000104308128,0.02850000001490116,0.0005000000237487257,0.0010000000474974513,0.000750000006519258,0.0005000000237487257,0.8856359124183655,0.5128869414329529,-0.21343252062797546,-0.048985373228788376,0.0
6,330,-0.08837619561618998,-0.3739429656189264,0.030623804383810016,0.1540570343810736,0.15707128075249516,0.20789693902626408,0.9459515810012817,0.5693696737289429,-1.0,0.8860465288162231,0.3084745705127716,0.035750001668930054,-0.051249999552965164,-0.0013749999925494194,0.004124999977648258,0.00042825000127777457,0.0002797899942379445,0.0,-6.851999933132902e-05,0.06199999898672104,0.006000000052154064,0.06800000369548798,0.005249999929219484,0.01850000023841858,0.0,-0.0005000000237487257,-0.23264095187187195,-0.0347091406583786,0.9283034205436707,-0.5440232753753662,0.0
7,331,-0.08809227343505249,-0.37444448732424934,0.030907726564947502,0.15355551267575068,0.15663519091994044,0.20880553614945502,0.9572646617889404,0.5695881843566895,-1.0,0.8860465288162231,0.3084745705127716,0.03362499922513962,-0.05112500116229057,0.014999999664723873,-0.006500000134110451,0.00011991000064881518,0.0002512400096748024,7.423000351991504e-05,6.851999933132902e-05,0.032499998807907104,0.012500000186264515,0.04500000178813934,0.0010000000474974513,0.017000000923871994,0.0020000000949949026,0.0005000000237487257,0.26313772797584534,0.18999290466308594,0.6350071430206299,0.09221167117357254,0.0
8,332,-0.09131229023668988,-0.3748883045661408,0.027687709763310114,0.15311169543385922,0.1555949888350141,0.21098887155337667,0.9579249620437622,0.5687381625175476,-1.0,0.8860465288162231,0.3084745705127716,0.035750001668930054,-0.051249999552965164,0.02187499962747097,-0.006750000175088644,0.0005710000405088067,0.0003997000167146325,0.0001827200030675158,8.565000462112948e-05,0.08500000089406967,0.023499999195337296,0.10849999636411667,0.006500000134110451,0.024250000715255737,0.012000000104308128,0.0042500002309679985,0.8825554251670837,0.721931517124176,0.3995608985424042,0.8977665901184082,0.0
9,333,-0.0851663142725071,-0.3768068886877881,0.0338336857274929,0.15119311131221191,0.15493248593556375,0.21239131944433848,0.950436532497406,0.5679859519004822,-1.0,0.8860465288162231,0.3084745705127716,0.04912500083446503,-0.05062500014901161,0.023749999701976776,-0.0013749999925494194,0.001301879994571209,0.0011876800563186407,0.00035973000922240317,0.00044538002111949027,0.21799999475479126,0.07050000131130219,0.28850001096725464,0.012749999761581421,0.05000000074505806,0.023000000044703484,0.027000000700354576,0.9279269576072693,0.23893524706363678,0.9605190753936768,-0.8336696028709412,0.0
10,334,-0.08118966951814777,-0.3772913218277283,0.03781033048185223,0.15070867817227174,0.15537929967527933,0.21144444280985492,0.9647294878959656,0.5647341012954712,-1.0,0.8860465288162231,0.3084745705127716,0.06199999898672104,-0.051249999552965164,0.03350000083446503,-0.007499999832361937,0.0026551501359790564,0.0015359900426119566,0.000770850048866123,0.00011991000064881518,0.367000013589859,0.07800000160932541,0.4449999928474426,0.02174999937415123,0.05999999865889549,0.039500001817941666,0.00800000037997961,0.18034081161022186,-0.2801409661769867,-0.611336886882782,-0.7784860730171204,-0.008385847
11,335,-0.08616649278620808,-0.3768626418572486,0.03283350721379191,0.15113735814275142,0.15466266589687516,0.21296516761516449,0.9739775061607361,0.5639129877090454,-1.0,0.8860465288162231,0.3084745705127716,0.06274999678134918,-0.051249999552965164,0.03700000047683716,-0.018124999478459358,0.002952069975435734,0.0011534200748428702,0.00014275001012720168,7.423000351991504e-05,0.359499990940094,0.01899999938905239,0.3785000145435333,0.023749999701976776,0.0494999997317791,0.009750000201165676,0.0002500000118743628,0.8029919266700745,0.3491908609867096,-0.9504271745681763,-0.524776041507721,-0.1302992
12,336,-0.08678337399412767,-0.37627245730325865,0.03221662600587233,0.15172754269674138,0.15511014861701902,0.21201431432889908,0.9624034762382507,0.5646395683288574,-1.0,0.8860465288162231,0.3084745705127716,0.0625,-0.051249999552965164,0.023749999701976776,-0.02762500010430813,0.000433959998190403,0.0016901600174605846,7.423000351991504e-05,-6.851999933132902e-05,0.1860000044107437,0.012500000186264515,0.19850000739097595,0.005499999970197678,0.0625,0.000750000006519258,-0.0002500000118743628,-0.147252157330513,-0.6357589364051819,0.10842732340097427,0.35626429319381714,0.0
13,337,-0.09038632180673256,-0.37702373432535613,0.028613678193267433,0.1509762656746439,0.15366383887176752,0.21510298001405875,0.9609689116477966,0.5656399130821228,-1.0,0.8860465288162231,0.3084745705127716,0.06037500128149986,-0.05112500116229057,0.023874999955296516,-0.021250000223517418,0.0003197600017301738,0.0007879800396040082,9.707000572234392e-05,5.7100001868093386e-05,0.09700000286102295,0.013500000350177288,0.11050000041723251,0.0042500002309679985,0.03849999979138374,0.0044999998062849045,0.0002500000118743628,0.8826043009757996,0.9944809675216675,-0.5678941607475281,-0.6807870268821716,0.0
14,338,-0.08912111066492734,-0.3775170324344962,0.029878889335072656,0.15048296756550383,0.15342057083461136,0.21562689381043385,0.9525899291038513,0.5643665790557861,-1.0,0.8860465288162231,0.3084745705127716,0.06712500005960464,-0.051249999552965164,0.015250000171363354,-0.03350000083446503,0.002940650098025799,0.002238319953903556,6.851999933132902e-05,-7.423000351991504e-05,0.45350000262260437,0.012500000186264515,0.4659999907016754,0.023749999701976776,0.07599999755620956,0.0005000000237487257,-0.000750000006519258,0.9508513808250427,0.6947904825210571,0.24716705083847046,0.7457692623138428,-0.13391307
15,339,-0.08411948626044963,-0.37706672039531247,0.03488051373955037,0.15093327960468755,0.15491128148382788,0.2124363606343612,0.9555323123931885,0.563530445098877,-1.0,0.8860465288162231,0.3084745705127716,0.06875000149011612,-0.051375001668930054,0.016249999403953552,-0.020375000312924385,0.0037057900335639715,0.0027122499886900187,0.00010848999954760075,7.994000043254346e-05,0.5619999766349792,0.016499999910593033,0.578499972820282,0.028999999165534973,0.0872500017285347,0.00774999987334013,0.000750000006519258,-0.5015512108802795,0.9658863544464111,0.9229684472084045,-0.9245297908782959,-0.14674376
16,340,-0.08788673282918374,-0.3777853777829996,0.03111326717081625,0.15021462221700044,0.15340295995136063,0.2156648709549171,0.9671639800071716,0.5642936825752258,-1.0,0.8860465288162231,0.3084745705127716,0.06875000149011612,-0.051375001668930054,0.032499998807907104,-0.03687499836087227,0.0032718300353735685,0.0025809200014919043,0.00013703999866265804,-7.994000043254346e-05,0.512499988079071,0.01899999938905239,0.531499981880188,0.026249999180436134,0.08449999988079071,0.009750000201165676,-0.000750000006519258,-0.732215166091919,-0.8046295642852783,-0.7475451231002808,0.46538040041923523,-0.14438449
17,341,-0.09002756363446024,-0.37709667104967953,0.028972436365539755,0.1509033289503205,0.1536594180557895,0.21511248953116596,0.9584029316902161,0.563075602054596,-1.0,0.8860465288162231,0.3084745705127716,0.06875000149011612,-0.051375001668930054,0.023000000044703484,-0.029124999418854713,0.00319760013371706,0.0024438800755888224,6.851999933132902e-05,7.423000351991504e-05,0.49399998784065247,0.012500000186264515,0.5065000057220459,0.025750000029802322,0.08174999803304672,0.000750000006519258,0.0010000000474974513,0.5162463784217834,0.023038780316710472,-0.46814367175102234,-0.840596079826355,-0.11592853
18,342,-0.09260795238415298,-0.3760392547668824,0.026392047615847014,0.15196074523311764,0.1542355609746391,0.2138766975376139,0.9534242749214172,0.564242959022522,-1.0,0.8860465288162231,0.3084745705127716,0.06887499988079071,-0.051375001668930054,0.014375000260770321,-0.04412499815225601,0.0025295300874859095,0.001638769987039268,7.423000351991504e-05,-6.851999933132902e-05,0.36500000953674316,0.012500000186264515,0.3774999976158142,0.020999999716877937,0.06300000101327896,0.0005000000237487257,-0.0005000000237487257,-0.2983015477657318,-0.6073943376541138,-0.5844930410385132,-0.6115977764129639,-0.020169845
19,343,-0.09144775493051,-0.378964773045563,0.02755224506949,0.14903522695443705,0.15156063170140785,0.21967495180026814,0.9474233388900757,0.5660351514816284,-1.0,0.8860465288162231,0.3084745705127716,0.06737499684095383,-0.051249999552965164,0.0036249998956918716,-0.05562499910593033,0.00042825000127777457,0.0008222400210797787,7.423000351991504e-05,0.0,0.10949999839067459,0.006500000134110451,0.11599999666213989,0.005249999929219484,0.03999999910593033,0.0002500000118743628,-0.0002500000118743628,0.8934710621833801,-0.7339165210723877,0.4434753954410553,0.7054352760314941,0.0
20,344,-0.09630820014122532,-0.38009257606141983,0.022691799858774675,0.1479074239385802,0.14963797591847322,0.2239394090153612,0.9501215219497681,0.5610766410827637,-1.0,0.8860465288162231,0.3084745705127716,0.07662499696016312,-0.06024999916553497,0.009999999776482582,-0.042750000953674316,0.0023924901615828276,0.0005310300039127469,9.13600015337579e-05,6.851999933132902e-05,0.25600001215934753,0.014000000432133675,0.27000001072883606,0.020250000059604645,0.030500000342726707,0.004000000189989805,0.0002500000118743628,0.42449697852134705,-0.27412813901901245,-0.9781505465507507,0.4297906160354614,-0.03018683
21,345,-0.09982929163594156,-0.37959490216736824,0.01917070836405843,0.14840509783263178,0.14963819406118475,0.22393892050839498,0.9388181567192078,0.5591651201248169,-1.0,0.8860465288162231,0.3084745705127716,0.07987499982118607,-0.06337500363588333,-0.0063749998807907104,-0.03487500175833702,0.0023468099534511566,0.00044538002111949027,7.423000351991504e-05,6.851999933132902e-05,0.24449999630451202,0.012500000186264515,0.25699999928474426,0.019999999552965164,0.026499999687075615,0.0002500000118743628,0.0005000000237487257,0.7459007501602173,0.1368294507265091,-0.9228132367134094,-0.9903032183647156,-0.05260391
22,346,-0.1041722492621901,-0.38201469982967845,0.014827750737809897,0.14598530017032157,0.1467363964998511,0.23053237635516705,0.930629551410675,0.5600086450576782,-1.0,0.8860465288162231,0.3084745705127716,0.08299999684095383,-0.0637499988079071,-0.023624999448657036,-0.05287500098347664,0.0031176600605249405,0.0005881300312466919,7.423000351991504e-05,-7.423000351991504e-05,0.3244999945163727,0.013000000268220901,0.3375000059604645,0.02525000087916851,0.032249998301267624,0.0002500000118743628,-0.0005000000237487257,0.917284369468689,-0.8363161683082581,0.09779201447963715,-0.3256472051143646,-0.0850873
23,347,-0.09700256641583771,-0.38370628333876283,0.021997433584162285,0.1442937166612372,0.14596082951327397,0.23232726062757106,0.9205296635627747,0.5559073090553284,-1.0,0.8860465288162231,0.3084745705127716,0.09149999916553497,-0.07537499815225601,-0.02212500013411045,-0.05887499824166298,0.001764390035532415,0.0003997000167146325,7.423000351991504e-05,-6.851999933132902e-05,0.18950000405311584,0.012500000186264515,0.20200000703334808,0.01600000075995922,0.024250000715255737,0.000750000006519258,-0.0005000000237487257,0.7424308061599731,-0.4778940677642822,0.7534645199775696,-0.584517240524292,-0.040198173
24,348,-0.09890183940118386,-0.383678048866823,0.02009816059881614,0.14432195113317703,0.14571465828235314,0.23289988803761638,0.9372033476829529,0.5530402064323425,-1.0,0.8860465288162231,0.3084745705127716,0.0989999994635582,-0.0833749994635582,-0.008750000037252903,-0.06975000351667404,0.0018157800659537315,0.00037115000304766,7.994000043254346e-05,-6.851999933132902e-05,0.1914999932050705,0.013000000268220901,0.2045000046491623,0.016249999403953552,0.02250000089406967,0.0022499999031424522,-0.0005000000237487257,-0.036759138107299805,0.6843422055244446,-0.3235319256782532,0.18146832287311554,0.0
25,349,-0.09312483345820527,-0.38690286304213833,0.025875166541794725,0.1410971369578617,0.1434500829601405,0.23823425382652255,0.9327864050865173,0.5530880689620972,-1.0,0.8860465288162231,0.3084745705127716,0.0989999994635582,-0.0833749994635582,-0.013749999925494194,-0.06700000166893005,0.001638769987039268,0.0011534200748428702,0.0,6.851999933132902e-05,0.24449999630451202,0.006000000052154064,0.25049999356269836,0.014999999664723873,0.04800000041723251,0.0002500000118743628,0.000750000006519258,0.7450180053710938,-0.9940134882926941,0.9716381430625916,-0.15418212115764618,0.0
26,350,-0.09197804024339129,-0.3882005732665563,0.027021959756608704,0.1397994267334437,0.14238702898820269,0.24078032158435264,0.9462212920188904,0.5476222634315491,-1.0,0.8860465288162231,0.3084745705127716,0.11087500303983688,-0.09387499839067459,0.0031250000465661287,-0.06912499666213989,0.0022211901377886534,0.0005995500250719488,8.565000462112948e-05,-7.423000351991504e-05,0.24699999392032623,0.014000000432133675,0.26100000739097595,0.01899999938905239,0.03175000101327896,0.002749999985098839,-0.000750000006519258,0.9532245397567749,-0.2530970573425293,0.6709699630737305,-0.0366319939494133,-0.06442273
27,351,-0.08713285813091312,-0.38863365389524757,0.031867141869086874,0.13936634610475246,0.14296325806826787,0.2393968651195606,0.9488883018493652,0.5454227328300476,-1.0,0.8860465288162231,0.3084745705127716,0.11574999988079071,-0.09749999642372131,0.014624999836087227,-0.06962499767541885,0.003083400195464492,0.0005253200070001185,9.13600015337579e-05,-8.565000462112948e-05,0.3160000145435333,0.01549999974668026,0.33149999380111694,0.02474999986588955,0.029750000685453415,0.004749999847263098,-0.0010000000474974513,0.8533976078033447,0.8017880916595459,0.9808252453804016,-0.5275742411613464,-0.078751534
28,352,-0.08452905251446141,-0.388982842515667,0.03447094748553858,0.13901715748433302,0.1432271492964047,0.23876595062221648,0.9601561427116394,0.5446887016296387,-1.0,0.8860465288162231,0.3084745705127716,0.1172500029206276,-0.09775000065565109,0.03137499839067459,-0.07962500303983688,0.0036372700706124306,0.0015759600792080164,0.00011991000064881518,-7.994000043254346e-05,0.45649999380111694,0.017500000074505806,0.4740000069141388,0.028999999165534973,0.06024999916553497,0.00800000037997961,-0.000750000006519258,0.19096289575099945,-0.7945003509521484,0.48534995317459106,0.05220258980989456,-0.03191555
29,353,-0.08875457972903594,-0.388589608257967,0.030245420270964052,0.139410391742033,0.14265357609620008,0.24013938318140607,0.9662114977836609,0.5440968871116638,-1.0,0.8860465288162231,0.3084745705127716,0.1172500029206276,-0.0988750010728836,0.04050000011920929,-0.0794999971985817,0.0032432801090180874,0.0006109700188972056,0.00011420000373618677,7.994000043254346e-05,0.3375000059604645,0.017000000923871994,0.3544999957084656,0.026249999180436134,0.032749999314546585,0.00774999987334013,0.000750000006519258,-0.1561276912689209,0.5555235147476196,-0.7742635607719421,-0.7922313809394836,-0.03438723
30,354,-0.09118484894220671,-0.3887286690708789,0.02781515105779328,0.13927133092912114,0.1420217808898925,0.2416613751662882,0.9563847184181213,0.5447633862495422,-1.0,0.8860465288162231,0.3084745705127716,0.1172500029206276,-0.0988750010728836,0.029374999925494194,-0.09387499839067459,0.0006338100065477192,0.001347560086287558,7.423000351991504e-05,0.0,0.17350000143051147,0.006500000134110451,0.18000000715255737,0.007499999832361937,0.05350000038743019,0.0010000000474974513,0.0,0.7431338429450989,0.5924804210662842,-0.40980955958366394,-0.573783814907074,-0.1374421
31,355,-0.08963942620772397,-0.38780826261915524,0.029360573792276023,0.14019173738084478,0.14323325913792315,0.23875136284668297,0.9507328867912292,0.5445276498794556,-1.0,0.8860465288162231,0.3084745705127716,0.1172500029206276,-0.0988750010728836,0.02199999988079071,-0.09062500298023224,0.002483850112184882,0.0022326100151985884,6.851999933132902e-05,6.851999933132902e-05,0.4129999876022339,0.012000000104308128,0.42500001192092896,0.021250000223517418,0.0754999965429306,0.0005000000237487257,0.0010000000474974513,0.75147545337677,0.1498536616563797,0.2493429034948349,-0.8624674081802368,-0.13087195
32,356,-0.08183876266889786,-0.38914348628049444,0.03716123733110213,0.13885651371950558,0.14374313535718408,0.23753712461095378,0.9543269276618958,0.5460876822471619,-1.0,0.8860465288162231,0.3084745705127716,0.11599999666213989,-0.09875000268220901,0.023874999955296516,-0.10625000298023224,0.0003939900198020041,0.002398200100287795,0.00010278000263497233,0.0,0.24449999630451202,0.008999999612569809,0.2535000145435333,0.004999999888241291,0.07850000262260437,0.006000000052154064,0.0,0.8416476249694824,0.5594366788864136,0.8403499126434326,-0.966985821723938,-0.26717073
33,357,-0.07879634765019233,-0.3889947819477897,0.04020365234980766,0.13900521805221033,0.1447023991093677,0.23526941114254404,0.9724680185317993,0.5438246130943298,-1.0,0.8860465288162231,0.3084745705127716,0.12025000154972076,-0.0989999994635582,0.03799999877810478,-0.10312499850988388,0.0034545501694083214,0.001541700097732246,0.00013703999866265804,7.994000043254346e-05,0.4375,0.01899999938905239,0.45649999380111694,0.02800000086426735,0.06024999916553497,0.00925000011920929,0.0012499999720603228,0.8378862142562866,-0.36125603318214417,0.9199762344360352,-0.9237831234931946,-0.09758275
34,358,-0.08379156729964457,-0.3890266364030309,0.035208432700355424,0.1389733635969691,0.1433639756796345,0.2384394792080435,0.9795433878898621,0.5440766215324402,-1.0,0.8860465288162231,0.3084745705127716,0.12025000154972076,-0.09912499785423279,0.054375000298023224,-0.11937499791383743,0.0035687501076608896,0.001050640014000237,0.0001598800008650869,-7.994000043254346e-05,0.40450000762939453,0.020999999716877937,0.4255000054836273,0.028750000521540642,0.04699999839067459,0.01075000036507845,-0.000750000006519258,-0.8245394229888916,-0.36958515644073486,-0.9399524927139282,-0.9941163659095764,-0.089944735
35,359,-0.08780217335728296,-0.38976572739503906,0.03119782664271703,0.13823427260496096,0.14171103877204375,0.24241348680010888,0.967926561832428,0.5440226793289185,-1.0,0.8860465288162231,0.3084745705127716,0.12037499994039536,-0.09937500208616257,0.0416250005364418,-0.1379999965429306,0.003129080170765519,0.0006338100065477192,7.423000351991504e-05,-7.994000043254346e-05,0.3294999897480011,0.013500000350177288,0.34299999475479126,0.025750000029802322,0.03375000134110451,0.0012499999720603228,-0.000750000006519258,0.7881473898887634,-0.4404175281524658,-0.6803515553474426,-0.979248583316803,-0.12881474
36,360,-0.08496556626532853,-0.39003968702941494,0.034034433734671465,0.1379603129705851,0.1420964131657852,0.24148108506771834,0.9585995674133301,0.5427699685096741,-1.0,0.8860465288162231,0.3084745705127716,0.12025000154972076,-0.10300000011920929,0.029124999418854713,-0.15649999678134918,0.0006052600219845772,0.0003825699968729168,7.423000351991504e-05,0.0,0.08649999648332596,0.006500000134110451,0.09300000220537186,0.007249999791383743,0.02449999935925007,0.000750000006519258,-0.0002500000118743628,-0.06617232412099838,0.6022273302078247,0.5222413539886475,0.8479088544845581,0.0
37,361,-0.08062275180487655,-0.3900398477093763,0.03837724819512345,0.13796015229062375,0.1431985223355402,0.2388343118418618,0.9651963710784912,0.542305588722229,-1.0,0.8860465288162231,0.3084745705127716,0.12025000154972076,-0.10300000011920929,0.036249998956918716,-0.1407500058412552,0.0003768599999602884,0.0010906100505962968,0.00010278000263497233,0.0,0.12849999964237213,0.008999999612569809,0.13750000298023224,0.004999999888241291,0.04699999839067459,0.006000000052154064,0.0,0.8914331793785095,0.7582460045814514,0.6714476346969604,-0.8339127898216248,-0.12406954
38,362,-0.08675599995723896,-0.39041974451485373,0.03224400004276104,0.1375802554851463,0.14130818178051724,0.24339203623405453,0.975295901298523,0.5423053503036499,-1.0,0.8860465288162231,0.3084745705127716,0.125,-0.10350000113248825,0.04637499898672104,-0.13750000298023224,0.0035858801566064358,0.002226900076493621,0.0001541700039524585,8.565000462112948e-05,0.5090000033378601,0.020999999716877937,0.5299999713897705,0.028750000521540642,0.07625000178813934,0.01075000036507845,0.0010000000474974513,-0.45567086338996887,-0.9893004298210144,-0.8091317415237427,-0.744189977645874,-0.12282256
39,363,-0.08936328830869261,-0.3906656018003644,0.029636711691307382,0.1373343981996356,0.1404958063741753,0.24537734644493145,0.9610325694084167,0.5416614413261414,-1.0,0.8860465288162231,0.3084745705127716,0.1251250058412552,-0.10337500274181366,0.036249998956918716,-0.15037499368190765,0.0031747601460665464,0.0019813701510429382,7.423000351991504e-05,-7.994000043254346e-05,0.4514999985694885,0.013500000350177288,0.4650000035762787,0.026000000536441803,0.07050000131130219,0.000750000006519258,-0.0010000000474974513,-0.7846733927726746,-0.32252076268196106,-0.3984285593032837,-0.9853960871696472,-0.02846734
40,364,-0.09466871700582416,-0.38987761819825295,0.024331282994175835,0.13812238180174707,0.14024907731151126,0.24598351115655706,0.9549691081047058,0.5412447452545166,-1.0,0.8860465288162231,0.3084745705127716,0.1251250058412552,-0.10337500274181366,0.028875000774860382,-0.1691250056028366,0.0006281000096350908,0.0015074399998411536,6.851999933132902e-05,0.0,0.18700000643730164,0.006000000052154064,0.19300000369548798,0.007249999791383743,0.05849999934434891,0.000750000006519258,-0.0002500000118743628,0.30969029664993286,-0.13753463327884674,-0.8182087540626526,-0.8486805558204651,-0.12584168
41,365,-0.09519900710824131,-0.3889555236763399,0.023800992891758688,0.13904447632366013,0.14106684110291273,0.24398014961649125,0.9426308870315552,0.5425803065299988,-1.0,0.8860465288162231,0.3084745705127716,0.1251250058412552,-0.10337500274181366,0.013749999925494194,-0.16574999690055847,0.00211841007694602,0.0012961700558662415,7.423000351991504e-05,7.423000351991504e-05,0.29899999499320984,0.013000000268220901,0.31200000643730164,0.01875000074505806,0.05350000038743019,0.0005000000237487257,0.0005000000237487257,0.6149060130119324,0.6452691555023193,-0.1585606187582016,-0.4002813994884491,-0.03990494
42,366,-0.09472861955218959,-0.38952997964227076,0.02427138044781041,0.13847002035772926,0.14058110273686258,0.24516813772995155,0.9413976669311523,0.5441431999206543,-1.0,0.8860465288162231,0.3084745705127716,0.12587499618530273,-0.10337500274181366,0.011125000193715096,-0.17262500524520874,0.0034145801328122616,0.002272580051794648,5.7100000958598685e-06,-7.994000043254346e-05,0.49799999594688416,0.007499999832361937,0.5055000185966492,0.02775000035762787,0.07750000059604645,0.0,-0.000750000006519258,0.8824743628501892,0.06753187626600266,-0.23853559792041779,-0.8842880725860596,-0.22174652
43,367,-0.09853268632234108,-0.3896378632873507,0.020467313677658916,0.1383621367126493,0.13986776542459503,0.24692326608441514,0.9424915909767151,0.5431694984436035,-1.0,0.8860465288162231,0.3084745705127716,0.12587499618530273,-0.10337500274181366,0.012000000104308128,-0.18937499821186066,0.0008279500179924071,0.0023867799900472164,9.707000572234392e-05,0.0,0.2815000116825104,0.008500000461935997,0.28999999165534973,0.008999999612569809,0.07900000363588333,0.005750000011175871,-0.0002500000118743628,0.2545798122882843,0.46385693550109863,-0.8844174742698669,-0.3990607261657715,-0.18755013
44,368,-0.09774227622942017,-0.389899545674496,0.02125772377057983,0.13810045432550405,0.13972697057052696,0.2472711661918123,0.9336448907852173,0.5429866909980774,-1.0,0.8860465288162231,0.3084745705127716,0.12587499618530273,-0.10337500274181366,-0.0016250000335276127,-0.1861249953508377,0.002084149979054928,0.0015474100364372134,0.0,6.851999933132902e-05,0.3179999887943268,0.006000000052154064,0.3240000009536743,0.01850000023841858,0.06024999916553497,0.0,0.000750000006519258,0.14873899519443512,-0.3823690712451935,-0.1780022531747818,-0.5042353868484497,-0.05125034
45,369,-0.1014690898075663,-0.3895019973792369,0.01753091019243369,0.13849800262076312,0.13960311437112025,0.2475776166002251,0.9354830980300903,0.5425431132316589,-1.0,0.8860465288162231,0.3084745705127716,0.12587499618530273,-0.10337500274181366,0.000375000003259629,-0.19462500512599945,0.002603759989142418,0.0009992499835789204,8.565000462112948e-05,-7.423000351991504e-05,0.3154999911785126,0.014000000432133675,0.3294999897480011,0.02199999988079071,0.04600000008940697,0.0035000001080334187,-0.0010000000474974513,-0.8883126378059387,0.37055185437202454,-0.812993586063385,0.945397138595581,-0.038831264
46,370,-0.09679257089389573,-0.38984091974863194,0.022207429106104265,0.13815908025136808,0.1399324885914869,0.24676350123482482,0.9268160462379456,0.5432169437408447,-1.0,0.8860465288162231,0.3084745705127716,0.12475000321865082,-0.10337500274181366,-0.013124999590218067,-0.17749999463558197,0.00044538002111949027,0.0015474100364372134,6.851999933132902e-05,0.0,0.1745000034570694,0.006000000052154064,0.18050000071525574,0.005499999970197678,0.05974999815225601,0.0002500000118743628,0.0,0.7391982078552246,-0.6486868858337402,0.9078035950660706,0.8888918161392212,0.0
47,371,-0.09090805188255718,-0.3912902634943941,0.02809194811744281,0.13670973650560592,0.1395661477739688,0.2476691545385789,0.9376916885375977,0.5426425337791443,-1.0,0.8860465288162231,0.3084745705127716,0.12737500667572021,-0.10350000113248825,0.002374999923631549,-0.16099999845027924,0.00352878007106483,0.000673780043143779,8.565000462112948e-05,7.423000351991504e-05,0.36800000071525574,0.014000000432133675,0.38199999928474426,0.02775000035762787,0.035750001668930054,0.0032500000670552254,0.0002500000118743628,0.27066245675086975,-0.6582704782485962,0.8124863505363464,-0.9109022617340088,-0.03154409
48,372,-0.09287971146361446,-0.3945737857077507,0.02612028853638554,0.13342621429224932,0.13595890604732472,0.25676627068606084,0.9513766169548035,0.5401859879493713,-1.0,0.8860465288162231,0.3084745705127716,0.1316249966621399,-0.11187499761581421,0.017249999567866325,-0.17775000631809235,0.0022782899904996157,0.0004682200087700039,8.565000462112948e-05,-7.423000351991504e-05,0.24050000309944153,0.014000000432133675,0.25450000166893005,0.019500000402331352,0.02800000086426735,0.0037499999161809683,-0.0002500000118743628,0.056832876056432724,-0.8708512187004089,-0.17261485755443573,-0.9483616948127747,-0.0022733149
49,373,-0.09221209367534555,-0.3967124984909052,0.026787906324654442,0.13128750150909485,0.13399253702262318,0.2618652107925407,0.9467913508415222,0.5346207022666931,-1.0,0.8860465288162231,0.3084745705127716,0.13625000417232513,-0.12287499755620956,0.01600000075995922,-0.19550000131130219,0.0011705500073730946,0.00025695000658743083,0.0,0.0,0.125,0.0,0.125,0.011500000022351742,0.017500000074505806,0.0,-0.0002500000118743628,0.585312008857727,-0.6017107963562012,-0.03411076217889786,0.8724397420883179,-0.028093295
50,374,-0.09597378823936992,-0.39778009439193945,0.023026211760630078,0.13021990560806057,0.13224004780934398,0.2664948185662364,0.9483439922332764,0.530995786190033,-1.0,0.8860465288162231,0.3084745705127716,0.1471250057220459,-0.13462500274181366,0.01850000023841858,-0.17949999868869781,0.0011591300135478377,0.00027407999732531607,7.994000043254346e-05,5.139000131748617e-05,0.12549999356269836,0.011500000022351742,0.13699999451637268,0.011500000022351742,0.01850000023841858,0.0024999999441206455,0.0002500000118743628,0.911262035369873,0.24611826241016388,-0.6202099323272705,-0.20448561012744904,0.0
51,375,-0.10118157016406454,-0.39785562007781905,0.017818429835935456,0.13014437992218097,0.13135850207408403,0.2688544777301693,0.9395958185195923,0.5291863083839417,-1.0,0.8860465288162231,0.3084745705127716,0.1577499955892563,-0.13737499713897705,0.008124999701976776,-0.18250000476837158,0.002986330073326826,0.0006052600219845772,7.423000351991504e-05,-7.994000043254346e-05,0.31450000405311584,0.013500000350177288,0.328000009059906,0.024250000715255737,0.032999999821186066,0.0,-0.0012499999720603228,-0.3628776967525482,0.058184247463941574,-0.9715671539306641,-0.6434671878814697,0.0
52,376,-0.09728779541432381,-0.39874018156823404,0.021712204585676187,0.12925981843176598,0.13107066982732393,0.2696294423779822,0.9274846911430359,0.5290582776069641,-1.0,0.8860465288162231,0.3084745705127716,0.1577499955892563,-0.13737499713897705,-0.010125000029802322,-0.19487500190734863,0.0010278000263497233,0.000673780043143779,7.423000351991504e-05,-6.851999933132902e-05,0.14900000393390656,0.012500000186264515,0.1615000069141388,0.01075000036507845,0.03500000014901161,0.0002500000118743628,-0.0005000000237487257,0.04271124675869942,-0.1351436823606491,0.6885244846343994,-0.22078318893909454,0.0
53,377,-0.10030197087552217,-0.401020386305071,0.018698029124477822,0.12697961369492905,0.12834889398531346,0.2770689353011721,0.9365400075912476,0.5275590419769287,-1.0,0.8860465288162231,0.3084745705127716,0.1577499955892563,-0.13737499713897705,0.001500000013038516,-0.19900000095367432,0.0012219400377944112,0.0005310300039127469,8.565000462112948e-05,-7.423000351991504e-05,0.1535000056028366,0.014000000432133675,0.16750000417232513,0.012249999679625034,0.029999999329447746,0.002749999985098839,-0.0005000000237487257,0.4478302299976349,-0.9192209839820862,-0.0973837673664093,-0.5984206795692444,0.0
54,378,-0.09494096194889029,-0.40111248724804627,0.024059038051109705,0.12688751275195376,0.12914827991236263,0.2748629142823135,0.9295303225517273,0.5236942768096924,-1.0,0.8860465288162231,0.3084745705127716,0.1653749942779541,-0.15025000274181366,0.0011249999515712261,-0.21025000512599945,0.0014788900734856725,0.00033117999555543065,0.0,-6.851999933132902e-05,0.15850000083446503,0.006000000052154064,0.16449999809265137,0.013749999925494194,0.0215000007301569,0.0,-0.0002500000118743628,-0.658800482749939,-0.6428191065788269,-0.8566106557846069,-0.1448061615228653,-0.1267933
55,379,-0.09488465382480776,-0.4013098766236459,0.02411534617519223,0.1266901233763541,0.12896486840324067,0.27536750710061353,0.941997766494751,0.5235381722450256,-1.0,0.8860465288162231,0.3084745705127716,0.1588750034570694,-0.1548749953508377,0.0043750000186264515,-0.21275000274181366,0.00016558999777771533,0.00010848999954760075,7.994000043254346e-05,-6.851999933132902e-05,0.024000000208616257,0.013000000268220901,0.03700000047683716,0.0022499999031424522,0.006750000175088644,0.0010000000474974513,-0.0005000000237487257,0.2512637674808502,0.7007975578308105,0.03556797280907631,-0.1529970020055771,0.0
56,380,-0.09786943694172412,-0.402187268882479,0.021130563058275875,0.125812731117521,0.12757485648202554,0.2792218742988479,0.9421287178993225,0.5232036113739014,-1.0,0.8860465288162231,0.3084745705127716,0.1601250022649765,-0.15449999272823334,0.0043750000186264515,-0.21562500298023224,0.0008336600149050355,0.0005995500250719488,7.994000043254346e-05,-6.851999933132902e-05,0.12549999356269836,0.013000000268220901,0.13850000500679016,0.008999999612569809,0.032249998301267624,0.0022499999031424522,-0.0002500000118743628,0.723557710647583,-0.13518819212913513,0.0077107809484004974,-0.010340530425310135,0.0
57,381,-0.10162519067757664,-0.3998947735652536,0.017374809322423357,0.12810522643474642,0.1292781228162299,0.27450625589066957,0.9351873397827148,0.5217164754867554,-1.0,0.8860465288162231,0.3084745705127716,0.16949999332427979,-0.15512500703334808,0.0043750000186264515,-0.21562500298023224,0.0019528201082721353,0.000491060025524348,8.565000462112948e-05,-7.423000351991504e-05,0.21400000154972076,0.014000000432133675,0.2280000001192093,0.017249999567866325,0.02850000001490116,0.0024999999441206455,-0.0005000000237487257,-0.9721925854682922,0.7917301654815674,-0.9617480635643005,0.9048003554344177,0.0
58,382,-0.10223022906089374,-0.4005095452081913,0.016769770939106254,0.1274904547918087,0.12858865144472242,0.27640543757156794,0.9264530539512634,0.5256021022796631,-1.0,0.8860465288162231,0.3084745705127716,0.15837499499320984,-0.15012499690055847,-0.012374999932944775,-0.19887499511241913,0.000245530012762174,0.0011134500382468104,0.0,3.997000021627173e-05,0.11900000274181366,0.0035000001080334187,0.12250000238418579,0.0032500000670552254,0.04800000041723251,0.0,-0.0002500000118743628,0.37778031826019287,0.8079642057418823,0.27566882967948914,-0.9965526461601257,-0.14358632
59,383,-0.10535022669515134,-0.4009541479195349,0.01364977330484865,0.12704585208046515,0.1277770121818678,0.2786579815274737,0.9250459671020508,0.5245600938796997,-1.0,0.8860465288162231,0.3084745705127716,0.1602499932050705,-0.15012499690055847,-0.008624999783933163,-0.195374995470047,0.0014103699941188097,0.0023468099534511566,7.423000351991504e-05,6.851999933132902e-05,0.32899999618530273,0.012500000186264515,0.34150001406669617,0.013500000350177288,0.07824999839067459,0.002749999985098839,0.0002500000118743628,0.22073060274124146,-0.8776694536209106,-0.9507796168327332,0.6556806564331055,-0.037766945
60,384,-0.10064485816171415,-0.4011110155848954,0.01835514183828585,0.1268889844151046,0.12820969385268904,0.27745488418493136,0.9177901744842529,0.5238065123558044,-1.0,0.8860465288162231,0.3084745705127716,0.1626249998807907,-0.15012499690055847,-0.02500000037252903,-0.18299999833106995,0.0019299800042062998,0.0015074399998411536,0.0,6.851999933132902e-05,0.3009999990463257,0.006000000052154064,0.3070000112056732,0.017000000923871994,0.05950000137090683,0.0,0.0,0.9553406238555908,-0.8617684841156006,-0.4966307580471039,-0.4802175760269165,-0.13981558
61,385,-0.10059661099601952,-0.4027102153612909,0.018403389003980475,0.1252897846387091,0.12663417730473056,0.2818608490119282,0.9287328720092773,0.5235406756401062,-1.0,0.8860465288162231,0.3084745705127716,0.1692499965429306,-0.15062500536441803,-0.021124999970197678,-0.19162499904632568,0.002660860074684024,0.00047964000259526074,0.0,-7.423000351991504e-05,0.2750000059604645,0.006500000134110451,0.2815000116825104,0.02199999988079071,0.02824999950826168,-0.0002500000118743628,-0.000750000006519258,0.3641965985298157,-0.2625752389431,0.34890076518058777,0.9802980422973633,-0.027306003
62,386,-0.10129272756395863,-0.40206567981922253,0.017707272436041366,0.1259343201807775,0.12717311231749726,0.28034588820328177,0.9288451075553894,0.5208301544189453,-1.0,0.8860465288162231,0.3084745705127716,0.17249999940395355,-0.1548749953508377,-0.015375000424683094,-0.17374999821186066,0.0023867799900472164,0.00044538002111949027,7.994000043254346e-05,6.851999933132902e-05,0.24799999594688416,0.013000000268220901,0.26100000739097595,0.020500000566244125,0.027000000700354576,0.0012499999720603228,0.0002500000118743628,0.03165704011917114,-0.2210562825202942,-0.917522668838501,-0.49518096446990967,0.0
63,387,-0.10759237412501396,-0.4041059881613486,0.011407625874986033,0.12389401183865145,0.12441808589421217,0.2881768689802789,0.927226185798645,0.5219225883483887,-1.0,0.8860465288162231,0.3084745705127716,0.17249999940395355,-0.1548749953508377,-0.03200000151991844,-0.18250000476837158,0.002535240026190877,0.00027407999732531607,2.2840000383439474e-05,-7.994000043254346e-05,0.2460000067949295,0.008999999612569809,0.2549999952316284,0.0215000007301569,0.01875000074505806,0.0002500000118743628,-0.000750000006519258,0.4265579283237457,-0.96477872133255,0.03674492612481117,-0.9601085782051086,-0.13077757
64,388,-0.1031025674185782,-0.40501966876416745,0.01589743258142179,0.12298033123583257,0.12400358959947873,0.2893738303911088,0.912575900554657,0.5184644460678101,-1.0,0.8860465288162231,0.3084745705127716,0.1720000058412552,-0.16775000095367432,-0.02812499925494194,-0.20074999332427979,0.00028550002025440335,0.00013133000175002962,0.0,0.0,0.0364999994635582,0.0,0.0364999994635582,0.0037499999161809683,0.008500000461935997,0.0,-0.0002500000118743628,0.6223483681678772,0.5133625864982605,0.2443639487028122,0.38176068663597107,0.0
65,389,-0.10293591633998928,-0.40503101076943226,0.01606408366001072,0.12296898923056776,0.12401381816645803,0.2893442331087614,0.9230172634124756,0.5169157981872559,-1.0,0.8860465288162231,0.3084745705127716,0.1784999966621399,-0.16824999451637268,-0.023624999448657036,-0.1938749998807907,0.0014560500858351588,0.0005881300312466919,0.0,6.851999933132902e-05,0.17900000512599945,0.006000000052154064,0.1850000023841858,0.014000000432133675,0.028750000521540642,0.0,0.0002500000118743628,0.098884716629982,0.7596213817596436,0.7710655927658081,-0.9404275417327881,0.0
66,390,-0.09811448283391755,-0.4043313834574124,0.020885517166082446,0.12366861654258765,0.12541982118011613,0.28530451033237386,0.92340487241745,0.5168966054916382,-1.0,0.8860465288162231,0.3084745705127716,0.1784999966621399,-0.16824999451637268,-0.009999999776482582,-0.21112500131130219,0.001947110053151846,0.001416080049239099,7.994000043254346e-05,-6.851999933132902e-05,0.2944999933242798,0.013000000268220901,0.3075000047683716,0.017500000074505806,0.05700000002980232,0.001500000013038516,-0.0005000000237487257,-0.9224773049354553,-0.9831845164299011,0.7064087390899658,-0.9647408723831177,0.0
67,391,-0.10090292805816514,-0.4049873605273557,0.018097071941834852,0.12301263947264435,0.12433669403235202,0.28841151697862577,0.9346174597740173,0.5180823802947998,-1.0,0.8860465288162231,0.3084745705127716,0.16899999976158142,-0.16775000095367432,0.003375000087544322,-0.2292499989271164,0.00017130000924225897,0.00029121001716703176,7.423000351991504e-05,0.0,0.04050000011920929,0.006500000134110451,0.04699999839067459,0.0020000000949949026,0.01924999989569187,0.0010000000474974513,-0.0002500000118743628,0.9906692504882812,0.5844550132751465,-0.7695375680923462,-0.6735236048698425,-0.10482284
68,392,-0.1016063892478214,-0.40562808805980605,0.0173936107521786,0.12237191194019398,0.12360187104933683,0.2905386368023109,0.9281327128410339,0.5169705748558044,-1.0,0.8860465288162231,0.3084745705127716,0.18062500655651093,-0.16837500035762787,-0.010499999858438969,-0.22599999606609344,0.0017072900664061308,0.0008964700391516089,4.568000076687895e-05,6.851999933132902e-05,0.2280000001192093,0.009999999776482582,0.23800000548362732,0.01575000025331974,0.042249999940395355,0.0,0.000750000006519258,0.8775272369384766,0.5815832614898682,-0.07689771056175232,-0.6555544137954712,-0.08587936
69,393,-0.09891998457262782,-0.40444141565795233,0.020080015427372172,0.1235585843420477,0.1251795941205052,0.28599071286056016,0.9264967441558838,0.5158845782279968,-1.0,0.8860465288162231,0.3084745705127716,0.18549999594688416,-0.16850000619888306,-0.008249999955296516,-0.23749999701976776,0.0026665700133889914,0.0017015800112858415,7.994000043254346e-05,-7.423000351991504e-05,0.3824999928474426,0.013500000350177288,0.3959999978542328,0.02225000038743019,0.06424999982118607,0.003000000026077032,-0.000750000006519258,-0.9609191417694092,-0.12954534590244293,0.39350542426109314,0.6505652070045471,0.0
70,394,-0.09902343516998752,-0.4056524107998297,0.019976564830012478,0.1223475892001703,0.12396772049812532,0.2894776448011569,0.9327442049980164,0.5178958773612976,-1.0,0.8860465288162231,0.3084745705127716,0.17687499523162842,-0.16625000536441803,-0.0006249999860301614,-0.22599999606609344,0.0002512400096748024,0.0013532700249925256,7.994000043254346e-05,5.7100001868093386e-05,0.1404999941587448,0.012000000104308128,0.1525000035762787,0.0035000001080334187,0.054999999701976776,0.0024999999441206455,0.0005000000237487257,0.6700583696365356,-0.8959338665008545,-0.2897568941116333,0.044093430042266846,0.0
71,395,-0.09979201904920926,-0.4049553970933161,0.019207980950790737,0.1230446029066839,0.12453481776864438,0.2878406709827266,0.9325036406517029,0.515843391418457,-1.0,0.8860465288162231,0.3084745705127716,0.18174999952316284,-0.1666249930858612,-0.004749999847263098,-0.22574999928474426,0.0021355401258915663,0.00034260001848451793,0.0,7.423000351991504e-05,0.21699999272823334,0.006500000134110451,0.22349999845027924,0.01875000074505806,0.02225000038743019,0.0,0.001500000013038516,0.987668514251709,0.47180891036987305,-0.9609131813049316,-0.6480098962783813,-0.20390311
72,396,-0.09201659512703109,-0.4063708978618551,0.026983404872968908,0.12162910213814493,0.12458628586433522,0.2876925629881996,0.9307162165641785,0.5170247554779053,-1.0,0.8860465288162231,0.3084745705127716,0.18674999475479126,-0.16687500476837158,-0.0024999999441206455,-0.23662500083446503,0.0031690499745309353,0.0008222400210797787,7.994000043254346e-05,-7.423000351991504e-05,0.34950000047683716,0.013500000350177288,0.3630000054836273,0.025499999523162842,0.04024999961256981,0.003000000026077032,-0.0010000000474974513,0.1884775012731552,-0.45378297567367554,0.9017316102981567,-0.9706803560256958,-0.010441653
73,397,-0.09792404966082185,-0.4067057118415191,0.02107595033917814,0.12129428815848092,0.12311173795610274,0.29196615832983663,0.9487985968589783,0.514625608921051,-1.0,0.8860465288162231,0.3084745705127716,0.18862499296665192,-0.1704999953508377,0.013875000178813934,-0.2549999952316284,0.003043430158868432,0.0005253200070001185,9.13600015337579e-05,-7.994000043254346e-05,0.3125,0.014999999664723873,0.32749998569488525,0.02474999986588955,0.030500000342726707,0.004000000189989805,-0.0005000000237487257,-0.7957903146743774,0.682706356048584,-0.33149081468582153,-0.8453155755996704,0.0
74,398,-0.09873680207663577,-0.4070265066613897,0.02026319792336423,0.12097349333861035,0.12265880841027371,0.29329155862367184,0.9350603222846985,0.5140581130981445,-1.0,0.8860465288162231,0.3084745705127716,0.18387499451637268,-0.17024999856948853,0.009750000201165676,-0.2709999978542328,0.00034831001539714634,0.0013761100126430392,7.423000351991504e-05,0.0,0.1509999930858612,0.006500000134110451,0.1574999988079071,0.0044999998062849045,0.05550000071525574,0.0,0.0,0.9651985168457031,0.8646391034126282,0.21235273778438568,0.816554605960846,0.0
75,399,-0.09604636493661284,-0.40720174125962183,0.022953635063387157,0.1207982587403782,0.12295970346959412,0.2924103851828725,0.9331701993942261,0.5135143995285034,-1.0,0.8860465288162231,0.3084745705127716,0.19087499380111694,-0.1704999953508377,0.010874999687075615,-0.25600001215934753,0.003248990047723055,0.002746510086581111,9.13600015337579e-05,7.423000351991504e-05,0.5249999761581421,0.014499999582767487,0.5394999980926514,0.026499999687075615,0.08824999630451202,0.005499999970197678,0.0005000000237487257,-0.7682701945304871,-0.6390256881713867,0.4267756938934326,0.571548581123352,-0.12170553
76,400,-0.09806742378321551,-0.40607863003132455,0.020932576216784488,0.12192136996867547,0.12370526747923927,0.29023838547569575,0.9394270777702332,0.5132173895835876,-1.0,0.8860465288162231,0.3084745705127716,0.19087499380111694,-0.1704999953508377,0.01862500049173832,-0.24537500739097595,0.0026151800993829966,0.0025866301730275154,9.707000572234392e-05,7.423000351991504e-05,0.4555000066757202,0.014999999664723873,0.47049999237060547,0.02225000038743019,0.08550000190734863,0.006000000052154064,0.0005000000237487257,-0.6549952030181885,0.08629051595926285,-0.8369571566581726,0.4110213816165924,-0.074128576
77,401,-0.0955125273255942,-0.4069471707256855,0.02348747267440579,0.12105282927431454,0.12331037607576786,0.29138677786860423,0.934726893901825,0.5151209831237793,-1.0,0.8860465288162231,0.3084745705127716,0.18987500667572021,-0.1704999953508377,0.006000000052154064,-0.23749999701976776,0.0004568000149447471,0.0017929400783032179,7.423000351991504e-05,6.28100024187006e-05,0.19699999690055847,0.012000000104308128,0.20900000631809235,0.005499999970197678,0.06674999743700027,0.0,0.0,0.7368069887161255,0.22082453966140747,0.7742674350738525,-0.9764179587364197,-0.012178916
78,402,-0.09960934403070049,-0.4062378358903916,0.01939065596929951,0.12176216410960844,0.12329648067797778,0.2914272700337054,0.940668523311615,0.5136488676071167,-1.0,0.8860465288162231,0.3084745705127716,0.19187499582767487,-0.1706250011920929,0.017500000074505806,-0.2554999887943268,0.003642980009317398,0.0019299800042062998,9.707000572234392e-05,-7.994000043254346e-05,0.4880000054836273,0.01549999974668026,0.5034999847412109,0.028999999165534973,0.07124999910593033,0.006000000052154064,-0.0005000000237487257,-0.7454630136489868,-0.09970957040786743,-0.7554963231086731,0.9361388087272644,-0.08623516
79,403,-0.09687287762720115,-0.40719072836844694,0.022127122372798846,0.12080927163155308,0.12281893036762366,0.2928223102243813,0.9311410784721375,0.5148511528968811,-1.0,0.8860465288162231,0.3084745705127716,0.19187499582767487,-0.1706250011920929,0.0063749998807907104,-0.2383749932050705,0.003477390157058835,0.0017872300231829286,6.851999933132902e-05,7.994000043254346e-05,0.460999995470047,0.013000000268220901,0.4740000069141388,0.02800000086426735,0.0677499994635582,0.0,0.0002500000118743628,-0.6995806097984314,0.8511919975280762,0.3125648498535156,0.024386517703533173,-0.12844862
80,404,-0.09809880868472506,-0.40643983107590714,0.02090119131527493,0.12156016892409288,0.12334396810242372,0.29128891158306564,0.9375049471855164,0.5132360458374023,-1.0,0.8860465288162231,0.3084745705127716,0.19187499582767487,-0.1706250011920929,0.009624999947845936,-0.2383749932050705,0.0033689001575112343,0.002518109977245331,9.707000572234392e-05,7.994000043254346e-05,0.515500009059906,0.01549999974668026,0.531000018119812,0.027499999850988388,0.08500000089406967,0.004999999888241291,0.0010000000474974513,0.11687605082988739,-0.7903071641921997,-0.2679552137851715,0.3320561945438385,-0.09071832
81,405,-0.09740158619279049,-0.4071923962221772,0.021598413807209504,0.12080760377782285,0.12272313803650432,0.29310294593366704,0.9346539378166199,0.5145087838172913,-1.0,0.8860465288162231,0.3084745705127716,0.19187499582767487,-0.1706250011920929,0.007249999791383743,-0.2318750023841858,0.002974910195916891,0.0024039100389927626,6.851999933132902e-05,7.423000351991504e-05,0.47099998593330383,0.012500000186264515,0.48350000381469727,0.02474999986588955,0.08224999904632568,-0.0002500000118743628,0.0002500000118743628,0.5294964909553528,-0.3752589523792267,0.25184744596481323,0.777442455291748,-0.115423754
82,406,-0.09302954154003132,-0.40699724709174717,0.025970458459968676,0.12100275290825285,0.12375835698649466,0.2900843402415267,0.9362753629684448,0.5132332444190979,-1.0,0.8860465288162231,0.3084745705127716,0.1912499964237213,-0.1706250011920929,0.009750000201165676,-0.2172500044107437,0.0005995500250719488,0.0016330600483343005,9.13600015337579e-05,0.0,0.19550000131130219,0.00800000037997961,0.20350000262260437,0.007249999791383743,0.06350000202655792,0.004000000189989805,0.0,0.6982020139694214,0.5820121765136719,0.9128023982048035,-0.3600950539112091,-0.10910353
83,407,-0.08741787563738157,-0.4068984839250469,0.031582124362618424,0.12110151607495312,0.12515193875808728,0.2860698155662491,0.9464429020881653,0.5135639905929565,-1.0,0.8860465288162231,0.3084745705127716,0.1912499964237213,-0.1706250011920929,0.0253749992698431,-0.21375000476837158,0.002329680137336254,0.0025466601364314556,0.00010278000263497233,7.423000351991504e-05,0.4269999861717224,0.01549999974668026,0.4424999952316284,0.020250000059604645,0.08524999767541885,0.006750000175088644,0.0005000000237487257,0.4160570502281189,0.452252060174942,0.22451262176036835,-0.5763726234436035,-0.18683091
84,408,-0.08920030602683746,-0.4062609116187145,0.02979969397316254,0.1217390883812855,0.1253332653400548,0.2855515649527017,0.9594933390617371,0.5137313604354858,-1.0,0.8860465288162231,0.3084745705127716,0.18925000727176666,-0.1704999953508377,0.029750000685453415,-0.22425000369548798,0.00042254000436514616,0.0017415500478819013,9.13600015337579e-05,0.0,0.18950000405311584,0.00800000037997961,0.19750000536441803,0.005499999970197678,0.06624999642372131,0.0062500000931322575,0.0,0.5813595652580261,0.5672470331192017,-0.061602067202329636,0.3537472188472748,-0.030331837
85,409,-0.11114395276807873,-0.4049939640818621,0.007856047231921265,0.12300603591813791,0.12325665235760873,0.29154336373800877,0.9553481340408325,0.5148119926452637,-1.0,0.8860465288162231,0.3084745705127716,0.19050000607967377,-0.1706250011920929,0.029750000685453415,-0.21799999475479126,0.0029806201346218586,0.0022097700275480747,8.565000462112948e-05,7.423000351991504e-05,0.4544999897480011,0.014000000432133675,0.4684999883174896,0.02474999986588955,0.07824999839067459,0.004000000189989805,0.000750000006519258,0.9015653133392334,-0.8034358024597168,0.10426247119903564,-0.004176115617156029,-0.14015654
86,410,-0.08801884260194598,-0.40663029895578184,0.030981157398054016,0.12136970104421818,0.12526147231006785,0.2857566446810232,0.9043163657188416,0.5169593691825867,-1.0,0.8860465288162231,0.3084745705127716,0.1902499943971634,-0.1706250011920929,0.030750000849366188,-0.21799999475479126,0.0005024800193496048,0.001050640014000237,9.13600015337579e-05,6.28100024187006e-05,0.13600000739097595,0.013500000350177288,0.14949999749660492,0.006500000134110451,0.048250000923871994,0.005750000011175871,0.000750000006519258,0.36086738109588623,0.8240117430686951,0.23777855932712555,-0.4763590693473816,0.0
87,411,-0.09388275064447019,-0.40678819371146174,0.025117249355529808,0.12121180628853828,0.123786825627439,0.29000176892629087,0.9580957293510437,0.514185905456543,-1.0,0.8860465288162231,0.3084745705127716,0.19037500023841858,-0.1706250011920929,0.03449999913573265,-0.22624999284744263,0.002261160174384713,0.002261160174384713,0.00010848999954760075,-7.994000043254346e-05,0.3959999978542328,0.016499999910593033,0.4124999940395355,0.019750000908970833,0.07900000363588333,0.007000000216066837,-0.0005000000237487257,-0.25143423676490784,0.5378079414367676,-0.8852779865264893,0.05646296963095665,-0.036979675
88,412,-0.0981877353891491,-0.4068470615930623,0.020812264610850895,0.12115293840693775,0.12292755933014911,0.29250439309304477,0.9444587230682373,0.5139183402061462,-1.0,0.8860465288162231,0.3084745705127716,0.19037500023841858,-0.1706250011920929,0.021375000476837158,-0.22612500190734863,0.0009706999990157783,0.002649439964443445,6.851999933132902e-05,6.851999933132902e-05,0.31700000166893005,0.012000000104308128,0.32899999618530273,0.010499999858438969,0.08749999850988388,0.0002500000118743628,0.0012499999720603228,-0.036508508026599884,-0.2960427701473236,-0.5903257131576538,-0.7349122762680054,-0.020395724
89,413,-0.09492916868935203,-0.4076368089662481,0.024070831310647967,0.12036319103375193,0.12274649761118697,0.29303448632836226,0.9344471096992493,0.5138185620307922,-1.0,0.8860465288162231,0.3084745705127716,0.19037500023841858,-0.1706250011920929,0.010374999605119228,-0.23912499845027924,0.0008279500179924071,0.0018157800659537315,6.851999933132902e-05,0.0,0.23149999976158142,0.006000000052154064,0.23749999701976776,0.00925000011920929,0.06875000149011612,0.0002500000118743628,-0.0002500000118743628,0.9241251349449158,-0.9301348924636841,-0.04670102149248123,-0.0995001271367073,-0.035940018
90,414,-0.09930130459087622,-0.40993588321572083,0.01969869540912378,0.1180641167842792,0.11969617484645594,0.3021107072556906,0.9420251846313477,0.5124799609184265,-1.0,0.8860465288162231,0.3084745705127716,0.19587500393390656,-0.17100000381469727,0.009624999947845936,-0.23600000143051147,0.004231110215187073,0.0006223900127224624,7.423000351991504e-05,7.994000043254346e-05,0.42500001192092896,0.013500000350177288,0.43849998712539673,0.032749999314546585,0.03474999964237213,0.0,0.0010000000474974513,0.9564226865768433,-0.9466713666915894,-0.8739526867866516,-0.8339043855667114,-0.11353121
91,415,-0.09875909601950034,-0.409992923642349,0.020240903980499658,0.11800707635765101,0.11973038154298299,0.30200738283582684,0.9318574070930481,0.5085832476615906,-1.0,0.8860465288162231,0.3084745705127716,0.20362499356269836,-0.1850000023841858,-0.006874999962747097,-0.25099998712539673,0.0019813701510429382,0.000433959998190403,6.851999933132902e-05,-6.851999933132902e-05,0.21150000393390656,0.012000000104308128,0.22349999845027924,0.017500000074505806,0.027249999344348907,0.0002500000118743628,-0.0002500000118743628,0.9682287573814392,0.20070034265518188,0.3233566880226135,-0.4171305298805237,-0.058930274
92,416,-0.1037956117799787,-0.4114272845606094,0.015204388220021292,0.11657271543939063,0.11756007573176475,0.30863351014281526,0.9331184029579163,0.5084865689277649,-1.0,0.8860465288162231,0.3084745705127716,0.20800000429153442,-0.18562500178813934,-0.002374999923631549,-0.25850000977516174,0.00323757017031312,0.0006623599911108613,9.13600015337579e-05,-7.423000351991504e-05,0.34150001406669617,0.014499999582767487,0.35600000619888306,0.026499999687075615,0.035999998450279236,0.0032500000670552254,-0.000750000006519258,-0.14932700991630554,-0.6248912811279297,-0.9792482852935791,-0.11400031298398972,0.0
93,417,-0.0991393107831765,-0.41413424071376115,0.01986068921682349,0.11386575928623888,0.1155848524418271,0.3147903162778365,0.921405553817749,0.506055474281311,-1.0,0.8860465288162231,0.3084745705127716,0.20925000309944153,-0.19050000607967377,-0.01887499913573265,-0.2606250047683716,0.0020784400403499603,0.0003368900215718895,0.0,-6.851999933132902e-05,0.21150000393390656,0.006000000052154064,0.2175000011920929,0.01850000023841858,0.02250000089406967,-0.0002500000118743628,-0.000750000006519258,0.4918162226676941,-0.9219983816146851,0.9703337550163269,0.348746120929718,-0.033352934
94,418,-0.09713456275331828,-0.4137322543452865,0.021865437246681718,0.11426774565471354,0.11634094310688255,0.3124191913051411,0.9322341680526733,0.5014674067497253,-1.0,0.8860465288162231,0.3084745705127716,0.21674999594688416,-0.2043749988079071,-0.001500000013038516,-0.25475001335144043,0.0011077399831265211,0.00022269001055974513,7.423000351991504e-05,6.851999933132902e-05,0.11649999767541885,0.012500000186264515,0.1289999932050705,0.011500000022351742,0.01575000025331974,0.0012499999720603228,0.0005000000237487257,0.11033790558576584,0.553522527217865,0.3517262041568756,0.6291061639785767,-0.0007723652
95,419,-0.10320539481283564,-0.4164985056528237,0.015794605187164357,0.11150149434717632,0.1126146206967452,0.3242805616194549,0.9368963837623596,0.5021487474441528,-1.0,0.8860465288162231,0.3084745705127716,0.21674999594688416,-0.2043749988079071,0.004749999847263098,-0.24262499809265137,0.0016216400545090437,0.0007023300277069211,7.423000351991504e-05,3.997000021627173e-05,0.20350000262260437,0.009999999776482582,0.2134999930858612,0.015250000171363354,0.0364999994635582,0.0017500000540167093,-0.0002500000118743628,0.7759031653404236,-0.781519889831543,-0.7040810585021973,-0.8697695136070251,-0.13488995
96,420,-0.09970034923099258,-0.416960915196423,0.019299650769007415,0.11103908480357705,0.11270383699689032,0.3239913795182552,0.9227781295776367,0.49746015667915344,-1.0,0.8860465288162231,0.3084745705127716,0.22962500154972076,-0.21412500739097595,-0.007499999832361937,-0.23925000429153442,0.0018043600721284747,0.000433959998190403,0.0,6.851999933132902e-05,0.19599999487400055,0.006000000052154064,0.20200000703334808,0.016499999910593033,0.026750000193715096,0.0,0.0005000000237487257,0.3033874034881592,0.9443576335906982,-0.9169418215751648,0.9731993675231934,-0.15233225
97,421,-0.09737255752369667,-0.41724305899658704,0.021627442476303327,0.11075694100341299,0.11284877601684173,0.3235221297332215,0.93092942237854,0.49667641520500183,-1.0,0.8860465288162231,0.3084745705127716,0.23025000095367432,-0.21412500739097595,-0.004749999847263098,-0.22100000083446503,0.0023753601126372814,0.0015930900117382407,7.994000043254346e-05,6.851999933132902e-05,0.3474999964237213,0.013000000268220901,0.3605000078678131,0.020749999210238457,0.06199999898672104,0.0020000000949949026,0.0002500000118743628,-0.8658429384231567,-0.14751309156417847,0.6731057167053223,-0.9497721195220947,-0.040084295
98,422,-0.09624578315134658,-0.41756897153237926,0.02275421684865342,0.11043102846762076,0.11275090435474125,0.3238389212181126,0.9363428950309753,0.49619820713996887,-1.0,0.8860465288162231,0.3084745705127716,0.22975000739097595,-0.21412500739097595,0.007375000044703484,-0.23849999904632568,0.00032546999864280224,0.001387530006468296,8.565000462112948e-05,0.0,0.15000000596046448,0.007499999832361937,0.1574999988079071,0.0044999998062849045,0.05649999901652336,0.002749999985098839,-0.0002500000118743628,0.2690766751766205,0.03929256275296211,0.2552274167537689,0.3828825056552887,-0.0018835366
99,423,-0.08998893665648589,-0.41613590999297295,0.02901106334351411,0.11186409000702707,0.11556477157603715,0.31485353524601367,0.9389632940292358,0.49564582109451294,-1.0,0.8860465288162231,0.3084745705127716,0.22975000739097595,-0.21412500739097595,0.011500000022351742,-0.2316250056028366,0.0014046600554138422,0.0014217899879440665,9.13600015337579e-05,6.851999933132902e-05,0.2475000023841858,0.014000000432133675,0.2615000009536743,0.013749999925494194,0.057750001549720764,0.004000000189989805,0.0002500000118743628,-0.9886125922203064,-0.4835070073604584,0.9770877957344055,0.09609454870223999,-0.00692029
100,424,-0.09238874779597805,-0.41785017922742607,0.02661125220402194,0.11014982077257396,0.11331876173033407,0.3220051894370896,0.9535140991210938,0.4980747401714325,-1.0,0.8860465288162231,0.3084745705127716,0.21787500381469727,-0.21375000476837158,0.03087499924004078,-0.22987499833106995,0.00022269001055974513,0.0007765600457787514,7.423000351991504e-05,6.851999933132902e-05,0.08749999850988388,0.012500000186264515,0.10000000149011612,0.0032500000670552254,0.039000000804662704,0.0017500000540167093,0.0002500000118743628,0.7694204449653625,-0.7926344871520996,-0.30760592222213745,-0.9822018146514893,0.0
101,425,-0.09610190476949237,-0.4182395881322355,0.02289809523050762,0.10976041186776453,0.11212346221271755,0.32587721093944744,0.9479331374168396,0.49516919255256653,-1.0,0.8860465288162231,0.3084745705127716,0.226624995470047,-0.2175000011920929,0.025875000283122063,-0.24812500178813934,0.0015302799874916673,0.00023982000129763037,6.851999933132902e-05,0.0,0.1550000011920929,0.006000000052154064,0.16099999845027924,0.014499999582767487,0.017000000923871994,0.0002500000118743628,0.0,0.9647111296653748,0.3015834093093872,-0.25408169627189636,0.8362584114074707,-0.00675298
102,426,-0.09250197007418176,-0.4188977116143693,0.026498029925818234,0.10910228838563074,0.11227401712297862,0.3253869559410469,0.9392979145050049,0.49450916051864624,-1.0,0.8860465288162231,0.3084745705127716,0.23887500166893005,-0.21837499737739563,0.021124999970197678,-0.23262499272823334,0.0028550000861287117,0.0005024800193496048,7.423000351991504e-05,7.423000351991504e-05,0.2939999997615814,0.013000000268220901,0.3070000112056732,0.023499999195337296,0.029999999329447746,0.0002500000118743628,0.0002500000118743628,0.5837751626968384,0.03452945500612259,0.28345468640327454,0.9492586255073547,-0.05379827
103,427,-0.08813820297436886,-0.421848378047963,0.030861797025631132,0.10615162195203703,0.11054690117185305,0.33105557687976905,0.9476698637008667,0.4933937191963196,-1.0,0.8860465288162231,0.3084745705127716,0.23887500166893005,-0.21837499737739563,0.023874999955296516,-0.2150000035762787,0.0035915900953114033,0.0005367400008253753,9.707000572234392e-05,7.994000043254346e-05,0.36149999499320984,0.01549999974668026,0.37700000405311584,0.02850000001490116,0.03125,0.005249999929219484,0.0005000000237487257,0.06479144841432571,-0.8589195013046265,0.9506933689117432,-0.2346278429031372,-0.016144976
104,428,-0.091113990314005,-0.42134842260859684,0.027886009685995,0.10665157739140319,0.11023696519898336,0.3320832289117342,0.9578181505203247,0.48839259147644043,-1.0,0.8860465288162231,0.3084745705127716,0.24412499368190765,-0.23025000095367432,0.042374998331069946,-0.21899999678134918,0.0016787400236353278,0.00034831001539714634,8.565000462112948e-05,-7.423000351991504e-05,0.17749999463558197,0.014000000432133675,0.1914999932050705,0.01549999974668026,0.023000000044703484,0.0037499999161809683,-0.0002500000118743628,0.72617506980896,0.6719266176223755,-0.7043725252151489,-0.4122316241264343,-0.005083227
105,429,-0.08904311612035148,-0.4211688768568184,0.02995688387964851,0.1068311231431816,0.110951808294468,0.3297178194344666,0.9508976936340332,0.48923996090888977,-1.0,0.8860465288162231,0.3084745705127716,0.2516250014305115,-0.23100000619888306,0.030750000849366188,-0.22624999284744263,0.003180470084771514,0.0010963199893012643,6.851999933132902e-05,-7.994000043254346e-05,0.37450000643730164,0.013000000268220901,0.38749998807907104,0.025750000029802322,0.0494999997317791,0.000750000006519258,-0.0010000000474974513,-0.6878116726875305,-0.34465351700782776,0.504591166973114,-0.7833993434906006,-0.009629363
106,430,-0.09480883656538722,-0.4211469767146766,0.024191163434612778,0.10685302328532342,0.10955720411517454,0.33434829125198706,0.95571368932724,0.4895442724227905,-1.0,0.8860465288162231,0.3084745705127716,0.25049999356269836,-0.23087500035762787,0.03750000149011612,-0.24124999344348907,0.0005024800193496048,0.0007023300277069211,0.00010278000263497233,0.0,0.1054999977350235,0.008999999612569809,0.1145000010728836,0.006000000052154064,0.0364999994635582,0.006000000052154064,-0.0002500000118743628,0.6684737801551819,0.7277056574821472,-0.9925245046615601,-0.3843104839324951,-0.08134762
107,431,-0.09096887771768544,-0.4217311915199576,0.028031122282314552,0.10626880848004244,0.10990360991420624,0.33319209310700676,0.9423050284385681,0.4895814061164856,-1.0,0.8860465288162231,0.3084745705127716,0.2512499988079071,-0.23100000619888306,0.02187499962747097,-0.23800000548362732,0.0031747601460665464,0.0016501900972798467,6.851999933132902e-05,7.423000351991504e-05,0.42250001430511475,0.012500000186264515,0.4350000023841858,0.026000000536441803,0.06400000303983688,0.0002500000118743628,0.000750000006519258,0.7240509986877441,-0.10638879239559174,0.8650928139686584,0.7045269012451172,-0.115405105
108,432,-0.08494059260741171,-0.4211475993912572,0.03405940739258828,0.10685240060874285,0.11214935910554981,0.32579282979388463,0.9512351751327515,0.48859119415283203,-1.0,0.8860465288162231,0.3084745705127716,0.2512499988079071,-0.23100000619888306,0.0351249985396862,-0.22462500631809235,0.001022089971229434,0.001513150054961443,0.00010278000263497233,6.28100024187006e-05,0.22200000286102295,0.014499999582767487,0.23649999499320984,0.009999999776482582,0.06024999916553497,0.006000000052154064,0.0002500000118743628,0.7219109535217285,0.18256418406963348,0.6050492525100708,-0.861738920211792,-0.13953678
109,433,-0.08781299396418218,-0.4217513101910039,0.03118700603581781,0.1062486898089961,0.11073126672989164,0.3304457867122857,0.9652544260025024,0.48958033323287964,-1.0,0.8860465288162231,0.3084745705127716,0.25200000405311584,-0.23112499713897705,0.045249998569488525,-0.22112500667572021,0.0040483903139829636,0.001764390035532415,0.00011420000373618677,7.994000043254346e-05,0.5090000033378601,0.017000000923871994,0.5260000228881836,0.03175000101327896,0.06724999845027924,0.008249999955296516,0.000750000006519258,-0.9374279379844666,-0.6828896999359131,0.3678370714187622,-0.058977507054805756,-0.14533842
110,434,-0.0877992563121261,-0.4210777596696983,0.0312007436878739,0.10692224033030173,0.11138155989178462,0.32830389220235107,0.9585744142532349,0.4885571002960205,-1.0,0.8860465288162231,0.3084745705127716,0.25200000405311584,-0.23112499713897705,0.051624998450279236,-0.22112500667572021,0.0037057900335639715,0.0016159299993887544,0.00014275001012720168,-8.565000462112948e-05,0.4659999907016754,0.019999999552965164,0.4860000014305115,0.029500000178813934,0.06350000202655792,0.00925000011920929,-0.0012499999720603228,0.7220795154571533,0.7401077747344971,-0.16469068825244904,-0.08712642639875412,-0.09438954
111,435,-0.08178278347552922,-0.42227484516198,0.03721721652447077,0.10572515483802003,0.11208447515759107,0.3260042856370526,0.9586063623428345,0.48969870805740356,-1.0,0.8860465288162231,0.3084745705127716,0.25200000405311584,-0.23112499713897705,0.051624998450279236,-0.22287499904632568,0.0033289301209151745,0.0028093201108276844,8.565000462112948e-05,-7.994000043254346e-05,0.5375000238418579,0.014499999582767487,0.5519999861717224,0.027249999344348907,0.09125000238418579,0.0032500000670552254,-0.0010000000474974513,0.7838370203971863,-0.2647257447242737,0.7217063903808594,0.5868207216262817,-0.10380628
112,436,-0.08511831530208055,-0.42183744717192306,0.03388168469791944,0.10616255282807696,0.11143812714212072,0.328118232234106,0.9725981950759888,0.48766976594924927,-1.0,0.8860465288162231,0.3084745705127716,0.25200000405311584,-0.23112499713897705,0.061250001192092896,-0.21275000274181366,0.0030148799996823072,0.0026665700133889914,0.00013703999866265804,7.423000351991504e-05,0.4975000023841858,0.01850000023841858,0.515999972820282,0.02500000037252903,0.0885000005364418,0.010999999940395355,0.000750000006519258,0.1072523221373558,0.7360278367996216,-0.6638704538345337,0.7897109985351562,-0.17732802
113,437,-0.08829396845886894,-0.4219493016762957,0.03070603154113105,0.10605069832370434,0.11040657130782697,0.33152047283829716,0.9648411273956299,0.4884110987186432,-1.0,0.8860465288162231,0.3084745705127716,0.25187501311302185,-0.23112499713897705,0.05400000140070915,-0.19762499630451202,0.0008393700118176639,0.001878590090200305,6.851999933132902e-05,3.425999966566451e-05,0.23800000548362732,0.008999999612569809,0.24699999392032623,0.00925000011920929,0.06975000351667404,0.000750000006519258,0.0,0.284675270318985,-0.9558425545692444,-0.002896926598623395,0.47593894600868225,-0.003985453
114,438,-0.09286633081514145,-0.422101245740601,0.026133669184858543,0.10589875425939904,0.10907572974202928,0.33596197420903273,0.9574558734893799,0.48822152614593506,-1.0,0.8860465288162231,0.3084745705127716,0.25187501311302185,-0.23237499594688416,0.05400000140070915,-0.1888750046491623,0.002049890113994479,0.000673780043143779,7.423000351991504e-05,6.28100024187006e-05,0.23849999904632568,0.012000000104308128,0.25049999356269836,0.0182499997317791,0.0364999994635582,0.000750000006519258,0.0002500000118743628,0.9894641637802124,0.943457841873169,-0.986440896987915,0.6742017269134521,-0.12673753
115,439,-0.09277795106398126,-0.4219477666021643,0.026222048936018733,0.1060522333978357,0.10924592467946793,0.3353906702403308,0.946822464466095,0.487964004278183,-1.0,0.8860465288162231,0.3084745705127716,0.2537499964237213,-0.23250000178813934,0.035624999552965164,-0.17662499845027924,0.0037057900335639715,0.0012390700867399573,7.423000351991504e-05,7.994000043254346e-05,0.43299999833106995,0.013500000350177288,0.4465000033378601,0.029500000178813934,0.054249998182058334,0.000750000006519258,0.0010000000474974513,0.6960991621017456,-0.639404833316803,0.19022563099861145,0.7848086953163147,-0.0826933
116,440,-0.08817636368598952,-0.4228788476306155,0.030823636314010472,0.10512115236938452,0.10954703661480643,0.33438228784400337,0.9470280408859253,0.4882241189479828,-1.0,0.8860465288162231,0.3084745705127716,0.2537499964237213,-0.23274999856948853,0.036375001072883606,-0.16187499463558197,0.0037457600701600313,0.0005196100100874901,0.00011420000373618677,7.994000043254346e-05,0.3734999895095825,0.017000000923871994,0.390500009059906,0.029750000685453415,0.03099999949336052,0.0062500000931322575,0.000750000006519258,0.3853967785835266,0.4043094217777252,0.36299940943717957,-0.562340497970581,-0.053357616
117,441,-0.09274247664898436,-0.4217901055320592,0.026257523351015638,0.10620989446794082,0.10940749158727778,0.33484922741933376,0.9577293992042542,0.48664602637290955,-1.0,0.8860465288162231,0.3084745705127716,0.2537499964237213,-0.23274999856948853,0.04287499934434891,-0.17162500321865082,0.0034317101817578077,0.0009649900021031499,0.00010848999954760075,-7.994000043254346e-05,0.38499999046325684,0.016499999910593033,0.40149998664855957,0.02775000035762787,0.04600000008940697,0.006750000175088644,-0.000750000006519258,0.5508639812469482,-0.28113609552383423,-0.4996321201324463,-0.6217857599258423,-0.07321368
118,442,-0.09599695325473853,-0.42211980784109093,0.023003046745261463,0.10588019215890909,0.1083501511358992,0.33840850744607803,0.9471105337142944,0.48849135637283325,-1.0,0.8860465288162231,0.3084745705127716,0.2537499964237213,-0.23274999856948853,0.03687499836087227,-0.18312500417232513,0.003151920158416033,0.0006452300003729761,7.423000351991504e-05,-7.994000043254346e-05,0.33250001072883606,0.013500000350177288,0.34599998593330383,0.025750000029802322,0.03550000116229057,0.0002500000118743628,-0.0010000000474974513,-0.4824863076210022,-0.217427596449852,-0.6093015670776367,-0.175517737865448,-0.008748633
119,443,-0.09772240949836053,-0.42173984989961116,0.021277590501639465,0.10626015010038886,0.10836953149715389,0.33834292900969265,0.9395419955253601,0.4879325330257416,-1.0,0.8860465288162231,0.3084745705127716,0.2537499964237213,-0.2328750044107437,0.0253749992698431,-0.18649999797344208,0.0010620600078254938,0.00044538002111949027,7.423000351991504e-05,-6.851999933132902e-05,0.13199999928474426,0.012500000186264515,0.1445000022649765,0.010999999940395355,0.02775000035762787,0.0005000000237487257,-0.000750000006519258,-0.33611345291137695,-0.02807130105793476,-0.6280035972595215,-0.6915733814239502,-0.0070583853
120,444,-0.10322067304283489,-0.42285550217688844,0.015779326957165107,0.10514449782311158,0.10632192897843527,0.3453422620581386,0.9355292916297913,0.4885765314102173,-1.0,0.8860465288162231,0.3084745705127716,0.2516250014305115,-0.2328750044107437,0.013749999925494194,-0.19962500035762787,0.000433959998190403,0.00042825000127777457,7.423000351991504e-05,0.0,0.0754999965429306,0.006500000134110451,0.0820000022649765,0.005499999970197678,0.026750000193715096,0.0002500000118743628,-0.0002500000118743628,0.9758209586143494,0.886408269405365,-0.9116060137748718,-0.537187397480011,-0.11305318
121,445,-0.10293505208326775,-0.4219147655264673,0.016064947916732242,0.10608523447353274,0.10729473204622741,0.3419990497397023,0.9227426052093506,0.4866856038570404,-1.0,0.8860465288162231,0.3084745705127716,0.25575000047683716,-0.2329999953508377,-0.0032500000670552254,-0.1965000033378601,0.0031918901950120926,0.0014788900734856725,0.0,7.994000043254346e-05,0.4090000092983246,0.007000000216066837,0.41600000858306885,0.026000000536441803,0.05999999865889549,0.0002500000118743628,0.0010000000474974513,-0.7904903292655945,-0.6812347769737244,-0.707694411277771,-0.5286493301391602,-0.1288437
122,446,-0.10372432635284695,-0.42138208477555855,0.015275673647153043,0.10661791522444147,0.10770666670257935,0.34059313484286174,0.9234068393707275,0.4882800579071045,-1.0,0.8860465288162231,0.3084745705127716,0.25437501072883606,-0.2329999953508377,-0.000750000006519258,-0.2057500034570694,0.00044538002111949027,0.0006395200034603477,8.565000462112948e-05,-6.851999933132902e-05,0.0949999988079071,0.013500000350177288,0.10849999636411667,0.005499999970197678,0.03449999913573265,0.002749999985098839,-0.0002500000118743628,-0.2572998106479645,0.857874870300293,-0.038391146808862686,-0.984848141670227,-0.0054032966
123,447,-0.10618879162652531,-0.4215936341638828,0.012811208373474686,0.10640636583611723,0.10717481863963291,0.3424093984331439,0.9215713143348694,0.4891829192638397,-1.0,0.8860465288162231,0.3084745705127716,0.2511250078678131,-0.2328750044107437,-0.0006249999860301614,-0.22425000369548798,0.00035973000922240317,0.0017701000906527042,7.994000043254346e-05,0.0,0.18649999797344208,0.007000000216066837,0.19349999725818634,0.0044999998062849045,0.06624999642372131,0.0012499999720603228,0.0,0.2633005380630493,-0.24950866401195526,-0.551359236240387,0.9781917929649353,-0.005529313
124,448,-0.10217731786783213,-0.4212171877678121,0.016822682132167865,0.10678281223218794,0.10809982248983883,0.3392567020750561,0.9158400297164917,0.48882433772087097,-1.0,0.8860465288162231,0.3084745705127716,0.2511250078678131,-0.2328750044107437,-0.010250000283122063,-0.20600000023841858,0.0012276499764993787,0.0013704000739380717,-5.7100001868093386e-05,0.0,0.22750000655651093,0.004999999888241291,0.23250000178813934,0.012249999679625034,0.05700000002980232,0.0,0.0,-0.4176613688468933,0.013164355419576168,0.03409343957901001,-0.860059916973114,-0.13773225
125,449,-0.09914840052967111,-0.42195529357682465,0.019851599470328885,0.10604470642317537,0.10788681922231193,0.3399801000929805,0.925169050693512,0.48946240544319153,-1.0,0.8860465288162231,0.3084745705127716,0.24924999475479126,-0.23262499272823334,-0.009875000454485416,-0.20225000381469727,0.00029121001716703176,0.0013761100126430392,7.423000351991504e-05,5.7100001868093386e-05,0.1459999978542328,0.011500000022351742,0.1574999988079071,0.0037499999161809683,0.05674999952316284,0.0005000000237487257,0.0,0.676910400390625,0.9531125426292419,0.6384330987930298,0.3967936933040619,-0.014215124
126,450,-0.10494626005384117,-0.42138132690779273,0.014053739946158827,0.1066186730922073,0.10754091806571686,0.3411581314288314,0.9322130084037781,0.48821136355400085,-1.0,0.8860465288162231,0.3084745705127716,0.25174999237060547,-0.23274999856948853,0.0005000000237487257,-0.19499999284744263,0.0021127001382410526,0.0028664199635386467,8.565000462112948e-05,6.851999933132902e-05,0.4359999895095825,0.013500000350177288,0.4494999945163727,0.01875000074505806,0.0925000011920929,0.0035000001080334187,0.0002500000118743628,0.9009518623352051,-0.817115843296051,-0.6311380863189697,-0.032200586050748825,-0.10658903
127,451,-0.10465831338989845,-0.4220948840385716,0.014341686610101545,0.10590511596142843,0.10687178094158424,0.3434486017857506,0.9187296032905579,0.4891842007637024,-1.0,0.8860465288162231,0.3084745705127716,0.2542499899864197,-0.2328750044107437,-0.00937500037252903,-0.19499999284744263,0.00319760013371706,0.0020213399548083544,-6.851999933132902e-05,-7.994000043254346e-05,0.4569999873638153,0.013000000268220901,0.4699999988079071,0.026000000536441803,0.07400000095367432,-0.0002500000118743628,-0.000750000006519258,-0.7118576765060425,-0.343174546957016,0.1622762829065323,-0.7590304613113403,-0.014949012
128,452,-0.10337243519674705,-0.42086510803388016,0.015627564803252947,0.10713489196611986,0.10826867440895378,0.33868434397767944,0.9193992614746094,0.48797476291656494,-1.0,0.8860465288162231,0.3084745705127716,0.2537499964237213,-0.2328750044107437,-0.007625000085681677,-0.2094999998807907,0.0005024800193496048,0.0015188599936664104,8.565000462112948e-05,0.0,0.1770000010728836,0.007499999832361937,0.18449999392032623,0.006000000052154064,0.061250001192092896,0.0022499999031424522,0.0,-0.6226628422737122,0.6064441800117493,-0.6308051943778992,-0.9949957728385925,-0.15909061
129,453,-0.10384058411166264,-0.42094449421142055,0.015159415888337358,0.10705550578857947,0.1081234905546623,0.3391764160803364,0.9223896861076355,0.49005913734436035,-1.0,0.8860465288162231,0.3084745705127716,0.24562500417232513,-0.23237499594688416,-0.017875000834465027,-0.2058749943971634,0.000308340007904917,0.00244959001429379,-7.423000351991504e-05,6.28100024187006e-05,0.24150000512599945,0.012000000104308128,0.2535000145435333,0.004000000189989805,0.08275000005960464,-0.000750000006519258,0.0002500000118743628,-0.3418635129928589,-0.06479040533304214,-0.8610444068908691,0.05146006867289543,-0.050700095
130,454,-0.10465518976780008,-0.42214518449686234,0.014344810232199912,0.10585481550313769,0.10682235508451003,0.343618396158498,0.9213009476661682,0.4899245798587799,-1.0,0.8860465288162231,0.3084745705127716,0.24137499928474426,-0.23199999332427979,-0.03437500074505806,-0.2058749943971634,0.00019414001144468784,0.0016102200606837869,0.0,6.851999933132902e-05,0.15800000727176666,0.006000000052154064,0.164000004529953,0.0024999999441206455,0.06324999779462814,0.0,0.0020000000949949026,0.9099194407463074,-0.6217874884605408,0.21334205567836761,-0.9551522731781006,-0.019108314
131,455,-0.10277255252470868,-0.4221106732299066,0.016227447475291312,0.10588932677009344,0.10712553185579507,0.34257820260884747,0.919406533241272,0.48788952827453613,-1.0,0.8860465288162231,0.3084745705127716,0.24774999916553497,-0.23250000178813934,-0.030375000089406967,-0.2227499932050705,0.0019699500408023596,0.0008051100303418934,1.7129999832832254e-05,0.0,0.24300000071525574,0.001500000013038516,0.24449999630451202,0.016499999910593033,0.04100000113248825,0.0,0.0,0.24166738986968994,-0.024494977667927742,0.9712295532226562,-0.7725293040275574,-0.13422108
132,456,-0.0998607951279088,-0.42179067492846356,0.019139204872091198,0.10620932507153646,0.10792001619387936,0.3398672557273101,0.9237847328186035,0.4879480004310608,-1.0,0.8860465288162231,0.3084745705127716,0.24787500500679016,-0.23250000178813934,-0.012875000014901161,-0.21924999356269836,0.002323969965800643,0.0007822700426913798,7.423000351991504e-05,7.423000351991504e-05,0.2720000147819519,0.013000000268220901,0.2849999964237213,0.019750000908970833,0.04024999961256981,0.0012499999720603228,0.0005000000237487257,0.8445099592208862,0.6145250797271729,0.6588895320892334,-0.8968759775161743,-0.123950996
133,457,-0.10091686298735647,-0.42140391625448814,0.018083137012643524,0.10659608374551188,0.10811903122992834,0.33919154139539137,0.9305562973022461,0.48849037289619446,-1.0,0.8860465288162231,0.3084745705127716,0.24774999916553497,-0.23250000178813934,-0.0012499999720603228,-0.2356249988079071,0.00041112001053988934,0.0016102200606837869,7.994000043254346e-05,0.0,0.1770000010728836,0.007000000216066837,0.18400000035762787,0.005249999929219484,0.06324999779462814,0.0024999999441206455,-0.0002500000118743628,0.4370059669017792,0.17351727187633514,-0.3182491958141327,-0.9954792857170105,-0.15447007
134,458,-0.09985141520025675,-0.4220524248193394,0.01914858479974324,0.10594757518066061,0.10766409330178141,0.34073816779378785,0.9281003475189209,0.4891459047794342,-1.0,0.8860465288162231,0.3084745705127716,0.24774999916553497,-0.23250000178813934,-0.005874999798834324,-0.23225000500679016,0.002015630016103387,0.0018557501025497913,0.0,7.423000351991504e-05,0.33899998664855957,0.006500000134110451,0.34549999237060547,0.017999999225139618,0.06975000351667404,0.0,0.0005000000237487257,0.8886340856552124,-0.7020171880722046,0.78451007604599,-0.6328964233398438,-0.065946974
135,459,-0.10191204138950072,-0.42341220246155903,0.017087958610499276,0.104587797538441,0.10597455224447075,0.3465439867766746,0.9305781126022339,0.4880467355251312,-1.0,0.8860465288162231,0.3084745705127716,0.2516250014305115,-0.23274999856948853,0.007249999791383743,-0.2433750033378601,0.0027122499886900187,0.0008964700391516089,8.565000462112948e-05,-7.423000351991504e-05,0.3160000145435333,0.014000000432133675,0.33000001311302185,0.022749999538064003,0.04399999976158142,0.003000000026077032,-0.000750000006519258,0.5211899876594543,-0.9880388379096985,-0.8513482809066772,0.8743088245391846,-0.04441965
136,460,-0.10209961601334333,-0.42538041892857786,0.016900383986656664,0.10261958107142216,0.10400192978099314,0.35344786112332216,0.9257859587669373,0.4857420325279236,-1.0,0.8860465288162231,0.3084745705127716,0.25712499022483826,-0.24025000631809235,-0.00712500000372529,-0.22750000655651093,0.001975659979507327,0.00033117999555543065,0.0,6.851999933132902e-05,0.20200000703334808,0.006000000052154064,0.20800000429153442,0.017249999567866325,0.02199999988079071,0.0,0.0002500000118743628,0.9727475643157959,-0.24336357414722443,-0.14525742828845978,0.1395571231842041,-0.112716325
137,461,-0.10470683763390015,-0.42577997457702405,0.014293162366099843,0.10222002542297598,0.10321447615474076,0.3562420862976268,0.9253497123718262,0.4824060797691345,-1.0,0.8860465288162231,0.3084745705127716,0.26374998688697815,-0.24650000035762787,-0.004124999977648258,-0.2251249998807907,0.002061309991404414,0.0003939900198020041,7.994000043254346e-05,7.423000351991504e-05,0.2150000035762787,0.013500000350177288,0.22849999368190765,0.017999999225139618,0.025499999523162842,0.001500000013038516,0.0005000000237487257,0.031816378235816956,-0.43053138256073,-0.28525084257125854,0.07175861299037933,-0.000668144
138,462,-0.10189688571339228,-0.4266456376163241,0.017103114286607712,0.1013543623836759,0.10278727203551158,0.3577672225676829,0.9192864298820496,0.48172885179519653,-1.0,0.8860465288162231,0.3084745705127716,0.265749990940094,-0.25062501430511475,-0.008624999783933163,-0.2241249978542328,0.001570250024087727,0.00025695000658743083,0.0,6.851999933132902e-05,0.1599999964237213,0.006000000052154064,0.16599999368190765,0.014750000089406967,0.017750000581145287,0.0,0.0010000000474974513,0.23007138073444366,0.15096861124038696,-0.2248898446559906,-0.9009169340133667,-0.056784585
139,463,-0.09787163894014358,-0.4290390631812806,0.02112836105985641,0.09896093681871942,0.1011912775742763,0.36352297620373064,0.9258211851119995,0.4802616238594055,-1.0,0.8860465288162231,0.3084745705127716,0.26750001311302185,-0.25087499618530273,-0.005874999798834324,-0.24037499725818634,0.0020670201629400253,0.0003768599999602884,7.994000043254346e-05,0.0,0.21400000154972076,0.007000000216066837,0.22100000083446503,0.017999999225139618,0.023749999701976776,0.0020000000949949026,-0.0002500000118743628,0.1577237993478775,-0.9458456635475159,0.9236303567886353,-0.899056077003479,-0.1407358
140,464,-0.10097445927220611,-0.42891226210412775,0.018025540727793887,0.09908773789587227,0.10071395096931923,0.36526231594752157,0.9351822137832642,0.4762049913406372,-1.0,0.8860465288162231,0.3084745705127716,0.273375004529953,-0.26337501406669617,0.011500000022351742,-0.2368749976158142,0.0008736300515010953,0.0001884299999801442,8.565000462112948e-05,6.851999933132902e-05,0.09300000220537186,0.013500000350177288,0.10649999976158142,0.00925000011920929,0.013500000350177288,0.0017500000540167093,0.0002500000118743628,0.3161494731903076,0.14171573519706726,-0.8620857000350952,-0.9819514155387878,-0.006639141
141,465,-0.10106996476115354,-0.431834572521057,0.017930035238846453,0.09616542747894302,0.09782267429320324,0.375977212330796,0.9279663562774658,0.4764198958873749,-1.0,0.8860465288162231,0.3084745705127716,0.2757500112056732,-0.26362499594688416,-0.0037499999161809683,-0.2551249861717224,0.0014389200368896127,0.00028550002025440335,0.0,0.0,0.1509999930858612,0.0,0.1509999930858612,0.013749999925494194,0.01924999989569187,0.0,0.0,0.44907739758491516,-0.70646071434021,-0.7203599810600281,-0.9804814457893372,-0.26341772
142,466,-0.10557282119130065,-0.4331900637545912,0.013427178808699342,0.09480993624540884,0.09575600838390912,0.38382825316022046,0.9277442693710327,0.4714668393135071,-1.0,0.8860465288162231,0.3084745705127716,0.2842499911785126,-0.27412500977516174,-0.0006249999860301614,-0.25174999237060547,0.0009764100541360676,0.00019414001144468784,7.994000043254346e-05,6.851999933132902e-05,0.10249999910593033,0.013000000268220901,0.11550000309944153,0.009999999776482582,0.014000000432133675,0.0012499999720603228,0.000750000006519258,0.17043060064315796,-0.4935997426509857,-0.9677759408950806,-0.5960904359817505,-0.0035790429
143,467,-0.1055710897544419,-0.43293958716136455,0.01342891024555809,0.09506041283863548,0.09600425886092277,0.38287657944685377,0.9172725081443787,0.46916937828063965,-1.0,0.8860465288162231,0.3084745705127716,0.2876250147819519,-0.2798750102519989,-0.018124999478459358,-0.26249998807907104,0.0007537199999205768,0.00010848999954760075,6.28100024187006e-05,0.0,0.0754999965429306,0.005499999970197678,0.08100000023841858,0.008249999955296516,0.007000000216066837,0.0,0.0,0.8320389986038208,0.9500148296356201,-0.5487145185470581,-0.9549614787101746,-0.15956278
144,468,-0.10905598148823448,-0.43367493332822377,0.009944018511765518,0.09432506667177626,0.09484778177056842,0.38733016206731713,0.9172765612602234,0.46959391236305237,-1.0,0.8860465288162231,0.3084745705127716,0.29499998688697815,-0.2796249985694885,-0.02837499976158142,-0.2591249942779541,0.0020384700037539005,0.000867919996380806,0.0,7.423000351991504e-05,0.25450000166893005,0.006500000134110451,0.26100000739097595,0.017999999225139618,0.041999999433755875,0.0,0.000750000006519258,0.7149093151092529,-0.5220853090286255,-0.15080827474594116,-0.8079452514648438,-0.09524646
145,469,-0.11011499941345801,-0.4334563113565046,0.008885000586541986,0.09454368864349544,0.09496026694223779,0.38689471802049386,0.9091721177101135,0.46834757924079895,-1.0,0.8860465288162231,0.3084745705127716,0.29750001430511475,-0.2797499895095825,-0.02462499961256981,-0.2737500071525574,0.0027979000005871058,0.00034260001848451793,3.425999966566451e-05,-7.423000351991504e-05,0.2750000059604645,0.009499999694526196,0.28450000286102295,0.023000000044703484,0.022749999538064003,0.0,-0.0002500000118743628,-0.40821942687034607,0.4329398572444916,-0.27648767828941345,0.6390724182128906,-0.067465656
146,470,-0.10429798339620022,-0.433949080531982,0.014702016603799772,0.09405091946801802,0.0951930918974587,0.3859949783821539,0.9067093133926392,0.46871811151504517,-1.0,0.8860465288162231,0.3084745705127716,0.29750001430511475,-0.2797499895095825,-0.020999999716877937,-0.2619999945163727,0.00107919005677104,0.0007765600457787514,7.423000351991504e-05,5.7100000958598685e-06,0.16249999403953552,0.007000000216066837,0.16949999332427979,0.010999999940395355,0.038750000298023224,0.0002500000118743628,0.0,0.03868674859404564,-0.6611266732215881,0.6884477138519287,-0.32078784704208374,-0.06346945
147,471,-0.10512249556718872,-0.43614307485940995,0.013877504432811272,0.09185692514059007,0.09289929938146285,0.3949512285164296,0.9202372431755066,0.46788290143013,-1.0,0.8860465288162231,0.3084745705127716,0.29750001430511475,-0.28162500262260437,-0.008750000037252903,-0.25850000977516174,0.0012162299826741219,0.0002512400096748024,7.994000043254346e-05,6.851999933132902e-05,0.12849999964237213,0.013000000268220901,0.14149999618530273,0.012000000104308128,0.017750000581145287,0.001500000013038516,0.0005000000237487257,0.6063686609268188,-0.5995889902114868,-0.3348086178302765,-0.19946089386940002,-0.012733745
148,472,-0.0988710047144275,-0.4388399497569671,0.020128995285572493,0.08916005024303292,0.0914039988761255,0.40090131117462763,0.9183197617530823,0.46416428685188293,-1.0,0.8860465288162231,0.3084745705127716,0.3059999942779541,-0.2927500009536743,-0.01412499975413084,-0.2616249918937683,0.001347560086287558,0.00025695000658743083,0.0,-7.423000351991504e-05,0.1404999941587448,0.006500000134110451,0.1469999998807907,0.012749999761581421,0.017750000581145287,-0.0002500000118743628,-0.0005000000237487257,0.23793049156665802,-0.7479135394096375,0.9573171734809875,-0.8886950016021729,-0.0049965414
149,473,-0.11328121859765988,-0.4401582889572698,0.005718781402340112,0.0878417110427302,0.08802766985239505,0.4146681577390146,0.9328581094741821,0.4595932960510254,-1.0,0.8860465288162231,0.3084745705127716,0.31162500381469727,-0.30387499928474426,0.0031250000465661287,-0.2784999907016754,0.000770850048866123,0.00017130000924225897,7.994000043254346e-05,0.0,0.08250000327825546,0.007000000216066837,0.08950000256299973,0.008500000461935997,0.012000000104308128,0.0010000000474974513,0.0,0.9558464884757996,0.9164227247238159,-0.9394468069076538,0.962629497051239,-0.020072782
150,474,-0.10389557207015626,-0.43942002260011653,0.015104427929843733,0.08857997739988349,0.0898585340368499,0.40714522444371465,0.8993459939956665,0.45735883712768555,-1.0,0.8860465288162231,0.3084745705127716,0.320125013589859,-0.30412501096725464,-0.013749999925494194,-0.2606250047683716,0.0021469600033015013,0.0010335100814700127,-3.425999966566451e-05,6.851999933132902e-05,0.2784999907016754,0.008999999612569809,0.2874999940395355,0.019750000908970833,0.04675000160932541,-0.0002500000118743628,0.0002500000118743628,0.6799137592315674,-0.3514308035373688,0.20615343749523163,0.545905590057373,-0.052262254
151,475,-0.10800282643043857,-0.44038733778171313,0.010997173569561425,0.0876126622182869,0.08830014953268595,0.4135398092268686,0.921173095703125,0.4586101174354553,-1.0,0.8860465288162231,0.3084745705127716,0.3216249942779541,-0.30425000190734863,-0.011125000193715096,-0.25075000524520874,0.0029634900856763124,0.0006281000096350908,7.994000043254346e-05,7.423000351991504e-05,0.31450000405311584,0.013500000350177288,0.328000009059906,0.025750000029802322,0.03400000184774399,0.0020000000949949026,0.000750000006519258,-0.16063112020492554,-0.9064322113990784,-0.8360670804977417,-0.8586066365242004,-0.023436887
152,476,-0.10869018389085239,-0.44303775610472834,0.010309816109147607,0.08496224389527168,0.08558548472681608,0.4249197942547051,0.9116213321685791,0.45697060227394104,-1.0,0.8860465288162231,0.3084745705127716,0.3218750059604645,-0.3108749985694885,-0.025750000029802322,-0.26637500524520874,0.0009478600113652647,0.0001884299999801442,0.0,0.0,0.09950000047683716,0.0,0.09950000047683716,0.010499999858438969,0.013500000350177288,0.0,0.0,0.1980334371328354,-0.5696555376052856,0.09260740876197815,0.6697460412979126,-0.017877555
153,477,-0.105933744886405,-0.44571578482653607,0.013066255113594993,0.08228421517346396,0.0833151792256757,0.434677113095724,0.9100228548049927,0.4524783790111542,-1.0,0.8860465288162231,0.3084745705127716,0.32600000500679016,-0.31937500834465027,-0.02199999988079071,-0.2540000081062317,0.0006794900400564075,0.00013703999866265804,0.0,1.7129999832832254e-05,0.07150000333786011,0.001500000013038516,0.0729999989271164,0.00800000037997961,0.00925000011920929,0.0,0.0002500000118743628,0.7736345529556274,-0.7069476842880249,0.43292221426963806,0.47012069821357727,-0.016246332
154,478,-0.10693862209980631,-0.4436540087608136,0.012061377900193682,0.0843459912391864,0.08520400856164098,0.42654385772892645,0.9164331555366516,0.44793933629989624,-1.0,0.8860465288162231,0.3084745705127716,0.33812499046325684,-0.33274999260902405,-0.014375000260770321,-0.24512499570846558,0.0005424499977380037,0.0001484600070398301,7.994000043254346e-05,0.0,0.060499999672174454,0.007000000216066837,0.06750000268220901,0.006500000134110451,0.009499999694526196,0.000750000006519258,0.0,-0.767403781414032,0.9619022607803345,-0.9004604816436768,0.9182618260383606,-0.016115481
155,479,-0.1091964575790996,-0.44476724835690434,0.009803542420900396,0.08323275164309568,0.08380811649285312,0.4325396999942804,0.9140962362289429,0.4514338970184326,-1.0,0.8860465288162231,0.3084745705127716,0.32899999618530273,-0.3252499997615814,-0.03087499924004078,-0.2278749942779541,0.00016558999777771533,0.0005538699915632606,0.0,0.0,0.06300000101327896,0.0,0.06300000101327896,0.0022499999031424522,0.030500000342726707,0.0,-0.0002500000118743628,0.9476528763771057,0.8170452117919922,-0.7020596861839294,0.9913957118988037,-0.13212803
156,480,-0.10875155536206768,-0.444781857374394,0.010248444637932314,0.083218142625606,0.08384682390855641,0.4323723074532752,0.9088454246520996,0.44954702258110046,-1.0,0.8860465288162231,0.3084745705127716,0.33649998903274536,-0.3243750035762787,-0.027124999091029167,-0.2094999998807907,0.0016501900972798467,0.0015188599936664104,4.568000076687895e-05,0.0,0.2775000035762787,0.004000000189989805,0.2815000116825104,0.015250000171363354,0.05925000086426735,0.0,0.0,-0.027005422860383987,-0.04666554555296898,-0.9534582495689392,-0.7288004159927368,-0.25055158
157,481,-0.10780957447049966,-0.44593941849123303,0.011190425529500336,0.082060581508767,0.08282007402247528,0.43683455850491615,0.9098801016807556,0.4495222866535187,-1.0,0.8860465288162231,0.3084745705127716,0.33649998903274536,-0.3243750035762787,-0.023499999195337296,-0.2058749943971634,0.0015474100364372134,0.0014560500858351588,6.851999933132902e-05,6.851999933132902e-05,0.2630000114440918,0.012000000104308128,0.2750000059604645,0.014499999582767487,0.057750001549720764,0.0002500000118743628,0.0002500000118743628,0.8296138048171997,-0.42165401577949524,0.10348435491323471,0.1420213282108307,-0.017421896
158,482,-0.1081156046463761,-0.4456455029280074,0.010884395353623899,0.0823544970719926,0.08307065215944093,0.4357413168908601,0.9120707511901855,0.44756031036376953,-1.0,0.8860465288162231,0.3084745705127716,0.34450000524520874,-0.3246249854564667,-0.02174999937415123,-0.20350000262260437,0.0027236700989305973,0.0008964700391516089,6.851999933132902e-05,7.423000351991504e-05,0.31700000166893005,0.012500000186264515,0.3294999897480011,0.023000000044703484,0.042500000447034836,0.0005000000237487257,0.000750000006519258,-0.19566106796264648,0.24347567558288574,-0.6563395261764526,-0.4561631679534912,-0.0041088834
159,483,-0.10559519967069719,-0.4459691562354706,0.013404800329302802,0.0820308437645294,0.08311887872552846,0.4355312244809484,0.9113590717315674,0.44805845618247986,-1.0,0.8860465288162231,0.3084745705127716,0.34450000524520874,-0.3246249854564667,-0.03375000134110451,-0.21137499809265137,0.0018957200227305293,0.0012105200439691544,0.0,-7.423000351991504e-05,0.2720000147819519,0.006500000134110451,0.2784999907016754,0.017249999567866325,0.051500000059604645,0.0,-0.0005000000237487257,0.8697777986526489,0.25036343932151794,0.20653469860553741,-0.8601750135421753,-0.06177712
160,484,-0.10547636000388322,-0.4457387079163078,0.013523639996116776,0.0822612920836922,0.08336551453702598,0.43445837207408444,0.9172204732894897,0.44750991463661194,-1.0,0.8860465288162231,0.3084745705127716,0.34562501311302185,-0.32475000619888306,-0.030124999582767487,-0.22750000655651093,0.0034374201204627752,0.0015588300302624702,6.851999933132902e-05,-7.423000351991504e-05,0.4375,0.012500000186264515,0.44999998807907104,0.02824999950826168,0.061000000685453415,0.0002500000118743628,-0.0005000000237487257,-0.28077468276023865,-0.8161371946334839,-0.6893316507339478,-0.3219953179359436,-0.026582964
161,485,-0.1098697381150262,-0.44613346837798173,0.00913026188497379,0.08186653162201829,0.08237408986997748,0.4387871222344788,0.9174968600273132,0.4479005038738251,-1.0,0.8860465288162231,0.3084745705127716,0.34575000405311584,-0.32487499713897705,-0.04287499934434891,-0.23325000703334808,0.0031747601460665464,0.0005367400008253753,0.0,-7.423000351991504e-05,0.32499998807907104,0.006500000134110451,0.33149999380111694,0.026000000536441803,0.030750000849366188,0.0,-0.0010000000474974513,0.5934125185012817,-0.8599086999893188,-0.991345226764679,-0.34511733055114746,-0.26157093
162,486,-0.11008267478566697,-0.449007982415186,0.008917325214333027,0.078992017584814,0.07949375781215619,0.45160942435135293,0.9072796702384949,0.4472314119338989,-1.0,0.8860465288162231,0.3084745705127716,0.34599998593330383,-0.3319999873638153,-0.039374999701976776,-0.23999999463558197,0.0010049600386992097,0.0001884299999801442,7.423000351991504e-05,-3.997000021627173e-05,0.10450000315904617,0.009999999776482582,0.1145000010728836,0.01075000036507845,0.013000000268220901,0.0005000000237487257,-0.0002500000118743628,0.777167558670044,-0.6280435919761658,0.5380196571350098,0.6824276447296143,-0.016320521
163,487,-0.10888170410100287,-0.45017778137560654,0.010118295898997126,0.07782221862439348,0.07847724271100863,0.4562235140763046,0.9067844748497009,0.4423593580722809,-1.0,0.8860465288162231,0.3084745705127716,0.3578749895095825,-0.34450000524520874,-0.029249999672174454,-0.22762499749660492,0.0009421500144526362,0.00019985000835731626,7.423000351991504e-05,6.28100024187006e-05,0.10000000149011612,0.012000000104308128,0.1120000034570694,0.009999999776482582,0.014499999582767487,0.0002500000118743628,0.0005000000237487257,0.41783127188682556,-0.4282516539096832,-0.12109463661909103,-0.7776359915733337,-0.008774459
164,488,-0.10951690263232539,-0.4507861588144889,0.009483097367674609,0.07721384118551111,0.07779399980915064,0.45935130187928375,0.9095774292945862,0.4403766393661499,-1.0,0.8860465288162231,0.3084745705127716,0.36375001072883606,-0.35087499022483826,-0.03137499839067459,-0.24175000190734863,0.0010106699774041772,0.0001598800008650869,0.0,0.0,0.10249999910593033,0.0,0.10249999910593033,0.010499999858438969,0.011250000447034836,0.0,-0.0002500000118743628,0.4055640697479248,0.762450098991394,0.17011331021785736,0.16507840156555176,-0.017997215
165,489,-0.109113462907177,-0.45084371012499136,0.009886537092823,0.07715628987500867,0.07778712414637869,0.45938288641155006,0.9081002473831177,0.43934547901153564,-1.0,0.8860465288162231,0.3084745705127716,0.36812499165534973,-0.35074999928474426,-0.02824999950826168,-0.2382500022649765,0.0014046600554138422,0.0008165300241671503,7.994000043254346e-05,6.851999933132902e-05,0.19449999928474426,0.013000000268220901,0.20749999582767487,0.013749999925494194,0.039500001817941666,0.0012499999720603228,0.0002500000118743628,0.41214853525161743,0.8904931545257568,0.3022424876689911,-0.8262248635292053,-0.063815735
166,490,-0.10910514484844905,-0.45125269734692763,0.009894855151550946,0.07674730265307239,0.07738253435364124,0.4612452676412449,0.9090384840965271,0.4392479360103607,-1.0,0.8860465288162231,0.3084745705127716,0.3720000088214874,-0.35087499022483826,-0.022749999538064003,-0.25337499380111694,0.0019870800897479057,0.001416080049239099,7.423000351991504e-05,-7.994000043254346e-05,0.2980000078678131,0.013500000350177288,0.31150001287460327,0.017999999225139618,0.05624999850988388,0.001500000013038516,-0.0002500000118743628,0.9693094491958618,-0.8166921138763428,0.05459338054060936,0.7423082590103149,-0.07103348
167,491,-0.10884961892029738,-0.45090711374914827,0.01015038107970262,0.07709288625085176,0.07775823651903349,0.45951561039734645,0.9090577960014343,0.4385547637939453,-1.0,0.8860465288162231,0.3084745705127716,0.3763749897480011,-0.3512499928474426,-0.02199999988079071,-0.2397499978542328,0.002746510086581111,0.00042825000127777457,7.423000351991504e-05,6.851999933132902e-05,0.27799999713897705,0.012500000186264515,0.2904999852180481,0.023250000551342964,0.026499999687075615,0.0020000000949949026,0.0002500000118743628,-0.8695764541625977,0.09825019538402557,-0.29319584369659424,0.7205971479415894,-0.01826111
168,492,-0.10797570961847436,-0.4531316429473933,0.011024290381525637,0.07486835705260675,0.07567566231076414,0.4691857079611315,0.909652054309845,0.4391404986381531,-1.0,0.8860465288162231,0.3084745705127716,0.37325000762939453,-0.35112500190734863,-0.026374999433755875,-0.22612500190734863,0.00029121001716703176,0.0005196100100874901,0.0,0.0,0.07100000232458115,0.0,0.07100000232458115,0.0037499999161809683,0.029750000685453415,0.0,0.0,0.9385408163070679,-0.6734443306922913,-0.8726295232772827,0.09045524150133133,-0.16551217
169,493,-0.10331424876639783,-0.4530788588692467,0.015685751233602163,0.07492114113075332,0.0765455431759205,0.46512205137552354,0.9116843938827515,0.4353700876235962,-1.0,0.8860465288162231,0.3084745705127716,0.38075000047683716,-0.3578749895095825,-0.023250000551342964,-0.2226250022649765,0.0018272000597789884,0.00025695000658743083,7.994000043254346e-05,6.851999933132902e-05,0.18250000476837158,0.013000000268220901,0.19550000131130219,0.016499999910593033,0.017999999225139618,0.0012499999720603228,0.0005000000237487257,-0.901228129863739,-0.6991541385650635,0.5647373199462891,-0.7115660905838013,-0.018925792
170,494,-0.10592432146571712,-0.45725211972305724,0.013075678534282875,0.07074788027694279,0.07194606266372425,0.48701486797769544,0.9225249886512756,0.43545955419540405,-1.0,0.8860465288162231,0.3084745705127716,0.374875009059906,-0.3648749887943268,-0.012500000186264515,-0.23549999296665192,0.0001598800008650869,0.00010848999954760075,7.423000351991504e-05,0.0,0.023499999195337296,0.006500000134110451,0.029999999329447746,0.0017500000540167093,0.006000000052154064,0.000750000006519258,-0.0002500000118743628,0.4206355810165405,-0.8859957456588745,-0.6234492063522339,-0.797378659248352,-0.13028547
171,495,-0.10490968370950979,-0.45683840693153077,0.014090316290490207,0.07116159306846925,0.07254315502656652,0.4841156036517208,0.916455090045929,0.42838624119758606,-1.0,0.8860465288162231,0.3084745705127716,0.3802500069141388,-0.3802500069141388,-0.023749999701976776,-0.2318750023841858,0.00022840000747237355,8.565000462112948e-05,0.0,0.0,0.027499999850988388,0.0,0.027499999850988388,0.0032500000670552254,0.0037499999161809683,0.0,0.0,0.05846993997693062,0.643736720085144,0.8713456392288208,-0.8875374794006348,-0.13197795
172,496,-0.09903862581088799,-0.45697943978490274,0.019961374189112008,0.07102056021509728,0.07377246391970385,0.47820075783325056,0.9188147187232971,0.42908746004104614,-1.0,0.8860465288162231,0.3084745705127716,0.3802500069141388,-0.3774999976158142,-0.008124999701976776,-0.22812500596046448,0.00035402001230977476,0.00034831001539714634,7.423000351991504e-05,6.28100024187006e-05,0.061500001698732376,0.012000000104308128,0.07349999994039536,0.004749999847263098,0.02225000038743019,0.0012499999720603228,0.0,0.6344201564788818,0.24486784636974335,0.8681315183639526,0.541321873664856,-0.013322825
173,497,-0.09465687085489985,-0.45734280161324453,0.024343129145100145,0.0706571983867555,0.07473304236039335,0.4736292560320515,0.9324682950973511,0.42884841561317444,-1.0,0.8860465288162231,0.3084745705127716,0.38725000619888306,-0.3776249885559082,0.00787500012665987,-0.21799999475479126,0.0008964700391516089,0.0005652900435961783,7.994000043254346e-05,0.0,0.12800000607967377,0.007000000216066837,0.13500000536441803,0.009499999694526196,0.03150000050663948,0.0017500000540167093,0.0,0.9216035604476929,0.5823462009429932,0.843135416507721,-0.7837222218513489,-0.1849551
174,498,-0.09407306195727341,-0.4579870794748717,0.024926938042726582,0.07001292052512831,0.07431797414249033,0.47559922607606236,0.9426584243774414,0.4282325506210327,-1.0,0.8860465288162231,0.3084745705127716,0.3921250104904175,-0.37687501311302185,0.02250000089406967,-0.21449999511241913,0.0013932400615885854,0.0012162299826741219,9.13600015337579e-05,6.851999933132902e-05,0.22849999368190765,0.014000000432133675,0.24250000715255737,0.013249999843537807,0.051750000566244125,0.004000000189989805,0.0005000000237487257,0.7089474201202393,-0.8959662914276123,-0.12960848212242126,0.9297223091125488,-0.014887899
175,499,-0.09734580968089498,-0.45879024376290195,0.02165419031910501,0.06920975623709807,0.07251823437435964,0.4842362634515661,0.94401615858078,0.4271405339241028,-1.0,0.8860465288162231,0.3084745705127716,0.3997499942779541,-0.37937501072883606,0.02199999988079071,-0.19699999690055847,0.002169799990952015,0.00037115000304766,7.423000351991504e-05,7.423000351991504e-05,0.2224999964237213,0.013000000268220901,0.23549999296665192,0.01899999938905239,0.023250000551342964,0.0002500000118743628,0.0002500000118743628,-0.04019772261381149,0.23025310039520264,-0.4836879074573517,-0.27706700563430786,-0.0008441523
176,500,-0.09779789026538449,-0.458254878534174,0.021202109734615504,0.06974512146582601,0.07289658034147763,0.4824076365269189,0.9364051222801208,0.4257792532444,-1.0,0.8860465288162231,0.3084745705127716,0.3997499942779541,-0.37937501072883606,0.013000000268220901,-0.2016250044107437,0.0020099200773984194,0.0005881300312466919,7.423000351991504e-05,-7.423000351991504e-05,0.22750000655651093,0.013000000268220901,0.24050000309944153,0.017999999225139618,0.03175000101327896,0.0002500000118743628,-0.000750000006519258,0.6791818737983704,0.38623225688934326,-0.21261075139045715,-0.951347291469574,-0.050222896
177,501,-0.10332385662281815,-0.4593912196260062,0.015676143377181845,0.06860878037399382,0.07037688694158672,0.49471726104336927,0.9353537559509277,0.4266866445541382,-1.0,0.8860465288162231,0.3084745705127716,0.40299999713897705,-0.37950000166893005,0.00925000011920929,-0.21975000202655792,0.002466720063239336,0.0010278000263497233,0.0,0.0,0.3059999942779541,0.0,0.3059999942779541,0.021250000223517418,0.04625000059604645,0.0,0.0,-0.11017978936433792,-0.7202152013778687,-0.8600667715072632,-0.794144868850708,-0.24928194
178,502,-0.09908229978304742,-0.45877439504151063,0.019917700216952577,0.0692256049584894,0.0720340139364816,0.4865867205109639,0.9225026369094849,0.424760639667511,-1.0,0.8860465288162231,0.3084745705127716,0.40299999713897705,-0.37950000166893005,0.011250000447034836,-0.21637499332427979,0.0020099200773984194,0.00029121001716703176,9.13600015337579e-05,6.851999933132902e-05,0.20149999856948853,0.014000000432133675,0.21549999713897705,0.017999999225139618,0.01924999989569187,0.0035000001080334187,0.000750000006519258,-0.7343136072158813,-0.5133878588676453,0.014221558347344398,-0.9389326572418213,-0.015420586
179,503,-0.09405498796797546,-0.458679194471477,0.02494501203202454,0.06932080552852304,0.07367243517355158,0.47867933537305357,0.9323667287826538,0.42580610513687134,-1.0,0.8860465288162231,0.3084745705127716,0.3998749852180481,-0.3840000033378601,0.012125000357627869,-0.23337499797344208,0.0001884299999801442,0.00014275001012720168,8.565000462112948e-05,0.0,0.028999999165534973,0.007499999832361937,0.0364999994635582,0.0024999999441206455,0.008999999612569809,0.0022499999031424522,-0.0002500000118743628,0.15448598563671112,0.35840287804603577,0.527012825012207,0.14188683032989502,-0.010866629
180,504,-0.09832697837631765,-0.45886695309912173,0.02067302162368234,0.06913304690087829,0.07215782699646847,0.48598463540971804,0.9440581798553467,0.4259674549102783,-1.0,0.8860465288162231,0.3084745705127716,0.4000000059604645,-0.3841249942779541,0.02162499912083149,-0.22987499833106995,0.0005881300312466919,0.00035402001230977476,8.565000462112948e-05,6.851999933132902e-05,0.08250000327825546,0.013500000350177288,0.09600000083446503,0.006750000175088644,0.02250000089406967,0.003000000026077032,0.0002500000118743628,-0.7919130325317383,-0.17679187655448914,0.15871161222457886,-0.9771922826766968,-0.016630178
181,505,-0.09297987345987144,-0.45883182493920194,0.026020126540128558,0.06916817506079809,0.07390049679403726,0.47758889543400335,0.9341232776641846,0.4256492257118225,-1.0,0.8860465288162231,0.3084745705127716,0.3908750116825104,-0.3838750123977661,0.02512500062584877,-0.24799999594688416,0.0001484600070398301,0.00022269001055974513,7.423000351991504e-05,0.0,0.032499998807907104,0.006500000134110451,0.039000000804662704,0.0017500000540167093,0.01549999974668026,0.0017500000540167093,0.0,0.6000738143920898,0.4821019172668457,0.5440969467163086,0.8710416555404663,-0.012601552
182,506,-0.08829719738132039,-0.458715465609053,0.03070280261867961,0.069284534390947,0.07578264177509199,0.46868404399061064,0.94655841588974,0.4257087707519531,-1.0,0.8860465288162231,0.3084745705127716,0.3957499861717224,-0.38350000977516174,0.03462500125169754,-0.2316250056028366,0.0009193100268021226,0.000616680015809834,8.565000462112948e-05,0.0,0.13449999690055847,0.007499999832361937,0.1420000046491623,0.009750000201165676,0.032749999314546585,0.003000000026077032,-0.0002500000118743628,0.9510813355445862,0.8787577748298645,0.21083931624889374,0.46555081009864807,-0.07669273
183,507,-0.09422207961285509,-0.45955491636798473,0.02477792038714491,0.06844508363201529,0.07279199689598616,0.48291241896793763,0.9574483633041382,0.4259060025215149,-1.0,0.8860465288162231,0.3084745705127716,0.40575000643730164,-0.3838750123977661,0.03700000047683716,-0.22349999845027924,0.001964240102097392,0.0011705500073730946,0.00010278000263497233,6.851999933132902e-05,0.2745000123977661,0.014999999664723873,0.28949999809265137,0.017750000581145287,0.04975000023841858,0.006000000052154064,0.000750000006519258,0.6120897531509399,-0.5837947130203247,-0.8868099451065063,-0.9870256781578064,-0.044530563
184,508,-0.09167875078398019,-0.459828499709065,0.027321249216019805,0.06817150029093505,0.07344252249644494,0.4797811459635326,0.9436695575714111,0.42448318004608154,-1.0,0.8860465288162231,0.3084745705127716,0.4086250066757202,-0.3838750123977661,0.023125000298023224,-0.24137499928474426,0.002438170136883855,0.00047964000259526074,7.423000351991504e-05,-7.423000351991504e-05,0.2554999887943268,0.013000000268220901,0.2685000002384186,0.020999999716877937,0.02800000086426735,0.0005000000237487257,-0.0005000000237487257,0.20290210843086243,0.4876188039779663,0.7609975934028625,-0.9496177434921265,-0.011089413
185,509,-0.09591883270012613,-0.4599635434689519,0.02308116729987386,0.06803645653104812,0.07184496990900592,0.4875074536658919,0.9495843052864075,0.4240194857120514,-1.0,0.8860465288162231,0.3084745705127716,0.40937501192092896,-0.3840000033378601,0.03487500175833702,-0.2591249942779541,0.002689410001039505,0.0010392200201749802,0.00010278000263497233,-6.851999933132902e-05,0.3264999985694885,0.014999999664723873,0.34150001406669617,0.022749999538064003,0.04650000110268593,0.005499999970197678,-0.0005000000237487257,-0.06415709853172302,-0.8580147624015808,-0.9788098335266113,-0.881761908531189,-0.03308429
186,510,-0.10096469602720151,-0.4626297244125889,0.018035303972798483,0.0653702755874111,0.0678125734636676,0.5075674174430267,0.9397236704826355,0.4237906038761139,-1.0,0.8860465288162231,0.3084745705127716,0.40937501192092896,-0.3857499957084656,0.01912499964237213,-0.2758750021457672,0.0006909100338816643,0.00026266000350005925,7.994000043254346e-05,2.2840000383439474e-05,0.08349999785423279,0.008999999612569809,0.0925000011920929,0.00800000037997961,0.017999999225139618,0.0005000000237487257,0.0,0.0820649117231369,-0.959855854511261,-0.9945850372314453,-0.8741238713264465,-0.13096291
187,511,-0.0970015816332557,-0.4660311533756552,0.021998418366744293,0.06196884662434482,0.06575764870028342,0.5181054494866093,0.9279890656471252,0.41927164793014526,-1.0,0.8860465288162231,0.3084745705127716,0.41100001335144043,-0.398499995470047,0.000750000006519258,-0.27250000834465027,0.0005938400281593204,0.0001256200048374012,0.0,6.851999933132902e-05,0.06300000101327896,0.006000000052154064,0.0689999982714653,0.007000000216066837,0.00774999987334013,0.0,0.000750000006519258,0.9106114506721497,-0.9020057320594788,0.6303701996803284,-0.9197887778282166,-0.019122845
188,512,-0.09801716062181876,-0.46985603217734484,0.02098283937818124,0.058143967822655185,0.06181424223051282,0.5389446398721435,0.9372056126594543,0.41350650787353516,-1.0,0.8860465288162231,0.3084745705127716,0.4248749911785126,-0.41574999690055847,0.011874999850988388,-0.289249986410141,0.0004682200087700039,0.00013133000175002962,7.423000351991504e-05,0.0,0.05249999836087227,0.006500000134110451,0.05900000035762787,0.006000000052154064,0.008500000461935997,0.0012499999720603228,0.0,0.7078880071640015,-0.982472836971283,-0.9654477834701538,-0.13633714616298676,-0.058199238
189,513,-0.10090317193039111,-0.4709425180099884,0.018096828069608883,0.05705748199001165,0.059858595349552665,0.5495882302103555,0.9348438382148743,0.40702366828918457,-1.0,0.8860465288162231,0.3084745705127716,0.4362500011920929,-0.43274998664855957,-0.005499999970197678,-0.28575000166893005,0.00029121001716703176,9.707000572234392e-05,0.0,6.851999933132902e-05,0.03400000184774399,0.006000000052154064,0.03999999910593033,0.004000000189989805,0.005750000011175871,0.0,0.0005000000237487257,0.549375057220459,-0.16226579248905182,-0.13721145689487457,-0.8969243764877319,-0.054309633
190,514,-0.09868782437433937,-0.4739736689884936,0.020312175625660622,0.054026331011506445,0.05771853186986433,0.5614765219888121,0.928132176399231,0.4051821827888489,-1.0,0.8860465288162231,0.3084745705127716,0.4424999952316284,-0.4361250102519989,-0.002374999923631549,-0.3022499978542328,0.0006623599911108613,0.00010848999954760075,8.565000462112948e-05,0.0,0.06750000268220901,0.007499999832361937,0.07500000298023224,0.00774999987334013,0.006500000134110451,0.0012499999720603228,0.0,0.4501725435256958,-0.8397295475006104,0.06323619186878204,-0.179112046957016,-0.0568378
191,515,-0.09779437324424176,-0.47503897684212,0.02120562675575824,0.05296102315788004,0.05704865099223675,0.5652503718790528,0.9332841038703918,0.40004462003707886,-1.0,0.8860465288162231,0.3084745705127716,0.45112499594688416,-0.4507499933242798,-0.0012499999720603228,-0.29862499237060547,0.00026266000350005925,9.13600015337579e-05,7.423000351991504e-05,6.28100024187006e-05,0.03099999949336052,0.012000000104308128,0.0430000014603138,0.0037499999161809683,0.0044999998062849045,0.0012499999720603228,0.0002500000118743628,-0.8992730975151062,-0.20985883474349976,-0.8590221405029297,-0.905362606048584,-0.018884737
192,516,-0.10195523414629495,-0.47318844564270174,0.01704476585370504,0.05481155435729829,0.057400614404993035,0.5632643943868101,0.935361921787262,0.39823901653289795,-1.0,0.8860465288162231,0.3084745705127716,0.43950000405311584,-0.45274999737739563,-0.016499999910593033,-0.3154999911785126,9.707000572234392e-05,7.994000043254346e-05,3.425999966566451e-05,6.28100024187006e-05,0.01549999974668026,0.008500000461935997,0.024000000208616257,0.0005000000237487257,0.000750000006519258,-0.0002500000118743628,0.0002500000118743628,-0.14705491065979004,0.9524177312850952,-0.23886613547801971,0.13946256041526794,-0.055134464
193,517,-0.10411106587966823,-0.4690288759202842,0.014888934120331765,0.05897112407971583,0.060821655966150905,0.5443207675533207,0.9256855249404907,0.40137550234794617,-1.0,0.8860465288162231,0.3084745705127716,0.43712499737739563,-0.4426249861717224,-0.012875000014901161,-0.31299999356269836,0.00010278000263497233,0.00023411000438500196,0.0,6.28100024187006e-05,0.029500000178813934,0.005499999970197678,0.03500000014901161,0.000750000006519258,0.01600000075995922,0.0,0.0002500000118743628,-0.7726653814315796,0.876418948173523,0.4525051712989807,0.0036743415985256433,-0.010817314
194,518,-0.10098704360887478,-0.46916114888506943,0.018012956391125212,0.05883885111493059,0.06153435624489418,0.5404551833029886,0.9206719398498535,0.40842562913894653,-1.0,0.8860465288162231,0.3084745705127716,0.4242500066757202,-0.4271250069141388,-0.004875000100582838,-0.31299999356269836,0.00013703999866265804,0.00026266000350005925,7.423000351991504e-05,6.28100024187006e-05,0.03500000014901161,0.012000000104308128,0.04699999839067459,0.0017500000540167093,0.017750000581145287,0.000750000006519258,0.0002500000118743628,0.7949642539024353,-0.0026145963929593563,-0.26925238966941833,-0.07442624866962433,-0.0111294985
195,519,-0.10194787604459493,-0.47087329212656537,0.017052123955405063,0.05712670787343466,0.0596174109119747,0.5509153512537742,0.9279370903968811,0.4082014560699463,-1.0,0.8860465288162231,0.3084745705127716,0.4337500035762787,-0.4273749887943268,-0.009499999694526196,-0.3140000104904175,0.0007194600184448063,0.00026837000041268766,0.0,-6.851999933132902e-05,0.08649999648332596,0.006000000052154064,0.0925000011920929,0.008249999955296516,0.0182499997317791,0.0,-0.0005000000237487257,0.8942885994911194,-0.38076385855674744,0.03250318020582199,0.08432488888502121,-0.03512367
196,520,-0.1016938559954374,-0.4709946291145608,0.017306144004562596,0.05700537088543922,0.05957444863440315,0.5511520878862474,0.9257026314735413,0.40529951453208923,-1.0,0.8860465288162231,0.3084745705127716,0.44612500071525574,-0.43312498927116394,-0.007000000216066837,-0.31299999356269836,0.0012276499764993787,0.0002169799990952015,7.994000043254346e-05,6.851999933132902e-05,0.1264999955892563,0.013000000268220901,0.13950000703334808,0.012249999679625034,0.01549999974668026,0.0024999999441206455,0.0005000000237487257,0.15442924201488495,0.8829773664474487,-0.5764100551605225,-0.8876140117645264,-0.0021620095
197,521,-0.10482529472230018,-0.47075842556449404,0.014174705277699817,0.05724157443550598,0.05897050206302489,0.5544908239667579,0.9262933731079102,0.40509384870529175,-1.0,0.8860465288162231,0.3084745705127716,0.4476250112056732,-0.43274998664855957,-0.016374999657273293,-0.3292500078678131,0.0014617600245401263,0.0010963199893012643,0.0,0.0,0.2240000069141388,0.0,0.2240000069141388,0.014000000432133675,0.04774999991059303,-0.0002500000118743628,-0.0002500000118743628,0.16044743359088898,-0.796966552734375,-0.652678906917572,0.01955254003405571,-0.024349213
198,522,-0.10208381590557952,-0.47137133232202566,0.016916184094420472,0.056628667677974365,0.0591012968326312,0.5537660530556079,0.9190109372138977,0.40549418330192566,-1.0,0.8860465288162231,0.3084745705127716,0.4496249854564667,-0.43299999833106995,-0.0286250002682209,-0.3256250023841858,0.00159880006685853,0.0002797899942379445,0.0,6.851999933132902e-05,0.16449999809265137,0.006000000052154064,0.1704999953508377,0.014999999664723873,0.01850000023841858,0.0,0.0,0.5224893689155579,0.8190076351165771,0.9528064131736755,-0.13433074951171875,-0.007314852
199,523,-0.09635139158415965,-0.4710971791972143,0.02264860841584035,0.05690282080278575,0.06124451386441091,0.5420239238109044,0.9253864884376526,0.40445536375045776,-1.0,0.8860465288162231,0.3084745705127716,0.4560000002384186,-0.43312498927116394,-0.012374999932944775,-0.32762500643730164,0.0021526701748371124,0.001147710019722581,8.565000462112948e-05,-7.423000351991504e-05,0.289000004529953,0.014000000432133675,0.30300000309944153,0.01899999938905239,0.04924999922513962,0.003000000026077032,-0.0010000000474974513,0.22322703897953033,-0.6635223627090454,0.897671103477478,0.39172160625457764,-0.016369902
200,524,-0.09634022542706694,-0.4720786532362447,0.022659774572933056,0.05592134676375532,0.060337901915531594,0.5469603206396867,0.9387177228927612,0.4049200415611267,-1.0,0.8860465288162231,0.3084745705127716,0.4560000002384186,-0.4332500100135803,0.0043750000186264515,-0.32124999165534973,0.0026437300257384777,0.0003939900198020041,8.565000462112948e-05,7.423000351991504e-05,0.26600000262260437,0.014000000432133675,0.2800000011920929,0.02225000038743019,0.02474999986588955,0.003000000026077032,0.000750000006519258,0.32419252395629883,0.9950233101844788,0.25566157698631287,-0.39032331109046936,-0.075419255
201,525,-0.10111870881044732,-0.47200771625390336,0.017881291189552673,0.05599228374609666,0.058778196754485194,0.555558165204611,0.9387436509132385,0.40325650572776794,-1.0,0.8860465288162231,0.3084745705127716,0.4560000002384186,-0.4332500100135803,0.008375000208616257,-0.3278749883174896,0.0004967700224369764,0.0016559000359848142,9.13600015337579e-05,-6.28100024187006e-05,0.18850000202655792,0.013500000350177288,0.20200000703334808,0.0062500000931322575,0.06199999898672104,0.0044999998062849045,-0.0005000000237487257,-0.3726489841938019,-0.8384788632392883,-0.8968130946159363,-0.09833914786577225,-0.042061202
202,526,-0.09588268234353406,-0.4712000619906562,0.023117317656465936,0.0567999380093438,0.06132408444889536,0.5415928037518049,0.9276309013366699,0.4033767580986023,-1.0,0.8860465288162231,0.3084745705127716,0.4516249895095825,-0.43299999833106995,-0.006124999839812517,-0.3244999945163727,0.00021127000218257308,0.0005367400008253753,0.0,6.28100024187006e-05,0.06549999862909317,0.005499999970197678,0.07100000232458115,0.003000000026077032,0.030249999836087227,0.0,0.0002500000118743628,0.898444414138794,0.7625970244407654,0.6823329329490662,-0.6296297311782837,-0.012578219
203,527,-0.09782872502249415,-0.4716517952030376,0.021171274977505844,0.0563482047969624,0.060194211250032846,0.5477468164896653,0.9398077130317688,0.4047456681728363,-1.0,0.8860465288162231,0.3084745705127716,0.4580000042915344,-0.4332500100135803,0.0043750000186264515,-0.335999995470047,0.0021526701748371124,0.001513150054961443,9.13600015337579e-05,-7.423000351991504e-05,0.32100000977516174,0.014499999582767487,0.33550000190734863,0.01899999938905239,0.05925000086426735,0.0044999998062849045,-0.0002500000118743628,-0.18264998495578766,0.9198259711265564,-0.5080255270004272,-0.33782923221588135,-0.0025570989
204,528,-0.09810568643826742,-0.47126734282679694,0.020894313561732575,0.05673265717320308,0.06045797490115091,0.5463039631853962,0.9352820515632629,0.403980016708374,-1.0,0.8860465288162231,0.3084745705127716,0.4580000042915344,-0.4332500100135803,-0.0028750000055879354,-0.3422499895095825,0.0013247199822217226,0.003071980085223913,5.7100000958598685e-06,-6.28100024187006e-05,0.38499999046325684,0.006000000052154064,0.39100000262260437,0.013249999843537807,0.09350000321865082,0.0,-0.0002500000118743628,-0.3819082975387573,0.8926376104354858,0.019864091649651527,-0.9379598498344421,-0.1951489
205,529,-0.10016210120974897,-0.4691102362977646,0.018837898790251023,0.05888976370223542,0.06182936761553417,0.5388631285849144,0.9346379637718201,0.4046316146850586,-1.0,0.8860465288162231,0.3084745705127716,0.45649999380111694,-0.4332500100135803,-0.0008750000270083547,-0.35975000262260437,0.00029121001716703176,0.002169799990952015,8.565000462112948e-05,5.7100000958598685e-06,0.21549999713897705,0.00800000037997961,0.22349999845027924,0.004000000189989805,0.07474999874830246,0.0035000001080334187,-0.0002500000118743628,-0.44975608587265015,0.42646199464797974,-0.8950920104980469,-0.596293032169342,-0.13143156
206,530,-0.09774877834562956,-0.4691121629745824,0.021251221654370434,0.05888783702541761,0.0626050458935646,0.5346994535859675,0.9298555850982666,0.40828773379325867,-1.0,0.8860465288162231,0.3084745705127716,0.4496249854564667,-0.42625001072883606,-0.01575000025331974,-0.35612499713897705,0.00022269001055974513,0.0018728800350800157,0.0,6.28100024187006e-05,0.1835000067949295,0.005499999970197678,0.1889999955892563,0.0032500000670552254,0.0677499994635582,-0.0002500000118743628,0.0,0.3668745458126068,-0.9073252081871033,0.7571471929550171,-0.703144907951355,-0.0051362426
207,531,-0.10546371964532045,-0.46984466369263966,0.013536280354679547,0.05815533630736036,0.05970991564943522,0.5504059640944186,0.9354679584503174,0.408284455537796,-1.0,0.8860465288162231,0.3084745705127716,0.44987499713897705,-0.42625001072883606,-0.0032500000670552254,-0.36912500858306885,0.0015302799874916673,0.0006223900127224624,8.565000462112948e-05,-7.423000351991504e-05,0.18850000202655792,0.014000000432133675,0.20250000059604645,0.014499999582767487,0.03375000134110451,0.003000000026077032,-0.0002500000118743628,-0.6451764106750488,0.4829297661781311,-0.8552374839782715,-0.505703866481781,-0.00903247
208,532,-0.106395789005621,-0.47013747583145543,0.012604210994379,0.05786252416854459,0.05921940423498223,0.5531124004372896,0.9175262451171875,0.4070429503917694,-1.0,0.8860465288162231,0.3084745705127716,0.445250004529953,-0.4258750081062317,-0.017750000581145287,-0.3785000145435333,0.00021127000218257308,0.0012162299826741219,6.851999933132902e-05,0.0,0.125,0.006000000052154064,0.13099999725818634,0.003000000026077032,0.050999999046325684,0.0,-0.0002500000118743628,0.868718683719635,0.9043220281600952,-0.6702660322189331,-0.922610878944397,-0.14930779
209,533,-0.106135738500486,-0.4697511703833952,0.012864261499514001,0.058248829616604825,0.05965245490029843,0.550722322366893,0.9153586030006409,0.4065466523170471,-1.0,0.8860465288162231,0.3084745705127716,0.4514999985694885,-0.4247500002384186,-0.029999999329447746,-0.3752500116825104,0.002089860150590539,0.002523820148780942,-6.851999933132902e-05,7.423000351991504e-05,0.40400001406669617,0.012500000186264515,0.4165000021457672,0.01850000023841858,0.08250000327825546,-0.0005000000237487257,0.000750000006519258,-0.05201591178774834,-0.49497926235198975,-0.8405664563179016,-0.15331625938415527,-0.0012302966
210,534,-0.10480313658789206,-0.4697717209571004,0.014196863412107935,0.05822827904289962,0.05993399211665974,0.5491740146245785,0.9159634113311768,0.4072014093399048,-1.0,0.8860465288162231,0.3084745705127716,0.4514999985694885,-0.4247500002384186,-0.04600000008940697,-0.37724998593330383,0.0018614600412547588,0.001667320029810071,0.0,-6.851999933132902e-05,0.3089999854564667,0.006000000052154064,0.3149999976158142,0.017000000923871994,0.0637499988079071,0.0,-0.000750000006519258,-0.23810458183288574,0.3377743065357208,0.12245938926935196,-0.9176893830299377,-0.013305032
211,535,-0.1076763254244961,-0.46794503462941295,0.0113236745755039,0.06005496537058708,0.06111321028676473,0.5427360880608177,0.9190624952316284,0.40716657042503357,-1.0,0.8860465288162231,0.3084745705127716,0.4514999985694885,-0.4246250092983246,-0.042374998331069946,-0.3947499990463257,0.0008793400484137237,0.0022326100151985884,6.851999933132902e-05,0.0,0.27250000834465027,0.006000000052154064,0.2784999907016754,0.009499999694526196,0.07599999755620956,0.0002500000118743628,0.0,-0.823074460029602,0.44856223464012146,0.9641700983047485,-0.4297717213630676,-0.120017335
212,536,-0.10693753921681357,-0.46772050817266086,0.01206246078318643,0.06027949182733916,0.061474548352209626,0.5407785148382774,0.9123806357383728,0.4102626442909241,-1.0,0.8860465288162231,0.3084745705127716,0.4411250054836273,-0.41624999046325684,-0.02512500062584877,-0.39125001430511475,0.00029121001716703176,0.001821490004658699,7.423000351991504e-05,6.28100024187006e-05,0.1850000023841858,0.012000000104308128,0.19699999690055847,0.0037499999161809683,0.06650000065565109,0.0017500000540167093,0.0005000000237487257,0.30058425664901733,0.441351056098938,-0.17981040477752686,-0.8424098491668701,-0.0296878
213,537,-0.10456252920396916,-0.46627910301021985,0.014437470796030832,0.06172089698978017,0.06338698358661105,0.5305347409628797,0.9140987396240234,0.41064321994781494,-1.0,0.8860465288162231,0.3084745705127716,0.4412499964237213,-0.41624999046325684,-0.027249999344348907,-0.40662500262260437,0.0013075900496914983,0.002169799990952015,-7.423000351991504e-05,-6.851999933132902e-05,0.304500013589859,0.012500000186264515,0.31700000166893005,0.013000000268220901,0.07524999976158142,-0.0005000000237487257,-0.0002500000118743628,-0.8718356490135193,-0.8313865065574646,-0.9714398980140686,-0.4413835108280182,-0.012205697
214,538,-0.10840705150971094,-0.4638837891260057,0.01059294849028905,0.06411621087399433,0.06498537569758618,0.5221221278969226,0.919622004032135,0.41308626532554626,-1.0,0.8860465288162231,0.3084745705127716,0.4325000047683716,-0.414249986410141,-0.045625001192092896,-0.41499999165534973,0.0001827200030675158,0.0008165300241671503,0.0,0.0,0.08749999850988388,0.0,0.08749999850988388,0.0024999999441206455,0.04024999961256981,0.0,0.0,-0.6540384888648987,0.4619530439376831,-0.2124847173690796,-0.8120133280754089,-0.18192762
215,539,-0.1059313043937665,-0.4647428369280459,0.013068695606233499,0.06325716307195411,0.06459302969175684,0.5241746771257367,0.9106812477111816,0.41714611649513245,-1.0,0.8860465288162231,0.3084745705127716,0.421875,-0.4051249921321869,-0.041875001043081284,-0.4117499887943268,0.00019985000835731626,0.0007822700426913798,6.28100024187006e-05,6.851999933132902e-05,0.0860000029206276,0.011500000022351742,0.09749999642372131,0.002749999985098839,0.039250001311302185,0.0,0.0010000000474974513,0.9327245354652405,0.40360456705093384,0.9833906888961792,-0.9936781525611877,-0.013058144
216,540,-0.10682559064860025,-0.46518991135416893,0.01217440935139974,0.0628100886458311,0.06397908626068842,0.527402712138303,0.9164388179779053,0.4156900942325592,-1.0,0.8860465288162231,0.3084745705127716,0.429874986410141,-0.40525001287460327,-0.024125000461935997,-0.429749995470047,0.0018386200536042452,0.0013132999883964658,7.423000351991504e-05,-7.423000351991504e-05,0.2759999930858612,0.013000000268220901,0.289000004529953,0.016750000417232513,0.054499998688697815,0.0012499999720603228,-0.0002500000118743628,0.9874868392944336,-0.791344165802002,-0.4757920503616333,0.03094426915049553,-0.06456837
217,541,-0.10793701537947739,-0.4649294826376472,0.011062984620522603,0.06307051736235281,0.06403342712262687,0.5271161948136828,0.9143590927124023,0.41493234038352966,-1.0,0.8860465288162231,0.3084745705127716,0.43549999594688416,-0.4076249897480011,-0.03237500041723251,-0.429625004529953,0.002609470160678029,0.0004967700224369764,0.0,7.423000351991504e-05,0.2720000147819519,0.006500000134110451,0.2784999907016754,0.02225000038743019,0.029750000685453415,0.0,0.0005000000237487257,-0.8488398790359497,0.6377663016319275,-0.3554322421550751,-0.7851073145866394,-0.08091239
218,542,-0.10810531894675932,-0.4646037214437302,0.010894681053240679,0.06339627855626984,0.06432559529484355,0.5255783766633583,0.9117743968963623,0.4153737723827362,-1.0,0.8860465288162231,0.3084745705127716,0.4309999942779541,-0.4073750078678131,-0.028999999165534973,-0.4440000057220459,0.000308340007904917,0.0012733300682157278,7.423000351991504e-05,0.0,0.13850000500679016,0.006500000134110451,0.14499999582767487,0.004000000189989805,0.05299999937415123,0.000750000006519258,0.0,-0.09444744139909744,0.3397701680660248,-0.9050304889678955,-0.8802211284637451,-0.13121326
219,543,-0.10802668556324535,-0.46499937486010123,0.010973314436754644,0.06300062513989879,0.06394913914780977,0.5275606776757105,0.9113829731941223,0.41592589020729065,-1.0,0.8860465288162231,0.3084745705127716,0.43012499809265137,-0.40724998712539673,-0.045499999076128006,-0.44062501192092896,0.0001884299999801442,0.0017701000906527042,0.0,6.851999933132902e-05,0.17149999737739563,0.006000000052154064,0.17749999463558197,0.002749999985098839,0.06525000184774399,0.0,0.000750000006519258,0.6206688284873962,-0.8595315217971802,-0.17037387192249298,-0.6248464584350586,-0.054872103
220,544,-0.10826623830809848,-0.4657731802631876,0.010733761691901517,0.06222681973681243,0.06314578952405521,0.5318159036809896,0.9115658402442932,0.4152553081512451,-1.0,0.8860465288162231,0.3084745705127716,0.4333750009536743,-0.4073750078678131,-0.041875001043081284,-0.4517500102519989,0.001781520084477961,0.000616680015809834,7.423000351991504e-05,-6.851999933132902e-05,0.20999999344348907,0.012500000186264515,0.2224999964237213,0.016249999403953552,0.03350000083446503,0.0002500000118743628,-0.0002500000118743628,-0.5404218435287476,-0.7602993249893188,-0.35759469866752625,-0.8232401609420776,-0.007565904
221,545,-0.10883446872623559,-0.46543536341540004,0.010165531273764405,0.06256463658459999,0.06338510690249681,0.5305446975175101,0.9110087752342224,0.4139437675476074,-1.0,0.8860465288162231,0.3084745705127716,0.4312500059604645,-0.4104999899864197,-0.048250000923871994,-0.4672499895095825,0.00022840000747237355,0.0001598800008650869,0.0,2.2840000383439474e-05,0.03400000184774399,0.0020000000949949026,0.035999998450279236,0.0032500000670552254,0.011250000447034836,-0.0002500000118743628,0.0,-0.4743095934391022,0.5243727564811707,0.8771265745162964,-0.3507973849773407,-0.07406409
222,546,-0.10501344313558442,-0.46265295701749787,0.013986556864415578,0.06534704298250216,0.0668270888149298,0.512594144553854,0.9096872806549072,0.4145163297653198,-1.0,0.8860465288162231,0.3084745705127716,0.4242500066757202,-0.4102500081062317,-0.032249998301267624,-0.4636250138282776,0.0001541700039524585,0.0005310300039127469,7.423000351991504e-05,5.7100001868093386e-05,0.05999999865889549,0.011500000022351742,0.07150000333786011,0.0020000000949949026,0.030249999836087227,0.0005000000237487257,0.0002500000118743628,-0.3271386921405792,0.8927082419395447,0.5991981029510498,-0.8079574704170227,-0.0045799403
223,547,-0.10494590070407153,-0.4624492106011928,0.014054099295928463,0.06555078939880721,0.06704046313851503,0.511501566320412,0.9185733795166016,0.4192322790622711,-1.0,0.8860465288162231,0.3084745705127716,0.41850000619888306,-0.40037500858306885,-0.021375000476837158,-0.47850000858306885,0.00020556000526994467,0.0009535700082778931,7.423000351991504e-05,0.0,0.1014999970793724,0.006500000134110451,0.1080000028014183,0.003000000026077032,0.04374999925494194,0.0010000000474974513,-0.0002500000118743628,-0.2633206248283386,0.6017508506774902,0.39880892634391785,-0.7007070779800415,-0.11029675
224,548,-0.10987693074549962,-0.46266789814910914,0.009123069254500377,0.06533210185089089,0.06596600582783219,0.5170270636913491,0.9187304377555847,0.41957759857177734,-1.0,0.8860465288162231,0.3084745705127716,0.413875013589859,-0.3936249911785126,-0.014499999582767487,-0.4749999940395355,0.00023411000438500196,0.001261910074390471,7.994000043254346e-05,6.28100024187006e-05,0.13099999725818634,0.012500000186264515,0.14350000023841858,0.0032500000670552254,0.05274999886751175,0.0020000000949949026,0.0002500000118743628,0.9724442958831787,-0.11743071675300598,-0.4476611018180847,0.6128791570663452,-0.006807107
225,549,-0.1089569761952548,-0.4622189980626213,0.0100430238047452,0.06578100193737874,0.06654323814654726,0.514051213430818,0.9072629809379578,0.4192069470882416,-1.0,0.8860465288162231,0.3084745705127716,0.42250001430511475,-0.39387500286102295,-0.02174999937415123,-0.4637500047683716,0.0022897101007401943,0.0011077399831265211,0.0,6.851999933132902e-05,0.29750001430511475,0.006000000052154064,0.3034999966621399,0.019750000908970833,0.04899999871850014,-0.0002500000118743628,0.0005000000237487257,0.6767209768295288,-0.6241469383239746,0.1698848158121109,-0.48494619131088257,-0.053101074
226,550,-0.10715658756407279,-0.4628268543239412,0.011843412435927209,0.06517314567605881,0.0662405112860722,0.5156097423831121,0.9094023704528809,0.41996780037879944,-1.0,0.8860465288162231,0.3084745705127716,0.42399999499320984,-0.3941250145435333,-0.01912499964237213,-0.47200000286102295,0.003294670023024082,0.00042254000436514616,7.994000043254346e-05,-7.994000043254346e-05,0.3255000114440918,0.014000000432133675,0.3395000100135803,0.026499999687075615,0.026249999180436134,0.0020000000949949026,-0.0010000000474974513,-0.14322467148303986,0.273907870054245,0.24751368165016174,0.6619275808334351,-0.032177534
227,551,-0.10152476481111378,-0.4636607407770017,0.017475235188886218,0.06433925922299832,0.06667026415330198,0.5133986492525774,0.913589358329773,0.4189375340938568,-1.0,0.8860465288162231,0.3084745705127716,0.42399999499320984,-0.3941250145435333,-0.014875000342726707,-0.46012499928474426,0.0008393700118176639,0.0007137500215321779,8.565000462112948e-05,0.0,0.13600000739097595,0.007499999832361937,0.14350000023841858,0.00925000011920929,0.0364999994635582,0.002749999985098839,0.0,0.9894636273384094,-0.23374107480049133,0.5374017953872681,-0.012702139094471931,-0.042147245
228,552,-0.10330823355653276,-0.4640802714909723,0.01569176644346723,0.06391972850902772,0.06581765133141819,0.5177946658333735,0.9266865849494934,0.41752415895462036,-1.0,0.8860465288162231,0.3084745705127716,0.43012499809265137,-0.3968749940395355,-0.005375000182539225,-0.4568749964237213,0.003882799996063113,0.0006052600219845772,8.565000462112948e-05,7.423000351991504e-05,0.3930000066757202,0.014000000432133675,0.40700000524520874,0.028750000521540642,0.033250000327825546,0.0037499999161809683,0.0010000000474974513,-0.1957942396402359,-0.0015854226658120751,-0.3196101784706116,-0.9800369143486023,-0.020464415
229,553,-0.10833857813239173,-0.463712402148135,0.010661421867608267,0.06428759785186505,0.06516564396829237,0.5211817552174302,0.9225389957427979,0.41681310534477234,-1.0,0.8860465288162231,0.3084745705127716,0.43012499809265137,-0.3968749940395355,-0.00937500037252903,-0.47450000047683716,0.003785730106756091,0.0006109700188972056,5.7100000958598685e-06,-7.994000043254346e-05,0.38499999046325684,0.007499999832361937,0.39250001311302185,0.02800000086426735,0.033250000327825546,0.0,-0.0005000000237487257,0.6842801570892334,-0.21035221219062805,-0.6664729714393616,-0.6651592254638672,-0.08985362
230,554,-0.10544586861349589,-0.46518723924368177,0.013554131386504104,0.06281276075631825,0.06425851999130613,0.525931028212659,0.9108405113220215,0.4174365997314453,-1.0,0.8860465288162231,0.3084745705127716,0.43012499809265137,-0.3968749940395355,-0.02162499912083149,-0.4868749976158142,0.003403160022571683,0.0004054100136272609,0.0,-8.565000462112948e-05,0.3334999978542328,0.007499999832361937,0.3409999907016754,0.025750000029802322,0.025499999523162842,-0.0002500000118743628,-0.0005000000237487257,-0.6243653297424316,-0.9492748379707336,-0.006360355764627457,-0.7264814376831055,-0.048087083
231,555,-0.10061212444146253,-0.46486953245506835,0.018387875558537464,0.06313046754493168,0.06575385844190386,0.5181250873939848,0.9175677299499512,0.4149368703365326,-1.0,0.8860465288162231,0.3084745705127716,0.43037500977516174,-0.4090000092983246,-0.01837499998509884,-0.5005000233650208,0.0008964700391516089,0.00020556000526994467,7.994000043254346e-05,0.0,0.09650000184774399,0.007000000216066837,0.10350000113248825,0.00925000011920929,0.01425000000745058,0.000750000006519258,-0.0002500000118743628,0.16224326193332672,-0.1591600924730301,0.7032594680786133,0.39697593450546265,-0.002271405
232,556,-0.10689183837617838,-0.47003768711419336,0.012108161623821612,0.057962312885806666,0.059213489113383075,0.5531451186760078,0.9288089871406555,0.41547536849975586,-1.0,0.8860465288162231,0.3084745705127716,0.43137499690055847,-0.4098750054836273,-0.005874999798834324,-0.4932500123977661,0.0012162299826741219,0.0001484600070398301,8.565000462112948e-05,6.851999933132902e-05,0.11949999630451202,0.013500000350177288,0.13300000131130219,0.012249999679625034,0.010250000283122063,0.0020000000949949026,0.0,0.8148607015609741,-0.765548825263977,-0.9082440137863159,-0.7369258403778076,-0.011408049
233,557,-0.10659964677911293,-0.46940345114375953,0.012400353220887061,0.058596548856240493,0.05989427600250748,0.5493921685213792,0.914205014705658,0.4067157804965973,-1.0,0.8860465288162231,0.3084745705127716,0.44624999165534973,-0.42637500166893005,-0.02174999937415123,-0.5068749785423279,0.0007651399937458336,0.00020556000526994467,0.0,0.0,0.08500000089406967,0.0,0.08500000089406967,0.008750000037252903,0.014750000089406967,-0.0002500000118743628,-0.0002500000118743628,-0.4964238703250885,0.06471031904220581,-0.9319868087768555,-0.85651034116745,-0.27095962
234,558,-0.10782251865418097,-0.46973517290321165,0.01117748134581903,0.058264827096788374,0.05932728011509357,0.5525160472857507,0.9148845672607422,0.40779075026512146,-1.0,0.8860465288162231,0.3084745705127716,0.4417499899864197,-0.42625001072883606,-0.01850000023841858,-0.503250002861023,0.0001598800008650869,0.000245530012762174,6.851999933132902e-05,6.28100024187006e-05,0.03550000116229057,0.011500000022351742,0.04699999839067459,0.0017500000540167093,0.016750000417232513,0.000750000006519258,0.0,0.7658575773239136,0.9548782110214233,0.06731610000133514,-0.8532457947731018,-0.010722006
235,559,-0.1018882260591461,-0.46972160191974693,0.01711177394085389,0.05827839808025309,0.06073865729667831,0.5447727340852111,0.912040650844574,0.4072285294532776,-1.0,0.8860465288162231,0.3084745705127716,0.4480000138282776,-0.42512500286102295,-0.017875000834465027,-0.5191249847412109,0.0014275000430643559,0.0011876800563186407,7.423000351991504e-05,0.0,0.2290000021457672,0.006500000134110451,0.23549999296665192,0.013749999925494194,0.05025000125169754,0.0020000000949949026,0.0,0.43016478419303894,-0.6410454511642456,-0.03338036686182022,0.011756593361496925,-0.02981598
236,560,-0.10346019987616661,-0.46992088508622193,0.01553980012383338,0.058079114913778096,0.0601221172037091,0.548141851714611,0.9258413314819336,0.4072515368461609,-1.0,0.8860465288162231,0.3084745705127716,0.45225000381469727,-0.42524999380111694,-0.017875000834465027,-0.515749990940094,0.0021640900522470474,0.00043967002420686185,7.994000043254346e-05,6.851999933132902e-05,0.2280000001192093,0.013000000268220901,0.2409999966621399,0.01899999938905239,0.026499999687075615,0.000750000006519258,0.000750000006519258,0.8462165594100952,0.6159355640411377,-0.33121398091316223,0.9357167482376099,-0.062300097
237,561,-0.09979413827396627,-0.47086692551780046,0.019205861726033724,0.057133074482199564,0.060274815009488746,0.5473054898501001,0.9221855998039246,0.40691375732421875,-1.0,0.8860465288162231,0.3084745705127716,0.4558750092983246,-0.4255000054836273,-0.023624999448657036,-0.49787500500679016,0.002872130135074258,0.0011705500073730946,0.0,6.851999933132902e-05,0.3540000021457672,0.006000000052154064,0.36000001430511475,0.024000000208616257,0.05000000074505806,0.0,0.0,0.0019180006347596645,-0.9650583863258362,0.9280100464820862,-0.6380265951156616,-2.6852009e-05
238,562,-0.10206127735779105,-0.4712512997948168,0.016938722642208942,0.056748700205183245,0.059222759980664924,0.5530938397032188,0.9307113289833069,0.4053103029727936,-1.0,0.8860465288162231,0.3084745705127716,0.45774999260902405,-0.4300000071525574,-0.007625000085681677,-0.5096250176429749,0.0023525201249867678,0.00035402001230977476,8.565000462112948e-05,-7.423000351991504e-05,0.2370000034570694,0.014000000432133675,0.25099998712539673,0.020250000059604645,0.023000000044703484,0.002749999985098839,-0.0002500000118743628,0.14610062539577484,0.18586748838424683,-0.49117061495780945,-0.7370392084121704,-0.0072346106
239,563,-0.10592876389585387,-0.4719964654361034,0.013071236104146122,0.05600353456389662,0.05750872192059128,0.5626557922753742,0.9254388809204102,0.40465882420539856,-1.0,0.8860465288162231,0.3084745705127716,0.45912501215934753,-0.43012499809265137,-0.015375000424683094,-0.5232499837875366,0.0023468099534511566,0.0005196100100874901,7.994000043254346e-05,-7.423000351991504e-05,0.25099998712539673,0.013500000350177288,0.2644999921321869,0.020250000059604645,0.029999999329447746,0.0,-0.0005000000237487257,0.25764942169189453,-0.4025114178657532,-0.36274027824401855,0.6703329086303711,-0.06876495
240,564,-0.10489507807816423,-0.470514377160577,0.014104921921835767,0.057485622839423045,0.05919075650519665,0.5532708772821028,0.916444718837738,0.4033958315849304,-1.0,0.8860465288162231,0.3084745705127716,0.4586249887943268,-0.43162500858306885,-0.02212500013411045,-0.5111250281333923,0.00042825000127777457,0.00026266000350005925,0.0,6.28100024187006e-05,0.060499999672174454,0.005499999970197678,0.06599999964237213,0.005249999929219484,0.017999999225139618,0.0,0.0002500000118743628,-0.7899594306945801,0.24261918663978577,-0.6636984348297119,0.892554759979248,-0.11691514
241,565,-0.1010199748481409,-0.4713869143965642,0.01798002515185909,0.05661308560343581,0.059399686581693645,0.5521161347372575,0.9188486337661743,0.40590783953666687,-1.0,0.8860465288162231,0.3084745705127716,0.44737499952316284,-0.4309999942779541,-0.01887499913573265,-0.49412500858306885,0.0001884299999801442,0.00042254000436514616,7.423000351991504e-05,-1.1420000191719737e-05,0.05350000038743019,0.007499999832361937,0.061000000685453415,0.0024999999441206455,0.025750000029802322,0.0010000000474974513,-0.0005000000237487257,0.9652103781700134,0.7434098720550537,0.7396397590637207,-0.2969164550304413,-0.013512946
242,566,-0.10008022750114667,-0.4720858337039434,0.01891977249885332,0.05591416629605661,0.05902839811473321,0.5541698885860178,0.9278604984283447,0.40442895889282227,-1.0,0.8860465288162231,0.3084745705127716,0.4561249911785126,-0.43037500977516174,-0.006500000134110451,-0.49950000643730164,0.001735839992761612,0.0012562000192701817,8.565000462112948e-05,-6.851999933132902e-05,0.2619999945163727,0.013500000350177288,0.27549999952316284,0.01600000075995922,0.05225000157952309,0.0037499999161809683,-0.000750000006519258,0.9086984395980835,-0.965684711933136,-0.6392801403999329,-0.12851880490779877,-0.056922186
243,567,-0.10590650308419719,-0.4728951447954578,0.013093496915802805,0.055104855204542225,0.05663907422087425,0.5675702537077952,0.9300459623336792,0.40324434638023376,-1.0,0.8860465288162231,0.3084745705127716,0.4620000123977661,-0.4348750114440918,-0.016499999910593033,-0.5017499923706055,0.0023867799900472164,0.0003997000167146325,7.423000351991504e-05,-7.423000351991504e-05,0.24400000274181366,0.013000000268220901,0.25699999928474426,0.020500000566244125,0.02525000087916851,0.0,-0.0010000000474974513,0.4645947217941284,0.831441342830658,-0.840048611164093,-0.48214414715766907,-0.03618453
244,568,-0.10463245348181752,-0.47268161782354157,0.014367546518182478,0.05531838217645846,0.0571537382816982,0.5646566775878299,0.9164965152740479,0.4018726348876953,-1.0,0.8860465288162231,0.3084745705127716,0.4637500047683716,-0.4348750114440918,-0.032249998301267624,-0.5109999775886536,0.0027350899763405323,0.0013761100126430392,0.0,-7.423000351991504e-05,0.36000001430511475,0.006500000134110451,0.36649999022483826,0.023000000044703484,0.05624999850988388,0.0,-0.0005000000237487257,0.9470407962799072,-0.667492687702179,0.5711785554885864,-0.9900676012039185,-0.13770409
245,569,-0.10305189911393653,-0.4725784918511309,0.015948100886063465,0.05542150814886915,0.05767049061146634,0.5617463271793001,0.9194594025611877,0.4022345542907715,-1.0,0.8860465288162231,0.3084745705127716,0.4637500047683716,-0.4350000023841858,-0.022624999284744263,-0.5296249985694885,0.0006052600219845772,0.000559579988475889,7.994000043254346e-05,0.0,0.10199999809265137,0.007000000216066837,0.10899999737739563,0.007000000216066837,0.03150000050663948,0.0020000000949949026,-0.0002500000118743628,0.5040099024772644,0.5064960718154907,0.5557233095169067,-0.8969186544418335,-0.1443313
246,570,-0.104855290135487,-0.47204227251033204,0.014144709864512994,0.055957727489667985,0.057717762283019905,0.5614808430548871,0.9231351017951965,0.4024093449115753,-1.0,0.8860465288162231,0.3084745705127716,0.4637500047683716,-0.4350000023841858,-0.013000000268220901,-0.5262500047683716,0.0025580800138413906,0.001164840068668127,8.565000462112948e-05,7.423000351991504e-05,0.32600000500679016,0.014000000432133675,0.3400000035762787,0.02174999937415123,0.05025000125169754,0.0035000001080334187,0.0005000000237487257,-0.4961615800857544,0.5189619660377502,-0.8134065866470337,-0.86933434009552,-0.01011616
247,571,-0.10508153206687618,-0.47232235250612126,0.013918467933123818,0.05567764749387877,0.05739097646893648,0.5633186840651306,0.9189411997795105,0.4033181965351105,-1.0,0.8860465288162231,0.3084745705127716,0.4637500047683716,-0.4350000023841858,-0.026499999687075615,-0.5422499775886536,0.0006052600219845772,0.0019299800042062998,0.0,0.0,0.22200000286102295,0.0,0.22200000286102295,0.007000000216066837,0.06949999928474426,0.0,0.0,0.9147537350654602,-0.6026660203933716,-0.500632107257843,-0.8789211511611938,-0.23659821
248,572,-0.10811206311543078,-0.47268882728814565,0.01088793688456921,0.05531117271185437,0.05637262630357882,0.5690845493366818,0.9184150695800781,0.4028434753417969,-1.0,0.8860465288162231,0.3084745705127716,0.4671249985694885,-0.4351249933242798,-0.024000000208616257,-0.5389999747276306,0.003351770108565688,0.0010278000263497233,7.994000043254346e-05,7.423000351991504e-05,0.38350000977516174,0.013500000350177288,0.3970000147819519,0.027249999344348907,0.04724999889731407,0.0024999999441206455,0.0010000000474974513,-0.7838054895401001,-0.3769913911819458,-0.9569373726844788,0.9030827283859253,-0.016459918
249,573,-0.10679567433823514,-0.47108291171304095,0.012204325661764853,0.05691708828695907,0.0582108280642348,0.5587191871348463,0.9113672971725464,0.40222233533859253,-1.0,0.8860465288162231,0.3084745705127716,0.46662500500679016,-0.43525001406669617,-0.04062499850988388,-0.5216249823570251,0.0003997000167146325,0.0006052600219845772,0.0,0.0,0.08799999952316284,0.0,0.08799999952316284,0.005249999929219484,0.03350000083446503,0.0,0.0,-0.5044794082641602,0.9417529106140137,0.24277077615261078,0.9187700152397156,-0.01059407
250,574,-0.10687709107197016,-0.4712540900553193,0.012122908928029835,0.056745909944680706,0.058026401028558695,0.559750567148887,0.9144286513328552,0.40494421124458313,-1.0,0.8860465288162231,0.3084745705127716,0.46012499928474426,-0.4347499907016754,-0.036249998956918716,-0.5042499899864197,0.00025695000658743083,0.0018671700963750482,6.851999933132902e-05,-1.7129999832832254e-05,0.1860000044107437,0.007499999832361937,0.19349999725818634,0.0035000001080334187,0.0677499994635582,0.0002500000118743628,-0.0005000000237487257,-0.10895904898643494,0.2673279941082001,0.04525136575102806,-0.766329288482666,-0.1340328
251,575,-0.10764782873007633,-0.4719757112426785,0.011352171269923661,0.056024288757321516,0.05716286139886126,0.5646051656473475,0.9142393469810486,0.4046540856361389,-1.0,0.8860465288162231,0.3084745705127716,0.45899999141693115,-0.4346249997615814,-0.035624999552965164,-0.5008749961853027,0.00019985000835731626,0.0020670201629400253,7.423000351991504e-05,6.28100024187006e-05,0.19850000739097595,0.012000000104308128,0.21050000190734863,0.002749999985098839,0.07249999791383743,0.0005000000237487257,0.0002500000118743628,0.7605075836181641,0.6173519492149353,-0.7175288200378418,-0.8973705768585205,-0.051595625
252,576,-0.10793119565319004,-0.4723859408630587,0.011068804346809957,0.05561405913694134,0.056704867545521766,0.567196953185049,0.912446916103363,0.4034309983253479,-1.0,0.8860465288162231,0.3084745705127716,0.4634999930858612,-0.4348750114440918,-0.048374999314546585,-0.5174999833106995,0.0020270501263439655,0.002535240026190877,-7.423000351991504e-05,-6.851999933132902e-05,0.3995000123977661,0.012500000186264515,0.41200000047683716,0.0182499997317791,0.08399999886751175,-0.000750000006519258,0.0,0.3425455391407013,-0.5654263496398926,-0.44098228216171265,0.5664894580841064,-0.03188224
253,577,-0.10769171437989009,-0.4718910830067912,0.011308285620109909,0.0561089169932088,0.0572371198595525,0.5641860541744781,0.9117879271507263,0.4027356803417206,-1.0,0.8860465288162231,0.3084745705127716,0.4634999930858612,-0.4348750114440918,-0.05700000002980232,-0.5071250200271606,0.0027864801231771708,0.0017015800112858415,0.0,7.423000351991504e-05,0.3930000066757202,0.006500000134110451,0.3995000123977661,0.023499999195337296,0.06525000184774399,0.0,0.0002500000118743628,0.9922786355018616,-0.9769529700279236,-0.9288720488548279,-0.7914305925369263,-0.30613813
254,578,-0.10801838019270588,-0.47193088695233515,0.010981619807294118,0.056069113047664876,0.05713441529887024,0.5647657966428656,0.9123448729515076,0.4035744369029999,-1.0,0.8860465288162231,0.3084745705127716,0.4634999930858612,-0.4348750114440918,-0.05312500149011612,-0.5217499732971191,0.0006680700462311506,0.00048534999950788915,0.0,0.0,0.10100000351667404,0.0,0.10100000351667404,0.007499999832361937,0.028750000521540642,-0.0002500000118743628,0.0,-0.44597485661506653,0.6480295658111572,0.7138928174972534,-0.9670494794845581,-0.15128452
255,579,-0.10991581214931384,-0.4707516958847752,0.009084187850686154,0.0572483041152248,0.05796456497702557,0.5600968018359435,0.9115851521492004,0.40350696444511414,-1.0,0.8860465288162231,0.3084745705127716,0.45899999141693115,-0.4346249997615814,-0.04012500122189522,-0.5181249976158142,0.0002512400096748024,0.0012504900805652142,6.851999933132902e-05,6.28100024187006e-05,0.1315000057220459,0.011500000022351742,0.14300000667572021,0.0035000001080334187,0.05249999836087227,0.0005000000237487257,0.0002500000118743628,-0.969089686870575,-0.8966963291168213,-0.8861245512962341,-0.1547473520040512,-0.013567257
256,580,-0.10644091126020244,-0.4709016234388015,0.012559088739797553,0.05709837656119854,0.05846328177496142,0.5573104587561016,0.9071725010871887,0.40550559759140015,-1.0,0.8860465288162231,0.3084745705127716,0.4441249966621399,-0.4339999854564667,-0.05637500062584877,-0.5206249952316284,0.0001484600070398301,0.0002512400096748024,0.0,-6.851999933132902e-05,0.03500000014901161,0.006000000052154064,0.04100000113248825,0.0020000000949949026,0.017750000581145287,0.0,-0.0005000000237487257,-0.731763482093811,-0.33921921253204346,0.48050951957702637,-0.9958370327949524,-0.010244685
257,581,-0.11017695642960418,-0.47187111192413544,0.008823043570395817,0.05612888807586458,0.05681811484445816,0.5665549815323062,0.9152536988258362,0.40525147318840027,-1.0,0.8860465288162231,0.3084745705127716,0.43287500739097595,-0.4336250126361847,-0.04724999889731407,-0.5396249890327454,0.00011420000373618677,9.13600015337579e-05,0.0,3.997000021627173e-05,0.017999999225139618,0.0035000001080334187,0.0215000007301569,0.0010000000474974513,0.0044999998062849045,-0.0002500000118743628,0.0002500000118743628,-0.5762567520141602,-0.7330270409584045,-0.35143688321113586,-0.906650960445404,-0.20865168
258,582,-0.1140869399753845,-0.4732495864377082,0.004913060024615501,0.05475041356229182,0.054970409713294505,0.5771205567444486,0.9065651893615723,0.4036082923412323,-1.0,0.8860465288162231,0.3084745705127716,0.42387500405311584,-0.445374995470047,-0.04362500086426735,-0.5360000133514404,9.707000572234392e-05,7.994000043254346e-05,0.0,6.28100024187006e-05,0.01549999974668026,0.005499999970197678,0.020999999716877937,0.0005000000237487257,0.000750000006519258,0.0,0.0005000000237487257,0.5320329666137695,-0.6677812337875366,-0.3168637454509735,-0.2344331294298172,-0.07096181
259,583,-0.11473611437325659,-0.4731383151967807,0.004263885626743402,0.054861684803219346,0.055027131308889234,0.5767932975782425,0.8974722623825073,0.40127187967300415,-1.0,0.8860465288162231,0.3084745705127716,0.4322499930858612,-0.45787501335144043,-0.04012500122189522,-0.5398749709129333,0.00010848999954760075,7.423000351991504e-05,6.851999933132902e-05,-6.851999933132902e-05,0.01600000075995922,0.012000000104308128,0.02800000086426735,0.000750000006519258,0.000750000006519258,0.0005000000237487257,-0.0005000000237487257,-0.5003875494003296,-0.12511445581912994,-0.059717897325754166,-0.21563367545604706,-0.0070054266
260,584,-0.10719572311769815,-0.47286184003902465,0.011804276882301845,0.055138159960975375,0.05638756632978722,0.568999534306655,0.8959625363349915,0.4014604687690735,-1.0,0.8860465288162231,0.3084745705127716,0.4244999885559082,-0.4598749876022339,-0.04087499901652336,-0.5440000295639038,9.13600015337579e-05,5.7100000958598685e-06,0.0,-5.7100001868093386e-05,0.008500000461935997,0.004999999888241291,0.013500000350177288,0.0002500000118743628,0.0002500000118743628,0.0,-0.0002500000118743628,0.9362010955810547,0.8960392475128174,-0.5160046219825745,0.928202748298645,-0.10164873
261,585,-0.10616069296453551,-0.4732247021286751,0.012839307035464487,0.0547752978713249,0.05625994189512906,0.5697261803358347,0.9134983420372009,0.4019290804862976,-1.0,0.8860465288162231,0.3084745705127716,0.43837499618530273,-0.4496249854564667,-0.03750000149011612,-0.5266249775886536,0.00019414001144468784,0.0001884299999801442,7.423000351991504e-05,-3.997000021627173e-05,0.03350000083446503,0.009999999776482582,0.04349999874830246,0.0024999999441206455,0.013249999843537807,0.000750000006519258,-0.0002500000118743628,0.15844786167144775,-0.023686805739998817,-0.6827719211578369,0.3067280948162079,-0.0022182704
262,586,-0.1068033091304893,-0.47310273554246596,0.012196690869510696,0.05489726445753407,0.05623583299895929,0.5698635515877848,0.9159053564071655,0.40131404995918274,-1.0,0.8860465288162231,0.3084745705127716,0.4399999976158142,-0.4496249854564667,-0.04975000023841858,-0.5211250185966492,0.0003368900215718895,0.0001827200030675158,0.0,6.851999933132902e-05,0.045499999076128006,0.006000000052154064,0.051500000059604645,0.0042500002309679985,0.012500000186264515,-0.0002500000118743628,0.0002500000118743628,-0.17209678888320923,-0.26534563302993774,-0.018196608871221542,0.1630697101354599,-0.027629208
263,587,-0.1065997739438655,-0.4728294709446791,0.0124002260561345,0.05517052905532094,0.056546908690813934,0.5680935989755135,0.9144108891487122,0.4015207886695862,-1.0,0.8860465288162231,0.3084745705127716,0.4390000104904175,-0.4496249854564667,-0.04600000008940697,-0.5181249976158142,9.707000572234392e-05,7.994000043254346e-05,0.0,6.851999933132902e-05,0.01549999974668026,0.006000000052154064,0.0215000007301569,0.0002500000118743628,0.002749999985098839,-0.0002500000118743628,0.0002500000118743628,0.8364388942718506,0.9267828464508057,-0.8991581201553345,0.4674772620201111,-0.14595115
264,588,-0.10783551799391167,-0.4740072245129777,0.011164482006088328,0.053992775487022304,0.05513497495470789,0.5761715979493237,0.9148842692375183,0.40198394656181335,-1.0,0.8860465288162231,0.3084745705127716,0.4491249918937683,-0.44600000977516174,-0.042500000447034836,-0.5093749761581421,0.0005652900435961783,0.0005253200070001185,7.423000351991504e-05,6.28100024187006e-05,0.09549999982118607,0.012000000104308128,0.10750000178813934,0.006750000175088644,0.030249999836087227,0.0002500000118743628,0.0002500000118743628,0.7647334933280945,0.2149805873632431,-0.8020578622817993,-0.9181919693946838,-0.005353135
265,589,-0.1087271416756665,-0.4749764042832675,0.0102728583243335,0.05302359571673254,0.05400956693849087,0.5826925038738833,0.9120104312896729,0.39998775720596313,-1.0,0.8860465288162231,0.3084745705127716,0.46000000834465027,-0.44624999165534973,-0.057374998927116394,-0.5262500047683716,0.0011248700320720673,0.0007879800396040082,0.0,0.0,0.16750000417232513,0.0,0.16750000417232513,0.011500000022351742,0.038750000298023224,0.0,-0.0002500000118743628,0.9218456745147705,0.928574800491333,-0.29559504985809326,-0.41110169887542725,-0.1962616
266,590,-0.1081472595804718,-0.47525147003621127,0.01085274041952819,0.05274852996378876,0.05385340646564878,0.5836031500928097,0.9099369049072266,0.39834508299827576,-1.0,0.8860465288162231,0.3084745705127716,0.4723750054836273,-0.4467499852180481,-0.05350000038743019,-0.5231249928474426,0.002101280028000474,0.0014046600554138422,0.0,7.423000351991504e-05,0.3070000112056732,0.006500000134110451,0.31349998712539673,0.01875000074505806,0.05700000002980232,-0.0002500000118743628,0.0010000000474974513,0.6375833749771118,-0.7334147691726685,0.034391455352306366,-0.9452027678489685,-0.06331052
267,591,-0.10796547394959452,-0.4752673838177866,0.011034526050405474,0.05273261618221342,0.053874758232197326,0.5834785538128586,0.9112854599952698,0.39787885546684265,-1.0,0.8860465288162231,0.3084745705127716,0.4752500057220459,-0.44712498784065247,-0.05000000074505806,-0.5401250123977661,0.0027693500742316246,0.0005253200070001185,7.423000351991504e-05,-7.423000351991504e-05,0.28850001096725464,0.013000000268220901,0.30149999260902405,0.023250000551342964,0.030249999836087227,0.0002500000118743628,-0.0002500000118743628,0.11025416105985641,0.24507388472557068,0.326113760471344,-0.9724845290184021,-0.005744793
268,592,-0.10616490501305675,-0.47516423642091066,0.01283509498694324,0.05283576357908937,0.054372397191123384,0.5805821500063011,0.9117081761360168,0.3978518843650818,-1.0,0.8860465288162231,0.3084745705127716,0.4752500057220459,-0.44712498784065247,-0.04387500137090683,-0.5581250190734863,0.0030148799996823072,0.0007822700426913798,3.997000021627173e-05,-7.423000351991504e-05,0.33250001072883606,0.009999999776482582,0.3425000011920929,0.02500000037252903,0.039250001311302185,0.0,-0.0005000000237487257,-0.19980227947235107,0.7591137886047363,0.7414877414703369,-0.9748124480247498,-0.023019774
269,593,-0.10598886728304396,-0.47518980935596977,0.013011132716956031,0.05281019064403025,0.054389390605494595,0.5804834976582238,0.9158955812454224,0.398026704788208,-1.0,0.8860465288162231,0.3084745705127716,0.4752500057220459,-0.44699999690055847,-0.03125,-0.5764999985694885,0.0007936900365166366,0.0018386200536042452,7.994000043254346e-05,0.0,0.2304999977350235,0.007000000216066837,0.23749999701976776,0.008999999612569809,0.06724999845027924,0.0024999999441206455,-0.0002500000118743628,-0.47260987758636475,-0.3525731563568115,-0.3571590781211853,-0.9668318629264832,-0.14795966
270,594,-0.10630028806413114,-0.47504710519962334,0.012699711935868857,0.05295289480037668,0.05445449247760748,0.58010571501907,0.9163049459457397,0.3979833722114563,-1.0,0.8860465288162231,0.3084745705127716,0.4703750014305115,-0.4467499852180481,-0.03662500157952309,-0.5728750228881836,0.00027407999732531607,0.0012904600007459521,0.0,6.28100024187006e-05,0.13699999451637268,0.005499999970197678,0.14249999821186066,0.0037499999161809683,0.05375000089406967,0.0,0.0,0.18076367676258087,-0.19459472596645355,0.0738665834069252,-0.3714560866355896,-0.01817284
271,595,-0.10632421104415471,-0.4753028953455163,0.012675788955845285,0.05269710465448374,0.05420018878766698,0.5815828226314583,0.9155807495117188,0.39822524785995483,-1.0,0.8860465288162231,0.3084745705127716,0.4703750014305115,-0.4467499852180481,-0.032999999821186066,-0.5796250104904175,0.000867919996380806,0.0010278000263497233,6.851999933132902e-05,0.0,0.16599999368190765,0.006000000052154064,0.1720000058412552,0.009499999694526196,0.04650000110268593,0.0002500000118743628,-0.0002500000118743628,0.4334695339202881,0.03889431431889534,-0.04843780770897865,-0.6788485646247864,-0.11274412
272,596,-0.10624893577987396,-0.47574132240693384,0.012751064220126035,0.05225867759306618,0.0537918118538669,0.5839627289166781,0.9155250787734985,0.39779171347618103,-1.0,0.8860465288162231,0.3084745705127716,0.47325000166893005,-0.4468750059604645,-0.03375000134110451,-0.5762500166893005,0.0019299800042062998,0.0010734800016507506,-5.7100000958598685e-06,7.423000351991504e-05,0.2630000114440918,0.007000000216066837,0.27000001072883606,0.017500000074505806,0.04800000041723251,0.0,0.0005000000237487257,0.40352460741996765,-0.9883711338043213,-0.9311082363128662,-0.990449845790863,-0.16299261
273,597,-0.10758688483055287,-0.4771731110366363,0.011413115169447124,0.05082688896336374,0.05209253151426959,0.5939706835426874,0.9157001376152039,0.39704859256744385,-1.0,0.8860465288162231,0.3084745705127716,0.476500004529953,-0.45100000500679016,-0.030625000596046448,-0.5943750143051147,0.0019528201082721353,0.00028550002025440335,7.423000351991504e-05,-7.423000351991504e-05,0.19599999487400055,0.013000000268220901,0.20900000631809235,0.017500000074505806,0.01924999989569187,0.0012499999720603228,-0.0002500000118743628,-0.5849254131317139,-0.5200889706611633,-0.1578126698732376,-0.6279309391975403,-0.008188957
274,598,-0.10618450996450807,-0.4795810089529281,0.012815490035491928,0.048418991047071924,0.05008628034568173,0.6060075686576033,0.9125886559486389,0.3946218490600586,-1.0,0.8860465288162231,0.3084745705127716,0.47437500953674316,-0.45649999380111694,-0.032875001430511475,-0.606249988079071,0.00021127000218257308,0.0001598800008650869,0.0,0.0,0.032499998807907104,0.0,0.032499998807907104,0.003000000026077032,0.01075000036507845,0.0,0.0,0.4215230345726013,-0.6210850477218628,-0.9848073124885559,0.3496418595314026,-0.14925848
275,599,-0.10505002538305613,-0.48020539474631985,0.013949974616943861,0.04779460525368018,0.04978881483996672,0.6078129159478767,0.9158499836921692,0.3905406594276428,-1.0,0.8860465288162231,0.3084745705127716,0.4793750047683716,-0.46650001406669617,-0.029500000178813934,-0.6000000238418579,0.000559579988475889,0.00011420000373618677,7.423000351991504e-05,6.28100024187006e-05,0.05900000035762787,0.012000000104308128,0.07100000232458115,0.006500000134110451,0.007499999832361937,0.000750000006519258,0.0005000000237487257,0.6276691555976868,0.7228806018829346,-0.7481417655944824,-0.3315013349056244,-0.00878737
276,600,-0.10762895263095901,-0.47994113107907066,0.011371047369040987,0.048058868920929365,0.04938578338173896,0.6102675363298563,0.9184883236885071,0.38948237895965576,-1.0,0.8860465288162231,0.3084745705127716,0.48649999499320984,-0.46662500500679016,-0.04312499985098839,-0.6057500243186951,0.0012105200439691544,0.0006623599911108613,0.0,-2.2840000383439474e-05,0.164000004529953,0.0020000000949949026,0.16599999368190765,0.012249999679625034,0.03474999964237213,0.0,-0.0002500000118743628,0.5817135572433472,0.6873595714569092,-0.5037282109260559,-0.25456300377845764,-0.19000933
277,601,-0.10579904479998994,-0.4800871396860642,0.01320095520001005,0.04791286031393582,0.04969816296057027,0.6083641595980123,0.9124907851219177,0.38993027806282043,-1.0,0.8860465288162231,0.3084745705127716,0.49262499809265137,-0.46700000762939453,-0.03974999859929085,-0.6025000214576721,0.0021355401258915663,0.0010963199893012643,7.423000351991504e-05,7.423000351991504e-05,0.28299999237060547,0.013000000268220901,0.29600000381469727,0.01875000074505806,0.048250000923871994,0.000750000006519258,0.000750000006519258,0.3350045680999756,-0.2698843479156494,0.675248384475708,-0.9631062150001526,-0.02437327
278,602,-0.1036555242876441,-0.4802296404641355,0.015344475712355893,0.047770359535864504,0.050174298052616945,0.6054744093635299,0.9167463779449463,0.389682799577713,-1.0,0.8860465288162231,0.3084745705127716,0.49312499165534973,-0.46700000762939453,-0.02787500061094761,-0.6197500228881836,0.0026722801849246025,0.0007594299968332052,7.423000351991504e-05,-7.423000351991504e-05,0.3005000054836273,0.013000000268220901,0.31349998712539673,0.02250000089406967,0.03824999928474426,0.0022499999031424522,-0.000750000006519258,0.9185512065887451,0.9280645847320557,0.3395331799983978,-0.1855725198984146,-0.13485514
279,603,-0.09846075348140015,-0.4790050063819657,0.02053924651859984,0.04899499361803433,0.053125982787926296,0.5878638956385669,0.9217313528060913,0.38944128155708313,-1.0,0.8860465288162231,0.3084745705127716,0.49312499165534973,-0.46700000762939453,-0.02212500013411045,-0.6232500076293945,0.0005196100100874901,0.0020784400403499603,8.565000462112948e-05,-6.851999933132902e-05,0.22750000655651093,0.013500000350177288,0.2409999966621399,0.006500000134110451,0.0729999989271164,0.0032500000670552254,-0.0005000000237487257,-0.566756010055542,-0.5127413272857666,0.5943160653114319,0.31039494276046753,-0.007934582
280,604,-0.09532111947418276,-0.4799837899697854,0.023678880525817236,0.04801621003021461,0.05353733098149,0.5854506948549194,0.9338122010231018,0.39151692390441895,-1.0,0.8860465288162231,0.3084745705127716,0.4857499897480011,-0.46650001406669617,-0.010625000111758709,-0.6178749799728394,0.00019985000835731626,0.0012676200130954385,7.994000043254346e-05,5.7100001868093386e-05,0.12849999964237213,0.012000000104308128,0.1404999941587448,0.003000000026077032,0.05299999937415123,0.0024999999441206455,0.0002500000118743628,0.8035578727722168,0.7898931503295898,0.9399222731590271,-0.7640835046768188,-0.0056249024
281,605,-0.09010204302961367,-0.47922436022011966,0.02889795697038633,0.048775639779880364,0.05669351773350237,0.5672613326264189,0.9411136507987976,0.3898579776287079,-1.0,0.8860465288162231,0.3084745705127716,0.49175000190734863,-0.46562498807907104,0.005249999929219484,-0.6316249966621399,0.0021469600033015013,0.0023867799900472164,9.707000572234392e-05,-7.994000043254346e-05,0.3970000147819519,0.01549999974668026,0.4124999940395355,0.01899999938905239,0.0807500034570694,0.005750000011175871,-0.000750000006519258,-0.8536292314529419,0.14543576538562775,0.9030107259750366,0.8314945101737976,-0.07649439
282,606,-0.08973256876941743,-0.4789775171659495,0.029267431230582563,0.04902248283405053,0.05709453874103598,0.5649910507111916,0.9532510638237,0.39114513993263245,-1.0,0.8860465288162231,0.3084745705127716,0.4857499897480011,-0.4652499854564667,0.02250000089406967,-0.6165000200271606,0.0002512400096748024,0.001581670017912984,9.707000572234392e-05,6.28100024187006e-05,0.16050000488758087,0.014000000432133675,0.1745000034570694,0.0035000001080334187,0.061250001192092896,0.004999999888241291,0.0,0.35285404324531555,0.9411361217498779,-0.12297404557466507,0.026222772896289825,-0.026781214
283,607,-0.09211598518673222,-0.4790576067201594,0.02688401481326777,0.048942393279840624,0.05584002249675934,0.572123601179392,0.954110324382782,0.3915635347366333,-1.0,0.8860465288162231,0.3084745705127716,0.48637500405311584,-0.4621250033378601,0.02237500064074993,-0.6129999756813049,0.0014960200060158968,0.002775060012936592,7.994000043254346e-05,6.851999933132902e-05,0.37400001287460327,0.013000000268220901,0.3869999945163727,0.013500000350177288,0.09025000035762787,0.000750000006519258,0.0005000000237487257,-0.35335811972618103,-0.9552232623100281,-0.590090274810791,0.33362650871276855,-0.0049470128
284,608,-0.08903784185036576,-0.47839898762325006,0.029962158149634238,0.049601012376749964,0.057948178140319447,0.5601885915047626,0.9485674500465393,0.39142778515815735,-1.0,0.8860465288162231,0.3084745705127716,0.4855000078678131,-0.46187499165534973,0.011500000022351742,-0.6066250205039978,0.0003140500048175454,0.0012847500620409846,7.423000351991504e-05,6.28100024187006e-05,0.14000000059604645,0.012000000104308128,0.15199999511241913,0.004000000189989805,0.05400000140070915,0.0005000000237487257,0.0002500000118743628,0.7663442492485046,0.24127985537052155,0.7451117038726807,-0.008961735293269157,-0.005364412
285,609,-0.08890706950351698,-0.4787100059658218,0.03009293049648301,0.04928999403417822,0.05775022058620626,0.5612986254744822,0.9557259678840637,0.39254409074783325,-1.0,0.8860465288162231,0.3084745705127716,0.4898749887943268,-0.4621250033378601,0.02199999988079071,-0.6066250205039978,0.0025637901853770018,0.0016102200606837869,0.00011420000373618677,0.0,0.36550000309944153,0.009999999776482582,0.37549999356269836,0.02174999937415123,0.06350000202655792,0.007249999791383743,0.0,0.465262770652771,0.9482678771018982,0.04643591120839119,-0.27777621150016785,-0.09306517
286,610,-0.09290350287652746,-0.47905050351268125,0.026096497123472534,0.04894949648731878,0.05547143741131506,0.5742362545144094,0.9560300707817078,0.3920169472694397,-1.0,0.8860465288162231,0.3084745705127716,0.4898749887943268,-0.4621250033378601,0.02199999988079071,-0.6032500267028809,0.0034431300591677427,0.003129080170765519,0.00011420000373618677,7.423000351991504e-05,0.5755000114440918,0.016499999910593033,0.5920000076293945,0.02800000086426735,0.0989999994635582,0.008750000037252903,0.000750000006519258,-0.9183414578437805,-0.9796459078788757,-0.9066757559776306,-0.5548402070999146,-0.17584874
287,611,-0.09896167799359484,-0.47878410971111796,0.02003832200640515,0.04921589028888207,0.0531388577762042,0.5877882131030767,0.9467360377311707,0.391439825296402,-1.0,0.8860465288162231,0.3084745705127716,0.4898749887943268,-0.4621250033378601,0.00925000011920929,-0.6128749847412109,0.0030891101341694593,0.0030034601222723722,6.851999933132902e-05,-7.994000043254346e-05,0.5335000157356262,0.013000000268220901,0.546500027179718,0.025750000029802322,0.09624999761581421,0.0002500000118743628,-0.000750000006519258,0.15101228654384613,0.7032443881034851,-0.9920666813850403,-0.9660091996192932,-0.099375665
288,612,-0.09777040153288075,-0.4788688840151295,0.02122959846711925,0.04913111598487052,0.05352160693583397,0.585542758627357,0.9326472878456116,0.39189133048057556,-1.0,0.8860465288162231,0.3084745705127716,0.49000000953674316,-0.4620000123977661,-0.00912499986588955,-0.6308749914169312,0.0027122499886900187,0.002860710024833679,0.0,-7.423000351991504e-05,0.4880000054836273,0.006500000134110451,0.4945000112056732,0.023250000551342964,0.09324999898672104,0.0,-0.000750000006519258,0.8997606635093689,0.21756161749362946,0.19839081168174744,0.7933348417282104,-0.24587178
289,613,-0.09805198061726342,-0.47801247570625244,0.020948019382736577,0.04998752429374759,0.05419937362255686,0.5815875635110378,0.935417652130127,0.3917476534843445,-1.0,0.8860465288162231,0.3084745705127716,0.49000000953674316,-0.4620000123977661,-0.00774999987334013,-0.6165000200271606,0.0005995500250719488,0.002072730101644993,8.565000462112948e-05,5.7100000958598685e-06,0.23399999737739563,0.00800000037997961,0.24199999868869781,0.007249999791383743,0.07450000196695328,0.004749999847263098,0.0002500000118743628,-0.7017422914505005,-0.9523221254348755,-0.06842466443777084,-0.2736455202102661,-0.06862673
290,614,-0.10207362137290549,-0.4751877960053715,0.016926378627094507,0.05281220399462855,0.05545837343628121,0.5743112774957195,0.9347628355026245,0.39319920539855957,-1.0,0.8860465288162231,0.3084745705127716,0.4808749854564667,-0.46137499809265137,-0.007625000085681677,-0.6127499938011169,0.00022269001055974513,0.0007308800122700632,8.565000462112948e-05,6.28100024187006e-05,0.08349999785423279,0.013000000268220901,0.09650000184774399,0.003000000026077032,0.0377499982714653,0.0020000000949949026,0.0002500000118743628,-0.7671291828155518,0.7045375108718872,-0.829683244228363,-0.4095778167247772,-0.01073981
291,615,-0.10136182785443007,-0.47521339952422204,0.017638172145569925,0.05278660047577799,0.05565546070626101,0.5731804977552047,0.9254102110862732,0.3979867994785309,-1.0,0.8860465288162231,0.3084745705127716,0.468625009059906,-0.4502499997615814,-0.02212500013411045,-0.6201249957084656,0.00020556000526994467,0.0008507900056429207,0.0,0.0,0.0925000011920929,0.0,0.0925000011920929,0.003000000026077032,0.041749998927116394,0.0,-0.0002500000118743628,0.8898666501045227,0.10595927387475967,0.5572247505187988,0.1474832445383072,-0.021251773
292,616,-0.0995992055486859,-0.47619661409481545,0.019400794451314096,0.051803385905184574,0.055317100580052236,0.5751231968168546,0.9270654916763306,0.397943377494812,-1.0,0.8860465288162231,0.3084745705127716,0.47587499022483826,-0.4505000114440918,-0.013249999843537807,-0.6166250109672546,0.0018272000597789884,0.0009764100541360676,8.565000462112948e-05,6.851999933132902e-05,0.24549999833106995,0.013500000350177288,0.2590000033378601,0.017000000923871994,0.04600000008940697,0.003000000026077032,0.0002500000118743628,-0.08749978244304657,-0.0403699092566967,0.3898545801639557,-0.8639997839927673,-0.0012249969
293,617,-0.09905434052389347,-0.47672932589823713,0.01994565947610652,0.05127067410176289,0.05501373787324379,0.5768705551909697,0.9311646223068237,0.39627692103385925,-1.0,0.8860465288162231,0.3084745705127716,0.47600001096725464,-0.4505000114440918,-0.006500000134110451,-0.6324999928474426,0.0014788900734856725,0.0009364400175400078,9.13600015337579e-05,0.0,0.21150000393390656,0.00800000037997961,0.21950000524520874,0.014000000432133675,0.04450000077486038,0.004000000189989805,-0.0002500000118743628,0.5185969471931458,0.18149082362651825,0.24855798482894897,-0.5891457796096802,-0.103409916
294,618,-0.09617063023294514,-0.47656243472871307,0.022829369767054852,0.051437565271286956,0.05627613388461244,0.569633937800783,0.9324317574501038,0.39537402987480164,-1.0,0.8860465288162231,0.3084745705127716,0.4793750047683716,-0.4506250023841858,-0.0024999999441206455,-0.6291249990463257,0.002849290147423744,0.001164840068668127,9.707000572234392e-05,7.423000351991504e-05,0.351500004529953,0.014999999664723873,0.36649999022483826,0.023749999701976776,0.051500000059604645,0.005249999929219484,0.0005000000237487257,0.013090659864246845,-0.6102203130722046,0.7383220791816711,-0.2185729295015335,-0.00018326919
295,619,-0.09913468533491393,-0.477221376400807,0.019865314665086065,0.05077862359919305,0.054526134480370136,0.5796902645029943,0.9391380548477173,0.39565688371658325,-1.0,0.8860465288162231,0.3084745705127716,0.4793750047683716,-0.45087501406669617,0.011125000193715096,-0.6324999928474426,0.0028778400737792253,0.0004967700224369764,9.707000572234392e-05,-7.994000043254346e-05,0.2955000102519989,0.01549999974668026,0.3109999895095825,0.024000000208616257,0.029249999672174454,0.005499999970197678,-0.000750000006519258,0.009743367321789265,-0.3915889263153076,-0.9109414219856262,-0.9701424837112427,-0.043974336
296,620,-0.10123034623125185,-0.47708526745145796,0.017769653768748145,0.05091473254854206,0.05392652951517234,0.5831765576600524,0.9322448968887329,0.39454004168510437,-1.0,0.8860465288162231,0.3084745705127716,0.4793750047683716,-0.45387500524520874,-0.0032500000670552254,-0.6508749723434448,0.0007194600184448063,0.0003140500048175454,6.851999933132902e-05,0.0,0.09049999713897705,0.006000000052154064,0.09650000184774399,0.00800000037997961,0.020749999210238457,0.0002500000118743628,-0.0002500000118743628,-0.6089602708816528,-0.6091347336769104,-0.8797003030776978,-0.5884802341461182,-0.10484816
297,621,-0.10051007918756971,-0.48099674604296083,0.018489920812430283,0.04700325395703919,0.05050923731556301,0.6034498302873148,0.9273712635040283,0.3947707414627075,-1.0,0.8860465288162231,0.3084745705127716,0.4726249873638153,-0.4584999978542328,-0.019500000402331352,-0.6473749876022339,0.0001484600070398301,0.00011420000373618677,7.423000351991504e-05,6.851999933132902e-05,0.023000000044703484,0.012500000186264515,0.03550000116229057,0.0020000000949949026,0.007249999791383743,0.0,0.0002500000118743628,0.937975287437439,-0.8460903167724609,0.6421451568603516,-0.8154573440551758,-0.013131655
298,622,-0.09510718632076248,-0.4812260801389172,0.023892813679237512,0.04677391986108281,0.052523005670674985,0.591419288740984,0.9290463328361511,0.38814109563827515,-1.0,0.8860465288162231,0.3084745705127716,0.4858750104904175,-0.4749999940395355,-0.008124999701976776,-0.6623749732971191,0.00042254000436514616,0.00013133000175002962,7.994000043254346e-05,0.0,0.048500001430511475,0.007000000216066837,0.05550000071525574,0.005499999970197678,0.008750000037252903,0.0012499999720603228,-0.0002500000118743628,-0.7439356446266174,-0.3348200023174286,-0.8535573482513428,-0.9382929801940918,-0.1490933
299,623,-0.09691016102353259,-0.4816026380342677,0.022089838976467407,0.0463973619657323,0.05138750999401937,0.598173101253319,0.9416111707687378,0.3877524137496948,-1.0,0.8860465288162231,0.3084745705127716,0.4762499928474426,-0.4777500033378601,-0.023499999195337296,-0.6588749885559082,0.00011991000064881518,7.423000351991504e-05,0.0,6.28100024187006e-05,0.017000000923871994,0.005499999970197678,0.02250000089406967,0.0010000000474974513,0.0017500000540167093,0.0,0.0002500000118743628,-0.862319827079773,-0.5760246515274048,-0.14611437916755676,0.8271086812019348,-0.0560207
300,624,-0.11031585513142664,-0.4819237777240154,0.008684144868573357,0.046076222275984624,0.04688744641505134,0.6257061267763414,0.9374182224273682,0.38711416721343994,-1.0,0.8860465288162231,0.3084745705127716,0.46274998784065247,-0.4878750145435333,-0.019625000655651093,-0.6431249976158142,9.707000572234392e-05,7.423000351991504e-05,0.0,0.0,0.014999999664723873,0.0,0.014999999664723873,0.0002500000118743628,0.0005000000237487257,-0.0002500000118743628,-0.0002500000118743628,0.22776925563812256,-0.7007956504821777,0.3882408142089844,-0.25160688161849976,-0.05801935
301,625,-0.1521130010862784,-0.4712926493915367,-0.033113001086278404,0.056707350608463325,0.0656673012539046,0.518573756049425,0.9062421917915344,0.3865698575973511,-1.0,0.8860465288162231,0.3084745705127716,0.46650001406669617,-0.5008749961853027,-0.012500000186264515,-0.6397500038146973,9.707000572234392e-05,6.851999933132902e-05,0.0,6.28100024187006e-05,0.014499999582767487,0.005499999970197678,0.019999999552965164,0.0,0.0002500000118743628,0.0,0.0005000000237487257,-0.12092580646276474,-0.675940752029419,0.5892783403396606,0.06216572970151901,-0.0016929612
302,626,-0.13205953626337902,-0.4772135741393653,-0.013059536263379024,0.0507864258606347,0.05243865500861227,0.5919183652841966,0.8090395331382751,0.4045887291431427,-1.0,0.8860465288162231,0.3084745705127716,0.4647499918937683,-0.5133749842643738,-0.0016250000335276127,-0.6384999752044678,0.0,0.0,7.423000351991504e-05,5.7100001868093386e-05,0.0,0.011500000022351742,0.011500000022351742,-0.0002500000118743628,0.0,0.0002500000118743628,0.0002500000118743628,-0.786549985408783,-0.3283301591873169,0.5678622126579285,-0.2707423269748688,-0.18178563
303,627,-0.11675790579598433,-0.4810497666714186,0.0022420942040156655,0.04695023332858145,0.047003738106962525,0.6249789054660605,0.8556755185127258,0.3945532739162445,-1.0,0.8860465288162231,0.3084745705127716,0.46825000643730164,-0.5098749995231628,0.00912499986588955,-0.6431249976158142,8.565000462112948e-05,7.994000043254346e-05,7.423000351991504e-05,-6.28100024187006e-05,0.014499999582767487,0.012000000104308128,0.026499999687075615,0.0002500000118743628,0.0005000000237487257,0.0,-0.0005000000237487257,0.1608678251504898,-0.5630119442939758,-0.667709231376648,0.5222523808479309,-0.0011260748
304,628,-0.09788238636113467,-0.48788737086651957,0.02111761363886533,0.04011262913348046,0.045331849971080335,0.6355156898255592,0.8912606835365295,0.38805124163627625,-1.0,0.8860465288162231,0.3084745705127716,0.47099998593330383,-0.5201249718666077,-0.003375000087544322,-0.6334999799728394,9.707000572234392e-05,0.0,0.0,0.0,0.008500000461935997,0.0,0.008500000461935997,0.0002500000118743628,0.0,0.0,-0.0002500000118743628,0.45729929208755493,-0.2855929136276245,-0.9287813305854797,-0.8917480707168579,-0.32857603
305,629,-0.09590015312379169,-0.48479693182588934,0.023099846876208308,0.04320306817411068,0.04899089737248264,0.6126821618212733,0.9351572394371033,0.37646207213401794,-1.0,0.8860465288162231,0.3084745705127716,0.4788750112056732,-0.5177500247955322,0.000375000003259629,-0.6298750042915344,0.00010278000263497233,8.565000462112948e-05,0.0,6.28100024187006e-05,0.016499999910593033,0.005499999970197678,0.02199999988079071,0.0002500000118743628,0.002749999985098839,0.0,0.0,-0.5197884440422058,0.9454545974731445,-0.8131601810455322,0.35929110646247864,-0.12594545
306,630,-0.12868269485860553,-0.4766656314798013,-0.00968269485860554,0.051334368520198737,0.05223956327432722,0.5930979997108635,0.939767062664032,0.3817001283168793,-1.0,0.8860465288162231,0.3084745705127716,0.46974998712539673,-0.5012500286102295,0.004000000189989805,-0.6232500076293945,0.00010278000263497233,0.00010278000263497233,7.994000043254346e-05,6.28100024187006e-05,0.017999999225139618,0.012500000186264515,0.030500000342726707,0.0005000000237487257,0.004999999888241291,0.0002500000118743628,0.0,-0.26925599575042725,-0.49574124813079834,0.9500115513801575,0.48349636793136597,-0.0018847913
307,631,-0.12665607072938456,-0.47804431699403616,-0.0076560707293845676,0.04995568300596387,0.05053895214194381,0.6032705428567433,0.8635286092758179,0.39548197388648987,-1.0,0.8860465288162231,0.3084745705127716,0.46549999713897705,-0.5081250071525574,0.02187499962747097,-0.6143749952316284,0.0,7.423000351991504e-05,0.0,0.0,0.006500000134110451,0.0,0.006500000134110451,-0.0002500000118743628,0.0002500000118743628,0.0,0.0002500000118743628,-0.3292219340801239,-0.7616260647773743,0.29096806049346924,0.9972572922706604,-0.06350664
308,632,-0.09017174502719316,-0.48815192813498465,0.028828254972806833,0.03984807186501538,0.04918269122502948,0.611508201251218,0.8682416677474976,0.39314523339271545,-1.0,0.8860465288162231,0.3084745705127716,0.46912500262260437,-0.5221250057220459,0.027124999091029167,-0.5954999923706055,4.568000076687895e-05,0.0,7.994000043254346e-05,-6.28100024187006e-05,0.004000000189989805,0.012500000186264515,0.016499999910593033,0.0,-0.0002500000118743628,0.0002500000118743628,-0.0002500000118743628,0.43084242939949036,0.4064181447029114,-0.9475058317184448,-0.07222794741392136,0.0
309,633,-0.09005401366730736,-0.4871740780715407,0.02894598633269263,0.04082592192845935,0.0500462388804702,0.606250271555042,0.9530889391899109,0.3760136663913727,-1.0,0.8860465288162231,0.3084745705127716,0.47699999809265137,-0.5167499780654907,0.009624999947845936,-0.5964999794960022,9.707000572234392e-05,9.13600015337579e-05,0.0,-6.851999933132902e-05,0.016499999910593033,0.006000000052154064,0.02250000089406967,0.0002500000118743628,0.004000000189989805,-0.0002500000118743628,-0.000750000006519258,0.22540168464183807,0.6535041332244873,-0.09152653068304062,-0.22894704341888428,-0.034983184
310,634,-0.09286344075453434,-0.48789196898538684,0.02613655924546565,0.04010803101461319,0.04787247519254576,0.6195729974996621,0.953362762928009,0.3776710629463196,-1.0,0.8860465288162231,0.3084745705127716,0.4802500009536743,-0.5065000057220459,0.013124999590218067,-0.6007500290870667,0.00016558999777771533,0.00011991000064881518,6.851999933132902e-05,-6.851999933132902e-05,0.02500000037252903,0.012000000104308128,0.03700000047683716,0.0020000000949949026,0.00800000037997961,0.0002500000118743628,-0.000750000006519258,0.5176252722740173,-0.38222527503967285,-0.06764750927686691,-0.29653775691986084,0.0
311,635,-0.09264965780910314,-0.48781156422014266,0.026350342190896853,0.04018843577985737,0.04805674670646234,0.6184323522222761,0.9468291997909546,0.37645429372787476,-1.0,0.8860465288162231,0.3084745705127716,0.4894999861717224,-0.5106250047683716,0.012000000104308128,-0.6065000295639038,0.00020556000526994467,7.994000043254346e-05,2.2840000383439474e-05,-6.28100024187006e-05,0.02500000037252903,0.007499999832361937,0.032499998807907104,0.002749999985098839,0.0020000000949949026,0.0,-0.0002500000118743628,0.19997210800647736,0.42385098338127136,0.4914292097091675,-0.28505250811576843,0.0
312,636,-0.09081489725732236,-0.48783338079375194,0.02818510274267763,0.04016661920624809,0.049068903748453886,0.6122044170305387,0.9473263621330261,0.3765905797481537,-1.0,0.8860465288162231,0.3084745705127716,0.492374986410141,-0.5091249942779541,0.020375000312924385,-0.6117500066757202,0.0003140500048175454,0.0002169799990952015,7.994000043254346e-05,-6.28100024187006e-05,0.04650000110268593,0.012500000186264515,0.05900000035762787,0.0042500002309679985,0.014750000089406967,0.001500000013038516,-0.0002500000118743628,0.20505215227603912,-0.0076223923824727535,-0.30540233850479126,0.4308081865310669,0.0
313,637,-0.08810351117332557,-0.4859385714447765,0.030896488826674423,0.042061428555223546,0.05218962343151167,0.5933942658909364,0.951593279838562,0.37655359506607056,-1.0,0.8860465288162231,0.3084745705127716,0.4958750009536743,-0.5091249942779541,0.01549999974668026,-0.6038749814033508,0.00037115000304766,0.00021127000218257308,0.0,0.0,0.050999999046325684,0.0,0.050999999046325684,0.004749999847263098,0.014499999582767487,0.0,0.0,-0.17715544998645782,0.6536046266555786,0.8931628465652466,0.5823502540588379,0.0
314,638,-0.08391999143981,-0.48567623832101786,0.03508000856019,0.042323761678982164,0.05497188193287804,0.5771120603251346,0.9578987956047058,0.379765123128891,-1.0,0.8860465288162231,0.3084745705127716,0.4945000112056732,-0.5017499923706055,0.03099999949336052,-0.5929999947547913,0.00010848999954760075,0.0003939900198020041,7.994000043254346e-05,0.0,0.04399999976158142,0.007000000216066837,0.050999999046325684,0.0010000000474974513,0.024250000715255737,0.0022499999031424522,0.0,0.8368568420410156,-0.2029007077217102,0.49603578448295593,-0.8406718969345093,-0.12488064
315,639,-0.08318091442466735,-0.4840185062726801,0.03581908557533264,0.04398149372731991,0.056721941803320554,0.5671001167823191,0.9676279425621033,0.3802097737789154,-1.0,0.8860465288162231,0.3084745705127716,0.5055000185966492,-0.5019999742507935,0.039250001311302185,-0.5893750190734863,0.0009764100541360676,0.0002512400096748024,9.13600015337579e-05,6.28100024187006e-05,0.10750000178813934,0.013500000350177288,0.12099999934434891,0.010250000283122063,0.017249999567866325,0.0042500002309679985,0.0002500000118743628,-0.9359769821166992,0.9780893921852112,0.8652018904685974,-0.9572061896324158,0.0
316,640,-0.08216617678738763,-0.4812715688413879,0.03683382321261236,0.04672843115861214,0.059500225302120784,0.5515613231870713,0.9693467020988464,0.38301947712898254,-1.0,0.8860465288162231,0.3084745705127716,0.4918749928474426,-0.4908750057220459,0.055125001817941666,-0.6072499752044678,0.00017701000615488738,0.0005824200343340635,9.707000572234392e-05,1.1420000191719737e-05,0.06650000065565109,0.009499999694526196,0.07599999755620956,0.0024999999441206455,0.03150000050663948,0.004749999847263098,0.0002500000118743628,-0.5184067487716675,0.917866587638855,-0.33389413356781006,0.5573564767837524,0.0
317,641,-0.07885531526820064,-0.4771652240154822,0.04014468473179936,0.0508347759845178,0.0647747648518439,0.5232229325263613,0.9717065691947937,0.38767531514167786,-1.0,0.8860465288162231,0.3084745705127716,0.48212501406669617,-0.4778749942779541,0.05112500116229057,-0.5966249704360962,0.0002169799990952015,0.0008336600149050355,6.851999933132902e-05,0.0,0.09200000017881393,0.006000000052154064,0.09799999743700027,0.002749999985098839,0.03974999859929085,0.0002500000118743628,-0.0002500000118743628,-0.8398122787475586,0.46198713779449463,0.9862009882926941,0.17115344107151031,-0.0034615875
318,642,-0.08174782309588763,-0.47819322871866404,0.037252176904112366,0.04980677128133598,0.06219677764616586,0.5368869240091034,0.9794062376022339,0.3946352005004883,-1.0,0.8860465288162231,0.3084745705127716,0.46674999594688416,-0.46537500619888306,0.06724999845027924,-0.5929999947547913,0.0001827200030675158,0.0005938400281593204,9.707000572234392e-05,0.0,0.06800000369548798,0.008500000461935997,0.07649999856948853,0.0022499999031424522,0.03200000151991844,0.004749999847263098,0.0,0.8512701392173767,0.31730273365974426,-0.9087112545967102,0.7397233247756958,0.0
319,643,-0.08813493903189851,-0.479052929624583,0.030865060968101488,0.04894707037541701,0.057865945830865385,0.5606494369768233,0.9726794958114624,0.39289283752441406,-1.0,0.8860465288162231,0.3084745705127716,0.47699999809265137,-0.46549999713897705,0.05225000157952309,-0.5792499780654907,0.0015645400853827596,0.0009706999990157783,6.851999933132902e-05,6.28100024187006e-05,0.22200000286102295,0.011500000022351742,0.23350000381469727,0.013500000350177288,0.04399999976158142,0.000750000006519258,0.0,0.9440586566925049,-0.45456206798553467,-0.9565011262893677,-0.7298479080200195,-0.11158175
320,644,-0.08625200135249314,-0.4788694098238001,0.032747998647506854,0.04913059017619992,0.059044443485215634,0.554080977107571,0.9578257203102112,0.3914357125759125,-1.0,0.8860465288162231,0.3084745705127716,0.4906249940395355,-0.4662500023841858,0.03424999862909317,-0.5758749842643738,0.0025809200014919043,0.00048534999950788915,7.423000351991504e-05,7.423000351991504e-05,0.2685000002384186,0.013000000268220901,0.2815000116825104,0.0215000007301569,0.02850000001490116,0.0010000000474974513,0.000750000006519258,-0.7653908729553223,0.989449143409729,0.483087420463562,-0.812954306602478,0.0
321,645,-0.08995595552797955,-0.47987976942959576,0.02904404447202044,0.048120230570404265,0.05620598819913738,0.5700336516057565,0.96220463514328,0.39174675941467285,-1.0,0.8860465288162231,0.3084745705127716,0.48512500524520874,-0.4658749997615814,0.04062499850988388,-0.590624988079071,0.0002969200140796602,0.0017758100293576717,9.707000572234392e-05,0.0,0.18150000274181366,0.008500000461935997,0.1899999976158142,0.004000000189989805,0.06475000083446503,0.0062500000931322575,0.0,0.8675228357315063,0.964554488658905,-0.9855707287788391,-0.3651514947414398,-0.12036712
322,646,-0.09501819750565313,-0.4797571724436963,0.023981802494346866,0.04824282755630371,0.05387482957286379,0.5834781375555181,0.9535908102989197,0.3900342881679535,-1.0,0.8860465288162231,0.3084745705127716,0.492125004529953,-0.4662500023841858,0.02500000037252903,-0.5871250033378601,0.0026665700133889914,0.0025752100627869368,7.423000351991504e-05,6.851999933132902e-05,0.45899999141693115,0.012500000186264515,0.4715000092983246,0.02250000089406967,0.08500000089406967,0.000750000006519258,0.0005000000237487257,-0.6968153715133667,-0.4306100308895111,-0.9462130069732666,-0.5510591864585876,-0.006938997
323,647,-0.09844562385809272,-0.47908199896959874,0.020554376141907277,0.04891800103040128,0.05306084435243514,0.5882469457258762,0.941818118095398,0.3902420699596405,-1.0,0.8860465288162231,0.3084745705127716,0.4883750081062317,-0.4658749997615814,0.00774999987334013,-0.597000002861023,0.0003026300109922886,0.0017758100293576717,6.851999933132902e-05,-1.1420000191719737e-05,0.18199999630451202,0.007000000216066837,0.1889999955892563,0.004000000189989805,0.06549999862909317,0.0,-0.0002500000118743628,-0.14052976667881012,-0.9871696829795837,-0.9045678377151489,-0.893218994140625,-0.13118629
324,648,-0.10206593353868565,-0.47890973288309474,0.016934066461314345,0.049090267116905284,0.05192896044140806,0.5949430427946719,0.9338473677635193,0.3913864493370056,-1.0,0.8860465288162231,0.3084745705127716,0.48637500405311584,-0.4657500088214874,-0.00925000011920929,-0.593500018119812,0.00019414001144468784,0.00047964000259526074,7.423000351991504e-05,6.28100024187006e-05,0.05900000035762787,0.012000000104308128,0.07100000232458115,0.002749999985098839,0.02824999950826168,0.0002500000118743628,0.0002500000118743628,-0.5958619117736816,-0.14851312339305878,-0.7884345650672913,0.9412128329277039,0.0
325,649,-0.10304916259862179,-0.48000511075984365,0.015950837401378204,0.04799488924015638,0.050576067531789025,0.6030466781896325,0.925428032875061,0.39167842268943787,-1.0,0.8860465288162231,0.3084745705127716,0.47574999928474426,-0.4651249945163727,-0.023874999955296516,-0.5755000114440918,0.0001484600070398301,0.00033117999555543065,0.0,-6.28100024187006e-05,0.041999999433755875,0.005499999970197678,0.04749999940395355,0.0017500000540167093,0.0215000007301569,0.0,-0.0005000000237487257,0.591333270072937,-0.7840060591697693,-0.8697801828384399,0.03372453898191452,-0.12837364
326,650,-0.10007975627985394,-0.48460873540913557,0.018920243720146057,0.04339126459086445,0.04733685102775779,0.6229004836474414,0.9231414794921875,0.389821857213974,-1.0,0.8860465288162231,0.3084745705127716,0.4841249883174896,-0.47337499260902405,-0.020625000819563866,-0.5752500295639038,0.0006052600219845772,0.0001256200048374012,7.994000043254346e-05,6.28100024187006e-05,0.06400000303983688,0.012500000186264515,0.07649999856948853,0.007000000216066837,0.008750000037252903,0.0010000000474974513,0.0002500000118743628,0.6936832666397095,-0.9244025945663452,0.5344160199165344,-0.08597274124622345,0.0
327,651,-0.09924293108348661,-0.48557097411897354,0.01975706891651338,0.04242902588102648,0.04680346151071173,0.6262318461999379,0.9300470948219299,0.3820191025733948,-1.0,0.8860465288162231,0.3084745705127716,0.49787500500679016,-0.49037501215934753,-0.01075000036507845,-0.5762500166893005,0.00041112001053988934,0.0001256200048374012,7.994000043254346e-05,-6.851999933132902e-05,0.04699999839067459,0.013000000268220901,0.05999999865889549,0.005499999970197678,0.008249999955296516,0.0012499999720603228,-0.000750000006519258,0.9865115284919739,0.1683368682861328,-0.7051565647125244,0.6195247173309326,0.0
328,652,-0.10119226185942737,-0.4888729524178702,0.017807738140572626,0.039127047582129815,0.04298885192904616,0.6505816179811544,0.9319931864738464,0.38038817048072815,-1.0,0.8860465288162231,0.3084745705127716,0.512374997138977,-0.492125004529953,-0.023375000804662704,-0.5651249885559082,0.0013818200677633286,0.00025695000658743083,6.851999933132902e-05,6.851999933132902e-05,0.14350000023841858,0.012000000104308128,0.15549999475479126,0.013249999843537807,0.017999999225139618,0.0002500000118743628,0.0,0.3668474853038788,-0.9548944234848022,-0.9551223516464233,-0.12935960292816162,-0.1386147
329,653,-0.09697735118780976,-0.4933021707206868,0.022022648812190238,0.03469782927931325,0.0410966716097719,0.6630089987602109,0.9274598360061646,0.37479159235954285,-1.0,0.8860465288162231,0.3084745705127716,0.5217499732971191,-0.5071250200271606,-0.020124999806284904,-0.5672500133514404,0.0007365900091826916,0.00017701000615488738,7.423000351991504e-05,-6.851999933132902e-05,0.07999999821186066,0.012500000186264515,0.0925000011920929,0.008249999955296516,0.012249999679625034,0.0012499999720603228,-0.0005000000237487257,0.9658686518669128,-0.9109641313552856,0.295441210269928,-0.34689125418663025,0.0
330,654,-0.09937117376946561,-0.4940655649922415,0.019628826230534385,0.0339344350077585,0.03920250882895507,0.6756871619128143,0.9372619986534119,0.3672844469547272,-1.0,0.8860465288162231,0.3084745705127716,0.5396249890327454,-0.5246250033378601,-0.015124999918043613,-0.5737500190734863,0.0007879800396040082,0.0001884299999801442,7.994000043254346e-05,-6.28100024187006e-05,0.08550000190734863,0.012500000186264515,0.09799999743700027,0.008500000461935997,0.013249999843537807,0.0022499999031424522,-0.0005000000237487257,-0.36143386363983154,-0.096440888941288,-0.8293063640594482,0.582990288734436,0.0
331,655,-0.10313040062131754,-0.4957839662679106,0.01586959937868246,0.03221603373208942,0.03591263028332793,0.6982861502624492,0.9316949248313904,0.3659905791282654,-1.0,0.8860465288162231,0.3084745705127716,0.5362499952316284,-0.5246250033378601,-0.029500000178813934,-0.5631250143051147,0.0001541700039524585,0.0001484600070398301,0.0,0.0,0.026499999687075615,0.0,0.026499999687075615,0.0017500000540167093,0.009750000201165676,0.0,0.0,0.284182071685791,-0.8434962034225464,-0.9929420351982117,-0.22451607882976532,-0.19409499
332,656,-0.10055209766202197,-0.4949799595005137,0.018447902337978023,0.033020040499486314,0.03782391010008473,0.6850666809528592,0.9229525327682495,0.3630780279636383,-1.0,0.8860465288162231,0.3084745705127716,0.5406249761581421,-0.5379999876022339,-0.026249999180436134,-0.559499979019165,0.0002797899942379445,9.707000572234392e-05,7.423000351991504e-05,4.568000076687895e-05,0.032999999821186066,0.010499999858438969,0.04349999874830246,0.0035000001080334187,0.004999999888241291,0.0010000000474974513,0.0002500000118743628,-0.27412617206573486,0.6883866786956787,-0.8725018501281738,-0.6476788520812988,0.0
333,657,-0.10396589406789775,-0.4979309932450831,0.015034105932102249,0.030069006754916916,0.03361799381886003,0.7144945293971158,0.9289485812187195,0.3644407391548157,-1.0,0.8860465288162231,0.3084745705127716,0.5366250276565552,-0.5327500104904175,-0.041999999433755875,-0.5713750123977661,0.00013133000175002962,0.0003197600017301738,0.0,0.0,0.039500001817941666,0.0,0.039500001817941666,0.0012499999720603228,0.020250000059604645,0.0,-0.0002500000118743628,0.972213864326477,-0.9560433030128479,0.8579878807067871,-0.8954392075538635,-0.13145271
334,658,-0.09854168144049416,-0.4982367182626975,0.020458318559505834,0.029763281737302527,0.03611641923081892,0.696864569270809,0.9210095405578613,0.3594389855861664,-1.0,0.8860465288162231,0.3084745705127716,0.5522500276565552,-0.5446249842643738,-0.026624999940395355,-0.5678750276565552,0.0005253200070001185,0.0001256200048374012,7.423000351991504e-05,6.851999933132902e-05,0.05700000002980232,0.012500000186264515,0.06949999928474426,0.0062500000931322575,0.008249999955296516,0.0012499999720603228,0.0002500000118743628,0.61284339427948,0.9203548431396484,0.1413438320159912,-0.6562740206718445,0.0
335,659,-0.09616222590748655,-0.49918372218185075,0.022837774092513446,0.028816277818149272,0.03676876109951816,0.6923334252606345,0.9336239695549011,0.3589208126068115,-1.0,0.8860465288162231,0.3084745705127716,0.5605000257492065,-0.543874979019165,-0.02512500062584877,-0.5798749923706055,0.0012733300682157278,0.0008736300515010953,9.13600015337579e-05,0.0,0.18799999356269836,0.00800000037997961,0.19599999487400055,0.012500000186264515,0.04125000163912773,0.0035000001080334187,-0.0002500000118743628,0.48220425844192505,-0.6528829336166382,0.542060375213623,0.8483269214630127,0.0
336,660,-0.0981130806147966,-0.49912860980262974,0.0208869193852034,0.028871390197370284,0.03563454185664233,0.7002307057702312,0.9391576051712036,0.35731571912765503,-1.0,0.8860465288162231,0.3084745705127716,0.5673750042915344,-0.5454999804496765,-0.01549999974668026,-0.5641250014305115,0.0018671700963750482,0.000308340007904917,9.13600015337579e-05,6.851999933132902e-05,0.19050000607967377,0.014000000432133675,0.2045000046491623,0.016750000417232513,0.020250000059604645,0.0044999998062849045,0.0,-0.8888716101646423,-0.624550461769104,-0.026112563908100128,0.7282555103302002,0.0
337,661,-0.09506963398601775,-0.5009935016452398,0.02393036601398224,0.02700649835476021,0.03608342238409243,0.6970945505458203,0.93462073802948,0.35740914940834045,-1.0,0.8860465288162231,0.3084745705127716,0.5583750009536743,-0.550125002861023,-0.014875000342726707,-0.5504999756813049,0.00014275001012720168,0.00010848999954760075,7.994000043254346e-05,0.0,0.02199999988079071,0.007000000216066837,0.028999999165534973,0.001500000013038516,0.0062500000931322575,0.0024999999441206455,0.0,0.43836310505867004,-0.3672417402267456,0.6612403392791748,-0.42644569277763367,-0.07517349
338,662,-0.09195233052014115,-0.5033160603657144,0.027047669479858844,0.024683939634285612,0.03661793686379318,0.6933784197123043,0.9416985511779785,0.3542483150959015,-1.0,0.8860465288162231,0.3084745705127716,0.5642499923706055,-0.5571249723434448,-0.002374999923631549,-0.546875,0.00048534999950788915,0.00010848999954760075,8.565000462112948e-05,6.851999933132902e-05,0.052000001072883606,0.013500000350177288,0.06549999862909317,0.006000000052154064,0.006500000134110451,0.0022499999031424522,0.0002500000118743628,0.39877593517303467,-0.7357306480407715,0.40558549761772156,-0.39436012506484985,0.0
339,663,-0.08965108118905413,-0.5038208602093218,0.029348918810945868,0.024179139790678206,0.03802617304421588,0.683682445284523,0.948948085308075,0.3503117561340332,-1.0,0.8860465288162231,0.3084745705127716,0.5721250176429749,-0.5703750252723694,0.005375000182539225,-0.5541250109672546,0.0003825699968729168,9.707000572234392e-05,7.423000351991504e-05,0.0,0.041999999433755875,0.006500000134110451,0.048500001430511475,0.004999999888241291,0.005499999970197678,0.0017500000540167093,0.0,0.7600240707397461,0.7840319275856018,0.0761835128068924,-0.22805431485176086,-0.051366523
340,664,-0.09171570565638962,-0.5046962989249458,0.027284294343610377,0.023303701075054195,0.03588168337222003,0.6985022816979265,0.954299807548523,0.34945616126060486,-1.0,0.8860465288162231,0.3084745705127716,0.5832499861717224,-0.5697500109672546,0.005499999970197678,-0.5507500171661377,0.001147710019722581,0.0006395200034603477,9.13600015337579e-05,6.851999933132902e-05,0.15649999678134918,0.014000000432133675,0.1704999953508377,0.011250000447034836,0.03350000083446503,0.0042500002309679985,0.000750000006519258,-0.4259675443172455,-0.777790367603302,0.08322788774967194,-0.9730739593505859,0.0
341,665,-0.08682767706828018,-0.5052035002101812,0.032172322931719816,0.02279649978981879,0.039430175823727605,0.6741505950487223,0.9494983553886414,0.3479723632335663,-1.0,0.8860465288162231,0.3084745705127716,0.5799999833106995,-0.5709999799728394,0.007625000085681677,-0.5684999823570251,0.00017130000924225897,0.00010848999954760075,9.13600015337579e-05,5.7100001868093386e-05,0.02449999935925007,0.013000000268220901,0.03750000149011612,0.0020000000949949026,0.007000000216066837,0.003000000026077032,0.0,0.705201268196106,0.8808391690254211,0.8824436068534851,0.6946335434913635,0.0
342,666,-0.08435690275215052,-0.5081107304526309,0.034643097247849475,0.019889269547369137,0.03994655467060784,0.6706783965444997,0.96086585521698,0.3471127152442932,-1.0,0.8860465288162231,0.3084745705127716,0.5868750214576721,-0.5709999799728394,0.02199999988079071,-0.5557500123977661,0.0015873800730332732,0.0008336600149050355,0.00011420000373618677,6.851999933132902e-05,0.21199999749660492,0.01600000075995922,0.2280000001192093,0.014499999582767487,0.03999999910593033,0.007249999791383743,0.0005000000237487257,0.864001452922821,-0.9854275584220886,0.30881309509277344,0.42191898822784424,0.0
343,667,-0.08013645637316863,-0.5091939309822217,0.038863543626831365,0.01880606901777837,0.04317456722581094,0.6493745096379893,0.9666118621826172,0.34218519926071167,-1.0,0.8860465288162231,0.3084745705127716,0.6008750200271606,-0.5818750262260437,0.027000000700354576,-0.5478749871253967,0.002175510162487626,0.00042254000436514616,0.00013133000175002962,7.423000351991504e-05,0.22750000655651093,0.017999999225139618,0.24549999833106995,0.01875000074505806,0.02500000037252903,0.008750000037252903,0.0005000000237487257,0.20761744678020477,-0.611008882522583,0.6297364830970764,-0.9045814275741577,-0.013752582
344,668,-0.0819563722599139,-0.5100650891929134,0.0370436277400861,0.017934910807086646,0.041156911713638444,0.6626097217252379,0.9764268398284912,0.3403492569923401,-1.0,0.8860465288162231,0.3084745705127716,0.6044999957084656,-0.5891249775886536,0.039000000804662704,-0.5642499923706055,0.0016159299993887544,0.0002512400096748024,0.00013703999866265804,-6.851999933132902e-05,0.16349999606609344,0.017999999225139618,0.18150000274181366,0.014750000089406967,0.016750000417232513,0.008249999955296516,-0.0005000000237487257,0.015955494716763496,0.22775965929031372,-0.7253408432006836,0.9011297821998596,0.0
345,669,-0.08116589562139229,-0.5093980017367558,0.03783410437860771,0.018601998263244268,0.0421598599798093,0.6559973040029504,0.972194492816925,0.3388727307319641,-1.0,0.8860465288162231,0.3084745705127716,0.6052500009536743,-0.5891249775886536,0.028999999165534973,-0.5476250052452087,0.0014674700796604156,0.00042254000436514616,7.994000043254346e-05,0.0,0.1655000001192093,0.007000000216066837,0.17249999940395355,0.013749999925494194,0.02525000087916851,0.0012499999720603228,0.0,-0.12326878309249878,0.9941394329071045,0.016792520880699158,0.5714974403381348,0.0
346,670,-0.08251573808660534,-0.509052183865447,0.036484261913394656,0.018947816134552986,0.04111108249163486,0.6629134602007986,0.9740328192710876,0.3400034010410309,-1.0,0.8860465288162231,0.3084745705127716,0.6052500009536743,-0.5883749723434448,0.028999999165534973,-0.5371249914169312,0.0008622099994681776,0.001638769987039268,7.423000351991504e-05,6.28100024187006e-05,0.21899999678134918,0.012000000104308128,0.23100000619888306,0.00925000011920929,0.061000000685453415,0.0017500000540167093,0.0002500000118743628,-0.06384698301553726,-0.08294101059436798,0.3597937226295471,0.49687284231185913,0.0
347,671,-0.08042284229208735,-0.5095149238863418,0.038577157707912646,0.01848507611365824,0.04277727358947625,0.6519595649706702,0.9708936214447021,0.3405895233154297,-1.0,0.8860465288162231,0.3084745705127716,0.6052500009536743,-0.5883749723434448,0.03187499940395355,-0.5277500152587891,0.0006109700188972056,0.0015074399998411536,0.00013133000175002962,6.28100024187006e-05,0.18549999594688416,0.017000000923871994,0.20250000059604645,0.007000000216066837,0.057999998331069946,0.00925000011920929,0.0,0.35533785820007324,-0.5124291181564331,0.29165756702423096,0.21907643973827362,0.0
348,672,-0.080145403724759,-0.5103445493788062,0.03885459627524099,0.01765545062119378,0.04267779971307545,0.6526084170881855,0.975760817527771,0.3398052155971527,-1.0,0.8860465288162231,0.3084745705127716,0.606124997138977,-0.5883749723434448,0.0364999994635582,-0.5241249799728394,0.0021526701748371124,0.0008108200272545218,0.0001598800008650869,7.423000351991504e-05,0.25949999690055847,0.020500000566244125,0.2800000011920929,0.01850000023841858,0.039000000804662704,0.01075000036507845,0.000750000006519258,0.751838207244873,-0.31623974442481995,-0.0003458261489868164,-0.8304629325866699,-0.049675457
349,673,-0.07894922460435583,-0.5094886544164354,0.04005077539564417,0.018511345583564598,0.04412181461710854,0.6432523682252062,0.9764060378074646,0.33839908242225647,-1.0,0.8860465288162231,0.3084745705127716,0.609499990940094,-0.5886250138282776,0.0364999994635582,-0.5391250252723694,0.003037719987332821,0.0004967700224369764,0.0001541700039524585,-7.423000351991504e-05,0.3095000088214874,0.019999999552965164,0.3294999897480011,0.024250000715255737,0.02775000035762787,0.01075000036507845,-0.0002500000118743628,-0.9105477929115295,-0.5086833834648132,0.35291028022766113,-0.11684180796146393,0.0
350,674,-0.07706629207133409,-0.5099109904846564,0.04193370792866591,0.018089009515343646,0.04566889670106834,0.6333773106672961,0.9791878461837769,0.3398497402667999,-1.0,0.8860465288162231,0.3084745705127716,0.6028749942779541,-0.590624988079071,0.04500000178813934,-0.5411249995231628,0.00025695000658743083,0.0001884299999801442,0.00011420000373618677,-6.851999933132902e-05,0.039000000804662704,0.01600000075995922,0.054999999701976776,0.0035000001080334187,0.012749999761581421,0.006750000175088644,-0.0005000000237487257,0.6300985813140869,0.8450509905815125,0.2601187825202942,-0.7397036552429199,0.0
351,675,-0.074913269284619,-0.5109860280879212,0.044086730715380995,0.017013971912078873,0.04725584689110467,0.6234052632249959,0.9835667610168457,0.3391339182853699,-1.0,0.8860465288162231,0.3084745705127716,0.6073750257492065,-0.590749979019165,0.04724999889731407,-0.5550000071525574,0.002072730101644993,0.0009935400448739529,0.00017130000924225897,-6.851999933132902e-05,0.2685000002384186,0.020999999716877937,0.28949999809265137,0.017999999225139618,0.04450000077486038,0.012000000104308128,-0.0002500000118743628,0.6151751279830933,-0.8695813417434692,0.38100919127464294,0.13321757316589355,-0.03909561
352,676,-0.07064556678239278,-0.5141124041251386,0.04835443321760721,0.013887595874861436,0.05030920920646143,0.6046581076164901,0.9885737895965576,0.3373118042945862,-1.0,0.8860465288162231,0.3084745705127716,0.6107500195503235,-0.5952500104904175,0.054749999195337296,-0.5533750057220459,0.002706540049985051,0.00033117999555543065,0.00016558999777771533,7.994000043254346e-05,0.26600000262260437,0.0215000007301569,0.2874999940395355,0.02199999988079071,0.020999999716877937,0.011250000447034836,0.0012499999720603228,0.9099021553993225,-0.8266716003417969,0.7918781638145447,-0.5185752511024475,-0.06883228
353,677,-0.06719067670902643,-0.5144198326804844,0.05180932329097357,0.013580167319515613,0.05355956426535466,0.5853205444089399,0.9984986782073975,0.3320128619670868,-1.0,0.8860465288162231,0.3084745705127716,0.6202499866485596,-0.6101250052452087,0.06937500089406967,-0.562125027179718,0.0017015800112858415,0.0002969200140796602,0.00017130000924225897,-7.423000351991504e-05,0.17499999701976776,0.0215000007301569,0.1965000033378601,0.01549999974668026,0.019750000908970833,0.011500000022351742,-0.0005000000237487257,0.22300323843955994,0.41726404428482056,0.7199622988700867,0.940765380859375,-1.0
