step,action_count,cube_x,cube_y,dist_to_goal_x,dist_to_goal_y,dist_to_goal,distance_reward,obs_cube_x_norm,obs_cube_y_norm,obs_cube_yaw_norm,obs_goal_x_norm,obs_goal_y_norm,obs_motor_16_pos_delta_norm,obs_motor_17_pos_delta_norm,obs_motor_18_pos_delta_norm,obs_motor_19_pos_delta_norm,obs_motor_16_current_norm,obs_motor_17_current_norm,obs_motor_18_current_norm,obs_motor_19_current_norm,obs_horizontal_tension_norm,obs_vertical_tension_norm,obs_total_tension_norm,obs_motor_16_target_error_norm,obs_motor_17_target_error_norm,obs_motor_18_target_error_norm,obs_motor_19_target_error_norm,action_m16,action_m17,action_m18,action_m19,total_safety_penalty
1,5673,-0.11899014071978553,-0.559145987980016,0.24600985928021446,-0.07114598798001603,0.2560910042713791,0.07723442182884221,0.9047789573669434,0.2518855631351471,-1.0,0.3139534890651703,0.37627118825912476,-0.0001250000059371814,0.0,0.0,0.0,9.707000572234392e-05,0.0,0.0,6.851999933132902e-05,0.008500000461935997,0.006000000052154064,0.014499999582767487,0.0002500000118743628,0.0,0.0,0.0,-0.15048660337924957,-0.9944958686828613,-0.6749675273895264,-0.9820646047592163,-0.24833564
2,5674,-0.11242974739972827,-0.5631231341411596,0.2525702526002717,-0.07512313414115956,0.2635056314042562,0.07171493073721301,0.8860694169998169,0.2556847631931305,-1.0,0.3139534890651703,0.37627118825912476,-0.0028750000055879354,0.003874999936670065,0.0021250001154839993,-0.01862500049173832,9.707000572234392e-05,0.0,8.565000462112948e-05,6.851999933132902e-05,0.008500000461935997,0.013500000350177288,0.02199999988079071,0.0002500000118743628,-0.0002500000118743628,0.0032500000670552254,0.0005000000237487257,0.8836809396743774,0.4309377670288086,-0.053668856620788574,0.052369266748428345,0.0
3,5675,-0.11584216616568782,-0.5653888880344522,0.24915783383431217,-0.07738888803445221,0.2608997243237633,0.07360831800671211,0.9013261795043945,0.24894383549690247,-1.0,0.3139534890651703,0.37627118825912476,0.012374999932944775,0.011749999597668648,0.0010000000474974513,-0.01887499913573265,0.00021127000218257308,0.0,8.565000462112948e-05,7.994000043254346e-05,0.01850000023841858,0.014499999582767487,0.032999999821186066,0.002749999985098839,0.0,0.0035000001080334187,0.002749999985098839,0.9588846564292908,-0.21381379663944244,0.44614461064338684,-0.5087619423866272,-0.04965766
4,5676,-0.11395140092539424,-0.5660258270910103,0.25104859907460575,-0.07802582709101036,0.2628943300844626,0.07215466774499048,0.8933902978897095,0.24510358273983002,-1.0,0.3139534890651703,0.37627118825912476,0.028875000774860382,0.015375000424683094,0.0008750000270083547,-0.027374999597668648,0.0004568000149447471,6.851999933132902e-05,0.000308340007904917,6.851999933132902e-05,0.04600000008940697,0.032999999821186066,0.07900000363588333,0.005499999970197678,0.0002500000118743628,0.020250000059604645,0.000750000006519258,-0.3431455194950104,-0.9764183759689331,-0.11503345519304276,-0.8278031349182129,0.0
5,5677,-0.11502192339829495,-0.5660690226681155,0.24997807660170504,-0.07806902266811555,0.2618851104622839,0.07288655376684308,0.8977874517440796,0.24402402341365814,-1.0,0.3139534890651703,0.37627118825912476,0.02487500011920929,-0.002624999964609742,0.0011249999515712261,-0.042750000953674316,0.00010278000263497233,-7.423000351991504e-05,0.00022269001055974513,6.851999933132902e-05,0.01549999974668026,0.025499999523162842,0.04100000113248825,0.000750000006519258,-0.0002500000118743628,0.01549999974668026,0.0005000000237487257,0.3995455205440521,0.6463199853897095,0.9942901134490967,-0.7371598482131958,0.0
6,5678,-0.11208694437890376,-0.5654769943808994,0.2529130556210962,-0.07747699438089939,0.2645140797044604,0.07099535709944457,0.8952978253364563,0.24395081400871277,-1.0,0.3139534890651703,0.37627118825912476,0.029625000432133675,0.00925000011920929,0.006500000134110451,-0.05687500163912773,0.0005081900162622333,6.851999933132902e-05,0.0008907600422389805,6.851999933132902e-05,0.05050000175833702,0.08399999886751175,0.13449999690055847,0.006000000052154064,0.0,0.041999999433755875,0.0012499999720603228,-0.2982116937637329,0.7201952934265137,-0.9471058249473572,0.9190016984939575,0.0
7,5679,-0.1124695038776814,-0.5666941530166908,0.2525304961223186,-0.0786941530166908,0.26450788493124117,0.070999755237039,0.9021233916282654,0.24495424330234528,-1.0,0.3139534890651703,0.37627118825912476,0.026499999687075615,0.022749999538064003,0.005874999798834324,-0.042125001549720764,0.0001256200048374012,0.0,0.0001256200048374012,9.707000572234392e-05,0.010999999940395355,0.019500000402331352,0.030500000342726707,0.0012499999720603228,0.0,0.00774999987334013,0.006000000052154064,0.891109824180603,-0.896035373210907,-0.000257343053817749,0.43524253368377686,-0.13152425
8,5680,-0.1147091822212708,-0.568629356003527,0.2502908177787292,-0.08062935600352705,0.2629573853571877,0.07210918476367595,0.9012337327003479,0.24289126694202423,-1.0,0.3139534890651703,0.37627118825912476,0.039124999195337296,0.026374999433755875,0.0021250001154839993,-0.03550000116229057,0.0008793400484137237,7.423000351991504e-05,0.0002169799990952015,0.00013133000175002962,0.08349999785423279,0.030500000342726707,0.11400000005960464,0.00925000011920929,0.0002500000118743628,0.015250000171363354,0.008999999612569809,0.8511103391647339,0.9299407005310059,0.8878452181816101,0.4009675979614258,0.0
9,5681,-0.11614169361798185,-0.5708792244554843,0.24885830638201814,-0.08287922445548435,0.2622964401238968,0.07258736549875361,0.8960251808166504,0.23961126804351807,-1.0,0.3139534890651703,0.37627118825912476,0.051750000566244125,0.04387500137090683,0.0017500000540167093,-0.030375000089406967,0.00159880006685853,0.0,0.0011305800871923566,0.0001884299999801442,0.14000000059604645,0.11550000309944153,0.2554999887943268,0.01575000025331974,0.0,0.04924999922513962,0.013749999925494194,0.8292860388755798,-0.8493741750717163,-0.5795953273773193,-0.9761080145835876,-0.12592492
10,5682,-0.11629903286874466,-0.5712076823383045,0.24870096713125533,-0.08320768233830456,0.26225119533022906,0.07262021493327141,0.8926937580108643,0.2357979267835617,-1.0,0.3139534890651703,0.37627118825912476,0.06525000184774399,0.04762500151991844,-0.0017500000540167093,-0.04324999824166298,0.0022897101007401943,0.0,0.0006452300003729761,7.994000043254346e-05,0.2004999965429306,0.06350000202655792,0.2639999985694885,0.019750000908970833,0.0,0.03474999964237213,0.003000000026077032,-0.49284687638282776,0.7968897819519043,0.4498373866081238,-0.9687405824661255,0.0
11,5683,-0.11566045783293902,-0.568862279310991,0.24933954216706097,-0.08086227931099099,0.26212385527351056,0.07271274845977514,0.8923278450965881,0.23524121940135956,-1.0,0.3139534890651703,0.37627118825912476,0.06412500143051147,0.06262499839067459,-0.0016250000335276127,-0.060874998569488525,0.0002969200140796602,2.2840000383439474e-05,0.001204809988848865,6.851999933132902e-05,0.02800000086426735,0.11150000244379044,0.13950000703334808,0.0037499999161809683,-0.0002500000118743628,0.051249999552965164,0.0020000000949949026,-0.9695464968681335,-0.18785470724105835,0.283947229385376,-0.543384313583374,-0.046542563
12,5684,-0.11306215363509944,-0.5687350898416704,0.2519378463649006,-0.08073508984167044,0.26455780684517105,0.07096431964613767,0.893812894821167,0.23921647667884827,-1.0,0.3139534890651703,0.37627118825912476,0.04675000160932541,0.0663750022649765,0.0063749998807907104,-0.07062499970197678,0.00017130000924225897,0.0,0.0010049600386992097,6.851999933132902e-05,0.014999999664723873,0.09399999678134918,0.10899999737739563,0.0022499999031424522,-0.0002500000118743628,0.04574999958276749,0.0012499999720603228,0.020966749638319016,-0.35751020908355713,-0.8318331837654114,0.6091654300689697,-0.06690123
13,5685,-0.10910631724125797,-0.570733870001464,0.255893682758742,-0.08273387000146404,0.26893581041068304,0.06792452585546455,0.8998554348945618,0.23943205177783966,-1.0,0.3139534890651703,0.37627118825912476,0.04675000160932541,0.07012499868869781,0.006000000052154064,-0.06350000202655792,0.00021127000218257308,0.0,0.00022269001055974513,0.00014275001012720168,0.01850000023841858,0.03200000151991844,0.05050000175833702,0.003000000026077032,-0.0002500000118743628,0.01549999974668026,0.009750000201165676,-0.942276120185852,-0.9217780828475952,-0.8598450422286987,-0.9380816221237183,-0.13461338
14,5686,-0.10510108472732244,-0.5754938421303463,0.25989891527267756,-0.08749384213034628,0.27423095844678874,0.06442138830533266,0.9090550541877747,0.2360442876815796,-1.0,0.3139534890651703,0.37627118825912476,0.030375000089406967,0.07374999672174454,-0.002749999985098839,-0.07649999856948853,9.707000572234392e-05,0.0,7.423000351991504e-05,6.851999933132902e-05,0.008500000461935997,0.012500000186264515,0.020999999716877937,0.0005000000237487257,0.0,0.0010000000474974513,0.000750000006519258,0.7787533402442932,-0.3033521771430969,-0.9611943364143372,-0.8992334008216858,-0.060402263
15,5687,-0.1110000004118061,-0.5720843479184097,0.25399999958819386,-0.08408434791840969,0.2675559331348618,0.06886829742220252,0.9183695912361145,0.22797654569149017,-1.0,0.3139534890651703,0.37627118825912476,0.04500000178813934,0.07750000059604645,-0.020375000312924385,-0.09324999898672104,8.565000462112948e-05,0.0,6.28100024187006e-05,6.28100024187006e-05,0.007499999832361937,0.010999999940395355,0.01850000023841858,0.0002500000118743628,0.0,0.0002500000118743628,0.000750000006519258,-0.6447714567184448,-0.35462817549705505,0.6685535907745361,0.45278993248939514,-0.06655539
16,5688,-0.11590393432055926,-0.5703728220210187,0.24909606567944073,-0.0823728220210187,0.26236259593296196,0.07253936062058738,0.9046511650085449,0.23375533521175385,-1.0,0.3139534890651703,0.37627118825912476,0.032999999821186066,0.08124999701976776,-0.010499999858438969,-0.08512499928474426,9.707000572234392e-05,0.0,9.707000572234392e-05,6.851999933132902e-05,0.008500000461935997,0.014499999582767487,0.023000000044703484,0.0002500000118743628,0.0,0.005499999970197678,0.0012499999720603228,0.24431389570236206,0.019449276849627495,0.9068822264671326,0.25306499004364014,-0.021666087
17,5689,-0.11274346599638452,-0.5669988875054566,0.2522565340036155,-0.07899888750545658,0.26433725271822167,0.07112100710859517,0.8932466506958008,0.23665623366832733,-1.0,0.3139534890651703,0.37627118825912476,0.036249998956918716,0.08487500250339508,-0.0021250001154839993,-0.08187499642372131,0.0002169799990952015,6.851999933132902e-05,0.00034831001539714634,8.565000462112948e-05,0.02500000037252903,0.03799999877810478,0.06300000101327896,0.002749999985098839,0.0002500000118743628,0.022749999538064003,0.004000000189989805,-0.594218909740448,-0.40342018008232117,0.9471434950828552,-0.687824547290802,0.0
18,5690,-0.11294407733593329,-0.5681128818763977,0.25205592266406673,-0.08011288187639776,0.26448111840465216,0.07101876194900747,0.9005966186523438,0.24237476289272308,-1.0,0.3139534890651703,0.37627118825912476,0.025750000029802322,0.07750000059604645,0.012000000104308128,-0.09324999898672104,0.0001256200048374012,0.0,0.0005310300039127469,6.28100024187006e-05,0.010999999940395355,0.052000001072883606,0.06300000101327896,0.001500000013038516,0.0,0.029999999329447746,0.0010000000474974513,0.663945734500885,-0.7444626688957214,-0.43779614567756653,-0.5247242450714111,-0.11333552
19,5691,-0.11168318808548117,-0.5682869276018823,0.2533168119145188,-0.08028692760188227,0.2657355789921357,0.07013342428688116,0.900130033493042,0.24048663675785065,-1.0,0.3139534890651703,0.37627118825912476,0.03550000116229057,0.08124999701976776,0.011874999850988388,-0.10275000333786011,0.0006223900127224624,0.0,0.00019414001144468784,6.851999933132902e-05,0.054499998688697815,0.023000000044703484,0.07750000059604645,0.006750000175088644,0.0,0.014000000432133675,0.0005000000237487257,-0.06389395892620087,0.5585404634475708,0.832399845123291,-0.31150731444358826,0.0
20,5692,-0.11093042801244307,-0.566464754847375,0.2540695719875569,-0.07846475484737503,0.26590988165767554,0.0700112863346906,0.9030623435974121,0.24019165337085724,-1.0,0.3139534890651703,0.37627118825912476,0.035374999046325684,0.09162499755620956,0.013500000350177288,-0.10837499797344208,0.00037115000304766,0.0,0.0008736300515010953,5.7100001868093386e-05,0.032499998807907104,0.08150000125169754,0.11400000005960464,0.004749999847263098,0.0,0.041749998927116394,0.0002500000118743628,-0.5703637599945068,0.5721513032913208,0.3374645411968231,-0.44330137968063354,0.0
21,5693,-0.10917108818933446,-0.5661149232062542,0.2558289118106655,-0.07811492320625424,0.267489015373993,0.06891439796779204,0.9048129320144653,0.2432800829410553,-1.0,0.3139534890651703,0.37627118825912476,0.026374999433755875,0.10225000232458115,0.02174999937415123,-0.11687500029802322,0.0001484600070398301,0.0,0.0007594299968332052,6.28100024187006e-05,0.013000000268220901,0.07199999690055847,0.08500000089406967,0.001500000013038516,0.0,0.0377499982714653,0.000750000006519258,0.22265787422657013,0.4896194636821747,0.6360616683959961,0.4879840910434723,0.0
22,5694,-0.10991200355156863,-0.565930468313599,0.2550879964484314,-0.07793046831359907,0.2667265337825463,0.06944186593373944,0.9089044332504272,0.2438730150461197,-1.0,0.3139534890651703,0.37627118825912476,0.02775000035762787,0.11150000244379044,0.023749999701976776,-0.11212500184774399,0.000616680015809834,0.0,0.0014332099817693233,0.0001256200048374012,0.05400000140070915,0.13650000095367432,0.19050000607967377,0.007000000216066837,-0.0002500000118743628,0.057500001043081284,0.009499999694526196,-0.43529200553894043,-0.959896981716156,-0.5124471187591553,-0.916471540927887,-0.13918765
23,5695,-0.10975375629797712,-0.5660120473824193,0.25524624370202287,-0.07801204738241929,0.26690171310950644,0.06932032462906987,0.9071813821792603,0.2441856414079666,-1.0,0.3139534890651703,0.37627118825912476,0.02250000089406967,0.11500000208616257,0.026499999687075615,-0.12487500160932541,0.00011991000064881518,7.423000351991504e-05,0.000616680015809834,6.28100024187006e-05,0.017000000923871994,0.05950000137090683,0.07649999856948853,0.0012499999720603228,0.0002500000118743628,0.032999999821186066,0.000750000006519258,-0.2506675720214844,0.4024657607078552,-0.6655163764953613,-0.5011137127876282,0.0
24,5696,-0.10897257409403915,-0.5665766831617804,0.25602742590596084,-0.07857668316178046,0.2678139987990529,0.06869080112005567,0.9075493812561035,0.2440473735332489,-1.0,0.3139534890651703,0.37627118825912476,0.0182499997317791,0.12274999916553497,0.026499999687075615,-0.1340000033378601,0.00011420000373618677,0.0,0.00011991000064881518,6.28100024187006e-05,0.009999999776482582,0.01600000075995922,0.026000000536441803,0.0005000000237487257,-0.0002500000118743628,0.008249999955296516,0.0002500000118743628,0.4664449095726013,-0.06304667145013809,0.6042042970657349,0.10169197618961334,-0.031565603
25,5697,-0.10918202663067222,-0.5675918256172227,0.25581797336932777,-0.07959182561722267,0.2679135946604287,0.06862242198204224,0.9093661308288574,0.24309036135673523,-1.0,0.3139534890651703,0.37627118825912476,0.024000000208616257,0.1264999955892563,0.026750000193715096,-0.13387499749660492,0.0005310300039127469,0.0,0.0005367400008253753,8.565000462112948e-05,0.04650000110268593,0.054499998688697815,0.10100000351667404,0.0062500000931322575,-0.0002500000118743628,0.030249999836087227,0.0037499999161809683,0.6145267486572266,-0.7696349620819092,-0.416837215423584,0.9162347316741943,-0.1163562
26,5698,-0.10941341711786381,-0.5687477300447459,0.2555865828821362,-0.08074773004474589,0.26803861150354114,0.06853668599978877,0.9088789820671082,0.24136978387832642,-1.0,0.3139534890651703,0.37627118825912476,0.03362499922513962,0.1302500069141388,0.02500000037252903,-0.1211249977350235,0.0009935400448739529,0.0,0.00026266000350005925,0.00017130000924225897,0.08699999749660492,0.03799999877810478,0.125,0.009999999776482582,-0.0002500000118743628,0.0182499997317791,0.012500000186264515,0.9080724120140076,-0.41310641169548035,0.6898557543754578,0.7089544534683228,-0.07357278
27,5699,-0.11063614363868601,-0.5688732095273857,0.254363856361314,-0.08087320952738575,0.2669109354115331,0.06931393199414529,0.9083408713340759,0.2394106239080429,-1.0,0.3139534890651703,0.37627118825912476,0.04650000110268593,0.1340000033378601,0.024250000715255737,-0.11187499761581421,0.0019528201082721353,0.0,0.0010049600386992097,0.0003140500048175454,0.17100000381469727,0.11550000309944153,0.2865000069141388,0.0182499997317791,-0.0002500000118743628,0.045499999076128006,0.020500000566244125,-0.4236583709716797,-0.15358607470989227,-0.09662352502346039,-0.9293256998062134,-0.04243033
28,5700,-0.11100962403691292,-0.5701855198629278,0.25399037596308705,-0.08218551986292777,0.26695612140763886,0.06928261887863804,0.9054973125457764,0.23919795453548431,-1.0,0.3139534890651703,0.37627118825912476,0.04574999958276749,0.13774999976158142,0.024250000715255737,-0.11999999731779099,0.00029121001716703176,0.0,0.0008964700391516089,6.851999933132902e-05,0.025499999523162842,0.08449999988079071,0.10999999940395355,0.004000000189989805,-0.0002500000118743628,0.041999999433755875,0.0020000000949949026,0.9823703765869141,0.5592503547668457,0.33668938279151917,-0.6028323173522949,0.0
29,5701,-0.10891315048839326,-0.5704418958544353,0.25608684951160676,-0.08244189585443529,0.26902999960014473,0.06786057841563085,0.9046287536621094,0.23697368800640106,-1.0,0.3139534890651703,0.37627118825912476,0.05587499961256981,0.14800000190734863,0.024000000208616257,-0.13199999928474426,0.0024039100389927626,0.0,0.0013247199822217226,8.565000462112948e-05,0.21050000190734863,0.12349999696016312,0.33399999141693115,0.020500000566244125,0.0,0.054999999701976776,0.0035000001080334187,0.6541042327880859,0.2799488306045532,0.4950551688671112,0.7859605550765991,-0.04662455
30,5702,-0.11080148506066878,-0.5709860269330634,0.2541985149393312,-0.08298602693306345,0.2674015064720027,0.06897473059512658,0.9095042943954468,0.23653915524482727,-1.0,0.3139534890651703,0.37627118825912476,0.058375000953674316,0.15275000035762787,0.023874999955296516,-0.12725000083446503,0.0030662701465189457,7.994000043254346e-05,0.0020270501263439655,0.0003768599999602884,0.27549999952316284,0.21050000190734863,0.4860000014305115,0.02525000087916851,0.000750000006519258,0.07374999672174454,0.023250000551342964,0.5142696499824524,-0.7406165599822998,-0.6747967004776001,-0.9822695255279541,-0.10912169
31,5703,-0.11116183031731816,-0.5711560086794466,0.2538381696826818,-0.08315600867944661,0.26711184580124886,0.0691748129023994,0.9051128029823303,0.23561690747737885,-1.0,0.3139534890651703,0.37627118825912476,0.0598750002682209,0.1393750011920929,0.023874999955296516,-0.13562500476837158,0.003283250145614147,0.0,0.0017872300231829286,8.565000462112948e-05,0.2874999940395355,0.164000004529953,0.4514999985694885,0.026499999687075615,-0.0002500000118743628,0.0677499994635582,0.0032500000670552254,0.3643604516983032,-0.9772671461105347,-0.6518775224685669,-0.0506000742316246,-0.24499533
32,5704,-0.11021698681803882,-0.5720600311375259,0.25478301318196117,-0.08406003113752591,0.268291767747207,0.06836340053401274,0.9042748212814331,0.2353287935256958,-1.0,0.3139534890651703,0.37627118825912476,0.0598750002682209,0.1431249976158142,0.023874999955296516,-0.13562500476837158,0.0006966200307942927,0.0,0.000925020023714751,6.851999933132902e-05,0.061000000685453415,0.08699999749660492,0.14800000190734863,0.00774999987334013,-0.0002500000118743628,0.04349999874830246,0.001500000013038516,-0.21210403740406036,0.9291139841079712,-0.46041813492774963,-0.8546281456947327,0.0
33,5705,-0.10945647660865318,-0.5719397165294431,0.2555435233913468,-0.0839397165294431,0.26897652008736206,0.06789687962832967,0.9064721465110779,0.23379655182361603,-1.0,0.3139534890651703,0.37627118825912476,0.057999998331069946,0.16037499904632568,0.023499999195337296,-0.15174999833106995,0.00029121001716703176,0.0,0.0004510900180321187,6.851999933132902e-05,0.025499999523162842,0.045499999076128006,0.07100000232458115,0.0037499999161809683,0.0,0.027000000700354576,0.0017500000540167093,0.7414446473121643,0.45105981826782227,0.9611003398895264,0.13890796899795532,0.0
34,5706,-0.10990080196487576,-0.5727369449174983,0.25509919803512426,-0.08473694491749828,0.2688046701084538,0.06801366071704823,0.9082407355308533,0.23400047421455383,-1.0,0.3139534890651703,0.37627118825912476,0.06312499940395355,0.16875000298023224,0.023375000804662704,-0.15187500417232513,0.002523820148780942,7.994000043254346e-05,0.0016045100055634975,0.00011420000373618677,0.2280000001192093,0.15049999952316284,0.3785000145435333,0.021250000223517418,0.0,0.06324999779462814,0.007000000216066837,-0.5461610555648804,-0.6791458129882812,-0.8507692813873291,-0.6889528036117554,0.0
35,5707,-0.10891620783556483,-0.572411188733732,0.25608379216443516,-0.08441118873373199,0.26963708460217295,0.0674498550033389,0.9072074294090271,0.23264925181865692,-1.0,0.3139534890651703,0.37627118825912476,0.06162500008940697,0.1561249941587448,0.023375000804662704,-0.16200000047683716,0.000308340007904917,0.0,0.0005710000405088067,6.851999933132902e-05,0.027000000700354576,0.0560000017285347,0.08299999684095383,0.004000000189989805,0.0,0.03150000050663948,0.001500000013038516,-0.2145632654428482,-0.8869051337242126,0.5334357023239136,0.7856671214103699,-0.13042863
36,5708,-0.11117125651637338,-0.5730662274902389,0.2538287434836266,-0.08506622749023895,0.26770374311521644,0.06876657839926556,0.9094972014427185,0.23320136964321136,-1.0,0.3139534890651703,0.37627118825912476,0.05824999883770943,0.15974999964237213,0.023375000804662704,-0.15199999511241913,0.00020556000526994467,0.0,0.001204809988848865,0.0001541700039524585,0.017999999225139618,0.11900000274181366,0.13699999451637268,0.002749999985098839,0.0002500000118743628,0.051500000059604645,0.01075000036507845,0.8747683763504028,0.8307638168334961,0.04150960594415665,-0.4261525571346283,0.0
37,5709,-0.11082713186265472,-0.573130827962482,0.2541728681373453,-0.08513082796248206,0.2680505638247046,0.0685284947644944,0.9042528867721558,0.23209114372730255,-1.0,0.3139534890651703,0.37627118825912476,0.0651250034570694,0.17550000548362732,0.023250000551342964,-0.15537500381469727,0.0025695001240819693,0.0,0.0012447800254449248,7.994000043254346e-05,0.22499999403953552,0.11599999666213989,0.3409999907016754,0.02174999937415123,-0.0002500000118743628,0.05324999988079071,0.0017500000540167093,0.22868022322654724,-0.7988513112068176,0.489693284034729,-0.25173524022102356,-0.13677719
38,5710,-0.11016212284175039,-0.5730078089472866,0.25483787715824957,-0.08500780894728666,0.26864227369597193,0.06812420219545406,0.9050531983375549,0.23198164999485016,-1.0,0.3139534890651703,0.37627118825912476,0.06525000184774399,0.17900000512599945,0.023250000551342964,-0.15974999964237213,0.0029977501835674047,7.994000043254346e-05,0.0019242700655013323,7.423000351991504e-05,0.2694999873638153,0.17499999701976776,0.44449999928474426,0.02474999986588955,0.0002500000118743628,0.07150000333786011,0.0012499999720603228,0.22729820013046265,-0.29066723585128784,-0.10087617486715317,-0.14113694429397583,-0.07272982
39,5711,-0.11075551915023643,-0.575001932353643,0.2542444808497636,-0.08700193235364306,0.2687184256351501,0.06807234404243326,0.9065997004508972,0.23219014704227448,-1.0,0.3139534890651703,0.37627118825912476,0.0651250034570694,0.17399999499320984,0.023250000551342964,-0.16212500631809235,0.0005710000405088067,-7.994000043254346e-05,0.0018043600721284747,6.851999933132902e-05,0.05700000002980232,0.164000004529953,0.22100000083446503,0.0062500000931322575,-0.0005000000237487257,0.0677499994635582,0.000750000006519258,0.788477897644043,0.8704890012741089,0.7700507640838623,-0.6922117471694946,-0.042857945
40,5712,-0.10997272863744137,-0.5749905870059536,0.25502727136255865,-0.08699058700595363,0.26945550906647375,0.06757243869620852,0.9052197337150574,0.22881028056144714,-1.0,0.3139534890651703,0.37627118825912476,0.07012499868869781,0.18987500667572021,0.023125000298023224,-0.17537499964237213,0.003129080170765519,8.565000462112948e-05,0.002381070051342249,7.994000043254346e-05,0.2815000116825104,0.21549999713897705,0.4970000088214874,0.025750000029802322,0.0002500000118743628,0.0832500010728836,0.001500000013038516,-0.09179991483688354,-0.07300235331058502,-0.9227166771888733,-0.6531757712364197,-0.04227167
41,5713,-0.10978464896831958,-0.5750172345906714,0.2552153510316804,-0.08701723459067146,0.2696421230409518,0.06744645666930034,0.9070401787757874,0.2288295179605484,-1.0,0.3139534890651703,0.37627118825912476,0.0702499970793724,0.1888750046491623,0.023125000298023224,-0.18700000643730164,0.002620890038087964,-8.565000462112948e-05,0.0016444800421595573,7.423000351991504e-05,0.2370000034570694,0.15049999952316284,0.38749998807907104,0.02225000038743019,-0.0002500000118743628,0.06449999660253525,0.0005000000237487257,0.8735872507095337,-0.30104029178619385,0.5947071313858032,-0.923398494720459,-0.13735873
42,5714,-0.10982249583547884,-0.5760171346984293,0.2551775041645211,-0.08801713469842931,0.26993068486586635,0.06725211247952083,0.9074775576591492,0.22878435254096985,-1.0,0.3139534890651703,0.37627118825912476,0.06975000351667404,0.18312500417232513,0.023250000551342964,-0.20412500202655792,0.00034831001539714634,0.0,0.0025409499648958445,6.28100024187006e-05,0.030500000342726707,0.2280000001192093,0.25850000977516174,0.0044999998062849045,0.0,0.08649999648332596,0.0002500000118743628,0.7027594447135925,-0.7839142084121704,-0.3002204895019531,-0.9422858953475952,-0.13969617
43,5715,-0.10984937289596414,-0.5768282185711546,0.25515062710403585,-0.08882821857115464,0.27017086246689814,0.06709078178677147,0.9073895215988159,0.22708959877490997,-1.0,0.3139534890651703,0.37627118825912476,0.07362499833106995,0.18637500703334808,0.023125000298023224,-0.2213750034570694,0.002706540049985051,7.994000043254346e-05,0.0023182600270956755,-7.423000351991504e-05,0.24400000274181366,0.2094999998807907,0.45350000262260437,0.023000000044703484,0.0010000000474974513,0.08224999904632568,-0.0005000000237487257,0.920477569103241,0.9814593195915222,0.6259468197822571,-0.9333746433258057,-0.19022863
44,5716,-0.10980474929836037,-0.5767619716503386,0.2551952507016396,-0.08876197165033861,0.27019123522410604,0.06707711493689351,0.9073270559310913,0.22571487724781036,-1.0,0.3139534890651703,0.37627118825912476,0.07362499833106995,0.20512500405311584,0.023125000298023224,-0.23874999582767487,0.003140500048175454,7.423000351991504e-05,0.0021241200156509876,-7.994000043254346e-05,0.2815000116825104,0.19300000369548798,0.47450000047683716,0.026000000536441803,0.0002500000118743628,0.07774999737739563,-0.000750000006519258,-0.853522002696991,0.5607494115829468,0.451171875,0.06555862724781036,-0.073366135
45,5717,-0.10985960996929023,-0.576602623649929,0.25514039003070976,-0.08860262364992899,0.27008710362154215,0.0671469997914255,0.9074308276176453,0.2258271723985672,-1.0,0.3139534890651703,0.37627118825912476,0.07362499833106995,0.21587499976158142,0.023250000551342964,-0.23849999904632568,0.0006452300003729761,2.8550000934046693e-05,0.002261160174384713,6.28100024187006e-05,0.05900000035762787,0.20350000262260437,0.26249998807907104,0.007249999791383743,-0.0002500000118743628,0.07999999821186066,0.0010000000474974513,0.4570765793323517,-0.22107936441898346,-0.6736641526222229,0.03264518454670906,-0.050529525
46,5718,-0.10866457870849669,-0.5770260941897284,0.25633542129150333,-0.0890260941897284,0.2713549219295108,0.06630107158209228,0.9073032140731812,0.2260972410440445,-1.0,0.3139534890651703,0.37627118825912476,0.07412499934434891,0.21937499940395355,0.023125000298023224,-0.23849999904632568,0.002757929963991046,7.994000043254346e-05,0.0012676200130954385,7.423000351991504e-05,0.2485000044107437,0.11749999970197678,0.3659999966621399,0.023250000551342964,0.0002500000118743628,0.054999999701976776,0.0020000000949949026,0.3062583804130554,0.04166621342301369,-0.9509132504463196,0.051678355783224106,-0.04262584
47,5719,-0.10910510523232,-0.5767425236221286,0.25589489476768,-0.08874252362212864,0.2708457728431184,0.06663950371326727,0.9100823998451233,0.22537949681282043,-1.0,0.3139534890651703,0.37627118825912476,0.0742499977350235,0.21950000524520874,0.0215000007301569,-0.23849999904632568,0.002089860150590539,7.994000043254346e-05,0.0003368900215718895,8.565000462112948e-05,0.1899999976158142,0.03700000047683716,0.22699999809265137,0.01850000023841858,0.001500000013038516,0.022749999538064003,0.0037499999161809683,0.042457446455955505,0.5033072233200073,0.7632941603660583,-0.9703159928321838,0.0
48,5720,-0.10905868053781614,-0.5779052528768717,0.25594131946218385,-0.08990525287687168,0.27127276587025445,0.06635556431122322,0.9090579152107239,0.225860133767128,-1.0,0.3139534890651703,0.37627118825912476,0.0742499977350235,0.22962500154972076,0.0215000007301569,-0.2548750042915344,0.0022897101007401943,0.0,0.001164840068668127,7.423000351991504e-05,0.2004999965429306,0.10849999636411667,0.3089999854564667,0.019999999552965164,0.0,0.051249999552965164,0.0002500000118743628,0.7280603647232056,-0.7877005338668823,-0.6658581495285034,0.854161262512207,-0.16919708
49,5721,-0.1102946535071061,-0.5781159311132483,0.2547053464928939,-0.09011593111324834,0.27017715405354475,0.06708656084488697,0.9091658592224121,0.22388939559459686,-1.0,0.3139534890651703,0.37627118825912476,0.07850000262260437,0.23337499797344208,0.019874999299645424,-0.2433750033378601,0.002695120172575116,0.0,0.0004967700224369764,0.00013133000175002962,0.23600000143051147,0.054999999701976776,0.29100000858306885,0.022749999538064003,0.0,0.029750000685453415,0.00925000011920929,0.26903021335601807,0.2719714343547821,-0.06632199883460999,-0.9456950426101685,-0.020396795
50,5722,-0.10940462025515268,-0.5787872432157244,0.2555953797448473,-0.0907872432157244,0.2712403393258897,0.0663770846166802,0.9062914848327637,0.2235323190689087,-1.0,0.3139534890651703,0.37627118825912476,0.07962500303983688,0.2383749932050705,0.019750000908970833,-0.2566249966621399,0.0029121001716703176,0.0,0.00044538002111949027,7.423000351991504e-05,0.2549999952316284,0.045499999076128006,0.3005000054836273,0.024000000208616257,0.0,0.02775000035762787,0.0005000000237487257,0.8325263261795044,-0.8878695368766785,0.5419910550117493,-0.9207759499549866,-0.29044753
51,5723,-0.11002116604255524,-0.579972424919333,0.25497883395744475,-0.091972424919333,0.27105927896281384,0.06649737607429881,0.9083613753318787,0.22239449620246887,-1.0,0.3139534890651703,0.37627118825912476,0.0794999971985817,0.242249995470047,0.019874999299645424,-0.27399998903274536,0.00042254000436514616,0.0,0.0010563500691205263,6.28100024187006e-05,0.03700000047683716,0.09799999743700027,0.13500000536441803,0.005499999970197678,-0.0002500000118743628,0.04774999991059303,0.000750000006519258,0.9866074919700623,0.16423915326595306,-0.6941019296646118,0.37110552191734314,-0.004291302
52,5724,-0.11105457376163574,-0.5818374017190772,0.25394542623836425,-0.09383740171907717,0.27072816157313956,0.06671792538721569,0.9069275259971619,0.22038571536540985,-1.0,0.3139534890651703,0.37627118825912476,0.0898749977350235,0.24587500095367432,0.013749999925494194,-0.2731249928474426,0.002506690099835396,7.423000351991504e-05,0.0006223900127224624,0.0001827200030675158,0.22599999606609344,0.07050000131130219,0.29649999737739563,0.0215000007301569,0.0,0.03400000184774399,0.012749999761581421,0.3300660252571106,0.2798764705657959,-0.4053497016429901,-0.5099092125892639,-0.024026169
53,5725,-0.11182137721621843,-0.5833581572302076,0.25317862278378156,-0.09535815723020757,0.27054129663515947,0.06684271435421298,0.9045242667198181,0.21722474694252014,-1.0,0.3139534890651703,0.37627118825912476,0.09350000321865082,0.25099998712539673,0.009875000454485416,-0.27649998664855957,0.0021526701748371124,0.0,0.000433959998190403,6.851999933132902e-05,0.18850000202655792,0.04399999976158142,0.23250000178813934,0.01899999938905239,0.0,0.026750000193715096,0.0005000000237487257,0.6916890740394592,0.9163485169410706,-0.27570754289627075,-0.5836160182952881,-0.045468874
54,5726,-0.11262018418920375,-0.5841014032266155,0.25237981581079627,-0.09610140322661553,0.27005749597227624,0.06716688338300313,0.9027409553527832,0.21464718878269196,-1.0,0.3139534890651703,0.37627118825912476,0.09974999725818634,0.2682499885559082,0.005625000223517418,-0.2876250147819519,0.0020099200773984194,0.0,0.0003882800228893757,7.423000351991504e-05,0.17599999904632568,0.04050000011920929,0.21649999916553497,0.017999999225139618,-0.0002500000118743628,0.02500000037252903,0.0010000000474974513,0.5829592943191528,-0.9857149124145508,0.8738486170768738,-0.7412275671958923,-0.17815879
55,5727,-0.11206459260585258,-0.5860267980397218,0.25293540739414744,-0.09802679803972181,0.2712666095330639,0.06635964950925491,0.9008833169937134,0.21338745951652527,-1.0,0.3139534890651703,0.37627118825912476,0.10275000333786011,0.2720000147819519,0.005499999970197678,-0.3018749952316284,0.00263802008703351,0.0,0.0014103699941188097,7.994000043254346e-05,0.23100000619888306,0.13050000369548798,0.36149999499320984,0.02250000089406967,-0.0002500000118743628,0.057999998331069946,0.0017500000540167093,0.8430485129356384,-0.9593850374221802,0.9200524091720581,-0.9952836036682129,-0.20205137
56,5728,-0.11191430598894167,-0.5868474523853149,0.2530856940110583,-0.0988474523853149,0.27170422771117514,0.06606988211990018,0.9021753668785095,0.21012407541275024,-1.0,0.3139534890651703,0.37627118825912476,0.10724999755620956,0.27524998784065247,0.005249999929219484,-0.32100000977516174,0.003026300109922886,8.565000462112948e-05,0.002763640135526657,8.565000462112948e-05,0.27250000834465027,0.24950000643730164,0.5220000147819519,0.02525000087916851,0.000750000006519258,0.09300000220537186,0.002749999985098839,-0.3424070179462433,-0.43146851658821106,0.7780830264091492,-0.6556285619735718,-0.12780832
57,5729,-0.11302644021619229,-0.5890293127416414,0.2519735597838077,-0.1010293127416414,0.27147301313974564,0.06622282205626194,0.9025248885154724,0.20873312652111053,-1.0,0.3139534890651703,0.37627118825912476,0.10724999755620956,0.2680000066757202,0.005375000182539225,-0.33262500166893005,0.001233360031619668,-8.565000462112948e-05,0.0020099200773984194,7.423000351991504e-05,0.11550000309944153,0.18250000476837158,0.2980000078678131,0.012500000186264515,-0.000750000006519258,0.07400000095367432,0.001500000013038516,0.7282326221466064,0.6571682691574097,0.8882811665534973,-0.37982702255249023,-0.05466127
58,5730,-0.11134354257345214,-0.5888073661012506,0.25365645742654785,-0.10080736610125063,0.2729537020347181,0.06524949186317658,0.8999385237693787,0.20503506064414978,-1.0,0.3139534890651703,0.37627118825912476,0.11337500065565109,0.27950000762939453,0.005125000141561031,-0.3400000035762787,0.0033403499983251095,7.994000043254346e-05,0.0026265999767929316,7.994000043254346e-05,0.2994999885559082,0.2370000034570694,0.5364999771118164,0.027499999850988388,0.000750000006519258,0.09049999713897705,0.0022499999031424522,-0.8556617498397827,0.4856855571269989,0.4403279423713684,-0.9245395064353943,-0.053032793
59,5731,-0.11251821397080058,-0.589347493035615,0.2524817860291994,-0.10134749303561497,0.2720631666012481,0.06583315672226236,0.9038522243499756,0.20541124045848846,-1.0,0.3139534890651703,0.37627118825912476,0.10912500321865082,0.28862500190734863,0.005375000182539225,-0.3569999933242798,0.00026837000041268766,7.994000043254346e-05,0.002523820148780942,6.851999933132902e-05,0.030500000342726707,0.22699999809265137,0.2574999928474426,0.004000000189989805,0.0005000000237487257,0.08675000071525574,0.0017500000540167093,-0.04244536906480789,-0.8348309397697449,0.12342094630002975,-0.8463329076766968,-0.062342096
60,5732,-0.11208209360396751,-0.589317819536417,0.2529179063960325,-0.10131781953641705,0.2724569102286933,0.06557445251282465,0.9011204242706299,0.20449577271938324,-1.0,0.3139534890651703,0.37627118825912476,0.10912500321865082,0.273499995470047,0.005499999970197678,-0.3725000023841858,0.0001598800008650869,-7.994000043254346e-05,0.001764390035532415,6.28100024187006e-05,0.020999999716877937,0.1599999964237213,0.1809999942779541,0.0024999999441206455,-0.0005000000237487257,0.0677499994635582,0.0012499999720603228,-0.024813996627926826,-0.17069871723651886,0.7591911554336548,-0.06969189643859863,-0.041360736
61,5733,-0.11306928342237305,-0.5898254064189938,0.25193071657762695,-0.10182540641899385,0.27173056388214756,0.06605248413386607,0.9021346569061279,0.20454606413841248,-1.0,0.3139534890651703,0.37627118825912476,0.10875000059604645,0.2705000042915344,0.005499999970197678,-0.37325000762939453,0.0001827200030675158,-8.565000462112948e-05,0.0023867799900472164,6.28100024187006e-05,0.023499999195337296,0.21449999511241913,0.23800000548362732,0.0024999999441206455,-0.000750000006519258,0.0832500010728836,0.0002500000118743628,-0.19639146327972412,-0.6303306818008423,-0.40310925245285034,-0.25027021765708923,-0.009689075
62,5734,-0.10932747862311884,-0.5859314726502147,0.2556725213768811,-0.09793147265021473,0.2737864341464922,0.06470839446439071,0.8998388648033142,0.20368574559688568,-1.0,0.3139534890651703,0.37627118825912476,0.10525000095367432,0.25837498903274536,0.005750000011175871,-0.3778750002384186,0.00017701000615488738,0.0,0.0016273499932140112,6.28100024187006e-05,0.01549999974668026,0.14800000190734863,0.16349999606609344,0.0022499999031424522,0.0,0.06400000303983688,0.0002500000118743628,-0.8167091012001038,-0.915790855884552,0.8101303577423096,0.2800515294075012,-0.1338949
63,5735,-0.11014944932053677,-0.587290655256608,0.2548505506794632,-0.09929065525660796,0.2735094832047185,0.06488785336411604,0.9085407257080078,0.21028563380241394,-1.0,0.3139534890651703,0.37627118825912476,0.08962500095367432,0.2621249854564667,0.01899999938905239,-0.37587499618530273,0.00022269001055974513,0.0,0.0017472601030021906,0.00010278000263497233,0.019500000402331352,0.16200000047683716,0.18150000274181366,0.003000000026077032,0.0,0.0677499994635582,0.006750000175088644,0.7320168018341064,-0.31380462646484375,0.5014969706535339,-0.9696183204650879,-0.0886411
64,5736,-0.11007169758194582,-0.5880648326267305,0.2549283024180542,-0.1000648326267305,0.2738638532233973,0.06465831720989158,0.906629204750061,0.20798194408416748,-1.0,0.3139534890651703,0.37627118825912476,0.09650000184774399,0.2658750116825104,0.01899999938905239,-0.39137500524520874,0.0017872300231829286,7.994000043254346e-05,0.0021355401258915663,7.423000351991504e-05,0.16349999606609344,0.19349999725818634,0.3569999933242798,0.016499999910593033,0.0,0.07800000160932541,0.001500000013038516,0.8817965388298035,-0.918630063533783,0.9147226214408875,0.13232415914535522,-0.10800023
65,5737,-0.1111462939047341,-0.5878482123383184,0.2538537060952659,-0.09984821233831842,0.27278447464153743,0.06536000536050163,0.9068099856376648,0.20666977763175964,-1.0,0.3139534890651703,0.37627118825912476,0.10212499648332596,0.24924999475479126,0.01887499913573265,-0.39149999618530273,0.00267799012362957,-8.565000462112948e-05,0.002729380037635565,0.00010848999954760075,0.24199999868869781,0.2485000044107437,0.49050000309944153,0.023000000044703484,-0.0010000000474974513,0.09375,0.006500000134110451,-0.7096987962722778,-0.9923327565193176,-0.19729289412498474,-0.3364980220794678,-0.03027071
66,5738,-0.10902296140390066,-0.5869671622871244,0.2559770385960993,-0.09896716228712443,0.27444260511005747,0.06428518677039716,0.904310941696167,0.20703692734241486,-1.0,0.3139534890651703,0.37627118825912476,0.09875000268220901,0.2303750067949295,0.01899999938905239,-0.39500001072883606,0.00022269001055974513,-7.994000043254346e-05,0.002004210138693452,6.28100024187006e-05,0.026499999687075615,0.1809999942779541,0.20749999582767487,0.0032500000670552254,-0.0002500000118743628,0.07474999874830246,0.0010000000474974513,-0.3389686048030853,-0.13955481350421906,0.6960068345069885,-0.4052422046661377,-0.045677874
67,5739,-0.10875181270895257,-0.5860523633264555,0.2562481872910474,-0.0980523633264555,0.27436727108722525,0.06433363363387086,0.909248948097229,0.2085302323102951,-1.0,0.3139534890651703,0.37627118825912476,0.09300000220537186,0.2277500033378601,0.021375000476837158,-0.4022499918937683,0.00017701000615488738,0.0,0.002272580051794648,6.28100024187006e-05,0.01549999974668026,0.2045000046491623,0.2199999988079071,0.0022499999031424522,0.0,0.08174999803304672,0.0005000000237487257,-0.5967272520065308,0.4010457992553711,-0.642522931098938,-0.7265242338180542,-0.0044976594
68,5740,-0.10593441679128518,-0.5830303246587534,0.2590655832087148,-0.09503032465875338,0.27594517391688445,0.06332647827133993,0.9098795056343079,0.21008074283599854,-1.0,0.3139534890651703,0.37627118825912476,0.08212500065565109,0.23499999940395355,0.027249999344348907,-0.41574999690055847,0.0001541700039524585,7.423000351991504e-05,0.0010278000263497233,6.851999933132902e-05,0.019999999552965164,0.09600000083446503,0.11599999666213989,0.0017500000540167093,0.0005000000237487257,0.04774999991059303,0.0005000000237487257,-0.6048612594604492,-0.1647399663925171,0.8892702460289001,0.4929412603378296,-0.006224889
69,5741,-0.1069936306638132,-0.5840450964672614,0.2580063693361868,-0.09604509646726145,0.2753033729786949,0.06373421523324639,0.9164316058158875,0.21520283818244934,-1.0,0.3139534890651703,0.37627118825912476,0.0703750029206276,0.23225000500679016,0.03737499937415123,-0.40950000286102295,0.00020556000526994467,-5.7100000958598685e-06,0.0014217899879440665,9.707000572234392e-05,0.01850000023841858,0.13300000131130219,0.15150000154972076,0.002749999985098839,0.0,0.05849999934434891,0.0062500000931322575,0.41434645652770996,0.5429490804672241,-0.9548740983009338,-0.9757332801818848,-0.0066841184
70,5742,-0.10645379758621604,-0.5857855226905935,0.25854620241378395,-0.09778552269059348,0.2764202366514831,0.0630263512322489,0.9139683246612549,0.21348288655281067,-1.0,0.3139534890651703,0.37627118825912476,0.07325000315904617,0.24250000715255737,0.03737499937415123,-0.42500001192092896,0.001261910074390471,4.568000076687895e-05,0.0004054100136272609,6.28100024187006e-05,0.1145000010728836,0.04100000113248825,0.15549999475479126,0.012500000186264515,-0.0002500000118743628,0.02525000087916851,0.000750000006519258,0.7264478802680969,0.9625059962272644,0.7039361000061035,-0.8871261477470398,-0.004927552
71,5743,-0.1040392963479799,-0.5849919560028619,0.26096070365202007,-0.09699195600286192,0.27840245756785004,0.061789330461445434,0.9152237176895142,0.210533007979393,-1.0,0.3139534890651703,0.37627118825912476,0.08387500047683716,0.2602500021457672,0.03712499886751175,-0.4417499899864197,0.0020784400403499603,7.423000351991504e-05,0.0011077399831265211,7.423000351991504e-05,0.18850000202655792,0.10350000113248825,0.2919999957084656,0.0182499997317791,0.0002500000118743628,0.05025000125169754,0.0010000000474974513,-0.7262527346611023,0.19454139471054077,-0.7528417706489563,0.48285430669784546,-0.005269891
72,5744,-0.10507889476253912,-0.5858230258276276,0.25992110523746087,-0.09782302582762759,0.2777198684464904,0.06221254045882759,0.9208388328552246,0.21187804639339447,-1.0,0.3139534890651703,0.37627118825912476,0.078125,0.26387500762939453,0.03725000098347664,-0.4346249997615814,0.00021127000218257308,5.7100000958598685e-06,0.0003654400061350316,8.565000462112948e-05,0.01899999938905239,0.039500001817941666,0.05849999934434891,0.002749999985098839,0.0002500000118743628,0.023749999701976776,0.004749999847263098,0.9586254358291626,-0.5972163677215576,0.42479217052459717,0.39928096532821655,-0.099234216
73,5745,-0.10674818449364157,-0.5870888347203745,0.25825181550635845,-0.09908883472037455,0.2766091057405231,0.06290742627841184,0.9184211492538452,0.21046945452690125,-1.0,0.3139534890651703,0.37627118825912476,0.08675000071525574,0.26774999499320984,0.03687499836087227,-0.43024998903274536,0.0025295300874859095,7.423000351991504e-05,0.0007651399937458336,0.00014275001012720168,0.2280000001192093,0.0794999971985817,0.3075000047683716,0.021250000223517418,0.0,0.039250001311302185,0.01075000036507845,0.6488091945648193,-0.3401903212070465,-0.9902757406234741,0.9182263612747192,-0.055655442
74,5746,-0.10703746766968844,-0.5865799971100129,0.2579625323303115,-0.09857999711001286,0.27615699143146305,0.06319248366112104,0.914539098739624,0.20832401514053345,-1.0,0.3139534890651703,0.37627118825912476,0.09399999678134918,0.2613750100135803,0.026499999687075615,-0.41237500309944153,0.0017758100293576717,0.0,0.0003997000167146325,0.0001256200048374012,0.15549999475479126,0.04600000008940697,0.20149999856948853,0.016249999403953552,0.0,0.025499999523162842,0.00925000011920929,-0.6221134662628174,-0.9616302251815796,0.9766106605529785,0.2479066550731659,-0.13939564
75,5747,-0.10795252016766418,-0.5838710114536494,0.2570474798323358,-0.0958710114536494,0.2743440499178009,0.0643485743905759,0.9138663411140442,0.20918644964694977,-1.0,0.3139534890651703,0.37627118825912476,0.08912499994039536,0.26512500643730164,0.026499999687075615,-0.40687501430511475,0.00022269001055974513,3.425999966566451e-05,0.0015588300302624702,0.00010848999954760075,0.02250000089406967,0.1459999978542328,0.16850000619888306,0.002749999985098839,0.0,0.06199999898672104,0.007499999832361937,-0.9244903922080994,-0.12106466293334961,-0.5004516839981079,-0.717772364616394,-0.03852776
76,5748,-0.1064194512464505,-0.5854719957212424,0.2585805487535495,-0.09747199572124243,0.2763416185513299,0.06307592083497038,0.9117383360862732,0.21377794444561005,-1.0,0.3139534890651703,0.37627118825912476,0.07249999791383743,0.26899999380111694,0.03187499940395355,-0.4165000021457672,0.00014275001012720168,0.0,0.0005824200343340635,6.28100024187006e-05,0.012500000186264515,0.05649999901652336,0.0689999982714653,0.001500000013038516,-0.0002500000118743628,0.032499998807907104,0.0,0.9304409027099609,0.1774781346321106,0.9680295586585999,-0.8144088983535767,-0.0027026243
77,5749,-0.10720971939558524,-0.5864963956162511,0.2577902806044148,-0.09849639561625112,0.27596624562343847,0.06331313570746995,0.9153035879135132,0.211064413189888,-1.0,0.3139534890651703,0.37627118825912476,0.08375000208616257,0.27274999022483826,0.032749999314546585,-0.4322499930858612,0.0014560500858351588,0.0,0.0017472601030021906,7.423000351991504e-05,0.1274999976158142,0.15950000286102295,0.28700000047683716,0.013749999925494194,-0.0002500000118743628,0.06700000166893005,0.0010000000474974513,-0.253728449344635,0.9265301823616028,0.8234613537788391,-0.941853404045105,-0.04444715
78,5750,-0.10613847995831138,-0.5840227997081591,0.2588615200416886,-0.09602279970815908,0.2760972014021272,0.0632302777630665,0.9134657979011536,0.20932814478874207,-1.0,0.3139534890651703,0.37627118825912476,0.08375000208616257,0.28975000977516174,0.032999999821186066,-0.4493750035762787,0.00032546999864280224,7.423000351991504e-05,0.0023867799900472164,6.28100024187006e-05,0.03500000014901161,0.21449999511241913,0.24950000643730164,0.0042500002309679985,0.0002500000118743628,0.0832500010728836,0.0,-0.9438033699989319,-0.2230239063501358,0.27772074937820435,-0.7297483086585999,-0.03977208
79,5751,-0.10295440458703878,-0.5805407463686063,0.26204559541296124,-0.09254074636860632,0.27790589021068285,0.06209691916724174,0.9159570336341858,0.21352067589759827,-1.0,0.3139534890651703,0.37627118825912476,0.06687500327825546,0.28587499260902405,0.04475000128149986,-0.46312499046325684,0.00019985000835731626,0.0,0.001301879994571209,6.28100024187006e-05,0.017500000074505806,0.11949999630451202,0.13699999451637268,0.002749999985098839,-0.0002500000118743628,0.05525000020861626,0.0002500000118743628,-0.6989421248435974,-0.36699727177619934,0.8953970670700073,-0.587317705154419,-0.07556102
80,5752,-0.10333485766552403,-0.5799878764598904,0.26166514233447596,-0.09198787645989037,0.27736332873781566,0.06243474876436758,0.9233618378639221,0.21942245960235596,-1.0,0.3139534890651703,0.37627118825912476,0.05375000089406967,0.289249986410141,0.05649999901652336,-0.4741249978542328,0.00020556000526994467,7.423000351991504e-05,0.001570250024087727,5.7100001868093386e-05,0.02449999935925007,0.14249999821186066,0.16699999570846558,0.003000000026077032,0.0005000000237487257,0.06274999678134918,0.0002500000118743628,-0.5160380005836487,-0.328835129737854,0.08413804322481155,-0.9542849063873291,-0.0005889662
81,5753,-0.10179474877798272,-0.5793832682469864,0.26320525122201727,-0.0913832682469864,0.278617849367814,0.06165638453908513,0.9224770665168762,0.22035953402519226,-1.0,0.3139534890651703,0.37627118825912476,0.04462499916553497,0.28349998593330383,0.06287500262260437,-0.492125004529953,0.0001541700039524585,0.0,0.0011819700011983514,6.28100024187006e-05,0.013500000350177288,0.10899999737739563,0.12250000238418579,0.0020000000949949026,-0.0002500000118743628,0.05274999886751175,0.0005000000237487257,0.6859079003334045,0.6487550139427185,0.6732143759727478,-0.5164076685905457,-0.0047124983
82,5754,-0.10223293098205119,-0.5798790792760053,0.2627670690179488,-0.09187907927600536,0.2783671995205073,0.061811120013891926,0.9260587096214294,0.22138428688049316,-1.0,0.3139534890651703,0.37627118825912476,0.05087500065565109,0.2952499985694885,0.06274999678134918,-0.5016250014305115,0.0014903100673109293,7.994000043254346e-05,0.002044179942458868,6.851999933132902e-05,0.13750000298023224,0.1850000023841858,0.32249999046325684,0.014999999664723873,0.0005000000237487257,0.07625000178813934,0.0002500000118743628,-0.4181588590145111,-0.4030086398124695,-0.6472609043121338,-0.927473247051239,-0.0045308233
83,5755,-0.10080889220817627,-0.5809878810516476,0.26419110779182375,-0.09298788105164757,0.2800780024542206,0.060762647778733254,0.9250397086143494,0.22054393589496613,-1.0,0.3139534890651703,0.37627118825912476,0.04912500083446503,0.28812500834465027,0.06287500262260437,-0.5192499756813049,0.00020556000526994467,0.0,0.0011933899950236082,6.28100024187006e-05,0.017999999225139618,0.10999999940395355,0.12800000607967377,0.003000000026077032,-0.0002500000118743628,0.05350000038743019,0.000750000006519258,0.9736541509628296,0.5331927537918091,0.8784023523330688,-0.885569155216217,-0.006148815
84,5756,-0.09976082673854617,-0.5810503618975965,0.26523917326145385,-0.09305036189759652,0.2810875110738526,0.06015232940335256,0.9283514022827148,0.21866460144519806,-1.0,0.3139534890651703,0.37627118825912476,0.05962499976158142,0.29762500524520874,0.06262499839067459,-0.5358750224113464,0.00211841007694602,8.565000462112948e-05,0.0023753601126372814,7.423000351991504e-05,0.19300000369548798,0.21449999511241913,0.4074999988079071,0.01850000023841858,0.0005000000237487257,0.08449999988079071,0.0010000000474974513,-0.8284448385238647,-0.9805830717086792,-0.7385126352310181,-0.9191561937332153,-0.062691264
85,5757,-0.09870983282490636,-0.5781864181230988,0.26629016717509363,-0.0901864181230988,0.2811477247782982,0.0601161203600057,0.9307887554168701,0.21855871379375458,-1.0,0.3139534890651703,0.37627118825912476,0.05225000157952309,0.27950000762939453,0.06537500023841858,-0.5529999732971191,0.00017130000924225897,0.0,0.002044179942458868,6.851999933132902e-05,0.014999999664723873,0.1850000023841858,0.20000000298023224,0.0022499999031424522,0.0,0.07500000298023224,0.0010000000474974513,-0.7641544342041016,0.016188548877835274,-0.3823357820510864,-0.8153752088546753,-0.025268996
86,5758,-0.09875821280705688,-0.5791019870937972,0.2662417871929431,-0.09110198709379724,0.2813969816826947,0.05996646337202444,0.9332329630851746,0.22341285645961761,-1.0,0.3139534890651703,0.37627118825912476,0.03812500089406967,0.28325000405311584,0.07387500256299973,-0.5681250095367432,0.00017130000924225897,7.994000043254346e-05,0.000925020023714751,6.851999933132902e-05,0.02199999988079071,0.08699999749660492,0.10899999737739563,0.0020000000949949026,0.0,0.04475000128149986,0.000750000006519258,0.26038119196891785,0.6553447842597961,0.774329662322998,-0.2223266363143921,-0.010840612
87,5759,-0.09899630579088581,-0.5793183491601384,0.2660036942091142,-0.09131834916013837,0.28124189984109565,0.06005953261585932,0.9331204295158386,0.22186103463172913,-1.0,0.3139534890651703,0.37627118825912476,0.03962500020861626,0.2952499985694885,0.07387500256299973,-0.5720000267028809,0.0008108200272545218,7.423000351991504e-05,0.0018100700108334422,6.851999933132902e-05,0.07750000059604645,0.16449999809265137,0.24199999868869781,0.008750000037252903,0.0005000000237487257,0.06949999928474426,0.0002500000118743628,-0.23171842098236084,-0.6980884671211243,0.6109736561775208,-0.7056611180305481,-0.0395081
88,5760,-0.09762875826493808,-0.5800636992277327,0.2673712417350619,-0.09206369922773272,0.28277748429187805,0.059144312742976206,0.9325667023658752,0.22149431705474854,-1.0,0.3139534890651703,0.37627118825912476,0.038624998182058334,0.2826249897480011,0.07774999737739563,-0.5855000019073486,0.0001827200030675158,0.0,0.0019242700655013323,6.28100024187006e-05,0.01600000075995922,0.17399999499320984,0.1899999976158142,0.0022499999031424522,-0.0002500000118743628,0.07225000113248825,0.0010000000474974513,0.48458123207092285,0.8652049899101257,0.4656258523464203,-0.8591805696487427,-0.03145478
89,5761,-0.09790720594120841,-0.5820536323295391,0.2670927940587916,-0.09405363232953912,0.28316893613620864,0.05891324379681734,0.9357470870018005,0.22023101150989532,-1.0,0.3139534890651703,0.37627118825912476,0.042249999940395355,0.29875001311302185,0.07774999737739563,-0.6013749837875366,0.0013132999883964658,0.0,0.0021983501501381397,6.851999933132902e-05,0.11500000208616257,0.19850000739097595,0.31349998712539673,0.013000000268220901,-0.0002500000118743628,0.07975000143051147,0.000750000006519258,0.3333834111690521,0.08740369975566864,-0.9615207314491272,-0.648398756980896,-0.029665107
90,5762,-0.09756542897840834,-0.5820442148401292,0.2674345710215916,-0.09404421484012926,0.2834882080835094,0.05872545028165767,0.9350995421409607,0.21685825288295746,-1.0,0.3139534890651703,0.37627118825912476,0.04699999839067459,0.3022499978542328,0.07774999737739563,-0.6136249899864197,0.0016730300849303603,7.423000351991504e-05,0.0010449300752952695,7.423000351991504e-05,0.15299999713897705,0.09799999743700027,0.25099998712539673,0.01600000075995922,0.0002500000118743628,0.04874999821186066,0.0010000000474974513,-0.07030871510505676,-0.9813857078552246,0.7404732704162598,-0.5859881043434143,-0.010366625
91,5763,-0.09536912153494986,-0.5830364855112249,0.26963087846505013,-0.0950364855112249,0.2858893915488294,0.05733213939907898,0.9358943700790405,0.21687421202659607,-1.0,0.3139534890651703,0.37627118825912476,0.04712500050663948,0.2842499911785126,0.07774999737739563,-0.6243749856948853,0.0012790400069206953,-7.994000043254346e-05,0.0019128500716760755,6.851999933132902e-05,0.11900000274181366,0.17350000143051147,0.29249998927116394,0.013249999843537807,-0.0005000000237487257,0.07249999791383743,0.000750000006519258,0.698459267616272,-0.9593466520309448,0.5768438577651978,0.7008151412010193,-0.03880129
92,5764,-0.09807450186193542,-0.583170205747788,0.26692549813806454,-0.095170205747788,0.28338417319661696,0.058786577028492965,0.9410020709037781,0.21519239246845245,-1.0,0.3139534890651703,0.37627118825912476,0.05624999850988388,0.26637500524520874,0.07737500220537186,-0.6175000071525574,0.0024552999529987574,-8.565000462112948e-05,0.002284000162035227,0.00017130000924225897,0.2224999964237213,0.2150000035762787,0.4375,0.020999999716877937,-0.0005000000237487257,0.08275000005960464,0.013249999843537807,-0.28847432136535645,-0.11276597529649734,-0.46127229928970337,-0.8070641160011292,-0.03660657
93,5765,-0.09869623278415832,-0.5830169085446385,0.2663037672158417,-0.09501690854463851,0.28274707662985554,0.05916229988029599,0.9347104430198669,0.21496574580669403,-1.0,0.3139534890651703,0.37627118825912476,0.05624999850988388,0.2641249895095825,0.07737500220537186,-0.6265000104904175,0.0009478600113652647,-1.1420000191719737e-05,0.0021640900522470474,6.28100024187006e-05,0.08399999886751175,0.19499999284744263,0.27900001406669617,0.010250000283122063,0.0,0.07925000041723251,0.0010000000474974513,-0.6676734089851379,0.18524523079395294,0.16032473742961884,-0.5084334015846252,-0.010420413
94,5766,-0.09752041795294739,-0.5841281955380045,0.2674795820470526,-0.09612819553800456,0.2842287050764908,0.0582921961847247,0.9332645535469055,0.21522557735443115,-1.0,0.3139534890651703,0.37627118825912476,0.04749999940395355,0.26787498593330383,0.07987499982118607,-0.6357499957084656,0.00019414001144468784,7.994000043254346e-05,0.0021241200156509876,6.851999933132902e-05,0.024000000208616257,0.19200000166893005,0.2160000056028366,0.002749999985098839,0.0,0.07750000059604645,0.0005000000237487257,0.9580891132354736,-0.2915624976158142,0.9427588582038879,-0.8653175234794617,-0.06831805
95,5767,-0.09693031533805097,-0.5842594902667432,0.268069684661949,-0.09625949026674319,0.2848284488971739,0.057943638611200034,0.9359990358352661,0.21334204077720642,-1.0,0.3139534890651703,0.37627118825912476,0.05700000002980232,0.2627499997615814,0.07975000143051147,-0.6521250009536743,0.0022326100151985884,-8.565000462112948e-05,0.0026551501359790564,7.423000351991504e-05,0.2029999941587448,0.23899999260902405,0.44200000166893005,0.019500000402331352,-0.0005000000237487257,0.09175000339746475,0.0010000000474974513,-0.49775081872940063,-0.9956690669059753,0.5188948512077332,-0.9611091017723083,-0.094889484
96,5768,-0.09628495883574037,-0.5827372281226485,0.2687150411642596,-0.09473722812264851,0.284926158399457,0.05788704982112305,0.9373713731765747,0.2131195068359375,-1.0,0.3139534890651703,0.37627118825912476,0.05550000071525574,0.24412499368190765,0.07987499982118607,-0.6700000166893005,0.00029121001716703176,-7.994000043254346e-05,0.002032760065048933,6.28100024187006e-05,0.032499998807907104,0.1835000067949295,0.2160000056028366,0.004000000189989805,-0.0005000000237487257,0.0754999965429306,0.000750000006519258,-0.643258810043335,-0.11764775216579437,0.8874096274375916,-0.4959125816822052,-0.062383905
97,5769,-0.09484691544853033,-0.5807900568950207,0.2701530845514697,-0.09279005689502073,0.2856443308578952,0.05747281023007333,0.938872218132019,0.21569961309432983,-1.0,0.3139534890651703,0.37627118825912476,0.04412499815225601,0.24187499284744263,0.08637499809265137,-0.6790000200271606,0.0001884299999801442,0.0,0.002084149979054928,6.28100024187006e-05,0.016499999910593033,0.18799999356269836,0.2045000046491623,0.002749999985098839,-0.0002500000118743628,0.07625000178813934,0.0002500000118743628,-0.5966932773590088,-0.7381332516670227,0.9903267025947571,-0.07378637790679932,-0.1833395
98,5770,-0.09316863343457552,-0.5811070351601716,0.2718313665654245,-0.0931070351601716,0.28733466871427754,0.05650949018024668,0.9422164559364319,0.21899990737438202,-1.0,0.3139534890651703,0.37627118825912476,0.03312499821186066,0.24537500739097595,0.09587500244379044,-0.6802499890327454,0.00021127000218257308,7.423000351991504e-05,0.0019242700655013323,0.0,0.02500000037252903,0.16850000619888306,0.19349999725818634,0.0024999999441206455,0.0002500000118743628,0.07225000113248825,0.0,0.6275008916854858,0.1163552850484848,-0.2731657028198242,0.31948941946029663,-0.003824319
99,5771,-0.09255879331982927,-0.5799879634797548,0.2724412066801707,-0.0919879634797548,0.28755172842899096,0.05638696386781433,0.9461194276809692,0.21846264600753784,-1.0,0.3139534890651703,0.37627118825912476,0.03799999877810478,0.24762499332427979,0.09574999660253525,-0.6776250004768372,0.0017986500170081854,7.423000351991504e-05,0.0015645400853827596,9.707000572234392e-05,0.164000004529953,0.14550000429153442,0.3095000088214874,0.016249999403953552,0.0,0.0637499988079071,0.006500000134110451,-0.3317139446735382,0.40008702874183655,-0.5128536820411682,0.5007585287094116,-0.0071799518
100,5772,-0.09431135376421296,-0.5808437458385667,0.27068864623578703,-0.0928437458385667,0.2861683147070958,0.057172449594618105,0.9475376605987549,0.22035938501358032,-1.0,0.3139534890651703,0.37627118825912476,0.03787500038743019,0.2551249861717224,0.09574999660253525,-0.6690000295639038,0.00033117999555543065,0.0,0.0010049600386992097,0.00011991000064881518,0.028999999165534973,0.09849999845027924,0.1274999976158142,0.0042500002309679985,0.0,0.04724999889731407,0.00800000037997961,0.2646731436252594,-0.9967461228370667,0.84658282995224,-0.9321997761726379,-0.15783213
101,5773,-0.09477099154504795,-0.5820357490617385,0.270229008454952,-0.0940357490617385,0.2861231188005415,0.057198295041613806,0.9434619545936584,0.2189089059829712,-1.0,0.3139534890651703,0.37627118825912476,0.03799999877810478,0.25862500071525574,0.09587500244379044,-0.6825000047683716,0.0014903100673109293,7.994000043254346e-05,0.0019870800897479057,6.28100024187006e-05,0.13750000298023224,0.17949999868869781,0.31700000166893005,0.013749999925494194,0.0005000000237487257,0.0742499977350235,0.0002500000118743628,0.9181137084960938,0.8466843366622925,-0.3875406086444855,-0.8556088805198669,-0.0054255696
102,5774,-0.09234236721307676,-0.5820641278464485,0.27265763278692323,-0.09406412784644846,0.2884271916177143,0.055895471313249866,0.9423930644989014,0.21688856184482574,-1.0,0.3139534890651703,0.37627118825912476,0.04800000041723251,0.2747499942779541,0.09537500143051147,-0.6983749866485596,0.003323220182210207,0.0,0.0015188599936664104,7.423000351991504e-05,0.29100000858306885,0.13950000703334808,0.43050000071525574,0.02800000086426735,0.0,0.06300000101327896,0.0,-0.8193020224571228,0.07475732266902924,0.9924196600914001,0.28367936611175537,-0.03170177
103,5775,-0.09288006704781931,-0.5790432586883313,0.2721199329521807,-0.0910432586883313,0.2869462194601799,0.05672942776975087,0.9480410218238831,0.216840460896492,-1.0,0.3139534890651703,0.37627118825912476,0.04475000128149986,0.2782500088214874,0.09549999982118607,-0.6957499980926514,0.00029121001716703176,7.994000043254346e-05,0.0028207399882376194,9.13600015337579e-05,0.032499998807907104,0.2549999952316284,0.2874999940395355,0.004000000189989805,0.0005000000237487257,0.09475000202655792,0.005249999929219484,-0.889846682548523,-0.8507828116416931,-0.6989585161209106,-0.8561339378356934,-0.030395854
104,5776,-0.09328187599353041,-0.5810032517854264,0.27171812400646955,-0.09300325178542646,0.2871939131601828,0.0565890864311966,0.9467905163764954,0.22196057438850403,-1.0,0.3139534890651703,0.37627118825912476,0.028750000521540642,0.2626250088214874,0.10262499749660492,-0.7091249823570251,0.00020556000526994467,0.0,0.0016273499932140112,0.0,0.017999999225139618,0.14249999821186066,0.16050000488758087,0.002749999985098839,0.0,0.06575000286102295,0.0,0.9781157970428467,-0.7836139798164368,0.2561632990837097,-0.9288312792778015,-0.25994876
105,5777,-0.0931628212291003,-0.5793337774957693,0.2718371787708997,-0.09133377749576932,0.2867704843141441,0.05682920896212001,0.9458560943603516,0.2186385542154312,-1.0,0.3139534890651703,0.37627118825912476,0.03824999928474426,0.26637500524520874,0.10237500071525574,-0.7080000042915344,0.0023639400023967028,5.7100000958598685e-06,0.001918560010381043,9.13600015337579e-05,0.20749999582767487,0.17599999904632568,0.38350000977516174,0.020250000059604645,0.0,0.07374999672174454,0.005249999929219484,-0.9619752764701843,-0.5995250344276428,-0.1252443790435791,-0.6437581777572632,-0.09909917
106,5778,-0.09137933610387197,-0.5806508952591614,0.27362066389612805,-0.09265089525916137,0.2888813876027356,0.05564217199984306,0.9461329579353333,0.22146818041801453,-1.0,0.3139534890651703,0.37627118825912476,0.029124999418854713,0.27024999260902405,0.10275000333786011,-0.7170000076293945,0.00019985000835731626,0.0,0.001781520084477961,-6.28100024187006e-05,0.017500000074505806,0.1615000069141388,0.17900000512599945,0.0024999999441206455,-0.0002500000118743628,0.06949999928474426,-0.000750000006519258,0.5632988214492798,0.33186161518096924,0.6736761927604675,0.7713835835456848,-0.046149947
107,5779,-0.09310902485737457,-0.5800952454821646,0.2718909751426254,-0.09209524548216463,0.28706486480311016,0.05666216085805092,0.9502806067466736,0.21923577785491943,-1.0,0.3139534890651703,0.37627118825912476,0.03362499922513962,0.2758750021457672,0.10262499749660492,-0.7056249976158142,0.001581670017912984,7.994000043254346e-05,0.0021812201011925936,9.13600015337579e-05,0.14550000429153442,0.19900000095367432,0.34450000524520874,0.014499999582767487,0.000750000006519258,0.08049999922513962,0.005249999929219484,0.2000449150800705,-0.23193617165088654,0.27859067916870117,-0.83598792552948,-0.021672973
108,5780,-0.09328749188483432,-0.5801857951426481,0.2717125081151657,-0.09218579514264813,0.28692491682026544,0.056741513922763324,0.9462580680847168,0.2201775461435318,-1.0,0.3139534890651703,0.37627118825912476,0.03474999964237213,0.2722499966621399,0.10262499749660492,-0.7179999947547913,0.002272580051794648,-8.565000462112948e-05,0.0023011299781501293,-7.423000351991504e-05,0.20649999380111694,0.20800000429153442,0.41449999809265137,0.019750000908970833,-0.0005000000237487257,0.08399999886751175,-0.0012499999720603228,-0.3266719579696655,-0.7455318570137024,-0.9597585201263428,-0.5245469212532043,-0.056475855
109,5781,-0.09336393566162068,-0.5809071883349722,0.2716360643383793,-0.09290718833497225,0.2870851739354614,0.056650654433276264,0.9458430409431458,0.22002407908439636,-1.0,0.3139534890651703,0.37627118825912476,0.03474999964237213,0.2581250071525574,0.10262499749660492,-0.7281249761581421,0.0006623599911108613,0.0,0.0017586800968274474,-6.28100024187006e-05,0.057999998331069946,0.15950000286102295,0.2175000011920929,0.007499999832361937,0.0,0.06925000250339508,-0.0005000000237487257,0.13254477083683014,-0.4914383888244629,0.8740628957748413,0.3313511908054352,-0.14238596
110,5782,-0.09124680749496852,-0.5798496594821919,0.2737531925050315,-0.09184965948219193,0.28875105255858624,0.05571474053012487,0.9456652402877808,0.2188013792037964,-1.0,0.3139534890651703,0.37627118825912476,0.03474999964237213,0.2615000009536743,0.10262499749660492,-0.7237499952316284,0.0012447800254449248,7.994000043254346e-05,0.002284000162035227,8.565000462112948e-05,0.11599999666213989,0.20749999582767487,0.32350000739097595,0.012249999679625034,0.000750000006519258,0.0832500010728836,0.003000000026077032,-0.26348528265953064,0.4382534921169281,0.38950759172439575,0.7117025852203369,-0.03123228
111,5783,-0.09399571928576445,-0.5798252100560601,0.27100428071423555,-0.09182521005606015,0.2861384094582196,0.05718954971474731,0.9505888223648071,0.22059379518032074,-1.0,0.3139534890651703,0.37627118825912476,0.03437500074505806,0.27012500166893005,0.10262499749660492,-0.7108749747276306,0.000245530012762174,0.0,0.0024895600508898497,8.565000462112948e-05,0.0215000007301569,0.22550000250339508,0.24699999392032623,0.0032500000670552254,-0.0002500000118743628,0.08799999952316284,0.0037499999161809683,-0.37894442677497864,0.21654096245765686,-0.867054283618927,-0.7849981188774109,-0.04720543
112,5784,-0.09310955388018854,-0.57931371325664,0.27189044611981145,-0.09131371325664006,0.28681458979617125,0.056804149692237176,0.9441959857940674,0.22063523530960083,-1.0,0.3139534890651703,0.37627118825912476,0.02812499925494194,0.27399998903274536,0.1028750017285347,-0.7232499718666077,0.0001598800008650869,2.2840000383439474e-05,0.001878590090200305,-6.851999933132902e-05,0.01600000075995922,0.1704999953508377,0.18649999797344208,0.0017500000540167093,0.0,0.07275000214576721,-0.000750000006519258,0.18117067217826843,-0.9105415344238281,0.4800974130630493,-0.7457102537155151,-0.16723712
113,5785,-0.09387404590682735,-0.5802146162742574,0.27112595409317264,-0.09221461627425742,0.2863788023537037,0.0570522352135533,0.9462568759918213,0.2215021848678589,-1.0,0.3139534890651703,0.37627118825912476,0.0286250002682209,0.2776249945163727,0.1028750017285347,-0.7372499704360962,0.0006794900400564075,7.994000043254346e-05,0.0021812201011925936,-6.851999933132902e-05,0.06650000065565109,0.19699999690055847,0.26350000500679016,0.007499999832361937,0.0002500000118743628,0.07999999821186066,-0.0005000000237487257,0.6642637252807617,0.6831641793251038,0.6103630065917969,-0.15075579285621643,-0.047402214
114,5786,-0.09402228070670382,-0.5809532887759594,0.27097771929329617,-0.09295328877595943,0.28647729098073954,0.056996072911678027,0.9444789886474609,0.21997523307800293,-1.0,0.3139534890651703,0.37627118825912476,0.035999998450279236,0.2903749942779541,0.10262499749660492,-0.7398750185966492,0.0019699500408023596,7.994000043254346e-05,0.0024895600508898497,-7.423000351991504e-05,0.17949999868869781,0.22450000047683716,0.40400001406669617,0.017500000074505806,0.0002500000118743628,0.0885000005364418,-0.000750000006519258,0.9367815852165222,-0.31281107664108276,-0.612748920917511,-0.24467378854751587,-0.08235926
115,5787,-0.09372498560551862,-0.5814568206097794,0.2712750143944814,-0.09345682060977945,0.2869221336063403,0.05674309318245715,0.9441342353820801,0.21872323751449585,-1.0,0.3139534890651703,0.37627118825912476,0.04149999842047691,0.2849999964237213,0.10237500071525574,-0.7447500228881836,0.002832160098478198,-8.565000462112948e-05,0.001918560010381043,3.997000021627173e-05,0.2554999887943268,0.17149999737739563,0.4269999861717224,0.024000000208616257,-0.0005000000237487257,0.0742499977350235,0.0,0.8472018837928772,-0.24723884463310242,0.2591847777366638,-0.6112748384475708,-0.20892172
116,5788,-0.0929027235913748,-0.5810397507472121,0.2720972764086252,-0.09303975074721216,0.2875644676382935,0.05637978107199326,0.9448255896568298,0.21786978840827942,-1.0,0.3139534890651703,0.37627118825912476,0.04149999842047691,0.2801249921321869,0.10237500071525574,-0.7433750033378601,0.003180470084771514,0.0,0.0020556000526994467,9.13600015337579e-05,0.2784999907016754,0.18799999356269836,0.46650001406669617,0.026499999687075615,0.0,0.07800000160932541,0.004749999847263098,0.12870173156261444,-0.9262620210647583,0.5306721329689026,0.53470379114151,-0.2068517
117,5789,-0.09324234062103215,-0.5808155143537612,0.27175765937896784,-0.09281551435376123,0.28717058542944185,0.05660228892076876,0.9467378258705139,0.21857669949531555,-1.0,0.3139534890651703,0.37627118825912476,0.04149999842047691,0.2838749885559082,0.10237500071525574,-0.7329999804496765,0.0025466601364314556,7.994000043254346e-05,0.002329680137336254,8.565000462112948e-05,0.23000000417232513,0.21150000393390656,0.4415000081062317,0.02199999988079071,0.0,0.08474999666213989,0.004000000189989805,0.4384216070175171,-0.9003753662109375,-0.3112936317920685,-0.8888108730316162,-0.060712803
118,5790,-0.0927536658318073,-0.5817630908392473,0.27224633416819266,-0.09376309083924728,0.2879402432306887,0.05616831717936181,0.94594806432724,0.21895675361156464,-1.0,0.3139534890651703,0.37627118825912476,0.04149999842047691,0.2671250104904175,0.10237500071525574,-0.7475000023841858,0.0019585301633924246,0.0,0.0018272000597789884,0.0,0.17149999737739563,0.1599999964237213,0.33149999380111694,0.017500000074505806,-0.0002500000118743628,0.07124999910593033,-0.0002500000118743628,0.9669765830039978,-0.1452217996120453,-0.3804108500480652,-0.6803072690963745,-0.21772467
119,5791,-0.09171174466948831,-0.5817706461133556,0.2732882553305117,-0.09377064611335562,0.2889280266331239,0.055616227081034905,0.9470844864845276,0.21735069155693054,-1.0,0.3139534890651703,0.37627118825912476,0.04437499865889549,0.2705000042915344,0.10225000232458115,-0.7462499737739563,0.003545910120010376,7.994000043254346e-05,0.001667320029810071,9.707000572234392e-05,0.3174999952316284,0.15449999272823334,0.47200000286102295,0.029750000685453415,0.0005000000237487257,0.061250001192092896,0.004749999847263098,0.10164237767457962,-0.09360363334417343,0.3286243975162506,0.4018326997756958,-0.022541802
120,5792,-0.09307525090394575,-0.5812600549603432,0.27192474909605424,-0.09326005496034317,0.28747261960429954,0.05643158858092511,0.9495075941085815,0.21733789145946503,-1.0,0.3139534890651703,0.37627118825912476,0.04437499865889549,0.2693749964237213,0.10225000232458115,-0.7386249899864197,0.0035230701323598623,-8.565000462112948e-05,0.002049890113994479,8.565000462112948e-05,0.3160000145435333,0.18700000643730164,0.503000020980835,0.029750000685453415,-0.000750000006519258,0.07000000029802322,0.0044999998062849045,-0.8816530704498291,-0.9007924795150757,-0.06918725371360779,-0.8863785862922668,-0.10366619
121,5793,-0.0919749195539453,-0.5816853908931948,0.27302508044605467,-0.09368539089319483,0.2886514282302884,0.05577027362378364,0.9463366270065308,0.21820329129695892,-1.0,0.3139534890651703,0.37627118825912476,0.04437499865889549,0.25212499499320984,0.10225000232458115,-0.7528749704360962,0.003111950121819973,0.0,0.0020670201629400253,0.0,0.27250000834465027,0.1809999942779541,0.45350000262260437,0.027000000700354576,0.0,0.06975000351667404,0.0,0.36831602454185486,-0.5430938005447388,0.918817400932312,0.5821452140808105,-0.26595077
122,5794,-0.09390610482863357,-0.5817873860562022,0.2710938951713664,-0.09378738605620218,0.2868588046102802,0.05677903939468934,0.9488955140113831,0.21748238801956177,-1.0,0.3139534890651703,0.37627118825912476,0.04437499865889549,0.25562500953674316,0.10225000232458115,-0.7441250085830688,0.0007023300277069211,7.994000043254346e-05,0.0022326100151985884,9.13600015337579e-05,0.06849999725818634,0.20350000262260437,0.2720000147819519,0.008249999955296516,0.0005000000237487257,0.08150000125169754,0.0042500002309679985,0.901496410369873,0.8247591257095337,-0.9700011610984802,-0.4837402105331421,-0.027160032
123,5795,-0.09394572465175768,-0.5829264234633977,0.27105427534824234,-0.09492642346339775,0.2871958322401512,0.05658800045179504,0.9444044232368469,0.21730951964855194,-1.0,0.3139534890651703,0.37627118825912476,0.04774999991059303,0.27137500047683716,0.10199999809265137,-0.7507500052452087,0.004311050288379192,0.0,0.0015017300611361861,-7.994000043254346e-05,0.3774999976158142,0.13850000500679016,0.515999972820282,0.03525000065565109,-0.0002500000118743628,0.0560000017285347,-0.0005000000237487257,-0.9296354055404663,-0.7373530864715576,-0.7317725419998169,-0.8821263909339905,-0.24461016
124,5796,-0.09395727085900923,-0.5822314981096478,0.27104272914099076,-0.09423149810964782,0.2869559831336246,0.05672388916406649,0.9443122744560242,0.21537894010543823,-1.0,0.3139534890651703,0.37627118825912476,0.04774999991059303,0.2747499942779541,0.1016250029206276,-0.7674999833106995,0.004145460203289986,7.423000351991504e-05,0.0006623599911108613,0.0,0.3695000112056732,0.057999998331069946,0.42750000953674316,0.03400000184774399,0.0005000000237487257,0.03700000047683716,0.0,-0.9574839472770691,-0.8187981843948364,-0.31353968381881714,-0.7928913831710815,-0.23557998
125,5797,-0.09306547046907432,-0.5831116240210816,0.2719345295309257,-0.09511162402108164,0.288087850099815,0.05608547004400588,0.9442853927612305,0.21655678749084473,-1.0,0.3139534890651703,0.37627118825912476,0.04774999991059303,0.25975000858306885,0.1016250029206276,-0.7667499780654907,0.0037343401927500963,0.0,0.0004568000149447471,9.707000572234392e-05,0.3269999921321869,0.048500001430511475,0.37549999356269836,0.03125,0.0,0.028750000521540642,0.006000000052154064,-0.6597800254821777,0.16529043018817902,-0.23175527155399323,-0.9556071758270264,-0.08275573
126,5798,-0.09309225496034365,-0.583248413345238,0.2719077450396563,-0.09524841334523804,0.2881077611889969,0.056074303927731925,0.946359395980835,0.21506504714488983,-1.0,0.3139534890651703,0.37627118825912476,0.048500001430511475,0.26337501406669617,0.10050000250339508,-0.781624972820282,0.003151920158416033,6.851999933132902e-05,0.0003768599999602884,7.423000351991504e-05,0.28200000524520874,0.039500001817941666,0.3215000033378601,0.027249999344348907,0.0002500000118743628,0.02474999986588955,0.0,0.0517752431333065,-0.7372216582298279,0.7749921083450317,-0.8166103363037109,-0.037197303
127,5799,-0.09120861971135891,-0.5830607117494055,0.2737913802886411,-0.09506071174940556,0.2898245311195428,0.05511985344059641,0.9462971091270447,0.21483319997787476,-1.0,0.3139534890651703,0.37627118825912476,0.048500001430511475,0.24975000321865082,0.10050000250339508,-0.796999990940094,0.0025980500504374504,0.0,0.0009364400175400078,6.851999933132902e-05,0.22750000655651093,0.08799999952316284,0.3154999911785126,0.023499999195337296,0.0,0.045499999076128006,0.0002500000118743628,-0.46028321981430054,-0.560362696647644,-0.7341020703315735,0.6443048119544983,-0.119543344
128,5800,-0.09056217142889159,-0.5830462856714174,0.27443782857110843,-0.09504628567141737,0.29043057375344933,0.05478681382935947,0.9506776332855225,0.2151513397693634,-1.0,0.3139534890651703,0.37627118825912476,0.048500001430511475,0.25325000286102295,0.10050000250339508,-0.7882500290870667,0.0006109700188972056,7.423000351991504e-05,0.0004054100136272609,0.00010848999954760075,0.05999999865889549,0.04500000178813934,0.10499999672174454,0.007499999832361937,0.0005000000237487257,0.025750000029802322,0.006750000175088644,-0.6772757172584534,-0.8729427456855774,-0.9694492816925049,0.3650367558002472,-0.036626436
129,5801,-0.09023208178837822,-0.5838597378911234,0.2747679182116218,-0.09585973789112345,0.2910094469719211,0.05447058380536274,0.9521809816360474,0.2151757925748825,-1.0,0.3139534890651703,0.37627118825912476,0.04012500122189522,0.2371249943971634,0.09587500244379044,-0.7798749804496765,0.0001827200030675158,5.139000131748617e-05,0.0001256200048374012,7.994000043254346e-05,0.020500000566244125,0.017999999225139618,0.03849999979138374,0.0024999999441206455,0.0002500000118743628,0.008999999612569809,0.0035000001080334187,-0.12050064653158188,0.5529710054397583,-0.7291786670684814,0.05114508420228958,-0.022104008
130,5802,-0.09298299441557992,-0.5846468249323159,0.2720170055844201,-0.09664682493231591,0.28867604697413357,0.05575654537290922,0.9529486298561096,0.21379704773426056,-1.0,0.3139534890651703,0.37627118825912476,0.038874998688697815,0.24762499332427979,0.08824999630451202,-0.7783750295639038,0.0001256200048374012,0.0,9.13600015337579e-05,6.851999933132902e-05,0.010999999940395355,0.014000000432133675,0.02500000037252903,0.0012499999720603228,-0.0002500000118743628,0.004749999847263098,0.0022499999031424522,0.9318023920059204,-0.9817582964897156,-0.08034513890743256,0.12245894968509674,-0.16016486
131,5803,-0.09689633384669519,-0.5835126286640953,0.26810366615330483,-0.09551262866409527,0.28460892122203074,0.05807098065831334,0.9465512037277222,0.21246300637722015,-1.0,0.3139534890651703,0.37627118825912476,0.04899999871850014,0.2512499988079071,0.08437500149011612,-0.7772499918937683,0.0009935400448739529,2.2840000383439474e-05,0.00014275001012720168,9.13600015337579e-05,0.08900000154972076,0.020500000566244125,0.10949999839067459,0.010999999940395355,0.0,0.010499999858438969,0.0044999998062849045,-0.9611409902572632,0.006525628734380007,0.9764580726623535,-0.7356061339378357,-0.0640995
132,5804,-0.093379612632184,-0.5840230396422688,0.271620387367816,-0.09602303964226877,0.288093837101704,0.05608211230636982,0.9374504089355469,0.21438537538051605,-1.0,0.3139534890651703,0.37627118825912476,0.03700000047683716,0.2548750042915344,0.09037499874830246,-0.7887499928474426,0.00013703999866265804,7.423000351991504e-05,0.0003825699968729168,5.7100001868093386e-05,0.01850000023841858,0.03849999979138374,0.05700000002980232,0.001500000013038516,0.0002500000118743628,0.02474999986588955,0.0,0.5397763252258301,-0.921868622303009,0.8238927721977234,0.5710842609405518,-0.026847428
133,5805,-0.09409061774425648,-0.5817799321649133,0.2709093822557435,-0.09377993216491332,0.2866819999076403,0.05687951620414085,0.945628821849823,0.21352027356624603,-1.0,0.3139534890651703,0.37627118825912476,0.042249999940395355,0.23774999380111694,0.0911249965429306,-0.7804999947547913,0.0008907600422389805,0.0,0.0009649900021031499,8.565000462112948e-05,0.07800000160932541,0.09200000017881393,0.17000000178813934,0.009750000201165676,0.0,0.045249998569488525,0.004749999847263098,-0.7829347848892212,0.5824291706085205,0.9301735162734985,-0.6961710453033447,-0.025014192
134,5806,-0.09425329107606012,-0.5827283853285204,0.27074670892393987,-0.09472838532852046,0.286840107690841,0.056789656318431234,0.9439753293991089,0.21732215583324432,-1.0,0.3139534890651703,0.37627118825912476,0.032249998301267624,0.2487500011920929,0.10100000351667404,-0.7912499904632568,0.00019414001144468784,0.0,0.0012219400377944112,6.851999933132902e-05,0.017000000923871994,0.11299999803304672,0.12999999523162842,0.0024999999441206455,-0.0002500000118743628,0.05299999937415123,0.0002500000118743628,0.8229060173034668,0.058316752314567566,-0.72895747423172,0.15974381566047668,-0.04228414
135,5807,-0.09497853946833579,-0.5822928967084714,0.2700214605316642,-0.09429289670847141,0.2860117821302604,0.057262013183017185,0.9435970187187195,0.21571460366249084,-1.0,0.3139534890651703,0.37627118825912476,0.0403750017285347,0.2523750066757202,0.10087499767541885,-0.7908750176429749,0.00159880006685853,0.0,0.0005538699915632606,9.707000572234392e-05,0.14000000059604645,0.05700000002980232,0.19699999690055847,0.014750000089406967,0.0,0.03175000101327896,0.005249999929219484,-0.4220387935638428,-0.9598124027252197,0.8466627597808838,-0.48708152770996094,-0.16405854
136,5808,-0.0937160522289821,-0.5822339470061126,0.2712839477710179,-0.09423394700611265,0.2871846393639103,0.05659433463113461,0.9419103860855103,0.2164527177810669,-1.0,0.3139534890651703,0.37627118825912476,0.038750000298023224,0.25600001215934753,0.10100000351667404,-0.7973750233650208,0.00027407999732531607,7.994000043254346e-05,0.0013361400924623013,6.851999933132902e-05,0.03099999949336052,0.12300000339746475,0.15399999916553497,0.0035000001080334187,0.0002500000118743628,0.05649999901652336,0.0,0.1346120983362198,-0.4932527542114258,0.5714678764343262,-0.4538988769054413,-0.012943113
137,5809,-0.09221930834995884,-0.58099413107211,0.27278069165004115,-0.09299413107210996,0.2881964853202266,0.05602457455296902,0.9448463916778564,0.21655263006687164,-1.0,0.3139534890651703,0.37627118825912476,0.038874998688697815,0.2472500056028366,0.10100000351667404,-0.8059999942779541,0.0006909100338816643,-7.994000043254346e-05,0.001975659979507327,6.28100024187006e-05,0.06750000268220901,0.1784999966621399,0.2460000067949295,0.00774999987334013,-0.0005000000237487257,0.07325000315904617,0.0002500000118743628,-0.7021412253379822,0.4437659680843353,0.962542712688446,-0.7615238428115845,-0.060852993
138,5810,-0.09204894796382873,-0.5814203360389621,0.27295105203617126,-0.09342033603896216,0.28849546962350253,0.05585732002606243,0.9483271837234497,0.21865402162075043,-1.0,0.3139534890651703,0.37627118825912476,0.02837499976158142,0.2552500069141388,0.11012499779462814,-0.8199999928474426,0.00019414001144468784,0.0,0.0018100700108334422,6.851999933132902e-05,0.017000000923871994,0.16449999809265137,0.18150000274181366,0.0024999999441206455,0.0,0.0689999982714653,0.000750000006519258,0.5508444905281067,0.3474453091621399,0.7378461360931396,-0.37355080246925354,-0.046183508
139,5811,-0.09100684122245051,-0.5799150180247663,0.2739931587775495,-0.09191501802476632,0.2889993453200068,0.05557657645901902,0.9487233757972717,0.2179316282272339,-1.0,0.3139534890651703,0.37627118825912476,0.032499998807907104,0.2615000009536743,0.11012499779462814,-0.8261250257492065,0.0016159299993887544,7.994000043254346e-05,0.0022497400641441345,6.851999933132902e-05,0.148499995470047,0.2029999941587448,0.351500004529953,0.014750000089406967,0.0005000000237487257,0.0807500034570694,0.0005000000237487257,-0.831293523311615,-0.03708988055586815,0.9586727023124695,-0.47509464621543884,-0.06952223
140,5812,-0.09110998175359786,-0.581273182832644,0.27389001824640213,-0.09327318283264396,0.2893365319670959,0.055389495247972736,0.9511469006538391,0.22048301994800568,-1.0,0.3139534890651703,0.37627118825912476,0.022749999538064003,0.2615000009536743,0.11774999648332596,-0.8338750004768372,0.00022269001055974513,-8.565000462112948e-05,0.002129829954355955,6.28100024187006e-05,0.027000000700354576,0.19200000166893005,0.21899999678134918,0.0032500000670552254,-0.000750000006519258,0.07750000059604645,0.000750000006519258,0.8439260721206665,-0.6948760747909546,0.08833643794059753,0.13730445504188538,-0.004674058
141,5813,-0.09100148408438366,-0.5798090560679936,0.2739985159156163,-0.09180905606799361,0.2889707415986197,0.05559247570188502,0.9509069919586182,0.2181810438632965,-1.0,0.3139534890651703,0.37627118825912476,0.030500000342726707,0.2485000044107437,0.11774999648332596,-0.8338750004768372,0.002226900076493621,-8.565000462112948e-05,0.00215838011354208,9.707000572234392e-05,0.20250000059604645,0.19750000536441803,0.4000000059604645,0.01924999989569187,-0.000750000006519258,0.07900000363588333,0.005750000011175871,-0.9636535048484802,0.3238731920719147,-0.6015918850898743,-0.47925299406051636,-0.024961919
142,5814,-0.09209685147833835,-0.5817263362664302,0.27290314852166164,-0.09372633626643023,0.2885493971280551,0.05582720568794777,0.9511593580245972,0.22066262364387512,-1.0,0.3139534890651703,0.37627118825912476,0.020874999463558197,0.2541249990463257,0.11924999952316284,-0.8383749723434448,0.00017130000924225897,0.0,0.0014503400307148695,6.28100024187006e-05,0.014999999664723873,0.13249999284744263,0.14749999344348907,0.0024999999441206455,0.0,0.05999999865889549,0.0,0.9769667387008667,-0.8725735545158386,0.6175228357315063,-0.7563612461090088,-0.13906068
143,5815,-0.08984875996118369,-0.581589463736154,0.2751512400388163,-0.09358946373615407,0.29063240118286743,0.05467635052147204,0.9486119747161865,0.21741299331188202,-1.0,0.3139534890651703,0.37627118825912476,0.03112499974668026,0.257625013589859,0.11887499690055847,-0.8502500057220459,0.0021355401258915663,7.994000043254346e-05,0.002072730101644993,7.423000351991504e-05,0.1940000057220459,0.18799999356269836,0.38199999928474426,0.01850000023841858,0.0005000000237487257,0.07724999636411667,0.0010000000474974513,-0.5091059803962708,0.30031079053878784,-0.9478728771209717,0.7346517443656921,-0.026540441
144,5816,-0.09011051624987293,-0.5802201054820288,0.27488948375012706,-0.09222010548202886,0.2899461607463149,0.05505285212356523,0.9538400769233704,0.21764497458934784,-1.0,0.3139534890651703,0.37627118825912476,0.028875000774860382,0.26337501406669617,0.11887499690055847,-0.8401250243186951,0.000308340007904917,7.423000351991504e-05,0.0013532700249925256,0.00011420000373618677,0.03350000083446503,0.12849999964237213,0.16200000047683716,0.004000000189989805,0.0002500000118743628,0.051750000566244125,0.008249999955296516,-0.27521660923957825,-0.938430666923523,0.20942406356334686,-0.31783202290534973,-0.012240379
145,5817,-0.08973746380758285,-0.5802900076660022,0.27526253619241714,-0.09229000766600226,0.2903220786403826,0.05484628710193252,0.9532313346862793,0.21996591985225677,-1.0,0.3139534890651703,0.37627118825912476,0.02437499910593033,0.2462500035762787,0.11912500113248825,-0.840749979019165,0.00019985000835731626,-7.994000043254346e-05,0.0015302799874916673,6.28100024187006e-05,0.02449999935925007,0.13950000703334808,0.164000004529953,0.002749999985098839,-0.0005000000237487257,0.05674999952316284,0.0,-0.28202369809150696,-0.9342103004455566,0.5260636210441589,-0.8778839707374573,-0.032616664
146,5818,-0.08821390851437355,-0.576393550066187,0.27678609148562644,-0.08839355006618699,0.29055801509026224,0.054717037252962855,0.9540989398956299,0.2198474407196045,-1.0,0.3139534890651703,0.37627118825912476,0.019375000149011612,0.22849999368190765,0.12212499976158142,-0.8539999723434448,0.0001598800008650869,-2.2840000383439474e-05,0.0016273499932140112,6.28100024187006e-05,0.01600000075995922,0.14800000190734863,0.164000004529953,0.0022499999031424522,0.0,0.06475000083446503,0.0005000000237487257,-0.9141150116920471,0.622064471244812,0.691094160079956,0.31598541140556335,-0.019350633
147,5819,-0.08677089869445911,-0.5762970965488161,0.2782291013055409,-0.08829709654881612,0.2919037685132549,0.05398561347015703,0.9576420783996582,0.22645160555839539,-1.0,0.3139534890651703,0.37627118825912476,0.0020000000949949026,0.24012500047683716,0.13587500154972076,-0.8502500057220459,0.00020556000526994467,0.0,0.0012847500620409846,9.13600015337579e-05,0.017999999225139618,0.12049999833106995,0.13850000500679016,0.002749999985098839,0.0,0.05575000122189522,0.004749999847263098,0.39799779653549194,-0.9474632740020752,0.4827728867530823,-0.16680312156677246,-0.13245492
148,5820,-0.08782171052063106,-0.5780233935458066,0.27717828947936896,-0.09002339354580657,0.2914309790399985,0.05424145608963289,0.9609979391098022,0.2266150861978531,-1.0,0.3139534890651703,0.37627118825912476,0.004749999847263098,0.2436250001192093,0.13587500154972076,-0.8502500057220459,0.0012390700867399573,7.994000043254346e-05,0.0017586800968274474,6.851999933132902e-05,0.11550000309944153,0.1599999964237213,0.27549999952316284,0.012000000104308128,0.0005000000237487257,0.06875000149011612,0.0002500000118743628,0.8965833187103271,0.9384613633155823,-0.7284632325172424,-0.37031471729278564,-0.029701123
149,5821,-0.08721954230733897,-0.5767487101132873,0.277780457692661,-0.08874871011328733,0.29161329911839845,0.05414265312055926,0.9585541486740112,0.22368916869163513,-1.0,0.3139534890651703,0.37627118825912476,0.016875000670552254,0.2613750100135803,0.1353749930858612,-0.8556249737739563,0.0025637901853770018,0.0,0.00107919005677104,7.423000351991504e-05,0.22450000047683716,0.10100000351667404,0.3255000114440918,0.021250000223517418,0.0,0.05025000125169754,0.000750000006519258,-0.9323264360427856,-0.08426118642091751,-0.8124867081642151,0.6346476078033447,-0.061410904
150,5822,-0.08797291183875916,-0.5763926260881405,0.27702708816124083,-0.08839262608814047,0.29078731733322505,0.054591713599145754,0.959954559803009,0.22584964334964752,-1.0,0.3139534890651703,0.37627118825912476,0.008624999783933163,0.26512500643730164,0.1352500021457672,-0.8466249704360962,0.00023982000129763037,0.0,0.00047964000259526074,0.00010278000263497233,0.020999999716877937,0.050999999046325684,0.07199999690055847,0.003000000026077032,0.0,0.028750000521540642,0.006500000134110451,0.08740393817424774,0.843417227268219,0.2616107761859894,0.8155518174171448,-0.007325101
151,5823,-0.08780197087255229,-0.5750729205322976,0.27719802912744773,-0.08707292053229765,0.29055195893706376,0.054720351100909406,0.9582025408744812,0.22645317018032074,-1.0,0.3139534890651703,0.37627118825912476,0.008500000461935997,0.28075000643730164,0.1352500021457672,-0.8327500224113464,0.0005938400281593204,2.2840000383439474e-05,0.0006680700462311506,0.00013133000175002962,0.05400000140070915,0.07000000029802322,0.12399999797344208,0.006500000134110451,0.0002500000118743628,0.035750001668930054,0.00925000011920929,-0.212565615773201,0.25212565064430237,0.8131839036941528,0.46881797909736633,-0.022769148
152,5824,-0.08843503140968412,-0.5760485449577696,0.2765649685903159,-0.08804854495776959,0.29024253327268,0.05488993213918032,0.9586000442504883,0.22868996858596802,-1.0,0.3139534890651703,0.37627118825912476,0.006624999921768904,0.2854999899864197,0.1352500021457672,-0.8234999775886536,0.0001884299999801442,7.423000351991504e-05,0.0013646900188177824,0.00011991000064881518,0.023000000044703484,0.12999999523162842,0.15299999713897705,0.0024999999441206455,0.0,0.057500001043081284,0.008249999955296516,0.6605956554412842,-0.43695202469825745,-0.15043562650680542,-0.08207277953624725,-0.0051765526
153,5825,-0.08845604124546427,-0.5760742961454743,0.27654395875453575,-0.08807429614547435,0.29023032709410485,0.05489663251123837,0.9571278095245361,0.22703637182712555,-1.0,0.3139534890651703,0.37627118825912476,0.010999999940395355,0.2775000035762787,0.13500000536441803,-0.8234999775886536,0.0021355401258915663,-7.994000043254346e-05,0.0012219400377944112,9.707000572234392e-05,0.1940000057220459,0.11550000309944153,0.3095000088214874,0.01850000023841858,-0.0002500000118743628,0.05400000140070915,0.005750000011175871,0.7671604752540588,-0.5568826198577881,0.13052687048912048,-0.08117584884166718,-0.04631141
154,5826,-0.08782453834658155,-0.5762314006218949,0.27717546165341844,-0.08823140062189494,0.29087972875139817,0.05454128792553239,0.9570789933204651,0.22699271142482758,-1.0,0.3139534890651703,0.37627118825912476,0.014624999836087227,0.2671250104904175,0.13487499952316284,-0.8236250281333923,0.0029920400120317936,0.0,0.0013532700249925256,8.565000462112948e-05,0.2619999945163727,0.12600000202655792,0.3880000114440918,0.024250000715255737,-0.0002500000118743628,0.057750001549720764,0.0035000001080334187,0.6577047109603882,-0.17949260771274567,0.34215134382247925,-0.47545480728149414,-0.10323002
155,5827,-0.08775304349960528,-0.5771057864170168,0.2772469565003947,-0.08910578641701683,0.29121420992411545,0.054359162343752994,0.9585475921630859,0.2267264425754547,-1.0,0.3139534890651703,0.37627118825912476,0.016374999657273293,0.2705000042915344,0.13487499952316284,-0.8302500247955322,0.0032889600843191147,7.994000043254346e-05,0.001667320029810071,7.994000043254346e-05,0.29499998688697815,0.15299999713897705,0.4480000138282776,0.026499999687075615,0.0005000000237487257,0.06674999743700027,0.0012499999720603228,0.6428294777870178,0.12988394498825073,-0.07554544508457184,-0.9581522941589355,-0.13089028
156,5828,-0.08794627551269354,-0.5777748147109945,0.2770537244873065,-0.08977481471099447,0.2912357869642426,0.054347434510786406,0.9587138295173645,0.2252444326877594,-1.0,0.3139534890651703,0.37627118825912476,0.016374999657273293,0.27287501096725464,0.13487499952316284,-0.8452500104904175,0.0007365900091826916,7.994000043254346e-05,0.0016273499932140112,6.851999933132902e-05,0.07150000333786011,0.148499995470047,0.2199999988079071,0.00774999987334013,0.0005000000237487257,0.06475000083446503,0.0010000000474974513,0.14350229501724243,-0.6716954112052917,-0.45950695872306824,-0.6744450330734253,-0.028125513
157,5829,-0.08799714926642221,-0.5782145159944034,0.2770028507335778,-0.09021451599440344,0.2913232538103219,0.05429991930694918,0.9582644701004028,0.22411048412322998,-1.0,0.3139534890651703,0.37627118825912476,0.016374999657273293,0.2606250047683716,0.13487499952316284,-0.8548750281333923,0.001347560086287558,0.0,0.0011762600624933839,6.851999933132902e-05,0.11800000071525574,0.10899999737739563,0.22699999809265137,0.013000000268220901,0.0,0.05249999836087227,0.000750000006519258,0.6134434938430786,0.5321807861328125,0.4406075179576874,-0.25101572275161743,-0.019224253
158,5830,-0.08886692906104304,-0.5791028579899062,0.27613307093895695,-0.09110285798990625,0.29077345752339234,0.05459928043119717,0.9581461548805237,0.22336523234844208,-1.0,0.3139534890651703,0.37627118825912476,0.020999999716877937,0.2705000042915344,0.13474999368190765,-0.8582500219345093,0.003317510010674596,7.994000043254346e-05,0.0015873800730332732,7.423000351991504e-05,0.29750001430511475,0.14550000429153442,0.4429999887943268,0.026750000193715096,0.0,0.06449999660253525,0.000750000006519258,-0.17157712578773499,0.2921033799648285,0.03584099933505058,-0.32467350363731384,-0.010459664
159,5831,-0.08851206933234296,-0.5803419782736838,0.27648793066765703,-0.09234197827368384,0.2915006290840221,0.05420369004514747,0.956123411655426,0.22185955941677094,-1.0,0.3139534890651703,0.37627118825912476,0.020999999716877937,0.2758750021457672,0.13474999368190765,-0.862375020980835,0.0023639400023967028,0.0,0.0016216400545090437,6.851999933132902e-05,0.2070000022649765,0.14800000190734863,0.35499998927116394,0.020500000566244125,0.0,0.06525000184774399,0.0005000000237487257,-0.3249472379684448,-0.8738694190979004,0.6024302244186401,-0.8640352487564087,-0.16870737
160,5832,-0.08925087473114177,-0.5793692471940269,0.2757491252688582,-0.09136924719402695,0.2904925462371516,0.05475287159859613,0.9569486975669861,0.21975935995578766,-1.0,0.3139534890651703,0.37627118825912476,0.019500000402331352,0.27950000762939453,0.13487499952316284,-0.8737499713897705,0.00035402001230977476,7.994000043254346e-05,0.0022668701130896807,6.851999933132902e-05,0.03799999877810478,0.2045000046491623,0.24250000715255737,0.004749999847263098,0.0002500000118743628,0.08124999701976776,0.0010000000474974513,0.8520200848579407,0.9078579545021057,0.9791301488876343,0.5857465267181396,-0.088648185
161,5833,-0.08883058814259165,-0.5787691927869698,0.27616941185740834,-0.09076919278696982,0.2907036126450185,0.05463742855291112,0.9552305340766907,0.22140805423259735,-1.0,0.3139534890651703,0.37627118825912476,0.023250000551342964,0.29637500643730164,0.13474999368190765,-0.8692499995231628,0.003283250145614147,8.565000462112948e-05,0.0026722801849246025,0.0001827200030675158,0.29499998688697815,0.25,0.5450000166893005,0.026750000193715096,0.0005000000237487257,0.09274999797344208,0.013749999925494194,0.2705780565738678,-0.9937384128570557,-0.0983860194683075,0.882163405418396,-0.051303238
162,5834,-0.08939980518151328,-0.5801322937077842,0.27560019481848674,-0.0921322937077842,0.2905922003905908,0.054698335266294335,0.9562079310417175,0.22242510318756104,-1.0,0.3139534890651703,0.37627118825912476,0.023125000298023224,0.27799999713897705,0.13462500274181366,-0.8538749814033508,0.003351770108565688,0.0,0.0021355401258915663,0.00022840000747237355,0.29350000619888306,0.2070000022649765,0.5005000233650208,0.027499999850988388,0.0,0.0794999971985817,0.01600000075995922,0.24070259928703308,0.11503197997808456,-0.8377009034156799,-0.8190815448760986,-0.124586694
163,5835,-0.08904826352820847,-0.5798423136787637,0.2759517364717915,-0.09184231367876372,0.2908339241623396,0.05456627606075336,0.9548841714859009,0.22011475265026093,-1.0,0.3139534890651703,0.37627118825912476,0.023125000298023224,0.2815000116825104,0.13462500274181366,-0.8575000166893005,0.0009706999990157783,7.994000043254346e-05,0.0013247199822217226,7.423000351991504e-05,0.09200000017881393,0.12250000238418579,0.21449999511241913,0.010250000283122063,0.0005000000237487257,0.05700000002980232,0.0010000000474974513,0.9349205493927002,-0.7652008533477783,0.3013233244419098,0.5440679788589478,-0.014981493
164,5836,-0.08884414145747578,-0.5793086443805591,0.2761558585425242,-0.09130864438055908,0.29085963409516635,0.05455224891109473,0.9557017087936401,0.2206062525510788,-1.0,0.3139534890651703,0.37627118825912476,0.026000000536441803,0.26774999499320984,0.13449999690055847,-0.8552500009536743,0.0047164601273834705,-7.994000043254346e-05,0.001581670017912984,0.00022269001055974513,0.41999998688697815,0.15800000727176666,0.578000009059906,0.03700000047683716,-0.0005000000237487257,0.06525000184774399,0.016750000417232513,-0.926608681678772,-0.6474792957305908,0.7790559530258179,-0.8102102279663086,-0.13556387
165,5837,-0.08858777869007509,-0.5798665855775158,0.27641222130992493,-0.09186658557751581,0.2912785361731241,0.05432420637776097,0.9561764001846313,0.22151076793670654,-1.0,0.3139534890651703,0.37627118825912476,0.026875000447034836,0.2554999887943268,0.13437500596046448,-0.8581249713897705,0.004425249993801117,-7.994000043254346e-05,0.0023924901615828276,7.994000043254346e-05,0.3944999873638153,0.21649999916553497,0.6110000014305115,0.03500000014901161,-0.0002500000118743628,0.08649999648332596,0.000750000006519258,-0.34535449743270874,-0.9313960671424866,-0.1856844574213028,-0.9921807646751404,-0.07435226
166,5838,-0.08860655201484391,-0.58090184826047,0.2763934479851561,-0.09290184826046999,0.2915889083955948,0.05415586051562452,0.9567726254463196,0.22056511044502258,-1.0,0.3139534890651703,0.37627118825912476,0.026875000447034836,0.2381249964237213,0.13449999690055847,-0.8715000152587891,0.004116910044103861,-7.994000043254346e-05,0.001878590090200305,7.423000351991504e-05,0.3675000071525574,0.17100000381469727,0.5385000109672546,0.032749999314546585,-0.0002500000118743628,0.07275000214576721,0.0012499999720603228,0.7843433618545532,-0.8961220979690552,0.796295166015625,-0.6300016045570374,-0.151808
167,5839,-0.09011598197894281,-0.5829265679256442,0.27488401802105716,-0.09492656792564425,0.2908131301395156,0.05457762376443281,0.9567289352416992,0.21881042420864105,-1.0,0.3139534890651703,0.37627118825912476,0.02837499976158142,0.2213750034570694,0.13437500596046448,-0.8786249756813049,0.003614430082961917,-8.565000462112948e-05,0.0023068401496857405,7.994000043254346e-05,0.3240000009536743,0.20900000631809235,0.5329999923706055,0.029500000178813934,-0.0002500000118743628,0.08399999886751175,0.0005000000237487257,0.4567979872226715,0.3070829510688782,0.03687489032745361,-0.6995378732681274,-0.11402887
168,5840,-0.08954164025521144,-0.5840930923037482,0.27545835974478855,-0.09609309230374818,0.29173822228461255,0.05407505863338607,0.9532186388969421,0.21537870168685913,-1.0,0.3139534890651703,0.37627118825912476,0.02850000001490116,0.226500004529953,0.13449999690055847,-0.8866249918937683,0.003574460046365857,8.565000462112948e-05,0.0017758100293576717,7.994000043254346e-05,0.320499986410141,0.16249999403953552,0.4830000102519989,0.028999999165534973,0.0010000000474974513,0.0702499970793724,0.000750000006519258,-0.08811598271131516,0.11577188223600388,-0.7258747816085815,-0.9517760872840881,-0.06443489
169,5841,-0.088888186739962,-0.5820372524609853,0.276111813260038,-0.09403725246098527,0.2916860268716298,0.05410329070084158,0.9545543193817139,0.21340154111385345,-1.0,0.3139534890651703,0.37627118825912476,0.029124999418854713,0.2291249930858612,0.13449999690055847,-0.8966249823570251,0.003111950121819973,0.0,0.0010963199893012643,7.423000351991504e-05,0.27250000834465027,0.10249999910593033,0.375,0.025750000029802322,0.0,0.0507499985396862,0.000750000006519258,-0.15649788081645966,-0.6272780895233154,0.7150980830192566,-0.8897715210914612,-0.17459354
170,5842,-0.08840922018660313,-0.5827843541493211,0.27659077981339686,-0.09478435414932107,0.29238080181381076,0.05372869739122049,0.9560739994049072,0.2168860137462616,-1.0,0.3139534890651703,0.37627118825912476,0.029124999418854713,0.2328750044107437,0.13449999690055847,-0.9051250219345093,0.0010848999954760075,0.0,0.0017301300540566444,6.851999933132902e-05,0.0949999988079071,0.1574999988079071,0.2524999976158142,0.010999999940395355,0.0,0.06800000369548798,0.000750000006519258,-0.12208805233240128,-0.9235216379165649,-0.3136734068393707,-0.8801314830780029,-0.1721565
171,5843,-0.08865844202754058,-0.5807861010645752,0.2763415579724594,-0.09278610106457519,0.29150285970022954,0.05420248098233709,0.957187831401825,0.2156197428703308,-1.0,0.3139534890651703,0.37627118825912476,0.029124999418854713,0.23649999499320984,0.13449999690055847,-0.9127500057220459,0.0006680700462311506,7.994000043254346e-05,0.0014560500858351588,6.28100024187006e-05,0.06549999862909317,0.13300000131130219,0.19850000739097595,0.007499999832361937,0.0002500000118743628,0.060499999672174454,0.0005000000237487257,-0.5193510055541992,0.5716446042060852,0.9757653474807739,0.2003588229417801,-0.04505816
172,5844,-0.09011527923518438,-0.5821691312434479,0.2748847207648156,-0.09416913124344795,0.2905674362159263,0.054711882534943655,0.9566082954406738,0.21900661289691925,-1.0,0.3139534890651703,0.37627118825912476,0.023250000551342964,0.24699999392032623,0.13487499952316284,-0.9114999771118164,0.00028550002025440335,8.565000462112948e-05,0.002341100014746189,9.13600015337579e-05,0.032499998807907104,0.21299999952316284,0.24549999833106995,0.004000000189989805,0.0005000000237487257,0.08349999785423279,0.005499999970197678,0.7090651988983154,-0.21681980788707733,-0.392463743686676,0.9779886603355408,-0.021636749
173,5845,-0.08969917874841891,-0.5830385550513665,0.27530082125158106,-0.09503855505136649,0.29124365937827146,0.0543431562241321,0.9532203078269958,0.21666249632835388,-1.0,0.3139534890651703,0.37627118825912476,0.026000000536441803,0.2434999942779541,0.13474999368190765,-0.8956249952316284,0.0022326100151985884,-7.423000351991504e-05,0.0018386200536042452,0.00014275001012720168,0.20200000703334808,0.17350000143051147,0.37549999356269836,0.019500000402331352,-0.0005000000237487257,0.07175000011920929,0.010250000283122063,0.6906360387802124,0.5363922715187073,-0.4668886661529541,-0.7696992754936218,-0.098651305
174,5846,-0.0911073979120384,-0.5840845032546491,0.2738926020879616,-0.09608450325464912,0.29025745338269465,0.05488174311183931,0.9541879296302795,0.2151888906955719,-1.0,0.3139534890651703,0.37627118825912476,0.027374999597668648,0.25312501192092896,0.13474999368190765,-0.8982499837875366,0.003094820072874427,7.994000043254346e-05,0.0014217899879440665,7.423000351991504e-05,0.27799999713897705,0.13099999725818634,0.4090000092983246,0.025499999523162842,0.0002500000118743628,0.060499999672174454,0.0005000000237487257,-0.12148278951644897,-0.8201135993003845,-0.559249997138977,0.09506486356258392,-0.022242028
175,5847,-0.08987507654377286,-0.5820672727198893,0.27512492345622713,-0.09406727271988935,0.29076171567755077,0.05460569177093343,0.9509130120277405,0.21341609954833984,-1.0,0.3139534890651703,0.37627118825912476,0.027374999597668648,0.23787499964237213,0.13462500274181366,-0.8982499837875366,0.002603759989142418,0.0,0.0009764100541360676,9.707000572234392e-05,0.2280000001192093,0.09399999678134918,0.32199999690055847,0.02199999988079071,0.0,0.04724999889731407,0.004000000189989805,0.9192667007446289,-0.9742822051048279,-0.5930613279342651,-0.08030305802822113,-0.27355692
176,5848,-0.08844609222504288,-0.581876237773531,0.27655390777495714,-0.09387623777353105,0.292052755378394,0.05390524188344227,0.953778862953186,0.2168351262807846,-1.0,0.3139534890651703,0.37627118825912476,0.027249999344348907,0.24175000190734863,0.13462500274181366,-0.8982499837875366,0.0006680700462311506,0.0,0.0005824200343340635,7.994000043254346e-05,0.05849999934434891,0.057999998331069946,0.11649999767541885,0.007499999832361937,-0.0002500000118743628,0.032999999821186066,0.0024999999441206455,0.37067869305610657,0.19252930581569672,-0.4341261088848114,0.02567918784916401,-0.028470887
177,5849,-0.08885288969030616,-0.5823429771306439,0.27614711030969386,-0.09434297713064388,0.29181813491671044,0.05403186309236928,0.9571021199226379,0.21715891361236572,-1.0,0.3139534890651703,0.37627118825912476,0.027374999597668648,0.24549999833106995,0.13237500190734863,-0.8982499837875366,0.002049890113994479,0.0,0.00042825000127777457,8.565000462112948e-05,0.17949999868869781,0.04500000178813934,0.22450000047683716,0.017999999225139618,-0.0002500000118743628,0.027000000700354576,0.0032500000670552254,0.914953887462616,0.2998957633972168,0.9454246163368225,-0.2858022153377533,-0.10391577
178,5850,-0.08889100078009332,-0.5827692303674894,0.27610899921990667,-0.09476923036748941,0.29192017140763793,0.053976758993212574,0.9561560750007629,0.21636784076690674,-1.0,0.3139534890651703,0.37627118825912476,0.030500000342726707,0.25062501430511475,0.13199999928474426,-0.8992499709129333,0.0030034601222723722,7.423000351991504e-05,0.0010963199893012643,7.423000351991504e-05,0.2694999873638153,0.10249999910593033,0.3720000088214874,0.02474999986588955,0.0005000000237487257,0.0507499985396862,0.0,0.4709504246711731,-0.34671732783317566,0.7425640821456909,-0.9419881105422974,-0.11039162
179,5851,-0.0915271715162226,-0.5838533921286135,0.2734728284837774,-0.09585339212861355,0.28978485243621566,0.05514172861229656,0.9560674428939819,0.21564537286758423,-1.0,0.3139534890651703,0.37627118825912476,0.030625000596046448,0.24449999630451202,0.13199999928474426,-0.9085000157356262,0.0031462099868804216,-5.139000131748617e-05,0.0018100700108334422,7.423000351991504e-05,0.2800000011920929,0.16500000655651093,0.4449999928474426,0.026000000536441803,-0.0002500000118743628,0.07074999809265137,0.000750000006519258,-0.5826511383056641,0.7242531776428223,0.3501755893230438,0.8196287155151367,-0.048274033
180,5852,-0.08994842540555176,-0.5827677583236047,0.27505157459444823,-0.09476775832360473,0.29091974272050786,0.05451946815719865,0.9499368071556091,0.21380780637264252,-1.0,0.3139534890651703,0.37627118825912476,0.030625000596046448,0.257625013589859,0.13199999928474426,-0.8974999785423279,0.0011077399831265211,7.994000043254346e-05,0.002032760065048933,0.00013703999866265804,0.10400000214576721,0.1899999976158142,0.2939999997615814,0.011250000447034836,0.0005000000237487257,0.07575000077486038,0.00925000011920929,-0.06480616331100464,-0.8969156742095947,0.059480927884578705,-0.8113082647323608,-0.044200312
181,5853,-0.08954146350793946,-0.5821411484854191,0.27545853649206054,-0.0941411484854191,0.2911012902144227,0.05442057922141696,0.9536083340644836,0.2156478613615036,-1.0,0.3139534890651703,0.37627118825912476,0.030625000596046448,0.24124999344348907,0.13199999928474426,-0.9008749723434448,0.0009021800360642374,-2.2840000383439474e-05,0.0020670201629400253,6.28100024187006e-05,0.08100000023841858,0.18649999797344208,0.26750001311302185,0.009499999694526196,-0.0002500000118743628,0.07649999856948853,0.0005000000237487257,0.4797740876674652,0.42581626772880554,-0.5820496082305908,-0.22232629358768463,-0.041660577
182,5854,-0.09113248919894935,-0.5848631699521869,0.27386751080105065,-0.09686316995218691,0.2904924907214468,0.05475290199504713,0.9545547366142273,0.2167099118232727,-1.0,0.3139534890651703,0.37627118825912476,0.030625000596046448,0.24887500703334808,0.13199999928474426,-0.9028750061988831,0.0027979000005871058,7.994000043254346e-05,0.0015017300611361861,7.423000351991504e-05,0.25200000405311584,0.1379999965429306,0.38999998569488525,0.023499999195337296,0.0002500000118743628,0.0625,0.0005000000237487257,-0.8957265615463257,0.4332713186740875,0.9197021722793579,-0.46021708846092224,-0.10593466
183,5855,-0.08963118920146242,-0.5830820858002617,0.2753688107985376,-0.09508208580026167,0.2913221326997472,0.05430052807249904,0.9508546590805054,0.21209631860256195,-1.0,0.3139534890651703,0.37627118825912476,0.030625000596046448,0.2566249966621399,0.13199999928474426,-0.9070000052452087,0.0007936900365166366,7.994000043254346e-05,0.0023753601126372814,6.851999933132902e-05,0.07649999856948853,0.21400000154972076,0.2904999852180481,0.008750000037252903,0.000750000006519258,0.08474999666213989,0.0005000000237487257,-0.08117234706878662,-0.9571643471717834,0.16520968079566956,-0.8971381187438965,-0.098778546
184,5856,-0.08978402025603896,-0.5838070850479904,0.27521597974396106,-0.0958070850479904,0.29141522446814827,0.05425000227199468,0.9543460607528687,0.21511511504650116,-1.0,0.3139534890651703,0.37627118825912476,0.030625000596046448,0.23925000429153442,0.13199999928474426,-0.9147499799728394,0.0005538699915632606,-7.994000043254346e-05,0.0019128500716760755,6.851999933132902e-05,0.05550000071525574,0.17350000143051147,0.2290000021457672,0.006500000134110451,-0.0002500000118743628,0.07275000214576721,0.0005000000237487257,0.3160443902015686,-0.4617553651332855,-0.5441192984580994,-0.520797073841095,-0.05556184
185,5857,-0.09043606260311182,-0.5857771815503203,0.27456393739688817,-0.09777718155032034,0.29145451266159295,0.054228692612522535,0.953990638256073,0.2138862907886505,-1.0,0.3139534890651703,0.37627118825912476,0.030625000596046448,0.2304999977350235,0.13199999928474426,-0.918624997138977,0.0017301300540566444,0.0,0.0013989500002935529,6.851999933132902e-05,0.15150000154972076,0.12849999964237213,0.2800000011920929,0.01575000025331974,0.0,0.05950000137090683,0.0,-0.39948776364326477,-0.8117803335189819,-0.5627543926239014,-0.14156359434127808,-0.13766019
186,5858,-0.09026593890095086,-0.5828523888480155,0.27473406109904913,-0.0948523888480155,0.29064717441969257,0.05466827365134442,0.9524742960929871,0.21054714918136597,-1.0,0.3139534890651703,0.37627118825912476,0.030375000089406967,0.2342499941587448,0.13199999928474426,-0.9194999933242798,0.0003368900215718895,5.7100001868093386e-05,0.0009649900021031499,1.1420000191719737e-05,0.03449999913573265,0.08550000190734863,0.11999999731779099,0.0044999998062849045,0.0,0.04600000008940697,-0.0002500000118743628,-0.61842942237854,-0.1767052710056305,-0.4412444531917572,0.8280437588691711,-0.079321325
187,5859,-0.09096315863302742,-0.5817335214120947,0.2740368413669726,-0.09373352141209468,0.2896241762400006,0.055230399461755376,0.9528698921203613,0.21550442278385162,-1.0,0.3139534890651703,0.37627118825912476,0.02187499962747097,0.23800000548362732,0.13237500190734863,-0.906374990940094,0.00022269001055974513,0.0,0.0006223900127224624,7.994000043254346e-05,0.019500000402331352,0.061500001698732376,0.08100000023841858,0.0032500000670552254,0.0,0.03449999913573265,0.0044999998062849045,-0.8395425081253052,-0.9288939237594604,-0.8395339250564575,-0.944871723651886,-0.21015885
188,5860,-0.08509250106213526,-0.5832049690555217,0.2799074989378647,-0.09520496905552167,0.29565553283257456,0.05199772411770382,0.9512484669685364,0.21740080416202545,-1.0,0.3139534890651703,0.37627118825912476,0.010374999605119228,0.24187499284744263,0.13262499868869781,-0.9123749732971191,0.00014275001012720168,0.0,0.0001827200030675158,5.7100001868093386e-05,0.012500000186264515,0.020999999716877937,0.03350000083446503,0.001500000013038516,-0.0002500000118743628,0.013749999925494194,0.0,0.20063883066177368,-0.9340627193450928,-0.8571569919586182,-0.9556746482849121,-0.20131718
189,5861,-0.09167294469460863,-0.5809636874406704,0.27332705530539136,-0.0929636874406704,0.2887038731026709,0.0557410326433219,0.9649011492729187,0.21490682661533356,-1.0,0.3139534890651703,0.37627118825912476,0.012125000357627869,0.24562500417232513,0.1276250034570694,-0.9200000166893005,0.00029121001716703176,0.0,8.565000462112948e-05,0.0,0.025499999523162842,0.007499999832361937,0.032999999821186066,0.0037499999161809683,-0.0002500000118743628,0.003000000026077032,-0.0002500000118743628,-0.84376060962677,0.4166604280471802,0.8002346158027649,-0.9631211757659912,-0.19444717
190,5862,-0.08971968890872757,-0.5826027204625688,0.27528031109127243,-0.09460272046256879,0.2910823326714053,0.054430897004101315,0.9495977759361267,0.21870560944080353,-1.0,0.3139534890651703,0.37627118825912476,0.0011249999515712261,0.25325000286102295,0.13199999928474426,-0.9169999957084656,0.00011420000373618677,0.0,0.0001827200030675158,7.423000351991504e-05,0.009999999776482582,0.02250000089406967,0.032499998807907104,0.0010000000474974513,0.0,0.013749999925494194,0.0012499999720603228,0.8658073544502258,-0.5221825242042542,0.49708688259124756,-0.736647367477417,-0.14483146
191,5863,-0.09073962913871776,-0.5830527561849781,0.27426037086128224,-0.0950527561849781,0.2902650125029349,0.054877594691681554,0.9541402459144592,0.2159275859594345,-1.0,0.3139534890651703,0.37627118825912476,0.011749999597668648,0.25699999928474426,0.13212500512599945,-0.921999990940094,0.0006623599911108613,0.0,0.0004054100136272609,6.28100024187006e-05,0.057999998331069946,0.04100000113248825,0.0989999994635582,0.007499999832361937,0.0,0.025499999523162842,0.0,-0.29500406980514526,0.40403589606285095,0.20675478875637054,-0.5200538039207458,-0.041642472
192,5864,-0.08994746936626619,-0.5842281324929849,0.2750525306337338,-0.0962281324929849,0.2913996363949491,0.054258459461198685,0.9517682790756226,0.21516482532024384,-1.0,0.3139534890651703,0.37627118825912476,0.010250000283122063,0.2644999921321869,0.13237500190734863,-0.9256250262260437,0.0001256200048374012,0.0,0.0005253200070001185,0.0,0.010999999940395355,0.04600000008940697,0.05700000002980232,0.0010000000474974513,0.0,0.030500000342726707,-0.0002500000118743628,0.7512664794921875,0.7518846392631531,-0.9149372577667236,0.9894537925720215,-0.03613597
193,5865,-0.0927930263542245,-0.583135489577103,0.2722069736457755,-0.09513548957710305,0.28835290509801875,0.05593700954029728,0.9536105394363403,0.21317265927791595,-1.0,0.3139534890651703,0.37627118825912476,0.017625000327825546,0.2784999907016754,0.1287499964237213,-0.909250020980835,0.0009992499835789204,0.0,0.00017701000615488738,7.994000043254346e-05,0.08749999850988388,0.02250000089406967,0.10999999940395355,0.010250000283122063,0.0,0.013249999843537807,0.004000000189989805,-0.8040590882301331,-0.8154873251914978,0.5205427408218384,-0.9962510466575623,-0.18180096
194,5866,-0.09093401137831836,-0.58170046043754,0.27406598862168163,-0.09370046043753999,0.28964105787230293,0.05522107645575907,0.9469929337501526,0.21502459049224854,-1.0,0.3139534890651703,0.37627118825912476,0.00937500037252903,0.2823750078678131,0.1303749978542328,-0.9154999852180481,0.00011420000373618677,0.0,0.00037115000304766,1.1420000191719737e-05,0.009999999776482582,0.03350000083446503,0.04349999874830246,0.0010000000474974513,-0.0002500000118743628,0.024000000208616257,-0.0002500000118743628,0.7919994592666626,0.3603767454624176,0.09707770496606827,-0.39211520552635193,-0.08762123
195,5867,-0.08975642746265386,-0.5842083066932262,0.2752435725373461,-0.09620830669322622,0.29157342557218613,0.05416424602101335,0.951316237449646,0.2174568474292755,-1.0,0.3139534890651703,0.37627118825912476,0.017625000327825546,0.289124995470047,0.12999999523162842,-0.9141250252723694,0.0009307300206273794,0.0,0.00044538002111949027,8.565000462112948e-05,0.08150000125169754,0.04650000110268593,0.12800000607967377,0.009999999776482582,-0.0002500000118743628,0.027249999344348907,0.0044999998062849045,0.7231167554855347,-0.07662972807884216,-0.2498902976512909,0.6415730714797974,-0.05374025
196,5868,-0.09013329317714347,-0.582426572380221,0.2748667068228565,-0.09442657238022101,0.29063393485812916,0.0546755119702404,0.9540548324584961,0.21320626139640808,-1.0,0.3139534890651703,0.37627118825912476,0.025875000283122063,0.2927500009536743,0.12849999964237213,-0.9035000205039978,0.0018728800350800157,0.0,0.0003654400061350316,0.00010848999954760075,0.164000004529953,0.04149999842047691,0.20550000667572021,0.016750000417232513,0.0,0.023749999701976776,0.007249999791383743,-0.46392229199409485,-0.9923350214958191,0.9298351407051086,0.860284686088562,-0.18211657
197,5869,-0.09203136037045526,-0.5817443066397319,0.27296863962954476,-0.09374430663973188,0.288617174209312,0.05578938045725187,0.9531784057617188,0.21622614562511444,-1.0,0.3139534890651703,0.37627118825912476,0.02474999986588955,0.29637500643730164,0.12849999964237213,-0.8877500295639038,0.0003368900215718895,7.423000351991504e-05,0.0010848999954760075,0.00011420000373618677,0.035999998450279236,0.10499999672174454,0.14100000262260437,0.0042500002309679985,0.0002500000118743628,0.04874999821186066,0.00800000037997961,-0.1867915242910385,-0.729336678981781,-0.8624175786972046,-0.24414239823818207,-0.03747452
198,5870,-0.08981948495882425,-0.5798209710162249,0.27518051504117574,-0.09182097101622488,0.2900955128516971,0.05497069089987687,0.9487642645835876,0.2173825353384018,-1.0,0.3139534890651703,0.37627118825912476,0.02237500064074993,0.28299999237060547,0.12849999964237213,-0.887624979019165,0.00022269001055974513,0.0,0.00041112001053988934,7.994000043254346e-05,0.019500000402331352,0.0430000014603138,0.0625,0.003000000026077032,-0.0002500000118743628,0.025499999523162842,0.002749999985098839,-0.18917863070964813,0.3274468183517456,-0.1531878560781479,0.6813828945159912,-0.006937761
199,5871,-0.09002828172192973,-0.5804312162582851,0.27497171827807027,-0.0924312162582851,0.290091322848134,0.05497299422203856,0.9539081454277039,0.22064241766929626,-1.0,0.3139534890651703,0.37627118825912476,0.019625000655651093,0.289124995470047,0.12849999964237213,-0.8765000104904175,0.00017701000615488738,0.0,0.00032546999864280224,9.13600015337579e-05,0.01549999974668026,0.0364999994635582,0.052000001072883606,0.0024999999441206455,-0.0002500000118743628,0.0215000007301569,0.006000000052154064,-0.3284512460231781,0.798271894454956,-0.5208795070648193,-0.9235285520553589,-0.05450791
200,5872,-0.08823688453438747,-0.5791083534207411,0.2767631154656125,-0.09110835342074108,0.2913735645958134,0.05427260746200259,0.9534226059913635,0.2196081131696701,-1.0,0.3139534890651703,0.37627118825912476,0.014999999664723873,0.30399999022483826,0.12800000607967377,-0.8841249942779541,0.00013133000175002962,0.0,0.00011991000064881518,6.28100024187006e-05,0.011500000022351742,0.01600000075995922,0.027499999850988388,0.0012499999720603228,-0.0002500000118743628,0.008500000461935997,0.0,-0.7313910722732544,0.7160126566886902,0.8206301927566528,-0.9362806677818298,-0.072599426
201,5873,-0.08572303568332054,-0.5796052191398582,0.2792769643166795,-0.0916052191398582,0.29391689126622395,0.052909683038507474,0.9575886130332947,0.22185024619102478,-1.0,0.3139534890651703,0.37627118825912476,0.003375000087544322,0.3173750042915344,0.132750004529953,-0.8942499756813049,0.00010848999954760075,0.0,0.0003140500048175454,6.851999933132902e-05,0.009499999694526196,0.03350000083446503,0.0430000014603138,0.0010000000474974513,-0.0002500000118743628,0.020999999716877937,0.0,-0.29287979006767273,-0.3045046329498291,-0.9606739282608032,-0.23196545243263245,-0.09238102
202,5874,-0.08614918080792644,-0.5770326836670882,0.27885081919207355,-0.08903268366708816,0.2927193162827733,0.05354712547356165,0.9634348154067993,0.22100810706615448,-1.0,0.3139534890651703,0.37627118825912476,-0.0010000000474974513,0.32112500071525574,0.12962499260902405,-0.8962500095367432,9.13600015337579e-05,0.0,7.423000351991504e-05,-6.28100024187006e-05,0.00800000037997961,0.012000000104308128,0.019999999552965164,0.0005000000237487257,-0.0002500000118743628,0.001500000013038516,-0.0005000000237487257,-0.32971131801605225,-0.5871533155441284,0.9223291277885437,0.9202986359596252,-0.13098781
203,5875,-0.0866681530502667,-0.5751069119580989,0.2783318469497333,-0.08710691195809894,0.2916440144033917,0.05412602560407563,0.9624437689781189,0.22536833584308624,-1.0,0.3139534890651703,0.37627118825912476,-0.0062500000931322575,0.32475000619888306,0.13449999690055847,-0.8801249861717224,9.707000572234392e-05,0.0,0.00023411000438500196,6.851999933132902e-05,0.008500000461935997,0.026499999687075615,0.03500000014901161,0.0005000000237487257,0.0,0.016499999910593033,0.0017500000540167093,-0.5863553285598755,0.7089318037033081,0.27979427576065063,0.7353366613388062,-0.011938728
204,5876,-0.08700977569292909,-0.5756820657426698,0.2779902243070709,-0.08768206574266979,0.29149049635142044,0.054209182638390155,0.961236834526062,0.2286323457956314,-1.0,0.3139534890651703,0.37627118825912476,-0.016499999910593033,0.33787500858306885,0.13962499797344208,-0.8665000200271606,0.00010848999954760075,6.851999933132902e-05,0.0001884299999801442,7.423000351991504e-05,0.01549999974668026,0.023000000044703484,0.03849999979138374,0.000750000006519258,0.0002500000118743628,0.013749999925494194,0.0020000000949949026,0.9881857633590698,0.9390208125114441,0.5575598478317261,0.09856472164392471,-0.022528974
205,5877,-0.08802959964855686,-0.5776509774895516,0.27697040035144316,-0.08965097748955164,0.29111836155706633,0.0544112896908158,0.9604423642158508,0.2276575118303299,-1.0,0.3139534890651703,0.37627118825912476,-0.0031250000465661287,0.3556250035762787,0.13987499475479126,-0.8662499785423279,0.0007194600184448063,0.0,0.00047964000259526074,9.13600015337579e-05,0.06300000101327896,0.05000000074505806,0.11299999803304672,0.008249999955296516,-0.0002500000118743628,0.02824999950826168,0.004999999888241291,0.9377362728118896,-0.6046702861785889,0.993808388710022,-0.8462427854537964,-0.1428896
206,5878,-0.08910486746321841,-0.5787014401390983,0.27589513253678155,-0.09070144013909831,0.29042189208252656,0.05479157044671916,0.958070695400238,0.22432038187980652,-1.0,0.3139534890651703,0.37627118825912476,0.00912499986588955,0.359250009059906,0.14012500643730164,-0.874625027179718,0.0018386200536042452,7.423000351991504e-05,0.0012733300682157278,6.851999933132902e-05,0.16750000417232513,0.11749999970197678,0.2849999964237213,0.016249999403953552,0.0,0.054499998688697815,0.000750000006519258,0.8664563894271851,-0.8629244565963745,0.053758881986141205,0.5969483852386475,-0.05447389
207,5879,-0.08795512876457198,-0.5788746209492555,0.277044871235428,-0.09087462094925547,0.2915682722974599,0.05416703732533536,0.9555701017379761,0.22253993153572083,-1.0,0.3139534890651703,0.37627118825912476,0.014499999582767487,0.34325000643730164,0.13987499475479126,-0.8688750267028809,0.0025295300874859095,0.0,0.001330430037342012,0.00016558999777771533,0.2214999943971634,0.13099999725818634,0.35249999165534973,0.0215000007301569,-0.0002500000118743628,0.05624999850988388,0.011500000022351742,-0.13260355591773987,0.3219309449195862,0.6917904615402222,-0.9300174117088318,-0.052325834
208,5880,-0.0893459283873273,-0.5780339848657956,0.2756540716126727,-0.09003398486579561,0.28998497483052255,0.05503148800959409,0.9582439064979553,0.22224640846252441,-1.0,0.3139534890651703,0.37627118825912476,0.014624999836087227,0.3491249978542328,0.13987499475479126,-0.874875009059906,0.001878590090200305,0.0,0.002032760065048933,6.851999933132902e-05,0.16449999809265137,0.18400000035762787,0.34850001335144043,0.016750000417232513,0.0,0.07474999874830246,0.000750000006519258,-0.1266968697309494,-0.5524706244468689,0.5473014116287231,0.42512792348861694,-0.13426355
209,5881,-0.0888509653568558,-0.5780727274124318,0.2761490346431442,-0.09007272741243177,0.2904675292659314,0.05476657082222015,0.9550094604492188,0.22367121279239655,-1.0,0.3139534890651703,0.37627118825912476,0.014624999836087227,0.3527500033378601,0.13987499475479126,-0.8713750243186951,0.0012676200130954385,7.423000351991504e-05,0.0023182600270956755,0.00013703999866265804,0.11749999970197678,0.2150000035762787,0.33250001072883606,0.012500000186264515,0.0002500000118743628,0.08174999803304672,0.009499999694526196,0.12358703464269638,0.11027596890926361,-0.936954140663147,-0.2589641511440277,-0.0678023
210,5882,-0.08866008502431041,-0.5769036692097134,0.27633991497568955,-0.08890366920971338,0.290288840653101,0.05486451993380921,0.9561605453491211,0.22360554337501526,-1.0,0.3139534890651703,0.37627118825912476,0.014499999582767487,0.35499998927116394,0.13987499475479126,-0.8713750243186951,0.0018557501025497913,0.0,0.0017701000906527042,8.565000462112948e-05,0.16249999403953552,0.16249999403953552,0.32499998807907104,0.017000000923871994,-0.0002500000118743628,0.06825000047683716,0.0035000001080334187,-0.800548791885376,-0.6991887092590332,0.5400369167327881,-0.9388371706008911,-0.16185565
211,5883,-0.08790689294893553,-0.5770674315698832,0.2770931070510645,-0.08906743156988317,0.2910560037890792,0.05444522993769039,0.9566044807434082,0.22558699548244476,-1.0,0.3139534890651703,0.37627118825912476,0.00787500012665987,0.35862499475479126,0.14162500202655792,-0.8811249732971191,0.00019414001144468784,8.565000462112948e-05,0.0019299800042062998,6.851999933132902e-05,0.02449999935925007,0.17499999701976776,0.19949999451637268,0.0024999999441206455,0.0,0.07249999791383743,0.0005000000237487257,0.6542236804962158,-0.5986171960830688,0.9496477246284485,0.8089851140975952,-0.077870496
212,5884,-0.08718286477650722,-0.5771040336068562,0.2778171352234928,-0.08910403360685626,0.291756558501776,0.054065144222195535,0.9583560824394226,0.22530943155288696,-1.0,0.3139534890651703,0.37627118825912476,0.011749999597668648,0.3476249873638153,0.14149999618530273,-0.8707500100135803,0.001964240102097392,-8.565000462112948e-05,0.002398200100287795,0.00014275001012720168,0.17949999868869781,0.2224999964237213,0.4020000100135803,0.017500000074505806,-0.0002500000118743628,0.08550000190734863,0.009999999776482582,0.901958167552948,-0.9472277760505676,-0.9410699605941772,-0.2052406668663025,-0.14111637
213,5885,-0.08878870005538961,-0.5792012210711228,0.27621129994461036,-0.09120122107112283,0.2908785742229141,0.054541917623872095,0.9600398540496826,0.22524739801883698,-1.0,0.3139534890651703,0.37627118825912476,0.016249999403953552,0.33000001311302185,0.14137500524520874,-0.8707500100135803,0.002917810110375285,-7.994000043254346e-05,0.0022668701130896807,9.13600015337579e-05,0.26249998807907104,0.20649999380111694,0.4690000116825104,0.024000000208616257,-0.0005000000237487257,0.08275000005960464,0.005249999929219484,0.22104012966156006,0.22225214540958405,0.45369982719421387,-0.8027125597000122,-0.076920465
214,5886,-0.0873277842375122,-0.5790315644094046,0.2776722157624878,-0.09103156440940463,0.2922132870443662,0.05381877632147275,0.9563053250312805,0.22169284522533417,-1.0,0.3139534890651703,0.37627118825912476,0.017500000074505806,0.3334999978542328,0.14137500524520874,-0.878000020980835,0.0027807701844722033,8.565000462112948e-05,0.0024610101245343685,7.423000351991504e-05,0.25099998712539673,0.22200000286102295,0.4729999899864197,0.023250000551342964,0.000750000006519258,0.08775000274181366,0.0005000000237487257,-0.688294529914856,0.7812533974647522,-0.15977029502391815,-0.9707666039466858,-0.083712325
215,5887,-0.08904722105303164,-0.5802510146533046,0.27595277894696835,-0.09225101465330465,0.29096423476626576,0.05449521672585821,0.9597028493881226,0.22198039293289185,-1.0,0.3139534890651703,0.37627118825912476,0.017374999821186066,0.34837499260902405,0.14137500524520874,-0.8891249895095825,0.0006509399972856045,7.994000043254346e-05,0.001964240102097392,6.851999933132902e-05,0.06400000303983688,0.17800000309944153,0.24199999868869781,0.007499999832361937,0.0002500000118743628,0.0742499977350235,0.000750000006519258,0.9481470584869385,-0.9183571934700012,-0.035801347345113754,-0.9355983138084412,-0.055969097
216,5888,-0.0881128422564745,-0.5800893128372018,0.27688715774352546,-0.09208931283720179,0.2917994853698614,0.05404194072967774,0.9557041525840759,0.2199135273694992,-1.0,0.3139534890651703,0.37627118825912476,0.02162499912083149,0.33149999380111694,0.14137500524520874,-0.8988749980926514,0.003700080094859004,0.0,0.0018843000289052725,7.994000043254346e-05,0.3240000009536743,0.1720000058412552,0.4959999918937683,0.029500000178813934,-0.0002500000118743628,0.07349999994039536,0.0010000000474974513,-0.41519489884376526,0.12077873200178146,-0.19503666460514069,-0.17040537297725677,-0.062373627
217,5889,-0.08824241122320425,-0.5810319559183406,0.27675758877679574,-0.09303195591834057,0.29197552597356174,0.05394688866063135,0.9578770995140076,0.22018760442733765,-1.0,0.3139534890651703,0.37627118825912476,0.02162499912083149,0.33524999022483826,0.14137500524520874,-0.8998749852180481,0.0036372700706124306,5.7100000958598685e-06,0.001695870072580874,7.423000351991504e-05,0.3190000057220459,0.1550000011920929,0.4740000069141388,0.029249999672174454,-0.0002500000118743628,0.06825000047683716,0.0,0.7995643615722656,-0.4744890034198761,-0.14853845536708832,-0.8739680051803589,-0.1967562
218,5890,-0.08801827275055527,-0.5809369667823531,0.2769817272494447,-0.09293696678235308,0.2921577605075552,0.053848668322346555,0.957575798034668,0.2185899019241333,-1.0,0.3139534890651703,0.37627118825912476,0.02174999937415123,0.3384999930858612,0.14137500524520874,-0.9083750247955322,0.0035402001813054085,7.423000351991504e-05,0.0015645400853827596,7.423000351991504e-05,0.3165000081062317,0.14350000023841858,0.46000000834465027,0.02850000001490116,0.000750000006519258,0.06424999982118607,0.000750000006519258,0.9143821001052856,0.3296629786491394,-0.3264009952545166,0.015952782705426216,-0.12255052
219,5891,-0.087880582870483,-0.5804818589635974,0.277119417129517,-0.0924818589635974,0.29214391246022214,0.053856125827771585,0.9580970406532288,0.21875090897083282,-1.0,0.3139534890651703,0.37627118825912476,0.02174999937415123,0.3449999988079071,0.14137500524520874,-0.9083750247955322,0.0034431300591677427,0.0,0.0012562000192701817,7.423000351991504e-05,0.30149999260902405,0.11649999767541885,0.4180000126361847,0.02800000086426735,0.0,0.05550000071525574,0.0012499999720603228,-0.931861400604248,-0.3675907552242279,-0.6395416259765625,-0.7764986753463745,-0.20347892
220,5892,-0.08883863573431999,-0.581353021060068,0.27616136426568,-0.09335302106006804,0.29151309688266686,0.05419693245948443,0.9584172368049622,0.21952226758003235,-1.0,0.3139534890651703,0.37627118825912476,0.02174999937415123,0.3487499952316284,0.14137500524520874,-0.9144999980926514,0.003140500048175454,0.0,0.0007194600184448063,7.423000351991504e-05,0.2750000059604645,0.06949999928474426,0.34450000524520874,0.025750000029802322,0.0,0.03824999928474426,0.0002500000118743628,0.43616923689842224,-0.12473501265048981,0.6776196956634521,-0.2829519212245941,-0.15076278
221,5893,-0.08822504438270229,-0.5797357920537942,0.2767749556172977,-0.09173579205379423,0.29158160367330116,0.054159816595329466,0.9561892151832581,0.21804572641849518,-1.0,0.3139534890651703,0.37627118825912476,0.02174999937415123,0.35249999165534973,0.14137500524520874,-0.9166250228881836,0.0010620600078254938,0.0,0.001319010043516755,6.851999933132902e-05,0.09300000220537186,0.12150000035762787,0.21449999511241913,0.010999999940395355,0.0,0.05649999901652336,0.0,0.24629399180412292,0.4300650954246521,0.013820677064359188,-0.9680814743041992,-0.062010404
222,5894,-0.08881581561842986,-0.5799064585443132,0.2761841843815701,-0.09190645854431323,0.2910747340884651,0.05443503313809706,0.9576161503791809,0.22078679502010345,-1.0,0.3139534890651703,0.37627118825912476,0.02174999937415123,0.36037498712539673,0.14137500524520874,-0.9242500066757202,0.002032760065048933,7.423000351991504e-05,0.001319010043516755,7.423000351991504e-05,0.18449999392032623,0.12200000137090683,0.30649998784065247,0.0182499997317791,0.0002500000118743628,0.05674999952316284,0.0002500000118743628,-0.8851189017295837,0.9435483813285828,-0.6167515516281128,0.3739388585090637,-0.03585654
223,5895,-0.08912266918032398,-0.5800703143193402,0.275877330819676,-0.09207031431934021,0.2908354250070838,0.0545654571118126,0.9562422633171082,0.22049753367900848,-1.0,0.3139534890651703,0.37627118825912476,0.016249999403953552,0.37825000286102295,0.14149999618530273,-0.9192500114440918,0.00027407999732531607,0.0,0.0007822700426913798,8.565000462112948e-05,0.024000000208616257,0.07599999755620956,0.10000000149011612,0.0032500000670552254,-0.0002500000118743628,0.03999999910593033,0.0042500002309679985,0.6480154395103455,0.5314787030220032,0.8346254825592041,0.14438249170780182,-0.036977835
224,5896,-0.08891152530231314,-0.58185515094506,0.2760884746976868,-0.09385515094506003,0.29160527296298205,0.054146998868441175,0.9555286765098572,0.22021980583667755,-1.0,0.3139534890651703,0.37627118825912476,0.01912499964237213,0.3880000114440918,0.14149999618530273,-0.9181249737739563,0.0017986500170081854,3.997000021627173e-05,0.0015359900426119566,0.00010848999954760075,0.16099999845027924,0.14399999380111694,0.3050000071525574,0.016499999910593033,0.0,0.0625,0.007249999791383743,0.027157481759786606,-0.9563162922859192,-0.8702816963195801,-0.8764528632164001,-0.0767037
225,5897,-0.09011681216326299,-0.581685681959698,0.274883187836737,-0.09368568195969806,0.2904096657474412,0.05479826985725836,0.9560196995735168,0.21719466149806976,-1.0,0.3139534890651703,0.37627118825912476,0.01912499964237213,0.3701249957084656,0.14149999618530273,-0.9212499856948853,0.0019242700655013323,0.0,0.0007537199999205768,6.851999933132902e-05,0.16850000619888306,0.07199999690055847,0.24050000309944153,0.017249999567866325,0.0,0.039250001311302185,0.0002500000118743628,0.14228461682796478,-0.9528481364250183,0.5182225108146667,0.6107523441314697,-0.16303551
226,5898,-0.08990884734516591,-0.5821286216666886,0.2750911526548341,-0.09412862166668856,0.290749616828356,0.05461229883091364,0.9532167315483093,0.21748189628124237,-1.0,0.3139534890651703,0.37627118825912476,0.01912499964237213,0.3738749921321869,0.14149999618530273,-0.9138749837875366,0.002341100014746189,0.0,0.0011933899950236082,0.0001256200048374012,0.20499999821186066,0.11550000309944153,0.320499986410141,0.020250000059604645,0.0,0.05299999937415123,0.008249999955296516,-0.7441233992576599,-0.9249734282493591,0.005213362630456686,-0.6517856121063232,-0.1846667
227,5899,-0.08917313492222625,-0.5798349845909826,0.27582686507777376,-0.0918349845909826,0.2907131298951914,0.054632228819587444,0.9537003636360168,0.21673114597797394,-1.0,0.3139534890651703,0.37627118825912476,0.01899999938905239,0.3777500092983246,0.14149999618530273,-0.9150000214576721,0.00044538002111949027,0.0,0.0012105200439691544,6.28100024187006e-05,0.039000000804662704,0.11150000244379044,0.15049999952316284,0.005750000011175871,-0.0002500000118743628,0.05299999937415123,0.0,-0.6762658357620239,0.7509216666221619,0.8248394727706909,0.847558319568634,-0.03729709
228,5900,-0.0874223997729653,-0.5789569240838152,0.2775776002270347,-0.09095692408381517,0.29210013041179633,0.05387971030536873,0.9554113149642944,0.22061866521835327,-1.0,0.3139534890651703,0.37627118825912476,0.010625000111758709,0.39162498712539673,0.14174999296665192,-0.9012500047683716,0.00019985000835731626,7.994000043254346e-05,0.0020213399548083544,7.994000043254346e-05,0.02449999935925007,0.18400000035762787,0.2084999978542328,0.0024999999441206455,0.0,0.07474999874830246,0.0042500002309679985,0.22210468351840973,0.4289237856864929,0.8159492015838623,-0.8460929989814758,-0.100582
229,5901,-0.09003147939766376,-0.5795440418822244,0.27496852060233623,-0.09154404188222443,0.28980683036528293,0.05512961093395183,0.9594827890396118,0.2221069037914276,-1.0,0.3139534890651703,0.37627118825912476,0.010874999687075615,0.3995000123977661,0.14174999296665192,-0.9070000052452087,0.0007594299968332052,7.994000043254346e-05,0.002426750026643276,6.28100024187006e-05,0.07349999994039536,0.21799999475479126,0.2915000021457672,0.008500000461935997,0.0002500000118743628,0.08524999767541885,0.0002500000118743628,0.4703889787197113,0.682956337928772,0.9489335417747498,0.5994997024536133,-0.11341154
230,5902,-0.08980847228146294,-0.5789223835460484,0.27519152771853705,-0.09092238354604842,0.2898228023426678,0.05512080634811304,0.9534151554107666,0.22111178934574127,-1.0,0.3139534890651703,0.37627118825912476,0.014499999582767487,0.4124999940395355,0.14162500202655792,-0.8996250033378601,0.00159880006685853,0.0,0.002295420039445162,0.00010848999954760075,0.14000000059604645,0.21050000190734863,0.3504999876022339,0.014999999664723873,-0.0002500000118743628,0.08250000327825546,0.00774999987334013,0.9118378162384033,0.304184228181839,-0.5061165690422058,0.9341360330581665,-0.027377386
231,5903,-0.08906458888801387,-0.5797055698934077,0.2759354111119861,-0.09170556989340772,0.2907752786173809,0.054598286136036976,0.9539337754249573,0.22216545045375824,-1.0,0.3139534890651703,0.37627118825912476,0.022874999791383743,0.4177500009536743,0.14124999940395355,-0.8853750228881836,0.003403160022571683,7.994000043254346e-05,0.0017701000906527042,0.0001884299999801442,0.3050000071525574,0.17149999737739563,0.476500004529953,0.027499999850988388,0.0005000000237487257,0.06975000351667404,0.01425000000745058,-0.6796274781227112,-0.9480647444725037,0.788725733757019,0.11917847394943237,-0.068952575
232,5904,-0.0898255503313099,-0.577910296956656,0.2751744496686901,-0.08991029695665598,0.28949065485659553,0.0553041931093632,0.9556637406349182,0.2208380103111267,-1.0,0.3139534890651703,0.37627118825912476,0.02225000038743019,0.40049999952316284,0.14124999940395355,-0.8822500109672546,0.0005824200343340635,-8.565000462112948e-05,0.0022497400641441345,0.00017130000924225897,0.05849999934434891,0.21199999749660492,0.2705000042915344,0.007000000216066837,-0.0005000000237487257,0.08124999701976776,0.012249999679625034,-0.5098012685775757,-0.981252133846283,0.6680481433868408,0.49830442667007446,-0.20591535
233,5905,-0.08824382355848501,-0.5764976261721275,0.27675617644151496,-0.08849762617212753,0.29056120015691805,0.05471529450660823,0.9538940787315369,0.2238808572292328,-1.0,0.3139534890651703,0.37627118825912476,0.015625,0.4037500023841858,0.14137500524520874,-0.8709999918937683,0.000308340007904917,7.994000043254346e-05,0.002535240026190877,0.00010848999954760075,0.03400000184774399,0.23149999976158142,0.265500009059906,0.004000000189989805,0.0005000000237487257,0.0885000005364418,0.008249999955296516,-0.5180776715278625,-0.5163085460662842,0.6526223421096802,-0.700263500213623,-0.13350122
234,5906,-0.08950127720963699,-0.5782287016616992,0.275498722790363,-0.09022870166169916,0.28989785246303085,0.05507945363617474,0.9575725197792053,0.22627520561218262,-1.0,0.3139534890651703,0.37627118825912476,0.008750000037252903,0.3944999873638153,0.14174999296665192,-0.875374972820282,0.00019985000835731626,0.0,0.0020384700037539005,5.7100001868093386e-05,0.017500000074505806,0.1835000067949295,0.20100000500679016,0.0024999999441206455,-0.0002500000118743628,0.07575000077486038,0.0002500000118743628,0.7065056562423706,-0.9273356795310974,0.5654471516609192,-0.7806655764579773,-0.19099285
235,5907,-0.08969760205023775,-0.5800806544810847,0.27530239794976225,-0.09208065448108471,0.290293398558345,0.05486201931796632,0.9546481966972351,0.2233411818742752,-1.0,0.3139534890651703,0.37627118825912476,0.013875000178813934,0.3981249928474426,0.14162500202655792,-0.8845000267028809,0.0016102200606837869,7.994000043254346e-05,0.0022782899904996157,6.851999933132902e-05,0.14800000190734863,0.20550000667572021,0.35350000858306885,0.014999999664723873,0.0,0.08250000327825546,0.0005000000237487257,0.2504134178161621,-0.5449649691581726,-0.23637928068637848,-0.18579846620559692,-0.019629048
236,5908,-0.08824203781250944,-0.5780957556123103,0.27675796218749055,-0.09009575561231031,0.2910536287585599,0.0544465230438735,0.9541916251182556,0.2202022820711136,-1.0,0.3139534890651703,0.37627118825912476,0.016124999150633812,0.3881250023841858,0.14162500202655792,-0.8863750100135803,0.002089860150590539,0.0,0.002044179942458868,6.851999933132902e-05,0.18299999833106995,0.1850000023841858,0.36800000071525574,0.01850000023841858,-0.0002500000118743628,0.0767500028014183,0.0002500000118743628,-0.959697961807251,-0.00372545188292861,0.5877441167831421,-0.23116083443164825,-0.0843277
237,5909,-0.08810651839155585,-0.5760393259759972,0.2768934816084441,-0.08803932597599717,0.2905527887932822,0.05471989700255722,0.9575766324996948,0.22356651723384857,-1.0,0.3139534890651703,0.37627118825912476,0.008750000037252903,0.3917500078678131,0.1418749988079071,-0.8886250257492065,0.00019414001144468784,7.994000043254346e-05,0.002272580051794648,6.28100024187006e-05,0.024000000208616257,0.2045000046491623,0.22849999368190765,0.0024999999441206455,0.0,0.08299999684095383,0.0,-0.5797325372695923,-0.8491166234016418,-0.026482542976737022,-0.16424934566020966,-0.016321443
238,5910,-0.0872467793600831,-0.5767056499370578,0.2777532206399169,-0.08870564993705776,0.2915742511035606,0.05416379888001433,0.9578918218612671,0.2270519882440567,-1.0,0.3139534890651703,0.37627118825912476,-0.0006249999860301614,0.37599998712539673,0.14912499487400055,-0.890250027179718,0.00020556000526994467,-7.423000351991504e-05,0.0017301300540566444,6.851999933132902e-05,0.02449999935925007,0.1574999988079071,0.18199999630451202,0.002749999985098839,-0.0002500000118743628,0.06800000369548798,0.0,0.9393021464347839,0.31093427538871765,0.8684626817703247,-0.997488796710968,-0.11363323
239,5911,-0.0859875641486294,-0.5778284836257984,0.2790124358513706,-0.08982848362579843,0.29311618145408747,0.05333503671389678,0.9598912000656128,0.225922629237175,-1.0,0.3139534890651703,0.37627118825912476,0.007625000085681677,0.3815000057220459,0.14912499487400055,-0.9008749723434448,0.0018443299923092127,8.565000462112948e-05,0.00215838011354208,6.851999933132902e-05,0.16899999976158142,0.19499999284744263,0.36399999260902405,0.016499999910593033,0.0002500000118743628,0.07975000143051147,0.000750000006519258,-0.3696519136428833,-0.2510838806629181,0.8377993106842041,-0.5144239664077759,-0.090352125
240,5912,-0.08796265855286478,-0.579103626589591,0.2770373414471352,-0.09110362658959104,0.29163257591337804,0.054132217158212544,0.9628196358680725,0.22401951253414154,-1.0,0.3139534890651703,0.37627118825912476,0.007499999832361937,0.37712499499320984,0.14912499487400055,-0.9054999947547913,0.0003939900198020041,-8.565000462112948e-05,0.0025295300874859095,5.7100001868093386e-05,0.041999999433755875,0.226500004529953,0.2685000002384186,0.004999999888241291,-0.0002500000118743628,0.08874999731779099,0.0005000000237487257,0.8695926666259766,-0.5696536302566528,0.8707953691482544,-0.8046520948410034,-0.17419922
241,5913,-0.08715684261688479,-0.5792246034693764,0.2778431573831152,-0.09122460346937644,0.292435887645076,0.05369910864198702,0.9582263827323914,0.22185826301574707,-1.0,0.3139534890651703,0.37627118825912476,0.012875000014901161,0.36662501096725464,0.14900000393390656,-0.9127500057220459,0.0026265999767929316,-8.565000462112948e-05,0.0020384700037539005,7.423000351991504e-05,0.23749999701976776,0.1850000023841858,0.42250001430511475,0.02225000038743019,-0.0005000000237487257,0.07699999958276749,0.000750000006519258,-0.3733126223087311,-0.9549158811569214,-0.12671178579330444,-0.7739830017089844,-0.054181565
242,5914,-0.0880659186500588,-0.5768486141620364,0.2769340813499412,-0.08884861416203638,0.2908376895308623,0.0545642214780521,0.9601003527641296,0.22165320813655853,-1.0,0.3139534890651703,0.37627118825912476,0.013000000268220901,0.34850001335144043,0.14900000393390656,-0.918749988079071,0.0009478600113652647,0.0,0.001964240102097392,6.851999933132902e-05,0.08299999684095383,0.17800000309944153,0.26100000739097595,0.009999999776482582,0.0,0.0742499977350235,0.0002500000118743628,-0.7927194237709045,0.8210849165916443,0.7347766160964966,0.7076222896575928,-0.07593089
243,5915,-0.08839678790634871,-0.5769622008741715,0.2766032120936513,-0.0889622008741715,0.2905574127860136,0.054717366816995454,0.9579862356185913,0.22568032145500183,-1.0,0.3139534890651703,0.37627118825912476,0.004124999977648258,0.36399999260902405,0.14925000071525574,-0.9076250195503235,0.0001827200030675158,6.28100024187006e-05,0.002226900076493621,8.565000462112948e-05,0.0215000007301569,0.20250000059604645,0.2240000069141388,0.0022499999031424522,-0.0002500000118743628,0.08150000125169754,0.0044999998062849045,0.5437156558036804,0.024809960275888443,0.8457352519035339,0.6646188497543335,-0.08515845
244,5916,-0.0887550346088743,-0.575716812260407,0.2762449653911257,-0.08771681226040706,0.28983705777052,0.05511294920138078,0.9572167992591858,0.22548779845237732,-1.0,0.3139534890651703,0.37627118825912476,0.007249999791383743,0.36399999260902405,0.14912499487400055,-0.8971250057220459,0.0014332099817693233,8.565000462112948e-05,0.002518109977245331,0.0001256200048374012,0.13300000131130219,0.23149999976158142,0.3644999861717224,0.013500000350177288,0.0005000000237487257,0.08950000256299973,0.008249999955296516,0.05816369131207466,0.71871018409729,0.6635799407958984,0.7075835466384888,-0.09617228
245,5917,-0.08798201125549178,-0.5749290522818284,0.2770179887445082,-0.08692905228182846,0.29033709066991314,0.05483805417909624,0.9563836455345154,0.2275986224412918,-1.0,0.3139534890651703,0.37627118825912476,0.00712500000372529,0.3777500092983246,0.14912499487400055,-0.8845000267028809,0.0016901600174605846,0.0,0.0020955700892955065,0.00013703999866265804,0.14800000190734863,0.19550000131130219,0.3434999883174896,0.01549999974668026,-0.0002500000118743628,0.07874999940395355,0.009499999694526196,-0.6224724650382996,-0.08756813406944275,-0.9412455558776855,-0.21532359719276428,-0.08610117
246,5918,-0.08782238275415377,-0.5745782804127021,0.2771776172458462,-0.0865782804127021,0.2903846244919061,0.05481199375028795,0.9581813812255859,0.22893381118774414,-1.0,0.3139534890651703,0.37627118825912476,0.0036249998956918716,0.3813750147819519,0.14912499487400055,-0.8843749761581421,0.00019985000835731626,7.423000351991504e-05,0.001347560086287558,9.13600015337579e-05,0.024000000208616257,0.12600000202655792,0.15000000596046448,0.0024999999441206455,0.0,0.05849999934434891,0.004749999847263098,-0.29921624064445496,-0.840411901473999,0.8963269591331482,0.005013930611312389,-0.04183476
247,5919,-0.08672017300273316,-0.5733316138097272,0.27827982699726683,-0.0853316138097272,0.29106897194479725,0.054438169853282294,0.9585525989532471,0.22952833771705627,-1.0,0.3139534890651703,0.37627118825912476,-0.0010000000474974513,0.3658750057220459,0.14937500655651093,-0.8843749761581421,0.00017130000924225897,-3.997000021627173e-05,0.002061309991404414,8.565000462112948e-05,0.01850000023841858,0.18799999356269836,0.20649999380111694,0.0022499999031424522,-0.0005000000237487257,0.07724999636411667,0.004749999847263098,-0.760823667049408,-0.6858054995536804,0.6243034601211548,-0.7601474523544312,-0.08786732
248,5920,-0.08494425782938653,-0.5729453687547285,0.28005574217061346,-0.08494536875472847,0.29265497500573934,0.05358158946400314,0.9611158967018127,0.23164133727550507,-1.0,0.3139534890651703,0.37627118825912476,-0.013375000096857548,0.3528749942779541,0.15974999964237213,-0.890250027179718,0.00019414001144468784,0.0,0.0015245700487866998,6.28100024187006e-05,0.017000000923871994,0.13899999856948853,0.15600000321865082,0.0024999999441206455,0.0,0.06274999678134918,0.0002500000118743628,0.5483230352401733,0.9523704051971436,0.7810425758361816,-0.9479460120201111,-0.08325638
249,5921,-0.08536739081830488,-0.5740066188759094,0.2796326091816951,-0.08600661887590944,0.2925603093521549,0.05363233684224902,0.9652459025382996,0.23229598999023438,-1.0,0.3139534890651703,0.37627118825912476,-0.009499999694526196,0.37037500739097595,0.15974999964237213,-0.9001250267028809,0.0012504900805652142,7.423000351991504e-05,0.0021412500645965338,6.851999933132902e-05,0.11599999666213989,0.19349999725818634,0.3095000088214874,0.012249999679625034,0.0005000000237487257,0.0794999971985817,0.0005000000237487257,-0.3751966655254364,0.9395625591278076,0.8149250149726868,-0.6396962404251099,-0.09726417
250,5922,-0.08535885970642806,-0.5730467431426445,0.2796411402935719,-0.08504674314264449,0.29228772787077484,0.05377872808758357,0.9642618894577026,0.23049725592136383,-1.0,0.3139534890651703,0.37627118825912476,-0.010499999858438969,0.3880000114440918,0.15987500548362732,-0.905875027179718,0.00019414001144468784,7.994000043254346e-05,0.0024552999529987574,6.851999933132902e-05,0.024000000208616257,0.22100000083446503,0.24500000476837158,0.0022499999031424522,0.0002500000118743628,0.0872500017285347,0.0002500000118743628,-0.6690616607666016,-0.1338886022567749,0.8475359678268433,-0.32861196994781494,-0.14051636
251,5923,-0.08391514082473464,-0.569231544668856,0.2810848591752654,-0.08123154466885596,0.2925871868467023,0.053617923750864285,0.9642817378044128,0.23212416470050812,-1.0,0.3139534890651703,0.37627118825912476,-0.021250000223517418,0.3857499957084656,0.16775000095367432,-0.9087499976158142,0.00019985000835731626,0.0,0.0014217899879440665,6.28100024187006e-05,0.017500000074505806,0.12999999523162842,0.14749999344348907,0.0022499999031424522,-0.0002500000118743628,0.060750000178813934,0.0002500000118743628,-0.676695704460144,-0.6080237627029419,0.98564612865448,0.6179499626159668,-0.15800792
252,5924,-0.08080156754980691,-0.5690742719764654,0.28419843245019305,-0.08107427197646544,0.2955364386732384,0.05205968726003371,0.9676392078399658,0.23859059810638428,-1.0,0.3139534890651703,0.37627118825912476,-0.03237500041723251,0.3892500102519989,0.17737500369548798,-0.8997499942779541,0.0001827200030675158,7.994000043254346e-05,0.0015188599936664104,8.565000462112948e-05,0.023000000044703484,0.1404999941587448,0.16349999606609344,0.002749999985098839,0.0002500000118743628,0.06274999678134918,0.005249999929219484,0.9680319428443909,-0.9055421352386475,0.9498197436332703,-0.8344810009002686,-0.09506462
253,5925,-0.08188779452053532,-0.57015671474183,0.2831122054794647,-0.08215671474183006,0.29479187008568786,0.05244875397499163,0.9748800992965698,0.23885716497898102,-1.0,0.3139534890651703,0.37627118825912476,-0.023749999701976776,0.3725000023841858,0.1772499978542328,-0.9052500128746033,0.001821490004658699,0.0,0.002284000162035227,6.851999933132902e-05,0.15950000286102295,0.20600000023841858,0.36550000309944153,0.016499999910593033,0.0,0.08349999785423279,0.000750000006519258,0.7216917872428894,-0.22854796051979065,0.32358959317207336,-0.7833455801010132,-0.18180612
254,5926,-0.08131016898638935,-0.5689035782982774,0.28368983101361067,-0.08090357829827743,0.295000524070715,0.052339431652079965,0.972353994846344,0.2370225191116333,-1.0,0.3139534890651703,0.37627118825912476,-0.019750000908970833,0.37599998712539673,0.1771250069141388,-0.9121249914169312,0.0025980500504374504,7.994000043254346e-05,0.0018614600412547588,7.994000043254346e-05,0.2345000058412552,0.17000000178813934,0.40450000762939453,0.02174999937415123,0.0005000000237487257,0.0729999989271164,0.000750000006519258,0.6031553745269775,-0.19317901134490967,0.32011979818344116,-0.3969949185848236,-0.09806407
255,5927,-0.08190814746358646,-0.571823476785294,0.28309185253641356,-0.083823476785294,0.29524121025506117,0.052213609350317214,0.973697304725647,0.23914647102355957,-1.0,0.3139534890651703,0.37627118825912476,-0.019750000908970833,0.37287500500679016,0.1771250069141388,-0.9151250123977661,0.0029463600367307663,-7.994000043254346e-05,0.0019927900284528732,6.851999933132902e-05,0.26499998569488525,0.18050000071525574,0.445499986410141,0.024250000715255737,-0.0002500000118743628,0.07649999856948853,0.0002500000118743628,0.666612982749939,0.25218498706817627,-0.001005462952889502,-0.31181466579437256,-0.12765235
256,5928,-0.08444442861740727,-0.5718895837450737,0.28055557138259274,-0.08388958374507371,0.29282911551745466,0.053488363405651794,0.9723066091537476,0.2341974973678589,-1.0,0.3139534890651703,0.37627118825912476,-0.019750000908970833,0.37712499499320984,0.1771250069141388,-0.9175000190734863,0.0007537199999205768,7.994000043254346e-05,0.0020213399548083544,6.28100024187006e-05,0.0729999989271164,0.18250000476837158,0.2554999887943268,0.008249999955296516,0.0005000000237487257,0.07649999856948853,0.0002500000118743628,0.83310467004776,0.24379979074001312,0.7004278898239136,0.7649873495101929,-0.07443311
257,5929,-0.08439937933841556,-0.571033904573384,0.2806006206615844,-0.083033904573384,0.2926283267634359,0.05359586991845408,0.9664083123207092,0.23408545553684235,-1.0,0.3139534890651703,0.37627118825912476,-0.01587500050663948,0.38187500834465027,0.17687499523162842,-0.9097499847412109,0.003351770108565688,7.994000043254346e-05,0.002272580051794648,0.0001884299999801442,0.3005000054836273,0.21549999713897705,0.515999972820282,0.027249999344348907,0.0,0.08425000309944153,0.013249999843537807,0.7219516038894653,-0.08450601249933243,-0.17721453309059143,-0.7781665325164795,-0.10954996
258,5930,-0.08335921763003973,-0.5728273418197612,0.28164078236996026,-0.08482734181976126,0.2941380767839654,0.05279278381188208,0.9665130972862244,0.23553575575351715,-1.0,0.3139534890651703,0.37627118825912476,-0.01587500050663948,0.38075000047683716,0.17687499523162842,-0.9097499847412109,0.004036969970911741,-7.994000043254346e-05,0.00211841007694602,7.994000043254346e-05,0.3605000078678131,0.19249999523162842,0.5529999732971191,0.03200000151991844,-0.000750000006519258,0.08049999922513962,0.0002500000118743628,-0.45557790994644165,-0.5821915864944458,-0.13742616772651672,-0.46121665835380554,-0.0762467
259,5931,-0.08229524248155962,-0.5718653310131405,0.2827047575184404,-0.08386533101314053,0.29488196565660607,0.052401521251149476,0.968932032585144,0.23249603807926178,-1.0,0.3139534890651703,0.37627118825912476,-0.01587500050663948,0.3695000112056732,0.17687499523162842,-0.9137499928474426,0.003700080094859004,0.0,0.0021069899667054415,7.994000043254346e-05,0.3240000009536743,0.1914999932050705,0.515500009059906,0.029750000685453415,0.0,0.07999999821186066,0.0005000000237487257,-0.983302652835846,0.7629238367080688,0.009886108338832855,-0.4766312837600708,-0.11940389
260,5932,-0.08399111763866152,-0.5710237683583448,0.2810088823613385,-0.0830237683583448,0.29301695868735766,0.05338798347623799,0.9714064002037048,0.23412655293941498,-1.0,0.3139534890651703,0.37627118825912476,-0.01587500050663948,0.38374999165534973,0.17687499523162842,-0.9175000190734863,0.0033689001575112343,7.423000351991504e-05,0.0021127001382410526,7.423000351991504e-05,0.30149999260902405,0.1914999932050705,0.49300000071525574,0.027499999850988388,0.0,0.07999999821186066,0.0005000000237487257,-0.5456826090812683,-0.9638302326202393,0.41363203525543213,0.43550917506217957,-0.054377038
261,5933,-0.08382174443857776,-0.5718034312139406,0.28117825556142223,-0.08380343121394063,0.2934011357915885,0.05318327254535572,0.9674625396728516,0.23555293679237366,-1.0,0.3139534890651703,0.37627118825912476,-0.01587500050663948,0.3659999966621399,0.1770000010728836,-0.9139999747276306,0.001319010043516755,-3.997000021627173e-05,0.0023011299781501293,0.00013703999866265804,0.11900000274181366,0.2134999930858612,0.33250001072883606,0.012749999761581421,-0.0005000000237487257,0.08375000208616257,0.009750000201165676,0.4807077646255493,0.9417219161987305,-0.22692370414733887,-0.696552038192749,-0.05610596
262,5934,-0.08505398837047116,-0.5714362368622635,0.2799460116295288,-0.08343623686226354,0.2921153454528126,0.05387151310896554,0.9678564071655273,0.23423147201538086,-1.0,0.3139534890651703,0.37627118825912476,-0.01587500050663948,0.38324999809265137,0.17687499523162842,-0.9147499799728394,0.0032718300353735685,7.423000351991504e-05,0.0018557501025497913,7.423000351991504e-05,0.2930000126361847,0.16899999976158142,0.4620000123977661,0.026750000193715096,0.0002500000118743628,0.07325000315904617,0.0002500000118743628,-0.9520869851112366,-0.913421630859375,-0.13082155585289001,0.7478330731391907,-0.0912232
263,5935,-0.08338604151415364,-0.5710826739921238,0.28161395848584636,-0.08308267399212377,0.29361395118718303,0.053070210702673884,0.9649907350540161,0.2348538339138031,-1.0,0.3139534890651703,0.37627118825912476,-0.01587500050663948,0.36649999022483826,0.17687499523162842,-0.9067500233650208,0.002746510086581111,-8.565000462112948e-05,0.001764390035532415,0.00017701000615488738,0.24799999594688416,0.17000000178813934,0.4180000126361847,0.023250000551342964,-0.0005000000237487257,0.07050000131130219,0.012249999679625034,-0.24482406675815582,-0.9322776794433594,-0.7192806005477905,-0.7930700778961182,-0.09262684
264,5936,-0.08215884410488739,-0.5710328411381538,0.2828411558951126,-0.08303284113815379,0.2947771568075744,0.05245647147376564,0.968869686126709,0.23545309901237488,-1.0,0.3139534890651703,0.37627118825912476,-0.01587500050663948,0.3488749861717224,0.17687499523162842,-0.9078750014305115,0.0022897101007401943,-5.7100000958598685e-06,0.001261910074390471,6.851999933132902e-05,0.20100000500679016,0.11649999767541885,0.3174999952316284,0.019750000908970833,0.0,0.05674999952316284,0.000750000006519258,0.59026038646698,-0.5813069939613342,-0.031049177050590515,-0.2378997802734375,-0.13192503
265,5937,-0.08129672122354335,-0.57095788029296,0.2837032787764566,-0.08295788029296003,0.29558342357313094,0.052035232813488715,0.9717236161231995,0.2355375587940216,-1.0,0.3139534890651703,0.37627118825912476,-0.01587500050663948,0.35249999165534973,0.17687499523162842,-0.9097499847412109,0.003323220182210207,7.994000043254346e-05,0.0012504900805652142,7.994000043254346e-05,0.2980000078678131,0.11649999767541885,0.41449999809265137,0.027000000700354576,0.0002500000118743628,0.05624999850988388,0.0005000000237487257,-0.6788688898086548,-0.9786016345024109,-0.08576636761426926,-0.13984304666519165,-0.03966297
266,5938,-0.08352703156001483,-0.5698747929453045,0.28147296843998515,-0.08187479294530453,0.2931390688431915,0.05332283111334019,0.9737285375595093,0.23566460609436035,-1.0,0.3139534890651703,0.37627118825912476,-0.01587500050663948,0.3345000147819519,0.17687499523162842,-0.9108750224113464,0.0012219400377944112,0.0,0.0012105200439691544,6.851999933132902e-05,0.10700000077486038,0.1120000034570694,0.21899999678134918,0.012249999679625034,-0.0002500000118743628,0.054499998688697815,0.0005000000237487257,-0.6981171369552612,-0.7046605348587036,0.7824413776397705,0.87726229429245,-0.16558686
267,5939,-0.08379741029069357,-0.5693123703811478,0.28120258970930645,-0.0813123703811478,0.29272273235302637,0.05354529629738012,0.9685418009757996,0.2375003546476364,-1.0,0.3139534890651703,0.37627118825912476,-0.02174999937415123,0.33787500858306885,0.1770000010728836,-0.8978750109672546,0.0002969200140796602,7.423000351991504e-05,0.0018329099984839559,0.00010848999954760075,0.032499998807907104,0.17000000178813934,0.20250000059604645,0.0035000001080334187,0.0005000000237487257,0.07124999910593033,0.007249999791383743,-0.9755707383155823,-0.5774771571159363,-0.5226232409477234,-0.45050087571144104,-0.064483546
268,5940,-0.08164223045775101,-0.5664822476385729,0.283357769542249,-0.07848224763857292,0.2940256600270809,0.052852165118328284,0.9679129719734192,0.23845361173152924,-1.0,0.3139534890651703,0.37627118825912476,-0.035624999552965164,0.32737499475479126,0.18074999749660492,-0.8985000252723694,0.0001827200030675158,-3.997000021627173e-05,0.001147710019722581,6.28100024187006e-05,0.019500000402331352,0.10599999874830246,0.12549999356269836,0.0024999999441206455,0.0,0.05249999836087227,0.0,-0.4197954833507538,-0.7005141377449036,0.9321777820587158,-0.22412176430225372,-0.14905658
269,5941,-0.08091370066370296,-0.5650672899854763,0.28408629933629703,-0.0770672899854763,0.29435419592099865,0.052678811705219944,0.972925066947937,0.24325042963027954,-1.0,0.3139534890651703,0.37627118825912476,-0.041749998927116394,0.3311249911785126,0.1861249953508377,-0.9006249904632568,0.00017701000615488738,7.423000351991504e-05,0.0014960200060158968,6.28100024187006e-05,0.02199999988079071,0.13650000095367432,0.15850000083446503,0.0024999999441206455,0.0,0.06199999898672104,0.0,0.408726304769516,-0.9551445245742798,-0.9504700899124146,0.9166632890701294,-0.048503
270,5942,-0.0815505526288566,-0.5646983622822923,0.2834494473711434,-0.07669836228229232,0.29364302816820353,0.05305478173082862,0.9746193289756775,0.24564866721630096,-1.0,0.3139534890651703,0.37627118825912476,-0.04012500122189522,0.31325000524520874,0.1861249953508377,-0.8877500295639038,0.00107919005677104,0.0,0.0007936900365166366,0.00011991000064881518,0.09449999779462814,0.07999999821186066,0.1745000034570694,0.011250000447034836,0.0,0.04149999842047691,0.008500000461935997,-0.30164533853530884,0.8929086923599243,-0.8133140802383423,0.7263844013214111,-0.040493745
271,5943,-0.0799941049054452,-0.5619067386731359,0.28500589509455476,-0.07390673867313591,0.29443261752045674,0.05263751633286732,0.9731382727622986,0.2462739646434784,-1.0,0.3139534890651703,0.37627118825912476,-0.04075000062584877,0.33000001311302185,0.1860000044107437,-0.874750018119812,0.00029121001716703176,0.0,0.00035973000922240317,0.0001256200048374012,0.025499999523162842,0.042500000447034836,0.06800000369548798,0.0037499999161809683,-0.0002500000118743628,0.024250000715255737,0.009499999694526196,-0.7359591722488403,-0.5033173561096191,0.5127890110015869,0.8347195386886597,-0.12878883
272,5944,-0.08085229116524822,-0.5618268727220185,0.28414770883475177,-0.07382687272201849,0.29358189244562066,0.053087227071840826,0.9767578840255737,0.25100553035736084,-1.0,0.3139534890651703,0.37627118825912476,-0.0507499985396862,0.33375000953674316,0.18637500703334808,-0.8569999933242798,0.0001598800008650869,0.0,0.0006109700188972056,9.13600015337579e-05,0.014000000432133675,0.061500001698732376,0.0754999965429306,0.0020000000949949026,-0.0002500000118743628,0.03449999913573265,0.005249999929219484,0.8510195016860962,0.92714923620224,-0.24055586755275726,0.8662550449371338,-0.02797476
273,5945,-0.08128792591875511,-0.5628457787589718,0.2837120740812449,-0.0748457787589718,0.29341852630247933,0.0531740245067155,0.9747621417045593,0.25114089250564575,-1.0,0.3139534890651703,0.37627118825912476,-0.04437499865889549,0.35100001096725464,0.1860000044107437,-0.8442500233650208,0.0014903100673109293,0.0,0.000491060025524348,0.00017130000924225897,0.13050000369548798,0.057999998331069946,0.18850000202655792,0.01425000000745058,0.0,0.030249999836087227,0.012000000104308128,0.8319753408432007,0.5798652172088623,0.24607810378074646,0.5188233256340027,-0.027806768
274,5946,-0.08106793839359291,-0.5619840024687653,0.28393206160640705,-0.07398400246876535,0.2934127608495629,0.05317709031844032,0.9737489819526672,0.24941393733024597,-1.0,0.3139534890651703,0.37627118825912476,-0.036375001072883606,0.3618749976158142,0.18562500178813934,-0.8372499942779541,0.00271796016022563,0.0,0.0006566499941982329,0.00022840000747237355,0.23800000548362732,0.07750000059604645,0.3154999911785126,0.022749999538064003,-0.0002500000118743628,0.036249998956918716,0.017249999567866325,-0.8012325167655945,-0.3665097653865814,-0.001422329805791378,-0.8948430418968201,-0.08465035
275,5947,-0.0801030425266975,-0.5612042589615234,0.28489695747330246,-0.07320425896152338,0.2941515594173359,0.05278566643421041,0.9742606282234192,0.2508745789527893,-1.0,0.3139534890651703,0.37627118825912476,-0.03987500071525574,0.3656249940395355,0.18562500178813934,-0.8426250219345093,0.00029121001716703176,0.0,0.0006623599911108613,6.851999933132902e-05,0.025499999523162842,0.06400000303983688,0.08950000256299973,0.004000000189989805,-0.0002500000118743628,0.036249998956918716,0.000750000006519258,-0.2722189426422119,-0.9936694502830505,-0.5224909782409668,0.4523695111274719,-0.1764338
276,5948,-0.07967072593041608,-0.560857636039117,0.2853292740695839,-0.07285763603911699,0.2944843455436709,0.0526102950273279,0.9765045642852783,0.25219616293907166,-1.0,0.3139534890651703,0.37627118825912476,-0.04337500035762787,0.36937499046325684,0.18574999272823334,-0.8379999995231628,0.00021127000218257308,0.0,0.0003768599999602884,0.00011991000064881518,0.01850000023841858,0.04349999874830246,0.06199999898672104,0.003000000026077032,-0.0002500000118743628,0.02474999986588955,0.008249999955296516,-0.5173313617706299,0.7083125114440918,-0.552408754825592,-0.19024263322353363,-0.03767974
277,5949,-0.08066435164599095,-0.5611503568963319,0.28433564835400904,-0.07315035689633187,0.29359450887057714,0.05308052978416384,0.9775099158287048,0.2527836561203003,-1.0,0.3139534890651703,0.37627118825912476,-0.05050000175833702,0.382625013589859,0.1850000023841858,-0.8379999995231628,0.0001598800008650869,0.0,0.0001884299999801442,7.994000043254346e-05,0.014000000432133675,0.023499999195337296,0.03750000149011612,0.0020000000949949026,-0.0002500000118743628,0.01425000000745058,0.0024999999441206455,0.20201021432876587,-0.21229112148284912,-0.09536798298358917,-0.7554015517234802,-0.06241534
278,5950,-0.08102398161627641,-0.5617854963156832,0.28397601838372355,-0.07378549631568321,0.2934053143411424,0.0531810503023871,0.9751991629600525,0.25228753685951233,-1.0,0.3139534890651703,0.37627118825912476,-0.04962500184774399,0.38624998927116394,0.1850000023841858,-0.8482499718666077,0.0005710000405088067,7.423000351991504e-05,0.00016558999777771533,6.28100024187006e-05,0.05649999901652336,0.019999999552965164,0.07649999856948853,0.006750000175088644,0.0,0.012249999679625034,0.0002500000118743628,-0.8019465804100037,0.3871639668941498,0.2746674120426178,-0.9149272441864014,-0.044835903
279,5951,-0.08117077944304274,-0.5626556652114704,0.28382922055695725,-0.07465566521147038,0.29348338077331915,0.05313954995484989,0.974362850189209,0.251211017370224,-1.0,0.3139534890651703,0.37627118825912476,-0.05962499976158142,0.3935000002384186,0.18549999594688416,-0.8612499833106995,0.00011420000373618677,0.0,0.00023411000438500196,6.28100024187006e-05,0.009999999776482582,0.026000000536441803,0.035999998450279236,0.0010000000474974513,0.0,0.017000000923871994,0.0002500000118743628,0.9183141589164734,-0.039516158401966095,0.3977830708026886,0.34974682331085205,-0.06421788
280,5952,-0.08090433331225744,-0.5637230342372909,0.28409566668774255,-0.07572303423729088,0.2940141590890732,0.05285824396262964,0.9740214347839355,0.24973616003990173,-1.0,0.3139534890651703,0.37627118825912476,-0.048875000327825546,0.3973749876022339,0.18512499332427979,-0.8578749895095825,0.0008108200272545218,0.0,0.0004967700224369764,0.00010278000263497233,0.07100000232458115,0.05249999836087227,0.12349999696016312,0.008999999612569809,-0.0002500000118743628,0.026249999180436134,0.006500000134110451,0.8576015830039978,0.7800866365432739,-0.03902062401175499,-0.13750344514846802,-0.017624293
281,5953,-0.08192017446620298,-0.5660427415468998,0.283079825533797,-0.07804274154689983,0.2936406939312076,0.0530560201696259,0.9746410846710205,0.24792705476284027,-1.0,0.3139534890651703,0.37627118825912476,-0.03849999979138374,0.41200000047683716,0.18449999392032623,-0.8578749895095825,0.0017015800112858415,0.0,0.00042825000127777457,8.565000462112948e-05,0.14900000393390656,0.04500000178813934,0.1940000057220459,0.01575000025331974,-0.0002500000118743628,0.026750000193715096,0.003000000026077032,0.9862653613090515,-0.9567193984985352,0.6911980509757996,-0.6432676315307617,-0.17712454
282,5954,-0.08150284716861939,-0.5648272418382405,0.2834971528313806,-0.07682724183824052,0.29372276171922845,0.053012496129512116,0.9722786545753479,0.24399535357952118,-1.0,0.3139534890651703,0.37627118825912476,-0.02762500010430813,0.4154999852180481,0.18387499451637268,-0.8657500147819519,0.003163340035825968,7.994000043254346e-05,0.0008565000025555491,7.994000043254346e-05,0.2840000092983246,0.0820000022649765,0.3659999966621399,0.025750000029802322,0.0002500000118743628,0.0430000014603138,0.0017500000540167093,-0.856243371963501,0.8868706226348877,-0.4053688049316406,0.06609870493412018,-0.029012894
283,5955,-0.08130323342649062,-0.5653549234721492,0.2836967665735094,-0.07735492347214923,0.2940538038346832,0.05283729259960844,0.9732491970062256,0.24605552852153778,-1.0,0.3139534890651703,0.37627118825912476,-0.030625000596046448,0.4323750138282776,0.18387499451637268,-0.8657500147819519,0.00034260001848451793,0.0,0.000616680015809834,8.565000462112948e-05,0.029999999329447746,0.061500001698732376,0.09149999916553497,0.0042500002309679985,-0.0002500000118743628,0.03424999862909317,0.004000000189989805,0.9948040843009949,0.1227666437625885,0.986552357673645,0.5033953189849854,-0.07570296
284,5956,-0.08242883669571967,-0.5660492698188204,0.28257116330428034,-0.07804926981882043,0.2931520950810096,0.05331588560692697,0.9737133979797363,0.24516114592552185,-1.0,0.3139534890651703,0.37627118825912476,-0.025875000283122063,0.4361250102519989,0.1837500035762787,-0.8627499938011169,0.003277539974078536,3.425999966566451e-05,0.0012847500620409846,0.0002169799990952015,0.28999999165534973,0.1315000057220459,0.42149999737739563,0.026750000193715096,-0.0002500000118743628,0.05575000122189522,0.016750000417232513,0.9400313496589661,-0.8827244639396667,0.04757622256875038,-0.9630801677703857,-0.21727093
285,5957,-0.08276397289221418,-0.5671842568258266,0.28223602710778584,-0.07918425682582664,0.2931336240124037,0.05332573453030795,0.9710957407951355,0.24398428201675415,-1.0,0.3139534890651703,0.37627118825912476,-0.025750000029802322,0.4398750066757202,0.1837500035762787,-0.8673750162124634,0.004162590019404888,5.7100001868093386e-05,0.0013075900496914983,7.994000043254346e-05,0.3695000112056732,0.12150000035762787,0.4909999966621399,0.032749999314546585,-0.0002500000118743628,0.05674999952316284,0.0012499999720603228,0.9802630543708801,-0.7941930294036865,0.7915892004966736,-0.8667625188827515,-0.26634145
286,5958,-0.08235938243309854,-0.5676111784477813,0.28264061756690145,-0.07961117844778132,0.29363865282425594,0.0530571031107938,0.9703163504600525,0.242060586810112,-1.0,0.3139534890651703,0.37627118825912476,-0.023499999195337296,0.44350001215934753,0.1837500035762787,-0.878125011920929,0.0031347901094704866,7.423000351991504e-05,0.0019413999980315566,7.423000351991504e-05,0.2809999883174896,0.17649999260902405,0.45750001072883606,0.026000000536441803,0.0,0.07374999672174454,0.0012499999720603228,0.5429186224937439,0.03319182246923447,-0.17672070860862732,0.10675868391990662,-0.05708195
287,5959,-0.0825942461020911,-0.5671441322043641,0.2824057538979089,-0.07914413220436411,0.2932862142976177,0.053244426689605016,0.9712572693824768,0.24133698642253876,-1.0,0.3139534890651703,0.37627118825912476,-0.023499999195337296,0.44350001215934753,0.1837500035762787,-0.878125011920929,0.0033460601698607206,7.994000043254346e-05,0.0017872300231829286,9.13600015337579e-05,0.30000001192092896,0.16449999809265137,0.4645000100135803,0.027499999850988388,0.0010000000474974513,0.07000000029802322,0.005249999929219484,0.98139888048172,-0.6618232131004333,-0.6099892854690552,0.1578167825937271,-0.16325943
288,5960,-0.08301175397993091,-0.5661328656910948,0.2819882460200691,-0.07813286569109479,0.2926125690987618,0.05360431604135339,0.9707110524177551,0.24212859570980072,-1.0,0.3139534890651703,0.37627118825912476,-0.023499999195337296,0.43174999952316284,0.1837500035762787,-0.878000020980835,0.0012961700558662415,0.0,0.0013247199822217226,0.0001484600070398301,0.11349999904632568,0.1289999932050705,0.24250000715255737,0.012749999761581421,-0.0002500000118743628,0.05674999952316284,0.01075000036507845,-0.3233237564563751,-0.7497246265411377,0.8064553141593933,-0.4049818813800812,-0.15142767
289,5961,-0.08127615883219787,-0.5669005817843691,0.28372384116780214,-0.0789005817843691,0.2944902712364606,0.052607177595234485,0.969740092754364,0.24384260177612305,-1.0,0.3139534890651703,0.37627118825912476,-0.02474999986588955,0.43549999594688416,0.1837500035762787,-0.878000020980835,0.0004682200087700039,0.0,0.0019984999671578407,6.851999933132902e-05,0.04100000113248825,0.1809999942779541,0.22200000286102295,0.005750000011175871,-0.0002500000118743628,0.0742499977350235,0.001500000013038516,-0.19320018589496613,-0.12235690653324127,-0.2617868483066559,-0.9427796006202698,-0.084056355
290,5962,-0.08212063266154448,-0.5681374268587874,0.28287936733845553,-0.08013742685878744,0.2940114685677284,0.05285966614409789,0.9737764000892639,0.2425413876771927,-1.0,0.3139534890651703,0.37627118825912476,-0.026624999940395355,0.4391250014305115,0.1837500035762787,-0.8884999752044678,0.000308340007904917,7.423000351991504e-05,0.001781520084477961,6.851999933132902e-05,0.03350000083446503,0.16200000047683716,0.19550000131130219,0.004000000189989805,0.0,0.06875000149011612,0.0010000000474974513,-0.1619836837053299,-0.9142846465110779,0.9211101531982422,-0.8977006077766418,-0.10614101
291,5963,-0.08295876811109609,-0.568324859420762,0.2820412318889039,-0.08032485942076206,0.29325643987195854,0.053260282272184524,0.9718124866485596,0.24044503271579742,-1.0,0.3139534890651703,0.37627118825912476,-0.0286250002682209,0.42225000262260437,0.18412500619888306,-0.8977500200271606,0.00025695000658743083,-8.565000462112948e-05,0.0021469600033015013,6.28100024187006e-05,0.029999999329447746,0.19349999725818634,0.22349999845027924,0.0032500000670552254,-0.0005000000237487257,0.07874999940395355,0.000750000006519258,-0.8234429359436035,-0.9633861184120178,-0.8340332508087158,-0.4670829176902771,-0.075150385
292,5964,-0.08015703299752128,-0.5627427573227073,0.2848429670024787,-0.0747427573227073,0.29448598544408916,0.05260943227795385,0.9698633551597595,0.2401273548603058,-1.0,0.3139534890651703,0.37627118825912476,-0.0403750017285347,0.40400001406669617,0.1875,-0.9018750190734863,0.0001884299999801442,0.0,0.0012276499764993787,6.28100024187006e-05,0.016499999910593033,0.11299999803304672,0.12950000166893005,0.0024999999441206455,0.0,0.05400000140070915,0.0002500000118743628,-0.962505042552948,-0.793499231338501,-0.008902999572455883,0.9201306104660034,-0.14392376
293,5965,-0.07889828064585606,-0.5629075185018979,0.2861017193541439,-0.07490751850189792,0.2957453805987669,0.05195102630572511,0.9763789772987366,0.24958854913711548,-1.0,0.3139534890651703,0.37627118825912476,-0.054499998688697815,0.4074999988079071,0.19374999403953552,-0.8866249918937683,0.00017130000924225897,7.423000351991504e-05,0.0008222400210797787,8.565000462112948e-05,0.0215000007301569,0.0794999971985817,0.10100000351667404,0.0022499999031424522,0.0005000000237487257,0.04149999842047691,0.0042500002309679985,0.5417547225952148,0.08806347101926804,-0.8889559507369995,0.14114418625831604,-0.048713006
294,5966,-0.07846153483923272,-0.5628195139690575,0.28653846516076725,-0.0748195139690575,0.2961456595786172,0.051743492901001685,0.9793063402175903,0.24930928647518158,-1.0,0.3139534890651703,0.37627118825912476,-0.05062500014901161,0.4091250002384186,0.19362500309944153,-0.8856250047683716,0.0009992499835789204,7.994000043254346e-05,0.00033117999555543065,0.00010848999954760075,0.09449999779462814,0.03849999979138374,0.13300000131130219,0.010499999858438969,0.0005000000237487257,0.02250000089406967,0.007499999832361937,0.09867245703935623,0.348611980676651,0.894252359867096,-0.37998005747795105,-0.055207916
295,5967,-0.0789666643388466,-0.5641341060592182,0.2860333356611534,-0.07613410605921822,0.2959923499262816,0.05182288150972505,0.980322003364563,0.249458447098732,-1.0,0.3139534890651703,0.37627118825912476,-0.05012499913573265,0.41600000858306885,0.19362500309944153,-0.8858749866485596,0.0012504900805652142,0.0,0.0008393700118176639,6.28100024187006e-05,0.10949999839067459,0.07900000363588333,0.18850000202655792,0.012500000186264515,-0.0002500000118743628,0.041749998927116394,0.0,0.9410489201545715,-0.10583095997571945,0.9500734210014343,0.04424958676099777,-0.10039304
296,5968,-0.08091365310336666,-0.5654341756533787,0.2840863468966333,-0.07743417565337873,0.2944505120596542,0.05262809793458919,0.9791473150253296,0.24723033607006073,-1.0,0.3139534890651703,0.37627118825912476,-0.038624998182058334,0.4194999933242798,0.19325000047683716,-0.8859999775886536,0.002284000162035227,7.423000351991504e-05,0.001541700097732246,7.423000351991504e-05,0.20649999380111694,0.14149999618530273,0.3479999899864197,0.019750000908970833,0.0002500000118743628,0.06300000101327896,0.0017500000540167093,-0.441868394613266,0.24881665408611298,0.008796360343694687,-0.9443448185920715,-0.047162432
297,5969,-0.08000340998515426,-0.5659355464338804,0.28499659001484573,-0.07793554643388045,0.2954606669559209,0.05209914872752855,0.9746193885803223,0.2450268268585205,-1.0,0.3139534890651703,0.37627118825912476,-0.038750000298023224,0.4242500066757202,0.19325000047683716,-0.8957499861717224,0.0004510900180321187,7.994000043254346e-05,0.0015474100364372134,6.851999933132902e-05,0.04650000110268593,0.14149999618530273,0.18799999356269836,0.005750000011175871,0.0,0.06300000101327896,0.0012499999720603228,0.8757842183113098,-0.4232816696166992,0.9012610912322998,-0.6382664442062378,-0.08067095
298,5970,-0.07918089667244838,-0.5660113731641169,0.2858191033275516,-0.07801137316411688,0.29627408622746054,0.05167708312013016,0.9767362475395203,0.24417704343795776,-1.0,0.3139534890651703,0.37627118825912476,-0.03362499922513962,0.4167500138282776,0.19312499463558197,-0.9018750190734863,0.002803610172122717,-8.565000462112948e-05,0.002272580051794648,7.423000351991504e-05,0.2529999911785126,0.20550000667572021,0.4584999978542328,0.023499999195337296,-0.000750000006519258,0.08275000005960464,0.0012499999720603228,-0.2518436014652252,0.3184761703014374,-0.6924839615821838,-0.84300696849823,-0.092011295
299,5971,-0.07984286112914582,-0.5671326547785459,0.28515713887085414,-0.07913265477854592,0.2959333892978488,0.05185344561584425,0.9786490797996521,0.24404852092266083,-1.0,0.3139534890651703,0.37627118825912476,-0.03350000083446503,0.42237499356269836,0.19312499463558197,-0.909375011920929,0.002506690099835396,0.0,0.0017015800112858415,6.851999933132902e-05,0.21950000524520874,0.1550000011920929,0.37450000643730164,0.0215000007301569,-0.0002500000118743628,0.0677499994635582,0.000750000006519258,-0.9116880297660828,-0.28975003957748413,0.7324613332748413,-0.16345375776290894,-0.13684605
300,5972,-0.07990335548499013,-0.5668538523888903,0.2850966445150099,-0.07885385238889031,0.2958006537353946,0.05192231927834376,0.9771096110343933,0.2421480417251587,-1.0,0.3139534890651703,0.37627118825912476,-0.03362499922513962,0.4259999990463257,0.19312499463558197,-0.9104999899864197,0.0004682200087700039,7.994000043254346e-05,0.002341100014746189,6.28100024187006e-05,0.04800000041723251,0.21050000190734863,0.25850000977516174,0.005750000011175871,0.0,0.08349999785423279,0.0002500000118743628,0.6934497356414795,0.5727300643920898,-0.27885523438453674,-0.9794026613235474,-0.06978892
301,5973,-0.08105348646783228,-0.5689344809217763,0.2839465135321677,-0.08093448092177635,0.2952558428704687,0.05220596969262511,0.9769689440727234,0.242620587348938,-1.0,0.3139534890651703,0.37627118825912476,-0.032249998301267624,0.43674999475479126,0.19312499463558197,-0.918874979019165,0.0027979000005871058,0.0,0.0018843000289052725,7.423000351991504e-05,0.24500000476837158,0.17149999737739563,0.4165000021457672,0.023499999195337296,-0.0002500000118743628,0.07275000214576721,0.000750000006519258,-0.31088218092918396,0.487975150346756,-0.232941135764122,-0.333953320980072,-0.0512411
302,5974,-0.08095643761105542,-0.568965676017498,0.28404356238894457,-0.08096567601749804,0.2953577255254596,0.052152807950534175,0.9742942452430725,0.2390940934419632,-1.0,0.3139534890651703,0.37627118825912476,-0.032249998301267624,0.44587498903274536,0.19312499463558197,-0.9212499856948853,0.0023068401496857405,0.0,0.001695870072580874,7.423000351991504e-05,0.20200000703334808,0.1550000011920929,0.3569999933242798,0.019999999552965164,-0.0002500000118743628,0.0677499994635582,0.0005000000237487257,-0.016792068257927895,-0.8530665636062622,0.7935918569564819,-0.5108413100242615,-0.20742808
303,5975,-0.08082552534456389,-0.5692922875504849,0.2841744746554361,-0.0812922875504849,0.2955732871233187,0.05204050760608136,0.9745199084281921,0.23904122412204742,-1.0,0.3139534890651703,0.37627118825912476,-0.03237500041723251,0.4493750035762787,0.19312499463558197,-0.925000011920929,0.00043967002420686185,7.994000043254346e-05,0.0023867799900472164,6.28100024187006e-05,0.045499999076128006,0.21449999511241913,0.25999999046325684,0.005499999970197678,0.0002500000118743628,0.08500000089406967,0.0005000000237487257,0.4220748543739319,0.020559171214699745,-0.9392145276069641,-0.38011816143989563,-0.09754241
304,5976,-0.08232816498592023,-0.5678371951732692,0.2826718350140798,-0.07983719517326926,0.29373005301358224,0.05300863097328669,0.9748243689537048,0.23848764598369598,-1.0,0.3139534890651703,0.37627118825912476,-0.032249998301267624,0.4493750035762787,0.19312499463558197,-0.9275000095367432,0.0019813701510429382,7.994000043254346e-05,0.001935690059326589,7.423000351991504e-05,0.18050000071525574,0.17599999904632568,0.3564999997615814,0.017750000581145287,0.0010000000474974513,0.0742499977350235,0.0002500000118743628,0.3365061283111572,-0.13050752878189087,0.5640537738800049,0.6114752292633057,-0.07250542
305,5977,-0.083428370249274,-0.5687788537859149,0.28157162975072597,-0.08077885378591487,0.29292969446515,0.05343459241827852,0.9713298678398132,0.24095390737056732,-1.0,0.3139534890651703,0.37627118825912476,-0.03187499940395355,0.4476250112056732,0.19312499463558197,-0.9207500219345093,0.0025295300874859095,0.0,0.0021640900522470474,0.0001541700039524585,0.2214999943971634,0.2029999941587448,0.4244999885559082,0.02174999937415123,-0.0002500000118743628,0.08025000244379044,0.009499999694526196,-0.2965559959411621,-0.983837902545929,0.8818343877792358,0.01830465719103813,-0.2320258
306,5978,-0.08070236340952039,-0.5679793987874339,0.2842976365904796,-0.07997939878743388,0.2953334562851486,0.05216546657683869,0.96877121925354,0.2393578737974167,-1.0,0.3139534890651703,0.37627118825912476,-0.03187499940395355,0.45112499594688416,0.19312499463558197,-0.9208750128746033,0.0006052600219845772,7.994000043254346e-05,0.002518109977245331,0.00014275001012720168,0.05999999865889549,0.2329999953508377,0.2930000126361847,0.007000000216066837,0.0002500000118743628,0.08874999731779099,0.010250000283122063,0.6938759088516235,0.6350234746932983,-0.026228684931993484,-0.8579309582710266,-0.070759736
307,5979,-0.07955416094462574,-0.566904821499356,0.28544583905537424,-0.07890482149935596,0.2961508026156131,0.05174083178245057,0.9751107692718506,0.24071288108825684,-1.0,0.3139534890651703,0.37627118825912476,-0.030750000849366188,0.46299999952316284,0.19312499463558197,-0.922124981880188,0.003043430158868432,7.994000043254346e-05,0.0023753601126372814,7.423000351991504e-05,0.273499995470047,0.21449999511241913,0.4880000054836273,0.02525000087916851,0.0002500000118743628,0.08624999970197678,0.0002500000118743628,0.5537644624710083,-0.0803568959236145,0.035647399723529816,-0.667262852191925,-0.13816592
308,5980,-0.07886872315212369,-0.5670791677957213,0.2861312768478763,-0.07907916779572133,0.29685791613137064,0.05137625586962285,0.9777809977531433,0.24253420531749725,-1.0,0.3139534890651703,0.37627118825912476,-0.030750000849366188,0.46175000071525574,0.19312499463558197,-0.9269999861717224,0.0025409499648958445,-7.994000043254346e-05,0.0019699500408023596,6.851999933132902e-05,0.22949999570846558,0.1784999966621399,0.40799999237060547,0.02174999937415123,-0.0002500000118743628,0.0754999965429306,0.0005000000237487257,-0.47696778178215027,-0.9965052008628845,0.34110578894615173,-0.9734441637992859,-0.09426065
309,5981,-0.08009570278299033,-0.5685722902590545,0.28490429721700966,-0.08057229025905455,0.2960782878400703,0.051778365137450946,0.9793750643730164,0.24223870038986206,-1.0,0.3139534890651703,0.37627118825912476,-0.03087499924004078,0.44312500953674316,0.19312499463558197,-0.9337499737739563,0.000616680015809834,0.0,0.0021355401258915663,6.28100024187006e-05,0.05400000140070915,0.19249999523162842,0.24650000035762787,0.007249999791383743,-0.0002500000118743628,0.07900000363588333,0.000750000006519258,0.35253795981407166,-0.8036333322525024,0.3626636862754822,-0.304615318775177,-0.15596266
310,5982,-0.0781389955886674,-0.5672102822107679,0.2868610044113326,-0.07921028221076787,0.29759621076181075,0.05099834449749498,0.9765216112136841,0.23970797657966614,-1.0,0.3139534890651703,0.37627118825912476,-0.030750000849366188,0.4465000033378601,0.19312499463558197,-0.9353749752044678,0.0019071400165557861,7.994000043254346e-05,0.002226900076493621,6.851999933132902e-05,0.17399999499320984,0.20100000500679016,0.375,0.017249999567866325,0.0005000000237487257,0.0820000022649765,0.0002500000118743628,0.2905021011829376,-0.864154040813446,-0.08693964034318924,-0.8882864117622375,-0.08170886
311,5983,-0.07825776195151496,-0.5677441591896446,0.28674223804848503,-0.07974415918964461,0.29762433033258123,0.05098400599797897,0.9810721278190613,0.24201646447181702,-1.0,0.3139534890651703,0.37627118825912476,-0.030625000596046448,0.4307500123977661,0.19312499463558197,-0.9408749938011169,0.0024724300019443035,0.0,0.00215838011354208,7.423000351991504e-05,0.21649999916553497,0.19550000131130219,0.41200000047683716,0.021250000223517418,-0.0002500000118743628,0.08049999922513962,0.0005000000237487257,-0.6195993423461914,-0.8786661028862,0.3673348128795624,-0.07096293568611145,-0.16358694
312,5984,-0.08180031298575033,-0.5679624202160117,0.2831996870142497,-0.07996242021601174,0.2942720703222972,0.05272209226449831,0.9807959198951721,0.24111159145832062,-1.0,0.3139534890651703,0.37627118825912476,-0.030625000596046448,0.4345000088214874,0.19312499463558197,-0.9409999847412109,0.0005538699915632606,1.7129999832832254e-05,0.0023011299781501293,0.0,0.05000000074505806,0.20149999856948853,0.2515000104904175,0.006500000134110451,-0.0002500000118743628,0.08349999785423279,0.0,0.5892103910446167,0.1453128606081009,-0.27181026339530945,0.7149394750595093,-0.023427796
313,5985,-0.08123160110790656,-0.5685632865798287,0.28376839889209343,-0.0805632865798287,0.29498296112542816,0.052348624805095036,0.9725574254989624,0.24074165523052216,-1.0,0.3139534890651703,0.37627118825912476,-0.029999999329447746,0.43799999356269836,0.19312499463558197,-0.9321249723434448,0.00263802008703351,7.994000043254346e-05,0.0019014300778508186,0.0001256200048374012,0.23800000548362732,0.17749999463558197,0.4154999852180481,0.02250000089406967,0.0002500000118743628,0.07400000095367432,0.008999999612569809,0.9404933452606201,-0.7700385451316833,0.8686338663101196,-0.8556104898452759,-0.254175
314,5986,-0.0809540707552373,-0.5669181210946008,0.2840459292447627,-0.07891812109460083,0.2948052912646291,0.05244171520622164,0.9738799929618835,0.23972325026988983,-1.0,0.3139534890651703,0.37627118825912476,-0.029999999329447746,0.42399999499320984,0.19312499463558197,-0.9330000281333923,0.0006852000369690359,-7.994000043254346e-05,0.002261160174384713,6.28100024187006e-05,0.06700000166893005,0.20350000262260437,0.2705000042915344,0.00774999987334013,-0.0005000000237487257,0.08250000327825546,0.0,-0.7294241189956665,-0.38839659094810486,-0.3744567036628723,0.4362281858921051,-0.03366629
315,5987,-0.08247105696631017,-0.5661330625373262,0.2825289430336898,-0.07813306253732621,0.29313372223815476,0.053325682150730434,0.9745253920555115,0.24251165986061096,-1.0,0.3139534890651703,0.37627118825912476,-0.03849999979138374,0.4166249930858612,0.19325000047683716,-0.9273750185966492,0.00023411000438500196,0.0,0.0019699500408023596,9.13600015337579e-05,0.020500000566244125,0.18050000071525574,0.20100000500679016,0.0032500000670552254,-0.0002500000118743628,0.07524999976158142,0.004999999888241291,-0.7073761820793152,-0.07191938906908035,-0.7496187090873718,-0.11096888780593872,-0.08584549
316,5988,-0.08006967244696753,-0.5670272703665715,0.2849303275530325,-0.07902727036657153,0.29568666020141926,0.05198154111312928,0.9709975123405457,0.24384227395057678,-1.0,0.3139534890651703,0.37627118825912476,-0.048250000923871994,0.4203749895095825,0.19599999487400055,-0.9272500276565552,0.0001598800008650869,0.0,0.0014731800183653831,7.994000043254346e-05,0.014000000432133675,0.13600000739097595,0.15000000596046448,0.0020000000949949026,-0.0002500000118743628,0.05550000071525574,0.0032500000670552254,0.8959265947341919,-0.514695405960083,0.014028552919626236,0.21722260117530823,-0.10916569
317,5989,-0.07961874161320966,-0.5658732959939214,0.28538125838679035,-0.07787329599392145,0.29581533575422503,0.05191469659324584,0.9765821695327759,0.24232666194438934,-1.0,0.3139534890651703,0.37627118825912476,-0.04149999842047691,0.42387500405311584,0.19574999809265137,-0.9252499938011169,0.001570250024087727,7.994000043254346e-05,0.0014788900734856725,0.00010848999954760075,0.1445000022649765,0.13899999856948853,0.28349998593330383,0.014999999664723873,0.0002500000118743628,0.05624999850988388,0.007249999791383743,-0.11141839623451233,0.5782033205032349,-0.7726038098335266,-0.9898861050605774,-0.102189
318,5990,-0.08010972628238779,-0.5671626342048832,0.2848902737176122,-0.07916263420488323,0.2956842753904106,0.051982780789426135,0.9776308536529541,0.2442825436592102,-1.0,0.3139534890651703,0.37627118825912476,-0.04137500002980232,0.4348750114440918,0.19587500393390656,-0.9286249876022339,0.001147710019722581,0.0,0.0009592800051905215,6.851999933132902e-05,0.10050000250339508,0.09000000357627869,0.19050000607967377,0.011500000022351742,-0.0002500000118743628,0.04125000163912773,0.0002500000118743628,0.858431875705719,0.9223602414131165,-0.9299951791763306,0.01581447571516037,-0.06359684
319,5991,-0.08197030662589237,-0.5667772680994844,0.2830296933741076,-0.07877726809948438,0.29378847033309424,0.052977673795019324,0.9764890074729919,0.24209722876548767,-1.0,0.3139534890651703,0.37627118825912476,-0.032999999821186066,0.4519999921321869,0.19249999523162842,-0.9287499785423279,0.0023353900760412216,0.0,0.000491060025524348,7.994000043254346e-05,0.2045000046491623,0.05000000074505806,0.25450000166893005,0.019999999552965164,0.0,0.030249999836087227,0.0010000000474974513,0.7718172669410706,-0.5739244818687439,0.8843929767608643,0.8100389838218689,-0.2071704
320,5992,-0.08188772739065912,-0.5669081329385994,0.28311227260934085,-0.07890813293859944,0.2939031342906731,0.05291696231135953,0.9721620678901672,0.2427503913640976,-1.0,0.3139534890651703,0.37627118825912476,-0.030625000596046448,0.4555000066757202,0.19237500429153442,-0.9190000295639038,0.002952069975435734,7.423000351991504e-05,0.0009649900021031499,0.0001598800008650869,0.26499998569488525,0.09849999845027924,0.3634999990463257,0.02449999935925007,0.0005000000237487257,0.04724999889731407,0.011749999597668648,-0.6351403594017029,0.01537455152720213,0.5980799198150635,-0.3632219433784485,-0.102389395
321,5993,-0.0819522113703226,-0.5681487258561756,0.2830477886296774,-0.0801487258561756,0.29417659475988045,0.05277245301588546,0.9723541140556335,0.24252858757972717,-1.0,0.3139534890651703,0.37627118825912476,-0.030625000596046448,0.4555000066757202,0.19237500429153442,-0.9190000295639038,0.0023011299781501293,7.994000043254346e-05,0.0013646900188177824,0.00010278000263497233,0.2084999978542328,0.12849999964237213,0.3370000123977661,0.019999999552965164,0.0010000000474974513,0.05849999934434891,0.0062500000931322575,-0.5550410747528076,0.3115156888961792,-0.35373255610466003,-0.9506140947341919,-0.0855503
322,5994,-0.08099725366677434,-0.5677753998240663,0.28400274633322564,-0.07977539982406634,0.29499436323751027,0.0523426562964958,0.9722041487693787,0.24042588472366333,-1.0,0.3139534890651703,0.37627118825912476,-0.03125,0.46175000071525574,0.19237500429153442,-0.9232500195503235,0.0003997000167146325,0.0,0.001147710019722581,6.28100024187006e-05,0.03500000014901161,0.10599999874830246,0.14100000262260437,0.004999999888241291,0.0,0.051750000566244125,0.0005000000237487257,0.3191182613372803,0.6007871627807617,-0.4453512728214264,-0.6928915977478027,-0.07122314
323,5995,-0.08259485439100332,-0.5674114897946781,0.28240514560899665,-0.07941148979467816,0.29335788889656417,0.05320627763353852,0.9744250178337097,0.24105864763259888,-1.0,0.3139534890651703,0.37627118825912476,-0.03125,0.4728749990463257,0.19237500429153442,-0.9279999732971191,0.0014674700796604156,7.423000351991504e-05,0.0008622099994681776,6.851999933132902e-05,0.13500000536441803,0.08150000125169754,0.21649999916553497,0.01425000000745058,0.0002500000118743628,0.04324999824166298,0.0002500000118743628,0.01851595938205719,-0.5840312838554382,0.7928919196128845,0.3480161726474762,-0.03924054
324,5996,-0.08430417025150679,-0.569010401751513,0.2806958297484932,-0.08101040175151297,0.29215207346540706,0.0538517308058918,0.9707096219062805,0.24167543649673462,-1.0,0.3139534890651703,0.37627118825912476,-0.03125,0.4622499942779541,0.19237500429153442,-0.9253749847412109,0.0015359900426119566,-7.994000043254346e-05,0.001358980080112815,0.00011991000064881518,0.14149999618530273,0.12950000166893005,0.2709999978542328,0.014750000089406967,-0.0002500000118743628,0.05824999883770943,0.00800000037997961,0.1841532438993454,0.2997039258480072,0.8271758556365967,0.9793809056282043,-0.04439884
325,5997,-0.08085673144019646,-0.5660282359112031,0.28414326855980354,-0.07802823591120311,0.2946621839789813,0.052516816846542726,0.9667344689369202,0.23896542191505432,-1.0,0.3139534890651703,0.37627118825912476,-0.03112499974668026,0.4676249921321869,0.19237500429153442,-0.909250020980835,0.002255450002849102,0.0,0.0019413999980315566,0.00016558999777771533,0.19750000536441803,0.18449999392032623,0.38199999928474426,0.019750000908970833,0.0,0.07400000095367432,0.012249999679625034,0.9081155061721802,-0.884861409664154,0.9159163236618042,-0.5555757284164429,-0.26696104
326,5998,-0.0836530854692296,-0.5670854064330341,0.2813469145307704,-0.07908540643303408,0.29225089876108645,0.05379853796201622,0.9747517704963684,0.24401994049549103,-1.0,0.3139534890651703,0.37627118825912476,-0.029874999076128006,0.47099998593330383,0.19224999845027924,-0.909250020980835,0.00352878007106483,7.994000043254346e-05,0.002255450002849102,8.565000462112948e-05,0.3160000145435333,0.20499999821186066,0.5210000276565552,0.028750000521540642,0.000750000006519258,0.08299999684095383,0.003000000026077032,0.26841604709625244,-0.0006628035334870219,-0.6508643627166748,0.9232110381126404,-0.10203355
327,5999,-0.08170666240413596,-0.5659670357428624,0.28329333759586406,-0.07796703574286246,0.29382643480247483,0.0529575649196283,0.9682486653327942,0.24222812056541443,-1.0,0.3139534890651703,0.37627118825912476,-0.029874999076128006,0.4711250066757202,0.19212499260902405,-0.8987500071525574,0.0034545501694083214,7.994000043254346e-05,0.0021526701748371124,0.00022269001055974513,0.3095000088214874,0.20800000429153442,0.5174999833106995,0.02850000001490116,0.0005000000237487257,0.08049999922513962,0.016499999910593033,0.7729067206382751,-0.7781895399093628,0.08307987451553345,-0.7485915422439575,-0.12574822
328,6000,-0.08214998158941779,-0.5678384553377289,0.2828500184105822,-0.07983845533772893,0.2939018745526834,0.052917628930635584,0.9727752208709717,0.2441236674785614,-1.0,0.3139534890651703,0.37627118825912476,-0.029874999076128006,0.4572499990463257,0.19212499260902405,-0.8988749980926514,0.003180470084771514,-8.565000462112948e-05,0.0021983501501381397,8.565000462112948e-05,0.28600001335144043,0.20000000298023224,0.4860000014305115,0.026499999687075615,-0.000750000006519258,0.08150000125169754,0.002749999985098839,0.7058804631233215,-0.5734871625900269,0.058394864201545715,-0.5751255750656128,-0.14244217
329,6001,-0.07991082407189894,-0.5659644473994037,0.28508917592810107,-0.07796444739940367,0.2955575972457114,0.05204867333861095,0.9717442393302917,0.2409517765045166,-1.0,0.3139534890651703,0.37627118825912476,-0.029874999076128006,0.4463750123977661,0.19212499260902405,-0.9035000205039978,0.0011705500073730946,-8.565000462112948e-05,0.0022497400641441345,6.851999933132902e-05,0.10999999940395355,0.2029999941587448,0.31299999356269836,0.011749999597668648,-0.0005000000237487257,0.0820000022649765,0.0012499999720603228,0.09399960935115814,0.12202093750238419,-0.02085876278579235,-0.9191516041755676,-0.051220167
330,6002,-0.08166579344748495,-0.5684870862218669,0.28333420655251507,-0.08048708622186695,0.29454446803705125,0.05257867391283647,0.9769515991210938,0.2441280484199524,-1.0,0.3139534890651703,0.37627118825912476,-0.029750000685453415,0.4482499957084656,0.19212499260902405,-0.9116250276565552,0.0014903100673109293,7.994000043254346e-05,0.002226900076493621,6.851999933132902e-05,0.13750000298023224,0.20100000500679016,0.3384999930858612,0.014000000432133675,0.0002500000118743628,0.08174999803304672,0.0010000000474974513,0.10749588161706924,0.032603029161691666,0.9732932448387146,-0.37079745531082153,-0.098739
331,6003,-0.08083174056511341,-0.5679642796732323,0.28416825943488655,-0.07996427967323227,0.29520481990291403,0.05223261352426172,0.9728702306747437,0.2398523986339569,-1.0,0.3139534890651703,0.37627118825912476,-0.029750000685453415,0.4482499957084656,0.19212499260902405,-0.9143750071525574,0.0018614600412547588,7.994000043254346e-05,0.0025295300874859095,6.851999933132902e-05,0.17000000178813934,0.22750000655651093,0.39750000834465027,0.017000000923871994,0.0012499999720603228,0.08974999934434891,0.0005000000237487257,-0.04325222969055176,0.4040301442146301,0.8725950121879578,-0.9372676014900208,-0.14819056
332,6004,-0.08040411606236482,-0.5673550653871663,0.2845958839376352,-0.0793550653871663,0.2954522695070142,0.05210352391062309,0.9748098850250244,0.24073851108551025,-1.0,0.3139534890651703,0.37627118825912476,-0.029750000685453415,0.4560000002384186,0.19224999845027924,-0.921999990940094,0.0017130000051110983,7.994000043254346e-05,0.0024324599653482437,6.851999933132902e-05,0.15700000524520874,0.21899999678134918,0.37599998712539673,0.01600000075995922,0.000750000006519258,0.0872500017285347,0.000750000006519258,0.6178416609764099,-0.8937969207763672,0.9568042755126953,0.47959786653518677,-0.14737692
333,6005,-0.08104288949950836,-0.5680920560968697,0.28395711050049166,-0.08009205609686976,0.2950362317641895,0.05232074578460401,0.9758043885231018,0.24177107214927673,-1.0,0.3139534890651703,0.37627118825912476,-0.02800000086426735,0.4399999976158142,0.19212499260902405,-0.9185000061988831,0.003071980085223913,-7.994000043254346e-05,0.002049890113994479,0.00016558999777771533,0.2759999930858612,0.1940000057220459,0.4699999988079071,0.025750000029802322,-0.000750000006519258,0.07800000160932541,0.011500000022351742,0.7543476223945618,0.17739583551883698,0.9201602339744568,-0.45110926032066345,-0.18041551
334,6006,-0.08088883576061122,-0.5670165520638433,0.28411116423938876,-0.07901655206384328,0.29489450511245374,0.052394950797486836,0.9743188619613647,0.24052193760871887,-1.0,0.3139534890651703,0.37627118825912476,-0.02800000086426735,0.4428749978542328,0.19212499260902405,-0.9185000061988831,0.0026551501359790564,7.994000043254346e-05,0.0023753601126372814,9.707000572234392e-05,0.2395000010728836,0.21649999916553497,0.4560000002384186,0.022749999538064003,0.0,0.08624999970197678,0.004749999847263098,-0.3714539408683777,-0.9807316064834595,0.9514474868774414,-0.9002097249031067,-0.17512758
335,6007,-0.08292260549816274,-0.5677180824146784,0.2820773945018372,-0.07971808241467837,0.29312562008943976,0.05333000285183403,0.9746771454811096,0.24234482645988464,-1.0,0.3139534890651703,0.37627118825912476,-0.02800000086426735,0.4247500002384186,0.19212499260902405,-0.9233750104904175,0.0009193100268021226,0.0,0.002032760065048933,6.851999933132902e-05,0.08049999922513962,0.18400000035762787,0.2644999921321869,0.00925000011920929,-0.0005000000237487257,0.0767500028014183,0.000750000006519258,0.5554190874099731,0.5916292667388916,0.3795434534549713,0.5156271457672119,-0.053020667
336,6008,-0.08215603342303082,-0.5689794110469419,0.2828439665769692,-0.08097941104694195,0.29420804618926255,0.05275585793492386,0.9699474573135376,0.24115578830242157,-1.0,0.3139534890651703,0.37627118825912476,-0.02800000086426735,0.43549999594688416,0.19212499260902405,-0.9190000295639038,0.002832160098478198,7.994000043254346e-05,0.0021241200156509876,0.0001541700039524585,0.2549999952316284,0.19949999451637268,0.4544999897480011,0.024000000208616257,0.0,0.07999999821186066,0.011250000447034836,0.42066025733947754,0.6148939728736877,0.21601040661334991,-0.9344207048416138,-0.14806029
337,6009,-0.08169265954894592,-0.5678534600948906,0.2833073404510541,-0.07985346009489058,0.29434609602061274,0.05268307880930581,0.9717301726341248,0.23901794850826263,-1.0,0.3139534890651703,0.37627118825912476,-0.02800000086426735,0.44712498784065247,0.19212499260902405,-0.9206249713897705,0.0010563500691205263,0.0,0.002255450002849102,6.851999933132902e-05,0.0925000011920929,0.20350000262260437,0.29600000381469727,0.010499999858438969,-0.0002500000118743628,0.08250000327825546,0.0005000000237487257,-0.093156598508358,-0.7112293243408203,0.5218561291694641,0.15289942920207977,-0.16146296
338,6010,-0.08208177137525353,-0.565920849169813,0.28291822862474647,-0.07792084916981301,0.29345252226469115,0.053155950557818195,0.972807765007019,0.2409263402223587,-1.0,0.3139534890651703,0.37627118825912476,-0.02787500061094761,0.4505000114440918,0.19212499260902405,-0.9204999804496765,0.0007651399937458336,7.423000351991504e-05,0.0024153301492333412,9.707000572234392e-05,0.07349999994039536,0.2199999988079071,0.29350000619888306,0.00774999987334013,0.0005000000237487257,0.08675000071525574,0.005750000011175871,-0.944953978061676,0.9518589973449707,-0.5804038643836975,-0.5969352722167969,-0.094964445
339,6011,-0.07975595594780639,-0.5658314574837937,0.2852440440521936,-0.07783145748379372,0.29567194733572777,0.051989189650103323,0.9719028472900391,0.24420194327831268,-1.0,0.3139534890651703,0.37627118825912476,-0.03837500140070915,0.4684999883174896,0.1926250010728836,-0.921999990940094,0.00021127000218257308,0.0,0.0020213399548083544,6.28100024187006e-05,0.01850000023841858,0.18250000476837158,0.20100000500679016,0.0032500000670552254,0.0,0.07625000178813934,0.0,0.6261005401611328,-0.6265992522239685,0.13832011818885803,0.1364346444606781,-0.13095246
340,6012,-0.08016892742887864,-0.5673788068713925,0.28483107257112134,-0.07937880687139254,0.29568519557519485,0.051982302453987654,0.9773117303848267,0.24435345828533173,-1.0,0.3139534890651703,0.37627118825912476,-0.03550000116229057,0.47212499380111694,0.19249999523162842,-0.921999990940094,0.0015017300611361861,7.423000351991504e-05,0.002072730101644993,9.13600015337579e-05,0.1379999965429306,0.18950000405311584,0.32749998569488525,0.01425000000745058,0.0002500000118743628,0.07824999839067459,0.004999999888241291,0.8201690912246704,-0.8898666501045227,0.8728476166725159,0.15761956572532654,-0.107096665
341,6013,-0.08258306545478312,-0.5660682995751602,0.2824169345452169,-0.07806829957516026,0.2930085055360583,0.05339249663400627,0.9763513207435608,0.24173083901405334,-1.0,0.3139534890651703,0.37627118825912476,-0.029249999672174454,0.4556249976158142,0.19224999845027924,-0.921625018119812,0.0027979000005871058,0.0,0.002369650173932314,0.00013703999866265804,0.24500000476837158,0.21950000524520874,0.4645000100135803,0.023749999701976776,0.0,0.08649999648332596,0.009999999776482582,-0.9867297410964966,-0.8976403474807739,0.926568865776062,-0.5344558954238892,-0.28455096
342,6014,-0.08163732063278333,-0.568479267488431,0.28336267936721665,-0.08047926748843104,0.2945697210401002,0.052565397895077304,0.9707370400428772,0.24395203590393066,-1.0,0.3139534890651703,0.37627118825912476,-0.032499998807907104,0.45912501215934753,0.19237500429153442,-0.921625018119812,0.00027407999732531607,8.565000462112948e-05,0.002084149979054928,7.423000351991504e-05,0.03150000050663948,0.1889999955892563,0.22050000727176666,0.0037499999161809683,0.0005000000237487257,0.07800000160932541,0.0022499999031424522,0.7109580039978027,0.7377254962921143,0.54583740234375,-0.7875820398330688,-0.11108787
343,6015,-0.08218764506071749,-0.5701746171240423,0.2828123549392825,-0.08217461712404228,0.29450890615698816,0.0525973752028602,0.9729364514350891,0.23986564576625824,-1.0,0.3139534890651703,0.37627118825912476,-0.030249999836087227,0.4728749990463257,0.19224999845027924,-0.9263749718666077,0.0020670201629400253,8.565000462112948e-05,0.0022097700275480747,7.423000351991504e-05,0.18850000202655792,0.20000000298023224,0.38850000500679016,0.0182499997317791,0.0005000000237487257,0.08224999904632568,0.0002500000118743628,-0.09949668496847153,-0.9210525155067444,0.45835238695144653,-0.9942408800125122,-0.10260733
344,6016,-0.08199156326486443,-0.5672493265425655,0.28300843673513554,-0.07924932654256556,0.2938949319411878,0.052921302923558955,0.9716566205024719,0.23699218034744263,-1.0,0.3139534890651703,0.37627118825912476,-0.030249999836087227,0.4560000002384186,0.19224999845027924,-0.9331250190734863,0.0016901600174605846,-8.565000462112948e-05,0.0023468099534511566,6.851999933132902e-05,0.15549999475479126,0.21150000393390656,0.367000013589859,0.01575000025331974,-0.0002500000118743628,0.08550000190734863,0.0002500000118743628,-0.8874508738517761,-0.9847716093063354,-0.360488623380661,0.49231210350990295,-0.038897485
345,6017,-0.08142837698877582,-0.5660228464481858,0.2835716230112242,-0.0780228464481858,0.29410955432473973,0.05280784375975059,0.9721126556396484,0.24195028841495514,-1.0,0.3139534890651703,0.37627118825912476,-0.035750001668930054,0.437624990940094,0.19249999523162842,-0.9265000224113464,0.00019985000835731626,0.0,0.0020270501263439655,9.13600015337579e-05,0.017500000074505806,0.18549999594688416,0.2029999941587448,0.003000000026077032,-0.0002500000118743628,0.0767500028014183,0.005249999929219484,0.49760228395462036,0.6281759142875671,0.9823357462882996,0.8797647953033447,-0.109547816
346,6018,-0.08104865836401227,-0.5671353267882603,0.28395134163598773,-0.0791353267882603,0.2947723941666895,0.052458969846616604,0.9734224081039429,0.24402907490730286,-1.0,0.3139534890651703,0.37627118825912476,-0.03424999862909317,0.4492500126361847,0.19237500429153442,-0.9123749732971191,0.001330430037342012,7.994000043254346e-05,0.0023182600270956755,0.00014275001012720168,0.12349999696016312,0.21549999713897705,0.33899998664855957,0.013249999843537807,0.0,0.08474999666213989,0.009750000201165676,0.7761445045471191,-0.9456619620323181,0.9582210183143616,-0.907077431678772,-0.19052055
347,6019,-0.08189550937514337,-0.5677486017522863,0.28310449062485665,-0.07974860175228626,0.29412241004963274,0.052801055364992924,0.9743054509162903,0.24214351177215576,-1.0,0.3139534890651703,0.37627118825912476,-0.029374999925494194,0.43174999952316284,0.19224999845027924,-0.9152500033378601,0.002889260184019804,-6.851999933132902e-05,0.0019870800897479057,7.423000351991504e-05,0.2590000033378601,0.18050000071525574,0.43950000405311584,0.024250000715255737,-0.0002500000118743628,0.0767500028014183,0.000750000006519258,-0.37243592739105225,-0.5953158736228943,-0.8427883982658386,-0.4879462420940399,-0.18565355
348,6020,-0.0830298040100876,-0.5683439110956521,0.2819701959899124,-0.08034391109565209,0.29319334146043574,0.053293899269050996,0.9723360538482666,0.24110406637191772,-1.0,0.3139534890651703,0.37627118825912476,-0.029374999925494194,0.4351249933242798,0.19224999845027924,-0.9190000295639038,0.0025637901853770018,7.994000043254346e-05,0.00148460001219064,7.423000351991504e-05,0.23149999976158142,0.13650000095367432,0.36800000071525574,0.02199999988079071,0.0005000000237487257,0.06300000101327896,0.0005000000237487257,0.39758819341659546,-0.6765612363815308,-0.29911404848098755,0.50310879945755,-0.09250921
349,6021,-0.08188106977352999,-0.565738418193777,0.28311893022647,-0.07773841819377703,0.2935976674223611,0.0530788532346209,0.9696981310844421,0.24009506404399872,-1.0,0.3139534890651703,0.37627118825912476,-0.029500000178813934,0.42287498712539673,0.19224999845027924,-0.9146249890327454,0.0007651399937458336,0.0,0.0013361400924623013,0.0001484600070398301,0.06700000166893005,0.12999999523162842,0.19699999690055847,0.008750000037252903,-0.0002500000118743628,0.05824999883770943,0.010499999858438969,-0.4641668498516083,0.3574357330799103,0.5147367715835571,-0.9902624487876892,-0.098576345
350,6022,-0.08181079690833734,-0.5681283734702013,0.2831892030916626,-0.0801283734702013,0.2943071201698508,0.05270361648958715,0.9723696112632751,0.24451115727424622,-1.0,0.3139534890651703,0.37627118825912476,-0.03312499821186066,0.42925000190734863,0.19224999845027924,-0.9175000190734863,0.00025695000658743083,7.994000043254346e-05,0.001638769987039268,6.851999933132902e-05,0.029500000178813934,0.14949999749660492,0.17900000512599945,0.0035000001080334187,0.0002500000118743628,0.06650000065565109,0.0005000000237487257,0.8946904540061951,0.17873439192771912,-0.16299381852149963,-0.29231369495391846,-0.05137068
351,6023,-0.0837059616301473,-0.5679934382743068,0.2812940383698527,-0.07999343827430683,0.29244706561934497,0.053693106504905254,0.9725330471992493,0.2404603809118271,-1.0,0.3139534890651703,0.37627118825912476,-0.029625000432133675,0.43274998664855957,0.19224999845027924,-0.9197499752044678,0.002369650173932314,0.0,0.0015302799874916673,7.423000351991504e-05,0.20749999582767487,0.1404999941587448,0.3479999899864197,0.020500000566244125,-0.0002500000118743628,0.06400000303983688,0.0005000000237487257,0.13869121670722961,0.48511967062950134,-0.3104918301105499,0.8571281433105469,-0.025414992
352,6024,-0.08228715247738766,-0.5665497254651967,0.28271284752261233,-0.07854972546519667,0.29342224442772163,0.05317204746664261,0.9681256413459778,0.24068908393383026,-1.0,0.3139534890651703,0.37627118825912476,-0.029750000685453415,0.4415000081062317,0.19224999845027924,-0.9100000262260437,0.0026265999767929316,7.994000043254346e-05,0.0013418500311672688,0.0001884299999801442,0.2370000034570694,0.1340000033378601,0.3709999918937683,0.022749999538064003,0.0002500000118743628,0.05900000035762787,0.013000000268220901,0.6192569732666016,-0.08403800427913666,-0.8575654029846191,0.05816607177257538,-0.118589364
353,6025,-0.08284466579243449,-0.5668726155646377,0.2821553342075655,-0.07887261556463776,0.2929718793805817,0.05341205583450919,0.9714252352714539,0.24313606321811676,-1.0,0.3139534890651703,0.37627118825912476,-0.029625000432133675,0.4402500092983246,0.19224999845027924,-0.909500002861023,0.0022211901377886534,0.0,0.0008964700391516089,0.00019414001144468784,0.19449999928474426,0.09549999982118607,0.28999999165534973,0.019500000402331352,-0.0002500000118743628,0.04500000178813934,0.014000000432133675,-0.4153238534927368,-0.2836966812610626,-0.8376970291137695,-0.842764139175415,-0.15305112
354,6026,-0.08201815453495584,-0.5662213101989302,0.2829818454650441,-0.0782213101989302,0.293593763952914,0.05308092519187863,0.9701286554336548,0.24258878827095032,-1.0,0.3139534890651703,0.37627118825912476,-0.029625000432133675,0.4440000057220459,0.19224999845027924,-0.9096249938011169,0.0007765600457787514,0.0,0.0005196100100874901,6.28100024187006e-05,0.06800000369548798,0.050999999046325684,0.11900000274181366,0.008500000461935997,-0.0002500000118743628,0.03125,0.0,0.3736870288848877,0.2530266046524048,0.8228526711463928,0.2609354257583618,-0.05654298
355,6027,-0.08031632509800221,-0.5668793741041249,0.28468367490199775,-0.07887937410412493,0.2954094622972745,0.052125832749940426,0.9720507860183716,0.24369269609451294,-1.0,0.3139534890651703,0.37627118825912476,-0.029625000432133675,0.44862499833106995,0.19224999845027924,-0.909500002861023,0.0021069899667054415,0.0,0.0008964700391516089,0.00013703999866265804,0.18449999392032623,0.09049999713897705,0.2750000059604645,0.01850000023841858,-0.0002500000118743628,0.04475000128149986,0.009499999694526196,-0.40675386786460876,0.6974109411239624,-0.36767151951789856,-0.8894714713096619,-0.08067727
356,6028,-0.0798907380680936,-0.5672618825692369,0.2851092619319064,-0.07926188256923694,0.2959218431744705,0.05185943302430108,0.9760085344314575,0.24257732927799225,-1.0,0.3139534890651703,0.37627118825912476,-0.029625000432133675,0.46149998903274536,0.19224999845027924,-0.9127500057220459,0.0006852000369690359,0.0,0.0007251700153574347,6.851999933132902e-05,0.05999999865889549,0.06949999928474426,0.12950000166893005,0.00774999987334013,0.0,0.038750000298023224,0.0010000000474974513,0.7958477735519409,0.32512080669403076,-0.5843498706817627,-0.8750873804092407,-0.104340374
357,6029,-0.08014935984788893,-0.5673504920926961,0.28485064015211103,-0.07935049209269607,0.29569644534627143,0.05197645489288604,0.9769982695579529,0.24192900955677032,-1.0,0.3139534890651703,0.37627118825912476,-0.02850000001490116,0.4675000011920929,0.19224999845027924,-0.9197499752044678,0.0032546999864280224,0.0,0.0004625100118573755,7.994000043254346e-05,0.2849999964237213,0.04749999940395355,0.33250001072883606,0.026750000193715096,0.0,0.029249999672174454,0.000750000006519258,0.5704655647277832,-0.06440747529268265,0.9661966562271118,-0.9938797354698181,-0.20574288
358,6030,-0.08306842280295351,-0.5689163284746386,0.2819315771970465,-0.08091632847463859,0.2933135974254003,0.05322984869625385,0.9763968586921692,0.24177882075309753,-1.0,0.3139534890651703,0.37627118825912476,-0.02837499976158142,0.4711250066757202,0.19224999845027924,-0.9269999861717224,0.0027864801231771708,7.423000351991504e-05,0.0008964700391516089,6.851999933132902e-05,0.25049999356269836,0.08449999988079071,0.33500000834465027,0.023499999195337296,0.0002500000118743628,0.04500000178813934,0.0005000000237487257,0.7497327327728271,-0.5872287750244141,-0.9780998826026917,0.8265373706817627,-0.15890017
359,6031,-0.08394069812700237,-0.5704998945734899,0.2810593018729976,-0.08249989457348994,0.29291733266226117,0.05344119830556269,0.9696083068847656,0.2391248643398285,-1.0,0.3139534890651703,0.37627118825912476,-0.02837499976158142,0.46024999022483826,0.19224999845027924,-0.9163749814033508,0.0009478600113652647,0.0,0.0004054100136272609,0.0001484600070398301,0.08299999684095383,0.048500001430511475,0.1315000057220459,0.009999999776482582,0.0,0.026499999687075615,0.009999999776482582,0.9929275512695312,-0.7151728868484497,-0.032860513776540756,-0.637847900390625,-0.15804419
360,6032,-0.08131016285370435,-0.5686327391682625,0.28368983714629564,-0.08063273916826252,0.29492636763414154,0.05237825910426409,0.9675797820091248,0.23644085228443146,-1.0,0.3139534890651703,0.37627118825912476,-0.022624999284744263,0.46399998664855957,0.18799999356269836,-0.9163749814033508,0.003043430158868432,0.0,0.0005881300312466919,6.851999933132902e-05,0.26649999618530273,0.057500001043081284,0.3240000009536743,0.02525000087916851,0.0,0.03449999913573265,0.0,-0.35217949748039246,0.49289435148239136,0.6090290546417236,-0.2640732228755951,-0.07434047
361,6033,-0.08193057417544575,-0.5690529306316234,0.28306942582455424,-0.08105293063162344,0.2944450329019282,0.052630981590082525,0.973697304725647,0.23960553109645844,-1.0,0.3139534890651703,0.37627118825912476,-0.022624999284744263,0.47312501072883606,0.18799999356269836,-0.918624997138977,0.002706540049985051,0.0,0.0009421500144526362,7.423000351991504e-05,0.2370000034570694,0.08900000154972076,0.32600000500679016,0.023000000044703484,0.0,0.04600000008940697,0.0005000000237487257,-0.2773318588733673,0.7398532629013062,0.831649661064148,-0.20936334133148193,-0.061435517
362,6034,-0.0814656736863116,-0.5685454175561184,0.2835343263136884,-0.08054541755611844,0.294752910905807,0.05246919156029731,0.9722544550895691,0.23889334499835968,-1.0,0.3139534890651703,0.37627118825912476,-0.022624999284744263,0.4869999885559082,0.18799999356269836,-0.9200000166893005,0.0008736300515010953,0.0,0.00148460001219064,6.28100024187006e-05,0.07649999856948853,0.1354999989271164,0.21199999749660492,0.009499999694526196,-0.0002500000118743628,0.06174999848008156,0.0002500000118743628,-0.26945558190345764,-0.8040145635604858,0.9093728065490723,-0.7087798118591309,-0.19503227
363,6035,-0.08189348913973042,-0.568271890748818,0.28310651086026956,-0.08027189074881802,0.2942666697671792,0.052724939627036414,0.9733356237411499,0.23975352942943573,-1.0,0.3139534890651703,0.37627118825912476,-0.023874999955296516,0.4906249940395355,0.18799999356269836,-0.9253749847412109,0.0003939900198020041,0.0,0.0021355401258915663,6.28100024187006e-05,0.03449999913573265,0.19249999523162842,0.22699999809265137,0.004749999847263098,0.0,0.07900000363588333,0.0005000000237487257,-0.22072218358516693,0.5128515362739563,0.9901103377342224,-0.8728021383285522,-0.13685885
364,6036,-0.08391489478564841,-0.5688141870676537,0.2810851052143516,-0.08081418706765375,0.2924718263436136,0.05367981334866114,0.9723407030105591,0.24021713435649872,-1.0,0.3139534890651703,0.37627118825912476,-0.026000000536441803,0.5,0.18812499940395355,-0.9312499761581421,0.0002512400096748024,3.425999966566451e-05,0.0024552999529987574,6.28100024187006e-05,0.02500000037252903,0.22050000727176666,0.24549999833106995,0.0032500000670552254,0.0002500000118743628,0.0872500017285347,0.0002500000118743628,-0.9658763408660889,0.0666583925485611,0.6715841889381409,-0.18780846893787384,-0.14536205
365,6037,-0.07926705113220671,-0.5669316318485916,0.28573294886779327,-0.07893163184859164,0.2964346818018542,0.05159415861602785,0.9676398038864136,0.2392979860305786,-1.0,0.3139534890651703,0.37627118825912476,-0.038874998688697815,0.5036249756813049,0.19349999725818634,-0.9321249723434448,0.00020556000526994467,7.423000351991504e-05,0.001667320029810071,0.0,0.02449999935925007,0.1459999978542328,0.1704999953508377,0.003000000026077032,0.0005000000237487257,0.06700000166893005,-0.0002500000118743628,0.8006392121315002,0.16623809933662415,0.028753727674484253,-0.4324694275856018,-0.10448853
366,6038,-0.08300094101386943,-0.5673755913310546,0.28199905898613054,-0.07937559133105465,0.29295725587228205,0.05341986712205542,0.9784486889839172,0.24248875677585602,-1.0,0.3139534890651703,0.37627118825912476,-0.03424999862909317,0.5068749785423279,0.19349999725818634,-0.9315000176429749,0.0016330600483343005,0.0,0.0016616100911051035,0.00010278000263497233,0.14300000667572021,0.15449999272823334,0.29750001430511475,0.015250000171363354,0.0,0.06750000268220901,0.006000000052154064,0.5159024000167847,-0.8633161783218384,-0.6695455312728882,0.8189027905464172,-0.18992575
367,6039,-0.0830950940567568,-0.5670115870870638,0.2819049059432432,-0.0790115870870638,0.29276817943363564,0.05352096705229394,0.9697652459144592,0.2417362928390503,-1.0,0.3139534890651703,0.37627118825912476,-0.03087499924004078,0.5105000138282776,0.19325000047683716,-0.9185000061988831,0.00263802008703351,7.423000351991504e-05,0.0012733300682157278,0.0001484600070398301,0.23749999701976776,0.12449999898672104,0.3619999885559082,0.02225000038743019,0.0002500000118743628,0.05700000002980232,0.010499999858438969,-0.2538564205169678,0.7858648896217346,0.4732044041156769,0.4396963119506836,-0.030294998
368,6040,-0.08184566005047125,-0.5673677836780971,0.28315433994952877,-0.07936778367809716,0.29406738227526447,0.05283011860629729,0.9695463180541992,0.24235324561595917,-1.0,0.3139534890651703,0.37627118825912476,-0.03099999949336052,0.5249999761581421,0.19325000047683716,-0.9113749861717224,0.0016787400236353278,7.994000043254346e-05,0.0016159299993887544,0.00017130000924225897,0.15399999916553497,0.15649999678134918,0.31049999594688416,0.01575000025331974,0.0005000000237487257,0.06599999964237213,0.012500000186264515,0.492381751537323,0.10691311955451965,0.41103267669677734,-0.9728137254714966,-0.090978086
369,6041,-0.08283068303392313,-0.5679683470040117,0.28216931696607683,-0.07996834700401168,0.293282218962651,0.05324655402529917,0.97245192527771,0.24174952507019043,-1.0,0.3139534890651703,0.37627118825912476,-0.029999999329447746,0.5272499918937683,0.19325000047683716,-0.9135000109672546,0.0032718300353735685,0.0,0.001850040047429502,7.994000043254346e-05,0.2865000069141388,0.16899999976158142,0.4555000066757202,0.027000000700354576,0.0,0.07275000214576721,0.000750000006519258,-0.9262940287590027,0.7600579261779785,-0.9564663171768188,-0.3471764028072357,-0.15725379
370,6042,-0.08275746132137456,-0.566468688290401,0.2822425386786254,-0.07846868829040099,0.2929474111197631,0.05342512643464845,0.9701611995697021,0.2407316118478775,-1.0,0.3139534890651703,0.37627118825912476,-0.029999999329447746,0.5414999723434448,0.19325000047683716,-0.9161249995231628,0.002843579975888133,0.0,0.0012733300682157278,7.423000351991504e-05,0.24899999797344208,0.11800000071525574,0.367000013589859,0.024000000208616257,0.0,0.05700000002980232,0.0005000000237487257,0.09598290175199509,-0.9348832368850708,0.19580227136611938,0.6153594255447388,-0.17122987
371,6043,-0.0822093953779275,-0.5662097810954944,0.2827906046220725,-0.07820978109549437,0.29340636653202073,0.05318049073917066,0.9703314900398254,0.24327340722084045,-1.0,0.3139534890651703,0.37627118825912476,-0.029999999329447746,0.5451250076293945,0.19325000047683716,-0.9110000133514404,0.00240961997769773,7.423000351991504e-05,0.001387530006468296,0.0001827200030675158,0.2175000011920929,0.13750000298023224,0.35499998927116394,0.020999999716877937,0.0002500000118743628,0.05999999865889549,0.013249999843537807,-0.13730253279209137,0.7106473445892334,0.987943708896637,-0.9102741479873657,-0.121199206
372,6044,-0.0816384594746871,-0.567056967551435,0.28336154052531287,-0.07905696755143499,0.2941832197242174,0.05276895697550042,0.9716060757637024,0.24371223151683807,-1.0,0.3139534890651703,0.37627118825912476,-0.029999999329447746,0.5584999918937683,0.19325000047683716,-0.9121249914169312,0.0006509399972856045,0.0,0.0021069899667054415,6.28100024187006e-05,0.05700000002980232,0.1899999976158142,0.24699999392032623,0.007499999832361937,0.0,0.07874999940395355,0.0005000000237487257,0.3167341649532318,-0.9696049690246582,-0.4297201335430145,0.077056385576725,-0.17626241
373,6045,-0.08227815874890289,-0.5658294141119216,0.2827218412510971,-0.07782941411192157,0.29323890809613845,0.05326962056403392,0.972933828830719,0.24227632582187653,-1.0,0.3139534890651703,0.37627118825912476,-0.029999999329447746,0.562125027179718,0.19325000047683716,-0.9121249914169312,0.0018557501025497913,7.994000043254346e-05,0.0017758100293576717,8.565000462112948e-05,0.16949999332427979,0.16300000250339508,0.33250001072883606,0.01600000075995922,0.0002500000118743628,0.07074999809265137,0.0032500000670552254,0.0859149694442749,0.2612535059452057,0.5313636064529419,0.40985605120658875,-0.053280972
374,6046,-0.08177872898201265,-0.5645459445495199,0.28322127101798733,-0.0765459445495199,0.2933829749389395,0.0531929319582059,0.97144615650177,0.2443569302558899,-1.0,0.3139534890651703,0.37627118825912476,-0.029999999329447746,0.5672500133514404,0.19325000047683716,-0.909250020980835,0.002089860150590539,0.0,0.0019528201082721353,0.00016558999777771533,0.18299999833106995,0.18549999594688416,0.3684999942779541,0.017500000074505806,-0.0002500000118743628,0.0754999965429306,0.012749999761581421,0.7729700803756714,0.02543523535132408,0.9324848651885986,0.02203522063791752,-0.16967264
375,6047,-0.08218996704133194,-0.5642477945140788,0.282810032958668,-0.07624779451407881,0.29290824657278614,0.053446054241261254,0.9726076126098633,0.24653229117393494,-1.0,0.3139534890651703,0.37627118825912476,-0.029999999329447746,0.5708749890327454,0.19325000047683716,-0.909250020980835,0.0032604101579636335,7.994000043254346e-05,0.0022211901377886534,0.0001827200030675158,0.29249998927116394,0.21050000190734863,0.503000020980835,0.027249999344348907,0.0,0.08299999684095383,0.013500000350177288,-0.1168290376663208,-0.7382398247718811,0.4138818681240082,0.30331623554229736,-0.06298678
376,6048,-0.08090726659808122,-0.565875964787543,0.28409273340191876,-0.077875964787543,0.2945731607994257,0.052563589802998405,0.9716512560844421,0.2470376342535019,-1.0,0.3139534890651703,0.37627118825912476,-0.029999999329447746,0.5572500228881836,0.19312499463558197,-0.9036250114440918,0.0013989500002935529,-7.994000043254346e-05,0.002295420039445162,0.0001827200030675158,0.12950000166893005,0.21699999272823334,0.3465000092983246,0.013749999925494194,-0.0002500000118743628,0.08425000309944153,0.013500000350177288,0.8160281777381897,-0.3640122711658478,0.9666305780410767,-0.9509472846984863,-0.1907828
377,6049,-0.08209963923206151,-0.5689210291349169,0.28290036076793845,-0.08092102913491694,0.29424620146891245,0.05273573262947452,0.9746342897415161,0.24427802860736847,-1.0,0.3139534890651703,0.37627118825912476,-0.02787500061094761,0.5503749847412109,0.19312499463558197,-0.906000018119812,0.003882799996063113,0.0,0.0019413999980315566,8.565000462112948e-05,0.3400000035762787,0.17749999463558197,0.5174999833106995,0.03150000050663948,0.0,0.07599999755620956,0.0012499999720603228,-0.9392494559288025,-0.1391206681728363,0.0983242467045784,-0.8939298391342163,-0.18028443
378,6050,-0.08203724419467782,-0.5683231548950611,0.28296275580532215,-0.08032315489506114,0.29414236414572853,0.052790520442775,0.9718613028526306,0.23911690711975098,-1.0,0.3139534890651703,0.37627118825912476,-0.026750000193715096,0.5538750290870667,0.19312499463558197,-0.9138749837875366,0.003517360193654895,7.994000043254346e-05,0.0019813701510429382,7.994000043254346e-05,0.3149999976158142,0.18050000071525574,0.49549999833106995,0.028750000521540642,0.0005000000237487257,0.07699999958276749,0.0012499999720603228,0.29135432839393616,-0.8022244572639465,0.6436224579811096,0.2552991807460785,-0.1012527
379,6051,-0.0823984368864713,-0.5666650410718617,0.2826015631135287,-0.07866504107186167,0.2933459257617999,0.05321264315298512,0.9720063805580139,0.2401302456855774,-1.0,0.3139534890651703,0.37627118825912476,-0.026750000193715096,0.5392500162124634,0.19312499463558197,-0.9138749837875366,0.0032261500600725412,-7.423000351991504e-05,0.002175510162487626,0.0001484600070398301,0.289000004529953,0.20350000262260437,0.4925000071525574,0.027000000700354576,-0.0002500000118743628,0.0820000022649765,0.01075000036507845,-0.8202274441719055,-0.9162968397140503,0.8773880004882812,0.18883918225765228,-0.27798027
380,6052,-0.08429157473828809,-0.5679126656523833,0.2807084252617119,-0.07991266565238331,0.2918617037992133,0.05400832714097228,0.9711664319038391,0.24294060468673706,-1.0,0.3139534890651703,0.37627118825912476,-0.026750000193715096,0.5427500009536743,0.19312499463558197,-0.9113749861717224,0.001570250024087727,7.994000043254346e-05,0.0024438800755888224,0.0001827200030675158,0.1445000022649765,0.23000000417232513,0.37450000643730164,0.014999999664723873,0.0002500000118743628,0.08824999630451202,0.012749999761581421,0.41740068793296814,-0.7717012763023376,0.9602721333503723,0.17424191534519196,-0.13263623
381,6053,-0.08433225760725806,-0.5687548650508383,0.28066774239274195,-0.08075486505083829,0.29205432687980787,0.053904394768460144,0.9667637944221497,0.24082599580287933,-1.0,0.3139534890651703,0.37627118825912476,-0.026875000447034836,0.5286250114440918,0.19300000369548798,-0.909250020980835,0.002940650098025799,-7.994000043254346e-05,0.002101280028000474,0.00019985000835731626,0.2644999921321869,0.20149999856948853,0.4659999907016754,0.02525000087916851,-0.0002500000118743628,0.08025000244379044,0.014999999664723873,0.8513250946998596,0.09542576968669891,0.2759142816066742,0.19107097387313843,-0.13363855
382,6054,-0.08333851087140198,-0.5662838673407625,0.281661489128598,-0.07828386734076254,0.29233808910910913,0.053751651272840095,0.9666691422462463,0.2393985390663147,-1.0,0.3139534890651703,0.37627118825912476,-0.026750000193715096,0.5299999713897705,0.19300000369548798,-0.9053750038146973,0.0014674700796604156,8.565000462112948e-05,0.002238319953903556,0.00019985000835731626,0.13600000739097595,0.2134999930858612,0.34950000047683716,0.01425000000745058,0.0005000000237487257,0.0832500010728836,0.01425000000745058,0.22887542843818665,-0.06446472555398941,0.8060513734817505,-0.262212336063385,-0.09117316
383,6055,-0.08330578475739896,-0.5680942319354523,0.281694215242601,-0.08009423193545229,0.2928595514755748,0.053472086186955904,0.9689801931381226,0.24358665943145752,-1.0,0.3139534890651703,0.37627118825912476,-0.026750000193715096,0.5293750166893005,0.19300000369548798,-0.9054999947547913,0.0021069899667054415,-9.13600015337579e-05,0.0024210400879383087,0.00014275001012720168,0.19249999523162842,0.22450000047683716,0.4169999957084656,0.01899999938905239,-0.0005000000237487257,0.08799999952316284,0.009999999776482582,0.38547977805137634,-0.5824038982391357,0.09839076548814774,-0.7768214344978333,-0.08342653
384,6056,-0.08301263372991366,-0.5659952069831446,0.28198736627008636,-0.07799520698314466,0.2925749938875218,0.05362446176100104,0.9690563082695007,0.240518257021904,-1.0,0.3139534890651703,0.37627118825912476,-0.026875000447034836,0.518625020980835,0.19300000369548798,-0.9081249833106995,0.00263802008703351,-7.994000043254346e-05,0.0023468099534511566,7.994000043254346e-05,0.23800000548362732,0.21250000596046448,0.4505000114440918,0.023000000044703484,-0.000750000006519258,0.08649999648332596,0.001500000013038516,0.8925580978393555,-0.3744242787361145,-0.0010891626589000225,0.9581913948059082,-0.1225869
385,6057,-0.08305317429384548,-0.5646040560503792,0.2819468257061545,-0.07660405605037923,0.29216809190797394,0.05384310528817664,0.9697380661964417,0.2440759241580963,-1.0,0.3139534890651703,0.37627118825912476,-0.026875000447034836,0.5113750100135803,0.19300000369548798,-0.8970000147819519,0.0011933899950236082,-8.565000462112948e-05,0.002312550088390708,0.00022269001055974513,0.1120000034570694,0.22200000286102295,0.33399999141693115,0.012249999679625034,-0.0002500000118743628,0.08500000089406967,0.014999999664723873,-0.4475358724594116,-0.08311212062835693,0.7857453227043152,0.9405924677848816,-0.115871035
386,6058,-0.08167592158912662,-0.5618530732515571,0.28332407841087337,-0.0738530732515571,0.29279141011319065,0.05350853521199967,0.969643771648407,0.2464338093996048,-1.0,0.3139534890651703,0.37627118825912476,-0.028875000774860382,0.5097500085830688,0.1928749978542328,-0.8799999952316284,0.0005767100374214351,0.0,0.002072730101644993,0.00022269001055974513,0.05050000175833702,0.20100000500679016,0.2515000104904175,0.006750000175088644,0.0,0.07850000262260437,0.016249999403953552,-0.2612955868244171,0.1674165576696396,0.5307692289352417,0.8332005739212036,-0.06965311
387,6059,-0.08223360653199764,-0.5631318939837833,0.28276639346800236,-0.07513189398378328,0.29257757051505434,0.05362308007615561,0.9728466868400574,0.2510964870452881,-1.0,0.3139534890651703,0.37627118825912476,-0.03112499974668026,0.5131250023841858,0.1928749978542328,-0.8646249771118164,0.0004682200087700039,7.994000043254346e-05,0.0021926399786025286,0.00023411000438500196,0.04800000041723251,0.21250000596046448,0.2605000138282776,0.005750000011175871,0.000750000006519258,0.08174999803304672,0.016499999910593033,0.850800096988678,-0.33717870712280273,0.5344505310058594,-0.15052586793899536,-0.08529421
388,6060,-0.08319171242582082,-0.5629486170073805,0.2818082875741792,-0.07494861700738054,0.29160453723632335,0.05414739724381221,0.9715497493743896,0.2489289939403534,-1.0,0.3139534890651703,0.37627118825912476,-0.03099999949336052,0.5073750019073486,0.1928749978542328,-0.8646249771118164,0.002803610172122717,-7.994000043254346e-05,0.002272580051794648,0.00017701000615488738,0.2524999976158142,0.21449999511241913,0.46700000762939453,0.024000000208616257,-0.0002500000118743628,0.08500000089406967,0.012749999761581421,-0.6464592218399048,-0.8000922203063965,-0.8978657722473145,0.36630484461784363,-0.08871147
389,6061,-0.08157302216062746,-0.562081638737574,0.28342697783937254,-0.07408163873757401,0.2929487002278805,0.053424437731445895,0.969321608543396,0.24923963844776154,-1.0,0.3139534890651703,0.37627118825912476,-0.03099999949336052,0.492249995470047,0.1928749978542328,-0.8613749742507935,0.0011819700011983514,0.0,0.0018386200536042452,0.00028550002025440335,0.10350000113248825,0.1860000044107437,0.28949999809265137,0.012000000104308128,0.0,0.07275000214576721,0.019750000908970833,-0.8585600852966309,-0.851372241973877,-0.25943806767463684,-0.5752929449081421,-0.16918574
390,6062,-0.08183772132463309,-0.5630840858769203,0.2831622786753669,-0.07508408587692028,0.29294794079596953,0.0534248434552149,0.9730859994888306,0.25070908665657043,-1.0,0.3139534890651703,0.37627118825912476,-0.03750000149011612,0.49562498927116394,0.19300000369548798,-0.8612499833106995,0.0003140500048175454,7.423000351991504e-05,0.0017015800112858415,8.565000462112948e-05,0.03400000184774399,0.15649999678134918,0.19050000607967377,0.0042500002309679985,0.000750000006519258,0.0689999982714653,0.004749999847263098,0.8930698037147522,-0.7084846496582031,-0.10827314108610153,-0.7560542225837708,-0.061232816
391,6063,-0.08166990515766058,-0.5643695529397529,0.2833300948423394,-0.0763695529397529,0.29344207479430545,0.0531615043001187,0.9724704027175903,0.24901002645492554,-1.0,0.3139534890651703,0.37627118825912476,-0.03437500074505806,0.4828749895095825,0.19300000369548798,-0.8696249723434448,0.002244030125439167,0.0,0.001638769987039268,7.994000043254346e-05,0.1965000033378601,0.15049999952316284,0.34700000286102295,0.019750000908970833,-0.0002500000118743628,0.06750000268220901,0.0020000000949949026,0.3862695097923279,-0.43012791872024536,0.26032501459121704,-0.6451298594474792,-0.12970243
392,6064,-0.0825378363240744,-0.5630084449939037,0.2824621636759256,-0.07500844499390369,0.29225184469715304,0.05379802906464929,0.9728606939315796,0.2468312680721283,-1.0,0.3139534890651703,0.37627118825912476,-0.03350000083446503,0.48662498593330383,0.19300000369548798,-0.8771250247955322,0.0025409499648958445,0.0,0.001764390035532415,7.994000043254346e-05,0.2224999964237213,0.1615000069141388,0.3840000033378601,0.02199999988079071,-0.0002500000118743628,0.07100000232458115,0.0012499999720603228,0.12093614786863327,-0.11552339047193527,0.9262626767158508,0.4449024796485901,-0.17995669
393,6065,-0.0815098096872293,-0.5623780109265929,0.2834901903127707,-0.07437801092659291,0.29308493054568213,0.05335170700204075,0.9708422422409058,0.2491382360458374,-1.0,0.3139534890651703,0.37627118825912476,-0.03350000083446503,0.49000000953674316,0.19300000369548798,-0.8744999766349792,0.0009364400175400078,7.994000043254346e-05,0.002049890113994479,0.00016558999777771533,0.08900000154972076,0.1940000057220459,0.28299999237060547,0.009999999776482582,0.0005000000237487257,0.07800000160932541,0.012500000186264515,-0.42062175273895264,0.5823571085929871,0.42981114983558655,0.5510066747665405,-0.060106218
394,6066,-0.08140058261676048,-0.5619020689634675,0.2835994173832395,-0.07390206896346752,0.2930702054750602,0.05335956365700961,0.9732329845428467,0.25020676851272583,-1.0,0.3139534890651703,0.37627118825912476,-0.035750001668930054,0.5011249780654907,0.19300000369548798,-0.8640000224113464,0.0003197600017301738,0.0,0.00215838011354208,0.0001541700039524585,0.02800000086426735,0.20250000059604645,0.2304999977350235,0.0042500002309679985,0.0,0.0807500034570694,0.012000000104308128,-0.640084981918335,-0.45114076137542725,0.9022725224494934,-0.05889954790472984,-0.16462629
395,6067,-0.08166152737174243,-0.5629842758707901,0.28333847262825756,-0.07498427587079015,0.29309270154539946,0.05334756120212757,0.9734870195388794,0.2510134279727936,-1.0,0.3139534890651703,0.37627118825912476,-0.0430000014603138,0.5047500133514404,0.19337500631809235,-0.8634999990463257,0.00023411000438500196,7.994000043254346e-05,0.002341100014746189,0.0001256200048374012,0.027499999850988388,0.2160000056028366,0.2434999942779541,0.0032500000670552254,0.0002500000118743628,0.08550000190734863,0.009499999694526196,0.6869783401489258,0.6091712713241577,-0.34165316820144653,-0.807029664516449,-0.06533275
396,6068,-0.08094572732357781,-0.5630561526624059,0.2840542726764222,-0.07505615266240595,0.29380309031426743,0.0529699290352395,0.9728801846504211,0.2491791993379593,-1.0,0.3139534890651703,0.37627118825912476,-0.04050000011920929,0.5163750052452087,0.19337500631809235,-0.8696249723434448,0.0015245700487866998,0.0,0.002061309991404414,6.851999933132902e-05,0.13349999487400055,0.18649999797344208,0.3199999928474426,0.014750000089406967,-0.0002500000118743628,0.07874999940395355,0.0012499999720603228,0.28046002984046936,-0.8595094680786133,0.14302389323711395,-0.8360003232955933,-0.15558481
397,6069,-0.08081380652146429,-0.5638268343170416,0.2841861934785357,-0.07582683431704162,0.2941283756565555,0.05279790555553236,0.9745448231697083,0.2490573674440384,-1.0,0.3139534890651703,0.37627118825912476,-0.038624998182058334,0.5197499990463257,0.19337500631809235,-0.8794999718666077,0.001935690059326589,7.994000043254346e-05,0.0020955700892955065,7.994000043254346e-05,0.17649999260902405,0.19050000607967377,0.367000013589859,0.017750000581145287,0.0005000000237487257,0.07999999821186066,0.000750000006519258,-0.4632264971733093,-0.20488479733467102,0.769601047039032,-0.757988452911377,-0.110067785
398,6070,-0.08193970356124948,-0.565976106872415,0.2830602964387505,-0.07797610687241496,0.2936041632248623,0.05307540544912674,0.9748516082763672,0.2477511316537857,-1.0,0.3139534890651703,0.37627118825912476,-0.03849999979138374,0.5166249871253967,0.19337500631809235,-0.8880000114440918,0.0004967700224369764,-8.565000462112948e-05,0.0023011299781501293,6.28100024187006e-05,0.050999999046325684,0.2070000022649765,0.257999986410141,0.0062500000931322575,-0.000750000006519258,0.08474999666213989,0.000750000006519258,0.9464426040649414,-0.4284780025482178,0.20080716907978058,-0.9682204127311707,-0.1143079
399,6071,-0.08051481749983751,-0.5658224955198862,0.28448518250016247,-0.07782249551988618,0.29493755249390247,0.052372400997054716,0.972233235836029,0.24410828948020935,-1.0,0.3139534890651703,0.37627118825912476,-0.03375000134110451,0.5084999799728394,0.19325000047683716,-0.8985000252723694,0.0022154799662530422,-7.994000043254346e-05,0.0020213399548083544,7.994000043254346e-05,0.20100000500679016,0.18400000035762787,0.38499999046325684,0.019750000908970833,-0.0005000000237487257,0.07824999839067459,0.001500000013038516,0.32296180725097656,0.8761810064315796,-0.785391092300415,-0.735780656337738,-0.10899043
400,6072,-0.07968778592485619,-0.5658470275936214,0.2853122140751438,-0.07784702759362139,0.2957418117304733,0.051952880402516076,0.9755469560623169,0.24436865746974945,-1.0,0.3139534890651703,0.37627118825912476,-0.032875001430511475,0.5245000123977661,0.19325000047683716,-0.9052500128746033,0.0024610101245343685,7.994000043254346e-05,0.0016216400545090437,7.994000043254346e-05,0.2224999964237213,0.14900000393390656,0.3714999854564667,0.021250000223517418,0.0002500000118743628,0.06750000268220901,0.0010000000474974513,0.8021060228347778,0.08288455009460449,0.6693864464759827,-0.08957459032535553,-0.1595958
