step,action_count,cube_x,cube_y,dist_to_goal_x,dist_to_goal_y,dist_to_goal,distance_reward,obs_cube_x_norm,obs_cube_y_norm,obs_cube_yaw_norm,obs_goal_x_norm,obs_goal_y_norm,obs_motor_16_pos_delta_norm,obs_motor_17_pos_delta_norm,obs_motor_18_pos_delta_norm,obs_motor_19_pos_delta_norm,obs_motor_16_current_norm,obs_motor_17_current_norm,obs_motor_18_current_norm,obs_motor_19_current_norm,obs_horizontal_tension_norm,obs_vertical_tension_norm,obs_total_tension_norm,obs_motor_16_target_error_norm,obs_motor_17_target_error_norm,obs_motor_18_target_error_norm,obs_motor_19_target_error_norm,action_m16,action_m17,action_m18,action_m19,total_safety_penalty
1,1,-0.2631868985309446,-0.3390570778949319,-0.14418689853094463,0.18894292210506813,0.23767475575158328,0.09285208298940012,0.548294186592102,0.6285504698753357,-1.0,0.8860465288162231,0.3084745705127716,0.0,0.0,0.0,0.0,9.13600015337579e-05,6.851999933132902e-05,3.997000021627173e-05,6.28100024187006e-05,0.014000000432133675,0.008999999612569809,0.023000000044703484,0.0,0.0,0.0,0.0,-0.9971981644630432,0.24433280527591705,-0.8107640743255615,0.07910708338022232,0.0
2,2,-0.27228672059348097,-0.3270731842917258,-0.15328672059348097,0.2009268157082742,0.25272198950817615,0.07988078884707364,0.5507281422615051,0.6287168264389038,-1.0,0.8860465288162231,0.3084745705127716,-0.01850000023841858,0.004124999977648258,-0.014999999664723873,0.000750000006519258,0.0,7.423000351991504e-05,0.0,6.851999933132902e-05,0.006500000134110451,0.006000000052154064,0.012500000186264515,-0.0002500000118743628,0.000750000006519258,-0.0002500000118743628,0.0012499999720603228,0.16984952986240387,0.9225629568099976,0.6763924360275269,-0.644859790802002,-0.0036180571
3,3,-0.25716925379659944,-0.3375790774906826,-0.13816925379659944,0.19042092250931741,0.23526765698669372,0.09511424129873894,0.5295657515525818,0.649028480052948,-1.0,0.8860465288162231,0.3084745705127716,-0.015124999918043613,0.01912499964237213,-0.002374999923631549,-0.010999999940395355,9.707000572234392e-05,9.707000572234392e-05,0.0,6.28100024187006e-05,0.017000000923871994,0.005499999970197678,0.02250000089406967,0.0005000000237487257,0.005249999929219484,-0.0002500000118743628,0.000750000006519258,-0.479025274515152,-0.6616146564483643,-0.4979853630065918,-0.38032785058021545,-0.08375825
4,4,-0.27204225427685746,-0.3262193611933782,-0.15304225427685747,0.20178063880662184,0.25325354447934323,0.07945730506462816,0.5647226572036743,0.6312218904495239,-1.0,0.8860465288162231,0.3084745705127716,-0.023624999448657036,0.00937500037252903,0.0011249999515712261,-0.017625000327825546,0.0,-5.7100000958598685e-06,7.423000351991504e-05,-6.851999933132902e-05,0.0005000000237487257,0.012500000186264515,0.013000000268220901,-0.0002500000118743628,0.0,0.0002500000118743628,-0.0002500000118743628,0.3572447597980499,0.7906298637390137,-0.9343816041946411,0.5383293628692627,0.0
5,5,-0.27514164566566407,-0.3259482604758704,-0.15614164566566407,0.20205173952412964,0.25535293018860883,0.07780657794999596,0.5301343202590942,0.6504756808280945,-1.0,0.8860465288162231,0.3084745705127716,-0.017249999567866325,0.021124999970197678,-0.016124999150633812,-0.009875000454485416,9.13600015337579e-05,0.00010278000263497233,0.0,8.565000462112948e-05,0.017000000923871994,0.007499999832361937,0.02449999935925007,0.0002500000118743628,0.006000000052154064,-0.0002500000118743628,0.0042500002309679985,0.5387476682662964,0.5333128571510315,-0.14825595915317535,0.8089783787727356,-0.041790716
6,6,-0.2688873016859846,-0.32922579646403993,-0.14988730168598463,0.1987742035359601,0.2489525802197291,0.08294929162233386,0.522926390171051,0.650935173034668,-1.0,0.8860465288162231,0.3084745705127716,-0.008124999701976776,0.027000000700354576,-0.013500000350177288,0.000750000006519258,0.0001541700039524585,0.0002169799990952015,8.565000462112948e-05,0.0001827200030675158,0.032499998807907104,0.023499999195337296,0.0560000017285347,0.0020000000949949026,0.014000000432133675,0.0020000000949949026,0.013249999843537807,0.03951835259795189,-0.1629261076450348,-0.8288822174072266,-0.9282893538475037,0.0
7,7,-0.2740979649486757,-0.32912140234119786,-0.15509796494867573,0.19887859765880217,0.25220641414910994,0.08029369802533087,0.5374714136123657,0.6453800201416016,-1.0,0.8860465288162231,0.3084745705127716,-0.007000000216066837,0.027249999344348907,-0.02787500061094761,-0.010250000283122063,0.00011991000064881518,0.00011991000064881518,0.0,6.28100024187006e-05,0.020999999716877937,0.005499999970197678,0.026499999687075615,0.0010000000474974513,0.007499999832361937,-0.0002500000118743628,0.0005000000237487257,0.020610587671399117,-0.7972847819328308,0.6963560581207275,0.9104887247085571,0.0
8,8,-0.2760069522799801,-0.329635234972258,-0.15700695227998013,0.19836476502774203,0.252981744536556,0.07967356373667295,0.5253535509109497,0.6455569267272949,-1.0,0.8860465288162231,0.3084745705127716,-0.006624999921768904,0.01575000025331974,-0.01549999974668026,0.004749999847263098,0.00011420000373618677,7.423000351991504e-05,7.423000351991504e-05,8.565000462112948e-05,0.016499999910593033,0.014000000432133675,0.030500000342726707,0.0010000000474974513,0.000750000006519258,0.0010000000474974513,0.0044999998062849045,0.9515581727027893,-0.4001152813434601,0.311541885137558,-0.22353766858577728,0.0
9,9,-0.26940611775864265,-0.33395748846923456,-0.15040611775864265,0.19404251153076546,0.24550864860610092,0.08585576979271962,0.5209140777587891,0.6446860432624817,-1.0,0.8860465288162231,0.3084745705127716,0.011250000447034836,0.008249999955296516,-0.00912499986588955,0.002749999985098839,0.00010848999954760075,7.423000351991504e-05,0.0,6.28100024187006e-05,0.01600000075995922,0.005499999970197678,0.0215000007301569,0.000750000006519258,0.000750000006519258,-0.0002500000118743628,0.0002500000118743628,-0.4866187870502472,0.8028022646903992,0.49595123529434204,-0.044674694538116455,0.0
10,10,-0.2723279911386194,-0.32730302674562584,-0.1533279911386194,0.2006969732543742,0.2525643441582195,0.08000681650847327,0.5362648367881775,0.6373602151870728,-1.0,0.8860465288162231,0.3084745705127716,0.002624999964609742,0.017999999225139618,-0.0028750000055879354,0.001500000013038516,9.13600015337579e-05,0.00016558999777771533,0.00010848999954760075,6.851999933132902e-05,0.02250000089406967,0.01549999974668026,0.03799999877810478,0.0,0.011250000447034836,0.005750000011175871,0.0012499999720603228,0.9817207455635071,0.8745653033256531,-0.10013294219970703,-0.6002278327941895,0.0
11,11,-0.2728191985865521,-0.32647100517314326,-0.15381919858655213,0.20152899482685677,0.2535237298750009,0.07924291278929131,0.5294697880744934,0.6486389636993408,-1.0,0.8860465288162231,0.3084745705127716,0.019375000149011612,0.02824999950826168,-0.0017500000540167093,-0.01075000036507845,0.00026837000041268766,0.00041683000745251775,0.0,7.994000043254346e-05,0.05999999865889549,0.007000000216066837,0.06700000166893005,0.0032500000670552254,0.023499999195337296,-0.0002500000118743628,0.0032500000670552254,0.26922494173049927,0.7090491056442261,0.061467189341783524,0.2299066036939621,-0.016623938
12,12,-0.2670793242090881,-0.3290126776019805,-0.1480793242090881,0.19898732239801953,0.24803919193013346,0.08371041143640089,0.528327465057373,0.6500491499900818,-1.0,0.8860465288162231,0.3084745705127716,0.023749999701976776,0.03462500125169754,0.0017500000540167093,-0.01075000036507845,0.00037115000304766,0.0008108200272545218,7.423000351991504e-05,0.00016558999777771533,0.10350000113248825,0.020999999716877937,0.12449999898672104,0.0044999998062849045,0.03725000098347664,0.0002500000118743628,0.011749999597668648,0.6329271793365479,0.15224789083003998,-0.27685168385505676,-0.9433515071868896,0.0
13,13,-0.26856329298399606,-0.327646601726965,-0.14956329298399607,0.200353398273035,0.2500213247060539,0.08206749610547452,0.5416759848594666,0.6457412242889404,-1.0,0.8860465288162231,0.3084745705127716,0.035750001668930054,0.036125000566244125,-0.003000000026077032,-0.02487500011920929,0.00032546999864280224,0.0009021800360642374,-5.7100001868093386e-05,8.565000462112948e-05,0.10750000178813934,0.012500000186264515,0.11999999731779099,0.004000000189989805,0.03974999859929085,-0.0005000000237487257,0.004749999847263098,-0.18668045103549957,-0.9479684233665466,-0.04903808608651161,-0.08231227099895477,0.0
14,14,-0.2742068803570028,-0.32521655132282373,-0.1552068803570028,0.2027834486771763,0.25536308027505067,0.07779868091586127,0.5382248759269714,0.6480566263198853,-1.0,0.8860465288162231,0.3084745705127716,0.0338749997317791,0.03550000116229057,-0.004000000189989805,-0.02487500011920929,0.00010278000263497233,0.00010278000263497233,0.0,6.851999933132902e-05,0.017999999225139618,0.006000000052154064,0.024000000208616257,0.000750000006519258,0.005499999970197678,-0.0002500000118743628,0.0017500000540167093,-0.9643479585647583,-0.9778063893318176,-0.9506740570068359,0.10464764386415482,-0.13808091
15,15,-0.2760091713765343,-0.3252168607732554,-0.1570091713765343,0.20278313922674462,0.25646224176474636,0.07694823025113223,0.5251002907752991,0.6521753072738647,-1.0,0.8860465288162231,0.3084745705127716,0.016249999403953552,0.019750000908970833,-0.000375000003259629,-0.023250000551342964,8.565000462112948e-05,7.423000351991504e-05,7.423000351991504e-05,7.423000351991504e-05,0.014000000432133675,0.013000000268220901,0.027000000700354576,0.0,0.0005000000237487257,0.0,0.0022499999031424522,0.09971243143081665,-0.3500521779060364,-0.22225384414196014,0.34438955783843994,0.0
16,16,-0.2925884787346802,-0.31188421334794747,-0.1735884787346802,0.21611578665205256,0.2771984725601063,0.06253776119258858,0.5209088921546936,0.6521748304367065,-1.0,0.8860465288162231,0.3084745705127716,0.017875000834465027,0.013375000096857548,-0.0043750000186264515,-0.016875000670552254,9.13600015337579e-05,7.423000351991504e-05,0.0,7.423000351991504e-05,0.014499999582767487,0.006500000134110451,0.020999999716877937,0.0002500000118743628,0.0002500000118743628,-0.0002500000118743628,0.0022499999031424522,-0.08980713039636612,-0.6169782876968384,-0.44474363327026367,-0.13618214428424835,-0.07736924
17,17,-0.25308734548070627,-0.3429855911270112,-0.13408734548070628,0.1850144088729888,0.22849452446105523,0.10177963493725992,0.4823523759841919,0.6747725009918213,-1.0,0.8860465288162231,0.3084745705127716,0.016499999910593033,0.0021250001154839993,-0.0006249999860301614,-0.017875000834465027,0.0,1.7129999832832254e-05,0.0,-6.28100024187006e-05,0.001500000013038516,0.005499999970197678,0.007000000216066837,-0.0002500000118743628,-0.0002500000118743628,-0.0002500000118743628,-0.000750000006519258,0.8728792667388916,-0.2092185765504837,0.6005265712738037,-0.799544095993042,-0.049106233
18,18,-0.26718758844259033,-0.3300731726324619,-0.14818758844259033,0.19792682736753814,0.24725410079553742,0.08437020104122885,0.5742154717445374,0.6220583319664001,-1.0,0.8860465288162231,0.3084745705127716,0.032499998807907104,0.004875000100582838,0.010499999858438969,-0.033250000327825546,9.13600015337579e-05,7.994000043254346e-05,0.0,6.28100024187006e-05,0.014999999664723873,0.005499999970197678,0.020500000566244125,0.0002500000118743628,0.0017500000540167093,0.0,0.0002500000118743628,-0.6772725582122803,0.7754101157188416,0.29689350724220276,0.20309263467788696,0.0
19,19,-0.26050551365789637,-0.3329236073991396,-0.14150551365789638,0.1950763926008604,0.24099504008537215,0.08981974944465919,0.5414242148399353,0.6439437866210938,-1.0,0.8860465288162231,0.3084745705127716,0.019999999552965164,0.017875000834465027,0.01600000075995922,-0.03099999949336052,9.13600015337579e-05,9.13600015337579e-05,0.0,7.423000351991504e-05,0.01600000075995922,0.006500000134110451,0.02250000089406967,0.0,0.004749999847263098,0.0,0.0032500000670552254,0.5926722884178162,0.7502182722091675,-0.44205063581466675,-0.525857150554657,-0.07704608
20,20,-0.2532842842379133,-0.3381778105404694,-0.13428428423791333,0.1898221894595306,0.23251824144462005,0.09776560856533048,0.5569639205932617,0.6391125321388245,-1.0,0.8860465288162231,0.3084745705127716,0.030124999582767487,0.02824999950826168,0.019874999299645424,-0.039500001817941666,0.0001484600070398301,0.00017701000615488738,0.0,6.851999933132902e-05,0.02850000001490116,0.006000000052154064,0.03449999913573265,0.0017500000540167093,0.012000000104308128,-0.0002500000118743628,0.000750000006519258,-0.9546694159507751,-0.9218522906303406,0.7601120471954346,-0.9391315579414368,0.0
21,21,-0.25913821274925164,-0.3307825435142276,-0.14013821274925164,0.19721745648577244,0.24193685914980392,0.08897778105387788,0.5737574696540833,0.6302071213722229,-1.0,0.8860465288162231,0.3084745705127716,0.013249999843537807,0.017000000923871994,0.03412500023841858,-0.05649999901652336,0.0,-2.2840000383439474e-05,0.0,0.0,0.0020000000949949026,0.0,0.0020000000949949026,-0.0002500000118743628,0.0,-0.0002500000118743628,-0.0002500000118743628,-0.3240197002887726,0.9338002800941467,0.4632225036621094,-0.9397444128990173,-0.1996517
22,22,-0.2515385761811284,-0.33269131705668686,-0.1325385761811284,0.19530868294331316,0.23603380225970264,0.09438831242083115,0.5601437091827393,0.6427414417266846,-1.0,0.8860465288162231,0.3084745705127716,0.016625000163912773,0.03162499889731407,0.042750000953674316,-0.054499998688697815,8.565000462112948e-05,0.00010278000263497233,0.0,7.994000043254346e-05,0.016499999910593033,0.007000000216066837,0.023499999195337296,0.0005000000237487257,0.005750000011175871,-0.0002500000118743628,0.0032500000670552254,0.048208657652139664,0.4214900732040405,0.04902765154838562,-0.8593693375587463,-0.018116683
23,23,-0.2493112425413378,-0.3310599447661664,-0.1303112425413378,0.19694005523383362,0.23614911663644395,0.09427953185851431,0.5778172612190247,0.6395062208175659,-1.0,0.8860465288162231,0.3084745705127716,0.017374999821186066,0.03962500020861626,0.04650000110268593,-0.06912499666213989,0.00010278000263497233,0.00010278000263497233,0.0,6.28100024187006e-05,0.017999999225139618,0.005499999970197678,0.023499999195337296,0.000750000006519258,0.005499999970197678,-0.0002500000118743628,0.0005000000237487257,0.6471544504165649,0.8928482532501221,-0.4817809462547302,-0.9212356209754944,-0.081813715
24,24,-0.2504632505532403,-0.3263911004752236,-0.13146325055324032,0.20160889952477645,0.24068388939356836,0.09009965946158126,0.5829970836639404,0.6422712802886963,-1.0,0.8860465288162231,0.3084745705127716,0.029249999672174454,0.05375000089406967,0.05025000125169754,-0.08675000071525574,0.00013133000175002962,0.0001598800008650869,0.0,6.851999933132902e-05,0.025499999523162842,0.006000000052154064,0.03150000050663948,0.0012499999720603228,0.010499999858438969,-0.0002500000118743628,0.0012499999720603228,-0.5751311779022217,0.9581226706504822,0.03958533704280853,0.1879076361656189,-0.019249761
25,25,-0.25200715143769703,-0.3269310929611845,-0.13300715143769704,0.20106890703881553,0.24108008567974734,0.08974339417787507,0.580318033695221,0.6501845717430115,-1.0,0.8860465288162231,0.3084745705127716,0.01875000074505806,0.06825000047683716,0.05400000140070915,-0.08637499809265137,0.00010848999954760075,0.00026837000041268766,0.0,0.00010278000263497233,0.032999999821186066,0.008999999612569809,0.041999999433755875,0.000750000006519258,0.017249999567866325,-0.0002500000118743628,0.007499999832361937,0.45055434107780457,-0.6056305170059204,-0.655445396900177,-0.028755707666277885,-0.10265345
26,26,-0.24444600851227777,-0.32887441896955716,-0.12544600851227777,0.19912558103044287,0.23534591152678633,0.09503983920195423,0.576727569103241,0.6492693424224854,-1.0,0.8860465288162231,0.3084745705127716,0.026374999433755875,0.0638749971985817,0.057750001549720764,-0.08637499809265137,0.0001827200030675158,8.565000462112948e-05,0.0,9.707000572234392e-05,0.023499999195337296,0.008500000461935997,0.03200000151991844,0.0022499999031424522,0.0035000001080334187,-0.0002500000118743628,0.006500000134110451,-0.1766330450773239,0.7355019450187683,0.9587180018424988,-0.9029285311698914,0.0
27,27,-0.24493639003067458,-0.32770890590488017,-0.12593639003067458,0.20029109409511986,0.23659352634376613,0.0938614740996017,0.5943115949630737,0.6459755897521973,-1.0,0.8860465288162231,0.3084745705127716,0.024125000461935997,0.07225000113248825,0.07562500238418579,-0.10087499767541885,9.707000572234392e-05,0.00021127000218257308,0.0,7.423000351991504e-05,0.027000000700354576,0.006500000134110451,0.03350000083446503,0.0002500000118743628,0.01425000000745058,-0.0002500000118743628,0.0017500000540167093,-0.06537614017724991,0.6795699596405029,0.9946109056472778,0.36899203062057495,0.0
28,28,-0.25086391207926084,-0.32621203594774256,-0.13186391207926085,0.20178796405225746,0.24105284430017038,0.08976784484672685,0.5931711792945862,0.6479510068893433,-1.0,0.8860465288162231,0.3084745705127716,0.022749999538064003,0.07900000363588333,0.09175000339746475,-0.09974999725818634,0.00010278000263497233,0.0004625100118573755,9.13600015337579e-05,0.0001827200030675158,0.0494999997317791,0.024000000208616257,0.07349999994039536,0.000750000006519258,0.026000000536441803,0.004749999847263098,0.013249999843537807,0.8964011073112488,-0.7911201119422913,-0.8625350594520569,0.953816831111908,0.0
29,29,-0.2472403522277412,-0.32810751145267036,-0.12824035222774122,0.19989248854732966,0.2374923049640545,0.09302164698443588,0.5793862342834473,0.6504880785942078,-1.0,0.8860465288162231,0.3084745705127716,0.03737499937415123,0.07112500071525574,0.078125,-0.08687499910593033,0.000433959998190403,0.0001884299999801442,0.0,0.00035402001230977476,0.054499998688697815,0.03099999949336052,0.08550000190734863,0.004999999888241291,0.012249999679625034,-0.0002500000118743628,0.023250000551342964,0.022039875388145447,0.11573129892349243,0.005974400322884321,-0.9570569396018982,-0.023283076
30,30,-0.24191549551145802,-0.33083886680997593,-0.12291549551145803,0.1971611331900241,0.23233753781427935,0.09794243428636441,0.587813138961792,0.6472753882408142,-1.0,0.8860465288162231,0.3084745705127716,0.03824999928474426,0.07124999910593033,0.08174999803304672,-0.09425000101327896,0.00033117999555543065,0.0002512400096748024,0.0,6.851999933132902e-05,0.050999999046325684,0.006000000052154064,0.05700000002980232,0.004000000189989805,0.016249999403953552,0.0,0.0022499999031424522,-0.4349522590637207,-0.5735645294189453,0.6839735507965088,-0.8381277918815613,0.0
31,31,-0.23927613640962925,-0.33255358801668444,-0.12027613640962925,0.19544641198331558,0.22948997569998492,0.10077149439893969,0.6001965403556824,0.6426460146903992,-1.0,0.8860465288162231,0.3084745705127716,0.03212499991059303,0.06812500208616257,0.09449999779462814,-0.10912500321865082,8.565000462112948e-05,7.423000351991504e-05,0.0,7.423000351991504e-05,0.014000000432133675,0.006500000134110451,0.020500000566244125,0.0,0.0010000000474974513,0.0,0.000750000006519258,-0.10155194997787476,-0.22484077513217926,0.440629243850708,-0.1362481564283371,0.0
32,32,-0.24228272904660958,-0.33267455272549923,-0.12328272904660958,0.1953254472745008,0.2309776215007929,0.09928346722371227,0.6063345670700073,0.6397396922111511,-1.0,0.8860465288162231,0.3084745705127716,0.030249999836087227,0.06412500143051147,0.10275000333786011,-0.11124999821186066,8.565000462112948e-05,7.423000351991504e-05,0.0,0.0,0.014000000432133675,0.0,0.014000000432133675,0.0,0.000750000006519258,0.0,0.0,0.6747910976409912,-0.11580384522676468,0.2796884775161743,0.9787939190864563,0.0
33,33,-0.24230423003082374,-0.3299550613784564,-0.12330423003082375,0.1980449386215436,0.2332932293426135,0.09701086529258741,0.5993424654006958,0.6395346522331238,-1.0,0.8860465288162231,0.3084745705127716,0.0416250005364418,0.06062500178813934,0.10625000298023224,-0.10037499666213989,0.0001827200030675158,8.565000462112948e-05,8.565000462112948e-05,0.00021127000218257308,0.023499999195337296,0.026000000536441803,0.0494999997317791,0.0024999999441206455,0.0035000001080334187,0.0032500000670552254,0.014750000089406967,0.1633063703775406,0.9655413627624512,-0.3432278633117676,-0.9967626333236694,0.0
34,34,-0.23579128350950773,-0.3329146256634236,-0.11679128350950774,0.1950853743365764,0.22737305729536286,0.10292748447197912,0.599292516708374,0.6441439390182495,-1.0,0.8860465288162231,0.3084745705127716,0.0442500002682209,0.06962499767541885,0.1014999970793724,-0.11299999803304672,0.00022840000747237355,0.00034260001848451793,0.0,7.994000043254346e-05,0.05000000074505806,0.007000000216066837,0.05700000002980232,0.0032500000670552254,0.0215000007301569,0.0,0.002749999985098839,0.2818726599216461,-0.6761080026626587,-0.3951912820339203,-0.8036937713623047,-0.07142296
35,35,-0.231990590488439,-0.33438340775437575,-0.11299059048843901,0.19361659224562427,0.22417461571670969,0.106272773303849,0.6144388914108276,0.6391277313232422,-1.0,0.8860465288162231,0.3084745705127716,0.05025000125169754,0.06674999743700027,0.10525000095367432,-0.12712499499320984,0.00014275001012720168,7.423000351991504e-05,0.0,6.851999933132902e-05,0.01899999938905239,0.006000000052154064,0.02500000037252903,0.0017500000540167093,0.0020000000949949026,0.0,0.0010000000474974513,0.7929742932319641,0.2357633262872696,-0.7319124937057495,-0.47920846939086914,-0.111829504
36,36,-0.23212123790756922,-0.33416940297584535,-0.11312123790756923,0.19383059702415467,0.22442529894929653,0.1060066989216413,0.6232777237892151,0.6366382837295532,-1.0,0.8860465288162231,0.3084745705127716,0.06424999982118607,0.06662499904632568,0.10912500321865082,-0.1366250067949295,0.00026837000041268766,0.00016558999777771533,0.0,6.851999933132902e-05,0.03799999877810478,0.006000000052154064,0.04399999976158142,0.0032500000670552254,0.010999999940395355,-0.0002500000118743628,0.0022499999031424522,0.1388690024614334,0.6506352424621582,0.29730382561683655,0.037507396191358566,0.0
37,37,-0.23505149768847455,-0.3348516904743961,-0.11605149768847456,0.1931483095256039,0.22533135509364097,0.10505055684575897,0.6229738593101501,0.6370010375976562,-1.0,0.8860465288162231,0.3084745705127716,0.06599999964237213,0.06937500089406967,0.1145000010728836,-0.1367499977350235,0.0003768599999602884,0.0005767100374214351,0.0,8.565000462112948e-05,0.08349999785423279,0.007499999832361937,0.09099999815225601,0.004749999847263098,0.029750000685453415,0.0,0.0037499999161809683,0.49316057562828064,-0.90473473072052,0.704981803894043,0.6928365230560303,0.0
38,38,-0.23697531942431688,-0.33674617566584014,-0.11797531942431688,0.19125382433415988,0.22471359842188296,0.10570152229043,0.6161593198776245,0.6358445882797241,-1.0,0.8860465288162231,0.3084745705127716,0.07474999874830246,0.06262499839067459,0.1276250034570694,-0.13087500631809235,0.00043967002420686185,0.00014275001012720168,0.0,0.00026837000041268766,0.050999999046325684,0.023499999195337296,0.07450000196695328,0.005499999970197678,0.009499999694526196,0.0,0.017750000581145287,-0.21952961385250092,-0.9361051917076111,-0.21696773171424866,-0.1255512684583664,-0.050036132
39,39,-0.23132959487500454,-0.342081255782449,-0.11232959487500455,0.185918744217551,0.2172181330741377,0.11392882920787252,0.6116852760314941,0.632633626461029,-1.0,0.8860465288162231,0.3084745705127716,0.07337500154972076,0.048875000327825546,0.1313749998807907,-0.12700000405311584,9.707000572234392e-05,8.565000462112948e-05,0.0,9.13600015337579e-05,0.01600000075995922,0.00800000037997961,0.024000000208616257,0.0002500000118743628,0.0020000000949949026,0.0,0.005499999970197678,-0.10769100487232208,-0.913192093372345,0.259660542011261,-0.44552314281463623,0.0
40,40,-0.2368859255910638,-0.33857111911484017,-0.11788592559106381,0.18942888088515986,0.2231151997643054,0.10740462896073952,0.6248148679733276,0.6235910654067993,-1.0,0.8860465288162231,0.3084745705127716,0.0716250017285347,0.032749999314546585,0.13612499833106995,-0.13249999284744263,0.0,6.851999933132902e-05,0.0,3.997000021627173e-05,0.006000000052154064,0.0035000001080334187,0.009499999694526196,-0.0002500000118743628,0.0002500000118743628,0.0,0.0,-0.7206820249557495,0.8349699974060059,-0.943408191204071,0.6672441363334656,-0.24769084
41,41,-0.23220164381079816,-0.3411477711288633,-0.11320164381079817,0.18685222887113673,0.2184682301745004,0.1125134733109101,0.6118931770324707,0.6295405030250549,-1.0,0.8860465288162231,0.3084745705127716,0.0742499977350235,0.042750000953674316,0.13987499475479126,-0.12337499856948853,0.0001484600070398301,0.00017130000924225897,6.851999933132902e-05,9.707000572234392e-05,0.02800000086426735,0.014499999582767487,0.042500000447034836,0.0020000000949949026,0.011500000022351742,0.0,0.006750000175088644,0.9820698499679565,-0.31961172819137573,-0.2960774302482605,-0.5141063332557678,0.0
42,42,-0.22887476956419495,-0.34212914340996636,-0.10987476956419495,0.18587085659003366,0.21591767022709793,0.11542010704382835,0.6227868795394897,0.6251732707023621,-1.0,0.8860465288162231,0.3084745705127716,0.09200000017881393,0.04075000062584877,0.13437500596046448,-0.1303749978542328,0.00023982000129763037,9.707000572234392e-05,0.0,6.851999933132902e-05,0.029500000178813934,0.006000000052154064,0.03550000116229057,0.0032500000670552254,0.0037499999161809683,0.0,0.001500000013038516,0.3814428746700287,0.752814769744873,-0.05374736711382866,-0.40581825375556946,-0.030449687
43,43,-0.22548269558746437,-0.34477663421564525,-0.10648269558746437,0.18322336578435477,0.21191830083529847,0.1201297334193165,0.6305238008499146,0.62350994348526,-1.0,0.8860465288162231,0.3084745705127716,0.09837500005960464,0.0430000014603138,0.1381250023841858,-0.13824999332427979,0.00035973000922240317,0.0004967700224369764,2.2840000383439474e-05,7.423000351991504e-05,0.07500000298023224,0.008500000461935997,0.08349999785423279,0.004749999847263098,0.027249999344348907,0.0,0.0022499999031424522,0.7022267580032349,-0.8586316704750061,-0.6833823919296265,-0.4809230864048004,0.0
44,44,-0.23127412979748885,-0.3420416850986351,-0.11227412979748885,0.18595831490136494,0.21722333001484576,0.11392290854801715,0.638412356376648,0.6190226674079895,-1.0,0.8860465288162231,0.3084745705127716,0.11187499761581421,0.03700000047683716,0.12537500262260437,-0.1472499966621399,0.00033117999555543065,0.00011420000373618677,0.0,6.851999933132902e-05,0.039000000804662704,0.006000000052154064,0.04500000178813934,0.004000000189989805,0.007249999791383743,0.0,0.0022499999031424522,-0.5014978647232056,0.7249226570129395,-0.3536921441555023,0.9545494914054871,-0.06644306
45,45,-0.2351399222397877,-0.3395969211343467,-0.1161399222397877,0.18840307886565333,0.22132374853124442,0.10934606856058009,0.6249439120292664,0.6236581802368164,-1.0,0.8860465288162231,0.3084745705127716,0.10362499952316284,0.04075000062584877,0.12912499904632568,-0.1354999989271164,0.0001484600070398301,0.000491060025524348,0.0,0.00020556000526994467,0.0560000017285347,0.017999999225139618,0.07400000095367432,0.0017500000540167093,0.026750000193715096,0.0,0.014499999582767487,-0.5065170526504517,0.27517685294151306,-0.9214087128639221,0.9910398721694946,-0.13456905
46,46,-0.2361040705408735,-0.3407793252096563,-0.11710407054087352,0.1872206747903437,0.22082786148082292,0.1098896482113627,0.6159536838531494,0.6278018355369568,-1.0,0.8860465288162231,0.3084745705127716,0.09412500262260437,0.04349999874830246,0.132750004529953,-0.11874999850988388,0.0001541700039524585,0.0006395200034603477,7.423000351991504e-05,0.00026266000350005925,0.06949999928474426,0.029500000178813934,0.0989999994635582,0.0020000000949949026,0.03150000050663948,0.0002500000118743628,0.017999999225139618,0.6371240615844727,-0.6718552708625793,-0.8680594563484192,-0.20775902271270752,0.0
47,47,-0.23109542698034852,-0.34229213102875444,-0.11209542698034852,0.18570786897124558,0.2169165677115235,0.11427291765982284,0.6137114763259888,0.6257977485656738,-1.0,0.8860465288162231,0.3084745705127716,0.10337500274181366,0.04050000011920929,0.11662500351667404,-0.11874999850988388,0.0006395200034603477,0.0001827200030675158,0.0,0.0001484600070398301,0.07199999690055847,0.013000000268220901,0.08500000089406967,0.007249999791383743,0.012500000186264515,0.0,0.010250000283122063,-0.13392387330532074,0.0062790061347186565,-0.7124476432800293,-0.8724790215492249,-0.109493725
48,48,-0.22704875575918365,-0.3459157910835407,-0.10804875575918366,0.18208420891645932,0.2117290550629283,0.12035728911302321,0.6253594756126404,0.6232336759567261,-1.0,0.8860465288162231,0.3084745705127716,0.10350000113248825,0.04075000062584877,0.12037499994039536,-0.13075000047683716,0.0001598800008650869,0.0001827200030675158,0.0,6.851999933132902e-05,0.029999999329447746,0.006000000052154064,0.035999998450279236,0.0020000000949949026,0.012000000104308128,0.0,0.0017500000540167093,-0.044376861304044724,-0.8427441716194153,-0.9482043385505676,-0.5627585053443909,-0.13778453
49,49,-0.2271649610957866,-0.3455602784690352,-0.1081649610957866,0.18243972153096483,0.21209410836029607,0.11991872184966484,0.6347703337669373,0.6170918941497803,-1.0,0.8860465288162231,0.3084745705127716,0.10337500274181366,0.030249999836087227,0.12412499636411667,-0.14037500321865082,9.13600015337579e-05,7.994000043254346e-05,0.0,6.851999933132902e-05,0.014999999664723873,0.006000000052154064,0.020999999716877937,0.000750000006519258,0.001500000013038516,0.0,0.0,-0.3309415280818939,-0.9080934524536133,-0.862379789352417,-0.9443068504333496,-0.12748559
50,50,-0.20234935642471352,-0.3618215140722294,-0.08334935642471353,0.16617848592777062,0.18590966731630768,0.15581331716629673,0.6345000863075256,0.6176944375038147,-1.0,0.8860465288162231,0.3084745705127716,0.0976250022649765,0.013749999925494194,0.12787500023841858,-0.15787500143051147,0.0,7.423000351991504e-05,0.0,-2.2840000383439474e-05,0.006500000134110451,0.0020000000949949026,0.008500000461935997,0.0,0.0005000000237487257,0.0,-0.0002500000118743628,0.42969658970832825,-0.11985839903354645,-0.9405527114868164,-0.5103321075439453,-0.13686633
51,51,-0.18864705510478164,-0.3672504086661282,-0.06964705510478164,0.16074959133387184,0.17518887920976975,0.1734460303765683,0.6922107934951782,0.590133011341095,-1.0,0.8860465288162231,0.3084745705127716,0.1054999977350235,0.011874999850988388,0.1316249966621399,-0.16725000739097595,8.565000462112948e-05,0.0,0.0,-6.851999933132902e-05,0.007499999832361937,0.006000000052154064,0.013500000350177288,0.0002500000118743628,0.0,0.0,-0.0005000000237487257,-0.8434784412384033,-0.7136790156364441,-0.4178205728530884,-0.5227174758911133,-0.18377995
52,52,-0.22204160380781846,-0.3441480278510525,-0.10304160380781846,0.18385197214894755,0.21075843940005062,0.12153118359845558,0.7240766286849976,0.5809314846992493,-1.0,0.8860465288162231,0.3084745705127716,0.08974999934434891,0.01549999974668026,0.1353749930858612,-0.1772499978542328,9.13600015337579e-05,6.851999933132902e-05,0.0,0.0,0.014000000432133675,0.0,0.014000000432133675,0.0002500000118743628,0.0002500000118743628,0.0,0.0,0.15601080656051636,0.6112953424453735,-0.38672780990600586,-0.14899538457393646,-0.112286784
53,53,-0.21103754561925026,-0.35011041723732417,-0.09203754561925026,0.17788958276267586,0.20028882509789325,0.13494496491229765,0.6464148759841919,0.6200881004333496,-1.0,0.8860465288162231,0.3084745705127716,0.0925000011920929,0.0253749992698431,0.1392499953508377,-0.1743749976158142,8.565000462112948e-05,8.565000462112948e-05,0.0,7.423000351991504e-05,0.014999999664723873,0.006500000134110451,0.0215000007301569,0.0005000000237487257,0.0032500000670552254,-0.0002500000118743628,0.0017500000540167093,0.9293424487113953,0.4384324252605438,-0.5844081044197083,-0.8141935467720032,-0.094128974
54,54,-0.20214558902998364,-0.3545212230936906,-0.08314558902998365,0.17347877690630942,0.19237482946594653,0.14605846464444097,0.6720057129859924,0.6099823713302612,-1.0,0.8860465288162231,0.3084745705127716,0.10975000262260437,0.03237500041723251,0.14300000667572021,-0.1888750046491623,0.00010848999954760075,9.707000572234392e-05,0.0,6.28100024187006e-05,0.017999999225139618,0.005499999970197678,0.023499999195337296,0.000750000006519258,0.005499999970197678,-0.0002500000118743628,0.0002500000118743628,0.8852733373641968,-0.41622912883758545,-0.3905716836452484,-0.9730355739593506,-0.07086861
55,55,-0.19750324614753895,-0.3550645919633897,-0.07850324614753895,0.17293540803661034,0.18991949612530568,0.14968907623621217,0.6926846504211426,0.6025063991546631,-1.0,0.8860465288162231,0.3084745705127716,0.12600000202655792,0.026875000447034836,0.14662499725818634,-0.2070000022649765,0.00010278000263497233,7.423000351991504e-05,0.0,6.28100024187006e-05,0.01549999974668026,0.005499999970197678,0.020999999716877937,0.0012499999720603228,0.0010000000474974513,0.0,0.0002500000118743628,-0.40027931332588196,-0.0028785686008632183,0.000649392488412559,-0.746144711971283,-0.023922076
56,56,-0.2208184109870595,-0.34352578104775855,-0.10181841098705952,0.18447421895224148,0.21070767967487394,0.12159288815246024,0.7034808397293091,0.6015854477882385,-1.0,0.8860465288162231,0.3084745705127716,0.11912500113248825,0.027000000700354576,0.15037499368190765,-0.22087499499320984,0.0,7.423000351991504e-05,0.0,6.28100024187006e-05,0.006500000134110451,0.005499999970197678,0.012000000104308128,0.0,0.000750000006519258,0.0,0.0002500000118743628,-0.7074254751205444,-0.8533936738967896,-0.7577919960021973,-0.02890952304005623,-0.25129524
57,57,-0.2227027818177852,-0.34219891032655847,-0.1037027818177852,0.18580108967344156,0.21278231101429798,0.1190962713324862,0.6492595076560974,0.6211427450180054,-1.0,0.8860465288162231,0.3084745705127716,0.12274999916553497,0.011374999769032001,0.15412500500679016,-0.21699999272823334,8.565000462112948e-05,0.0,0.0,0.0,0.007499999832361937,0.0,0.007499999832361937,0.0002500000118743628,0.0,0.0,0.0,-0.7577211856842041,-0.7402635812759399,-0.7187188863754272,-0.19314293563365936,-0.27025506
58,58,-0.2031438122270654,-0.3544507106244257,-0.0841438122270654,0.17354928937557434,0.19287181488976166,0.14533437616239728,0.6448772549629211,0.6233916878700256,-1.0,0.8860465288162231,0.3084745705127716,0.10887499898672104,0.014624999836087227,0.15787500143051147,-0.2133750021457672,0.0,7.423000351991504e-05,0.0,6.28100024187006e-05,0.006500000134110451,0.005499999970197678,0.012000000104308128,-0.0002500000118743628,0.0010000000474974513,0.0,0.0002500000118743628,0.7674382925033569,-0.15407973527908325,-0.7140988707542419,-0.24037951231002808,-0.109691866
59,59,-0.2083793857491537,-0.3549609812811427,-0.08937938574915372,0.17303901871885735,0.19475927858790473,0.14261696828799159,0.6903632283210754,0.6026259064674377,-1.0,0.8860465288162231,0.3084745705127716,0.12300000339746475,0.012249999679625034,0.1616249978542328,-0.21774999797344208,9.13600015337579e-05,0.0,0.0,0.0,0.00800000037997961,0.0,0.00800000037997961,0.0002500000118743628,0.0,0.0,0.0,0.876520574092865,-0.7406928539276123,0.5432753562927246,0.814452052116394,-0.11288315
60,60,-0.20595691628772317,-0.3549072548608153,-0.08695691628772317,0.1730927451391847,0.19370752104678035,0.14412486883551623,0.6781874895095825,0.6017610430717468,-1.0,0.8860465288162231,0.3084745705127716,0.13875000178813934,0.012875000014901161,0.1717499941587448,-0.20424999296665192,0.00010848999954760075,0.00010278000263497233,0.0,7.994000043254346e-05,0.01850000023841858,0.007000000216066837,0.025499999523162842,0.001500000013038516,0.0062500000931322575,0.0,0.0035000001080334187,0.9696779251098633,0.8956243395805359,-0.9053783416748047,0.28355103731155396,-0.13264541
61,61,-0.20193528444283865,-0.3569606062173179,-0.08293528444283865,0.17103939378268213,0.19008612687716575,0.14943985589955278,0.6838211417198181,0.6018521189689636,-1.0,0.8860465288162231,0.3084745705127716,0.15549999475479126,0.019750000908970833,0.17537499964237213,-0.20262500643730164,0.00033117999555543065,0.0004739300056826323,6.851999933132902e-05,0.0001541700039524585,0.07050000131130219,0.019500000402331352,0.09000000357627869,0.0042500002309679985,0.026000000536441803,0.0002500000118743628,0.01075000036507845,0.5467911958694458,-0.5529969334602356,0.3943622410297394,-0.9952178001403809,0.0
62,62,-0.19502525294488915,-0.3584635087553763,-0.07602525294488915,0.16953649124462372,0.18580220921418764,0.15598084119272324,0.6931737661361694,0.5983718633651733,-1.0,0.8860465288162231,0.3084745705127716,0.16500000655651093,0.019500000402331352,0.18287500739097595,-0.21699999272823334,0.0004625100118573755,0.00010278000263497233,0.0,7.423000351991504e-05,0.0494999997317791,0.006500000134110451,0.0560000017285347,0.005750000011175871,0.006000000052154064,0.0,0.0022499999031424522,0.2936367690563202,0.8607586026191711,0.594230055809021,-0.9897768497467041,0.0
63,63,-0.1939165625012853,-0.3581924296891139,-0.07491656250128531,0.1698075703108861,0.18559930568807503,0.1562976531221589,0.7092435956001282,0.5958245396614075,-1.0,0.8860465288162231,0.3084745705127716,0.1704999953508377,0.023000000044703484,0.1941249966621399,-0.2356249988079071,0.0004682200087700039,0.0006223900127224624,5.7100000958598685e-06,7.423000351991504e-05,0.09549999982118607,0.007000000216066837,0.10249999910593033,0.005750000011175871,0.03125,-0.0002500000118743628,0.0024999999441206455,0.8398076295852661,0.7184624671936035,-0.2069409340620041,0.1691845953464508,-0.048832916
64,64,-0.20037341953412624,-0.35608813503144005,-0.08137341953412625,0.17191186496855998,0.19019811440612475,0.14927259557048608,0.711821973323822,0.596284031867981,-1.0,0.8860465288162231,0.3084745705127716,0.18387499451637268,0.02462499961256981,0.19750000536441803,-0.2356249988079071,0.0010163800325244665,0.0014275000430643559,7.423000351991504e-05,0.00014275001012720168,0.21400000154972076,0.01899999938905239,0.2329999953508377,0.010250000283122063,0.054749999195337296,0.0005000000237487257,0.008750000037252903,-0.6527094841003418,-0.9255884289741516,-0.7856006622314453,0.9616996645927429,0.0
65,65,-0.19683799793440981,-0.35662826683270965,-0.07783799793440982,0.17137173316729037,0.18822068125261412,0.15225373928551486,0.696806013584137,0.599850594997406,-1.0,0.8860465288162231,0.3084745705127716,0.1758749932050705,0.02474999986588955,0.18312500417232513,-0.22112500667572021,0.00017130000924225897,0.00032546999864280224,0.0,0.00022269001055974513,0.04349999874830246,0.019500000402331352,0.06300000101327896,0.0020000000949949026,0.019999999552965164,0.0,0.01575000025331974,-0.7794057130813599,0.24825136363506317,-0.5605183243751526,-0.8673608303070068,-0.0912622
66,66,-0.19615078006828912,-0.35474116064402156,-0.07715078006828913,0.17325883935597847,0.18965987525074005,0.15007820523655227,0.7050279378890991,0.5989351272583008,-1.0,0.8860465288162231,0.3084745705127716,0.16187499463558197,0.029374999925494194,0.18687500059604645,-0.23000000417232513,0.00010848999954760075,0.0003140500048175454,0.0,6.851999933132902e-05,0.03700000047683716,0.006000000052154064,0.0430000014603138,0.0010000000474974513,0.019999999552965164,0.0,0.0010000000474974513,0.1691267490386963,0.8152381181716919,-0.1330389529466629,-0.3811968266963959,-0.03996468
67,67,-0.18979326488749348,-0.35703945432829337,-0.07079326488749349,0.17096054567170665,0.18503835961713053,0.15717686230557557,0.7066261172294617,0.6021336317062378,-1.0,0.8860465288162231,0.3084745705127716,0.1628749966621399,0.035750001668930054,0.19062499701976776,-0.23774999380111694,0.00041683000745251775,0.0008222400210797787,0.0,7.423000351991504e-05,0.10849999636411667,0.006500000134110451,0.11500000208616257,0.005249999929219484,0.0377499982714653,0.0,0.0022499999031424522,0.5422492027282715,-0.9369398355484009,-0.8280483484268188,-0.9370524883270264,-0.12336581
68,68,-0.18446692760991984,-0.35984122908312227,-0.06546692760991984,0.16815877091687775,0.1804530156216777,0.1645517520350499,0.7214109897613525,0.5982382297515869,-1.0,0.8860465288162231,0.3084745705127716,0.17299999296665192,0.032875001430511475,0.19449999928474426,-0.2554999887943268,0.0004568000149447471,0.00013133000175002962,0.0,7.423000351991504e-05,0.051500000059604645,0.006500000134110451,0.057999998331069946,0.005249999929219484,0.008500000461935997,-0.0002500000118743628,0.002749999985098839,0.417080283164978,-0.4741586148738861,-0.6199673414230347,-0.6666526794433594,-0.098396085
69,69,-0.19076812307099905,-0.3580246192677195,-0.07176812307099906,0.16997538073228052,0.18450553797709648,0.15801656972589123,0.7337978482246399,0.5934894680976868,-1.0,0.8860465288162231,0.3084745705127716,0.18162499368190765,0.025499999523162842,0.19824999570846558,-0.2669999897480011,0.00026837000041268766,9.707000572234392e-05,0.0,6.28100024187006e-05,0.03200000151991844,0.005499999970197678,0.03750000149011612,0.0035000001080334187,0.005499999970197678,-0.0002500000118743628,0.0010000000474974513,-0.17243696749210358,0.5731414556503296,-0.2909775972366333,0.9554076194763184,-0.05891731
70,70,-0.19284106604870316,-0.3597139518295507,-0.07384106604870316,0.16828604817044934,0.18377349385598496,0.15917756504926062,0.7191439270973206,0.5965684652328491,-1.0,0.8860465288162231,0.3084745705127716,0.17949999868869781,0.026499999687075615,0.2018750011920929,-0.2542499899864197,0.00013133000175002962,0.00043967002420686185,0.0,0.0001541700039524585,0.05000000074505806,0.013500000350177288,0.06350000202655792,0.001500000013038516,0.02474999986588955,0.0,0.011250000447034836,0.45904576778411865,-0.95672208070755,-0.7868685126304626,0.5880796909332275,-0.11842423
71,71,-0.2009880384017909,-0.3598928839108908,-0.08198803840179092,0.16810711608910922,0.18703486552183468,0.15406993516275197,0.714323103427887,0.5937051773071289,-1.0,0.8860465288162231,0.3084745705127716,0.1861249953508377,0.017000000923871994,0.2056249976158142,-0.24287499487400055,0.00042825000127777457,0.00011991000064881518,0.0,0.0001598800008650869,0.04800000041723251,0.014000000432133675,0.06199999898672104,0.005249999929219484,0.00800000037997961,0.0,0.010499999858438969,-0.9690538048744202,-0.9298667311668396,0.5382109880447388,0.876642644405365,0.0
72,72,-0.20568116270428116,-0.3570157459709704,-0.08668116270428117,0.17098425402902961,0.19170091051852048,0.14704610452018652,0.6953766345977783,0.5934019088745117,-1.0,0.8860465288162231,0.3084745705127716,0.1704999953508377,0.0031250000465661287,0.21562500298023224,-0.22237500548362732,8.565000462112948e-05,7.423000351991504e-05,0.0,7.423000351991504e-05,0.014000000432133675,0.006500000134110451,0.020500000566244125,0.0002500000118743628,0.0010000000474974513,0.0,0.0022499999031424522,-0.6577169895172119,-0.8880642056465149,-0.6490455865859985,-0.866943359375,-0.101885475
73,73,-0.20204311438768613,-0.36274154296591116,-0.08304311438768613,0.16525845703408887,0.18495003776288912,0.15731574514772478,0.6844624280929565,0.5982784032821655,-1.0,0.8860465288162231,0.3084745705127716,0.15837499499320984,-0.013000000268220901,0.21950000524520874,-0.23737500607967377,0.0,7.423000351991504e-05,0.0,0.0,0.006500000134110451,0.0,0.006500000134110451,0.0,0.0,-0.0002500000118743628,-0.0002500000118743628,0.7337533831596375,-0.8641232848167419,-0.761890172958374,0.07144902646541595,-0.13085294
74,74,-0.19778519077551243,-0.36303694730074365,-0.07878519077551244,0.16496305269925637,0.18281114583468788,0.160716801724488,0.6929230093955994,0.5885736346244812,-1.0,0.8860465288162231,0.3084745705127716,0.17225000262260437,-0.028999999165534973,0.22325000166893005,-0.23362499475479126,1.1420000191719737e-05,0.0,0.0,0.0,0.0010000000474974513,0.0,0.0010000000474974513,-0.0002500000118743628,-0.0002500000118743628,-0.0002500000118743628,-0.0002500000118743628,-0.30163273215293884,0.9794628024101257,-0.39695796370506287,-0.9273287653923035,-0.26711035
75,75,-0.18621649103528404,-0.36879667110522596,-0.06721649103528404,0.15920332889477407,0.17281133237804175,0.17761920397490497,0.702825129032135,0.5880729556083679,-1.0,0.8860465288162231,0.3084745705127716,0.17550000548362732,-0.013875000178813934,0.22687500715255737,-0.23112499713897705,0.00010278000263497233,0.00010848999954760075,0.0,7.423000351991504e-05,0.01850000023841858,0.006500000134110451,0.02500000037252903,0.000750000006519258,0.006000000052154064,0.0,0.0022499999031424522,0.11380598694086075,-0.07734327018260956,0.4833987355232239,-0.41134607791900635,0.0
76,76,-0.19586644204207587,-0.3640420021826135,-0.07686644204207588,0.1639579978173865,0.18108195647411682,0.16352006658954846,0.7297291159629822,0.5783107280731201,-1.0,0.8860465288162231,0.3084745705127716,0.17749999463558197,-0.013875000178813934,0.2358749955892563,-0.23749999701976776,0.00010848999954760075,8.565000462112948e-05,0.0,0.0,0.017000000923871994,0.0,0.017000000923871994,0.0010000000474974513,0.0032500000670552254,0.0,-0.0002500000118743628,0.17275187373161316,0.11541327089071274,-0.9515857100486755,-0.29411038756370544,-0.19748355
77,77,-0.19912127705511978,-0.36215345855391157,-0.08012127705511979,0.16584654144608846,0.18418603189865512,0.15852224968002301,0.7072873711585999,0.586369514465332,-1.0,0.8860465288162231,0.3084745705127716,0.18037499487400055,-0.013875000178813934,0.2395000010728836,-0.23524999618530273,0.0001256200048374012,0.00013133000175002962,6.851999933132902e-05,7.423000351991504e-05,0.02250000089406967,0.012500000186264515,0.03500000014901161,0.001500000013038516,0.007499999832361937,0.0002500000118743628,0.002749999985098839,-0.11282080411911011,0.7637754678726196,-0.6526615619659424,0.6803677678108215,0.0
78,78,-0.19042426184307742,-0.3663831391905941,-0.07142426184307743,0.1616168608094059,0.17669588245829435,0.17085178980627883,0.6997179388999939,0.5895704030990601,-1.0,0.8860465288162231,0.3084745705127716,0.17862500250339508,-0.003000000026077032,0.22750000655651093,-0.2241249978542328,9.707000572234392e-05,0.00021127000218257308,0.0,9.13600015337579e-05,0.027000000700354576,0.00800000037997961,0.03500000014901161,0.0010000000474974513,0.01425000000745058,0.0,0.006000000052154064,0.6930498480796814,-0.6328567266464233,-0.8860079050064087,-0.9212536215782166,-0.13032097
79,79,-0.19194460587555495,-0.36569410400424235,-0.07294460587555496,0.16230589599575768,0.17794414685885498,0.16873236327986538,0.7199435830116272,0.5824014544487,-1.0,0.8860465288162231,0.3084745705127716,0.19087499380111694,-0.008750000037252903,0.23125000298023224,-0.23862500488758087,0.00016558999777771533,7.994000043254346e-05,0.0,6.851999933132902e-05,0.0215000007301569,0.006000000052154064,0.027499999850988388,0.0022499999031424522,0.0022499999031424522,0.0,0.0005000000237487257,0.798427402973175,0.8166017532348633,0.4888678789138794,0.0270656980574131,0.0
80,80,-0.18740504993569235,-0.366744634300049,-0.06840504993569235,0.16125536569995103,0.17516433376612234,0.1734886086995184,0.7164078950881958,0.5835692882537842,-1.0,0.8860465288162231,0.3084745705127716,0.20412500202655792,-0.006124999839812517,0.24037499725818634,-0.23874999582767487,0.0004739300056826323,0.0005024800193496048,0.0,7.423000351991504e-05,0.08550000190734863,0.006500000134110451,0.09200000017881393,0.005499999970197678,0.027499999850988388,0.0,0.0017500000540167093,-0.18356838822364807,-0.2684551477432251,0.9040462374687195,-0.5579911470413208,0.0
81,81,-0.18636939633837363,-0.36497116468513235,-0.06736939633837363,0.16302883531486767,0.176400217423673,0.17135768632077678,0.7269650101661682,0.5817887783050537,-1.0,0.8860465288162231,0.3084745705127716,0.203125,-0.005750000011175871,0.25737500190734863,-0.2486249953508377,0.00010848999954760075,0.00026266000350005925,0.0,6.851999933132902e-05,0.032499998807907104,0.006000000052154064,0.03849999979138374,0.000750000006519258,0.016750000417232513,-0.0002500000118743628,0.000750000006519258,-0.5487430691719055,0.6137832403182983,0.4560315012931824,-0.34299302101135254,0.0
82,82,-0.18894024682802574,-0.363626094246242,-0.06994024682802574,0.16437390575375804,0.17863487626751529,0.16757089514362736,0.7293735146522522,0.5847946405410767,-1.0,0.8860465288162231,0.3084745705127716,0.1926250010728836,0.0043750000186264515,0.265749990940094,-0.2551249861717224,0.00011420000373618677,0.0003197600017301738,0.0,6.851999933132902e-05,0.03799999877810478,0.006000000052154064,0.04399999976158142,0.0012499999720603228,0.019500000402331352,0.0,0.0010000000474974513,0.21925903856754303,0.24740266799926758,0.9635716080665588,0.37078583240509033,0.0
83,83,-0.18911948440109255,-0.3642112750233898,-0.07011948440109256,0.16378872497661023,0.1781670242276576,0.16835671580037814,0.7233947515487671,0.5870743989944458,-1.0,0.8860465288162231,0.3084745705127716,0.19474999606609344,0.0044999998062849045,0.2837499976158142,-0.2528750002384186,0.0003939900198020041,0.0005367400008253753,0.0,0.00014275001012720168,0.08150000125169754,0.012500000186264515,0.09399999678134918,0.004999999888241291,0.02850000001490116,0.0,0.010250000283122063,0.6061100959777832,-0.14117904007434845,-0.028227219358086586,0.07417485117912292,-0.027387269
84,84,-0.18462637490653083,-0.3655730253648891,-0.06562637490653084,0.1624269746351109,0.17518374117619337,0.17345494232079334,0.7229779362678528,0.5860825777053833,-1.0,0.8860465288162231,0.3084745705127716,0.20487500727176666,0.0042500002309679985,0.2874999940395355,-0.2527500092983246,0.000673780043143779,0.0004054100136272609,0.0,0.0001827200030675158,0.09449999779462814,0.01600000075995922,0.11050000041723251,0.007249999791383743,0.023749999701976776,0.0,0.012749999761581421,0.42138850688934326,-0.22439031302928925,0.6053741574287415,-0.7346356511116028,0.0
85,85,-0.18601131681388483,-0.36441675978766364,-0.06701131681388484,0.1635832402123364,0.17677667566593108,0.17071380891209037,0.7334270477294922,0.5837745070457458,-1.0,0.8860465288162231,0.3084745705127716,0.2121250033378601,0.004124999977648258,0.29875001311302185,-0.2615000009536743,0.0008279500179924071,0.00023411000438500196,0.0,7.423000351991504e-05,0.09300000220537186,0.006500000134110451,0.09950000047683716,0.008500000461935997,0.01575000025331974,0.0,0.002749999985098839,-0.7754735946655273,0.4671703279018402,-0.9036344289779663,0.20215335488319397,-0.13243614
86,86,-0.18830582491634318,-0.36389492589151595,-0.06930582491634318,0.16410507410848407,0.17813975613401367,0.16840262972694017,0.7302062511444092,0.5857343077659607,-1.0,0.8860465288162231,0.3084745705127716,0.20125000178813934,0.007249999791383743,0.3023749887943268,-0.26100000739097595,0.00011420000373618677,0.0004625100118573755,7.423000351991504e-05,0.00013703999866265804,0.05050000175833702,0.01850000023841858,0.0689999982714653,0.0012499999720603228,0.027000000700354576,0.0002500000118743628,0.00925000011920929,0.8619726896286011,0.44954562187194824,-0.23515863716602325,0.8543033003807068,0.0
87,87,-0.1899319183497783,-0.3647813832334774,-0.0709319183497783,0.1632186167665226,0.17796531656465142,0.16869664691563366,0.7248701453208923,0.5866187810897827,-1.0,0.8860465288162231,0.3084745705127716,0.21275000274181366,0.007625000085681677,0.2982499897480011,-0.2511250078678131,0.0010848999954760075,0.0009764100541360676,-6.28100024187006e-05,0.00032546999864280224,0.18050000071525574,0.03400000184774399,0.21449999511241913,0.010499999858438969,0.0430000014603138,-0.0002500000118743628,0.0215000007301569,0.7856593132019043,0.5870156288146973,0.42103785276412964,0.3421264886856079,-0.047139563
88,88,-0.19200598358670135,-0.36427395417042974,-0.07300598358670135,0.1637260458295703,0.17926542255116645,0.16651760731523865,0.7210885882377625,0.5851163268089294,-1.0,0.8860465288162231,0.3084745705127716,0.21762500703334808,0.007499999832361937,0.3058750033378601,-0.24824999272823334,0.0017415500478819013,0.0018443299923092127,7.423000351991504e-05,0.0004967700224369764,0.3140000104904175,0.05000000074505806,0.36399999260902405,0.015250000171363354,0.06525000184774399,0.0002500000118743628,0.02850000001490116,0.7716725468635559,-0.1946224570274353,-0.9125626087188721,0.8666883111000061,-0.0416518
89,89,-0.19210156364283892,-0.3640040708415566,-0.07310156364283893,0.1639959291584434,0.1795508378915822,0.16604301811683037,0.7162651419639587,0.5859763622283936,-1.0,0.8860465288162231,0.3084745705127716,0.22362500429153442,0.007249999791383743,0.289000004529953,-0.23649999499320984,0.0023011299781501293,0.0015531200915575027,0.0,0.0007480100030079484,0.3375000059604645,0.06549999862909317,0.40299999713897705,0.01899999938905239,0.05849999934434891,0.0,0.03750000149011612,-0.4404934346675873,0.40175384283065796,-0.16165126860141754,-0.8067973852157593,-0.043398157
90,90,-0.19278038389051122,-0.36452953580816966,-0.07378038389051123,0.16347046419183037,0.17934920604821114,0.1663781514692849,0.7160428762435913,0.5864337682723999,-1.0,0.8860465288162231,0.3084745705127716,0.22224999964237213,0.007249999791383743,0.2927500009536743,-0.23649999499320984,0.000433959998190403,0.0022154799662530422,6.851999933132902e-05,0.00010848999954760075,0.23199999332427979,0.01549999974668026,0.2475000023841858,0.005249999929219484,0.07349999994039536,0.0,0.007249999791383743,0.25136300921440125,-0.902118444442749,-0.9729897975921631,0.835372805595398,0.0
91,91,-0.19351448995107928,-0.36313661789118734,-0.07451448995107929,0.16486338210881268,0.18092082238655083,0.16378376555423907,0.7144642472267151,0.585543155670166,-1.0,0.8860465288162231,0.3084745705127716,0.22237500548362732,0.007249999791383743,0.2746250033378601,-0.23487499356269836,0.0015759600792080164,0.0008507900056429207,0.0,0.0006909100338816643,0.21250000596046448,0.060499999672174454,0.27300000190734863,0.01425000000745058,0.03974999859929085,0.0,0.03525000065565109,-0.7873250246047974,0.06048377603292465,-0.8806769251823425,-0.2616277039051056,-0.12968123
92,92,-0.19732715349166285,-0.36012963578785717,-0.07832715349166286,0.16787036421214285,0.1852447088443392,0.15685286346437527,0.7127569913864136,0.5879040360450745,-1.0,0.8860465288162231,0.3084745705127716,0.2134999930858612,0.007499999832361937,0.2782500088214874,-0.23199999332427979,0.00019985000835731626,0.0009078900329768658,7.423000351991504e-05,0.0002797899942379445,0.09700000286102295,0.03099999949336052,0.12800000607967377,0.0024999999441206455,0.04149999842047691,0.0002500000118743628,0.019750000908970833,-0.8066010475158691,0.7346293926239014,-0.3636344373226166,0.4672396183013916,0.0
93,93,-0.19382463218082208,-0.3611194852921696,-0.07482463218082208,0.16688051470783044,0.18288748390785448,0.1605941604317522,0.703890323638916,0.593000590801239,-1.0,0.8860465288162231,0.3084745705127716,0.1979999989271164,0.016249999403953552,0.27175000309944153,-0.22300000488758087,0.00026266000350005925,0.001261910074390471,-7.423000351991504e-05,0.00025695000658743083,0.13349999487400055,0.028999999165534973,0.16249999403953552,0.0035000001080334187,0.051500000059604645,-0.0002500000118743628,0.01924999989569187,0.13832376897335052,-0.9459133744239807,-0.7286601066589355,-0.9233546853065491,0.0
94,94,-0.19019778685469363,-0.36136233198755324,-0.07119778685469363,0.16663766801244678,0.18121047777000318,0.16331004347205863,0.7120357155799866,0.5913228988647461,-1.0,0.8860465288162231,0.3084745705127716,0.19850000739097595,0.016249999403953552,0.2581250071525574,-0.23212499916553497,0.0006852000369690359,0.00023411000438500196,0.0,7.994000043254346e-05,0.08049999922513962,0.007000000216066837,0.08749999850988388,0.007499999832361937,0.016249999403953552,-0.0002500000118743628,0.003000000026077032,-0.44447723031044006,0.16493122279644012,-0.9606824517250061,-0.8250217437744141,-0.1392819
95,95,-0.18639577642304211,-0.3626073640685808,-0.06739577642304212,0.16539263593141923,0.17859707360426616,0.16763425337961782,0.7204702496528625,0.590911328792572,-1.0,0.8860465288162231,0.3084745705127716,0.19337500631809235,0.016750000417232513,0.2618750035762787,-0.24662500619888306,0.00011420000373618677,0.0003368900215718895,0.0,6.851999933132902e-05,0.039500001817941666,0.006000000052154064,0.045499999076128006,0.0012499999720603228,0.021250000223517418,-0.0002500000118743628,0.0012499999720603228,-0.5289397239685059,-0.14160749316215515,0.7300313711166382,-0.5404754281044006,0.0
96,96,-0.1869809005481533,-0.36192797802364507,-0.06798090054815331,0.16607202197635496,0.1794472605604578,0.16621509014193617,0.7293121218681335,0.5888010859489441,-1.0,0.8860465288162231,0.3084745705127716,0.18387499451637268,0.017625000327825546,0.27537500858306885,-0.2563750147819519,9.13600015337579e-05,0.00019985000835731626,6.28100024187006e-05,6.851999933132902e-05,0.025499999523162842,0.011500000022351742,0.03700000047683716,0.0005000000237487257,0.01425000000745058,0.0,0.0005000000237487257,0.2983228862285614,0.3152925372123718,0.2963767349720001,0.18712615966796875,0.0
97,97,-0.19196750119871298,-0.3600715716572091,-0.07296750119871298,0.16792842834279093,0.18309618586104967,0.1602593467850514,0.7279514074325562,0.5899525880813599,-1.0,0.8860465288162231,0.3084745705127716,0.1873749941587448,0.01850000023841858,0.28087499737739563,-0.25612500309944153,0.00034831001539714634,0.0004054100136272609,1.7129999832832254e-05,0.00010278000263497233,0.06599999964237213,0.010499999858438969,0.07649999856948853,0.0044999998062849045,0.024250000715255737,0.0,0.007000000216066837,-0.08415868133306503,-0.38794633746147156,-0.17478853464126587,0.7905179262161255,-0.044974625
98,98,-0.18913195353853696,-0.3622430959851965,-0.07013195353853696,0.16575690401480353,0.17998289400858156,0.16532716665380465,0.7163546681404114,0.593099057674408,-1.0,0.8860465288162231,0.3084745705127716,0.1873749941587448,0.01850000023841858,0.28462499380111694,-0.2434999942779541,0.0001256200048374012,0.00014275001012720168,5.7100001868093386e-05,0.0001598800008650869,0.023499999195337296,0.01899999938905239,0.042500000447034836,0.001500000013038516,0.009750000201165676,0.0,0.011250000447034836,0.6108313798904419,-0.36356934905052185,-0.7350682020187378,-0.5180116295814514,0.0
99,99,-0.18282714867725758,-0.3666581764672777,-0.06382714867725758,0.1613418235327223,0.1735081811590821,0.17638576929565267,0.7229489684104919,0.5894184708595276,-1.0,0.8860465288162231,0.3084745705127716,0.1967500001192093,0.012625000439584255,0.2708750069141388,-0.24824999272823334,0.00044538002111949027,0.00011991000064881518,0.0,6.851999933132902e-05,0.0494999997317791,0.006000000052154064,0.05550000071525574,0.005499999970197678,0.00800000037997961,0.0,0.001500000013038516,0.6952602863311768,-0.5843591690063477,-0.9006820321083069,-0.978096604347229,-0.13208185
100,100,-0.18183455134890802,-0.36614096793245626,-0.06283455134890803,0.16185903206754376,0.17362755283957879,0.17617534026001322,0.7376112937927246,0.5819352865219116,-1.0,0.8860465288162231,0.3084745705127716,0.210875004529953,0.0024999999441206455,0.2746250033378601,-0.26637500524520874,0.00025695000658743083,0.00010848999954760075,4.568000076687895e-05,6.851999933132902e-05,0.03200000151991844,0.009999999776482582,0.041999999433755875,0.0032500000670552254,0.006500000134110451,0.0,0.0012499999720603228,-0.018869513645768166,-0.11198882013559341,-0.8717852830886841,-0.21928425133228302,-0.12861425
101,101,-0.17378813221497447,-0.3690732210373797,-0.05478813221497447,0.1589267789626203,0.1681055040831177,0.18617744757582624,0.7399196624755859,0.5828118920326233,-1.0,0.8860465288162231,0.3084745705127716,0.210875004529953,0.0024999999441206455,0.2783749997615814,-0.2698749899864197,0.00021127000218257308,8.565000462112948e-05,0.0,6.851999933132902e-05,0.026000000536441803,0.006000000052154064,0.03200000151991844,0.002749999985098839,0.0024999999441206455,0.0,0.0002500000118743628,0.7921180725097656,0.8235961198806763,-0.9288564920425415,-0.953188419342041,-0.13546279
102,102,-0.16922588535405025,-0.3690430675702108,-0.05022588535405026,0.1589569324297892,0.16670316711774485,0.18880667497080592,0.758632242679596,0.5778419971466064,-1.0,0.8860465288162231,0.3084745705127716,0.22362500429153442,0.0032500000670552254,0.28200000524520874,-0.288875013589859,0.0006223900127224624,0.0006052600219845772,4.568000076687895e-05,7.423000351991504e-05,0.10750000178813934,0.010499999858438969,0.11800000071525574,0.006750000175088644,0.03175000101327896,0.0002500000118743628,0.002749999985098839,-0.7810407280921936,-0.639777660369873,-0.3388001322746277,-0.8137129545211792,0.0
103,103,-0.171936294871049,-0.36771637081897046,-0.052936294871049006,0.16028362918102956,0.1687989724438998,0.184890832173436,0.7692421078681946,0.577893078327179,-1.0,0.8860465288162231,0.3084745705127716,0.2121250033378601,0.0037499999161809683,0.2758750021457672,-0.30287501215934753,9.707000572234392e-05,0.00011420000373618677,0.0,5.7100001868093386e-05,0.01850000023841858,0.004999999888241291,0.023499999195337296,0.0005000000237487257,0.007000000216066837,0.0,0.0002500000118743628,0.7200069427490234,0.2982243299484253,0.18098711967468262,0.31916186213493347,-0.0022815461
104,104,-0.17012984200916903,-0.3682096044918396,-0.051129842009169035,0.15979039550816043,0.16777136597327008,0.18680057785823065,0.7629388570785522,0.5801417231559753,-1.0,0.8860465288162231,0.3084745705127716,0.22312499582767487,0.0036249998956918716,0.2796249985694885,-0.30149999260902405,0.0004682200087700039,0.00027407999732531607,0.0,0.0001256200048374012,0.06499999761581421,0.010999999940395355,0.07599999755620956,0.005499999970197678,0.0182499997317791,0.0,0.00925000011920929,0.20635093748569489,0.8752078413963318,-0.45589813590049744,0.005882269702851772,-0.078707784
105,105,-0.1738140925506172,-0.367975531015485,-0.0548140925506172,0.160024468984515,0.16915204821675567,0.18423917853133956,0.7671399116516113,0.5793057680130005,-1.0,0.8860465288162231,0.3084745705127716,0.22550000250339508,0.005874999798834324,0.28325000405311584,-0.30149999260902405,0.0007936900365166366,0.001119159976951778,3.997000021627173e-05,0.0001256200048374012,0.16750000417232513,0.014499999582767487,0.18199999630451202,0.008249999955296516,0.04650000110268593,0.0002500000118743628,0.00925000011920929,0.3657592535018921,0.8721215128898621,-0.9859196543693542,0.5507928133010864,-0.19463767
106,106,-0.17682865488779903,-0.3674977501396458,-0.057828654887799036,0.16050224986035422,0.17060224364400292,0.18158663044184828,0.7585718631744385,0.5797024965286255,-1.0,0.8860465288162231,0.3084745705127716,0.2306250035762787,0.006124999839812517,0.28700000047683716,-0.29587501287460327,0.0011933899950236082,0.0017072900664061308,6.851999933132902e-05,0.00026837000041268766,0.2540000081062317,0.029500000178813934,0.28349998593330383,0.011500000022351742,0.06224999949336052,0.0002500000118743628,0.01850000023841858,0.26033350825309753,-0.9817491173744202,-0.894598126411438,0.7551127672195435,0.0
107,107,-0.17372643782721953,-0.36868287635391794,-0.05472643782721953,0.15931712364608208,0.16845453061321186,0.18552877157491468,0.7515612840652466,0.580512285232544,-1.0,0.8860465288162231,0.3084745705127716,0.2342499941587448,0.005874999798834324,0.27037501335144043,-0.2841250002384186,0.0015930900117382407,0.00044538002111949027,0.0,0.0003368900215718895,0.1784999966621399,0.029500000178813934,0.20800000429153442,0.014000000432133675,0.026000000536441803,0.0,0.023250000551342964,-0.49735456705093384,-0.11018353700637817,-0.0028611640445888042,-0.7893722057342529,-0.024343342
108,108,-0.17638888624528287,-0.36715919086519927,-0.05738888624528288,0.16084080913480076,0.17077250992947146,0.18127771269730278,0.7587757110595703,0.5785036087036133,-1.0,0.8860465288162231,0.3084745705127716,0.23074999451637268,0.006124999839812517,0.27399998903274536,-0.28824999928474426,0.00021127000218257308,0.00034260001848451793,7.423000351991504e-05,6.851999933132902e-05,0.048500001430511475,0.012500000186264515,0.061000000685453415,0.0024999999441206455,0.0215000007301569,0.0002500000118743628,0.0020000000949949026,-0.4250311851501465,0.6724467277526855,0.17238619923591614,-0.0377868115901947,0.0
109,109,-0.17411803697232076,-0.3641299821441208,-0.05511803697232076,0.16387001785587924,0.17289123966172576,0.17747732998508234,0.7525839805603027,0.5810860991477966,-1.0,0.8860465288162231,0.3084745705127716,0.22312499582767487,0.008999999612569809,0.2771250009536743,-0.28824999928474426,0.00017130000924225897,0.0008907600422389805,7.423000351991504e-05,6.851999933132902e-05,0.09300000220537186,0.012500000186264515,0.1054999977350235,0.0020000000949949026,0.04075000062584877,0.0002500000118743628,0.000750000006519258,-0.540557861328125,0.844113826751709,-0.9365293383598328,-0.3561380207538605,0.0
110,110,-0.16867385250070988,-0.3648896761368808,-0.04967385250070988,0.16311032386311924,0.17050650830098518,0.1817605562663345,0.7578650116920471,0.586220383644104,-1.0,0.8860465288162231,0.3084745705127716,0.21262499690055847,0.0215000007301569,0.25987499952316284,-0.2955000102519989,0.00022269001055974513,0.0011248700320720673,0.0,6.851999933132902e-05,0.11800000071525574,0.006000000052154064,0.12399999797344208,0.002749999985098839,0.04724999889731407,-0.0002500000118743628,0.0020000000949949026,0.3178788721561432,0.4204118251800537,0.9453782439231873,-0.8202610015869141,0.0
111,111,-0.1749458017965687,-0.36259733178946585,-0.05594580179656872,0.16540266821053418,0.17460806221313208,0.17445636566022416,0.7705259323120117,0.5849327445030212,-1.0,0.8860465288162231,0.3084745705127716,0.21537500619888306,0.023125000298023224,0.2773750126361847,-0.3108749985694885,0.0008736300515010953,0.0016102200606837869,3.425999966566451e-05,7.423000351991504e-05,0.2175000011920929,0.009499999694526196,0.22699999809265137,0.008999999612569809,0.05974999815225601,0.0,0.0020000000949949026,-0.910305917263031,-0.7225208282470703,-0.8291985988616943,0.8500164747238159,-0.12350385
112,112,-0.1760956679021714,-0.3589196174796218,-0.05709566790217141,0.16908038252037821,0.17846033465852423,0.167863631479249,0.7559400200843811,0.5888180732727051,-1.0,0.8860465288162231,0.3084745705127716,0.20225000381469727,0.023624999448657036,0.2809999883174896,-0.29787498712539673,0.0001256200048374012,0.0006052600219845772,7.423000351991504e-05,0.00010278000263497233,0.06400000303983688,0.01549999974668026,0.0794999971985817,0.0012499999720603228,0.03175000101327896,0.0002500000118743628,0.00774999987334013,-0.7662051916122437,0.907437264919281,-0.27949613332748413,-0.0023603395093232393,0.0
113,113,-0.17245434655705105,-0.3623392732344821,-0.05345434655705106,0.1656607267655179,0.17407137489639385,0.17539516781061587,0.753265917301178,0.5950514674186707,-1.0,0.8860465288162231,0.3084745705127716,0.1875,0.038750000298023224,0.2759999930858612,-0.29774999618530273,0.00016558999777771533,0.0007137500215321779,0.0,0.00010278000263497233,0.07699999958276749,0.008999999612569809,0.0860000029206276,0.0022499999031424522,0.03550000116229057,0.0,0.007499999832361937,0.8435239195823669,-0.9888514876365662,-0.4917653203010559,-0.5007392764091492,-0.08301184
114,114,-0.17263488944055033,-0.3620379973892725,-0.05363488944055034,0.16596200261072752,0.17441355358991797,0.17479602856491006,0.7617340683937073,0.5892554521560669,-1.0,0.8860465288162231,0.3084745705127716,0.2004999965429306,0.03099999949336052,0.2797499895095825,-0.30387499928474426,0.0007308800122700632,0.00020556000526994467,5.7100000958598685e-06,6.851999933132902e-05,0.0820000022649765,0.006500000134110451,0.0885000005364418,0.00774999987334013,0.014000000432133675,0.0,0.0010000000474974513,0.5062398314476013,0.981726348400116,-0.6175951361656189,-0.04603965952992439,-0.09811142
115,115,-0.1739626481720049,-0.36174387940756525,-0.05496264817200491,0.16625612059243478,0.1751056547588507,0.1735904399666991,0.7613142132759094,0.5897660851478577,-1.0,0.8860465288162231,0.3084745705127716,0.20787499845027924,0.03125,0.28337499499320984,-0.3043749928474426,0.0012676200130954385,0.00148460001219064,6.851999933132902e-05,6.851999933132902e-05,0.2409999966621399,0.012000000104308128,0.2529999911785126,0.011749999597668648,0.05025000125169754,0.0002500000118743628,0.0005000000237487257,0.2905603349208832,0.15226317942142487,0.8399031758308411,0.5895847082138062,0.0
116,116,-0.17292948002850922,-0.36215185853820886,-0.053929480028509225,0.16584814146179117,0.17439608608703255,0.17482656373303124,0.7582263946533203,0.590264618396759,-1.0,0.8860465288162231,0.3084745705127716,0.21162499487400055,0.03112499974668026,0.29875001311302185,-0.30300000309944153,0.0017130000051110983,0.0017187100602313876,7.423000351991504e-05,0.00029121001716703176,0.3005000054836273,0.03200000151991844,0.33250001072883606,0.014999999664723873,0.0560000017285347,0.000750000006519258,0.019750000908970833,-0.6158427000045776,-0.9737092852592468,-0.9416378736495972,-0.379538357257843,0.0
117,117,-0.17322563956796755,-0.3632555983105932,-0.054225639567967554,0.16474440168940685,0.17343914746837222,0.17650757694140373,0.7606291174888611,0.5895731449127197,-1.0,0.8860465288162231,0.3084745705127716,0.20624999701976776,0.03125,0.2815000116825104,-0.30287501215934753,0.0002169799990952015,0.0002969200140796602,0.0,9.13600015337579e-05,0.04500000178813934,0.00800000037997961,0.05299999937415123,0.002749999985098839,0.01924999989569187,0.0,0.005499999970197678,0.7946368455886841,-0.2896108627319336,0.08626744151115417,-0.10836751759052277,-0.013647908
118,118,-0.17603189247866885,-0.36516526949248124,-0.057031892478668855,0.1628347305075188,0.17253343507608812,0.17811348943538094,0.7599403858184814,0.5877023935317993,-1.0,0.8860465288162231,0.3084745705127716,0.2162500023841858,0.02462499961256981,0.2851249873638153,-0.30287501215934753,0.0013704000739380717,0.00033117999555543065,5.7100001868093386e-05,7.423000351991504e-05,0.14900000393390656,0.011500000022351742,0.16050000488758087,0.012500000186264515,0.02174999937415123,0.0002500000118743628,0.001500000013038516,0.36568474769592285,-0.6229978203773499,0.9389413595199585,0.9706295132637024,0.0
119,119,-0.17111575009929958,-0.36931966000660055,-0.052115750099299585,0.15868033999339948,0.1670194650597154,0.1882104268010092,0.7534142136573792,0.5844656229019165,-1.0,0.8860465288162231,0.3084745705127716,0.2240000069141388,0.014750000089406967,0.30274999141693115,-0.29225000739097595,0.00107919005677104,0.00027407999732531607,0.0,0.00023411000438500196,0.1185000017285347,0.020500000566244125,0.13899999856948853,0.010499999858438969,0.0182499997317791,0.0,0.016499999910593033,0.7769317030906677,-0.4067400395870209,-0.8430942296981812,-0.9704827070236206,-0.12517132
120,120,-0.16498727899242538,-0.3718190566366896,-0.045987278992425384,0.1561809433633104,0.16281067808648406,0.19630086310058462,0.7648470997810364,0.5774242877960205,-1.0,0.8860465288162231,0.3084745705127716,0.2381249964237213,0.005625000223517418,0.30649998784065247,-0.3034999966621399,0.001164840068668127,0.0003368900215718895,0.0,7.994000043254346e-05,0.1315000057220459,0.007000000216066837,0.13850000500679016,0.011250000447034836,0.021250000223517418,0.0,0.002749999985098839,0.851887583732605,0.722608208656311,-0.41875165700912476,-0.5754380226135254,-0.0742502
121,121,-0.16310204159221298,-0.37308080587092,-0.04410204159221298,0.15491919412908,0.1610743517205792,0.1997390494318832,0.7790993452072144,0.573188066482544,-1.0,0.8860465288162231,0.3084745705127716,0.25049999356269836,0.005249999929219484,0.3101249933242798,-0.3153750002384186,0.0022040600888431072,0.0011705500073730946,6.851999933132902e-05,9.13600015337579e-05,0.2955000102519989,0.014000000432133675,0.3095000088214874,0.0182499997317791,0.04899999871850014,0.0002500000118743628,0.004999999888241291,0.8034432530403137,-0.9106243252754211,0.8959148526191711,-0.2480078488588333,-0.053894978
122,122,-0.1607740431045107,-0.37484324576032313,-0.041774043104510716,0.1531567542396769,0.1587515733671018,0.2044328470580095,0.783483624458313,0.5710494518280029,-1.0,0.8860465288162231,0.3084745705127716,0.257999986410141,-0.0021250001154839993,0.3269999921321869,-0.3188750147819519,0.0019413999980315566,0.0005253200070001185,0.0,7.994000043254346e-05,0.2160000056028366,0.007000000216066837,0.22300000488758087,0.016499999910593033,0.029750000685453415,0.0,0.002749999985098839,0.6754006147384644,-0.36686861515045166,-0.5895223617553711,-0.46875011920928955,-0.13448866
123,123,-0.16004219655100627,-0.37767104391646555,-0.04104219655100627,0.15032895608353447,0.15583086002103905,0.21049179605905252,0.7888975739479065,0.5680623054504395,-1.0,0.8860465288162231,0.3084745705127716,0.26487499475479126,-0.00800000037997961,0.3306249976158142,-0.32774999737739563,0.001764390035532415,0.000491060025524348,7.423000351991504e-05,8.565000462112948e-05,0.19750000536441803,0.014000000432133675,0.21150000393390656,0.01549999974668026,0.02775000035762787,0.0002500000118743628,0.003000000026077032,0.8212043642997742,-0.7246370315551758,0.45385831594467163,-0.32445216178894043,-0.04446329
124,124,-0.16139404421347459,-0.3772619967889844,-0.04239404421347459,0.1507380032110156,0.15658608046955574,0.20890810667304766,0.790599524974823,0.5632694363594055,-1.0,0.8860465288162231,0.3084745705127716,0.27524998784065247,-0.017999999225139618,0.33924999833106995,-0.3332499861717224,0.0012162299826741219,0.00034260001848451793,0.0,7.423000351991504e-05,0.13650000095367432,0.006500000134110451,0.14300000667572021,0.011500000022351742,0.020749999210238457,0.0,0.0020000000949949026,-0.4595820903778076,0.8412133455276489,0.5720568895339966,0.7411505579948425,0.0
125,125,-0.15768261370371217,-0.37793046516268153,-0.038682613703712176,0.1500695348373185,0.15497486857306822,0.2123013214744313,0.7874557375907898,0.5639626979827881,-1.0,0.8860465288162231,0.3084745705127716,0.2708750069141388,-0.017875000834465027,0.34975001215934753,-0.3251250088214874,0.00022840000747237355,0.0012790400069206953,7.423000351991504e-05,0.0001884299999801442,0.13199999928474426,0.023000000044703484,0.1550000011920929,0.0032500000670552254,0.052000001072883606,0.0002500000118743628,0.013500000350177288,0.5379756689071655,0.7227151989936829,-0.8801958560943604,-0.9960929155349731,0.0
126,126,-0.15265080643929274,-0.3765803985296142,-0.033650806439292746,0.1514196014703858,0.15511374047280663,0.21200669921724202,0.7960869669914246,0.5628297328948975,-1.0,0.8860465288162231,0.3084745705127716,0.27524998784065247,-0.017999999225139618,0.33375000953674316,-0.3382500112056732,0.0015873800730332732,0.0024438800755888224,-7.423000351991504e-05,7.994000043254346e-05,0.3529999852180481,0.013500000350177288,0.36649999022483826,0.014499999582767487,0.07925000041723251,-0.000750000006519258,0.0024999999441206455,-0.9209800958633423,0.5396102666854858,0.5067769885063171,-0.9256831407546997,-0.10396103
127,127,-0.14818719258134289,-0.3750989355086642,-0.02918719258134289,0.15290106449133584,0.1556619019971298,0.21084773945095017,0.8077888488769531,0.5651179552078247,-1.0,0.8860465288162231,0.3084745705127716,0.2639999985694885,-0.01075000036507845,0.34287500381469727,-0.3551250100135803,0.00017701000615488738,0.0010335100814700127,0.0,6.851999933132902e-05,0.10599999874830246,0.006000000052154064,0.1120000034570694,0.0024999999441206455,0.04600000008940697,0.0,0.0017500000540167093,-0.2739044725894928,0.8334742188453674,-0.9414928555488586,-0.877478837966919,-0.13697915
128,128,-0.1499963097588104,-0.3728428629554604,-0.030996309758810403,0.15515713704453965,0.15822297050214354,0.20551634612509373,0.8181692957878113,0.5676289200782776,-1.0,0.8860465288162231,0.3084745705127716,0.25850000977516174,-0.0016250000335276127,0.3465000092983246,-0.3712500035762787,0.00022269001055974513,0.0015359900426119566,5.7100000958598685e-06,6.851999933132902e-05,0.15399999916553497,0.006500000134110451,0.16050000488758087,0.0032500000670552254,0.05900000035762787,0.0002500000118743628,0.0012499999720603228,-0.38720378279685974,0.5572395920753479,0.42723366618156433,0.03815319389104843,0.0
129,129,-0.1460816893691405,-0.3725404440779842,-0.027081689369140516,0.15545955592201582,0.1578007966600834,0.2063858164262939,0.8139620423316956,0.571452796459198,-1.0,0.8860465288162231,0.3084745705127716,0.2512499988079071,0.006750000175088644,0.35462498664855957,-0.3713749945163727,0.00025695000658743083,0.0016616100911051035,6.851999933132902e-05,7.994000043254346e-05,0.1679999977350235,0.013000000268220901,0.1809999942779541,0.0032500000670552254,0.06300000101327896,0.0,0.002749999985098839,-0.9596463441848755,-0.903950572013855,-0.823236882686615,-0.6004562973976135,0.0
130,130,-0.15084754069531597,-0.36777834527552306,-0.03184754069531598,0.16022165472447697,0.16335618901954502,0.19523293590877167,0.8230658173561096,0.5719653367996216,-1.0,0.8860465288162231,0.3084745705127716,0.2342499941587448,0.010874999687075615,0.33924999833106995,-0.3815000057220459,0.00013703999866265804,0.00032546999864280224,0.0,5.7100001868093386e-05,0.04050000011920929,0.004999999888241291,0.045499999076128006,0.001500000013038516,0.020999999716877937,0.0,0.0005000000237487257,-0.4336923658847809,0.8869937658309937,-0.5336723327636719,0.7051121592521667,-0.08804068
131,131,-0.1489341164040759,-0.369160492441365,-0.029934116404075894,0.15883950755863502,0.16163551740370197,0.19862132151658884,0.8119824528694153,0.5800366997718811,-1.0,0.8860465288162231,0.3084745705127716,0.22587500512599945,0.020999999716877937,0.34299999475479126,-0.37187498807907104,0.00016558999777771533,0.0006566499941982329,3.997000021627173e-05,0.00010848999954760075,0.07199999690055847,0.013000000268220901,0.08500000089406967,0.0020000000949949026,0.03400000184774399,0.0,0.007499999832361937,0.9156248569488525,-0.004260037560015917,-0.9063579440116882,-0.5775078535079956,-0.13276295
132,132,-0.14275083564702035,-0.3697652037456337,-0.023750835647020352,0.15823479625436632,0.1600073527672794,0.20188167355928713,0.8164322972297668,0.5776940584182739,-1.0,0.8860465288162231,0.3084745705127716,0.23774999380111694,0.020749999210238457,0.3466250002384186,-0.37975001335144043,0.001330430037342012,0.0006680700462311506,6.851999933132902e-05,6.851999933132902e-05,0.17499999701976776,0.012000000104308128,0.18700000643730164,0.012500000186264515,0.03449999913573265,0.0002500000118743628,0.0017500000540167093,-0.6016606092453003,0.31296733021736145,0.876654863357544,-0.7197631001472473,0.0
133,133,-0.14833379056412505,-0.3673145801956922,-0.02933379056412505,0.16068541980430784,0.1633409789567413,0.19526263321936949,0.8308120369911194,0.5766691565513611,-1.0,0.8860465288162231,0.3084745705127716,0.2316250056028366,0.022749999538064003,0.3631249964237213,-0.39274999499320984,0.00017701000615488738,0.000925020023714751,0.0,6.28100024187006e-05,0.09650000184774399,0.005499999970197678,0.10199999809265137,0.0022499999031424522,0.041999999433755875,0.0,0.0010000000474974513,-0.11579359322786331,0.7859010100364685,-0.8507812023162842,0.755241870880127,-0.12609376
134,134,-0.1426647083975413,-0.3680148633087981,-0.023664708397541312,0.1599851366912019,0.1617258865662613,0.19844191017014548,0.8178284168243408,0.580822765827179,-1.0,0.8860465288162231,0.3084745705127716,0.2291249930858612,0.02775000035762787,0.36675000190734863,-0.38337498903274536,0.00022840000747237355,0.0016501900972798467,7.423000351991504e-05,0.00014275001012720168,0.16449999809265137,0.01899999938905239,0.1835000067949295,0.003000000026077032,0.061250001192092896,0.0002500000118743628,0.010499999858438969,0.5609390735626221,-0.8846607208251953,-0.14123237133026123,-0.867127001285553,0.0
135,135,-0.14615705989837874,-0.36739038347333447,-0.027157059898378744,0.16060961652666556,0.162889394446559,0.19614640300701347,0.8310123085975647,0.5796357989311218,-1.0,0.8860465288162231,0.3084745705127716,0.23412500321865082,0.02762500010430813,0.3643749952316284,-0.39524999260902405,0.001541700097732246,0.0005024800193496048,-7.994000043254346e-05,7.423000351991504e-05,0.17900000512599945,0.013500000350177288,0.19249999523162842,0.014000000432133675,0.02850000001490116,-0.0002500000118743628,0.0017500000540167093,-0.45846128463745117,-0.4017302989959717,-0.5372158288955688,0.5940060615539551,0.0
136,136,-0.14631332616337667,-0.3671526018735067,-0.027313326163376672,0.16084739812649335,0.1631499410670125,0.19563601537043532,0.82289057970047,0.5806942582130432,-1.0,0.8860465288162231,0.3084745705127716,0.23137499392032623,0.026624999940395355,0.3543750047683716,-0.3876250088214874,0.00019985000835731626,0.00022269001055974513,0.0,0.00011991000064881518,0.03700000047683716,0.010499999858438969,0.04749999940395355,0.0024999999441206455,0.01549999974668026,-0.0002500000118743628,0.008750000037252903,-0.4385645389556885,-0.16174252331256866,-0.7565451264381409,-0.1959996372461319,-0.11478542
137,137,-0.13913511870402107,-0.36934631603277784,-0.02013511870402107,0.15865368396722218,0.15992627814588894,0.2020454147290797,0.8225271701812744,0.5810973048210144,-1.0,0.8860465288162231,0.3084745705127716,0.22374999523162842,0.026499999687075615,0.3580000102519989,-0.38749998807907104,0.00013703999866265804,0.00014275001012720168,7.423000351991504e-05,6.851999933132902e-05,0.02449999935925007,0.012500000186264515,0.03700000047683716,0.001500000013038516,0.009750000201165676,0.0,0.0012499999720603228,0.855441689491272,0.9242334961891174,-0.8076584339141846,-0.9428349733352661,0.0
138,138,-0.13686546040356284,-0.3699342062925708,-0.01786546040356285,0.15806579370742924,0.15907221572540833,0.20377839853634336,0.8392206430435181,0.5773791074752808,-1.0,0.8860465288162231,0.3084745705127716,0.23462499678134918,0.026624999940395355,0.34299999475479126,-0.4051249921321869,0.0012219400377944112,0.0009421500144526362,-7.423000351991504e-05,7.423000351991504e-05,0.18950000405311584,0.013000000268220901,0.20250000059604645,0.011749999597668648,0.04399999976158142,-0.0002500000118743628,0.0012499999720603228,0.3055671453475952,0.6671481132507324,-0.22561179101467133,-0.21107658743858337,-0.040028892
139,139,-0.1392636615054651,-0.3699571105904859,-0.020263661505465103,0.1580428894095141,0.15933665890345503,0.2032402323485834,0.8444989323616028,0.5763826966285706,-1.0,0.8860465288162231,0.3084745705127716,0.23887500166893005,0.026499999687075615,0.3388749957084656,-0.4088749885559082,0.0016216400545090437,0.001387530006468296,-7.423000351991504e-05,7.423000351991504e-05,0.26350000500679016,0.013000000268220901,0.27649998664855957,0.014499999582767487,0.05674999952316284,-0.0002500000118743628,0.0010000000474974513,0.8688919544219971,-0.4826411306858063,-0.10917595773935318,0.5180533528327942,0.0
140,140,-0.13725672608088924,-0.37077067952538706,-0.01825672608088924,0.15722932047461297,0.15828571402404315,0.20538743837631523,0.8389217257499695,0.5763438940048218,-1.0,0.8860465288162231,0.3084745705127716,0.25099998712539673,0.025750000029802322,0.33675000071525574,-0.40712499618530273,0.002883550012484193,0.0008279500179924071,0.0,0.00022269001055974513,0.32499998807907104,0.019500000402331352,0.34450000524520874,0.022749999538064003,0.04024999961256981,0.0,0.016750000417232513,-0.15169425308704376,0.5569638013839722,-0.6090186834335327,-0.6962747573852539,-0.09708225
141,141,-0.13897752130949487,-0.3710642718192161,-0.019977521309494872,0.15693572818078394,0.15820216223966163,0.20555911495540957,0.8435890078544617,0.5749649405479431,-1.0,0.8860465288162231,0.3084745705127716,0.25099998712539673,0.025750000029802322,0.34049999713897705,-0.4127500057220459,0.0020213399548083544,0.0015759600792080164,0.0,7.423000351991504e-05,0.3149999976158142,0.006500000134110451,0.3215000033378601,0.017249999567866325,0.061000000685453415,0.0,0.0020000000949949026,0.9633060097694397,-0.9370721578598022,-0.9212363362312317,0.7691564559936523,-0.19431187
142,142,-0.1438798787678322,-0.373275809656341,-0.02487987876783221,0.15472419034365903,0.15671178463983768,0.2086456654552384,0.8395871520042419,0.5744673609733582,-1.0,0.8860465288162231,0.3084745705127716,0.25462499260902405,0.021250000223517418,0.34424999356269836,-0.40587499737739563,0.003563040168955922,0.000673780043143779,3.997000021627173e-05,0.00023411000438500196,0.3709999918937683,0.024000000208616257,0.39500001072883606,0.027249999344348907,0.03500000014901161,0.0,0.017000000923871994,-0.6311111450195312,-0.9769613146781921,0.4788326919078827,0.5318846702575684,-0.073688544
143,143,-0.1431899695362176,-0.37320273284942995,-0.024189969536217604,0.15479726715057007,0.15667593479359904,0.20872047801478022,0.8281863331794739,0.5707189440727234,-1.0,0.8860465288162231,0.3084745705127716,0.26112499833106995,0.00937500037252903,0.3531250059604645,-0.3936249911785126,0.00148460001219064,0.00034260001848451793,0.0,0.0001598800008650869,0.1599999964237213,0.014000000432133675,0.17399999499320984,0.013749999925494194,0.02225000038743019,0.0,0.012249999679625034,-0.6136621236801147,0.0490390919148922,-0.7092323303222656,0.010731985792517662,-0.10910789
144,144,-0.14795212862886853,-0.37212084058308825,-0.028952128628868534,0.15587915941691177,0.15854506644063554,0.20485545125043753,0.8297907710075378,0.5708428025245667,-1.0,0.8860465288162231,0.3084745705127716,0.2551249861717224,0.009499999694526196,0.3568750023841858,-0.3931249976158142,0.00022840000747237355,0.0003825699968729168,7.423000351991504e-05,0.0001541700039524585,0.05350000038743019,0.019999999552965164,0.07349999994039536,0.002749999985098839,0.023749999701976776,0.0,0.011500000022351742,-0.9343782067298889,-0.8255020976066589,0.2598640024662018,0.41828620433807373,0.0
145,145,-0.15278055916462085,-0.3720282556621306,-0.03378055916462086,0.15597174433786942,0.15958794192943324,0.20273016526712484,0.8187159895896912,0.5726765394210815,-1.0,0.8860465288162231,0.3084745705127716,0.2383749932050705,0.0044999998062849045,0.3617500066757202,-0.3812499940395355,0.00011991000064881518,8.565000462112948e-05,0.0,7.423000351991504e-05,0.017999999225139618,0.006500000134110451,0.02449999935925007,0.0012499999720603228,0.003000000026077032,-0.0002500000118743628,0.0032500000670552254,-0.6960841417312622,-0.3034296929836273,0.8334577679634094,0.41389086842536926,0.0
146,146,-0.1534812550861524,-0.37099742296509686,-0.03448125508615241,0.15700257703490317,0.16074441249361365,0.20039915528277255,0.8074870705604553,0.5728334784507751,-1.0,0.8860465288162231,0.3084745705127716,0.22587500512599945,0.0,0.37724998593330383,-0.37275001406669617,9.707000572234392e-05,7.994000043254346e-05,0.0,6.851999933132902e-05,0.01549999974668026,0.006000000052154064,0.0215000007301569,0.0002500000118743628,0.000750000006519258,0.0,0.0017500000540167093,0.1956649124622345,0.7267162799835205,-0.49780356884002686,0.4814642071723938,-0.083736435
147,147,-0.15570492317888995,-0.3693143369123498,-0.03670492317888996,0.1586856630876502,0.16287538504984553,0.1961738838596558,0.8058575391769409,0.5745806097984314,-1.0,0.8860465288162231,0.3084745705127716,0.22812500596046448,0.0044999998062849045,0.38100001215934753,-0.3657500147819519,0.000245530012762174,0.0002969200140796602,6.851999933132902e-05,9.13600015337579e-05,0.04749999940395355,0.014000000432133675,0.061500001698732376,0.003000000026077032,0.01899999938905239,0.0,0.005750000011175871,-0.6889481544494629,-0.04282557964324951,0.4135350286960602,0.3241351842880249,0.0
148,148,-0.14914122208608738,-0.3679426674304841,-0.030141222086087383,0.16005733256951593,0.1628706326447818,0.19618320705878245,0.800686240196228,0.5774333477020264,-1.0,0.8860465288162231,0.3084745705127716,0.21649999916553497,0.00774999987334013,0.38874998688697815,-0.35850000381469727,0.00010278000263497233,0.0001541700039524585,0.0,7.423000351991504e-05,0.02250000089406967,0.006500000134110451,0.028999999165534973,0.0005000000237487257,0.010999999940395355,0.0,0.0032500000670552254,-0.8655430674552917,0.5137106776237488,-0.08689574897289276,-0.9161180853843689,-0.034427494
149,149,-0.1499223838137747,-0.36571214074706315,-0.030922383813774712,0.16228785925293687,0.16520757573921194,0.1916516730664686,0.8159506320953369,0.5797581672668457,-1.0,0.8860465288162231,0.3084745705127716,0.2003750056028366,0.019375000149011612,0.39250001311302185,-0.37412500381469727,9.13600015337579e-05,0.00010848999954760075,0.0,6.851999933132902e-05,0.017500000074505806,0.006000000052154064,0.023499999195337296,0.0005000000237487257,0.007000000216066837,0.0,0.0002500000118743628,0.4030725359916687,0.8625914454460144,-0.13053637742996216,-0.07315974682569504,-0.039664365
150,150,-0.1530295958002068,-0.3652460217974608,-0.03402959580020681,0.16275397820253923,0.16627348198398345,0.1896196946461509,0.8141340017318726,0.5835387706756592,-1.0,0.8860465288162231,0.3084745705127716,0.20624999701976776,0.027124999091029167,0.39625000953674316,-0.3752500116825104,0.0003026300109922886,0.0003825699968729168,0.0,1.1420000191719737e-05,0.05999999865889549,0.0010000000474974513,0.061000000685453415,0.0037499999161809683,0.023749999701976776,0.0,0.0,-0.29072970151901245,-0.6606611013412476,0.939313530921936,0.0644160658121109,-0.016270073
151,151,-0.15121216102916868,-0.36708662815820065,-0.032212161029168684,0.16091337184179938,0.16410586996102938,0.19377478436812703,0.8069078922271729,0.5843287706375122,-1.0,0.8860465288162231,0.3084745705127716,0.20262500643730164,0.026000000536441803,0.4137499928474426,-0.3734999895095825,9.13600015337579e-05,7.423000351991504e-05,0.0,7.994000043254346e-05,0.014499999582767487,0.007000000216066837,0.0215000007301569,0.0002500000118743628,0.0012499999720603228,0.0,0.004000000189989805,0.9901257157325745,0.03705829009413719,-0.5144237875938416,-0.14439992606639862,-0.08573086
152,152,-0.15015140619710088,-0.3682251231339283,-0.031151406197100884,0.15977487686607172,0.16278335721327644,0.1963545015374088,0.8111345171928406,0.581209123134613,-1.0,0.8860465288162231,0.3084745705127716,0.21812500059604645,0.023000000044703484,0.41737499833106995,-0.37412500381469727,0.0005481599946506321,0.0001256200048374012,7.423000351991504e-05,6.851999933132902e-05,0.05900000035762787,0.012500000186264515,0.07150000333786011,0.0062500000931322575,0.008500000461935997,0.0002500000118743628,0.0,0.45645132660865784,-0.19506779313087463,-0.8933398127555847,0.2054387927055359,0.0
153,153,-0.14667598887388084,-0.3699525883195372,-0.02767598887388084,0.15804741168046282,0.1604523128503945,0.20098537625824286,0.8136013746261597,0.5792794227600098,-1.0,0.8860465288162231,0.3084745705127716,0.22624999284744263,0.01887499913573265,0.4007500112056732,-0.37400001287460327,0.0006509399972856045,0.00014275001012720168,0.0,0.00010278000263497233,0.06949999928474426,0.008999999612569809,0.07850000262260437,0.007000000216066837,0.009499999694526196,0.0,0.007249999791383743,0.7672786712646484,0.9373749494552612,0.022001709789037704,-0.6943938136100769,-0.021359798
154,154,-0.14322135847954426,-0.3699342806136402,-0.024221358479544264,0.15806571938635983,0.1599107433905616,0.20207680442800136,0.8216837644577026,0.576351523399353,-1.0,0.8860465288162231,0.3084745705127716,0.23787499964237213,0.01924999989569187,0.40437498688697815,-0.3843750059604645,0.0013247199822217226,0.0009592800051905215,6.851999933132902e-05,7.423000351991504e-05,0.20000000298023224,0.012500000186264515,0.21250000596046448,0.012500000186264515,0.04374999925494194,0.0002500000118743628,0.0020000000949949026,0.17236009240150452,0.7655121088027954,0.9717408418655396,-0.5511418581008911,0.0
155,155,-0.14331844637981056,-0.36979813928684646,-0.024318446379810565,0.15820186071315356,0.16006003738420083,0.20177534098585187,0.829717755317688,0.576382577419281,-1.0,0.8860465288162231,0.3084745705127716,0.24012500047683716,0.019750000908970833,0.42262500524520874,-0.3943749964237213,0.0015474100364372134,0.0020670201629400253,5.7100000958598685e-06,6.851999933132902e-05,0.3165000081062317,0.006500000134110451,0.3230000138282776,0.01425000000745058,0.07124999910593033,0.0,0.001500000013038516,0.24163977801799774,-0.9058248400688171,-0.3427252769470215,0.422931969165802,-0.06512704
156,156,-0.14591463927923393,-0.3701696117216273,-0.02691463927923393,0.1578303882783727,0.160108804478808,0.20167696500392318,0.8294919729232788,0.5766133069992065,-1.0,0.8860465288162231,0.3084745705127716,0.2433750033378601,0.019750000908970833,0.42637500166893005,-0.3931249976158142,0.001947110053151846,0.000770850048866123,6.851999933132902e-05,0.00019985000835731626,0.23800000548362732,0.023499999195337296,0.2615000009536743,0.016750000417232513,0.03750000149011612,0.0,0.014750000089406967,0.611729621887207,-0.08343279361724854,-0.06523178517818451,0.6848800182342529,-0.036615692
157,157,-0.1471358200103941,-0.3709590293100797,-0.028135820010394108,0.15704097068992035,0.15954150194507294,0.20282433498867802,0.8234543204307556,0.5759837031364441,-1.0,0.8860465288162231,0.3084745705127716,0.24787500500679016,0.019500000402331352,0.42524999380111694,-0.3817499876022339,0.002295420039445162,0.0006794900400564075,0.0,0.000245530012762174,0.2605000138282776,0.0215000007301569,0.28200000524520874,0.01899999938905239,0.03500000014901161,0.0,0.017500000074505806,-0.029469303786754608,-0.5921016931533813,-0.9626888036727905,-0.16282053291797638,-0.13952267
158,158,-0.14272884446570616,-0.3739459568454828,-0.023728844465706167,0.1540540431545172,0.15587079993357167,0.2104077426063733,0.8206143975257874,0.5746456980705261,-1.0,0.8860465288162231,0.3084745705127716,0.24975000321865082,0.01575000025331974,0.42912501096725464,-0.3816249966621399,0.0015930900117382407,0.0003197600017301738,0.0,0.0001541700039524585,0.16750000417232513,0.013500000350177288,0.1809999942779541,0.01425000000745058,0.020500000566244125,-0.0002500000118743628,0.011250000447034836,0.29989132285118103,-0.558416485786438,-0.9066466093063354,-0.8760471343994141,-0.1327976
159,159,-0.14211013636114467,-0.37209634496864186,-0.023110136361144673,0.15590365503135817,0.15760719544096782,0.2067857689145001,0.8308631777763367,0.5695831179618835,-1.0,0.8860465288162231,0.3084745705127716,0.25699999928474426,0.007375000044703484,0.43287500739097595,-0.3931249976158142,0.0010963199893012643,0.00023982000129763037,0.0,7.423000351991504e-05,0.11699999868869781,0.006500000134110451,0.12349999696016312,0.01075000036507845,0.016499999910593033,-0.0002500000118743628,0.001500000013038516,-0.8792750239372253,0.5147385597229004,-0.40792056918144226,-0.04406347870826721,-0.072950475
160,160,-0.1449442726714898,-0.3688745219850599,-0.0259442726714898,0.15912547801494015,0.16122662012811598,0.19943514139876467,0.8323020339012146,0.57271808385849,-1.0,0.8860465288162231,0.3084745705127716,0.2448749989271164,0.009624999947845936,0.43650001287460327,-0.3931249976158142,0.00016558999777771533,0.0005824200343340635,0.0,0.0,0.06549999862909317,0.0,0.06549999862909317,0.0022499999031424522,0.03125,0.0,0.0,-0.7060586214065552,0.7903695106506348,-0.04152784124016762,0.35626623034477234,-0.028983342
161,161,-0.14023628321099968,-0.36831406543256845,-0.021236283210999685,0.15968593456743158,0.1610918291636538,0.19970414320366794,0.8257110118865967,0.5781787633895874,-1.0,0.8860465288162231,0.3084745705127716,0.2316250056028366,0.02187499962747097,0.4402500092983246,-0.38999998569488525,0.00019414001144468784,0.0007365900091826916,0.0,9.707000572234392e-05,0.08150000125169754,0.008500000461935997,0.09000000357627869,0.0024999999441206455,0.036249998956918716,0.0,0.007000000216066837,-0.6429277658462524,-0.06340377777814865,0.21806174516677856,-0.8945435285568237,0.0
162,162,-0.13796698007563418,-0.37090456233068797,-0.018966980075634188,0.15709543766931205,0.15823628809379411,0.20548897811976166,0.8366597890853882,0.5791286826133728,-1.0,0.8860465288162231,0.3084745705127716,0.2202499955892563,0.027499999850988388,0.4442499876022339,-0.4034999907016754,0.0001256200048374012,0.0003768599999602884,0.0,6.28100024187006e-05,0.04399999976158142,0.005499999970197678,0.0494999997317791,0.0012499999720603228,0.022749999538064003,0.0,0.0005000000237487257,0.7227400541305542,-0.7647969722747803,-0.9922928214073181,-0.45541301369667053,-0.14307514
163,163,-0.12996563565915104,-0.3720801632733625,-0.01096563565915104,0.1559198367266375,0.15630496041479472,0.20949621551556605,0.841937243938446,0.5747380256652832,-1.0,0.8860465288162231,0.3084745705127716,0.23137499392032623,0.020375000312924385,0.4478749930858612,-0.41200000047683716,0.0005139000131748617,0.00013133000175002962,7.423000351991504e-05,6.28100024187006e-05,0.05649999901652336,0.012000000104308128,0.06849999725818634,0.006000000052154064,0.008500000461935997,0.0002500000118743628,0.0005000000237487257,-0.6579297780990601,-0.12710028886795044,0.6854492425918579,-0.9103203415870667,0.0
164,164,-0.13389088397203652,-0.3696054814955868,-0.014890883972036528,0.15839451850441322,0.1590929348453713,0.20373618181910916,0.8605450391769409,0.5727455019950867,-1.0,0.8860465288162231,0.3084745705127716,0.22187499701976776,0.020625000819563866,0.460750013589859,-0.42899999022483826,9.13600015337579e-05,8.565000462112948e-05,0.0,6.28100024187006e-05,0.01549999974668026,0.005499999970197678,0.020999999716877937,0.0005000000237487257,0.0032500000670552254,0.0,0.0005000000237487257,0.3812030553817749,0.7443662285804749,0.7236058712005615,0.36090269684791565,0.0
165,165,-0.12728608359950064,-0.3711257064386328,-0.008286083599500643,0.15687429356136723,0.15709297616951542,0.20785183981077832,0.8514165282249451,0.5769398808479309,-1.0,0.8860465288162231,0.3084745705127716,0.22675000131130219,0.022624999284744263,0.47437500953674316,-0.4242500066757202,0.0004054100136272609,0.00043967002420686185,0.0,7.994000043254346e-05,0.07400000095367432,0.007000000216066837,0.08100000023841858,0.004999999888241291,0.027000000700354576,-0.0002500000118743628,0.0044999998062849045,0.1604214310646057,-0.5515110492706299,0.0076358322985470295,-0.7910879850387573,-0.023083702
166,166,-0.1326412689709584,-0.3719126846803609,-0.013641268970958409,0.1560873153196391,0.15668227156519807,0.2087072522938543,0.8667765259742737,0.5743632316589355,-1.0,0.8860465288162231,0.3084745705127716,0.2291249930858612,0.02237500064074993,0.4781250059604645,-0.43687498569488525,0.0005424499977380037,0.00011420000373618677,0.0,6.28100024187006e-05,0.057500001043081284,0.005499999970197678,0.06300000101327896,0.0062500000931322575,0.007000000216066837,-0.0002500000118743628,0.0002500000118743628,0.892898678779602,0.1912633180618286,-0.8795112371444702,0.8199715614318848,-0.12954135
167,167,-0.13881926558541224,-0.3722853964400452,-0.01981926558541225,0.1557146035599548,0.15697082865991055,0.20810588077754646,0.854322612285614,0.5730293393135071,-1.0,0.8860465288162231,0.3084745705127716,0.24275000393390656,0.02187499962747097,0.4816249907016754,-0.4257499873638153,0.0012676200130954385,0.0002169799990952015,7.423000351991504e-05,0.00011420000373618677,0.12999999523162842,0.016499999910593033,0.14650000631809235,0.012249999679625034,0.014999999664723873,0.0002500000118743628,0.008500000461935997,0.23095905780792236,-0.6390293836593628,-0.8849372863769531,0.9223222732543945,0.0
168,168,-0.13315667217055766,-0.37412113672607794,-0.01415667217055766,0.15387886327392208,0.15452868966447314,0.21325068154075696,0.83995521068573,0.5723976492881775,-1.0,0.8860465288162231,0.3084745705127716,0.24899999797344208,0.011125000193715096,0.4652499854564667,-0.4076249897480011,0.000799400033429265,0.0001827200030675158,0.0,0.00010848999954760075,0.0860000029206276,0.009499999694526196,0.09549999982118607,0.008249999955296516,0.012749999761581421,0.0,0.006750000175088644,0.8392475843429565,0.8428078889846802,0.1957055628299713,-0.8511470556259155,-0.00051533285
169,169,-0.13308989179643282,-0.37290588340358694,-0.01408989179643283,0.1550941165964131,0.15573281623876506,0.2106982713788521,0.8531240224838257,0.5692862272262573,-1.0,0.8860465288162231,0.3084745705127716,0.2603749930858612,0.010999999940395355,0.4690000116825104,-0.42087501287460327,0.0019299800042062998,0.0009878299897536635,0.0,6.851999933132902e-05,0.2554999887943268,0.006000000052154064,0.2615000009536743,0.016750000417232513,0.04450000077486038,0.0,0.001500000013038516,-0.7125526666641235,0.40801677107810974,-0.7002208232879639,0.08765019476413727,-0.1080265
170,170,-0.12976175294242553,-0.37386755595585464,-0.01076175294242554,0.1541324440441454,0.15450768794275388,0.21329547255873643,0.8532792925834656,0.5713459849357605,-1.0,0.8860465288162231,0.3084745705127716,0.2542499899864197,0.011250000447034836,0.4727500081062317,-0.4207499921321869,0.00019414001144468784,0.001570250024087727,0.0,7.423000351991504e-05,0.15449999272823334,0.006500000134110451,0.16099999845027924,0.0024999999441206455,0.05925000086426735,0.0,0.0044999998062849045,0.11608537286520004,-0.14448073506355286,-0.2544476389884949,-0.44945651292800903,-0.05453372
171,171,-0.12403100076230889,-0.3738230344402484,-0.00503100076230889,0.15417696555975163,0.15425902786509188,0.21382651321587892,0.8610191941261292,0.5697160363197327,-1.0,0.8860465288162231,0.3084745705127716,0.2542499899864197,0.011374999769032001,0.476375013589859,-0.4271250069141388,0.0006052600219845772,0.0013418500311672688,7.423000351991504e-05,6.851999933132902e-05,0.1704999953508377,0.012500000186264515,0.18299999833106995,0.006750000175088644,0.05375000089406967,0.0002500000118743628,0.0005000000237487257,0.02652857080101967,0.2597915828227997,-0.6152598857879639,-0.8778678178787231,0.0
172,172,-0.12023230951880226,-0.37300277622767153,-0.001232309518802266,0.1549972237723285,0.15500212244959552,0.21224346901828736,0.8743464946746826,0.5697914958000183,-1.0,0.8860465288162231,0.3084745705127716,0.2542499899864197,0.014000000432133675,0.4651249945163727,-0.4437499940395355,0.0006794900400564075,0.0015245700487866998,-6.851999933132902e-05,7.423000351991504e-05,0.19300000369548798,0.012500000186264515,0.20550000667572021,0.007499999832361937,0.057999998331069946,-0.0002500000118743628,0.0010000000474974513,-0.9985325932502747,-0.9554784893989563,-0.9882551431655884,-0.8306530117988586,0.0
173,173,-0.12600574735515624,-0.37417144369468447,-0.007005747355156244,0.15382855630531556,0.15398800352943706,0.2144068211354009,0.8831806778907776,0.5711817145347595,-1.0,0.8860465288162231,0.3084745705127716,0.23862500488758087,0.01575000025331974,0.4465000033378601,-0.45875000953674316,0.00011420000373618677,0.00027407999732531607,0.0,6.28100024187006e-05,0.03400000184774399,0.005499999970197678,0.039500001817941666,0.001500000013038516,0.01875000074505806,0.0,0.0,0.05336003750562668,-0.9279502034187317,-0.8771967887878418,0.7983435988426208,-0.12926362
174,174,-0.12785586091962672,-0.37387980816755484,-0.008855860919626729,0.15412019183244519,0.15437441434090518,0.2135799286279163,0.8697540760040283,0.5692009329795837,-1.0,0.8860465288162231,0.3084745705127716,0.23887500166893005,0.006624999921768904,0.4502499997615814,-0.44449999928474426,0.00020556000526994467,7.994000043254346e-05,7.423000351991504e-05,6.28100024187006e-05,0.02500000037252903,0.012000000104308128,0.03700000047683716,0.003000000026077032,0.0022499999031424522,0.0,0.0012499999720603228,0.6522617340087891,0.9703174829483032,-0.8277355432510376,0.37944573163986206,0.0
175,175,-0.1299566974015221,-0.3750266288921722,-0.010956697401522109,0.15297337110782783,0.15336525514614363,0.21574620230638245,0.8654515147209167,0.569695234298706,-1.0,0.8860465288162231,0.3084745705127716,0.24912500381469727,0.00912499986588955,0.4347499907016754,-0.43962499499320984,0.0006052600219845772,0.0006281000096350908,0.0,9.13600015337579e-05,0.1080000028014183,0.00800000037997961,0.11599999666213989,0.006750000175088644,0.03350000083446503,0.0,0.005499999970197678,0.9907809495925903,-0.14370515942573547,-0.23474477231502533,0.5417013168334961,-0.052169375
176,176,-0.12987781121876463,-0.37526728440591567,-0.010877811218764633,0.15273271559408436,0.15311959113599585,0.2162768646350058,0.8605658411979675,0.5677514672279358,-1.0,0.8860465288162231,0.3084745705127716,0.2632499933242798,0.008500000461935997,0.43849998712539673,-0.4320000112056732,0.0017415500478819013,0.0005139000131748617,0.0,0.00014275001012720168,0.19750000536441803,0.012500000186264515,0.20999999344348907,0.01549999974668026,0.029500000178813934,0.0,0.010499999858438969,-0.8918584585189819,-0.7620185017585754,-0.44034963846206665,-0.33675575256347656,-0.07684196
177,177,-0.13306165672614012,-0.3772136705978134,-0.014061656726140126,0.15078632940218661,0.15144057357415328,0.21993884781605597,0.8607493042945862,0.5673435926437378,-1.0,0.8860465288162231,0.3084745705127716,0.2535000145435333,0.005499999970197678,0.44212499260902405,-0.43287500739097595,0.0001484600070398301,0.00010848999954760075,7.423000351991504e-05,0.0,0.02250000089406967,0.006500000134110451,0.028999999165534973,0.0017500000540167093,0.007000000216066837,0.0002500000118743628,-0.0002500000118743628,0.9007657170295715,-0.20061680674552917,0.634425699710846,0.9139657020568848,0.0
178,178,-0.13092409606455718,-0.37931509825973037,-0.011924096064557188,0.14868490174026966,0.1491622742937048,0.22500723023031743,0.8533449769020081,0.5640446543693542,-1.0,0.8860465288162231,0.3084745705127716,0.265749990940094,-0.0031250000465661287,0.4542500078678131,-0.4192500114440918,0.0011020300444215536,0.000245530012762174,0.0,0.00010278000263497233,0.11800000071525574,0.008999999612569809,0.12700000405311584,0.010999999940395355,0.016750000417232513,-0.0002500000118743628,0.006750000175088644,0.5450851917266846,-0.43605661392211914,-0.9431763291358948,-0.4170543849468231,-0.13718116
179,179,-0.1349094121359774,-0.37911600642656995,-0.015909412135977408,0.14888399357343007,0.1497316029997861,0.2237298392051482,0.8583160638809204,0.5604828596115112,-1.0,0.8860465288162231,0.3084745705127716,0.2762500047683716,-0.011374999769032001,0.45787501335144043,-0.42387500405311584,0.001050640014000237,0.0002512400096748024,0.0,6.851999933132902e-05,0.11400000005960464,0.006000000052154064,0.11999999731779099,0.010250000283122063,0.017000000923871994,0.0,0.0005000000237487257,-0.8411201238632202,0.15566925704479218,0.718849778175354,0.3883165121078491,0.0
180,180,-0.13817231695924687,-0.3740500493510055,-0.01917231695924687,0.15394995064899453,0.15513917958534418,0.21195277345384966,0.8490478992462158,0.5608203411102295,-1.0,0.8860465288162231,0.3084745705127716,0.26487499475479126,-0.010999999940395355,0.4712499976158142,-0.4181250035762787,0.0001256200048374012,0.0003654400061350316,0.0,7.994000043254346e-05,0.0430000014603138,0.007000000216066837,0.05000000074505806,0.001500000013038516,0.02199999988079071,0.0,0.0035000001080334187,-0.82279372215271,0.8860615491867065,-0.34661632776260376,0.8530743718147278,-0.06559396
181,181,-0.14231300447957584,-0.37371107103925844,-0.02331300447957585,0.1542889289607416,0.15604028254818525,0.2100514400835584,0.8414597511291504,0.5694066882133484,-1.0,0.8860465288162231,0.3084745705127716,0.24912500381469727,0.002624999964609742,0.4751250147819519,-0.40299999713897705,0.00016558999777771533,0.00048534999950788915,0.0,8.565000462112948e-05,0.05700000002980232,0.007499999832361937,0.06449999660253525,0.0022499999031424522,0.02775000035762787,-0.0002500000118743628,0.004999999888241291,0.2258712202310562,-0.5318031907081604,-0.23045983910560608,0.39625465869903564,-0.051655184
182,182,-0.13707586605951755,-0.3741118640141683,-0.018075866059517554,0.15388813598583173,0.15494610460090777,0.21236239655082437,0.8318302035331726,0.5699812173843384,-1.0,0.8860465288162231,0.3084745705127716,0.25087499618530273,0.002624999964609742,0.4788750112056732,-0.39675000309944153,0.0006794900400564075,0.0001256200048374012,0.0,0.00010848999954760075,0.07050000131130219,0.009499999694526196,0.07999999821186066,0.007000000216066837,0.00800000037997961,-0.0002500000118743628,0.007249999791383743,-0.14492683112621307,0.15524165332317352,0.39090216159820557,-0.6662557125091553,0.0
183,183,-0.13324939964734706,-0.3769728051426776,-0.01424939964734706,0.1510271948573224,0.15169792014652492,0.21937357040288433,0.8440096378326416,0.5693019032478333,-1.0,0.8860465288162231,0.3084745705127716,0.25075000524520874,0.002624999964609742,0.48612499237060547,-0.40575000643730164,0.0001884299999801442,0.00019414001144468784,0.0,6.851999933132902e-05,0.03350000083446503,0.006000000052154064,0.039500001817941666,0.0020000000949949026,0.013749999925494194,-0.0002500000118743628,0.0005000000237487257,0.971228301525116,0.8770052194595337,-0.4972863793373108,-0.7743057012557983,-0.083674364
184,184,-0.1328669768024186,-0.3760002373452905,-0.013866976802418607,0.15199976265470955,0.15263099584529627,0.21733616895864905,0.8529083728790283,0.5644528865814209,-1.0,0.8860465288162231,0.3084745705127716,0.26350000500679016,0.002749999985098839,0.4896250069141388,-0.4206250011920929,0.0013532700249925256,0.0010563500691205263,6.851999933132902e-05,6.851999933132902e-05,0.210999995470047,0.012000000104308128,0.22300000488758087,0.012749999761581421,0.04625000059604645,0.0002500000118743628,0.0012499999720603228,-0.7238233089447021,-0.8867508769035339,0.9715084433555603,0.0985606461763382,0.0
185,185,-0.12882292889692776,-0.37597317489218357,-0.009822928896927763,0.15202682510781645,0.1523438396669741,0.2179611601164382,0.8537977337837219,0.5661013126373291,-1.0,0.8860465288162231,0.3084745705127716,0.2554999887943268,0.0024999999441206455,0.5071250200271606,-0.4205000102519989,0.0001541700039524585,0.00019414001144468784,7.994000043254346e-05,8.565000462112948e-05,0.030500000342726707,0.014499999582767487,0.04500000178813934,0.0017500000540167093,0.013500000350177288,0.001500000013038516,0.0044999998062849045,-0.20005817711353302,-0.1158587783575058,-0.9682263135910034,-0.7499332427978516,0.0
186,186,-0.12079651610161604,-0.3760836788128251,-0.001796516101616047,0.1519163211871749,0.15192694334168727,0.21887172892864873,0.8632025122642517,0.5661471486091614,-1.0,0.8860465288162231,0.3084745705127716,0.25212499499320984,0.0024999999441206455,0.4897499978542328,-0.4323750138282776,0.00011420000373618677,0.00013703999866265804,0.0,6.28100024187006e-05,0.02199999988079071,0.005499999970197678,0.027499999850988388,0.0010000000474974513,0.00925000011920929,0.0,0.0002500000118743628,0.08246268332004547,0.6214432716369629,-0.6861077547073364,-0.8132230043411255,-0.106332935
187,187,-0.11943947907977434,-0.37609094215486244,-0.0004394790797743464,0.15190905784513759,0.15190969355922918,0.2189094870822572,0.8818685412406921,0.5659598708152771,-1.0,0.8860465288162231,0.3084745705127716,0.25212499499320984,0.0042500002309679985,0.4936249852180481,-0.4476250112056732,0.0003197600017301738,0.0005253200070001185,0.0,6.28100024187006e-05,0.07400000095367432,0.005499999970197678,0.0794999971985817,0.004000000189989805,0.028999999165534973,-0.0002500000118743628,0.0005000000237487257,0.947398841381073,0.25459718704223633,0.4324478209018707,-0.8212602734565735,0.0
188,188,-0.11820167598475323,-0.3770698729571332,0.0007983240152467652,0.15093012704286685,0.15093223834028716,0.22105972095535473,0.8850244879722595,0.5659475326538086,-1.0,0.8860465288162231,0.3084745705127716,0.265500009059906,0.004124999977648258,0.5016250014305115,-0.46312499046325684,0.001347560086287558,0.000799400033429265,0.0,6.851999933132902e-05,0.18799999356269836,0.006000000052154064,0.1940000057220459,0.012749999761581421,0.038750000298023224,-0.0002500000118743628,0.000750000006519258,-0.9008670449256897,-0.8681039810180664,-0.906899631023407,-0.1906437873840332,-0.13282795
189,189,-0.11795674200543421,-0.37978788027909305,0.0010432579945657827,0.14821211972090698,0.1482157913968943,0.22714699546315842,0.887903094291687,0.5642883777618408,-1.0,0.8860465288162231,0.3084745705127716,0.25437501072883606,0.003375000087544322,0.5053750276565552,-0.4662500023841858,0.0001256200048374012,0.00011420000373618677,0.0,-2.8550000934046693e-05,0.020999999716877937,0.0024999999441206455,0.023499999195337296,0.0012499999720603228,0.00774999987334013,-0.0002500000118743628,0.0,0.722496509552002,-0.5560952425003052,-0.9836158752441406,-0.2762584090232849,-0.14203392
190,190,-0.12370086734758251,-0.37923483788023593,-0.004700867347582516,0.1487651621197641,0.14883941552673224,0.2257348597752726,0.8884726762771606,0.5596815347671509,-1.0,0.8860465288162231,0.3084745705127716,0.265749990940094,-0.00712500000372529,0.5091249942779541,-0.4713749885559082,0.00043967002420686185,0.0001256200048374012,2.2840000383439474e-05,0.0,0.0494999997317791,0.0020000000949949026,0.051500000059604645,0.005499999970197678,0.00800000037997961,-0.0002500000118743628,0.0,0.3980800211429596,0.9802111983299255,-0.8129375576972961,0.8543024063110352,0.0
191,191,-0.11639790466177224,-0.37902581655245116,0.00260209533822775,0.14897418344754887,0.1489969067934404,0.22537962688902194,0.8751142621040344,0.5606189370155334,-1.0,0.8860465288162231,0.3084745705127716,0.2709999978542328,-0.006000000052154064,0.49399998784065247,-0.45774999260902405,0.0009364400175400078,0.0009307300206273794,0.0,8.565000462112948e-05,0.16349999606609344,0.007499999832361937,0.17100000381469727,0.009750000201165676,0.042500000447034836,-0.0002500000118743628,0.004749999847263098,-0.2923928201198578,0.44054844975471497,-0.4449869692325592,-0.9061904549598694,-0.07739844
192,192,-0.1235855826048024,-0.3787404746315432,-0.004585582604802407,0.14925952536845682,0.1493299483728648,0.22463026755165333,0.8920978903770447,0.5609731674194336,-1.0,0.8860465288162231,0.3084745705127716,0.2692500054836273,-0.0032500000670552254,0.49775001406669617,-0.4723750054836273,0.00017701000615488738,0.001358980080112815,0.0,6.28100024187006e-05,0.13449999690055847,0.005499999970197678,0.14000000059604645,0.0024999999441206455,0.05350000038743019,-0.0002500000118743628,0.0002500000118743628,0.5184944272041321,0.9119721055030823,0.7735674381256104,0.8766059279441833,0.0
193,193,-0.11581950901750071,-0.3789663257934204,0.0031804909824992844,0.14903367420657965,0.14906760738135796,0.22522033848331982,0.8753823637962341,0.5614567995071411,-1.0,0.8860465288162231,0.3084745705127716,0.2731249928474426,-0.003375000087544322,0.5118749737739563,-0.45887500047683716,0.0015188599936664104,0.002815030049532652,6.851999933132902e-05,9.707000572234392e-05,0.37950000166893005,0.014499999582767487,0.39399999380111694,0.014000000432133675,0.08775000274181366,0.0005000000237487257,0.006000000052154064,-0.1363394856452942,-0.8555213212966919,-0.868718683719635,-0.7005996704101562,-0.035552133
194,194,-0.12283374066107472,-0.3771689651257591,-0.003833740661074725,0.15083103487424093,0.15087974896814635,0.22117578427272894,0.8934429883956909,0.5610740184783936,-1.0,0.8860465288162231,0.3084745705127716,0.2731249928474426,-0.003375000087544322,0.4959999918937683,-0.46912500262260437,0.0008336600149050355,0.001964240102097392,0.0,6.28100024187006e-05,0.24500000476837158,0.005499999970197678,0.25049999356269836,0.008999999612569809,0.0689999982714653,-0.0002500000118743628,0.0002500000118743628,-0.5214706659317017,0.2212817668914795,0.12098965048789978,0.7223231792449951,-0.022763459
195,195,-0.12004153598996198,-0.3733967076145566,-0.0010415359899619836,0.1546032923854434,0.154606800670725,0.21308417432626287,0.8771308064460754,0.5641204118728638,-1.0,0.8860465288162231,0.3084745705127716,0.26625001430511475,0.0024999999441206455,0.4997499883174896,-0.4580000042915344,0.00022840000747237355,0.00159880006685853,5.7100000958598685e-06,9.13600015337579e-05,0.1599999964237213,0.008500000461935997,0.16850000619888306,0.0032500000670552254,0.061250001192092896,-0.0002500000118743628,0.004999999888241291,-0.6191969513893127,0.9704217910766602,-0.783115029335022,-0.6137439608573914,-0.11797381
196,196,-0.12275809804951643,-0.37397581922768985,-0.003758098049516434,0.15402418077231017,0.15407002162501005,0.2142310408396065,0.8836243152618408,0.5705140829086304,-1.0,0.8860465288162231,0.3084745705127716,0.25462499260902405,0.017500000074505806,0.5033749938011169,-0.4673750102519989,0.00027407999732531607,0.0018671700963750482,6.851999933132902e-05,6.851999933132902e-05,0.1875,0.012000000104308128,0.19949999451637268,0.0035000001080334187,0.06750000268220901,0.0,0.000750000006519258,0.6089354753494263,-0.24150583148002625,-0.7561005353927612,0.5555776357650757,0.0
197,197,-0.12599934176123462,-0.3720442281054957,-0.006999341761234623,0.15595577189450432,0.1561127591592091,0.20989925707358476,0.8773067593574524,0.5695325136184692,-1.0,0.8860465288162231,0.3084745705127716,0.25850000977516174,0.017500000074505806,0.4893749952316284,-0.460750013589859,0.0022211901377886534,0.00148460001219064,0.0,0.00011420000373618677,0.3244999945163727,0.009999999776482582,0.3345000147819519,0.01850000023841858,0.05849999934434891,-0.0002500000118743628,0.008249999955296516,-0.8128846287727356,-0.9486398696899414,0.620377779006958,0.4009706676006317,0.0
198,198,-0.12606066403209118,-0.3743924314289358,-0.007060664032091185,0.15360756857106422,0.15376975677579863,0.2148752680612716,0.8697689771652222,0.5728064179420471,-1.0,0.8860465288162231,0.3084745705127716,0.2512499988079071,0.017500000074505806,0.5009999871253967,-0.4514999985694885,0.0002169799990952015,0.00037115000304766,0.0,9.13600015337579e-05,0.051500000059604645,0.00800000037997961,0.05950000137090683,0.002749999985098839,0.023000000044703484,-0.0002500000118743628,0.004749999847263098,0.9797523617744446,-0.0758112445473671,-0.5080849528312683,0.5024755001068115,-0.08497019
199,199,-0.12372137368245881,-0.3758043158827139,-0.004721373682458813,0.15219568411728612,0.15226889910082805,0.2181245626635575,0.8696263432502747,0.5688263773918152,-1.0,0.8860465288162231,0.3084745705127716,0.2615000009536743,0.013375000096857548,0.5047500133514404,-0.44475001096725464,0.002238319953903556,0.00048534999950788915,0.0,0.00014275001012720168,0.23849999904632568,0.012500000186264515,0.25099998712539673,0.01875000074505806,0.02850000001490116,-0.0002500000118743628,0.009999999776482582,0.13006538152694702,-0.14415784180164337,-0.30897173285484314,-0.7195960283279419,-0.06707003
200,200,-0.12189184952007825,-0.37641756966438134,-0.00289184952007826,0.1515824303356187,0.15161001279631722,0.21956650068320588,0.8750665783882141,0.5664333701133728,-1.0,0.8860465288162231,0.3084745705127716,0.26337501406669617,0.012749999761581421,0.5083749890327454,-0.4533750116825104,0.002129829954355955,0.0003997000167146325,6.851999933132902e-05,6.851999933132902e-05,0.2214999943971634,0.012000000104308128,0.23350000381469727,0.017999999225139618,0.02449999935925007,0.0,0.0005000000237487257,0.9022237062454224,0.6195411682128906,-0.35054418444633484,-0.5138521790504456,-0.05824757
201,201,-0.11508833289347481,-0.375180326416409,0.003911667106525185,0.152819673583591,0.15286972811432475,0.21681793623157927,0.879321277141571,0.5653939247131348,-1.0,0.8860465288162231,0.3084745705127716,0.2681249976158142,0.012625000439584255,0.5021250247955322,-0.46312499046325684,0.002986330073326826,0.0010677700629457831,-7.423000351991504e-05,7.994000043254346e-05,0.35499998927116394,0.013500000350177288,0.3684999942779541,0.024000000208616257,0.04774999991059303,-0.0005000000237487257,0.000750000006519258,-0.9405915141105652,0.5457953214645386,-0.9176584482192993,-0.6975685358047485,0.0
202,202,-0.10951701466853936,-0.37492922125038025,0.009482985331460636,0.15307077874961977,0.15336424067497528,0.21574839100050344,0.8951433897018433,0.5674909949302673,-1.0,0.8860465288162231,0.3084745705127716,0.2606250047683716,0.013000000268220901,0.48487499356269836,-0.47574999928474426,0.00029121001716703176,0.0018957200227305293,0.0,6.28100024187006e-05,0.1914999932050705,0.005499999970197678,0.19699999690055847,0.0037499999161809683,0.06724999845027924,-0.0002500000118743628,0.0,-0.34096217155456543,-0.6154912114143372,-0.5790814161300659,-0.7265427708625793,-0.09348977
203,203,-0.10824872133449714,-0.373962417215604,0.01075127866550285,0.154037582784396,0.15441232756163914,0.21349896894631332,0.9080999493598938,0.5679165720939636,-1.0,0.8860465288162231,0.3084745705127716,0.2551249861717224,0.013500000350177288,0.4884999990463257,-0.4893749952316284,0.00016558999777771533,0.0009364400175400078,2.8550000934046693e-05,6.28100024187006e-05,0.09650000184774399,0.00800000037997961,0.10450000315904617,0.0020000000949949026,0.04324999824166298,0.0,0.0002500000118743628,0.1280757635831833,0.5653346180915833,0.3749701976776123,-0.42446261644363403,0.0
204,204,-0.11327194718086983,-0.37101910547589534,0.005728052819130164,0.15698089452410469,0.15708536480107504,0.207867660782205,0.911049485206604,0.5695552229881287,-1.0,0.8860465288162231,0.3084745705127716,0.2551249861717224,0.016750000417232513,0.49549999833106995,-0.4970000088214874,0.0005995500250719488,0.0014617600245401263,6.851999933132902e-05,0.0,0.18050000071525574,0.006000000052154064,0.18649999797344208,0.006750000175088644,0.057750001549720764,0.0,-0.0002500000118743628,-0.8834527134895325,0.7886082530021667,-0.9576320648193359,-0.6298835277557373,-0.099586025
205,205,-0.10714282463877187,-0.3679429370986256,0.011857175361228128,0.16005706290137445,0.1604956572377005,0.20089827925552373,0.8993675708770752,0.5745438933372498,-1.0,0.8860465288162231,0.3084745705127716,0.24012500047683716,0.03212499991059303,0.4777500033378601,-0.4951249957084656,0.00027407999732531607,0.0014046600554138422,0.0,7.994000043254346e-05,0.1469999998807907,0.007000000216066837,0.15399999916553497,0.0037499999161809683,0.05649999901652336,-0.0002500000118743628,0.0035000001080334187,-0.9311335682868958,0.1550607681274414,-0.7474612593650818,-0.88211989402771,-0.11369536
206,206,-0.103927119964112,-0.3686975246320828,0.015072880035887998,0.15930247536791725,0.16001396929931508,0.20186831643557596,0.9136213660240173,0.5797577500343323,-1.0,0.8860465288162231,0.3084745705127716,0.22349999845027924,0.04362500086426735,0.4814999997615814,-0.5101249814033508,0.00017130000924225897,0.0007879800396040082,0.0,6.28100024187006e-05,0.08399999886751175,0.005499999970197678,0.08950000256299973,0.0022499999031424522,0.039250001311302185,-0.0002500000118743628,0.0005000000237487257,0.3813572824001312,-0.5317737460136414,0.056693077087402344,-0.4391503632068634,-0.017196832
207,207,-0.10409615543078768,-0.3697509808152736,0.014903844569212316,0.15824901918472645,0.15894928957334525,0.20402904950663336,0.9210997223854065,0.5784787535667419,-1.0,0.8860465288162231,0.3084745705127716,0.226500004529953,0.04349999874830246,0.48512500524520874,-0.5177500247955322,0.0010734800016507506,0.000308340007904917,7.423000351991504e-05,-6.851999933132902e-05,0.12099999934434891,0.012500000186264515,0.13349999487400055,0.010499999858438969,0.019750000908970833,0.0,-0.0005000000237487257,0.750952959060669,0.7708591222763062,0.15659315884113312,-0.3943141996860504,0.0
208,208,-0.10522361648776313,-0.36887708022306703,0.013776383512236867,0.159122919776933,0.15971816534449826,0.20246633494425917,0.9207066297531128,0.5766932368278503,-1.0,0.8860465288162231,0.3084745705127716,0.2368749976158142,0.04312499985098839,0.4880000054836273,-0.5253750085830688,0.002084149979054928,0.0011420000810176134,6.851999933132902e-05,0.0,0.2824999988079071,0.006000000052154064,0.28850001096725464,0.017750000581145287,0.04924999922513962,0.0,0.0,-0.9358830451965332,-0.5314850211143494,-0.5679141879081726,-0.8772201538085938,-0.12926643
209,209,-0.10089186233344138,-0.3687914538212893,0.01810813766655861,0.15920854617871072,0.16023503307981593,0.20142255159746644,0.9180846214294434,0.5781744122505188,-1.0,0.8860465288162231,0.3084745705127716,0.22699999809265137,0.04349999874830246,0.4776250123977661,-0.5227500200271606,0.00019414001144468784,0.0005139000131748617,0.0,7.994000043254346e-05,0.06199999898672104,0.007000000216066837,0.0689999982714653,0.0024999999441206455,0.028750000521540642,-0.0005000000237487257,0.0022499999031424522,0.3751843273639679,-0.3308517038822174,0.03838309645652771,-0.9851058125495911,-0.01939403
210,210,-0.10087843710527974,-0.3682579214633098,0.01812156289472025,0.1597420785366902,0.16076667159884042,0.2003545531881224,0.9281584620475769,0.5783195495605469,-1.0,0.8860465288162231,0.3084745705127716,0.22949999570846558,0.04337500035762787,0.48112499713897705,-0.5400000214576721,0.001164840068668127,0.000245530012762174,7.423000351991504e-05,0.0,0.12349999696016312,0.006500000134110451,0.12999999523162842,0.011500000022351742,0.016750000417232513,0.0,0.0,-0.20115041732788086,0.3476700782775879,-0.09692983329296112,-0.8613970875740051,-0.12736766
211,211,-0.10068871699635804,-0.3686131761475352,0.01831128300364196,0.15938682385246483,0.16043522899605347,0.2010197152402969,0.9281896948814392,0.5792238712310791,-1.0,0.8860465288162231,0.3084745705127716,0.22949999570846558,0.04337500035762787,0.4794999957084656,-0.5364999771118164,0.00034831001539714634,0.0005367400008253753,0.0,6.28100024187006e-05,0.07750000059604645,0.005499999970197678,0.08299999684095383,0.004000000189989805,0.029750000685453415,-0.0002500000118743628,0.0005000000237487257,0.15909422934055328,0.11622289568185806,-0.5573135018348694,-0.9576126933097839,-0.09087762
212,212,-0.10370195767727566,-0.36895842330927686,0.015298042322724331,0.15904157669072316,0.1597756339845943,0.20235001372222802,0.9286308884620667,0.5786217451095581,-1.0,0.8860465288162231,0.3084745705127716,0.22949999570846558,0.04337500035762787,0.4832499921321869,-0.5540000200271606,0.0009649900021031499,0.0006623599911108613,0.0,0.0,0.14249999821186066,0.0,0.14249999821186066,0.009750000201165676,0.03400000184774399,-0.0002500000118743628,-0.0002500000118743628,0.44927504658699036,-0.4037475883960724,-0.5008158087730408,-0.23017625510692596,-0.13571906
213,213,-0.09949898378736555,-0.36875388145568777,0.019501016212634448,0.15924611854431225,0.16043570645200708,0.20101875546198983,0.9216233491897583,0.5780365467071533,-1.0,0.8860465288162231,0.3084745705127716,0.23475000262260437,0.04312499985098839,0.4868749976158142,-0.5506250262260437,0.0018100700108334422,0.0003026300109922886,6.851999933132902e-05,6.851999933132902e-05,0.1850000023841858,0.012000000104308128,0.19699999690055847,0.01600000075995922,0.019500000402331352,0.0,0.0005000000237487257,-0.8955459594726562,-0.15770705044269562,-0.9524682760238647,-0.020821228623390198,0.0
214,214,-0.10091342446156176,-0.36879146528750617,0.018086575538438232,0.15920853471249385,0.16023258638618734,0.20142747985049228,0.9313977360725403,0.5783832669258118,-1.0,0.8860465288162231,0.3084745705127716,0.22487500309944153,0.0430000014603138,0.46912500262260437,-0.5506250262260437,0.00017701000615488738,0.0001884299999801442,0.0,-6.28100024187006e-05,0.03200000151991844,0.005499999970197678,0.03750000149011612,0.0022499999031424522,0.014000000432133675,0.0,-0.0002500000118743628,0.6320688724517822,0.9681156873703003,0.1871826946735382,-0.9486125111579895,-0.001538077
215,215,-0.10028710982161454,-0.36887183812475427,0.018712890178385455,0.15912816187524575,0.16022466776568062,0.20144343075975554,0.9281083345413208,0.5783195495605469,-1.0,0.8860465288162231,0.3084745705127716,0.23100000619888306,0.04337500035762787,0.4727500081062317,-0.5683749914169312,0.0014503400307148695,0.001164840068668127,6.851999933132902e-05,0.0,0.2290000021457672,0.006000000052154064,0.23499999940395355,0.013500000350177288,0.0494999997317791,0.0002500000118743628,-0.0002500000118743628,0.25016042590141296,0.8212958574295044,-0.9524103999137878,-0.9529446959495544,-0.13835338
216,216,-0.10078610874732932,-0.3689059956948647,0.018213891252670672,0.15909400430513532,0.16013321966539776,0.2016277312071151,0.9295648336410522,0.5781833529472351,-1.0,0.8860465288162231,0.3084745705127716,0.23399999737739563,0.04324999824166298,0.4556249976158142,-0.5649999976158142,0.0018843000289052725,0.0024210400879383087,-7.423000351991504e-05,6.851999933132902e-05,0.37700000405311584,0.012500000186264515,0.3894999921321869,0.016750000417232513,0.08049999922513962,-0.0010000000474974513,0.0005000000237487257,-0.5527048110961914,0.02614608407020569,-0.497222900390625,-0.5312284231185913,-0.052614607
217,217,-0.10004512269266402,-0.36581358271221975,0.01895487730733597,0.16218641728778027,0.1632902977104952,0.19536161983704492,0.9284043908119202,0.5781254172325134,-1.0,0.8860465288162231,0.3084745705127716,0.2306250035762787,0.04337500035762787,0.44600000977516174,-0.5745000243186951,0.0002169799990952015,0.0016159299993887544,-7.423000351991504e-05,0.0,0.16050000488758087,0.006500000134110451,0.16699999570846558,0.003000000026077032,0.061500001698732376,-0.0002500000118743628,-0.0002500000118743628,-0.551957368850708,0.5053715705871582,-0.17689964175224304,-0.40526965260505676,-0.072632365
218,218,-0.09989151898721108,-0.36602038070748494,0.01910848101278892,0.1619796192925151,0.16310282374246082,0.19572821554615968,0.9301276206970215,0.5833668112754822,-1.0,0.8860465288162231,0.3084745705127716,0.2202499955892563,0.05324999988079071,0.4426249861717224,-0.5708749890327454,0.00025695000658743083,0.0015588300302624702,0.0,6.851999933132902e-05,0.1589999943971634,0.006000000052154064,0.16500000655651093,0.0032500000670552254,0.060499999672174454,0.0,0.0,0.23874643445014954,0.4592532813549042,-0.4735031723976135,-0.22620153427124023,-0.08082039
219,219,-0.09996020619853088,-0.368714949723241,0.019039793801469113,0.15928505027675904,0.1604189545835283,0.20105243268022538,0.9304848313331604,0.5830162763595581,-1.0,0.8860465288162231,0.3084745705127716,0.22062499821186066,0.05324999988079071,0.44624999165534973,-0.5747500061988831,0.001147710019722581,0.002272580051794648,6.851999933132902e-05,-7.423000351991504e-05,0.2994999885559082,0.012500000186264515,0.31200000643730164,0.011250000447034836,0.07750000059604645,0.0002500000118743628,-0.0005000000237487257,0.9225353598594666,0.41211479902267456,-0.993956983089447,0.5428146123886108,-0.02854472
220,220,-0.10059142829295398,-0.3687935900357066,0.018408571707046018,0.15920640996429342,0.16026714100529815,0.20135788937609955,0.9303250908851624,0.5784492492675781,-1.0,0.8860465288162231,0.3084745705127716,0.23149999976158142,0.05287500098347664,0.4281249940395355,-0.5649999976158142,0.00296920002438128,0.002535240026190877,-7.423000351991504e-05,7.423000351991504e-05,0.4819999933242798,0.013000000268220901,0.4950000047683716,0.024000000208616257,0.08474999666213989,-0.000750000006519258,0.0002500000118743628,0.884794294834137,-0.6815575361251831,0.9459867477416992,-0.4048413336277008,-0.10242706
221,221,-0.10101578198459671,-0.3681200154940587,0.017984218015403286,0.15987998450594132,0.16088828901832972,0.20011103526083046,0.928857147693634,0.5783159732818604,-1.0,0.8860465288162231,0.3084745705127716,0.2316250056028366,0.05299999937415123,0.445374995470047,-0.5717499852180481,0.004145460203289986,0.0017244199989363551,0.0,-7.994000043254346e-05,0.5139999985694885,0.007000000216066837,0.5210000276565552,0.03150000050663948,0.06575000286102295,0.0,-0.0012499999720603228,-0.4240933954715729,-0.37550026178359985,-0.7708772420883179,0.3182641565799713,-0.16391459
222,222,-0.1000031587778007,-0.3690762645332977,0.0189968412221993,0.1589237354667023,0.1600550957361615,0.20178531225940413,0.9278702735900879,0.5794575810432434,-1.0,0.8860465288162231,0.3084745705127716,0.2316250056028366,0.05299999937415123,0.4490000009536743,-0.5668749809265137,0.0036943701561540365,0.0016559000359848142,6.851999933132902e-05,7.994000043254346e-05,0.4684999883174896,0.013000000268220901,0.4814999997615814,0.028750000521540642,0.0637499988079071,0.0002500000118743628,0.000750000006519258,0.19993126392364502,0.6355799436569214,-0.52003014087677,0.5872702598571777,-0.025611753
223,223,-0.10025137765528955,-0.3687575098190535,0.018748622344710447,0.15924249018094655,0.16034238840323364,0.2012064297956494,0.9302251935005188,0.577836811542511,-1.0,0.8860465288162231,0.3084745705127716,0.2316250056028366,0.05287500098347664,0.43962499499320984,-0.5556250214576721,0.0035687501076608896,0.0026551501359790564,-7.423000351991504e-05,7.423000351991504e-05,0.5450000166893005,0.013000000268220901,0.5580000281333923,0.02824999950826168,0.08775000274181366,-0.0005000000237487257,0.0002500000118743628,-0.6449615955352783,-0.806045413017273,-0.8964386582374573,-0.5750612616539001,-0.13010071
224,224,-0.1004336399941946,-0.3692604988865822,0.018566360005805388,0.15873950111341784,0.1598215847049514,0.2022570537927943,0.9296479821205139,0.5783771276473999,-1.0,0.8860465288162231,0.3084745705127716,0.2316250056028366,0.05287500098347664,0.42287498712539673,-0.5658749938011169,0.0031462099868804216,0.002535240026190877,-7.423000351991504e-05,-7.994000043254346e-05,0.4975000023841858,0.013500000350177288,0.5109999775886536,0.025499999523162842,0.08500000089406967,-0.0005000000237487257,-0.000750000006519258,0.8918071389198303,0.2546728551387787,0.21610185503959656,-0.5092388391494751,-0.176648
225,225,-0.10181359102685297,-0.36785298032810504,0.01718640897314702,0.16014701967189499,0.16106657183656262,0.1997545895027568,0.9292240738868713,0.5775246024131775,-1.0,0.8860465288162231,0.3084745705127716,0.2316250056028366,0.05299999937415123,0.42649999260902405,-0.5752500295639038,0.0024895600508898497,0.0017301300540566444,7.423000351991504e-05,-7.423000351991504e-05,0.3695000112056732,0.013000000268220901,0.3824999928474426,0.020999999716877937,0.06599999964237213,0.0002500000118743628,-0.0010000000474974513,-0.44473132491111755,-0.12317486107349396,-0.6134990453720093,0.14495138823986053,-0.0055268677
226,226,-0.10075693037148262,-0.36894426124126706,0.018243069628517378,0.15905573875873297,0.16009852473260722,0.2016976979496998,0.9260149002075195,0.5799102187156677,-1.0,0.8860465288162231,0.3084745705127716,0.23012499511241913,0.05299999937415123,0.4151250123977661,-0.5732499957084656,0.00042825000127777457,0.001581670017912984,0.0,6.28100024187006e-05,0.17599999904632568,0.005499999970197678,0.18150000274181366,0.005249999929219484,0.061500001698732376,0.0,0.0002500000118743628,0.1047663763165474,0.20383773744106293,-0.6225615739822388,-0.6890484094619751,-0.0987074
227,227,-0.10006204908285488,-0.3675092374317009,0.01893795091714512,0.16049076256829914,0.16160424145019944,0.19868345194418782,0.9284722805023193,0.5780605673789978,-1.0,0.8860465288162231,0.3084745705127716,0.23012499511241913,0.05299999937415123,0.41862499713897705,-0.5858749747276306,0.0008165300241671503,0.001878590090200305,6.851999933132902e-05,-6.28100024187006e-05,0.23600000143051147,0.011500000022351742,0.2475000023841858,0.008999999612569809,0.0689999982714653,0.0005000000237487257,-0.0002500000118743628,-0.5115500688552856,0.2720023989677429,-0.7848846912384033,-0.9793789982795715,-0.015686924
228,228,-0.10187279811644726,-0.3659243961139765,0.01712720188355274,0.16207560388602354,0.16297804275232655,0.19597259959219707,0.9300882816314697,0.5804927945137024,-1.0,0.8860465288162231,0.3084745705127716,0.22362500429153442,0.05324999988079071,0.40437498688697815,-0.6041250228881836,0.0002169799990952015,0.002089860150590539,-7.423000351991504e-05,0.0,0.20200000703334808,0.006500000134110451,0.2084999978542328,0.003000000026077032,0.07374999672174454,-0.0002500000118743628,-0.0002500000118743628,-0.5811378955841064,-0.9695401787757874,-0.5578479766845703,0.5797528028488159,0.0
229,229,-0.1002659517041955,-0.36590282230320537,0.018734048295804495,0.16209717769679466,0.16317616119646816,0.19558472607829652,0.9258772134780884,0.5831789970397949,-1.0,0.8860465288162231,0.3084745705127716,0.2133750021457672,0.05387499928474426,0.39387500286102295,-0.593500018119812,0.0001484600070398301,0.0007023300277069211,0.0,0.0,0.07450000196695328,0.0,0.07450000196695328,0.0017500000540167093,0.036249998956918716,0.0,0.0,0.3905618488788605,0.8690301179885864,-0.7834526300430298,0.37831926345825195,-0.11801432
230,230,-0.13059331685047265,-0.3610975630755568,-0.011593316850472657,0.16690243692444323,0.16730459780565868,0.18767454159808228,0.9296140670776367,0.5832155346870422,-1.0,0.8860465288162231,0.3084745705127716,0.2162500023841858,0.05612500011920929,0.3973749876022339,-0.5866249799728394,0.0010449300752952695,0.0016730300849303603,7.423000351991504e-05,6.28100024187006e-05,0.23800000548362732,0.012000000104308128,0.25,0.010499999858438969,0.06424999982118607,0.0005000000237487257,0.0002500000118743628,0.7660712599754333,0.33332937955856323,-0.29912224411964417,-0.09772449731826782,-0.04596428
231,231,-0.09985225483054769,-0.3630364428610475,0.019147745169452307,0.1649635571389525,0.1660711032329548,0.19000383319216577,0.8590853214263916,0.5913600921630859,-1.0,0.8860465288162231,0.3084745705127716,0.22075000405311584,0.0560000017285347,0.39237499237060547,-0.5877500176429749,0.0017701000906527042,0.002175510162487626,-7.423000351991504e-05,-6.851999933132902e-05,0.34549999237060547,0.012500000186264515,0.3580000102519989,0.01575000025331974,0.0767500028014183,-0.0005000000237487257,-0.0010000000474974513,-0.9829432964324951,0.488249272108078,0.794683039188385,-0.9928770661354065,-0.032341637
232,232,-0.09620370108562917,-0.3629609121885445,0.02279629891437082,0.16503908781145554,0.16660603755515788,0.18899015115872492,0.9305761456489563,0.5880738496780396,-1.0,0.8860465288162231,0.3084745705127716,0.2084999978542328,0.06587500125169754,0.40687501430511475,-0.6066250205039978,0.0002797899942379445,0.0017130000051110983,6.851999933132902e-05,0.0,0.1745000034570694,0.006000000052154064,0.18050000071525574,0.0035000001080334187,0.06499999761581421,0.0002500000118743628,-0.0002500000118743628,-0.298293799161911,-0.4599529504776001,0.730832576751709,0.1445229947566986,-0.0066572414
233,233,-0.09863163478271364,-0.3599038495852671,0.020368365217286355,0.16809615041473291,0.16932568052683938,0.1839195573526943,0.939061164855957,0.5882018208503723,-1.0,0.8860465288162231,0.3084745705127716,0.20362499356269836,0.06624999642372131,0.4206250011920929,-0.6029999852180481,0.00017130000924225897,0.001050640014000237,0.0,6.28100024187006e-05,0.10700000077486038,0.005499999970197678,0.11249999701976776,0.0022499999031424522,0.04724999889731407,0.0,0.0,-0.639165997505188,0.5018405914306641,0.3530362546443939,-0.8621096611022949,0.0
234,234,-0.09903931416391945,-0.35927382375530426,0.019960685836080544,0.16872617624469577,0.16990277081084595,0.1828612321399556,0.9334148168563843,0.5933833122253418,-1.0,0.8860465288162231,0.3084745705127716,0.1913750022649765,0.07750000059604645,0.4272499978542328,-0.6191250085830688,0.00021127000218257308,0.0009136000298894942,0.0,0.0,0.09849999845027924,0.0,0.09849999845027924,0.003000000026077032,0.04349999874830246,-0.0002500000118743628,0.0,0.1824740469455719,0.4412621259689331,-0.8909608125686646,0.7449640035629272,-0.13091531
235,235,-0.10004240527530642,-0.35984231363475444,0.018957594724693577,0.16815768636524558,0.169222923628739,0.18410864451824482,0.9324666857719421,0.5944511294364929,-1.0,0.8860465288162231,0.3084745705127716,0.19175000488758087,0.07750000059604645,0.4308750033378601,-0.6051250100135803,0.0008279500179924071,0.001513150054961443,1.7129999832832254e-05,0.0,0.20499999821186066,0.001500000013038516,0.20649999380111694,0.008999999612569809,0.05999999865889549,0.0,-0.0002500000118743628,0.5786571502685547,-0.6561997532844543,-0.6672796607017517,0.8741769194602966,-0.10407357
236,236,-0.09894233488153495,-0.3615444395471566,0.020057665118465046,0.16645556045284343,0.1676596657985298,0.1870093510083938,0.9301339387893677,0.5934876203536987,-1.0,0.8860465288162231,0.3084745705127716,0.1993750035762787,0.07724999636411667,0.4345000088214874,-0.5888749957084656,0.0017187100602313876,0.0006794900400564075,6.851999933132902e-05,1.1420000191719737e-05,0.20999999344348907,0.007000000216066837,0.21699999272823334,0.015250000171363354,0.035999998450279236,0.0002500000118743628,0.0,-0.5176669955253601,0.4026493430137634,-0.8202958703041077,0.7610828876495361,0.0
237,237,-0.10023052780092861,-0.359901426824365,0.01876947219907138,0.16809857317563504,0.16914320379582515,0.18425547414042331,0.9326922297477722,0.5906026363372803,-1.0,0.8860465288162231,0.3084745705127716,0.19587500393390656,0.07737500220537186,0.4193750023841858,-0.5745000243186951,0.00020556000526994467,0.0011819700011983514,-7.423000351991504e-05,0.0,0.12150000035762787,0.006500000134110451,0.12800000607967377,0.003000000026077032,0.0507499985396862,-0.0002500000118743628,-0.0002500000118743628,0.48836052417755127,0.41719144582748413,-0.7134256362915039,-0.9751253724098206,-0.14101505
238,238,-0.09907160627095118,-0.3611499024008921,0.01992839372904881,0.1668500975991079,0.16803599598137248,0.18630690097060057,0.9296964406967163,0.5933874249458313,-1.0,0.8860465288162231,0.3084745705127716,0.1993750035762787,0.07724999636411667,0.40587499737739563,-0.5709999799728394,0.0017244199989363551,0.0017586800968274474,0.0,7.423000351991504e-05,0.3050000071525574,0.006500000134110451,0.31150001287460327,0.01425000000745058,0.06650000065565109,0.0,0.0002500000118743628,-0.7859381437301636,-0.9466766715049744,0.09133364260196686,0.2275659739971161,-0.013039964
239,239,-0.09823255210228182,-0.3607264689910105,0.020767447897718172,0.1672735310089895,0.1685577677486262,0.18533733581916906,0.9323915839195251,0.5912713408470154,-1.0,0.8860465288162231,0.3084745705127716,0.19062499701976776,0.07762499898672104,0.40950000286102295,-0.5668749809265137,0.0001827200030675158,0.0005196100100874901,6.851999933132902e-05,6.28100024187006e-05,0.061500001698732376,0.011500000022351742,0.0729999989271164,0.0024999999441206455,0.030249999836087227,0.0002500000118743628,0.0005000000237487257,0.9714671969413757,-0.5299510359764099,0.7507105469703674,-0.8876234889030457,0.0
240,240,-0.09890005657119283,-0.3641367956991843,0.020099943428807165,0.16386320430081575,0.16509136091743906,0.19187453018816858,0.9343429207801819,0.5919890403747559,-1.0,0.8860465288162231,0.3084745705127716,0.20225000381469727,0.07237499952316284,0.42362499237060547,-0.5831249952316284,0.001764390035532415,0.000308340007904917,0.0,0.0,0.18150000274181366,0.0,0.18150000274181366,0.01549999974668026,0.020999999716877937,0.0,-0.0002500000118743628,0.7796964645385742,-0.24102714657783508,0.07658778876066208,0.8028527498245239,-0.057025354
241,241,-0.09940691273203989,-0.363988772978955,0.019593087267960108,0.16401122702104504,0.16517739451159372,0.19170952462386687,0.9327905774116516,0.5862088203430176,-1.0,0.8860465288162231,0.3084745705127716,0.21012499928474426,0.06599999964237213,0.42750000953674316,-0.5682500004768372,0.0017986500170081854,0.0003768599999602884,0.0,6.851999933132902e-05,0.19050000607967377,0.006000000052154064,0.1965000033378601,0.01575000025331974,0.02474999986588955,-0.0002500000118743628,0.0,-0.046063315123319626,0.6982983350753784,-0.480712890625,0.37654340267181396,-0.08168555
242,242,-0.09704835912095486,-0.364431886589387,0.021951640879045137,0.163568113410613,0.16503454869205333,0.19198356934957111,0.9316118359565735,0.5864596962928772,-1.0,0.8860465288162231,0.3084745705127716,0.21012499928474426,0.06599999964237213,0.4311249852180481,-0.5615000128746033,0.001570250024087727,0.001164840068668127,7.423000351991504e-05,6.851999933132902e-05,0.2395000010728836,0.012500000186264515,0.25200000405311584,0.01425000000745058,0.0507499985396862,0.0,0.0005000000237487257,0.5448306798934937,0.604267418384552,-0.8844120502471924,0.005468254443258047,-0.036256045
243,243,-0.1019952381467841,-0.3636027463659623,0.017004761853215894,0.16439725363403773,0.16527437468675754,0.19152369451482823,0.9370968341827393,0.5857086777687073,-1.0,0.8860465288162231,0.3084745705127716,0.21637499332427979,0.06562499701976776,0.41462498903274536,-0.5615000128746033,0.00267799012362957,0.0016102200606837869,0.0,7.423000351991504e-05,0.37549999356269836,0.006500000134110451,0.38199999928474426,0.02199999988079071,0.06274999678134918,0.0,0.0005000000237487257,-0.7640624642372131,-0.5176061391830444,-0.6188102960586548,0.932749330997467,-0.09825724
244,244,-0.10506463370823033,-0.36504679090710473,0.013935366291769669,0.1629532090928953,0.16354798313448762,0.19485884947981974,0.9255924820899963,0.5871139764785767,-1.0,0.8860465288162231,0.3084745705127716,0.21125000715255737,0.06575000286102295,0.4182499945163727,-0.5443750023841858,0.0002969200140796602,0.0009021800360642374,1.1420000191719737e-05,6.28100024187006e-05,0.10499999672174454,0.006500000134110451,0.11150000244379044,0.0037499999161809683,0.04324999824166298,0.0002500000118743628,0.0010000000474974513,0.6396341323852539,-0.9861990213394165,-0.5628822445869446,0.8763296604156494,-0.09154587
245,245,-0.10181746526156005,-0.3643204311329047,0.017182534738439947,0.16367956886709534,0.16457898032420756,0.1928601810296327,0.9184543490409851,0.5846664309501648,-1.0,0.8860465288162231,0.3084745705127716,0.21825000643730164,0.05887499824166298,0.421999990940094,-0.5286250114440918,0.0014731800183653831,0.0003026300109922886,6.28100024187006e-05,7.994000043254346e-05,0.15549999475479126,0.012500000186264515,0.1679999977350235,0.013500000350177288,0.020250000059604645,0.0002500000118743628,0.0022499999031424522,-0.8996559381484985,-0.09565538167953491,-0.29431962966918945,-0.905048131942749,0.0
246,246,-0.10399445934329421,-0.3640424545376011,0.015005540656705785,0.16395754546239893,0.16464277379968628,0.1927371880522579,0.9260058999061584,0.5858975648880005,-1.0,0.8860465288162231,0.3084745705127716,0.20737500488758087,0.05912499874830246,0.4166249930858612,-0.5443750023841858,0.00016558999777771533,0.00022840000747237355,0.0,0.0,0.03449999913573265,0.0,0.03449999913573265,0.0017500000540167093,0.016249999403953552,0.0,0.0,-0.6709703207015991,-0.5174410939216614,-0.8810005187988281,-0.9281588792800903,-0.26509914
247,247,-0.1059557671741064,-0.3639566537941933,0.013044232825893592,0.16404334620580674,0.16456114804052105,0.19289457547079827,0.9209431409835815,0.58636873960495,-1.0,0.8860465288162231,0.3084745705127716,0.195374995470047,0.05662500113248825,0.4203749895095825,-0.5406249761581421,0.00010278000263497233,7.994000043254346e-05,2.2840000383439474e-05,0.0,0.01600000075995922,0.0020000000949949026,0.017999999225139618,0.000750000006519258,0.0020000000949949026,0.0,0.0,0.47993287444114685,0.9739059805870056,-0.8476960062980652,0.6432299613952637,-0.12572353
248,248,-0.10229058203156885,-0.3646592473205347,0.016709417968431145,0.16334075267946535,0.16419319758972353,0.1936056393098647,0.9163819551467896,0.5865141749382019,-1.0,0.8860465288162231,0.3084745705127716,0.20149999856948853,0.05950000137090683,0.42399999499320984,-0.5293750166893005,0.0005310300039127469,0.0005995500250719488,7.423000351991504e-05,6.851999933132902e-05,0.0989999994635582,0.012500000186264515,0.11150000244379044,0.0062500000931322575,0.032749999314546585,0.0002500000118743628,0.001500000013038516,-0.020979901775717735,-0.8733439445495605,-0.9362819790840149,-0.8806910514831543,0.0
249,249,-0.10229132072477906,-0.36417310663740554,0.016708679275220933,0.16382689336259448,0.1646767468465451,0.192671720478341,0.9249055981636047,0.5853233337402344,-1.0,0.8860465288162231,0.3084745705127716,0.2016250044107437,0.05712499842047691,0.40662500262260437,-0.5451250076293945,0.00042825000127777457,9.13600015337579e-05,0.0,0.0,0.045499999076128006,0.0,0.045499999076128006,0.005249999929219484,0.004749999847263098,0.0,0.0,0.7677746415138245,0.7833374738693237,-0.6329905986785889,0.7284046411514282,-0.09995888
250,250,-0.10370656521773669,-0.3643063868901678,0.015293434782263304,0.16369361310983221,0.16440647225821364,0.19319316752970697,0.924903929233551,0.5861472487449646,-1.0,0.8860465288162231,0.3084745705127716,0.21299999952316284,0.05712499842047691,0.4103749990463257,-0.5322499871253967,0.0011762600624933839,0.0006395200034603477,0.0,7.423000351991504e-05,0.1589999943971634,0.006500000134110451,0.1655000001192093,0.011250000447034836,0.03400000184774399,0.0,0.001500000013038516,-0.9210837483406067,-0.1330081671476364,-0.5843331813812256,-0.9482929706573486,-0.09411999
251,251,-0.09885966224947307,-0.36262900598738873,0.020140337750526927,0.1653709940126113,0.16659291361106696,0.18901495574813496,0.9216126203536987,0.5859214067459106,-1.0,0.8860465288162231,0.3084745705127716,0.2006250023841858,0.05962499976158142,0.414124995470047,-0.5492500066757202,0.00013703999866265804,0.0003882800228893757,0.0,0.0,0.04600000008940697,0.0,0.04600000008940697,0.001500000013038516,0.024250000715255737,0.0,0.0,-0.18544290959835052,0.7232875823974609,-0.9016026854515076,-0.30240678787231445,-0.19248115
252,252,-0.1052038682916645,-0.3621611816144259,0.01379613170833549,0.16583881838557413,0.1664116790782341,0.18935782672662801,0.9328845143318176,0.5887643694877625,-1.0,0.8860465288162231,0.3084745705127716,0.19699999690055847,0.06612499803304672,0.4177500009536743,-0.5456249713897705,0.0001484600070398301,0.0007537199999205768,6.851999933132902e-05,5.7100001868093386e-05,0.07900000363588333,0.010999999940395355,0.09000000357627869,0.0020000000949949026,0.03824999928474426,0.0002500000118743628,0.0002500000118743628,-0.3701252341270447,-0.9054950475692749,0.3358135521411896,0.42541489005088806,0.0
253,253,-0.09945966245617915,-0.36254295756339916,0.01954033754382084,0.16545704243660087,0.16660689566519626,0.1889885294222244,0.9181305170059204,0.5895572900772095,-1.0,0.8860465288162231,0.3084745705127716,0.19050000607967377,0.06575000286102295,0.42412498593330383,-0.5381249785423279,0.00011991000064881518,9.707000572234392e-05,0.0,6.28100024187006e-05,0.01899999938905239,0.005499999970197678,0.02449999935925007,0.0012499999720603228,0.005249999929219484,0.0,0.0010000000474974513,0.633213460445404,0.19505593180656433,-0.5825841426849365,-0.2619440257549286,-0.093910106
254,254,-0.10501207566489873,-0.3639759471491866,0.013987924335101265,0.16402405285081345,0.1646194154430484,0.1927822135504205,0.9314891695976257,0.5889102220535278,-1.0,0.8860465288162231,0.3084745705127716,0.19887499511241913,0.06549999862909317,0.42800000309944153,-0.5421249866485596,0.00074230000609532,0.0001827200030675158,0.0,-7.423000351991504e-05,0.08100000023841858,0.006500000134110451,0.08749999850988388,0.00800000037997961,0.013000000268220901,-0.0002500000118743628,-0.000750000006519258,0.1354392021894455,-0.7098292708396912,0.15977010130882263,0.752469539642334,-0.004827589
255,255,-0.10981221367188732,-0.36548389642572665,0.00918778632811268,0.16251610357427337,0.1627756103922667,0.19636971335839612,0.9185765385627747,0.5864814519882202,-1.0,0.8860465288162231,0.3084745705127716,0.2029999941587448,0.05575000122189522,0.43162500858306885,-0.5288749933242798,0.0003768599999602884,0.00010278000263497233,7.423000351991504e-05,6.28100024187006e-05,0.041999999433755875,0.012000000104308128,0.05400000140070915,0.004749999847263098,0.006000000052154064,0.0,0.000750000006519258,-0.5950809121131897,-0.7509863376617432,-0.9980621933937073,0.567319393157959,0.0
256,256,-0.10733237482294705,-0.3672050298073385,0.011667625177052943,0.16079497019266153,0.16121772829478498,0.19945287562757863,0.9074134826660156,0.5839256048202515,-1.0,0.8860465288162231,0.3084745705127716,0.1940000057220459,0.0442500002682209,0.4129999876022339,-0.5180000066757202,9.13600015337579e-05,7.423000351991504e-05,0.0,6.28100024187006e-05,0.014499999582767487,0.005499999970197678,0.019999999552965164,0.0005000000237487257,0.0010000000474974513,0.0,0.0002500000118743628,0.7343978881835938,0.7737128734588623,-0.917061448097229,-0.15900087356567383,-0.13404739
257,257,-0.10660546737014559,-0.36585851986154205,0.012394532629854405,0.16214148013845797,0.1626145258597844,0.19668628950224207,0.9131805300712585,0.5810084342956543,-1.0,0.8860465288162231,0.3084745705127716,0.2057500034570694,0.047874998301267624,0.4167500138282776,-0.5205000042915344,0.0003654400061350316,0.00035402001230977476,0.0,-6.28100024187006e-05,0.06300000101327896,0.005499999970197678,0.06849999725818634,0.0044999998062849045,0.022749999538064003,0.0,-0.0005000000237487257,-0.3195541799068451,-0.6158643364906311,0.1761399805545807,-0.9750148057937622,-0.002863203
258,258,-0.10382165923062506,-0.36771444821715765,0.015178340769374937,0.16028555178284237,0.16100260910569592,0.1998823988640557,0.9148709774017334,0.5832906365394592,-1.0,0.8860465288162231,0.3084745705127716,0.2017499953508377,0.04712500050663948,0.4205000102519989,-0.5391250252723694,9.707000572234392e-05,7.423000351991504e-05,0.0,6.28100024187006e-05,0.014999999664723873,0.005499999970197678,0.020500000566244125,0.000750000006519258,0.0012499999720603228,0.0,0.0002500000118743628,0.7150341272354126,0.6814152002334595,0.8686158657073975,-0.59638911485672,0.0
259,259,-0.10051866474261795,-0.3676714219414899,0.018481335257382048,0.16032857805851014,0.16139024969049257,0.1991090733942461,0.9213449954986572,0.580145001411438,-1.0,0.8860465288162231,0.3084745705127716,0.2121250033378601,0.04762500151991844,0.43674999475479126,-0.550125002861023,0.0005995500250719488,0.00042254000436514616,0.0,0.0,0.08950000256299973,0.0,0.08950000256299973,0.006750000175088644,0.025750000029802322,0.0,0.0,0.9477903246879578,0.9338278770446777,0.5914738178253174,0.15085026621818542,-0.005897969
260,260,-0.10305419382719325,-0.36644154428220627,0.015945806172806748,0.16155845571779376,0.16234347337795582,0.19722013574625633,0.9290263652801514,0.5802179574966431,-1.0,0.8860465288162231,0.3084745705127716,0.22587500512599945,0.048875000327825546,0.4477500021457672,-0.546750009059906,0.001638769987039268,0.00148460001219064,0.0,6.851999933132902e-05,0.273499995470047,0.006000000052154064,0.27950000762939453,0.014750000089406967,0.05824999883770943,0.0,0.000750000006519258,0.3255995810031891,-0.856839656829834,-0.8453315496444702,-0.6269797086715698,-0.1254398
261,261,-0.10085697552984468,-0.36703140908125315,0.01814302447015531,0.16096859091874688,0.1619878285529241,0.19792278768497346,0.9231297969818115,0.582302451133728,-1.0,0.8860465288162231,0.3084745705127716,0.2290000021457672,0.04874999821186066,0.4514999985694885,-0.5577499866485596,0.002466720063239336,0.000433959998190403,7.423000351991504e-05,-7.994000043254346e-05,0.2540000081062317,0.013500000350177288,0.26750001311302185,0.020500000566244125,0.026499999687075615,0.0,-0.000750000006519258,0.4828404188156128,0.6049701571464539,0.5495235919952393,-0.8687231540679932,-0.035025246
262,262,-0.09795704152163753,-0.36822773341114073,0.02104295847836246,0.1597722665888593,0.1611520501652511,0.19958391557317448,0.9282395839691162,0.5813027024269104,-1.0,0.8860465288162231,0.3084745705127716,0.23149999976158142,0.04874999821186066,0.46162500977516174,-0.5741249918937683,0.002746510086581111,0.001119159976951778,6.851999933132902e-05,-7.423000351991504e-05,0.3384999930858612,0.012500000186264515,0.35100001096725464,0.02250000089406967,0.04899999871850014,0.0002500000118743628,-0.0005000000237487257,0.5401709079742432,0.14123483002185822,-0.9840599298477173,-0.8060354590415955,-0.0413166
263,263,-0.09840225984607215,-0.36883143207435415,0.020597740153927846,0.15916856792564588,0.1604957940724606,0.2008980043570334,0.9349836111068726,0.5792750120162964,-1.0,0.8860465288162231,0.3084745705127716,0.23412500321865082,0.048624999821186066,0.44337499141693115,-0.5891249775886536,0.003043430158868432,0.0013132999883964658,0.0,-7.423000351991504e-05,0.3815000057220459,0.006500000134110451,0.3880000114440918,0.02449999935925007,0.054499998688697815,0.0,-0.0005000000237487257,-0.4444756507873535,-0.9544759392738342,-0.31122592091560364,-0.5503898859024048,-0.061347116
264,264,-0.10230603509316474,-0.36913431605379127,0.01669396490683525,0.15886568394620876,0.15974039564245276,0.20242133107717566,0.9339482188224792,0.578251838684082,-1.0,0.8860465288162231,0.3084745705127716,0.23412500321865082,0.04625000059604645,0.44712498784065247,-0.5995000004768372,0.0007080400246195495,0.0003768599999602884,0.0,0.0,0.0949999988079071,0.0,0.0949999988079071,0.00800000037997961,0.023499999195337296,0.0,-0.0002500000118743628,-0.7923086881637573,0.19989000260829926,0.6986968517303467,0.7657696008682251,0.0
265,265,-0.09907697775704172,-0.36408750865531164,0.019923022242958277,0.16391249134468838,0.1651188409422618,0.19182181026370027,0.9248696565628052,0.5777384638786316,-1.0,0.8860465288162231,0.3084745705127716,0.22224999964237213,0.04650000110268593,0.46012499928474426,-0.5853750109672546,0.0001884299999801442,0.0005424499977380037,0.0,0.0,0.06400000303983688,0.0,0.06400000303983688,0.0022499999031424522,0.030249999836087227,0.0,0.0,-0.9639710187911987,0.925308346748352,-0.6926036477088928,-0.9337372183799744,-0.24316092
266,266,-0.1012533402459897,-0.36319315927940804,0.017746659754010297,0.16480684072059198,0.16575958096208854,0.19059666036296158,0.9323791265487671,0.5862923860549927,-1.0,0.8860465288162231,0.3084745705127716,0.20412500202655792,0.06162500008940697,0.4638749957084656,-0.5816249847412109,0.00019985000835731626,0.0006623599911108613,0.0,6.28100024187006e-05,0.0754999965429306,0.005499999970197678,0.08100000023841858,0.0024999999441206455,0.03449999913573265,0.0,0.0,0.0693734660744667,0.7842906713485718,0.7580136060714722,-0.9050093293190002,0.0
267,267,-0.10255962961246606,-0.3638763918230642,0.01644037038753393,0.16412360817693583,0.1649449742777744,0.1921556145500646,0.9273177981376648,0.5878081917762756,-1.0,0.8860465288162231,0.3084745705127716,0.20412500202655792,0.0638749971985817,0.4781250059604645,-0.5985000133514404,0.0003997000167146325,0.0014960200060158968,5.7100000958598685e-06,0.0,0.16599999368190765,0.0005000000237487257,0.1665000021457672,0.004999999888241291,0.05925000086426735,-0.0002500000118743628,0.0,0.9401763677597046,0.4029003381729126,-0.2163442075252533,0.4964808523654938,-0.04996131
268,268,-0.10021542013306706,-0.3639317269524112,0.018784579866932938,0.1640682730475888,0.16514011826807967,0.19178100005395537,0.9242799282073975,0.5866501927375793,-1.0,0.8860465288162231,0.3084745705127716,0.21512499451637268,0.06362500041723251,0.4816249907016754,-0.5895000100135803,0.0021640900522470474,0.0020955700892955065,6.851999933132902e-05,7.423000351991504e-05,0.37299999594688416,0.012500000186264515,0.3855000138282776,0.0182499997317791,0.07474999874830246,0.0002500000118743628,0.0005000000237487257,0.6774992942810059,0.7046009302139282,-0.890166699886322,-0.9932119846343994,-0.10983439
269,269,-0.09978703942182202,-0.36303278782734,0.01921296057817798,0.16496721217266003,0.16608226559810066,0.18998262545417832,0.9297316074371338,0.5865563750267029,-1.0,0.8860465288162231,0.3084745705127716,0.21787500381469727,0.06362500041723251,0.4652499854564667,-0.6072499752044678,0.0029920400120317936,0.0023468099534511566,-5.7100000958598685e-06,-7.994000043254346e-05,0.4675000011920929,0.007499999832361937,0.4749999940395355,0.024000000208616257,0.0807500034570694,-0.0002500000118743628,-0.0010000000474974513,-0.7065518498420715,0.39268985390663147,-0.6958492994308472,0.27876201272010803,-0.2146247
270,270,-0.10117723817033042,-0.36311173277346687,0.017822761829669576,0.16488826722653316,0.16584870065275079,0.1904268768753303,0.9307278394699097,0.5880800485610962,-1.0,0.8860465288162231,0.3084745705127716,0.2147500067949295,0.06362500041723251,0.468625009059906,-0.6026250123977661,0.0003197600017301738,0.001581670017912984,7.423000351991504e-05,5.7100001868093386e-05,0.1665000021457672,0.011500000022351742,0.17800000309944153,0.004000000189989805,0.06199999898672104,0.0005000000237487257,0.0,0.358264684677124,-0.9266559481620789,0.4466823935508728,-0.5298951268196106,0.0
271,271,-0.09674302494704945,-0.3649035893916057,0.022256975052950545,0.1630964106083943,0.16460805597494194,0.19280411382833768,0.9274948239326477,0.5879462361335754,-1.0,0.8860465288162231,0.3084745705127716,0.21562500298023224,0.06350000202655792,0.47737500071525574,-0.612375020980835,0.0017415500478819013,0.0004568000149447471,0.0,-7.423000351991504e-05,0.19249999523162842,0.006500000134110451,0.19900000095367432,0.01549999974668026,0.02775000035762787,-0.0002500000118743628,-0.0002500000118743628,0.7809415459632874,0.3623369038105011,-0.8031157851219177,-0.3411153554916382,-0.16239479
272,272,-0.09697394159656605,-0.36798322678817513,0.02202605840343394,0.1600167732118249,0.16152558607823123,0.19883978862789387,0.9378069043159485,0.5849091410636902,-1.0,0.8860465288162231,0.3084745705127716,0.21987499296665192,0.06324999779462814,0.48100000619888306,-0.6186249852180481,0.002849290147423744,0.0008393700118176639,6.851999933132902e-05,-7.994000043254346e-05,0.3230000138282776,0.013000000268220901,0.335999995470047,0.023000000044703484,0.041749998927116394,0.0,-0.0005000000237487257,0.6073675751686096,-0.9336246848106384,-0.8086107969284058,-0.8336732983589172,-0.047272634
273,273,-0.09691839375633829,-0.3677651980684682,0.022081606243661706,0.16023480193153183,0.16174915481800006,0.19839574157845224,0.937269926071167,0.5796894431114197,-1.0,0.8860465288162231,0.3084745705127716,0.22699999809265137,0.05324999988079071,0.4658749997615814,-0.6345000267028809,0.0018843000289052725,0.000433959998190403,0.0,0.0,0.2029999941587448,0.0,0.2029999941587448,0.016750000417232513,0.026750000193715096,0.0,0.0,0.19858963787555695,-0.4184059798717499,0.7213484048843384,0.5710092782974243,-0.011519789
274,274,-0.12878006779500956,-0.3651879537700163,-0.009780067795009562,0.16281204622998374,0.16310552450382956,0.195722929465509,0.9373990893363953,0.5800589919090271,-1.0,0.8860465288162231,0.3084745705127716,0.22962500154972076,0.04937500134110451,0.4794999957084656,-0.6241250038146973,0.001667320029810071,0.00028550002025440335,0.0,6.851999933132902e-05,0.17100000381469727,0.006000000052154064,0.1770000010728836,0.015250000171363354,0.01899999938905239,-0.0002500000118743628,0.0005000000237487257,0.3371027112007141,-0.4599531590938568,0.006680389400571585,-0.11595837771892548,-0.023198355
275,275,-0.09937930602522277,-0.3697873906373146,0.019620693974777226,0.15821260936268544,0.15942459469417372,0.20306159000000162,0.8633021712303162,0.5844271779060364,-1.0,0.8860465288162231,0.3084745705127716,0.2371249943971634,0.04075000062584877,0.4832499921321869,-0.6257500052452087,0.0013132999883964658,0.00029121001716703176,0.0,-6.851999933132902e-05,0.1404999941587448,0.006000000052154064,0.14650000631809235,0.012749999761581421,0.01924999989569187,-0.0002500000118743628,-0.0005000000237487257,-0.8789182901382446,-0.5129040479660034,0.9617158770561218,-0.14497600495815277,0.0
276,276,-0.09726348025573286,-0.36980088363666086,0.02173651974426713,0.15819911636333917,0.15968543048360498,0.2025326228663965,0.9316760301589966,0.5766315460205078,-1.0,0.8860465288162231,0.3084745705127716,0.22624999284744263,0.03837500140070915,0.5012500286102295,-0.6286249756813049,0.0001541700039524585,9.707000572234392e-05,0.0,0.0,0.02199999988079071,0.0,0.02199999988079071,0.0017500000540167093,0.004999999888241291,-0.0002500000118743628,0.0,0.35064253211021423,0.038898173719644547,-0.5079723000526428,0.5059795379638672,-0.084956676
277,277,-0.09685149494084408,-0.37116317251917236,0.022148505059155915,0.15683682748082767,0.1583930135157683,0.20516717688973052,0.9365965723991394,0.5766086578369141,-1.0,0.8860465288162231,0.3084745705127716,0.22962500154972076,0.03687499836087227,0.5049999952316284,-0.6193749904632568,0.0007308800122700632,0.00014275001012720168,0.0,6.28100024187006e-05,0.07649999856948853,0.005499999970197678,0.0820000022649765,0.00800000037997961,0.00925000011920929,-0.0002500000118743628,0.0002500000118743628,0.17040622234344482,0.8822522163391113,-0.428053617477417,0.5355286002159119,-0.07536644
278,278,-0.09982181061255604,-0.3709740736142618,0.01917818938744395,0.1570259263857382,0.15819274479406426,0.20557847428479378,0.937554657459259,0.574299693107605,-1.0,0.8860465288162231,0.3084745705127716,0.23149999976158142,0.03737499937415123,0.5087500214576721,-0.609375,0.0010163800325244665,0.0008793400484137237,0.0,5.7100001868093386e-05,0.16599999368190765,0.004999999888241291,0.17100000381469727,0.010499999858438969,0.04125000163912773,-0.0002500000118743628,0.0002500000118743628,0.732667863368988,0.11799254268407822,0.17277096211910248,0.21207818388938904,-0.003267485
279,279,-0.09779034033136141,-0.37252914102044377,0.02120965966863858,0.15547085897955626,0.15691092267621315,0.2082305860017746,0.9306469559669495,0.5746201872825623,-1.0,0.8860465288162231,0.3084745705127716,0.24162499606609344,0.03700000047683716,0.512499988079071,-0.6056249737739563,0.0019870800897479057,0.0010392200201749802,1.1420000191719737e-05,6.28100024187006e-05,0.26499998569488525,0.006500000134110451,0.27149999141693115,0.017500000074505806,0.04625000059604645,-0.0002500000118743628,0.0005000000237487257,0.8753349184989929,-0.8028965592384338,-0.23629404604434967,0.6345627307891846,-0.10533757
280,280,-0.0977083575076943,-0.37580697978066296,0.021291642492305696,0.15219302021933706,0.15367514256867862,0.21507866679932314,0.9353712797164917,0.5719845294952393,-1.0,0.8860465288162231,0.3084745705127716,0.2486249953508377,0.03125,0.5162500143051147,-0.59375,0.002369650173932314,0.00047964000259526074,0.0,6.851999933132902e-05,0.24950000643730164,0.006000000052154064,0.2554999887943268,0.019750000908970833,0.02775000035762787,-0.0002500000118743628,0.0005000000237487257,0.86033034324646,-0.9956063032150269,0.834430456161499,-0.804187536239624,-0.060890738
281,281,-0.09819400410675291,-0.3753300287520819,0.02080599589324708,0.15266997124791815,0.15408117855841436,0.21420714055834267,0.9355619549751282,0.5664288401603699,-1.0,0.8860465288162231,0.3084745705127716,0.2591249942779541,0.017374999821186066,0.5318750143051147,-0.6083750128746033,0.0011762600624933839,0.00026837000041268766,0.0,-6.851999933132902e-05,0.1264999955892563,0.006000000052154064,0.13249999284744263,0.011749999597668648,0.0182499997317791,-0.0002500000118743628,-0.0002500000118743628,0.10415755212306976,0.488374799489975,-0.9762603044509888,-0.981152355670929,-0.14115125
282,282,-0.09611548554154137,-0.3757561035986975,0.022884514458458627,0.15224389640130254,0.1539542301901768,0.21447924570791,0.9344325661659241,0.5672372579574585,-1.0,0.8860465288162231,0.3084745705127716,0.2592499852180481,0.017374999821186066,0.5354999899864197,-0.6268749833106995,0.001667320029810071,0.0007137500215321779,7.423000351991504e-05,0.0,0.2084999978542328,0.006500000134110451,0.2150000035762787,0.015250000171363354,0.0364999994635582,0.0,0.0,0.13820147514343262,0.8222664594650269,0.013360569253563881,-0.8907185196876526,-0.13088623
283,283,-0.09663266900263018,-0.37496165193649245,0.022367330997369816,0.15303834806350758,0.15466426049334472,0.2129617717071959,0.9392663240432739,0.5665150880813599,-1.0,0.8860465288162231,0.3084745705127716,0.26087498664855957,0.017875000834465027,0.5358750224113464,-0.6234999895095825,0.0019014300778508186,0.0017929400783032179,6.851999933132902e-05,6.851999933132902e-05,0.32350000739097595,0.012000000104308128,0.33550000190734863,0.017000000923871994,0.06624999642372131,-0.0002500000118743628,0.000750000006519258,-0.3520508408546448,0.389413446187973,-0.6305224895477295,-0.7276291847229004,-0.12113964
284,284,-0.09661018303833982,-0.3755870493763197,0.022389816961660175,0.15241295062368032,0.1540487306711518,0.2142766575276034,0.9380635619163513,0.5678616166114807,-1.0,0.8860465288162231,0.3084745705127716,0.2603749930858612,0.017875000834465027,0.5394999980926514,-0.6367499828338623,0.0003768599999602884,0.0021241200156509876,6.851999933132902e-05,0.0,0.21899999678134918,0.006000000052154064,0.22499999403953552,0.004999999888241291,0.07400000095367432,0.0,0.0,0.4358547329902649,0.7667309641838074,-0.21494780480861664,-0.4390588104724884,-0.12631603
285,285,-0.09616393110088228,-0.3739491616077111,0.022836068899117712,0.15405083839228895,0.15573421862947262,0.2106953165865922,0.9381158351898193,0.5668016076087952,-1.0,0.8860465288162231,0.3084745705127716,0.2619999945163727,0.017875000834465027,0.5360000133514404,-0.6334999799728394,0.0020384700037539005,0.002649439964443445,-7.423000351991504e-05,7.423000351991504e-05,0.4104999899864197,0.013000000268220901,0.4235000014305115,0.017999999225139618,0.08699999749660492,-0.0010000000474974513,0.0010000000474974513,-0.9866352677345276,0.1342642456293106,0.08133725821971893,0.48491209745407104,-0.06342643
286,286,-0.0970680536838385,-0.3720785071242106,0.021931946316161494,0.15592149287578944,0.15745641368273902,0.207097799315982,0.9391536712646484,0.569577693939209,-1.0,0.8860465288162231,0.3084745705127716,0.2511250078678131,0.023624999448657036,0.5371249914169312,-0.6241250038146973,0.00021127000218257308,0.001387530006468296,0.0,6.28100024187006e-05,0.14000000059604645,0.005499999970197678,0.14550000429153442,0.003000000026077032,0.05674999952316284,-0.0002500000118743628,0.0002500000118743628,-0.8781318664550781,-0.6658276319503784,0.09952780604362488,-0.5494886636734009,-0.012056665
287,287,-0.1276689382219175,-0.3698922157148079,-0.0086689382219175,0.15810778428519212,0.15834526182197012,0.20526517108689568,0.9370510578155518,0.5727483034133911,-1.0,0.8860465288162231,0.3084745705127716,0.23537500202655792,0.027374999597668648,0.5408750176429749,-0.6342499852180481,0.00014275001012720168,0.0003939900198020041,0.0,0.0,0.04699999839067459,0.0,0.04699999839067459,0.0017500000540167093,0.02449999935925007,-0.0002500000118743628,0.0,0.9160500764846802,-0.2635447680950165,-0.30002743005752563,-0.5419871807098389,-0.14904177
288,288,-0.09786388231566967,-0.3756004136780086,0.021136117684330324,0.1523995863219914,0.15385827693653653,0.21468514428994656,0.8658862113952637,0.5764538645744324,-1.0,0.8860465288162231,0.3084745705127716,0.2473749965429306,0.025750000029802322,0.5446249842643738,-0.6306250095367432,0.001261910074390471,0.00025695000658743083,0.0,6.851999933132902e-05,0.13300000131130219,0.006000000052154064,0.13899999856948853,0.012000000104308128,0.017999999225139618,-0.0002500000118743628,0.0002500000118743628,0.36290934681892395,-0.7953615188598633,-0.9618923664093018,-0.421263188123703,-0.1394271
289,289,-0.09802176801901416,-0.3763154769729959,0.020978231980985834,0.15168452302700414,0.15312831463507265,0.2162579985476195,0.9352002739906311,0.5667789578437805,-1.0,0.8860465288162231,0.3084745705127716,0.25562500953674316,0.013875000178813934,0.5483750104904175,-0.6382499933242798,0.0008393700118176639,0.00017130000924225897,0.0,-6.851999933132902e-05,0.0885000005364418,0.006000000052154064,0.09449999779462814,0.008999999612569809,0.012000000104308128,-0.0002500000118743628,-0.0002500000118743628,-0.18365216255187988,-0.232711523771286,0.740960419178009,0.6823369264602661,0.0
290,290,-0.09782227264710375,-0.37613017599300913,0.021177727352896247,0.1518698240069909,0.1533392956151423,0.21580221627882207,0.9348331093788147,0.5655670166015625,-1.0,0.8860465288162231,0.3084745705127716,0.25562500953674316,0.012500000186264515,0.562250018119812,-0.6256250143051147,0.0001827200030675158,0.00010278000263497233,0.0,0.0,0.02500000037252903,0.0,0.02500000037252903,0.0022499999031424522,0.0062500000931322575,-0.0002500000118743628,0.0,-0.09644955396652222,0.5408287048339844,-0.8268489837646484,-0.13428854942321777,-0.16333652
291,291,-0.09898578204558298,-0.3751014894794477,0.02001421795441702,0.1528985105205523,0.15420286456395793,0.21394663897453875,0.9352970123291016,0.565881073474884,-1.0,0.8860465288162231,0.3084745705127716,0.25437501072883606,0.012500000186264515,0.5659999847412109,-0.621874988079071,0.00013703999866265804,0.00044538002111949027,0.0,5.7100000958598685e-06,0.050999999046325684,0.0005000000237487257,0.051500000059604645,0.0012499999720603228,0.026499999687075615,-0.0002500000118743628,0.0,-0.8187434673309326,-0.5951172709465027,-0.2991003394126892,0.9375091791152954,-0.059892043
292,292,-0.09791254028659374,-0.3744694001953288,0.021087459713406254,0.1535305998046712,0.1549720169370801,0.21230737562163843,0.9325911998748779,0.567624568939209,-1.0,0.8860465288162231,0.3084745705127716,0.23925000429153442,0.012749999761581421,0.5697500109672546,-0.6041250228881836,0.00010848999954760075,8.565000462112948e-05,5.139000131748617e-05,-6.28100024187006e-05,0.017000000923871994,0.009999999776482582,0.027000000700354576,0.0010000000474974513,0.0037499999161809683,-0.0002500000118743628,-0.0005000000237487257,-0.12788420915603638,0.7494502663612366,0.4014705717563629,0.7697798609733582,0.0
293,293,-0.09889901905521559,-0.3764996814125089,0.020100980944784408,0.15150031858749113,0.1528279947099153,0.21690844062170705,0.9350871443748474,0.5686959028244019,-1.0,0.8860465288162231,0.3084745705127716,0.23675000667572021,0.01862500049173832,0.5772500038146973,-0.5899999737739563,0.00010848999954760075,0.000308340007904917,0.0,0.0,0.0364999994635582,0.0,0.0364999994635582,0.0012499999720603228,0.019999999552965164,-0.0002500000118743628,0.0,0.16439001262187958,-0.9547483325004578,-0.06185164675116539,-0.668182373046875,-0.13560408
294,294,-0.09691355488659897,-0.3752659329822221,0.02208644511340102,0.15273406701777792,0.1543227341824216,0.21369033560031214,0.9327929615974426,0.5652547478675842,-1.0,0.8860465288162231,0.3084745705127716,0.23925000429153442,0.009999999776482582,0.5808749794960022,-0.5863749980926514,0.0001598800008650869,7.994000043254346e-05,0.0,6.28100024187006e-05,0.020999999716877937,0.005499999970197678,0.026499999687075615,0.0022499999031424522,0.001500000013038516,0.0,0.0002500000118743628,0.4657893478870392,0.5395412445068359,0.8610914945602417,-0.653418779373169,0.0
295,295,-0.09609011008890003,-0.3738543034830801,0.022909889911099962,0.15414569651691995,0.15583888734980467,0.21047489986872367,0.9374103546142578,0.5673458576202393,-1.0,0.8860465288162231,0.3084745705127716,0.24637499451637268,0.010874999687075615,0.597000002861023,-0.5985000133514404,0.00041112001053988934,0.0003026300109922886,0.0,-1.7129999832832254e-05,0.0625,0.001500000013038516,0.06400000303983688,0.005249999929219484,0.019750000908970833,0.0,0.0,-0.7073153257369995,0.39408761262893677,-0.43385764956474304,-0.3763495981693268,-0.14522488
296,296,-0.09741475523842194,-0.37618181941510626,0.021585244761578054,0.15181818058489377,0.1533449795315277,0.21578995060987943,0.9393253326416016,0.5697384476661682,-1.0,0.8860465288162231,0.3084745705127716,0.23512500524520874,0.019375000149011612,0.6006249785423279,-0.5950000286102295,0.00011991000064881518,0.00025695000658743083,6.851999933132902e-05,6.28100024187006e-05,0.032999999821186066,0.011500000022351742,0.04450000077486038,0.0012499999720603228,0.017500000074505806,0.0002500000118743628,0.0005000000237487257,0.9687581658363342,-0.6079461574554443,-0.8089553117752075,-0.026670975610613823,0.0
297,297,-0.09744413606455232,-0.3761392329963837,0.021555863935447672,0.15186076700361634,0.15338301022254774,0.2157078998037439,0.9362447261810303,0.565793514251709,-1.0,0.8860465288162231,0.3084745705127716,0.25037500262260437,0.011874999850988388,0.5856249928474426,-0.5950000286102295,0.000616680015809834,0.00014275001012720168,0.0,-6.851999933132902e-05,0.06650000065565109,0.006000000052154064,0.07249999791383743,0.007000000216066837,0.009750000201165676,0.0,-0.0005000000237487257,0.7043665647506714,0.9045987129211426,-0.8770180344581604,-0.2987525761127472,-0.12924217
298,298,-0.09577652306069157,-0.3774806331964721,0.02322347693930843,0.1505193668035279,0.1523003928559791,0.21805587786414696,0.9361764192581177,0.565865695476532,-1.0,0.8860465288162231,0.3084745705127716,0.2603749930858612,0.012374999932944775,0.5895000100135803,-0.6004999876022339,0.0013932400615885854,0.0009193100268021226,0.0,-7.423000351991504e-05,0.20250000059604645,0.006500000134110451,0.20900000631809235,0.013249999843537807,0.042500000447034836,-0.0002500000118743628,-0.0005000000237487257,0.7964386343955994,-0.05402384325861931,-0.7372089624404907,0.826843798160553,-0.11246508
299,299,-0.12703614262332297,-0.3738393682657072,-0.008036142623322973,0.15416063173429284,0.15436994514794208,0.2135894741403592,0.9400545954704285,0.5635921359062195,-1.0,0.8860465288162231,0.3084745705127716,0.2705000042915344,0.012000000104308128,0.5932499766349792,-0.5855000019073486,0.0027979000005871058,0.0008622099994681776,0.0,7.994000043254346e-05,0.320499986410141,0.007000000216066837,0.32749998569488525,0.022749999538064003,0.04125000163912773,-0.0002500000118743628,0.0005000000237487257,-0.6937025189399719,0.7956497669219971,-0.7395177483558655,0.4522171914577484,-0.11274213
300,300,-0.0981014468789832,-0.3745063655184174,0.020898553121016794,0.15349363448158265,0.15490979745941721,0.21243951326520294,0.8673577904701233,0.5697637796401978,-1.0,0.8860465288162231,0.3084745705127716,0.2668749988079071,0.012000000104308128,0.596875011920929,-0.5767499804496765,0.000308340007904917,0.0020099200773984194,0.0,3.997000021627173e-05,0.2029999941587448,0.0035000001080334187,0.20649999380111694,0.004000000189989805,0.07100000232458115,0.0,-0.0002500000118743628,-0.7479766607284546,0.6662207841873169,-0.8501527309417725,0.6272220015525818,-0.16690299
301,301,-0.09788119226330552,-0.3708590414681413,0.021118807736694473,0.15714095853185872,0.15855372871216497,0.2048377068835511,0.934647798538208,0.5686332583427429,-1.0,0.8860465288162231,0.3084745705127716,0.25312501192092896,0.023000000044703484,0.6004999876022339,-0.5651249885559082,0.00026837000041268766,0.001581670017912984,6.851999933132902e-05,0.0,0.16200000047683716,0.006000000052154064,0.1679999977350235,0.0035000001080334187,0.061000000685453415,0.0002500000118743628,0.0,-0.7151386141777039,0.7422274947166443,-0.9771190881729126,0.8721716403961182,0.0
302,302,-0.09712058816994587,-0.3680559184023096,0.021879411830054124,0.1599440815976904,0.16143363311329445,0.19902271179776138,0.9351600408554077,0.5748152136802673,-1.0,0.8860465288162231,0.3084745705127716,0.2395000010728836,0.035750001668930054,0.5823749899864197,-0.5488749742507935,0.0002969200140796602,0.0016844500787556171,0.0,0.0,0.17350000143051147,0.0,0.17350000143051147,0.004000000189989805,0.06324999779462814,0.0,0.0,-0.8901368975639343,0.3685080409049988,0.6966076493263245,-0.6186580657958984,-0.098238975
303,303,-0.10379332141442524,-0.3682770607815643,0.015206678585574757,0.15972293921843572,0.16044519433807014,0.20099968393626283,0.9369288682937622,0.579566240310669,-1.0,0.8860465288162231,0.3084745705127716,0.22337499260902405,0.04874999821186066,0.5953750014305115,-0.5454999804496765,0.00022840000747237355,0.0011876800563186407,0.0,5.7100001868093386e-05,0.12399999797344208,0.004999999888241291,0.1289999932050705,0.003000000026077032,0.050999999046325684,0.0,0.000750000006519258,0.5160948038101196,0.12476473301649094,-0.9608038663864136,0.7779620885848999,-0.13929649
304,304,-0.10131157587636222,-0.3679011135936036,0.017688424123637775,0.1600988864063964,0.1610730696812658,0.19974161018143605,0.921410858631134,0.5791914463043213,-1.0,0.8860465288162231,0.3084745705127716,0.22699999809265137,0.04874999821186066,0.5989999771118164,-0.5318750143051147,0.0016330600483343005,0.001330430037342012,6.851999933132902e-05,6.851999933132902e-05,0.25949999690055847,0.012000000104308128,0.27149999141693115,0.014999999664723873,0.05550000071525574,0.0002500000118743628,0.0024999999441206455,-0.4836238920688629,-0.9767329096794128,-0.6681599617004395,-0.1151827871799469,0.0
305,305,-0.10598554059293555,-0.3661934943122182,0.013014459407064444,0.16180650568778182,0.16232905296510633,0.1972485777547315,0.9271823763847351,0.5798286199569702,-1.0,0.8860465288162231,0.3084745705127716,0.2241249978542328,0.04874999821186066,0.5867499709129333,-0.5326250195503235,0.00021127000218257308,0.00029121001716703176,0.0,-6.851999933132902e-05,0.04399999976158142,0.006000000052154064,0.05000000074505806,0.002749999985098839,0.01899999938905239,-0.0002500000118743628,-0.0002500000118743628,-0.4562816917896271,0.6599302291870117,-0.8987443447113037,0.8486447930335999,-0.13184933
306,306,-0.10745432446935402,-0.3660102083583857,0.011545675530645977,0.1619897916416143,0.16240072419651513,0.197107257919001,0.9163126945495605,0.5827229022979736,-1.0,0.8860465288162231,0.3084745705127716,0.2160000056028366,0.051624998450279236,0.5889999866485596,-0.5197499990463257,0.00017130000924225897,0.0007480100030079484,8.565000462112948e-05,9.13600015337579e-05,0.08049999922513962,0.01549999974668026,0.09600000083446503,0.0020000000949949026,0.0377499982714653,0.002749999985098839,0.005750000011175871,-0.8430388569831848,-0.9374327063560486,-0.9562926888465881,-0.4038641154766083,0.0
307,307,-0.10505057843663601,-0.3672255969636185,0.013949421563363984,0.16077440303638152,0.16137842183407697,0.1991326251223624,0.9128969311714172,0.583033561706543,-1.0,0.8860465288162231,0.3084745705127716,0.20074999332427979,0.051375001668930054,0.5726249814033508,-0.5241249799728394,0.00010278000263497233,8.565000462112948e-05,0.0,-6.28100024187006e-05,0.016499999910593033,0.005499999970197678,0.02199999988079071,0.0010000000474974513,0.0032500000670552254,-0.0002500000118743628,-0.0005000000237487257,0.5633662939071655,-0.2817533314228058,-0.7999069094657898,-0.9788263440132141,-0.11998883
308,308,-0.10374725235525026,-0.3689492225819193,0.015252747644749737,0.1590507774180807,0.15978046222242026,0.2023402440181788,0.918487012386322,0.5809735655784607,-1.0,0.8860465288162231,0.3084745705127716,0.2096250057220459,0.045625001192092896,0.5763750076293945,-0.5426250100135803,0.00034260001848451793,9.13600015337579e-05,0.0,0.0,0.03799999877810478,0.0,0.03799999877810478,0.0042500002309679985,0.0042500002309679985,-0.0002500000118743628,0.0,-0.12250406295061111,-0.4851774573326111,-0.6824922561645508,0.1350746899843216,-0.11369011
309,309,-0.1028445359860439,-0.3671719902038982,0.016155464013956095,0.16082800979610185,0.16163739589736423,0.19861759046269614,0.9215180277824402,0.5780521631240845,-1.0,0.8860465288162231,0.3084745705127716,0.20925000309944153,0.03787500038743019,0.5799999833106995,-0.5389999747276306,0.00010278000263497233,7.994000043254346e-05,0.0,6.851999933132902e-05,0.01600000075995922,0.006000000052154064,0.02199999988079071,0.0005000000237487257,0.0017500000540167093,0.0,0.0002500000118743628,-0.7359225749969482,0.4045967757701874,-0.8641490936279297,-0.8406579494476318,-0.1276979
310,310,-0.10207883618312638,-0.36717064948611694,0.016921163816873613,0.16082935051388308,0.16171705467153097,0.19845943712472228,0.9236173629760742,0.5810644030570984,-1.0,0.8860465288162231,0.3084745705127716,0.19550000131130219,0.04324999824166298,0.5837500095367432,-0.5544999837875366,0.00010278000263497233,0.00010848999954760075,0.0,0.0,0.01850000023841858,0.0,0.01850000023841858,0.0005000000237487257,0.006000000052154064,0.0,-0.0002500000118743628,0.6303674578666687,0.6673756241798401,-0.9941461086273193,-0.9652305245399475,-0.28312522
311,311,-0.101961916175145,-0.36782703057897015,0.017038083824855,0.16017296942102988,0.1610766166567108,0.19973452552121576,0.925398051738739,0.5810666680335999,-1.0,0.8860465288162231,0.3084745705127716,0.20537500083446503,0.04712500050663948,0.5876250267028809,-0.5509999990463257,0.00034831001539714634,0.00037115000304766,0.0,3.425999966566451e-05,0.06300000101327896,0.003000000026077032,0.06599999964237213,0.0042500002309679985,0.023250000551342964,-0.0002500000118743628,0.0002500000118743628,0.6736396551132202,-0.3095705211162567,-0.5714608430862427,-0.35149016976356506,-0.092575304
312,312,-0.09907480958380069,-0.36739810293530945,0.019925190416199307,0.16060189706469058,0.16183319360965248,0.1982290822335983,0.9256699681282043,0.579954206943512,-1.0,0.8860465288162231,0.3084745705127716,0.21587499976158142,0.046875,0.5913749933242798,-0.5571249723434448,0.0008165300241671503,0.00017130000924225897,0.0,-6.851999933132902e-05,0.08649999648332596,0.006000000052154064,0.0925000011920929,0.008500000461935997,0.012249999679625034,-0.0002500000118743628,-0.0005000000237487257,0.8830984234809875,0.9416518211364746,0.5536159873008728,-0.3041895627975464,-0.06050275
313,313,-0.09886326875587165,-0.36939702322918994,0.020136731244128347,0.1586029767708101,0.1598761776680953,0.2021466658087386,0.932384192943573,0.5806812047958374,-1.0,0.8860465288162231,0.3084745705127716,0.22849999368190765,0.04662499949336052,0.6016250252723694,-0.5537499785423279,0.0018386200536042452,0.00107919005677104,0.0,6.851999933132902e-05,0.2554999887943268,0.006000000052154064,0.2615000009536743,0.016249999403953552,0.04800000041723251,0.0,0.0002500000118743628,0.39878618717193604,-0.9524322748184204,0.25119513273239136,-0.3111688196659088,-0.022328837
314,314,-0.09832777474149484,-0.3720836378555718,0.02067222525850515,0.15591636214442822,0.15728080900571076,0.20746179223836425,0.9328761100769043,0.5772931575775146,-1.0,0.8860465288162231,0.3084745705127716,0.2329999953508377,0.042374998331069946,0.606249988079071,-0.5590000152587891,0.0016501900972798467,0.00033117999555543065,0.0,-6.851999933132902e-05,0.17350000143051147,0.006000000052154064,0.17949999868869781,0.014999999664723873,0.020999999716877937,0.0,-0.000750000006519258,0.7041824460029602,-0.672195315361023,-0.585905909538269,0.44814643263816833,-0.09430872
315,315,-0.1284847703727044,-0.3683318777599326,-0.009484770372704399,0.15966812224006743,0.15994958620981814,0.20199832734244091,0.9341214299201965,0.5727396011352539,-1.0,0.8860465288162231,0.3084745705127716,0.24687500298023224,0.028750000521540642,0.6100000143051147,-0.5511249899864197,0.0014788900734856725,0.0003768599999602884,0.0,6.28100024187006e-05,0.16249999403953552,0.005499999970197678,0.1679999977350235,0.013500000350177288,0.023250000551342964,0.0,0.0002500000118743628,-0.8805167078971863,-0.4489652216434479,0.27820929884910583,0.14548428356647491,0.0
316,316,-0.10193009652208224,-0.37052970529757107,0.01706990347791776,0.15747029470242896,0.15839278808839516,0.20516763939322918,0.8639888763427734,0.5790985226631165,-1.0,0.8860465288162231,0.3084745705127716,0.23612500727176666,0.02800000086426735,0.6150000095367432,-0.5486249923706055,0.0001541700039524585,0.00013133000175002962,7.423000351991504e-05,6.28100024187006e-05,0.02500000037252903,0.012000000104308128,0.03700000047683716,0.0020000000949949026,0.00800000037997961,0.0002500000118743628,0.0005000000237487257,-0.7791166305541992,0.3312830626964569,0.97591632604599,0.34281447529792786,0.0
317,317,-0.09390996315269612,-0.36920401765516103,0.025090036847303876,0.158795982344839,0.16076589799413768,0.2003561031463633,0.9257439374923706,0.5753733515739441,-1.0,0.8860465288162231,0.3084745705127716,0.22224999964237213,0.029874999076128006,0.628000020980835,-0.5454999804496765,0.00010848999954760075,0.00023411000438500196,0.00016558999777771533,9.707000572234392e-05,0.029999999329447746,0.023000000044703484,0.05299999937415123,0.000750000006519258,0.016499999910593033,0.01075000036507845,0.007000000216066837,-0.4484098553657532,0.8207429647445679,-0.5007011890411377,-0.6729744672775269,0.0
318,318,-0.09221196855464725,-0.36713573572052505,0.026788031445352745,0.16086426427947498,0.16307945962289053,0.19577395106311507,0.9443954229354858,0.5776203274726868,-1.0,0.8860465288162231,0.3084745705127716,0.21375000476837158,0.042500000447034836,0.6241250038146973,-0.5542500019073486,0.0001256200048374012,0.00034260001848451793,0.0,-6.28100024187006e-05,0.04100000113248825,0.005499999970197678,0.04650000110268593,0.0010000000474974513,0.02199999988079071,-0.0002500000118743628,-0.0005000000237487257,-0.7880683541297913,0.02498757652938366,-0.04084935411810875,-0.7419453859329224,-0.028901925
319,319,-0.09595021505660867,-0.36670106216373205,0.023049784943391327,0.16129893783626797,0.162937533837495,0.19605200204710962,0.9483442306518555,0.5811258554458618,-1.0,0.8860465288162231,0.3084745705127716,0.1991250067949295,0.048250000923871994,0.6276249885559082,-0.5682500004768372,9.707000572234392e-05,0.0001598800008650869,7.423000351991504e-05,0.0,0.02250000089406967,0.006500000134110451,0.028999999165534973,0.000750000006519258,0.011250000447034836,0.0002500000118743628,-0.0002500000118743628,0.8747209310531616,0.4982530474662781,-0.7036063075065613,-0.9174860119819641,-0.13409832
320,320,-0.09513445541909363,-0.36609386492186424,0.023865544580906367,0.16190613507813578,0.16365561644527443,0.19464922927958125,0.9396506547927856,0.5818626284599304,-1.0,0.8860465288162231,0.3084745705127716,0.2122499942779541,0.04924999922513962,0.6146249771118164,-0.5649999976158142,0.0006623599911108613,0.0004739300056826323,0.0,6.851999933132902e-05,0.09950000047683716,0.006000000052154064,0.1054999977350235,0.007249999791383743,0.02775000035762787,0.0,0.000750000006519258,-0.33242085576057434,-0.560020923614502,-0.025664296001195908,-0.36770695447921753,-0.027079718
321,321,-0.09785276634289178,-0.36743007112027304,0.021147233657108216,0.160569928879727,0.16195649894891193,0.1979848058251166,0.9415477514266968,0.5828917622566223,-1.0,0.8860465288162231,0.3084745705127716,0.20925000309944153,0.04912500083446503,0.6184999942779541,-0.5712500214576721,0.00011420000373618677,0.00011420000373618677,0.0,0.0,0.019999999552965164,0.0,0.019999999552965164,0.0010000000474974513,0.007000000216066837,-0.0002500000118743628,-0.0005000000237487257,0.9353518486022949,0.6807292699813843,-0.8338643908500671,0.8823855519294739,-0.12406373
322,322,-0.09736666359738522,-0.3699851734724065,0.021633336402614778,0.15801482652759352,0.1594888292215294,0.20293119623081832,0.9352261424064636,0.5806270241737366,-1.0,0.8860465288162231,0.3084745705127716,0.2212499976158142,0.048875000327825546,0.6221250295639038,-0.5551249980926514,0.001261910074390471,0.0006223900127224624,7.423000351991504e-05,6.28100024187006e-05,0.16500000655651093,0.012000000104308128,0.1770000010728836,0.012000000104308128,0.032999999821186066,0.0,0.0002500000118743628,0.7939078211784363,-0.631799578666687,-0.9611387252807617,0.36551371216773987,0.0
323,323,-0.10227028577916122,-0.3690421402606959,0.01672971422083877,0.15895785973930415,0.15983580484613336,0.20222829459904187,0.9363566040992737,0.576296329498291,-1.0,0.8860465288162231,0.3084745705127716,0.23412500321865082,0.04149999842047691,0.6041250228881836,-0.5486249923706055,0.0018100700108334422,0.0003997000167146325,0.0,6.851999933132902e-05,0.19349999725818634,0.006000000052154064,0.19949999451637268,0.01600000075995922,0.024250000715255737,0.0,0.000750000006519258,0.21176092326641083,0.9923990964889526,-0.7013009786605835,0.7640700340270996,-0.11990631
324,324,-0.09821999162804276,-0.36808947075250653,0.02078000837195723,0.1599105292474935,0.1612550343776965,0.19937848145006717,0.9249528050422668,0.5778946876525879,-1.0,0.8860465288162231,0.3084745705127716,0.23537500202655792,0.04149999842047691,0.6073750257492065,-0.5351250171661377,0.002049890113994479,0.0015930900117382407,7.423000351991504e-05,7.994000043254346e-05,0.3190000057220459,0.013500000350177288,0.33250001072883606,0.017750000581145287,0.061250001192092896,0.0010000000474974513,0.0022499999031424522,-0.9052584767341614,-0.17132636904716492,-0.82811439037323,-0.7889431715011597,0.0
325,325,-0.10260752048452931,-0.3649045159100923,0.01639247951547068,0.1630954840899077,0.1639172056716026,0.19414071326818175,0.9343721270561218,0.5795093774795532,-1.0,0.8860465288162231,0.3084745705127716,0.22612500190734863,0.044874999672174454,0.5924999713897705,-0.5487499833106995,0.00019985000835731626,0.001136290025897324,0.0,0.0,0.11699999868869781,0.0,0.11699999868869781,0.0024999999441206455,0.048250000923871994,-0.0002500000118743628,0.0,-0.9626518487930298,0.2752573490142822,-0.8669250011444092,0.7835190296173096,-0.12803102
326,326,-0.10790965953173165,-0.3649518958049755,0.011090340468268345,0.16304810419502452,0.16342484490827483,0.19509894300380334,0.924168586730957,0.584907591342926,-1.0,0.8860465288162231,0.3084745705127716,0.2082500010728836,0.05700000002980232,0.5961250066757202,-0.5347499847412109,0.00017130000924225897,0.0006623599911108613,0.0,6.851999933132902e-05,0.0729999989271164,0.006000000052154064,0.07900000363588333,0.0022499999031424522,0.03424999862909317,0.0,0.0012499999720603228,0.98463374376297,-0.2665621340274811,-0.8314716815948486,0.9688089489936829,-0.12377661
327,327,-0.10496076105632793,-0.36430029564541183,0.014039238943672067,0.1636997043545882,0.1643006190977292,0.19339777687700238,0.9118379950523376,0.5848273038864136,-1.0,0.8860465288162231,0.3084745705127716,0.2199999988079071,0.05575000122189522,0.597000002861023,-0.5246250033378601,0.0017586800968274474,0.0004510900180321187,0.00010848999954760075,0.00022840000747237355,0.19349999725818634,0.029500000178813934,0.22300000488758087,0.01549999974668026,0.027000000700354576,0.005750000011175871,0.017249999567866325,-0.6860864162445068,0.019432445988059044,-0.9602760076522827,-0.574652910232544,0.0
328,328,-0.10783762932184657,-0.36504957626161105,0.011162370678153427,0.16295042373838897,0.16333229660932655,0.19527958733555373,0.9186959266662598,0.5859317183494568,-1.0,0.8860465288162231,0.3084745705127716,0.21387499570846558,0.05612500011920929,0.5818750262260437,-0.5267500281333923,0.00017701000615488738,0.0004510900180321187,0.0,0.0,0.054999999701976776,0.0,0.054999999701976776,0.0022499999031424522,0.026750000193715096,0.0,0.0,0.4490288197994232,-0.14124567806720734,-0.4684908092021942,-0.6165163516998291,-0.17820087
329,329,-0.10784813963137219,-0.36475562107527415,0.011151860368627808,0.16324437892472587,0.16362484909145328,0.19470912691064943,0.9120054841041565,0.5846617221832275,-1.0,0.8860465288162231,0.3084745705127716,0.21687500178813934,0.0560000017285347,0.5855000019073486,-0.5246250033378601,0.001387530006468296,0.0003368900215718895,0.0,8.565000462112948e-05,0.1509999930858612,0.007499999832361937,0.15850000083446503,0.013000000268220901,0.02174999937415123,0.0002500000118743628,0.0032500000670552254,-0.6804070472717285,0.43608587980270386,0.8697558045387268,0.124443419277668,0.0
330,330,-0.10995073774578928,-0.36305801824997386,0.00904926225421071,0.16494198175002617,0.1651900314515723,0.19168529993696876,0.9119810461997986,0.585159957408905,-1.0,0.8860465288162231,0.3084745705127716,0.2097499966621399,0.05649999901652336,0.5953750014305115,-0.5242499709129333,0.0001541700039524585,0.0007480100030079484,0.00019414001144468784,9.707000572234392e-05,0.07900000363588333,0.025499999523162842,0.10450000315904617,0.0017500000540167093,0.03700000047683716,0.013000000268220901,0.007000000216066837,-0.4438583254814148,0.6904704570770264,0.3220905661582947,0.8116840124130249,0.0
331,331,-0.11059146656596308,-0.36392412608150226,0.008408533434036913,0.16407587391849776,0.16429119220649077,0.19341600913444013,0.9070913195610046,0.5880372524261475,-1.0,0.8860465288162231,0.3084745705127716,0.20149999856948853,0.06212500110268593,0.5956249833106995,-0.5217499732971191,0.00014275001012720168,0.0012105200439691544,0.0004054100136272609,0.0006052600219845772,0.1185000017285347,0.0885000005364418,0.2070000022649765,0.0017500000540167093,0.051500000059604645,0.02449999935925007,0.032249998301267624,0.7572587728500366,0.7373250126838684,-0.6194090843200684,0.8620830774307251,0.0
332,332,-0.11091060703929323,-0.36301291745060144,0.008089392960706765,0.1649870825493986,0.16518527684583392,0.19169441403390713,0.9056012630462646,0.5865692496299744,-1.0,0.8860465288162231,0.3084745705127716,0.21025000512599945,0.06187500059604645,0.590749979019165,-0.5133749842643738,0.001330430037342012,0.002312550088390708,0.0001598800008650869,0.0011705500073730946,0.3190000057220459,0.11649999767541885,0.43549999594688416,0.012500000186264515,0.0794999971985817,0.011250000447034836,0.04774999991059303,-0.7407411336898804,-0.7626089453697205,0.12903515994548798,-0.9772389531135559,-0.026260896
333,333,-0.11227021616945043,-0.36302848831407153,0.006729783830549563,0.1649715116859285,0.16510872072166985,0.1918412240363842,0.9048590660095215,0.5881137251853943,-1.0,0.8860465288162231,0.3084745705127716,0.2018750011920929,0.06212500110268593,0.590749979019165,-0.5137500166893005,0.00014275001012720168,0.0015359900426119566,0.00023411000438500196,0.00016558999777771533,0.1469999998807907,0.03500000014901161,0.18199999630451202,0.001500000013038516,0.06024999916553497,0.01600000075995922,0.012000000104308128,0.9338232278823853,0.901020884513855,-0.7597541809082031,0.6001168489456177,0.0
334,334,-0.10706096962157266,-0.3652256940940269,0.011939030378427334,0.16277430590597314,0.1632115654895459,0.19551549294513434,0.9016971588134766,0.5880873203277588,-1.0,0.8860465288162231,0.3084745705127716,0.21275000274181366,0.06187500059604645,0.5828750133514404,-0.5087500214576721,0.0015873800730332732,0.002974910195916891,7.994000043254346e-05,0.0003768599999602884,0.3995000123977661,0.03999999910593033,0.43950000405311584,0.014750000089406967,0.09449999779462814,0.0035000001080334187,0.02449999935925007,0.5884808897972107,-0.968908429145813,-0.5883516073226929,-0.9512957334518433,-0.046890844
335,335,-0.10712245677742543,-0.3649772722828516,0.01187754322257456,0.16302272771714843,0.16345484326058876,0.19504042531313062,0.9138116836547852,0.5843632221221924,-1.0,0.8860465288162231,0.3084745705127716,0.2199999988079071,0.06162500008940697,0.5738750100135803,-0.5142499804496765,0.0027350899763405323,0.0021469600033015013,-6.851999933132902e-05,6.851999933132902e-05,0.42750000953674316,0.012000000104308128,0.43950000405311584,0.02225000038743019,0.07625000178813934,-0.0005000000237487257,0.0,-0.959280252456665,-0.8269109129905701,0.4941293001174927,0.05099833384156227,-0.072905295
336,336,-0.10406595191886706,-0.36589909417678995,0.014934048081132939,0.16210090582321007,0.16278737500431295,0.19634661258232816,0.913668692111969,0.5847842693328857,-1.0,0.8860465288162231,0.3084745705127716,0.2199999988079071,0.06162500008940697,0.5816249847412109,-0.5142499804496765,0.0015017300611361861,0.0009764100541360676,7.994000043254346e-05,7.423000351991504e-05,0.21699999272823334,0.013500000350177288,0.2304999977350235,0.013749999925494194,0.045249998569488525,0.0024999999441206455,0.0017500000540167093,-0.1449439376592636,0.8472179174423218,-0.6284417510032654,-0.6873993873596191,0.0
337,337,-0.10363975258699246,-0.36405345089486735,0.015360247413007538,0.16394654910513268,0.164664532198256,0.1926952560887167,0.9207768440246582,0.5832218527793884,-1.0,0.8860465288162231,0.3084745705127716,0.2199999988079071,0.06162500008940697,0.5713750123977661,-0.5262500047683716,0.0007822700426913798,0.0022211901377886534,-7.423000351991504e-05,1.7129999832832254e-05,0.2630000114440918,0.00800000037997961,0.2709999978542328,0.008500000461935997,0.07699999958276749,-0.0005000000237487257,0.0,0.19416801631450653,-0.5258074402809143,-0.825141191482544,-0.0076513285748660564,-0.024918161
338,338,-0.10019888465260277,-0.365848697205983,0.01880111534739723,0.16215130279401702,0.1632376394588672,0.19546452094098654,0.9217680096626282,0.5863500833511353,-1.0,0.8860465288162231,0.3084745705127716,0.2199999988079071,0.06162500008940697,0.5559999942779541,-0.5246250033378601,0.001781520084477961,0.0013989500002935529,-7.423000351991504e-05,8.565000462112948e-05,0.2784999907016754,0.014000000432133675,0.29249998927116394,0.01575000025331974,0.057500001043081284,-0.0005000000237487257,0.0042500002309679985,0.5202118754386902,-0.6249722242355347,-0.9665882587432861,-0.8746631145477295,-0.028515935
339,339,-0.1320473795261639,-0.3612673378994468,-0.013047379526163916,0.1667326621005532,0.16724238315581674,0.18779133898575548,0.9297700524330139,0.5833072662353516,-1.0,0.8860465288162231,0.3084745705127716,0.22087499499320984,0.06162500008940697,0.5377500057220459,-0.5385000109672546,0.003094820072874427,0.0006281000096350908,0.0,-7.994000043254346e-05,0.32600000500679016,0.007000000216066837,0.3330000042915344,0.02449999935925007,0.03424999862909317,0.0,-0.000750000006519258,0.1379176676273346,-0.8454997539520264,0.8393087983131409,-0.045556001365184784,-0.06379177
340,340,-0.09914184678680188,-0.3655187730530922,0.019858153213198115,0.1624812269469078,0.16369024210138922,0.1945818423740732,0.8557037711143494,0.5910723209381104,-1.0,0.8860465288162231,0.3084745705127716,0.22100000083446503,0.054749999195337296,0.5534999966621399,-0.5394999980926514,0.00047964000259526074,0.00022840000747237355,0.0,-6.851999933132902e-05,0.06199999898672104,0.006000000052154064,0.06800000369548798,0.005499999970197678,0.016499999910593033,-0.0002500000118743628,-0.0002500000118743628,0.6159777641296387,0.19063511490821838,0.5044637322425842,-0.8063910007476807,0.0
341,341,-0.12928785812139965,-0.365009854469801,-0.010287858121399651,0.16299014553019903,0.16331450506517023,0.19531433368042683,0.9322282671928406,0.5838664770126343,-1.0,0.8860465288162231,0.3084745705127716,0.22624999284744263,0.05324999988079071,0.562874972820282,-0.5544999837875366,0.0020784400403499603,0.000433959998190403,0.0,0.0,0.2199999988079071,0.0,0.2199999988079071,0.017999999225139618,0.026499999687075615,-0.0002500000118743628,-0.0002500000118743628,0.14496248960494995,-0.9772038459777832,-0.6030269861221313,-0.9907566905021667,-0.24489018
342,342,-0.09906469733640716,-0.370775577674129,0.019935302663592835,0.15722442232587103,0.15848323339707865,0.2049821587803619,0.8621212840080261,0.5847290754318237,-1.0,0.8860465288162231,0.3084745705127716,0.23237499594688416,0.04125000163912773,0.5666249990463257,-0.5509999990463257,0.0008336600149050355,0.00019985000835731626,0.0,6.851999933132902e-05,0.09049999713897705,0.006000000052154064,0.09650000184774399,0.00925000011920929,0.014000000432133675,-0.0002500000118743628,0.0002500000118743628,0.8700406551361084,0.914330005645752,0.9867870807647705,-0.9911251664161682,0.0
343,343,-0.1039816672109165,-0.3691024420113409,0.015018332789083488,0.15889755798865912,0.1596057149807705,0.20269413713252007,0.9324076771736145,0.5749566555023193,-1.0,0.8860465288162231,0.3084745705127716,0.24250000715255737,0.04050000011920929,0.5849999785423279,-0.5691249966621399,0.002609470160678029,0.001147710019722581,0.0,-6.28100024187006e-05,0.32899999618530273,0.005499999970197678,0.3345000147819519,0.0215000007301569,0.04975000023841858,0.0,-0.0005000000237487257,-0.8321152925491333,0.25845691561698914,-0.5833091735839844,0.8815881013870239,-0.093997106
344,344,-0.09815180402132379,-0.36650116433827923,0.02084819597867621,0.1614988356617208,0.16283894250349573,0.19624538764631652,0.9209728837013245,0.5777924656867981,-1.0,0.8860465288162231,0.3084745705127716,0.2358749955892563,0.04087499901652336,0.5887500047683716,-0.5527499914169312,0.00027407999732531607,0.0014960200060158968,7.423000351991504e-05,0.0,0.1550000011920929,0.006500000134110451,0.1615000069141388,0.0037499999161809683,0.05849999934434891,0.0,-0.0002500000118743628,-0.7018214464187622,0.6718136072158813,0.33216848969459534,-0.6356709003448486,-0.100280516
345,345,-0.10195956039719878,-0.3681990378979215,0.017040439602801216,0.1598009621020785,0.16070695090943218,0.20047424204449488,0.9345306754112244,0.5822014212608337,-1.0,0.8860465288162231,0.3084745705127716,0.22287499904632568,0.05237499997019768,0.5948749780654907,-0.5492500066757202,0.00028550002025440335,0.0015588300302624702,0.0,6.28100024187006e-05,0.1615000069141388,0.005499999970197678,0.16699999570846558,0.0035000001080334187,0.060499999672174454,0.0,0.0002500000118743628,0.4303726851940155,0.9265803694725037,-0.8756241798400879,0.561170220375061,-0.12907492
346,346,-0.09884612512766217,-0.3637715648106167,0.02015387487233783,0.16422843518938335,0.16546044118496522,0.19116766441229557,0.9256754517555237,0.5793236494064331,-1.0,0.8860465288162231,0.3084745705127716,0.22499999403953552,0.05237499997019768,0.5982499718666077,-0.5394999980926514,0.0016730300849303603,0.0029977501835674047,7.423000351991504e-05,7.423000351991504e-05,0.4090000092983246,0.013000000268220901,0.421999990940094,0.015250000171363354,0.0949999988079071,0.000750000006519258,0.0017500000540167093,-0.9805475473403931,-0.7791139483451843,-0.7697477340698242,-0.5691275596618652,-0.027911395
347,347,-0.09793272720033233,-0.3655222820455136,0.021067272799667663,0.1624777179544864,0.16383784304889162,0.1942948495852029,0.932915985584259,0.5868278741836548,-1.0,0.8860465288162231,0.3084745705127716,0.21275000274181366,0.061250001192092896,0.5842499732971191,-0.5492500066757202,0.00022269001055974513,0.0014560500858351588,0.0,0.0,0.1469999998807907,0.0,0.1469999998807907,0.003000000026077032,0.05849999934434891,0.0,0.0,0.9378010630607605,-0.18395505845546722,-0.8972171545028687,-0.6316993236541748,-0.23146997
348,348,-0.09769277168427987,-0.36580418859980035,0.021307228315720128,0.16219581140019967,0.1635893615559012,0.19477823664323013,0.9350401759147644,0.5838605165481567,-1.0,0.8860465288162231,0.3084745705127716,0.2214999943971634,0.061000000685453415,0.5879999995231628,-0.5457500219345093,0.0025009801611304283,0.0012105200439691544,7.423000351991504e-05,7.423000351991504e-05,0.32499998807907104,0.013000000268220901,0.33799999952316284,0.020500000566244125,0.05225000157952309,0.0,0.0005000000237487257,-0.2238779515028,0.4362127482891083,-0.8802076578140259,-0.22203783690929413,0.0
349,349,-0.10054591674001456,-0.3637828907922432,0.018454083259985432,0.16421710920775684,0.16525075535536535,0.191568936473644,0.9355981945991516,0.5833827257156372,-1.0,0.8860465288162231,0.3084745705127716,0.2214999943971634,0.061000000685453415,0.5716249942779541,-0.5493749976158142,0.0012676200130954385,0.001850040047429502,0.0,-6.851999933132902e-05,0.27300000190734863,0.006000000052154064,0.27900001406669617,0.012249999679625034,0.06849999725818634,-0.0002500000118743628,-0.0005000000237487257,-0.8168792724609375,-0.7412795424461365,-0.8154497742652893,0.17343637347221375,-0.12185398
350,350,-0.10202437382221755,-0.3636958495485,0.01697562617778245,0.16430415045150004,0.16517876903439188,0.19170688955085458,0.9289630055427551,0.5868086814880371,-1.0,0.8860465288162231,0.3084745705127716,0.210875004529953,0.061500001698732376,0.5753750205039978,-0.546625018119812,0.00020556000526994467,0.0007879800396040082,0.0,6.28100024187006e-05,0.08699999749660492,0.005499999970197678,0.0925000011920929,0.003000000026077032,0.03974999859929085,-0.0002500000118743628,0.0005000000237487257,0.20763909816741943,0.7634657621383667,-0.9615691900253296,-0.303495317697525,-0.13938832
351,351,-0.09806080237650913,-0.3649744627975905,0.020939197623490863,0.16302553720240953,0.1643647644029882,0.19327376106207433,0.9255247116088867,0.5869562029838562,-1.0,0.8860465288162231,0.3084745705127716,0.21150000393390656,0.061500001698732376,0.5788750052452087,-0.5516250133514404,0.0009078900329768658,0.0018443299923092127,4.568000076687895e-05,-6.851999933132902e-05,0.2409999966621399,0.009999999776482582,0.25099998712539673,0.009499999694526196,0.06825000047683716,0.0002500000118743628,-0.000750000006519258,0.7580428719520569,-0.7158823013305664,-0.9259406328201294,-0.7656411528587341,-0.13511288
352,352,-0.09727258125189553,-0.3651672263422164,0.021727418748104466,0.16283277365778365,0.1642759656874446,0.19344546190216808,0.9347423315048218,0.5847890377044678,-1.0,0.8860465288162231,0.3084745705127716,0.22075000405311584,0.061124999076128006,0.5824999809265137,-0.5661249756813049,0.002284000162035227,0.0008565000025555491,7.994000043254346e-05,-6.851999933132902e-05,0.2750000059604645,0.013000000268220901,0.2879999876022339,0.01924999989569187,0.042249999940395355,0.0005000000237487257,-0.0002500000118743628,-0.6912881731987,-0.2768554091453552,0.6684476137161255,0.5008348822593689,0.0
353,353,-0.09810400012193143,-0.36582864812571997,0.02089599987806856,0.16217135187428006,0.16351204903503533,0.1949288828347575,0.9365754127502441,0.5844623446464539,-1.0,0.8860465288162231,0.3084745705127716,0.21574999392032623,0.061250001192092896,0.5952500104904175,-0.5567499995231628,0.0002797899942379445,0.0005767100374214351,0.0,0.0,0.07500000298023224,0.0,0.07500000298023224,0.0035000001080334187,0.03175000101327896,0.0,-0.0002500000118743628,0.8869158029556274,-0.5187876224517822,0.8392990827560425,-0.383661687374115,-0.07003941
354,354,-0.10270297345153867,-0.3650118812128685,0.016297026548461324,0.16298811878713154,0.16380085451574833,0.19436672969291663,0.9346418380737305,0.5833413004875183,-1.0,0.8860465288162231,0.3084745705127716,0.2252500057220459,0.05412499979138374,0.6108750104904175,-0.5532500147819519,0.0020784400403499603,0.000433959998190403,1.1420000191719737e-05,6.851999933132902e-05,0.2199999988079071,0.007000000216066837,0.22699999809265137,0.017750000581145287,0.026750000193715096,0.0,0.0002500000118743628,-0.9402256011962891,0.350686639547348,0.8065875768661499,0.9483703970909119,0.0
355,355,-0.10572057804048846,-0.36500092779596466,0.01327942195951154,0.16299907220403537,0.16353911026710122,0.19487613981418764,0.9239465594291687,0.5847256183624268,-1.0,0.8860465288162231,0.3084745705127716,0.21537500619888306,0.054499998688697815,0.6190000176429749,-0.5435000061988831,0.00017130000924225897,0.0007822700426913798,0.0002169799990952015,0.00022840000747237355,0.08349999785423279,0.039000000804662704,0.12250000238418579,0.0022499999031424522,0.039000000804662704,0.013749999925494194,0.016249999403953552,0.46586233377456665,0.11289037764072418,-0.941070020198822,0.9358046054840088,0.0
356,356,-0.1081134431559424,-0.3651312656406969,0.010886556844057593,0.1628687343593031,0.16323217131350098,0.1954752095173618,0.9169288873672485,0.5847442150115967,-1.0,0.8860465288162231,0.3084745705127716,0.21924999356269836,0.054249998182058334,0.6058750152587891,-0.5297499895095825,0.0011876800563186407,0.0009193100268021226,9.707000572234392e-05,0.0003997000167146325,0.18449999392032623,0.04349999874830246,0.2280000001192093,0.011749999597668648,0.04349999874830246,0.004749999847263098,0.023749999701976776,-0.9623907804489136,-0.6486519575119019,0.5363531112670898,-0.2780877351760864,0.0
357,357,-0.10338433979330303,-0.3646394499567622,0.015615660206696969,0.16336055004323785,0.16410520453087474,0.19377607380826448,0.9113640785217285,0.5845232605934143,-1.0,0.8860465288162231,0.3084745705127716,0.20649999380111694,0.054499998688697815,0.6066250205039978,-0.5297499895095825,0.0001256200048374012,0.00026837000041268766,0.0004054100136272609,0.0001884299999801442,0.03449999913573265,0.052000001072883606,0.08649999648332596,0.0012499999720603228,0.01875000074505806,0.023250000551342964,0.013500000350177288,0.7286016941070557,0.8362041115760803,0.5697305202484131,-0.6030635833740234,0.0
358,358,-0.1037956283370764,-0.36501529243993647,0.0152043716629236,0.16298470756006356,0.16369235723180162,0.1945777267578736,0.9223620295524597,0.5853568911552429,-1.0,0.8860465288162231,0.3084745705127716,0.21562500298023224,0.054625000804662704,0.6157500147819519,-0.5377500057220459,0.0010163800325244665,0.0011077399831265211,0.0004625100118573755,9.707000572234392e-05,0.1860000044107437,0.04899999871850014,0.23499999940395355,0.010250000283122063,0.04975000023841858,0.026249999180436134,0.007000000216066837,-0.2774825394153595,-0.5432687997817993,0.8004122972488403,0.2772504985332489,0.0
359,359,-0.09933081176716299,-0.36546962142139827,0.019669188232837004,0.16253037857860175,0.1637162207193972,0.1945312992660147,0.9214054942131042,0.5847198367118835,-1.0,0.8860465288162231,0.3084745705127716,0.21449999511241913,0.054625000804662704,0.6213750243186951,-0.5379999876022339,0.00017701000615488738,0.0004967700224369764,0.001050640014000237,0.00023982000129763037,0.05900000035762787,0.11299999803304672,0.1720000058412552,0.0022499999031424522,0.029500000178813934,0.04500000178813934,0.017750000581145287,0.73903888463974,0.6360521912574768,-0.3267897963523865,-0.700191855430603,0.0
360,360,-0.1010016506164404,-0.36820681871759975,0.017998349383559598,0.15979318128240028,0.16080361116866349,0.2002805567458789,0.9317888021469116,0.5839498043060303,-1.0,0.8860465288162231,0.3084745705127716,0.22200000286102295,0.054375000298023224,0.6257500052452087,-0.5448750257492065,0.0017187100602313876,0.0012562000192701817,0.0003825699968729168,9.13600015337579e-05,0.2605000138282776,0.04149999842047691,0.3019999861717224,0.014750000089406967,0.05375000089406967,0.024000000208616257,0.005249999929219484,0.9882113933563232,0.008798670023679733,0.8979830145835876,0.8610178232192993,0.0
361,361,-0.09885183931284391,-0.36864737880957443,0.02014816068715608,0.1593526211904256,0.16062131321631865,0.2006459970937028,0.9279031157493591,0.5793104767799377,-1.0,0.8860465288162231,0.3084745705127716,0.23475000262260437,0.0521249994635582,0.6307500004768372,-0.5446249842643738,0.003151920158416033,0.0012790400069206953,0.001301879994571209,0.0006966200307942927,0.3880000114440918,0.17499999701976776,0.5630000233650208,0.026249999180436134,0.05849999934434891,0.04749999940395355,0.03700000047683716,0.35007163882255554,-0.7915912866592407,-0.4986407458782196,-0.7511351108551025,-0.03257767
362,362,-0.09179402962407304,-0.37043072419774714,0.027205970375926952,0.15756927580225288,0.159900723891239,0.20209705252641424,0.9329026937484741,0.5785637497901917,-1.0,0.8860465288162231,0.3084745705127716,0.23774999380111694,0.047874998301267624,0.6309999823570251,-0.5450000166893005,0.002775060012936592,0.0007137500215321779,0.0004967700224369764,0.00014275001012720168,0.30550000071525574,0.0560000017285347,0.36149999499320984,0.023000000044703484,0.03750000149011612,0.02850000001490116,0.009750000201165676,0.279060959815979,0.5589288473129272,-0.3815346658229828,-0.9641435146331787,-0.021462023
363,363,-0.09696427431239907,-0.3691068556534371,0.022035725687600927,0.15889314434656293,0.16041385391205112,0.2010626879658553,0.9493162035942078,0.5755411386489868,-1.0,0.8860465288162231,0.3084745705127716,0.23774999380111694,0.047874998301267624,0.6361250281333923,-0.5582500100135803,0.0033689001575112343,0.0014275000430643559,9.13600015337579e-05,7.423000351991504e-05,0.41999998688697815,0.014499999582767487,0.4345000088214874,0.026750000193715096,0.05824999883770943,0.004000000189989805,0.0002500000118743628,-0.8965418934822083,-0.6782131195068359,-0.8521620035171509,0.6014119386672974,-0.03965419
364,364,-0.10000829107848447,-0.3686958782257497,0.018991708921515527,0.15930412177425035,0.16043219197537867,0.20102582034331537,0.9372923970222473,0.5777850151062012,-1.0,0.8860465288162231,0.3084745705127716,0.23774999380111694,0.047874998301267624,0.6222500205039978,-0.5473750233650208,0.0006966200307942927,0.0006052600219845772,7.423000351991504e-05,6.851999933132902e-05,0.11400000005960464,0.012500000186264515,0.1264999955892563,0.00800000037997961,0.032999999821186066,0.0,0.0010000000474974513,0.12113243341445923,0.33206498622894287,0.6006885766983032,0.8922430872917175,0.0
365,365,-0.10135043283585579,-0.3671158434912106,0.017649567164144203,0.1608841565087894,0.16184937144340808,0.19819701565612804,0.9302132725715637,0.5784815549850464,-1.0,0.8860465288162231,0.3084745705127716,0.23774999380111694,0.047874998301267624,0.625124990940094,-0.5419999957084656,0.0012562000192701817,0.0009706999990157783,0.00023982000129763037,0.0003654400061350316,0.19499999284744263,0.05299999937415123,0.24799999594688416,0.012500000186264515,0.045249998569488525,0.016750000417232513,0.023499999195337296,0.06726014614105225,0.6715723276138306,-0.6480225920677185,0.676284670829773,0.0
366,366,-0.09972281500523802,-0.36885003920799864,0.01927718499476197,0.1591499607920014,0.16031319309844044,0.20126518120200051,0.9270920157432556,0.5811595916748047,-1.0,0.8860465288162231,0.3084745705127716,0.23774999380111694,0.047874998301267624,0.6182500123977661,-0.5341249704360962,0.0015645400853827596,0.0019128500716760755,0.00010278000263497233,0.0006052600219845772,0.304500013589859,0.06199999898672104,0.36649999022483826,0.014999999664723873,0.0702499970793724,0.0062500000931322575,0.032999999821186066,0.43069079518318176,0.41555196046829224,0.8537487983703613,-0.9264273047447205,-0.024384592
367,367,-0.10202383505110907,-0.36783685484160283,0.016976164948890926,0.1601631451583972,0.16106030933598062,0.19976709952680305,0.930877149105072,0.5782202482223511,-1.0,0.8860465288162231,0.3084745705127716,0.23987500369548798,0.04762500151991844,0.6227499842643738,-0.5385000109672546,0.0033460601698607206,0.0021812201011925936,0.0004739300056826323,0.00010278000263497233,0.48399999737739563,0.05050000175833702,0.534500002861023,0.026750000193715096,0.07850000262260437,0.029249999672174454,0.007249999791383743,-0.7429289817810059,-0.376701682806015,-0.8534003496170044,0.7967411279678345,0.0
368,368,-0.10318816387848179,-0.3683405714673388,0.015811836121518208,0.15965942853266124,0.16044047893505464,0.20100916210488548,0.925525963306427,0.5799375176429749,-1.0,0.8860465288162231,0.3084745705127716,0.2368749976158142,0.04774999991059303,0.6187499761581421,-0.5346249938011169,0.0003768599999602884,0.0016616100911051035,9.707000572234392e-05,0.0005253200070001185,0.1784999966621399,0.054499998688697815,0.2329999953508377,0.004999999888241291,0.06424999982118607,0.005249999929219484,0.029249999672174454,0.2319435328245163,-0.9808660745620728,-0.9317771196365356,-0.13961999118328094,0.0
369,369,-0.10576370656217696,-0.36900052323964533,0.013236293437823038,0.1589994767603547,0.15954946904969233,0.20280817640541005,0.9228182435035706,0.5790838003158569,-1.0,0.8860465288162231,0.3084745705127716,0.2368749976158142,0.04724999889731407,0.6036249995231628,-0.5254999995231628,0.0014046600554138422,0.00047964000259526074,6.851999933132902e-05,9.13600015337579e-05,0.16500000655651093,0.014000000432133675,0.17900000512599945,0.013500000350177288,0.02850000001490116,0.000750000006519258,0.006000000052154064,0.7439947128295898,0.028636110946536064,-0.11991400271654129,0.36447441577911377,0.0
370,370,-0.10799064686505572,-0.36944696226034995,0.011009353134944277,0.15855303773965007,0.15893480308894212,0.20405860828403016,0.9168285727500916,0.5779651999473572,-1.0,0.8860465288162231,0.3084745705127716,0.24300000071525574,0.04349999874830246,0.6016250252723694,-0.5213750004768372,0.0037229200825095177,0.0007080400246195495,6.851999933132902e-05,0.0001484600070398301,0.3880000114440918,0.01899999938905239,0.40700000524520874,0.028999999165534973,0.03700000047683716,0.0005000000237487257,0.011250000447034836,0.6063282489776611,-0.39296871423721313,0.757220447063446,0.9806938767433167,-0.07184786
371,371,-0.1060732944492987,-0.369884679423384,0.0129267055507013,0.15811532057661604,0.1586428514539517,0.2046552312286949,0.9116496443748474,0.5772085189819336,-1.0,0.8860465288162231,0.3084745705127716,0.24762499332427979,0.03712499886751175,0.6042500138282776,-0.515500009059906,0.0023182600270956755,0.0006452300003729761,0.0003882800228893757,0.0006623599911108613,0.25949999690055847,0.09200000017881393,0.351500004529953,0.019999999552965164,0.03525000065565109,0.023499999195337296,0.036249998956918716,0.06410977244377136,0.9082874655723572,-0.21584145724773407,-0.9083015322685242,-0.0026028566
372,372,-0.10321597689013931,-0.37116874105820885,0.015784023109860684,0.15683125894179117,0.15762353620826988,0.20675198129384142,0.9161086082458496,0.5764666199684143,-1.0,0.8860465288162231,0.3084745705127716,0.24762499332427979,0.03712499886751175,0.6043750047683716,-0.5167499780654907,0.002523820148780942,0.001878590090200305,0.00021127000218257308,9.13600015337579e-05,0.3855000138282776,0.026499999687075615,0.41200000047683716,0.021250000223517418,0.06925000250339508,0.015250000171363354,0.004749999847263098,-0.2122880518436432,-0.8795856833457947,-0.24485646188259125,-0.2644323408603668,-0.028771196
373,373,-0.10330868990310738,-0.3690012310969152,0.01569131009689262,0.15899876890308484,0.15977116675186867,0.20235905337017088,0.9227535128593445,0.5742902755737305,-1.0,0.8860465288162231,0.3084745705127716,0.24637499451637268,0.03725000098347664,0.6047499775886536,-0.5199999809265137,0.0003768599999602884,0.0006966200307942927,0.00010278000263497233,6.851999933132902e-05,0.09399999678134918,0.014999999664723873,0.10899999737739563,0.004999999888241291,0.036249998956918716,0.005499999970197678,0.001500000013038516,-0.7570502758026123,0.9945499300956726,-0.11064130067825317,-0.30482718348503113,0.0
374,374,-0.10644921527613849,-0.368829487751109,0.012550784723861508,0.159170512248891,0.15966456766220574,0.20257488129377715,0.9225379228591919,0.5779640078544617,-1.0,0.8860465288162231,0.3084745705127716,0.2329999953508377,0.0442500002682209,0.6048750281333923,-0.5252500176429749,0.0002512400096748024,0.0015017300611361861,7.994000043254346e-05,6.851999933132902e-05,0.1535000056028366,0.013000000268220901,0.1665000021457672,0.0035000001080334187,0.05950000137090683,0.0012499999720603228,0.000750000006519258,0.4120306968688965,-0.8918521404266357,0.9114658832550049,0.42259371280670166,0.0
375,375,-0.10735374246023649,-0.3694892190862079,0.011646257539763505,0.15851078091379212,0.15893804761787753,0.20405198765084395,0.915234386920929,0.5782551169395447,-1.0,0.8860465288162231,0.3084745705127716,0.23512500524520874,0.04399999976158142,0.6101250052452087,-0.5251250267028809,0.0015474100364372134,0.00042254000436514616,0.00041683000745251775,0.0002169799990952015,0.17249999940395355,0.05550000071525574,0.2280000001192093,0.014499999582767487,0.026750000193715096,0.02474999986588955,0.016249999403953552,0.28499284386634827,-0.2669851779937744,0.26824337244033813,0.9884644150733948,0.0
376,376,-0.10748764910951719,-0.36837422363142996,0.011512350890482803,0.15962577636857006,0.1600403783558835,0.2018150119566096,0.9131308197975159,0.5771369338035583,-1.0,0.8860465288162231,0.3084745705127716,0.24025000631809235,0.03799999877810478,0.6108750104904175,-0.5208749771118164,0.001513150054961443,0.0004682200087700039,0.0006680700462311506,0.0009935400448739529,0.17350000143051147,0.14550000429153442,0.3190000057220459,0.014750000089406967,0.028750000521540642,0.033250000327825546,0.04475000128149986,-0.8711322546005249,-0.1713741421699524,0.6401553750038147,-0.17206835746765137,0.0
377,377,-0.11172880230356447,-0.36884346235229326,0.007271197696435527,0.15915653764770676,0.1593225464017775,0.2032689166537719,0.9128194451332092,0.5790267586708069,-1.0,0.8860465288162231,0.3084745705127716,0.2306250035762787,0.03812500089406967,0.6140000224113464,-0.5210000276565552,0.00013703999866265804,0.00033117999555543065,0.001261910074390471,0.0008279500179924071,0.04100000113248825,0.18299999833106995,0.2240000069141388,0.001500000013038516,0.02225000038743019,0.050999999046325684,0.038750000298023224,-0.5144551992416382,-0.921608030796051,-0.40082991123199463,-0.38908520340919495,0.0
378,378,-0.10877118941857367,-0.3694029713606317,0.010228810581426329,0.1585970286393683,0.15892654296607384,0.2040754644719591,0.9029562473297119,0.5782313942909241,-1.0,0.8860465288162231,0.3084745705127716,0.22162500023841858,0.028750000521540642,0.6152499914169312,-0.5208749771118164,9.13600015337579e-05,0.00010848999954760075,0.0006909100338816643,0.0003997000167146325,0.017500000074505806,0.09549999982118607,0.11299999803304672,0.0002500000118743628,0.006500000134110451,0.03350000083446503,0.024000000208616257,0.3613467812538147,0.15725202858448029,-0.4545753300189972,0.21792344748973846,0.0
379,379,-0.10620493390637031,-0.36992139473374286,0.012795066093629681,0.15807860526625717,0.15859558366885723,0.20475199008966039,0.9098344445228577,0.5772830843925476,-1.0,0.8860465288162231,0.3084745705127716,0.226500004529953,0.0286250002682209,0.6152499914169312,-0.5208749771118164,0.0002969200140796602,0.00017130000924225897,0.00025695000658743083,0.0006223900127224624,0.04100000113248825,0.07699999958276749,0.11800000071525574,0.004000000189989805,0.012500000186264515,0.016499999910593033,0.03200000151991844,0.9055196046829224,0.19621655344963074,0.5042011737823486,0.23746608197689056,0.0
380,380,-0.10797181907074549,-0.37002643142622066,0.011028180929254505,0.15797356857377937,0.15835804097848313,0.20523894160540468,0.9158024787902832,0.5764043927192688,-1.0,0.8860465288162231,0.3084745705127716,0.24062499403953552,0.02824999950826168,0.6154999732971191,-0.5208749771118164,0.0008450800087302923,0.0003026300109922886,0.0006966200307942927,0.0008793400484137237,0.10050000250339508,0.1379999965429306,0.23849999904632568,0.009499999694526196,0.020500000566244125,0.03474999964237213,0.04075000062584877,-0.4319954514503479,0.7706928849220276,0.731476366519928,-0.21451742947101593,0.0
381,381,-0.10768162742583992,-0.371580903347719,0.011318372574160074,0.15641909665228104,0.1568280566583771,0.20840320990971203,0.9116934537887573,0.5762264132499695,-1.0,0.8860465288162231,0.3084745705127716,0.23662500083446503,0.02824999950826168,0.6186249852180481,-0.5210000276565552,0.00011420000373618677,0.0010106699774041772,0.001387530006468296,0.000616680015809834,0.09849999845027924,0.17550000548362732,0.27399998903274536,0.001500000013038516,0.04924999922513962,0.05575000122189522,0.032999999821186066,0.855879545211792,-0.46913135051727295,-0.9626798629760742,0.14195118844509125,0.0
382,382,-0.1119868493429595,-0.37086531974084136,0.007013150657040501,0.15713468025915867,0.1572911059859596,0.2074404310383917,0.9123682975769043,0.5735917091369629,-1.0,0.8860465288162231,0.3084745705127716,0.24687500298023224,0.02787500061094761,0.6187499761581421,-0.5210000276565552,0.001358980080112815,0.0005881300312466919,0.0003026300109922886,0.0007480100030079484,0.1704999953508377,0.09200000017881393,0.26249998807907104,0.013000000268220901,0.032499998807907104,0.019500000402331352,0.03824999928474426,-0.9860564470291138,-0.7112379670143127,0.6654519438743591,0.781190037727356,0.0
383,383,-0.10834282066154577,-0.37097803699383985,0.010657179338454226,0.15702196300616017,0.15738320220963833,0.20724947418054696,0.9023561477661133,0.5748045444488525,-1.0,0.8860465288162231,0.3084745705127716,0.2345000058412552,0.02474999986588955,0.6186249852180481,-0.5180000066757202,0.00010848999954760075,0.00017130000924225897,0.0010049600386992097,0.001735839992761612,0.02449999935925007,0.23999999463558197,0.2644999921321869,0.0010000000474974513,0.012249999679625034,0.04450000077486038,0.061500001698732376,0.8371087312698364,0.653020441532135,-0.32463619112968445,0.8574997186660767,-0.045852225
384,384,-0.10910899096011423,-0.37581344994363763,0.009891009039885768,0.1521865500563624,0.15250763285122748,0.21760444680764124,0.9108306765556335,0.5746135115623474,-1.0,0.8860465288162231,0.3084745705127716,0.24525000154972076,0.02449999935925007,0.6186249852180481,-0.5149999856948853,0.0009535700082778931,0.0007023300277069211,0.0006281000096350908,0.0022154799662530422,0.14499999582767487,0.24899999797344208,0.39399999380111694,0.01075000036507845,0.03700000047683716,0.032499998807907104,0.07325000315904617,0.8390390872955322,-0.9649688005447388,0.9565204381942749,-0.6758257150650024,0.0
385,385,-0.10815954531099253,-0.37686191010142533,0.010840454689007462,0.1511380898985747,0.15152635967399888,0.21975025176263463,0.909048855304718,0.5664178729057312,-1.0,0.8860465288162231,0.3084745705127716,0.26100000739097595,0.011625000275671482,0.6240000128746033,-0.5147500038146973,0.0009478600113652647,0.00041112001053988934,0.0014617600245401263,0.0011077399831265211,0.11900000274181366,0.22499999403953552,0.3440000116825104,0.010499999858438969,0.026750000193715096,0.057500001043081284,0.04749999940395355,0.7266581654548645,-0.08380867540836334,-0.3519684374332428,0.269184947013855,0.0
386,386,-0.1080476921982747,-0.3767935078060404,0.010952307801725292,0.15120649219395965,0.1516026263881524,0.21958271936012105,0.9112568497657776,0.5646408200263977,-1.0,0.8860465288162231,0.3084745705127716,0.2698749899864197,0.008249999955296516,0.6241250038146973,-0.5146250128746033,0.0021469600033015013,0.0005024800193496048,0.000982120051048696,0.0014046600554138422,0.23199999332427979,0.20900000631809235,0.4410000145435333,0.019750000908970833,0.030500000342726707,0.0442500002682209,0.0572500005364418,-0.5833008289337158,0.6959649324417114,-0.8023780584335327,-0.7483015656471252,0.0
387,387,-0.10746198680486224,-0.3769227945784297,0.011538013195137753,0.15107720542157033,0.15151715330774443,0.21977048370695612,0.9115170240402222,0.5647567510604858,-1.0,0.8860465288162231,0.3084745705127716,0.26737499237060547,0.008249999955296516,0.6241250038146973,-0.5146250128746033,0.00021127000218257308,0.0013761100126430392,0.00019985000835731626,0.0005196100100874901,0.13899999856948853,0.06300000101327896,0.20200000703334808,0.003000000026077032,0.05649999901652336,0.01425000000745058,0.029249999672174454,0.17609566450119019,0.7543693780899048,-0.514715313911438,0.42271772027015686,0.0
388,388,-0.10812592275333249,-0.37559634426945676,0.010874077246667502,0.15240365573054326,0.15279109868052015,0.21698848598959256,0.9128791093826294,0.5645376443862915,-1.0,0.8860465288162231,0.3084745705127716,0.26737499237060547,0.008375000208616257,0.6175000071525574,-0.5111250281333923,0.0008393700118176639,0.0029349401593208313,0.00010848999954760075,0.0007537199999205768,0.3305000066757202,0.0754999965429306,0.4059999883174896,0.009499999694526196,0.08449999988079071,0.008249999955296516,0.03799999877810478,-0.5061326622962952,-0.45561090111732483,-0.6906623840332031,-0.647925853729248,-0.00443891
389,389,-0.10519410295871373,-0.3770415443328085,0.013805897041286264,0.15095845566719152,0.1515884498586156,0.21961385077581383,0.9113350510597229,0.5667858719825745,-1.0,0.8860465288162231,0.3084745705127716,0.2615000009536743,0.012374999932944775,0.6081249713897705,-0.5098749995231628,0.00017130000924225897,0.0014503400307148695,7.994000043254346e-05,0.0001541700039524585,0.1420000046491623,0.020500000566244125,0.16249999403953552,0.0024999999441206455,0.057750001549720764,0.0012499999720603228,0.011250000447034836,0.5616687536239624,-0.4752962291240692,-0.8477890491485596,-0.5333320498466492,0.0
390,390,-0.10339647661581111,-0.3770724595388609,0.015603523384188883,0.1509275404611391,0.15173197557420026,0.2192988745150009,0.9181532263755798,0.564336359500885,-1.0,0.8860465288162231,0.3084745705127716,0.26524999737739563,0.012249999679625034,0.5929999947547913,-0.5139999985694885,0.001781520084477961,0.0008165300241671503,0.0,0.0,0.22750000655651093,0.0,0.22750000655651093,0.01600000075995922,0.04024999961256981,-0.0002500000118743628,-0.0002500000118743628,0.5701242089271545,-0.1992412656545639,0.08605807274580002,-0.5124458074569702,-0.13041846
391,391,-0.10787621302846692,-0.37656877727550864,0.011123786971533073,0.1514312227244914,0.1518392368672293,0.21906377781301906,0.9223337769508362,0.5642839670181274,-1.0,0.8860465288162231,0.3084745705127716,0.2685000002384186,0.012125000357627869,0.5963749885559082,-0.512374997138977,0.0025009801611304283,0.0006109700188972056,6.851999933132902e-05,8.565000462112948e-05,0.27250000834465027,0.013500000350177288,0.28600001335144043,0.020999999716877937,0.033250000327825546,0.0005000000237487257,0.004000000189989805,-0.6628618240356445,-0.10487157106399536,-0.3037715554237366,-0.22997862100601196,0.0
392,392,-0.10424764285651003,-0.37977998474630253,0.014752357143489964,0.1482200152536975,0.1489523580313363,0.22548005309048977,0.9119157791137695,0.5651376843452454,-1.0,0.8860465288162231,0.3084745705127716,0.26487499475479126,0.012249999679625034,0.5911250114440918,-0.5142499804496765,0.000245530012762174,0.0005024800193496048,0.0,-6.851999933132902e-05,0.06549999862909317,0.006000000052154064,0.07150000333786011,0.0035000001080334187,0.029249999672174454,-0.0002500000118743628,-0.000750000006519258,0.973131000995636,-0.8675287961959839,0.1008744165301323,-0.4661533236503601,-0.011895071
393,393,-0.10289982735285402,-0.3800966491397391,0.01610017264714597,0.1479033508602609,0.14877707066265738,0.22587563774612646,0.9203543066978455,0.5596949458122253,-1.0,0.8860465288162231,0.3084745705127716,0.27812498807907104,-0.0006249999860301614,0.5946249961853027,-0.5228750109672546,0.001416080049239099,0.00034831001539714634,7.423000351991504e-05,-7.423000351991504e-05,0.15449999272823334,0.013000000268220901,0.16750000417232513,0.013249999843537807,0.02250000089406967,0.0002500000118743628,-0.000750000006519258,-0.013211092911660671,0.5745340585708618,-0.12030982226133347,0.27434027194976807,0.0
394,394,-0.10531777579244947,-0.37909223318978347,0.013682224207550525,0.14890776681021656,0.1495350336064145,0.22417005611697344,0.9234887957572937,0.559158205986023,-1.0,0.8860465288162231,0.3084745705127716,0.27812498807907104,-0.0006249999860301614,0.5926250219345093,-0.5189999938011169,0.0013646900188177824,0.0009478600113652647,0.0,7.423000351991504e-05,0.20250000059604645,0.006500000134110451,0.20900000631809235,0.013000000268220901,0.04399999976158142,-0.0002500000118743628,0.0017500000540167093,-0.6860285997390747,-0.8938746452331543,-0.546363115310669,0.6829881072044373,-0.08956358
395,395,-0.10478650851608523,-0.3810382510759578,0.014213491483914764,0.14696174892404223,0.1476474821558991,0.22844156793221485,0.9178656339645386,0.5608606338500977,-1.0,0.8860465288162231,0.3084745705127716,0.2706249952316284,-0.0008750000270083547,0.5962499976158142,-0.5059999823570251,0.0001827200030675158,0.0001598800008650869,0.0,6.851999933132902e-05,0.029999999329447746,0.006000000052154064,0.035999998450279236,0.0024999999441206455,0.010999999940395355,0.0,0.0012499999720603228,0.441037654876709,0.8648603558540344,-0.34967562556266785,-0.5112355947494507,-0.06596108
396,396,-0.10269462950722388,-0.38162969824356496,0.01630537049277611,0.14637030175643506,0.14727569501848073,0.22929246508124831,0.9191011190414429,0.5575622916221619,-1.0,0.8860465288162231,0.3084745705127716,0.27412500977516174,-0.000750000006519258,0.5998749732971191,-0.5143749713897705,0.0012219400377944112,0.0009078900329768658,7.423000351991504e-05,-6.851999933132902e-05,0.18649999797344208,0.012500000186264515,0.19900000095367432,0.012000000104308128,0.0430000014603138,0.0002500000118743628,-0.0010000000474974513,0.6020534038543701,-0.2643926441669464,0.4413914978504181,-0.9870131015777588,0.0
397,397,-0.10244088396841208,-0.38043293349526447,0.01655911603158791,0.14756706650473556,0.14849324375391842,0.22651764424895313,0.9239659905433655,0.5565598607063293,-1.0,0.8860465288162231,0.3084745705127716,0.28174999356269836,-0.0010000000474974513,0.6082500219345093,-0.5333750247955322,0.0023182600270956755,0.0006281000096350908,0.0,0.0,0.257999986410141,0.0,0.257999986410141,0.01924999989569187,0.03375000134110451,0.0,0.0,-0.4588787257671356,-0.5431886315345764,-0.6913286447525024,-0.749393105506897,-0.22088663
398,398,-0.0968681469189635,-0.38001412738950935,0.02213185308103649,0.14798587261049068,0.14963167249312212,0.22395352531374063,0.9245560765266418,0.5585882663726807,-1.0,0.8860465288162231,0.3084745705127716,0.28087499737739563,-0.0031250000465661287,0.6119999885559082,-0.5298749804496765,0.0003140500048175454,0.00026266000350005925,0.0,6.28100024187006e-05,0.05050000175833702,0.005499999970197678,0.0560000017285347,0.004000000189989805,0.017750000581145287,0.0,0.0005000000237487257,-0.9526756405830383,0.022546790540218353,-0.44226670265197754,-0.015480875968933105,-0.07707201
399,399,-0.10079058143205194,-0.37990898152235014,0.018209418567948055,0.14809101847764988,0.14920634262098367,0.22490809515288795,0.937515914440155,0.5592980980873108,-1.0,0.8860465288162231,0.3084745705127716,0.2642500102519989,-0.002624999964609742,0.6154999732971191,-0.5297499895095825,0.00014275001012720168,0.00025695000658743083,7.423000351991504e-05,-1.1420000191719737e-05,0.03500000014901161,0.007499999832361937,0.042500000447034836,0.0017500000540167093,0.017500000074505806,0.0005000000237487257,-0.0002500000118743628,-0.668812096118927,-0.6763623952865601,0.0197908952832222,-0.8675422668457031,-0.12810509
400,400,-0.09753887814371937,-0.38199992569934893,0.02146112185628063,0.1460000743006511,0.14756897183055037,0.22862098857307853,0.9283940196037292,0.5594763159751892,-1.0,0.8860465288162231,0.3084745705127716,0.2524999976158142,-0.006874999962747097,0.6156250238418579,-0.5263749957084656,9.707000572234392e-05,7.423000351991504e-05,7.423000351991504e-05,6.28100024187006e-05,0.014999999664723873,0.012000000104308128,0.027000000700354576,0.0002500000118743628,0.000750000006519258,0.000750000006519258,0.0005000000237487257,0.5734589695930481,-0.14365632832050323,0.508435070514679,-0.8523087501525879,0.0
