step,action_count,cube_x,cube_y,dist_to_goal_x,dist_to_goal_y,dist_to_goal,distance_reward,obs_cube_x_norm,obs_cube_y_norm,obs_cube_yaw_norm,obs_goal_x_norm,obs_goal_y_norm,obs_motor_16_pos_delta_norm,obs_motor_17_pos_delta_norm,obs_motor_18_pos_delta_norm,obs_motor_19_pos_delta_norm,obs_motor_16_current_norm,obs_motor_17_current_norm,obs_motor_18_current_norm,obs_motor_19_current_norm,obs_horizontal_tension_norm,obs_vertical_tension_norm,obs_total_tension_norm,obs_motor_16_target_error_norm,obs_motor_17_target_error_norm,obs_motor_18_target_error_norm,obs_motor_19_target_error_norm,action_m16,action_m17,action_m18,action_m19,total_safety_penalty
1,11330,-0.09207751964853036,-0.4141487483943925,0.02692248035146963,0.11385125160560755,0.11699114257258378,0.31039443300954417,0.844156801700592,0.5234779119491577,-1.0,0.8860465288162231,0.3084745705127716,0.0,0.0,0.0,0.0,8.565000462112948e-05,9.707000572234392e-05,0.00010278000263497233,0.0001256200048374012,0.01600000075995922,0.019999999552965164,0.035999998450279236,0.0,0.0,0.0,0.0,0.696436882019043,0.7757489681243896,0.5617276430130005,-0.9905632138252258,0.0
2,11331,-0.0979937839411491,-0.4122284843355437,0.02100621605885089,0.11577151566445631,0.11766182453266896,0.3083196389542205,0.9486569166183472,0.5014427900314331,-1.0,0.8860465288162231,0.3084745705127716,0.010874999687075615,0.004000000189989805,0.004999999888241291,-0.01862500049173832,0.0003368900215718895,0.00033117999555543065,0.00016558999777771533,6.851999933132902e-05,0.05849999934434891,0.020500000566244125,0.07900000363588333,0.0042500002309679985,0.020999999716877937,0.010999999940395355,0.0002500000118743628,0.05136420950293541,0.6465449333190918,0.9579663276672363,0.47510477900505066,0.0
3,11332,-0.09109843918370875,-0.41426352081852885,0.02790156081629125,0.11373647918147117,0.11710885445850124,0.31002927682694403,0.9348981976509094,0.5046975016593933,-1.0,0.8860465288162231,0.3084745705127716,0.01075000036507845,0.005499999970197678,0.014999999664723873,-0.014499999582767487,0.0005310300039127469,0.0009021800360642374,0.0004568000149447471,0.00014275001012720168,0.12549999356269836,0.05249999836087227,0.17800000309944153,0.0062500000931322575,0.041999999433755875,0.026750000193715096,0.009750000201165676,0.40734240412712097,-0.7559720277786255,-0.510694682598114,-0.729809045791626,0.0
4,11333,-0.12669177306395818,-0.40500267096883286,-0.007691773063958185,0.12299732903116717,0.12323760108695979,0.29159891174442604,0.9509338736534119,0.5012482404708862,-1.0,0.8860465288162231,0.3084745705127716,0.014750000089406967,0.003375000087544322,0.014999999664723873,-0.023125000298023224,0.0014389200368896127,0.0002797899942379445,0.00011991000064881518,0.0,0.15049999952316284,0.010499999858438969,0.16099999845027924,0.013500000350177288,0.017999999225139618,0.00774999987334013,-0.0002500000118743628,-0.9216426610946655,-0.9017889499664307,0.5745763182640076,-0.9731721878051758,-0.14078067
5,11334,-0.08783197053960617,-0.4160973570338379,0.03116802946039382,0.11190264296616215,0.11616216063441802,0.3129782416529186,0.8681586384773254,0.5169446468353271,-1.0,0.8860465288162231,0.3084745705127716,0.004124999977648258,-0.004875000100582838,0.024000000208616257,-0.02250000089406967,7.994000043254346e-05,7.994000043254346e-05,0.00017130000924225897,0.00010278000263497233,0.014000000432133675,0.024000000208616257,0.03799999877810478,0.0002500000118743628,0.000750000006519258,0.011250000447034836,0.006000000052154064,0.9986138343811035,0.8709474802017212,-0.30169445276260376,-0.42938345670700073,0.0
6,11335,-0.08853573953440402,-0.41603873467681063,0.03046426046559597,0.1119612653231894,0.11603187535537501,0.3133862719724034,0.9585303068161011,0.4981400668621063,-1.0,0.8860465288162231,0.3084745705127716,0.017875000834465027,-0.003000000026077032,0.02174999937415123,-0.027499999850988388,0.0009592800051905215,0.0005253200070001185,9.707000572234392e-05,7.423000351991504e-05,0.12999999523162842,0.014999999664723873,0.14499999582767487,0.009999999776482582,0.029500000178813934,0.0044999998062849045,0.0,-0.06145182624459267,-0.21564596891403198,-0.649760901927948,0.09940493851900101,0.0
7,11336,-0.08782899754820886,-0.4174934221472029,0.031171002451791135,0.1105065778527971,0.11481870554306854,0.317211334960948,0.9568936228752136,0.4982394278049469,-1.0,0.8860465288162231,0.3084745705127716,0.018124999478459358,-0.002749999985098839,0.010625000111758709,-0.026000000536441803,0.0006338100065477192,0.0003368900215718895,8.565000462112948e-05,6.28100024187006e-05,0.08500000089406967,0.013000000268220901,0.09799999743700027,0.007249999791383743,0.020999999716877937,0.0024999999441206455,0.0005000000237487257,0.05864129588007927,-0.8236658573150635,0.06351947784423828,-0.7044048309326172,0.0
8,11337,-0.08898882830801993,-0.41609860360860734,0.03001117169198006,0.11190139639139268,0.11585591456921436,0.3139381943613669,0.958537220954895,0.4957738518714905,-1.0,0.8860465288162231,0.3084745705127716,0.021250000223517418,-0.00937500037252903,0.010874999687075615,-0.038874998688697815,0.00021127000218257308,9.13600015337579e-05,9.707000572234392e-05,0.0,0.026499999687075615,0.008500000461935997,0.03500000014901161,0.003000000026077032,0.0035000001080334187,0.0042500002309679985,0.0,-0.1840744912624359,0.38994017243385315,-0.5001686811447144,-0.25944772362709045,-0.055133734
9,11338,-0.09117475014650969,-0.41593169546344577,0.027825249853490303,0.11206830453655425,0.11547098947834053,0.31514894999746307,0.9558399319648743,0.4981379508972168,-1.0,0.8860465288162231,0.3084745705127716,0.01912499964237213,-0.006000000052154064,0.003375000087544322,-0.035374999046325684,9.707000572234392e-05,0.00017701000615488738,7.423000351991504e-05,6.28100024187006e-05,0.024000000208616257,0.012000000104308128,0.035999998450279236,0.0005000000237487257,0.011250000447034836,0.0005000000237487257,0.0005000000237487257,-0.3079752027988434,-0.3700289726257324,-0.13574457168579102,-0.6142818927764893,0.0
10,11339,-0.09019570734305252,-0.41600889247893535,0.028804292656947478,0.11199110752106467,0.1156360473177017,0.31462920101105213,0.9507563710212708,0.4984208643436432,-1.0,0.8860465288162231,0.3084745705127716,0.013500000350177288,-0.007499999832361937,0.0012499999720603228,-0.04662499949336052,9.707000572234392e-05,7.423000351991504e-05,4.568000076687895e-05,0.0,0.014999999664723873,0.004000000189989805,0.01899999938905239,0.0002500000118743628,0.0005000000237487257,-0.0002500000118743628,0.0,0.12891390919685364,0.46293777227401733,-0.5345637798309326,-0.4136122167110443,-0.16178113
11,11340,-0.0936613954841353,-0.4129495984219865,0.0253386045158647,0.11505040157801355,0.11780763889524984,0.3078703922506747,0.9530332684516907,0.4982900023460388,-1.0,0.8860465288162231,0.3084745705127716,0.015124999918043613,-0.003874999936670065,0.0028750000055879354,-0.04287499934434891,0.0001598800008650869,0.0001598800008650869,9.13600015337579e-05,0.0,0.02800000086426735,0.00800000037997961,0.035999998450279236,0.0017500000540167093,0.010499999858438969,0.004000000189989805,0.0,-0.5789005756378174,0.9191341996192932,-0.8793925046920776,0.1162649393081665,-0.010048208
12,11341,-0.10511858844358099,-0.4090721089805513,0.013881411556419004,0.11892789101944873,0.11973527821462042,0.3019925948880301,0.9449735283851624,0.5034752488136292,-1.0,0.8860465288162231,0.3084745705127716,0.004625000059604645,0.011874999850988388,-0.011874999850988388,-0.039124999195337296,0.00011991000064881518,0.00019414001144468784,7.423000351991504e-05,0.0,0.027499999850988388,0.006500000134110451,0.03400000184774399,0.0012499999720603228,0.013249999843537807,0.000750000006519258,0.0,-0.9541165828704834,-0.942689061164856,-0.35456207394599915,-0.35123497247695923,-0.0661482
13,11342,-0.0999800546106408,-0.40937631305387917,0.019019945389359194,0.11862368694612085,0.12013882564477434,0.3007763672104005,0.9183288812637329,0.5100472569465637,-1.0,0.8860465288162231,0.3084745705127716,-0.012500000186264515,0.0010000000474974513,-0.017999999225139618,-0.035374999046325684,8.565000462112948e-05,0.0,0.0,0.0,0.007499999832361937,0.0,0.007499999832361937,-0.0002500000118743628,-0.0002500000118743628,-0.0002500000118743628,0.0,-0.6164247989654541,-0.6972298622131348,0.9330093264579773,-0.17565083503723145,-0.25071666
14,11343,-0.09930230537646154,-0.40907922867338364,0.01969769462353846,0.11892077132661638,0.1205410678001467,0.2995689478708613,0.9302789568901062,0.5095316767692566,-1.0,0.8860465288162231,0.3084745705127716,-0.008750000037252903,0.004749999847263098,-0.0006249999860301614,-0.03175000101327896,0.0,0.0,0.0,6.28100024187006e-05,0.0,0.005499999970197678,0.005499999970197678,-0.0002500000118743628,-0.0002500000118743628,-0.0002500000118743628,0.0002500000118743628,0.2069704830646515,0.9129844903945923,-0.5139457583427429,0.7754283547401428,-0.085673496
15,11344,-0.13987700086882476,-0.3980123196843124,-0.02087700086882477,0.12998768031568764,0.13165350811554669,0.26806250952950705,0.9318550825119019,0.5100352168083191,-1.0,0.8860465288162231,0.3084745705127716,-0.005874999798834324,0.016499999910593033,0.0010000000474974513,-0.01837499998509884,0.00014275001012720168,0.0001598800008650869,9.13600015337579e-05,7.423000351991504e-05,0.026499999687075615,0.014499999582767487,0.04100000113248825,0.0017500000540167093,0.010250000283122063,0.004000000189989805,0.0024999999441206455,-0.2014583796262741,-0.8759450316429138,-0.054824020713567734,0.841889500617981,0.0
16,11345,-0.12886425987406758,-0.40167460427845564,-0.009864259874067582,0.1263253957215444,0.12670994131112176,0.28164738081650836,0.8374953269958496,0.528792679309845,-1.0,0.8860465288162231,0.3084745705127716,-0.008624999783933163,0.005125000141561031,0.0010000000474974513,-0.005750000011175871,0.0,7.994000043254346e-05,9.13600015337579e-05,0.00011991000064881518,0.007000000216066837,0.01850000023841858,0.025499999523162842,-0.0002500000118743628,0.0002500000118743628,0.0020000000949949026,0.008750000037252903,-0.25283315777778625,0.7541813850402832,0.3719732463359833,0.7814934253692627,-0.054339983
17,11346,-0.11510476378454762,-0.40542925673562347,0.0038952362154523745,0.12257074326437656,0.12263262196314602,0.2933683713194199,0.863106369972229,0.522585391998291,-1.0,0.8860465288162231,0.3084745705127716,-0.005499999970197678,0.014375000260770321,0.0013749999925494194,0.002749999985098839,0.00011420000373618677,0.0001541700039524585,0.00022269001055974513,0.00033117999555543065,0.023499999195337296,0.048500001430511475,0.07199999690055847,0.0010000000474974513,0.009999999776482582,0.014999999664723873,0.020999999716877937,0.15866027772426605,-0.16272273659706116,-0.8977674245834351,-0.699941873550415,0.0
18,11347,-0.09843496006299257,-0.41203127990248656,0.020565039937007423,0.11596872009751347,0.11777803236880015,0.3079615554742532,0.8951051831245422,0.5162215828895569,-1.0,0.8860465288162231,0.3084745705127716,-0.002749999985098839,0.014624999836087227,-0.008375000208616257,0.0,0.00010848999954760075,9.13600015337579e-05,7.994000043254346e-05,6.851999933132902e-05,0.017500000074505806,0.013000000268220901,0.030500000342726707,0.0012499999720603228,0.0035000001080334187,0.0010000000474974513,0.0005000000237487257,0.7307057976722717,0.6103155612945557,-0.9316455125808716,0.2577008605003357,0.0
19,11348,-0.10220754824730821,-0.4120618229794043,0.016792451752691784,0.11593817702059572,0.11714797192749635,0.30990802493758673,0.9338721632957458,0.5050317049026489,-1.0,0.8860465288162231,0.3084745705127716,0.008500000461935997,0.01587500050663948,-0.026374999433755875,0.004749999847263098,0.00048534999950788915,0.0004054100136272609,8.565000462112948e-05,6.28100024187006e-05,0.07800000160932541,0.013000000268220901,0.09099999815225601,0.006000000052154064,0.023749999701976776,0.0022499999031424522,0.0005000000237487257,-0.18758153915405273,-0.8292286396026611,-0.9718225598335266,-0.9837314486503601,0.0
20,11349,-0.09930442508545628,-0.41350040594242954,0.019695574914543712,0.11449959405757049,0.11618120635697855,0.3129186383614575,0.925098717212677,0.5049799680709839,-1.0,0.8860465288162231,0.3084745705127716,0.00774999987334013,0.011874999850988388,-0.04362500086426735,-0.013375000096857548,8.565000462112948e-05,7.423000351991504e-05,7.423000351991504e-05,2.2840000383439474e-05,0.014000000432133675,0.008500000461935997,0.02250000089406967,0.0005000000237487257,0.000750000006519258,0.0005000000237487257,0.0,0.37615975737571716,0.4892144203186035,0.6623353958129883,0.7102228403091431,0.0
21,11350,-0.1000888710641527,-0.4145710545506394,0.018911128935847288,0.11342894544936061,0.11499459319195084,0.31665388978421616,0.9318501949310303,0.5025416612625122,-1.0,0.8860465288162231,0.3084745705127716,0.013000000268220901,0.013249999843537807,-0.03474999964237213,-0.0001250000059371814,0.0003197600017301738,0.000245530012762174,0.0001256200048374012,0.0,0.0494999997317791,0.010999999940395355,0.060499999672174454,0.004000000189989805,0.016249999403953552,0.007499999832361937,0.0,0.5102546811103821,0.40401503443717957,-0.3755410611629486,0.5411678552627563,0.0
22,11351,-0.11091517346527124,-0.40933180435901967,0.00808482653472875,0.11866819564098036,0.11894328512691518,0.304393851707321,0.9300258755683899,0.5007269978523254,-1.0,0.8860465288162231,0.3084745705127716,0.019500000402331352,0.013375000096857548,-0.03962500020861626,0.009875000454485416,0.0009535700082778931,0.0005881300312466919,8.565000462112948e-05,6.28100024187006e-05,0.13500000536441803,0.013000000268220901,0.14800000190734863,0.009999999776482582,0.03099999949336052,0.0032500000670552254,0.0002500000118743628,-0.6598109006881714,-0.5635455846786499,0.6880095601081848,0.8215240240097046,0.0
23,11352,-0.11357699945972674,-0.4140374436928033,0.005423000540273254,0.1139625563071967,0.11409151228260052,0.3195264820045943,0.9048484563827515,0.5096071362495422,-1.0,0.8860465288162231,0.3084745705127716,0.011874999850988388,0.013624999672174454,-0.030500000342726707,0.02199999988079071,0.00011420000373618677,0.0001484600070398301,0.00016558999777771533,0.00010278000263497233,0.023000000044703484,0.023499999195337296,0.04650000110268593,0.000750000006519258,0.009499999694526196,0.01075000036507845,0.006750000175088644,0.8865807056427002,-0.6990582346916199,-0.8487063646316528,0.5112285017967224,0.0
24,11353,-0.10378198150427223,-0.41880634532458666,0.015218018495727764,0.10919365467541337,0.11024900139370758,0.332043261133004,0.8986581563949585,0.5016314387321472,-1.0,0.8860465288162231,0.3084745705127716,0.026875000447034836,0.0021250001154839993,-0.042374998331069946,0.032625000923871994,0.00027407999732531607,0.00010848999954760075,8.565000462112948e-05,8.565000462112948e-05,0.03350000083446503,0.014999999664723873,0.048500001430511475,0.0037499999161809683,0.006500000134110451,0.002749999985098839,0.0044999998062849045,0.2160162776708603,-0.39459672570228577,-0.9570146799087524,-0.7204314470291138,0.0
25,11354,-0.12561673281055344,-0.41103761710388464,-0.006616732810553444,0.11696238289611538,0.11714939251154383,0.3099036224648931,0.9214372634887695,0.49354857206344604,-1.0,0.8860465288162231,0.3084745705127716,0.03200000151991844,-0.002749999985098839,-0.05900000035762787,0.021375000476837158,0.0001256200048374012,7.994000043254346e-05,7.423000351991504e-05,0.0,0.017999999225139618,0.006500000134110451,0.02449999935925007,0.001500000013038516,0.001500000013038516,0.0002500000118743628,0.0,-0.5294140577316284,-0.796350359916687,0.36958831548690796,-0.7948166131973267,-0.119378
26,11355,-0.11896525059222796,-0.414019874138275,3.474940777203894e-05,0.11398012586172501,0.11398013115879459,0.3198825724630727,0.8706587553024292,0.5067158937454224,-1.0,0.8860465288162231,0.3084745705127716,0.022874999791383743,-0.016750000417232513,-0.05225000157952309,0.02500000037252903,0.0,0.0,7.994000043254346e-05,6.28100024187006e-05,0.0,0.012500000186264515,0.012500000186264515,0.0,-0.0002500000118743628,0.0005000000237487257,0.0002500000118743628,-0.30284395813941956,-0.9030981659889221,-0.5876306295394897,-0.9027689695358276,-0.19271307
27,11356,-0.10124656525023037,-0.41512931409665593,0.01775343474976962,0.11287068590334409,0.11425837466770515,0.31899375707804556,0.8861273527145386,0.5016612410545349,-1.0,0.8860465288162231,0.3084745705127716,0.026499999687075615,-0.013000000268220901,-0.06287500262260437,0.008249999955296516,8.565000462112948e-05,0.0,0.0,0.0,0.007499999832361937,0.0,0.007499999832361937,0.0002500000118743628,-0.0002500000118743628,-0.0002500000118743628,0.0,-0.5516473054885864,0.8275964260101318,-0.3806188106536865,-0.49813607335090637,-0.1534506
28,11357,-0.1039774306109087,-0.4119279764248861,0.0150225693890913,0.11607202357511393,0.1170401309289761,0.310242413117543,0.9273335933685303,0.4997808337211609,-1.0,0.8860465288162231,0.3084745705127716,0.016249999403953552,0.001500000013038516,-0.05937499925494194,0.011874999850988388,9.707000572234392e-05,7.994000043254346e-05,7.423000351991504e-05,6.851999933132902e-05,0.01549999974668026,0.012500000186264515,0.02800000086426735,0.0002500000118743628,0.0017500000540167093,0.0002500000118743628,0.0002500000118743628,-0.4045535922050476,0.6485285758972168,0.5313735008239746,-0.9331696629524231,0.0
29,11358,-0.09950567639857738,-0.41677572043825023,0.019494323601422614,0.1112242795617498,0.11291974591145366,0.32329260787404795,0.9209827184677124,0.505206823348999,-1.0,0.8860465288162231,0.3084745705127716,0.008624999783933163,0.010874999687075615,-0.05037499964237213,-0.005375000182539225,9.13600015337579e-05,0.00011991000064881518,7.994000043254346e-05,0.0,0.01850000023841858,0.007000000216066837,0.025499999523162842,0.0005000000237487257,0.007249999791383743,0.0020000000949949026,0.0,0.9212700128555298,-0.8194377422332764,0.7821618914604187,-0.9990870952606201,-0.14389046
30,11359,-0.0970587513455988,-0.41983984028906396,0.021941248654401196,0.10816015971093607,0.11036321190147312,0.33166424931532223,0.9313821196556091,0.49699029326438904,-1.0,0.8860465288162231,0.3084745705127716,0.02512500062584877,-0.0021250001154839993,-0.036125000566244125,-0.0017500000540167093,0.0001541700039524585,9.13600015337579e-05,8.565000462112948e-05,6.851999933132902e-05,0.0215000007301569,0.013500000350177288,0.03500000014901161,0.0020000000949949026,0.002749999985098839,0.002749999985098839,0.0002500000118743628,0.6252858638763428,-0.6821044683456421,0.9605950713157654,-0.7006286382675171,0.0
31,11360,-0.096665192760614,-0.42329554184371243,0.022334807239385995,0.1047044581562876,0.10706011008878287,0.3428023966502483,0.9370726943016052,0.4917968809604645,-1.0,0.8860465288162231,0.3084745705127716,0.036125000566244125,-0.016249999403953552,-0.01924999989569187,-0.014750000089406967,0.00022269001055974513,9.707000572234392e-05,9.707000572234392e-05,0.0,0.02800000086426735,0.008500000461935997,0.0364999994635582,0.0032500000670552254,0.005499999970197678,0.004999999888241291,0.0,0.953352689743042,-0.400488018989563,-0.7560924291610718,-0.8307663202285767,-0.12369197
32,11361,-0.10098441444413181,-0.4262482493613759,0.018015585555868185,0.10175175063862413,0.10333431221499251,0.35581543550825584,0.9379879236221313,0.48593977093696594,-1.0,0.8860465288162231,0.3084745705127716,0.05274999886751175,-0.026000000536441803,-0.03187499940395355,-0.011125000193715096,0.00048534999950788915,0.0001541700039524585,7.994000043254346e-05,6.28100024187006e-05,0.0560000017285347,0.012500000186264515,0.06849999725818634,0.005750000011175871,0.009999999776482582,0.0020000000949949026,0.0002500000118743628,0.6586104035377502,-0.7216519117355347,-0.3329836130142212,-0.6733529567718506,0.0
33,11362,-0.09983124077180663,-0.42880040140050923,0.01916875922819336,0.09919959859949079,0.10103465589909505,0.364092778078872,0.927943229675293,0.48093515634536743,-1.0,0.8860465288162231,0.3084745705127716,0.06587500125169754,-0.03837500140070915,-0.0377499982714653,-0.023499999195337296,0.00034831001539714634,0.00011420000373618677,7.994000043254346e-05,0.0,0.04050000011920929,0.007000000216066837,0.04749999940395355,0.004000000189989805,0.00774999987334013,0.001500000013038516,-0.0002500000118743628,0.8449038863182068,-0.04341181740164757,0.679429292678833,-0.8549754023551941,-0.12659705
34,11363,-0.10140128341746873,-0.4298609829439823,0.01759871658253126,0.09813901705601774,0.09970447078277685,0.36896824047184423,0.9306250214576721,0.4766094982624054,-1.0,0.8860465288162231,0.3084745705127716,0.0768750011920929,-0.04337500035762787,-0.03350000083446503,-0.019999999552965164,0.0014560500858351588,0.00023411000438500196,0.00029121001716703176,6.851999933132902e-05,0.14800000190734863,0.03150000050663948,0.17949999868869781,0.013500000350177288,0.016249999403953552,0.0182499997317791,0.0002500000118743628,0.10950707644224167,-0.4281865954399109,-0.9795812368392944,-0.823456346988678,0.0
35,11364,-0.10425571195373404,-0.4309945540925205,0.014744288046265958,0.0970054459074795,0.09811957279615618,0.3748625970727149,0.9269737601280212,0.4748118817806244,-1.0,0.8860465288162231,0.3084745705127716,0.08174999803304672,-0.048124998807907104,-0.04387500137090683,-0.03525000065565109,0.0006909100338816643,0.0001484600070398301,8.565000462112948e-05,0.0,0.07349999994039536,0.007499999832361937,0.08100000023841858,0.00774999987334013,0.009750000201165676,0.0024999999441206455,0.0,0.5220023393630981,0.6839084625244141,-0.48039963841438293,0.4751701354980469,0.0
36,11365,-0.10867097889161012,-0.4298027201896872,0.010329021108389874,0.09819727981031284,0.09873902186674952,0.37254769143212074,0.9203355312347412,0.47289058566093445,-1.0,0.8860465288162231,0.3084745705127716,0.0886249989271164,-0.048374999314546585,-0.05362499877810478,-0.026499999687075615,0.0014960200060158968,0.0007308800122700632,9.13600015337579e-05,6.851999933132902e-05,0.19499999284744263,0.014000000432133675,0.20900000631809235,0.013500000350177288,0.035750001668930054,0.004000000189989805,0.0002500000118743628,-0.5112306475639343,0.5488030910491943,-0.6591821908950806,0.9697509407997131,0.0
37,11366,-0.10793916299803613,-0.42766640844921705,0.011060837001963864,0.10033359155078297,0.10094142711822218,0.36443237561384495,0.9100674986839294,0.4749106466770172,-1.0,0.8860465288162231,0.3084745705127716,0.08437500149011612,-0.041749998927116394,-0.06537500023841858,-0.008249999955296516,0.00021127000218257308,0.0009649900021031499,8.565000462112948e-05,0.0,0.10300000011920929,0.007499999832361937,0.11050000041723251,0.003000000026077032,0.0430000014603138,0.003000000026077032,0.0,-0.3762921690940857,0.40240278840065,0.04908042773604393,0.09791114926338196,-0.012250663
38,11367,-0.10636399606370878,-0.4261106652285966,0.012636003936291218,0.10188933477140344,0.10266988426815864,0.35818744411866904,0.9117693901062012,0.47853150963783264,-1.0,0.8860465288162231,0.3084745705127716,0.07724999636411667,-0.03525000065565109,-0.06537500023841858,-0.004749999847263098,0.00023411000438500196,0.0010278000263497233,9.707000572234392e-05,6.28100024187006e-05,0.11050000041723251,0.014000000432133675,0.12449999898672104,0.0032500000670552254,0.04500000178813934,0.004749999847263098,0.0005000000237487257,-0.5020005702972412,-0.8653398752212524,0.6948601007461548,-0.7908762097358704,0.0
39,11368,-0.107880132970401,-0.42731657784549437,0.011119867029598995,0.10068342215450565,0.10129562152185237,0.36314385980691827,0.9154325723648071,0.48116835951805115,-1.0,0.8860465288162231,0.3084745705127716,0.06875000149011612,-0.03474999964237213,-0.05312500149011612,-0.01924999989569187,0.00013133000175002962,0.00017130000924225897,0.00011420000373618677,0.0,0.026499999687075615,0.009999999776482582,0.0364999994635582,0.001500000013038516,0.011749999597668648,0.0062500000931322575,0.0,0.76114422082901,0.6675716638565063,-0.8868093490600586,-0.8749160170555115,-0.12898993
40,11369,-0.11386916638557712,-0.42988228656883765,0.005130833614422875,0.09811771343116238,0.09825177424626282,0.37436735071703875,0.9119066596031189,0.4791244566440582,-1.0,0.8860465288162231,0.3084745705127716,0.07762499898672104,-0.03462500125169754,-0.06837499886751175,-0.01587500050663948,0.0012676200130954385,0.0007365900091826916,9.13600015337579e-05,6.851999933132902e-05,0.17550000548362732,0.014000000432133675,0.18950000405311584,0.012249999679625034,0.0364999994635582,0.0035000001080334187,0.000750000006519258,0.7019092440605164,-0.9041900038719177,-0.8437387943267822,-0.9747543334960938,0.0
41,11370,-0.11474636880985556,-0.43012604001116433,0.004253631190144436,0.09787395998883569,0.09796634841718854,0.37543741822967314,0.897978663444519,0.4747757911682129,-1.0,0.8860465288162231,0.3084745705127716,0.09037499874830246,-0.042125001549720764,-0.08425000309944153,-0.03375000134110451,0.001416080049239099,0.00026266000350005925,9.13600015337579e-05,-5.7100000958598685e-06,0.1469999998807907,0.008500000461935997,0.15549999475479126,0.013000000268220901,0.017750000581145287,0.0037499999161809683,0.0,-0.5344319939613342,-0.6613925695419312,-0.7761240005493164,-0.5225805044174194,-0.08670966
42,11371,-0.11886333748714994,-0.4298747369772272,0.00013666251285004982,0.0981252630227728,0.09812535819007624,0.37484091042215045,0.8959386944770813,0.47436264157295227,-1.0,0.8860465288162231,0.3084745705127716,0.08637499809265137,-0.04650000110268593,-0.09700000286102295,-0.029999999329447746,0.00010278000263497233,8.565000462112948e-05,7.423000351991504e-05,0.0,0.016499999910593033,0.006500000134110451,0.023000000044703484,0.0010000000474974513,0.0017500000540167093,0.0002500000118743628,0.0,0.2443484216928482,0.7127161026000977,-0.5655937790870667,0.3804668188095093,0.0
43,11372,-0.11870418833721752,-0.43117172862599784,0.0002958116627824747,0.09682827137400218,0.09682872322723897,0.3797328756486725,0.8863643407821655,0.4747885763645172,-1.0,0.8860465288162231,0.3084745705127716,0.08912499994039536,-0.04374999925494194,-0.10787499696016312,-0.022874999791383743,0.0003654400061350316,0.00037115000304766,7.423000351991504e-05,6.28100024187006e-05,0.06449999660253525,0.012000000104308128,0.07649999856948853,0.0044999998062849045,0.022749999538064003,0.0010000000474974513,0.0,0.7979070544242859,0.625046968460083,0.43384262919425964,-0.985808253288269,0.0
44,11373,-0.1193982153781909,-0.4289948222729777,-0.0003982153781909026,0.09900517772702233,0.09900597856819912,0.3715544767202161,0.8867344260215759,0.47259029746055603,-1.0,0.8860465288162231,0.3084745705127716,0.09849999845027924,-0.04312499985098839,-0.10649999976158142,-0.04125000163912773,0.0017244199989363551,0.0010049600386992097,0.00020556000526994467,0.0,0.23899999260902405,0.017999999225139618,0.25699999928474426,0.01549999974668026,0.04475000128149986,0.014499999582767487,0.0,-0.8693249821662903,-0.062167923897504807,-0.008675893768668175,-0.9820640683174133,-0.14184768
45,11374,-0.11812019617309175,-0.4296368687128926,0.0008798038269082487,0.09836313128710744,0.09836706588781927,0.3739359851649402,0.8851204514503479,0.47627997398376465,-1.0,0.8860465288162231,0.3084745705127716,0.08874999731779099,-0.038624998182058334,-0.10400000214576721,-0.03750000149011612,0.00019414001144468784,0.0006395200034603477,0.00014275001012720168,4.568000076687895e-05,0.0729999989271164,0.016499999910593033,0.08950000256299973,0.0024999999441206455,0.03350000083446503,0.00925000011920929,0.0,0.4807259142398834,0.947796642780304,0.13350434601306915,0.515294075012207,0.0
46,11375,-0.11797696611977293,-0.43106103664639506,0.0010230338802270644,0.09693896335360497,0.09694436143681416,0.37929401314537925,0.888092577457428,0.47519174218177795,-1.0,0.8860465288162231,0.3084745705127716,0.09212499856948853,-0.03787500038743019,-0.10387499630451202,-0.02787500061094761,0.0015188599936664104,0.0019014300778508186,0.0001884299999801442,6.851999933132902e-05,0.2994999885559082,0.02250000089406967,0.32199999690055847,0.013749999925494194,0.06750000268220901,0.014000000432133675,0.0,0.9454658031463623,-0.9009968638420105,-0.4447486400604248,-0.3757252097129822,0.0
47,11376,-0.12146721836100632,-0.43180432212049097,-0.002467218361006329,0.09619567787950906,0.09622731217871128,0.3820235122843541,0.8884256482124329,0.4727779030799866,-1.0,0.8860465288162231,0.3084745705127716,0.10300000011920929,-0.04125000163912773,-0.1080000028014183,-0.03449999913573265,0.003505940083414316,0.0008450800087302923,9.707000572234392e-05,-7.994000043254346e-05,0.38100001215934753,0.01549999974668026,0.39649999141693115,0.027249999344348907,0.04050000011920929,0.005750000011175871,-0.000750000006519258,-0.511451005935669,-0.5744907855987549,-0.6372225880622864,-0.7375478744506836,-0.059164654
48,11377,-0.1250020015111026,-0.43196271166602407,-0.0060020015111026115,0.09603728833397596,0.096224657820553,0.3820336526911997,0.8803088068962097,0.4715180993080139,-1.0,0.8860465288162231,0.3084745705127716,0.10525000095367432,-0.041999999433755875,-0.11949999630451202,-0.048250000923871994,0.0027350899763405323,0.0003197600017301738,9.13600015337579e-05,-7.423000351991504e-05,0.26750001311302185,0.014499999582767487,0.28200000524520874,0.02225000038743019,0.020500000566244125,0.004999999888241291,-0.000750000006519258,0.21549256145954132,0.49570009112358093,-0.8767556548118591,0.5511884093284607,-0.016373986
49,11378,-0.126534091252399,-0.42999761405428144,-0.007534091252399011,0.09800238594571858,0.09829155702324109,0.3742184466098818,0.8720883727073669,0.47124963998794556,-1.0,0.8860465288162231,0.3084745705127716,0.10724999755620956,-0.041875001043081284,-0.1353749930858612,-0.038750000298023224,0.0025124000385403633,0.0008051100303418934,9.13600015337579e-05,7.423000351991504e-05,0.2904999852180481,0.014499999582767487,0.3050000071525574,0.020999999716877937,0.038750000298023224,0.004000000189989805,0.000750000006519258,-0.8766849040985107,0.7710027694702148,-0.37443092465400696,-0.19897426664829254,0.0
50,11379,-0.12828206370602188,-0.43120626481785,-0.009282063706021887,0.09679373518215001,0.097237769807595,0.37818276380744353,0.8685253858566284,0.474580317735672,-1.0,0.8860465288162231,0.3084745705127716,0.09925000369548798,-0.036125000566244125,-0.14124999940395355,-0.041999999433755875,0.0003140500048175454,0.0014217899879440665,7.994000043254346e-05,-5.7100000958598685e-06,0.15199999511241913,0.007499999832361937,0.15950000286102295,0.0042500002309679985,0.0560000017285347,0.0017500000540167093,0.0,0.9631931185722351,0.8124645948410034,-0.1776580959558487,0.6187452077865601,0.0
51,11380,-0.13309996781313901,-0.43109096394067326,-0.01409996781313902,0.09690903605932677,0.09792941520441881,0.3755761049393174,0.864460289478302,0.4725317656993866,-1.0,0.8860465288162231,0.3084745705127716,0.10662499815225601,-0.03674999997019768,-0.14624999463558197,-0.030750000849366188,0.003151920158416033,0.002757929963991046,9.13600015337579e-05,7.423000351991504e-05,0.5174999833106995,0.014499999582767487,0.5320000052452087,0.025499999523162842,0.08749999850988388,0.005249999929219484,0.0005000000237487257,-0.9190495014190674,-0.9935240149497986,-0.9728682637214661,0.23091508448123932,-0.16997162
52,11381,-0.13584978551937965,-0.43088691209510044,-0.016849785519379656,0.09711308790489959,0.09856402545794206,0.3732002072863573,0.8532558679580688,0.4727271795272827,-1.0,0.8860465288162231,0.3084745705127716,0.1067499965429306,-0.0364999994635582,-0.16362500190734863,-0.026499999687075615,0.0023639400023967028,0.0025980500504374504,8.565000462112948e-05,7.423000351991504e-05,0.4345000088214874,0.014000000432133675,0.44850000739097595,0.020250000059604645,0.08425000309944153,0.0037499999161809683,0.0005000000237487257,-0.660055935382843,-0.8988635540008545,-0.8754649758338928,0.05429258570075035,-0.05589195
53,11382,-0.13521434525921083,-0.4275305851769301,-0.01621434525921084,0.10046941482306992,0.10176938786823371,0.3614274754463581,0.846860945224762,0.4730730354785919,-1.0,0.8860465288162231,0.3084745705127716,0.10537499934434891,-0.036125000566244125,-0.17900000512599945,-0.0253749992698431,0.0003197600017301738,0.0017586800968274474,7.423000351991504e-05,6.28100024187006e-05,0.18199999630451202,0.012000000104308128,0.1940000057220459,0.0042500002309679985,0.06475000083446503,0.0017500000540167093,0.0002500000118743628,-0.7304428219795227,0.32728928327560425,0.9428755044937134,0.7647362351417542,-0.017720751
54,11383,-0.1327914685803036,-0.42788149315392504,-0.013791468580303612,0.10011850684607498,0.10106394024917624,0.36398617148540496,0.8483387231826782,0.4787617325782776,-1.0,0.8860465288162231,0.3084745705127716,0.09200000017881393,-0.025499999523162842,-0.1652500033378601,-0.010999999940395355,0.0002969200140796602,0.0011876800563186407,0.00013703999866265804,0.0,0.12999999523162842,0.012000000104308128,0.1420000046491623,0.0037499999161809683,0.05000000074505806,0.009499999694526196,0.0,0.3596539795398712,0.05107434093952179,0.6965796947479248,-0.08737004548311234,-0.03448441
55,11384,-0.1300063037838857,-0.4258811724957985,-0.011006303783885701,0.10211882750420154,0.10271024123141784,0.35804291970824015,0.8539733290672302,0.47816696763038635,-1.0,0.8860465288162231,0.3084745705127716,0.09287499636411667,-0.025624999776482582,-0.15449999272823334,-0.007625000085681677,0.0017015800112858415,0.0012447800254449248,0.00019414001144468784,6.851999933132902e-05,0.257999986410141,0.023000000044703484,0.2809999883174896,0.015250000171363354,0.052000001072883606,0.014000000432133675,0.000750000006519258,-0.7531825304031372,0.35470062494277954,-0.1859612911939621,-0.9672397375106812,0.0
56,11385,-0.1301846613548709,-0.42821457329751805,-0.011184661354870895,0.09978542670248197,0.10041029843506862,0.3663731298803674,0.8604504466056824,0.48155733942985535,-1.0,0.8860465288162231,0.3084745705127716,0.08437500149011612,-0.019750000908970833,-0.15437500178813934,-0.02525000087916851,0.00032546999864280224,0.0016102200606837869,0.00010848999954760075,0.0,0.16949999332427979,0.009499999694526196,0.17900000512599945,0.0042500002309679985,0.05350000038743019,0.007000000216066837,-0.0002500000118743628,0.9705991744995117,-0.9632108807563782,0.342002272605896,-0.16309204697608948,-0.04357105
57,11386,-0.12917797196636163,-0.4289682361479957,-0.010177971966361637,0.09903176385200435,0.09955340961005403,0.369526029418067,0.8600356578826904,0.47760242223739624,-1.0,0.8860465288162231,0.3084745705127716,0.09525000303983688,-0.027374999597668648,-0.15212500095367432,-0.02162499912083149,0.0022211901377886534,0.0006109700188972056,0.00022269001055974513,7.423000351991504e-05,0.24799999594688416,0.026000000536441803,0.27399998903274536,0.01875000074505806,0.032749999314546585,0.015250000171363354,0.0,-0.5813905000686646,-0.8864015936851501,-0.5748780965805054,-0.9481214880943298,0.0
58,11387,-0.13294829879983577,-0.42816922731598894,-0.013948298799835779,0.09983077268401108,0.10080048717191895,0.36494636853393625,0.8623768091201782,0.47632503509521484,-1.0,0.8860465288162231,0.3084745705127716,0.09262499958276749,-0.032249998301267624,-0.15562500059604645,-0.039500001817941666,0.00017701000615488738,0.00014275001012720168,7.423000351991504e-05,0.0,0.02800000086426735,0.006500000134110451,0.03449999913573265,0.0022499999031424522,0.009499999694526196,0.000750000006519258,0.0002500000118743628,-0.10114351660013199,0.20757757127285004,-0.5510882139205933,0.8744207620620728,0.0
59,11388,-0.13208759987262936,-0.42986187949351656,-0.013087599872629363,0.09813812050648346,0.09900694908424923,0.371550870741883,0.8536086082458496,0.4776792824268341,-1.0,0.8860465288162231,0.3084745705127716,0.09137500077486038,-0.03212499991059303,-0.16574999690055847,-0.022874999791383743,0.00011420000373618677,0.000245530012762174,7.423000351991504e-05,0.0,0.03150000050663948,0.006500000134110451,0.03799999877810478,0.0010000000474974513,0.017000000923871994,0.0005000000237487257,-0.0002500000118743628,0.954643964767456,0.4507714509963989,0.9791911244392395,-0.45979705452919006,-0.07917566
60,11389,-0.13278042138410603,-0.4298355629091062,-0.01378042138410604,0.09816443709089384,0.09912697273141949,0.37110518935075876,0.8556102514266968,0.4748103618621826,-1.0,0.8860465288162231,0.3084745705127716,0.10175000131130219,-0.03375000134110451,-0.15449999272823334,-0.019500000402331352,0.0017929400783032179,0.0007251700153574347,0.00020556000526994467,7.423000351991504e-05,0.22050000727176666,0.02449999935925007,0.24500000476837158,0.01600000075995922,0.03700000047683716,0.014499999582767487,0.0005000000237487257,0.7705501914024353,0.3254929780960083,-0.5789105892181396,-0.8336046934127808,-0.06748171
61,11390,-0.1330875450481995,-0.43003315206445747,-0.014087545048199507,0.09796684793554256,0.09897455339586417,0.3716712567030381,0.8539990186691284,0.474854975938797,-1.0,0.8860465288162231,0.3084745705127716,0.1028750017285347,-0.03375000134110451,-0.15937499701976776,-0.03474999964237213,0.0025866301730275154,0.0011077399831265211,8.565000462112948e-05,-7.994000043254346e-05,0.32350000739097595,0.014499999582767487,0.33799999952316284,0.0215000007301569,0.04899999871850014,0.002749999985098839,-0.0002500000118743628,-0.33180177211761475,-0.9839327335357666,-0.5204096436500549,-0.4611579477787018,-0.016819824
62,11391,-0.1430118914434405,-0.4256499641958454,-0.024011891443440514,0.10235003580415464,0.10512897202866253,0.3494867182114409,0.8532847762107849,0.47452008724212646,-1.0,0.8860465288162231,0.3084745705127716,0.10199999809265137,-0.035999998450279236,-0.16837500035762787,-0.04349999874830246,0.0003368900215718895,0.00023982000129763037,7.994000043254346e-05,0.0,0.05050000175833702,0.007000000216066837,0.057500001043081284,0.0044999998062849045,0.016750000417232513,0.0012499999720603228,0.0,-0.9656437039375305,-0.9737637042999268,-0.8317722678184509,-0.5958901643753052,-0.095506825
63,11392,-0.15384894573438102,-0.42019804078242745,-0.03484894573438102,0.10780195921757257,0.11329479877710633,0.32208236063590523,0.8302049040794373,0.48194921016693115,-1.0,0.8860465288162231,0.3084745705127716,0.08612500131130219,-0.045875001698732376,-0.18324999511241913,-0.03987500071525574,8.565000462112948e-05,0.0,0.0,6.28100024187006e-05,0.007499999832361937,0.005499999970197678,0.013000000268220901,0.0002500000118743628,0.0,0.0,0.0002500000118743628,-0.9114869236946106,0.361910879611969,0.7659304738044739,0.7406920194625854,0.0
64,11393,-0.14926966350964746,-0.4206805444344797,-0.030269663509647465,0.1073194555655203,0.11150658308757816,0.3278936926601248,0.8050024509429932,0.49118974804878235,-1.0,0.8860465288162231,0.3084745705127716,0.06925000250339508,-0.039500001817941666,-0.16899999976158142,-0.025750000029802322,8.565000462112948e-05,7.423000351991504e-05,3.425999966566451e-05,0.0,0.014000000432133675,0.003000000026077032,0.017000000923871994,0.0,0.000750000006519258,0.0,-0.0002500000118743628,0.14238274097442627,0.2598683536052704,-0.6265943050384521,-0.3339844346046448,-0.16326946
65,11394,-0.13668072452046265,-0.4246333433391547,-0.017680724520462654,0.10336665666084532,0.10486788702367168,0.35040036780918066,0.8156519532203674,0.490371972322464,-1.0,0.8860465288162231,0.3084745705127716,0.07199999690055847,-0.03474999964237213,-0.1653749942779541,-0.02199999988079071,0.0,7.423000351991504e-05,7.423000351991504e-05,0.0,0.006500000134110451,0.006500000134110451,0.013000000268220901,-0.0002500000118743628,0.000750000006519258,0.0002500000118743628,-0.0002500000118743628,0.013902945443987846,0.7193695306777954,-0.2889958322048187,-0.8247457146644592,-0.14530113
66,11395,-0.1358338739809727,-0.4260236545486162,-0.01683387398097272,0.10197634545138384,0.10335644317035704,0.3557366988659504,0.8449285626411438,0.48367229104042053,-1.0,0.8860465288162231,0.3084745705127716,0.07500000298023224,-0.024250000715255737,-0.1706250011920929,-0.01850000023841858,0.00011420000373618677,0.00010848999954760075,5.7100000958598685e-06,6.28100024187006e-05,0.019500000402331352,0.006000000052154064,0.025499999523162842,0.0012499999720603228,0.006500000134110451,0.0,0.0002500000118743628,0.5283163785934448,0.8262684345245361,-0.060881998389959335,-0.9883769750595093,-0.03130584
67,11396,-0.13283239447121195,-0.4240380859581484,-0.013832394471211956,0.10396191404185162,0.1048780945100194,0.3503646025648714,0.8468979597091675,0.48131585121154785,-1.0,0.8860465288162231,0.3084745705127716,0.08162499964237213,-0.02162499912083149,-0.16975000500679016,-0.03687499836087227,0.0006909100338816643,0.0005881300312466919,9.707000572234392e-05,0.0,0.1120000034570694,0.008500000461935997,0.12049999833106995,0.00774999987334013,0.03200000151991844,0.005750000011175871,0.0,-0.9565932750701904,-0.7921589016914368,0.5115160346031189,0.018765034154057503,-0.021748198
68,11397,-0.13535133033480537,-0.42606114901469944,-0.016351330334805375,0.10193885098530059,0.10324192628928058,0.3561443107860194,0.8538781404495239,0.48468121886253357,-1.0,0.8860465288162231,0.3084745705127716,0.06737499684095383,-0.021250000223517418,-0.15787500143051147,-0.033250000327825546,0.00010278000263497233,7.994000043254346e-05,7.423000351991504e-05,5.7100001868093386e-05,0.01600000075995922,0.011500000022351742,0.027499999850988388,0.0005000000237487257,0.0017500000540167093,0.0010000000474974513,0.0002500000118743628,0.8904443979263306,0.2448001205921173,-0.708153247833252,-0.900767982006073,0.0
69,11398,-0.1354886008620383,-0.4270264765466943,-0.016488600862038294,0.10097352345330574,0.10231092999754667,0.3594754835994782,0.8480201363563538,0.4812522828578949,-1.0,0.8860465288162231,0.3084745705127716,0.08087500184774399,-0.02174999937415123,-0.17112499475479126,-0.05000000074505806,0.0005881300312466919,0.00017130000924225897,7.423000351991504e-05,0.0,0.06650000065565109,0.006500000134110451,0.0729999989271164,0.006750000175088644,0.011749999597668648,0.0010000000474974513,0.0,-0.15037719905376434,-0.5851810574531555,-0.9341543316841125,-0.9866862893104553,-0.14240237
70,11399,-0.13921780763100028,-0.4249878023301283,-0.020217807631000284,0.10301219766987174,0.10497748622528957,0.35001654217693084,0.8477009534835815,0.4796161353588104,-1.0,0.8860465288162231,0.3084745705127716,0.08087500184774399,-0.027124999091029167,-0.18812499940395355,-0.04637499898672104,0.00011991000064881518,7.423000351991504e-05,0.0,5.7100001868093386e-05,0.017000000923871994,0.004999999888241291,0.02199999988079071,0.0012499999720603228,0.000750000006519258,0.0,0.0002500000118743628,-0.11701647192239761,0.9216110706329346,-0.08523888885974884,0.3580126166343689,-0.03422867
71,11400,-0.138946103868508,-0.42129655575974906,-0.01994610386850801,0.10670344424025097,0.10855170230017426,0.33772712805402677,0.8390283584594727,0.48307153582572937,-1.0,0.8860465288162231,0.3084745705127716,0.07862500101327896,-0.019750000908970833,-0.1861249953508377,-0.03962500020861626,0.00013133000175002962,0.0003197600017301738,8.565000462112948e-05,0.0,0.039500001817941666,0.007499999832361937,0.04699999839067459,0.001500000013038516,0.020500000566244125,0.0035000001080334187,0.0,-0.8798256516456604,0.5393983125686646,-0.28480103611946106,-0.8900911808013916,-0.13081096
72,11401,-0.13882119499740347,-0.4196032643059809,-0.01982119499740348,0.10839673569401914,0.11019406554004683,0.3322257220466719,0.8396602272987366,0.48932787775993347,-1.0,0.8860465288162231,0.3084745705127716,0.06262499839067459,-0.005125000141561031,-0.18975000083446503,-0.035999998450279236,0.00010278000263497233,0.00016558999777771533,7.423000351991504e-05,6.28100024187006e-05,0.023499999195337296,0.012000000104308128,0.03550000116229057,0.000750000006519258,0.011250000447034836,0.0002500000118743628,0.0002500000118743628,-0.38746681809425354,0.41760507225990295,0.3880244791507721,-0.14553123712539673,0.0
73,11402,-0.13972782265181086,-0.42003236681307643,-0.020727822651810862,0.1079676331869236,0.10993931256775717,0.33307315592147474,0.839950680732727,0.4921978712081909,-1.0,0.8860465288162231,0.3084745705127716,0.05537499859929085,0.001500000013038516,-0.1837500035762787,-0.03849999979138374,0.00010848999954760075,0.00019414001144468784,8.565000462112948e-05,0.0,0.026499999687075615,0.007499999832361937,0.03400000184774399,0.000750000006519258,0.013500000350177288,0.002749999985098839,0.0,0.2197529673576355,0.36183711886405945,-0.433826208114624,-0.5893309712409973,-0.09471972
74,11403,-0.14412745935109672,-0.41886078486481737,-0.025127459351096726,0.10913921513518265,0.11199445295979932,0.326297893996399,0.8378422856330872,0.4914705753326416,-1.0,0.8860465288162231,0.3084745705127716,0.05700000002980232,0.0024999999441206455,-0.19062499701976776,-0.03487500175833702,0.00047964000259526074,0.00042254000436514616,7.423000351991504e-05,6.851999933132902e-05,0.07900000363588333,0.012500000186264515,0.09149999916553497,0.005499999970197678,0.02500000037252903,0.0002500000118743628,0.0002500000118743628,-0.31137850880622864,0.17337657511234283,-0.9123319983482361,-0.4751926064491272,0.0
75,11404,-0.1418518796245694,-0.4162611757461861,-0.022851879624569416,0.11173882425381393,0.11405162536325612,0.3196539566959291,0.8276105523109436,0.49345630407333374,-1.0,0.8860465288162231,0.3084745705127716,0.0533749982714653,0.00787500012665987,-0.20762500166893005,-0.04362500086426735,0.0001256200048374012,0.00033117999555543065,7.423000351991504e-05,0.0,0.03999999910593033,0.006500000134110451,0.04650000110268593,0.0012499999720603228,0.020749999210238457,0.0002500000118743628,0.0,-0.7595182657241821,-0.49496471881866455,0.5531247854232788,-0.958564281463623,-0.13902773
76,11405,-0.13880238695616448,-0.4192574194240171,-0.019802386956164486,0.1087425805759829,0.1105309158538271,0.3311085013965393,0.8329026103019714,0.49786242842674255,-1.0,0.8860465288162231,0.3084745705127716,0.03962500020861626,0.008375000208616257,-0.19750000536441803,-0.03999999910593033,8.565000462112948e-05,7.423000351991504e-05,7.423000351991504e-05,6.28100024187006e-05,0.014000000432133675,0.012000000104308128,0.026000000536441803,0.0005000000237487257,0.0012499999720603228,0.0005000000237487257,0.0002500000118743628,0.7173144221305847,-0.6519448161125183,0.7554288506507874,-0.19096271693706512,-0.04691553
77,11406,-0.13484571445688714,-0.41600255718177087,-0.01584571445688715,0.11199744281822915,0.11311283686864065,0.32266896137924983,0.8399944305419922,0.4927840232849121,-1.0,0.8860465288162231,0.3084745705127716,0.05287500098347664,-0.0037499999161809683,-0.1836249977350235,-0.036125000566244125,0.00010278000263497233,7.423000351991504e-05,7.994000043254346e-05,0.0,0.01549999974668026,0.007000000216066837,0.02250000089406967,0.000750000006519258,0.0012499999720603228,0.0010000000474974513,0.0,-0.8942340016365051,0.9439416527748108,0.08256702125072479,-0.25659605860710144,-0.054791532
78,11407,-0.13930352129001947,-0.41381368971601074,-0.02030352129001947,0.11418631028398929,0.11597735310415458,0.31355718381115577,0.8491960167884827,0.4983007609844208,-1.0,0.8860465288162231,0.3084745705127716,0.036125000566244125,0.012249999679625034,-0.18199999630451202,-0.03237500041723251,9.707000572234392e-05,9.707000572234392e-05,7.423000351991504e-05,1.1420000191719737e-05,0.017000000923871994,0.007499999832361937,0.02449999935925007,0.000750000006519258,0.0044999998062849045,0.000750000006519258,0.0,-0.5645854473114014,-0.9397891163825989,0.27957841753959656,-0.5852681398391724,-0.09423219
79,11408,-0.139270015437129,-0.41407380802041793,-0.020270015437129002,0.11392619197958209,0.11571538681087336,0.3143796747971059,0.8388290405273438,0.502010703086853,-1.0,0.8860465288162231,0.3084745705127716,0.026000000536441803,-0.003000000026077032,-0.17662499845027924,-0.028750000521540642,-6.851999933132902e-05,0.0,7.423000351991504e-05,6.28100024187006e-05,0.006000000052154064,0.012000000104308128,0.017999999225139618,0.0,0.0,0.0002500000118743628,0.0002500000118743628,0.016785208135843277,-0.9478484988212585,-0.4872615337371826,-0.7275612354278564,-0.1597276
80,11409,-0.1389336393196361,-0.4139880248014222,-0.0199336393196361,0.11401197519857781,0.11574143797796217,0.3142977858897024,0.8389069437980652,0.5015698075294495,-1.0,0.8860465288162231,0.3084745705127716,0.029625000432133675,0.0008750000270083547,-0.18549999594688416,-0.042249999940395355,8.565000462112948e-05,4.568000076687895e-05,-7.423000351991504e-05,0.0,0.011500000022351742,0.006500000134110451,0.017999999225139618,0.0002500000118743628,-0.0002500000118743628,-0.0002500000118743628,0.0,-0.6008541584014893,0.1304972767829895,-0.8560858964920044,-0.9449436664581299,-0.14573358
81,11410,-0.14298094621835145,-0.4119957437599607,-0.02398094621835145,0.11600425624003935,0.1184570523326162,0.30587751855243267,0.8396891951560974,0.5017151832580566,-1.0,0.8860465288162231,0.3084745705127716,0.01850000023841858,0.0044999998062849045,-0.2016250044107437,-0.03849999979138374,0.0,6.851999933132902e-05,0.0,0.0,0.006000000052154064,0.0,0.006000000052154064,0.0,0.0,0.0,0.0,-0.6896908283233643,0.35225826501846313,-0.037394553422927856,-0.8615659475326538,-0.26263818
82,11411,-0.14294416557989018,-0.41215820828830246,-0.02394416557989018,0.11584179171169756,0.11829050584173491,0.30638737127903765,0.8302768468856812,0.5050919651985168,-1.0,0.8860465288162231,0.3084745705127716,0.02225000038743019,0.010874999687075615,-0.1979999989271164,-0.03487500175833702,3.425999966566451e-05,7.423000351991504e-05,7.423000351991504e-05,6.851999933132902e-05,0.009499999694526196,0.012500000186264515,0.02199999988079071,0.0,0.0002500000118743628,0.0002500000118743628,0.0002500000118743628,-0.5650765895843506,0.02280288375914097,0.1780683547258377,0.7844380140304565,-0.09180919
83,11412,-0.13692337867765014,-0.41496429033388343,-0.017923378677650148,0.11303570966611659,0.114447888416279,0.31838979252998184,0.8303623795509338,0.5048165917396545,-1.0,0.8860465288162231,0.3084745705127716,0.025875000283122063,0.010874999687075615,-0.19474999606609344,-0.020124999806284904,9.13600015337579e-05,7.423000351991504e-05,7.994000043254346e-05,0.0,0.014499999582767487,0.007000000216066837,0.0215000007301569,0.0002500000118743628,0.0010000000474974513,0.0002500000118743628,0.0,0.38696637749671936,-0.41056570410728455,0.9407235980033875,0.18735814094543457,-0.0015170235
84,11413,-0.1345742352854772,-0.41782318580426353,-0.015574235285477217,0.1101768141957365,0.11127213124160626,0.32866334735766384,0.8443642258644104,0.500060498714447,-1.0,0.8860465288162231,0.3084745705127716,0.033250000327825546,0.003874999936670065,-0.1771250069141388,-0.016499999910593033,0.0,-4.568000076687895e-05,4.568000076687895e-05,6.28100024187006e-05,0.004000000189989805,0.009499999694526196,0.013500000350177288,0.0,-0.0002500000118743628,0.0002500000118743628,0.0002500000118743628,0.6568827629089355,-0.39252039790153503,0.44934529066085815,0.6600121259689331,-0.071102455
85,11414,-0.1323709321327441,-0.41978728824757117,-0.013370932132744096,0.10821271175242886,0.10903564926625009,0.33609665635555247,0.8498273491859436,0.49521493911743164,-1.0,0.8860465288162231,0.3084745705127716,0.04500000178813934,0.004625000059604645,-0.1691250056028366,-0.004124999977648258,0.00011991000064881518,0.00010278000263497233,7.423000351991504e-05,1.7129999832832254e-05,0.019500000402331352,0.00800000037997961,0.027499999850988388,0.0010000000474974513,0.005750000011175871,0.0010000000474974513,0.0002500000118743628,0.9823087453842163,0.34919944405555725,0.7338709831237793,0.2542947828769684,0.0
86,11415,-0.13151812023874968,-0.4189329284564864,-0.01251812023874968,0.10906707154351364,0.10978310174789979,0.333593858820314,0.8549513220787048,0.4918859601020813,-1.0,0.8860465288162231,0.3084745705127716,0.05849999934434891,0.0035000001080334187,-0.15987500548362732,0.0005000000237487257,0.0010963199893012643,0.00033117999555543065,0.0001484600070398301,6.851999933132902e-05,0.125,0.01899999938905239,0.14399999380111694,0.01075000036507845,0.020999999716877937,0.009999999776482582,0.0005000000237487257,-0.4971849322319031,-0.16179023683071136,-0.209405317902565,-0.9345769882202148,0.0
87,11416,-0.12731328050690568,-0.4169899619287269,-0.00831328050690569,0.11101003807127313,0.11132088386898484,0.3285031543929091,0.8569346070289612,0.493334025144577,-1.0,0.8860465288162231,0.3084745705127716,0.05375000089406967,0.0037499999161809683,-0.15974999964237213,-0.016750000417232513,0.0001484600070398301,0.0002169799990952015,7.994000043254346e-05,0.0,0.03200000151991844,0.007000000216066837,0.039000000804662704,0.0017500000540167093,0.014499999582767487,0.0020000000949949026,0.0,-0.6551109552383423,0.32973772287368774,0.9361457228660583,0.000616133154835552,-0.023926066
88,11417,-0.12380038364252993,-0.41633220355392325,-0.004800383642529937,0.11166779644607677,0.11177092844849194,0.3270280655215131,0.866713285446167,0.49662718176841736,-1.0,0.8860465288162231,0.3084745705127716,0.041875001043081284,0.009875000454485416,-0.14300000667572021,-0.013124999590218067,0.0001256200048374012,0.00021127000218257308,8.565000462112948e-05,6.851999933132902e-05,0.029500000178813934,0.013500000350177288,0.0430000014603138,0.0010000000474974513,0.014499999582767487,0.0035000001080334187,0.0002500000118743628,-0.3847203254699707,-0.4909890294075012,0.23281115293502808,-0.5413388013839722,0.0
89,11418,-0.13175460292930966,-0.413725648951666,-0.01275460292930966,0.114274351048334,0.1149839432416641,0.31668761506188997,0.8748828172683716,0.49774202704429626,-1.0,0.8860465288162231,0.3084745705127716,0.03500000014901161,0.00774999987334013,-0.13750000298023224,-0.023000000044703484,0.00010278000263497233,7.423000351991504e-05,7.423000351991504e-05,0.0,0.01549999974668026,0.006500000134110451,0.02199999988079071,0.0005000000237487257,0.0005000000237487257,0.0010000000474974513,-0.0002500000118743628,-0.3567754328250885,-0.24811586737632751,-0.1434364914894104,0.2851041257381439,0.0
90,11419,-0.12596318630738657,-0.41796452376988424,-0.006963186307386571,0.11003547623011578,0.11025557578979736,0.332021432011402,0.8563846349716187,0.5021598935127258,-1.0,0.8860465288162231,0.3084745705127716,0.0286250002682209,0.0035000001080334187,-0.13950000703334808,-0.017999999225139618,-1.1420000191719737e-05,0.0,0.0,6.28100024187006e-05,0.0010000000474974513,0.005499999970197678,0.006500000134110451,0.0,-0.0002500000118743628,-0.0002500000118743628,0.0002500000118743628,0.8124437928199768,0.5293861031532288,0.5264143943786621,-0.00492258882150054,0.0
91,11420,-0.12177162438319888,-0.4179537121829379,-0.0027716243831988896,0.1100462878170621,0.1100811853317233,0.3326009508735203,0.8698530793190002,0.49497538805007935,-1.0,0.8860465288162231,0.3084745705127716,0.042125001549720764,0.006124999839812517,-0.13199999928474426,-0.017999999225139618,0.0002512400096748024,0.00021127000218257308,9.13600015337579e-05,6.28100024187006e-05,0.04050000011920929,0.013500000350177288,0.05400000140070915,0.0032500000670552254,0.01425000000745058,0.0042500002309679985,0.0002500000118743628,0.3459654152393341,0.22303079068660736,0.7434945106506348,-0.047433458268642426,0.0
92,11421,-0.12004463176458008,-0.41728342879949254,-0.001044631764580084,0.11071657120050749,0.11072149923985229,0.33047806454792983,0.8796008825302124,0.4949937164783478,-1.0,0.8860465288162231,0.3084745705127716,0.04612499848008156,0.005750000011175871,-0.12075000256299973,-0.01850000023841858,0.0007480100030079484,0.0003882800228893757,0.0001484600070398301,-6.851999933132902e-05,0.09950000047683716,0.01899999938905239,0.1185000017285347,0.00800000037997961,0.023250000551342964,0.009499999694526196,-0.0005000000237487257,-0.44751811027526855,0.18705110251903534,0.279994398355484,0.967168927192688,0.0
93,11422,-0.11733705021781904,-0.41360496503707506,0.0016629497821809558,0.11439503496292497,0.1144071213961215,0.3185196170218723,0.8836171627044678,0.4961297810077667,-1.0,0.8860465288162231,0.3084745705127716,0.04112499952316284,0.007375000044703484,-0.11387500166893005,-0.0006249999860301614,0.00013133000175002962,0.00047964000259526074,0.00010848999954760075,0.0,0.05350000038743019,0.009499999694526196,0.06300000101327896,0.0012499999720603228,0.027000000700354576,0.006000000052154064,0.0,-0.8746296763420105,0.9049984216690063,0.39385536313056946,-0.9348394274711609,-0.13618074
94,11423,-0.12097650786339603,-0.4148176921202802,-0.0019765078633960376,0.11318230787971983,0.1131995644881806,0.322389239585611,0.8899138569831848,0.502364456653595,-1.0,0.8860465288162231,0.3084745705127716,0.024000000208616257,0.023749999701976776,-0.10700000077486038,0.0031250000465661287,0.00019985000835731626,0.0004967700224369764,0.00011420000373618677,0.0,0.061000000685453415,0.009999999776482582,0.07100000232458115,0.002749999985098839,0.02800000086426735,0.007000000216066837,0.0,0.6970678567886353,0.2100258618593216,-0.9297101497650146,0.1653546690940857,-0.0041574403
95,11424,-0.12288598871105061,-0.4174811155244195,-0.003885988711050614,0.1105188844755805,0.11058718159890468,0.3309222531331135,0.8814499974250793,0.5003089904785156,-1.0,0.8860465288162231,0.3084745705127716,0.03175000101327896,0.023624999448657036,-0.12212499976158142,0.006624999921768904,0.0013989500002935529,0.0007251700153574347,7.994000043254346e-05,7.423000351991504e-05,0.1860000044107437,0.013500000350177288,0.19949999451637268,0.013249999843537807,0.035999998450279236,0.0024999999441206455,0.0005000000237487257,0.8082700371742249,-0.8280744552612305,0.17280468344688416,-0.6126936674118042,0.0
96,11425,-0.12308766516759517,-0.417598548802711,-0.004087665167595178,0.110401451197289,0.1104770991336655,0.3312867410892436,0.8770093321800232,0.49579471349716187,-1.0,0.8860465288162231,0.3084745705127716,0.04625000059604645,0.012249999679625034,-0.12224999815225601,-0.0044999998062849045,0.0016330600483343005,0.0004739300056826323,0.00014275001012720168,0.0,0.18449999392032623,0.012500000186264515,0.19699999690055847,0.014499999582767487,0.02775000035762787,0.008999999612569809,0.0,-0.43913599848747253,-0.2958170771598816,-0.35138246417045593,-0.9946407675743103,-0.1433569
97,11426,-0.12118417676224938,-0.4184491928551403,-0.0021841767622493846,0.10955080714485971,0.10957257856881435,0.33429689098030974,0.8765403032302856,0.49559569358825684,-1.0,0.8860465288162231,0.3084745705127716,0.04387500137090683,0.012249999679625034,-0.12475000321865082,-0.0008750000270083547,0.00022840000747237355,0.0002512400096748024,7.423000351991504e-05,6.28100024187006e-05,0.041999999433755875,0.012000000104308128,0.05400000140070915,0.003000000026077032,0.016750000417232513,0.0010000000474974513,0.0002500000118743628,0.9744104146957397,0.9734545350074768,0.7843477129936218,-0.36582517623901367,0.0
98,11427,-0.12079049178826232,-0.417620025217352,-0.0017904917882623217,0.11037997478264805,0.11039449575890029,0.33156050817239124,0.8809670209884644,0.4941539168357849,-1.0,0.8860465288162231,0.3084745705127716,0.05237499997019768,0.011625000275671482,-0.12037499994039536,-0.007249999791383743,0.0028093201108276844,0.0013418500311672688,0.00032546999864280224,-7.994000043254346e-05,0.3634999990463257,0.03550000116229057,0.39899998903274536,0.02250000089406967,0.054499998688697815,0.0215000007301569,-0.0005000000237487257,-0.9258332848548889,0.1294836848974228,-0.05059421807527542,-0.7506434321403503,0.0
99,11428,-0.11762277366709833,-0.4138212168569251,0.0013772263329016599,0.11417878314307495,0.11418708890415488,0.3192212352836112,0.8818825483322144,0.4955592751502991,-1.0,0.8860465288162231,0.3084745705127716,0.04450000077486038,0.012249999679625034,-0.11599999666213989,-0.021375000476837158,0.0003026300109922886,0.0015017300611361861,0.00016558999777771533,0.0,0.15800000727176666,0.014499999582767487,0.17249999940395355,0.0037499999161809683,0.057999998331069946,0.010999999940395355,-0.0002500000118743628,-0.8684438467025757,0.35440292954444885,0.5214777588844299,-0.6369373798370361,-0.100432485
100,11429,-0.1169826800261402,-0.4129724187053555,0.002017319973859788,0.11502758129464452,0.1150452695175816,0.3164934618808233,0.8892493844032288,0.5019979476928711,-1.0,0.8860465288162231,0.3084745705127716,0.02824999950826168,0.02525000087916851,-0.10612499713897705,-0.017875000834465027,0.00028550002025440335,0.0010449300752952695,0.0001598800008650869,5.7100001868093386e-05,0.11649999767541885,0.01899999938905239,0.1354999989271164,0.0037499999161809683,0.045249998569488525,0.01075000036507845,0.0002500000118743628,-0.18019473552703857,0.849909782409668,0.2665105164051056,0.3102428913116455,0.0
101,11430,-0.11520791398719873,-0.4129383145586549,0.00379208601280126,0.11506168544134515,0.11512415633971675,0.31624388869959846,0.8907379508018494,0.5034365653991699,-1.0,0.8860465288162231,0.3084745705127716,0.02500000037252903,0.029374999925494194,-0.10324999690055847,-0.012125000357627869,0.000245530012762174,0.0019699500408023596,0.00022840000747237355,6.28100024187006e-05,0.1940000057220459,0.025499999523162842,0.21950000524520874,0.0035000001080334187,0.06875000149011612,0.014750000089406967,0.0002500000118743628,0.11111608892679214,-0.9585118889808655,0.42300474643707275,-0.15042205154895782,0.0
102,11431,-0.11621188215688014,-0.4140394762832586,0.0027881178431198583,0.11396052371674142,0.1139946251667205,0.31983621201749085,0.8948653340339661,0.503494381904602,-1.0,0.8860465288162231,0.3084745705127716,0.02500000037252903,0.029249999672174454,-0.09612499922513962,-0.014624999836087227,0.0006566499941982329,0.0006281000096350908,0.000245530012762174,-7.423000351991504e-05,0.11249999701976776,0.02800000086426735,0.1404999941587448,0.007499999832361937,0.033250000327825546,0.016249999403953552,-0.0002500000118743628,0.4344533383846283,0.11061783879995346,-0.6776025295257568,-0.9449206590652466,0.0
103,11432,-0.11704407097720926,-0.41341029451141353,0.0019559290227907367,0.11458970548858649,0.11460639712643961,0.31788551674266535,0.8925305008888245,0.5016279816627502,-1.0,0.8860465288162231,0.3084745705127716,0.027249999344348907,0.029249999672174454,-0.10249999910593033,-0.03237500041723251,0.0022897101007401943,0.0007480100030079484,9.13600015337579e-05,0.0,0.26600000262260437,0.00800000037997961,0.27399998903274536,0.01924999989569187,0.03725000098347664,0.0037499999161809683,0.0,-0.41900742053985596,0.4397258758544922,0.21594318747520447,-0.584869921207428,-0.0941844
104,11433,-0.11721693324606569,-0.41584876030602874,0.0017830667539343037,0.11215123969397128,0.11216541308239178,0.3257405312865442,0.8905951976776123,0.5026944279670715,-1.0,0.8860465288162231,0.3084745705127716,0.026750000193715096,0.029249999672174454,-0.10237500071525574,-0.028875000774860382,0.00035402001230977476,0.0013247199822217226,0.0001598800008650869,6.28100024187006e-05,0.1469999998807907,0.019500000402331352,0.1665000021457672,0.004749999847263098,0.05350000038743019,0.011500000022351742,0.0005000000237487257,0.9395193457603455,-0.9793122410774231,0.4589117467403412,0.6915915608406067,0.0
105,11434,-0.11189614053433572,-0.4149373926696839,0.007103859465664275,0.11306260733031614,0.11328555951946023,0.32211212002978945,0.8901931643486023,0.49856141209602356,-1.0,0.8860465288162231,0.3084745705127716,0.03674999997019768,0.020375000312924385,-0.09737499803304672,-0.01587500050663948,0.0023867799900472164,0.0006623599911108613,0.00029121001716703176,7.423000351991504e-05,0.2669999897480011,0.03200000151991844,0.29899999499320984,0.019750000908970833,0.03474999964237213,0.01850000023841858,0.0002500000118743628,-0.804731547832489,-0.5591222047805786,0.9310135245323181,-0.7216870784759521,0.0
106,11435,-0.10629576776026553,-0.41790189501590863,0.012704232239734464,0.1100981049840914,0.11082865260341804,0.33012413584304034,0.9025670886039734,0.5001060962677002,-1.0,0.8860465288162231,0.3084745705127716,0.029625000432133675,0.019375000149011612,-0.07699999958276749,-0.029249999672174454,0.00029121001716703176,0.00023411000438500196,0.00017701000615488738,0.0,0.04600000008940697,0.01549999974668026,0.061500001698732376,0.004000000189989805,0.01600000075995922,0.012500000186264515,0.0,0.9508707523345947,-0.31510090827941895,0.9169290661811829,-0.46997883915901184,-0.080397464
107,11436,-0.1079431350474937,-0.4179767064585027,0.011056864952506296,0.11002329354149731,0.110577481361697,0.3309543549335906,0.9155912399291992,0.4950815439224243,-1.0,0.8860465288162231,0.3084745705127716,0.04100000113248825,0.006624999921768904,-0.06274999678134918,-0.025624999776482582,0.001918560010381043,0.0005196100100874901,0.0002969200140796602,7.423000351991504e-05,0.2134999930858612,0.032499998807907104,0.2460000067949295,0.016750000417232513,0.029750000685453415,0.0182499997317791,0.0002500000118743628,-0.10210613161325455,-0.0548606775701046,-0.9771345257759094,0.04178164526820183,0.0
108,11437,-0.10948727781288123,-0.41811545596785865,0.009512722187118766,0.10988454403214137,0.11029553436364012,0.3318887874855133,0.911760151386261,0.4949547350406647,-1.0,0.8860465288162231,0.3084745705127716,0.04112499952316284,0.006750000175088644,-0.07325000315904617,-0.02474999986588955,0.001358980080112815,0.0004682200087700039,8.565000462112948e-05,6.851999933132902e-05,0.1599999964237213,0.013500000350177288,0.17350000143051147,0.012749999761581421,0.027499999850988388,0.002749999985098839,0.0,-0.4724768102169037,-0.8094669580459595,-0.24831333756446838,-0.13275182247161865,0.0
109,11438,-0.10906398493601205,-0.41997369083060127,0.009936015063987946,0.10802630916939876,0.10848229287821272,0.3379616238730983,0.908169150352478,0.49471956491470337,-1.0,0.8860465288162231,0.3084745705127716,0.03799999877810478,0.0031250000465661287,-0.07662499696016312,-0.027000000700354576,0.00013133000175002962,9.707000572234392e-05,7.423000351991504e-05,0.0,0.019999999552965164,0.006500000134110451,0.026499999687075615,0.001500000013038516,0.0044999998062849045,0.0002500000118743628,-0.0002500000118743628,0.9637999534606934,0.48401015996932983,0.6477206945419312,-0.7937272191047668,-0.11924727
110,11439,-0.1108801633081378,-0.4210402331334995,0.008119836691862198,0.10695976686650055,0.10726753225481912,0.3420920854200317,0.9091535210609436,0.49157002568244934,-1.0,0.8860465288162231,0.3084745705127716,0.04912500083446503,-0.0002500000118743628,-0.07325000315904617,-0.023499999195337296,0.001752970041707158,0.0005253200070001185,0.00026266000350005925,6.851999933132902e-05,0.19949999451637268,0.028999999165534973,0.22849999368190765,0.015250000171363354,0.029249999672174454,0.017750000581145287,0.0002500000118743628,-0.06112959608435631,-0.8117233514785767,-0.9643826484680176,0.4945717453956604,0.0
111,11440,-0.11208091624620681,-0.42067386763484366,0.006919083753793187,0.10732613236515637,0.107548930298981,0.34113079813855995,0.9049298763275146,0.4897623062133789,-1.0,0.8860465288162231,0.3084745705127716,0.052000001072883606,-0.005625000223517418,-0.08299999684095383,-0.01412499975413084,0.0006680700462311506,0.0001484600070398301,7.994000043254346e-05,0.0,0.07150000333786011,0.007000000216066837,0.07850000262260437,0.007249999791383743,0.009750000201165676,0.0012499999720603228,0.0,-0.5037051439285278,-0.813161313533783,-0.660425066947937,-0.9540128111839294,-0.13848154
112,11441,-0.11382329928970339,-0.4230246721043035,0.005176700710296606,0.10497532789569652,0.10510289100235534,0.3495778798217828,0.9021373987197876,0.4903832674026489,-1.0,0.8860465288162231,0.3084745705127716,0.04625000059604645,-0.01600000075995922,-0.09475000202655792,-0.010374999605119228,8.565000462112948e-05,7.423000351991504e-05,0.0,1.1420000191719737e-05,0.014000000432133675,0.0010000000474974513,0.014999999664723873,0.0,0.0002500000118743628,0.0,0.0,0.8828971982002258,0.42195603251457214,-0.45531612634658813,0.40937745571136475,-0.078637935
113,11442,-0.11464953622130644,-0.42365600197528325,0.004350463778693553,0.10434399802471678,0.10443465161943052,0.3519217193964138,0.898085355758667,0.4863988757133484,-1.0,0.8860465288162231,0.3084745705127716,0.06024999916553497,-0.01575000025331974,-0.09412500262260437,-0.0028750000055879354,0.0004054100136272609,0.00022269001055974513,0.00010848999954760075,6.28100024187006e-05,0.054999999701976776,0.014999999664723873,0.07000000029802322,0.004999999888241291,0.01549999974668026,0.0062500000931322575,0.0002500000118743628,-0.37594878673553467,-0.9303376078605652,-0.49512532353401184,-0.9370580911636353,0.0
114,11443,-0.11108566329120215,-0.4242268928345687,0.007914336708797848,0.10377310716543131,0.1040744661110895,0.35319157597721607,0.8961638808250427,0.4853288233280182,-1.0,0.8860465288162231,0.3084745705127716,0.05575000122189522,-0.025499999523162842,-0.1002499982714653,-0.020250000059604645,5.139000131748617e-05,7.423000351991504e-05,0.0,0.0,0.010999999940395355,0.0,0.010999999940395355,0.0,0.0002500000118743628,0.0,0.0,-0.45378321409225464,-0.279224157333374,0.9225362539291382,-0.7409666776657104,-0.19137001
115,11444,-0.11375764137031902,-0.424703028416287,0.0052423586296809765,0.10329697158371304,0.10342991183583504,0.355475439844188,0.9044519662857056,0.4843612015247345,-1.0,0.8860465288162231,0.3084745705127716,0.05900000035762787,-0.03099999949336052,-0.08349999785423279,-0.016499999910593033,0.00011991000064881518,7.994000043254346e-05,7.423000351991504e-05,0.0,0.017500000074505806,0.006500000134110451,0.024000000208616257,0.0010000000474974513,0.0010000000474974513,0.0010000000474974513,0.0,0.24606898427009583,-0.741619884967804,0.5223601460456848,0.9533296227455139,0.0
116,11445,-0.10992177073526693,-0.4270193036458603,0.009078229264733062,0.1009806963541397,0.10138794446456648,0.3628087494249446,0.8982380628585815,0.4835541844367981,-1.0,0.8860465288162231,0.3084745705127716,0.06400000303983688,-0.04437499865889549,-0.07325000315904617,0.0012499999720603228,9.13600015337579e-05,0.0,7.423000351991504e-05,0.0,0.00800000037997961,0.006500000134110451,0.014499999582767487,0.0,0.0,0.0,0.0,0.4296964704990387,-0.43037375807762146,0.07912277430295944,-0.12712234258651733,-0.11489954
117,11446,-0.10900415808720842,-0.4272180440270116,0.00999584191279157,0.10078195597298845,0.10127645089203562,0.36321348344541593,0.9071586728096008,0.4796282947063446,-1.0,0.8860465288162231,0.3084745705127716,0.07150000333786011,-0.04324999824166298,-0.07275000214576721,0.004875000100582838,0.00010848999954760075,9.707000572234392e-05,7.423000351991504e-05,6.28100024187006e-05,0.017999999225139618,0.012000000104308128,0.029999999329447746,0.0010000000474974513,0.005249999929219484,0.0017500000540167093,0.0002500000118743628,0.07214314490556717,0.6679298877716064,-0.23673860728740692,-0.8788235187530518,0.0
118,11447,-0.11294399714888256,-0.42946242476434504,0.006056002851117431,0.09853757523565498,0.09872349722257164,0.37260553262531204,0.9092926383018494,0.4792914390563965,-1.0,0.8860465288162231,0.3084745705127716,0.07212500274181366,-0.0364999994635582,-0.07637500017881393,-0.011374999769032001,0.00017701000615488738,0.00025695000658743083,7.423000351991504e-05,0.0,0.03799999877810478,0.006500000134110451,0.04450000077486038,0.0022499999031424522,0.016750000417232513,0.0002500000118743628,0.0,0.9748923182487488,-0.31546980142593384,-0.25832033157348633,-0.6687143445014954,-0.10424573
119,11448,-0.11526825207196939,-0.42685390094588493,0.0037317479280306043,0.10114609905411509,0.101214916373345,0.36343705389371855,0.9001302123069763,0.4754874110221863,-1.0,0.8860465288162231,0.3084745705127716,0.08624999970197678,-0.04112499952316284,-0.08212500065565109,-0.00787500012665987,0.0010677700629457831,0.00021127000218257308,8.565000462112948e-05,6.851999933132902e-05,0.1120000034570694,0.013500000350177288,0.12549999356269836,0.010499999858438969,0.01425000000745058,0.0022499999031424522,0.0005000000237487257,-0.8891356587409973,0.22809487581253052,-0.9260236620903015,0.11394133418798447,0.0
120,11449,-0.12026278234853333,-0.42729450740331854,-0.0012627823485333312,0.10070549259668149,0.10071340952623954,0.36526429364040797,0.8947250247001648,0.47990864515304565,-1.0,0.8860465288162231,0.3084745705127716,0.07450000196695328,-0.03412500023841858,-0.09862499684095383,-0.005625000223517418,0.00010278000263497233,0.00013703999866265804,7.994000043254346e-05,6.851999933132902e-05,0.020999999716877937,0.013000000268220901,0.03400000184774399,0.000750000006519258,0.008750000037252903,0.000750000006519258,0.0002500000118743628,-0.03239506483078003,-0.5918763279914856,-0.9690912961959839,-0.3694607615470886,0.0
121,11450,-0.10918772036955904,-0.43008427740121113,0.009812279630440957,0.09791572259878889,0.09840614596451253,0.37378987924616613,0.8831098079681396,0.4791618585586548,-1.0,0.8860465288162231,0.3084745705127716,0.07437500357627869,-0.04087499901652336,-0.11625000089406967,-0.012374999932944775,0.0,1.7129999832832254e-05,0.0,-5.7100000958598685e-06,0.001500000013038516,0.0005000000237487257,0.0020000000949949026,0.0,0.0002500000118743628,-0.0002500000118743628,0.0,-0.6671939492225647,-0.6681060791015625,-0.10195887088775635,-0.9108530879020691,-0.27360073
122,11451,-0.11549490607101401,-0.4280480297210687,0.003505093928985986,0.09995197027893132,0.10001340933140608,0.3678301143052762,0.908865749835968,0.47443342208862305,-1.0,0.8860465288162231,0.3084745705127716,0.07800000160932541,-0.05312500149011612,-0.11275000125169754,-0.008750000037252903,9.707000572234392e-05,0.0,7.423000351991504e-05,6.28100024187006e-05,0.008500000461935997,0.012000000104308128,0.020500000566244125,0.0002500000118743628,-0.0002500000118743628,0.0002500000118743628,0.0002500000118743628,0.006932520307600498,0.46268293261528015,0.723499059677124,-0.7068214416503906,0.0
123,11452,-0.11316062668748272,-0.42963527009572167,0.005839373312517271,0.09836472990427836,0.09853790321406566,0.37329770828882225,0.8941978812217712,0.4778847098350525,-1.0,0.8860465288162231,0.3084745705127716,0.07800000160932541,-0.04650000110268593,-0.09987500309944153,-0.02174999937415123,9.13600015337579e-05,9.13600015337579e-05,7.423000351991504e-05,0.0,0.01600000075995922,0.006500000134110451,0.02250000089406967,0.0005000000237487257,0.0037499999161809683,0.001500000013038516,-0.0002500000118743628,0.4496728777885437,0.22020642459392548,0.7027330994606018,-0.9788451790809631,-0.14146143
124,11453,-0.10964141755294118,-0.4337817314401267,0.00935858244705881,0.09421826855987331,0.0946819158859748,0.3879731437631552,0.8996264338493347,0.47519445419311523,-1.0,0.8860465288162231,0.3084745705127716,0.08512499928474426,-0.04637499898672104,-0.08837500214576721,-0.0182499997317791,0.00021127000218257308,0.00017130000924225897,9.707000572234392e-05,6.28100024187006e-05,0.03350000083446503,0.014000000432133675,0.04749999940395355,0.003000000026077032,0.011749999597668648,0.004749999847263098,0.0002500000118743628,0.9679366946220398,-0.7342664003372192,0.9302193522453308,0.9468122720718384,0.0
125,11454,-0.10967919589254096,-0.4340103975328884,0.00932080410745903,0.09398960246711163,0.09445063663700368,0.3888714835726069,0.907810628414154,0.4681665599346161,-1.0,0.8860465288162231,0.3084745705127716,0.10087499767541885,-0.060874998569488525,-0.0729999989271164,-0.000375000003259629,0.000673780043143779,0.0001884299999801442,0.00014275001012720168,0.0,0.0754999965429306,0.012500000186264515,0.08799999952316284,0.00774999987334013,0.013249999843537807,0.008750000037252903,0.0,-0.053890034556388855,-0.13992838561534882,-0.3384966552257538,-0.5112471580505371,-0.085349664
126,11455,-0.10948704187534092,-0.436371405002856,0.009512958124659077,0.09162859499714404,0.0921210930972498,0.39803675410159095,0.9077227711677551,0.4677789807319641,-1.0,0.8860465288162231,0.3084745705127716,0.10100000351667404,-0.060874998569488525,-0.07537499815225601,0.003375000087544322,0.00043967002420686185,0.00013133000175002962,7.994000043254346e-05,0.0,0.05000000074505806,0.007000000216066837,0.05700000002980232,0.005499999970197678,0.008249999955296516,0.0010000000474974513,0.0,0.6538059711456299,-0.5015416145324707,-0.07025545835494995,-0.8199762105941772,-0.12239716
127,11456,-0.11239482342051835,-0.4395806037938621,0.0066051765794816475,0.08841939620613792,0.08866576556430408,0.4120306020201558,0.908169686794281,0.4637772738933563,-1.0,0.8860465288162231,0.3084745705127716,0.11249999701976776,-0.07187499850988388,-0.07637500017881393,0.006874999962747097,0.0006052600219845772,0.00017130000924225897,7.423000351991504e-05,6.851999933132902e-05,0.06800000369548798,0.012500000186264515,0.08049999922513962,0.007000000216066837,0.011500000022351742,0.0005000000237487257,0.0005000000237487257,0.3043777644634247,-0.901473879814148,-0.6363747119903564,0.14576485753059387,0.0
128,11457,-0.10605815467338095,-0.4422822381287833,0.012941845326619045,0.08571776187121671,0.08668924997177416,0.4202554662170749,0.9014073610305786,0.4583379626274109,-1.0,0.8860465288162231,0.3084745705127716,0.12099999934434891,-0.08399999886751175,-0.08799999952316284,0.009624999947845936,0.0001256200048374012,7.994000043254346e-05,6.851999933132902e-05,0.0,0.017999999225139618,0.006000000052154064,0.024000000208616257,0.0012499999720603228,0.0020000000949949026,0.0,0.0002500000118743628,0.23348122835159302,-0.8450433015823364,-0.9369342923164368,0.06637877225875854,-0.01603455
129,11458,-0.11774772292728031,-0.44306364189087794,0.0012522770727196875,0.08493635810912209,0.08494558921278897,0.42764755505815094,0.9161438345909119,0.45375892519950867,-1.0,0.8860465288162231,0.3084745705127716,0.12587499618530273,-0.09875000268220901,-0.10562500357627869,0.013375000096857548,9.13600015337579e-05,0.0,6.851999933132902e-05,6.28100024187006e-05,0.00800000037997961,0.011500000022351742,0.019500000402331352,0.0002500000118743628,0.0,0.0002500000118743628,0.0002500000118743628,0.7853928804397583,0.13113491237163544,0.6643466949462891,-0.8884060382843018,-0.0082638115
130,11459,-0.1161482918666649,-0.44543826678964943,0.0028517081333351013,0.0825617332103506,0.08261096797626111,0.43774896168167937,0.8889588117599487,0.4524345099925995,-1.0,0.8860465288162231,0.3084745705127716,0.13899999856948853,-0.0989999994635582,-0.09549999982118607,-0.0031250000465661287,0.00023411000438500196,0.0001256200048374012,9.13600015337579e-05,0.0,0.03150000050663948,0.00800000037997961,0.039500001817941666,0.0032500000670552254,0.00800000037997961,0.004749999847263098,0.0,0.9256545305252075,-0.03830927237868309,0.1901799887418747,-0.7313872575759888,-0.11176647
131,11460,-0.11421499592126022,-0.4499995003036921,0.004785004078739774,0.0780004996963079,0.07814713185336546,0.4577320459752741,0.8926783800125122,0.44840970635414124,-1.0,0.8860465288162231,0.3084745705127716,0.15150000154972076,-0.10474999994039536,-0.0949999988079071,0.0005000000237487257,0.001347560086287558,0.0002797899942379445,0.0001598800008650869,6.851999933132902e-05,0.14249999821186066,0.019999999552965164,0.16249999403953552,0.012749999761581421,0.0182499997317791,0.01075000036507845,0.0002500000118743628,0.9451050758361816,-0.8264970779418945,-0.2461998462677002,0.8688248991966248,0.0
132,11461,-0.11536949387412093,-0.4537497536894002,0.0036305061258790627,0.07425024631059984,0.07433895110851908,0.4754994702512139,0.8971744179725647,0.44067880511283875,-1.0,0.8860465288162231,0.3084745705127716,0.16975000500679016,-0.12174999713897705,-0.0951249971985817,0.016875000670552254,0.0011819700011983514,0.00034831001539714634,8.565000462112948e-05,2.8550000934046693e-05,0.1340000033378601,0.009999999776482582,0.14399999380111694,0.011500000022351742,0.0215000007301569,0.0020000000949949026,0.0,0.9630353450775146,-0.47701865434646606,0.08719071000814438,-0.30550116300582886,-0.06066014
133,11462,-0.11612309679499591,-0.45185920418157394,0.0028769032050040833,0.07614079581842609,0.07619512687773553,0.4667547738421047,0.8944895267486572,0.43432244658470154,-1.0,0.8860465288162231,0.3084745705127716,0.1850000023841858,-0.13375000655651093,-0.09525000303983688,0.020500000566244125,0.0019984999671578407,0.0005081900162622333,9.707000572234392e-05,7.423000351991504e-05,0.21950000524520874,0.014999999664723873,0.2345000058412552,0.017000000923871994,0.02775000035762787,0.005499999970197678,0.0002500000118743628,-0.9694609045982361,-0.0701557844877243,-0.47179844975471497,-0.9518842697143555,0.0
134,11463,-0.1162525801642667,-0.4529171499122512,0.002747419835733289,0.07508285008774884,0.07513309984988738,0.4717382517949622,0.8927369713783264,0.43752676248550415,-1.0,0.8860465288162231,0.3084745705127716,0.1746249943971634,-0.1303749978542328,-0.1014999970793724,0.0028750000055879354,0.00014275001012720168,0.0002969200140796602,7.994000043254346e-05,0.0,0.03849999979138374,0.007000000216066837,0.045499999076128006,0.001500000013038516,0.01850000023841858,0.0005000000237487257,0.0,0.7521290183067322,0.6128207445144653,-0.033450912684202194,0.9743161797523499,0.0
135,11464,-0.12229300245607011,-0.45316585453947095,-0.0032930024560701154,0.07483414546052908,0.07490656307683131,0.4728081237770428,0.8924358487129211,0.4357336461544037,-1.0,0.8860465288162231,0.3084745705127716,0.1821250021457672,-0.1301250010728836,-0.1028750017285347,0.020999999716877937,0.0016159299993887544,0.0009021800360642374,7.423000351991504e-05,6.851999933132902e-05,0.22050000727176666,0.012500000186264515,0.2329999953508377,0.014499999582767487,0.04075000062584877,0.0020000000949949026,0.0002500000118743628,0.9720211625099182,0.8880137205123901,-0.9491387605667114,-0.36734622716903687,-0.05832127
136,11465,-0.12198565629900279,-0.45286620276034084,-0.002985656299002798,0.07513379723965918,0.07519309563507805,0.4714553136107326,0.8783883452415466,0.4353121221065521,-1.0,0.8860465288162231,0.3084745705127716,0.18825000524520874,-0.1301250010728836,-0.12150000035762787,0.014499999582767487,0.002438170136883855,0.0022040600888431072,8.565000462112948e-05,-7.423000351991504e-05,0.4065000116825104,0.014000000432133675,0.4205000102519989,0.020250000059604645,0.07400000095367432,0.0037499999161809683,-0.0005000000237487257,-0.7327634692192078,-0.5504659414291382,0.08616477251052856,-0.5522163510322571,0.0
137,11466,-0.11908133280387662,-0.4489191999819403,-8.133280387662145e-05,0.07908080001805973,0.07908084184251797,0.45347804705066536,0.8791031241416931,0.43581998348236084,-1.0,0.8860465288162231,0.3084745705127716,0.18324999511241913,-0.1287499964237213,-0.12137500196695328,0.004000000189989805,0.0002169799990952015,0.0012504900805652142,0.00010848999954760075,0.0,0.12849999964237213,0.009499999694526196,0.1379999965429306,0.003000000026077032,0.0507499985396862,0.006500000134110451,0.0,-0.8285706043243408,0.8764500617980957,0.8704994320869446,-0.09368900209665298,-0.035242684
138,11467,-0.11982368769110083,-0.4484674470208318,-0.0008236876911008328,0.07953255297916823,0.07953681817118832,0.4514150015743813,0.885857343673706,0.44250982999801636,-1.0,0.8860465288162231,0.3084745705127716,0.16699999570846558,-0.11299999803304672,-0.10875000059604645,0.007499999832361937,0.00034831001539714634,0.0012847500620409846,0.00019414001144468784,6.28100024187006e-05,0.14300000667572021,0.02250000089406967,0.1655000001192093,0.0044999998062849045,0.052000001072883606,0.013749999925494194,0.0005000000237487257,0.30859601497650146,-0.8523330092430115,-0.2651161551475525,-0.9312092065811157,0.0
139,11468,-0.11987995519123995,-0.45133888983266063,-0.0008799551912399561,0.0766611101673394,0.0766661602874928,0.46456137279699705,0.8841309547424316,0.443275511264801,-1.0,0.8860465288162231,0.3084745705127716,0.16762499511241913,-0.11387500166893005,-0.10875000059604645,-0.009499999694526196,0.0016616100911051035,0.00034260001848451793,9.13600015337579e-05,-1.7129999832832254e-05,0.17550000548362732,0.009499999694526196,0.1850000023841858,0.014750000089406967,0.02199999988079071,0.004000000189989805,-0.0002500000118743628,0.6554156541824341,-0.3697652518749237,-0.2539791166782379,0.19155195355415344,-0.001013766
140,11469,-0.1216314084832617,-0.45301725966231104,-0.00263140848326171,0.07498274033768898,0.07502889882675257,0.4722300640720629,0.8840001225471497,0.43840867280960083,-1.0,0.8860465288162231,0.3084745705127716,0.17937499284744263,-0.12312500178813934,-0.11312499642372131,-0.006124999839812517,0.0017929400783032179,0.0004625100118573755,9.13600015337579e-05,6.851999933132902e-05,0.19750000536441803,0.014000000432133675,0.21150000393390656,0.01575000025331974,0.026750000193715096,0.0032500000670552254,0.0005000000237487257,-0.13710059225559235,-0.9837945699691772,-0.8786621689796448,-0.6881910562515259,0.0
141,11470,-0.12520004411475083,-0.4530993843150353,-0.006200044114750836,0.0749006156849647,0.07515678796364063,0.4716265191354616,0.8799269795417786,0.43556398153305054,-1.0,0.8860465288162231,0.3084745705127716,0.1823749989271164,-0.1313749998807907,-0.12837499380111694,-0.01875000074505806,0.00035402001230977476,0.00010848999954760075,7.423000351991504e-05,0.0,0.04050000011920929,0.006500000134110451,0.04699999839067459,0.004749999847263098,0.006500000134110451,0.0010000000474974513,0.0,-0.07818225771188736,-0.7565301656723022,0.42194265127182007,-0.44305649399757385,-0.07716679
142,11471,-0.125569602637555,-0.4557526709136571,-0.0065696026375550165,0.0722473290863429,0.07254540811743841,0.48410469621012325,0.8716278076171875,0.4354247748851776,-1.0,0.8860465288162231,0.3084745705127716,0.18287500739097595,-0.14274999499320984,-0.12062499672174454,-0.015250000171363354,0.00010848999954760075,7.994000043254346e-05,7.994000043254346e-05,6.28100024187006e-05,0.016499999910593033,0.012500000186264515,0.028999999165534973,0.0010000000474974513,0.0010000000474974513,0.0012499999720603228,0.0005000000237487257,0.8739399313926697,0.8837884068489075,-0.852791428565979,-0.7002294659614563,0.0
143,11472,-0.1251199977729232,-0.45685338088760546,-0.0061199977729232136,0.07114661911239456,0.07140935361606862,0.489635747795771,0.8707683682441711,0.43092766404151917,-1.0,0.8860465288162231,0.3084745705127716,0.19474999606609344,-0.140625,-0.1367499977350235,-0.02800000086426735,0.0009535700082778931,0.0005538699915632606,7.994000043254346e-05,0.0,0.13199999928474426,0.007000000216066837,0.13899999856948853,0.009999999776482582,0.029750000685453415,0.0017500000540167093,-0.0002500000118743628,0.6231315732002258,0.460252970457077,0.05168736353516579,-0.09226672351360321,-0.03507201
144,11473,-0.12506888170361602,-0.4566327742636477,-0.006068881703616025,0.07136722573635235,0.07162480181079706,0.48858197199448744,0.871813952922821,0.4290620684623718,-1.0,0.8860465288162231,0.3084745705127716,0.20200000703334808,-0.14100000262260437,-0.1368750035762787,-0.02462499961256981,0.0021983501501381397,0.001147710019722581,9.13600015337579e-05,7.423000351991504e-05,0.2930000126361847,0.014499999582767487,0.3075000047683716,0.01875000074505806,0.04774999991059303,0.0037499999161809683,0.0005000000237487257,-0.11670554429292679,-0.8891639113426208,0.5415852069854736,-0.8991155028343201,0.0
145,11474,-0.12425006961054028,-0.45611969726552537,-0.005250069610540281,0.07188030273447465,0.07207177777823469,0.48640300136372594,0.8719328045845032,0.42943596839904785,-1.0,0.8860465288162231,0.3084745705127716,0.20212499797344208,-0.14412499964237213,-0.1313749998807907,-0.04112499952316284,0.0015474100364372134,0.00033117999555543065,0.0001884299999801442,0.0,0.16449999809265137,0.016499999910593033,0.1809999942779541,0.01425000000745058,0.020749999210238457,0.013000000268220901,0.0,-0.8946320414543152,-0.24954256415367126,-0.7371795177459717,-0.7342797517776489,-0.11211358
146,11475,-0.12492023463787016,-0.45606979572459405,-0.00592023463787017,0.07193020427540597,0.07217342630961253,0.4859088310572413,0.8738370537757874,0.4303056001663208,-1.0,0.8860465288162231,0.3084745705127716,0.19212499260902405,-0.14374999701976776,-0.13862499594688416,-0.03750000149011612,0.00010848999954760075,0.0001598800008650869,7.423000351991504e-05,6.28100024187006e-05,0.023499999195337296,0.012000000104308128,0.03550000116229057,0.000750000006519258,0.01075000036507845,0.0,0.0002500000118743628,0.5824586153030396,0.8968725204467773,0.7058473825454712,-0.9951183795928955,0.0
147,11476,-0.12431068389235991,-0.4553361793639682,-0.005310683892359919,0.07266382063603183,0.0728576296130335,0.48259557441462825,0.8722785115242004,0.4303901791572571,-1.0,0.8860465288162231,0.3084745705127716,0.1977500021457672,-0.14174999296665192,-0.13199999928474426,-0.05587499961256981,0.001136290025897324,0.000867919996380806,0.0001884299999801442,0.0,0.17550000548362732,0.016499999910593033,0.19200000166893005,0.011250000447034836,0.04024999961256981,0.013000000268220901,-0.0002500000118743628,-0.363178014755249,-0.0352330356836319,-0.08417822420597076,-0.8486658930778503,-0.1258399
148,11477,-0.12452198648654059,-0.45510544601284314,-0.005521986486540592,0.07289455398715688,0.07310340850975464,0.4814109127567347,0.8736960887908936,0.4316335916519165,-1.0,0.8860465288162231,0.3084745705127716,0.195250004529953,-0.14162500202655792,-0.13187499344348907,-0.05249999836087227,0.00019985000835731626,0.0008222400210797787,0.0001484600070398301,6.28100024187006e-05,0.08950000256299973,0.01850000023841858,0.1080000028014183,0.002749999985098839,0.038750000298023224,0.009750000201165676,0.0005000000237487257,-0.040068864822387695,0.9139646291732788,0.6061680912971497,-0.5704304575920105,0.0
149,11478,-0.11830019060750196,-0.45190896131877256,0.0006998093924980298,0.07609103868122746,0.07609425668717634,0.4672258278084994,0.8732047080993652,0.43202465772628784,-1.0,0.8860465288162231,0.3084745705127716,0.19374999403953552,-0.13837499916553497,-0.12325000017881393,-0.06287500262260437,0.00034260001848451793,0.001878590090200305,0.00021127000218257308,0.0,0.19449999928474426,0.01850000023841858,0.21299999952316284,0.0042500002309679985,0.06650000065565109,0.014999999664723873,0.0,-0.8051464557647705,0.12266436964273453,0.9385405778884888,-0.9017114043235779,-0.13600306
150,11479,-0.1147425798531567,-0.45015983522220127,0.004257420146843299,0.07784016477779876,0.0779565063284753,0.4586054322746371,0.8876739740371704,0.43744245171546936,-1.0,0.8860465288162231,0.3084745705127716,0.17862500250339508,-0.12725000083446503,-0.10487499833106995,-0.05912499874830246,0.00034260001848451793,0.0011077399831265211,0.0001884299999801442,6.28100024187006e-05,0.12700000405311584,0.02199999988079071,0.14900000393390656,0.0044999998062849045,0.04749999940395355,0.013249999843537807,0.0,-0.6324523091316223,-0.25185495615005493,0.4233494997024536,-0.8563511967658997,0.0
151,11480,-0.11333361472078923,-0.4499531360764228,0.005666385279210762,0.07804686392357724,0.0782522900012379,0.4572509564302688,0.8959475159645081,0.44040706753730774,-1.0,0.8860465288162231,0.3084745705127716,0.1681250035762787,-0.12262500077486038,-0.09449999779462814,-0.07512500137090683,0.00017701000615488738,0.0005253200070001185,0.00013133000175002962,0.0,0.061500001698732376,0.011500000022351742,0.0729999989271164,0.0020000000949949026,0.028999999165534973,0.008249999955296516,0.0,0.18114474415779114,0.01273949071764946,0.7350603342056274,-0.7639687061309814,-0.11567625
152,11481,-0.11277380895979267,-0.45184829547322514,0.0062261910402073295,0.07615170452677489,0.07640580839963926,0.46577244293921755,0.8992241621017456,0.4407573938369751,-1.0,0.8860465288162231,0.3084745705127716,0.16824999451637268,-0.12274999916553497,-0.08375000208616257,-0.07150000333786011,0.0008108200272545218,0.0005367400008253753,0.00021127000218257308,6.28100024187006e-05,0.11800000071525574,0.024000000208616257,0.1420000046491623,0.008500000461935997,0.029500000178813934,0.01425000000745058,0.0002500000118743628,0.9753401279449463,0.5326259732246399,0.07816943526268005,-0.0398440919816494,0.0
153,11482,-0.11273529857420445,-0.451118242502022,0.006264701425795549,0.07688175749797804,0.07713657446330027,0.46238114232116206,0.9005260467529297,0.4375452697277069,-1.0,0.8860465288162231,0.3084745705127716,0.1782499998807907,-0.1236250028014183,-0.08387500047683716,-0.0716250017285347,0.0031690499745309353,0.0011933899950236082,0.000245530012762174,-7.994000043254346e-05,0.38199999928474426,0.02850000001490116,0.4104999899864197,0.02500000037252903,0.050999999046325684,0.017249999567866325,-0.000750000006519258,-0.6867915391921997,0.8520684242248535,0.05439414829015732,0.7176769375801086,0.0
154,11483,-0.11379964902783393,-0.4523542443482902,0.005200350972166062,0.07564575565170983,0.0758242968866306,0.4684888537854939,0.9006155729293823,0.43878263235092163,-1.0,0.8860465288162231,0.3084745705127716,0.17475000023841858,-0.12337499856948853,-0.08375000208616257,-0.05849999934434891,0.0004967700224369764,0.0025580800138413906,0.00026837000041268766,0.0,0.26750001311302185,0.023499999195337296,0.29100000858306885,0.0062500000931322575,0.08224999904632568,0.01899999938905239,-0.0002500000118743628,0.902239203453064,0.5984165668487549,-0.406136691570282,0.7518421411514282,-0.10984166
155,11484,-0.11212765000278874,-0.4519718945784747,0.006872349997211258,0.07602810542152533,0.07633807705510232,0.4660880237387977,0.8981403708457947,0.436687707901001,-1.0,0.8860465288162231,0.3084745705127716,0.18050000071525574,-0.1237500011920929,-0.08487500250339508,-0.04500000178813934,0.0036886599846184254,0.0017187100602313876,0.00010278000263497233,7.423000351991504e-05,0.47350001335144043,0.01549999974668026,0.48899999260902405,0.02850000001490116,0.06424999982118607,0.0062500000931322575,0.000750000006519258,-0.44708412885665894,-0.8593955039978027,0.818827748298645,0.1704683154821396,-0.045602582
156,11485,-0.10781224703416117,-0.4538893936917122,0.01118775296583882,0.07411060630828781,0.07495030209283125,0.47260136737603875,0.9020287394523621,0.4373357594013214,-1.0,0.8860465288162231,0.3084745705127716,0.18050000071525574,-0.12662500143051147,-0.07900000363588333,-0.041999999433755875,0.0032889600843191147,0.000770850048866123,0.0003939900198020041,7.423000351991504e-05,0.3555000126361847,0.04100000113248825,0.39649999141693115,0.026000000536441803,0.03799999877810478,0.02500000037252903,0.0010000000474974513,-0.2832474708557129,-0.9725402593612671,0.6341307759284973,-0.8768530488014221,-0.016324744
157,11486,-0.10596728486519602,-0.45697379720170805,0.013032715134803974,0.07102620279829197,0.07221200141063151,0.4857214273827031,0.9120645523071289,0.43408578634262085,-1.0,0.8860465288162231,0.3084745705127716,0.18324999511241913,-0.13712500035762787,-0.06324999779462814,-0.057624999433755875,0.0018157800659537315,0.00037115000304766,0.0002797899942379445,-7.423000351991504e-05,0.1914999932050705,0.03099999949336052,0.2224999964237213,0.01600000075995922,0.022749999538064003,0.017249999567866325,-0.0005000000237487257,0.6380688548088074,-0.9875975251197815,0.3688052296638489,0.242814838886261,-0.035726756
158,11487,-0.10182437084043752,-0.4577229663931635,0.017175629159562472,0.07027703360683651,0.07234544691688097,0.485073686251809,0.9163551330566406,0.4288579821586609,-1.0,0.8860465288162231,0.3084745705127716,0.19300000369548798,-0.15337499976158142,-0.054499998688697815,-0.05350000038743019,0.0008793400484137237,0.00026837000041268766,0.00019985000835731626,6.851999933132902e-05,0.10050000250339508,0.023499999195337296,0.12399999797344208,0.00925000011920929,0.0182499997317791,0.013500000350177288,0.0002500000118743628,-0.10337235033512115,0.34174835681915283,0.9620775580406189,-0.6566526889801025,0.0
159,11488,-0.09954256548920765,-0.45576276929110127,0.01945743451079235,0.07223723070889876,0.07481182565766217,0.47325626223501815,0.9259898066520691,0.42758819460868835,-1.0,0.8860465288162231,0.3084745705127716,0.1927500069141388,-0.15387499332427979,-0.04125000163912773,-0.06562499701976776,0.0004967700224369764,0.0005995500250719488,0.0003768599999602884,0.0,0.09600000083446503,0.032999999821186066,0.1289999932050705,0.006000000052154064,0.03200000151991844,0.023000000044703484,0.0,-0.832013726234436,-0.7310495376586914,0.10198687016963959,-0.8666836023330688,-0.12800205
160,11489,-0.10084404942934186,-0.45584260154122314,0.018155950570658136,0.07215739845877689,0.0744065097519221,0.4751783377483191,0.9312963485717773,0.43091055750846863,-1.0,0.8860465288162231,0.3084745705127716,0.17949999868869781,-0.1547500044107437,-0.03087499924004078,-0.06199999898672104,0.0001256200048374012,0.00010278000263497233,0.00011420000373618677,6.851999933132902e-05,0.019999999552965164,0.01600000075995922,0.035999998450279236,0.001500000013038516,0.006500000134110451,0.006000000052154064,0.0002500000118743628,-0.05280209332704544,0.4642044007778168,-0.6712108254432678,0.6535755395889282,0.0
161,11490,-0.10121799739969053,-0.4569611611629361,0.01778200260030946,0.07103883883706391,0.0732305690254811,0.48079913720821676,0.928269624710083,0.4307752549648285,-1.0,0.8860465288162231,0.3084745705127716,0.17874999344348907,-0.15162500739097595,-0.04100000113248825,-0.04962500184774399,0.00011420000373618677,0.00025695000658743083,7.423000351991504e-05,0.0,0.032499998807907104,0.006500000134110451,0.039000000804662704,0.0012499999720603228,0.017500000074505806,0.0012499999720603228,0.0,0.21079860627651215,-0.7216457724571228,-0.14823570847511292,-0.7059016227722168,-0.1087082
162,11491,-0.08638122339284482,-0.46109233717141485,0.032618776607155175,0.06690766282858518,0.07443534061540347,0.4750413594774278,0.9273999929428101,0.42887938022613525,-1.0,0.8860465288162231,0.3084745705127716,0.1821250021457672,-0.15725000202655792,-0.04324999824166298,-0.045875001698732376,0.00017130000924225897,7.423000351991504e-05,6.851999933132902e-05,0.0,0.0215000007301569,0.006000000052154064,0.027499999850988388,0.0022499999031424522,0.0017500000540167093,0.0002500000118743628,0.0,0.14532023668289185,-0.8565071821212769,-0.5911250710487366,0.11882656067609787,-0.009740814
163,11492,-0.09408062457880806,-0.45919045948821136,0.024919375421191936,0.06880954051178867,0.07318284045338627,0.48102867054318477,0.9619041085243225,0.421877384185791,-1.0,0.8860465288162231,0.3084745705127716,0.18574999272823334,-0.17237499356269836,-0.05400000140070915,-0.042249999940395355,8.565000462112948e-05,7.423000351991504e-05,0.0,6.28100024187006e-05,0.014000000432133675,0.005499999970197678,0.019500000402331352,0.0002500000118743628,0.0,-0.0002500000118743628,0.0002500000118743628,-0.71312016248703,-0.5560330152511597,-0.348690003156662,0.7528019547462463,-0.06584281
164,11493,-0.10981855320848197,-0.45561644366033616,0.009181446791518028,0.07238355633966387,0.07296354016604985,0.48208472534222396,0.9439985752105713,0.4251009225845337,-1.0,0.8860465288162231,0.3084745705127716,0.17262500524520874,-0.18287500739097595,-0.05050000175833702,-0.02800000086426735,0.0,7.423000351991504e-05,7.423000351991504e-05,0.0,0.006500000134110451,0.006500000134110451,0.013000000268220901,0.0,0.0002500000118743628,0.0002500000118743628,-0.0002500000118743628,0.3095211684703827,0.8218191266059875,-0.8552097082138062,-0.9590303897857666,-0.13908365
165,11494,-0.10561995271632471,-0.4587209231064231,0.013380047283675284,0.06927907689357693,0.07055930952425435,0.493815607698574,0.9073987007141113,0.43115857243537903,-1.0,0.8860465288162231,0.3084745705127716,0.1782499998807907,-0.16737499833106995,-0.06624999642372131,-0.024250000715255737,9.707000572234392e-05,7.423000351991504e-05,0.0,1.1420000191719737e-05,0.014999999664723873,0.0010000000474974513,0.01600000075995922,0.0002500000118743628,0.0,-0.0002500000118743628,-0.0002500000118743628,0.9399651288986206,0.9518592357635498,0.8819382190704346,-0.6875503063201904,-0.10650604
166,11495,-0.10506780493446033,-0.4587776818462404,0.013932195065539665,0.06922231815375962,0.07061044816402574,0.4935631416731658,0.9171628952026367,0.4258967339992523,-1.0,0.8860465288162231,0.3084745705127716,0.19325000047683716,-0.16175000369548798,-0.054999999701976776,-0.020625000819563866,0.00044538002111949027,0.0003939900198020041,0.0001598800008650869,6.28100024187006e-05,0.07349999994039536,0.019500000402331352,0.09300000220537186,0.005249999929219484,0.024250000715255737,0.010250000283122063,0.0,-0.27469685673713684,-0.6477290391921997,-0.8928179740905762,-0.4367646872997284,-0.07641177
167,11496,-0.10622305532991477,-0.4598688034793078,0.012776944670085222,0.06813119652069222,0.06931890257674023,0.49997907783402074,0.918446958065033,0.42580053210258484,-1.0,0.8860465288162231,0.3084745705127716,0.19050000607967377,-0.16212500631809235,-0.06650000065565109,-0.016875000670552254,9.707000572234392e-05,7.423000351991504e-05,7.423000351991504e-05,0.0,0.014999999664723873,0.006500000134110451,0.0215000007301569,0.0005000000237487257,0.000750000006519258,0.0,0.0,0.30946531891822815,-0.44099074602127075,0.6419776678085327,-0.48178228735923767,-0.08181388
168,11497,-0.10360069056407156,-0.46008882540301116,0.015399309435928432,0.06791117459698887,0.06963523796359268,0.49839996604548786,0.915760338306427,0.4239511787891388,-1.0,0.8860465288162231,0.3084745705127716,0.19550000131130219,-0.17087499797344208,-0.05562499910593033,-0.013249999843537807,0.0001541700039524585,7.423000351991504e-05,7.994000043254346e-05,6.851999933132902e-05,0.019999999552965164,0.013000000268220901,0.032999999821186066,0.0020000000949949026,0.0017500000540167093,0.0022499999031424522,0.0002500000118743628,0.25791892409324646,-0.15726692974567413,0.43874719738960266,-0.6779636740684509,0.0
169,11498,-0.10396374839035191,-0.4653666338372936,0.015036251609648082,0.06263336616270643,0.06441294450139896,0.5251194885682482,0.9218588471412659,0.42357826232910156,-1.0,0.8860465288162231,0.3084745705127716,0.1991250067949295,-0.1743749976158142,-0.04912500083446503,-0.025624999776482582,0.00032546999864280224,8.565000462112948e-05,0.00010278000263497233,0.0,0.035999998450279236,0.008999999612569809,0.04500000178813934,0.0042500002309679985,0.003000000026077032,0.005499999970197678,-0.0002500000118743628,0.8073645830154419,-0.8486969470977783,-0.475210040807724,-0.8718500137329102,-0.12862201
170,11499,-0.10404176746608484,-0.4676461522421621,0.01495823253391515,0.06035384775783792,0.06217986538836309,0.5369777313883738,0.9210145473480225,0.4146328270435333,-1.0,0.8860465288162231,0.3084745705127716,0.21512499451637268,-0.19099999964237213,-0.05537499859929085,-0.02199999988079071,0.0001827200030675158,9.13600015337579e-05,7.423000351991504e-05,6.851999933132902e-05,0.024000000208616257,0.012500000186264515,0.0364999994635582,0.0024999999441206455,0.0044999998062849045,0.0002500000118743628,0.0,0.3525661528110504,-0.7492342591285706,-0.005366925150156021,-0.8255533576011658,0.0
171,11500,-0.10412910743410997,-0.4686716362187528,0.014870892565890026,0.05932836378124723,0.06116369997528151,0.5424621314662231,0.9208331108093262,0.4107692241668701,-1.0,0.8860465288162231,0.3084745705127716,0.2224999964237213,-0.20337499678134918,-0.05537499859929085,-0.03737499937415123,0.00010848999954760075,6.851999933132902e-05,7.423000351991504e-05,0.0,0.01549999974668026,0.006500000134110451,0.02199999988079071,0.000750000006519258,0.0012499999720603228,0.0002500000118743628,0.0,0.5159364342689514,-0.018618665635585785,-0.1051970049738884,-0.4691317677497864,-0.080295816
172,11501,-0.1038487721783237,-0.4670710890040813,0.0151512278216763,0.06092891099591874,0.06278448773107037,0.5337408393960011,0.9206299781799316,0.40903112292289734,-1.0,0.8860465288162231,0.3084745705127716,0.23012499511241913,-0.20499999821186066,-0.057374998927116394,-0.03362499922513962,0.00035973000922240317,9.13600015337579e-05,7.994000043254346e-05,0.0,0.039500001817941666,0.007000000216066837,0.04650000110268593,0.004749999847263098,0.004000000189989805,0.0005000000237487257,0.0,-0.6319940090179443,0.18272891640663147,-0.5927878618240356,0.6875776052474976,0.0
173,11502,-0.10668596894353405,-0.46613274849331265,0.012314031056465946,0.06186725150668737,0.06308083837308535,0.5321614364330735,0.9212819337844849,0.4117439091205597,-1.0,0.8860465288162231,0.3084745705127716,0.22075000405311584,-0.20149999856948853,-0.06812500208616257,-0.020625000819563866,9.13600015337579e-05,9.13600015337579e-05,7.423000351991504e-05,0.0,0.01600000075995922,0.006500000134110451,0.02250000089406967,0.0,0.0037499999161809683,0.0,-0.0002500000118743628,-0.7101134061813354,-0.13454537093639374,-0.7317692041397095,-0.9903653264045715,-0.14284384
174,11503,-0.10629171938894258,-0.4631677248332631,0.012708280611057415,0.06483227516673695,0.06606606011701376,0.5165100146459041,0.9146838188171387,0.41333431005477905,-1.0,0.8860465288162231,0.3084745705127716,0.20737500488758087,-0.20212499797344208,-0.08162499964237213,-0.017124999314546585,9.13600015337579e-05,0.0,0.0,6.28100024187006e-05,0.00800000037997961,0.005499999970197678,0.013500000350177288,0.0002500000118743628,0.0,-0.0002500000118743628,0.0002500000118743628,0.024169253185391426,0.7054592370986938,0.9320372343063354,-0.36996689438819885,0.0
175,11504,-0.10705279869636608,-0.46310709895733476,0.011947201303633914,0.06489290104266526,0.06598351479515698,0.5169365455163372,0.9156006574630737,0.41835978627204895,-1.0,0.8860465288162231,0.3084745705127716,0.20749999582767487,-0.1901250034570694,-0.06475000083446503,-0.023749999701976776,9.13600015337579e-05,8.565000462112948e-05,7.423000351991504e-05,-1.1420000191719737e-05,0.01549999974668026,0.007499999832361937,0.023000000044703484,0.000750000006519258,0.0022499999031424522,0.000750000006519258,-0.0002500000118743628,0.1379324495792389,0.8474947214126587,-0.4046252965927124,-0.25422927737236023,-0.05450752
176,11505,-0.10612552181600529,-0.45916360341746487,0.012874478183994703,0.06883639658253515,0.07003000559030545,0.4964363227920687,0.9138306975364685,0.4184625446796417,-1.0,0.8860465288162231,0.3084745705127716,0.20912499725818634,-0.18037499487400055,-0.07212500274181366,-0.020250000059604645,0.00017701000615488738,0.00021127000218257308,6.851999933132902e-05,6.28100024187006e-05,0.03400000184774399,0.011500000022351742,0.045499999076128006,0.0024999999441206455,0.014499999582767487,0.0005000000237487257,0.0002500000118743628,-0.8568834066390991,0.9423734545707703,0.8822012543678284,-0.9668074250221252,0.0
177,11506,-0.1092927185533697,-0.4610712712988105,0.0097072814466303,0.06692872870118954,0.06762903251297867,0.508499866957977,0.9159871339797974,0.4251464307308197,-1.0,0.8860465288162231,0.3084745705127716,0.19337500631809235,-0.16449999809265137,-0.05849999934434891,-0.03824999928474426,0.00016558999777771533,0.0002797899942379445,0.00010848999954760075,5.7100001868093386e-05,0.039000000804662704,0.014499999582767487,0.05350000038743019,0.0020000000949949026,0.017999999225139618,0.0062500000931322575,0.0,0.9322257041931152,-0.10840862989425659,-0.9500278830528259,-0.13102814555168152,-0.03972338
178,11507,-0.11004679005717,-0.4611259290747539,0.008953209942829998,0.06687407092524611,0.06747074425553076,0.5093053999003488,0.908621609210968,0.4219130873680115,-1.0,0.8860465288162231,0.3084745705127716,0.2058749943971634,-0.16625000536441803,-0.07474999874830246,-0.03474999964237213,0.0011991000501438975,0.00026266000350005925,9.13600015337579e-05,6.851999933132902e-05,0.12800000607967377,0.014000000432133675,0.1420000046491623,0.011749999597668648,0.017500000074505806,0.0032500000670552254,0.0005000000237487257,0.16490387916564941,0.3650006949901581,-0.3013800084590912,-0.33225807547569275,0.0
179,11508,-0.11117535929345587,-0.4619093892433212,0.007824640706544123,0.06609061075667882,0.06655218878727685,0.5140052046126106,0.9068679213523865,0.4218204617500305,-1.0,0.8860465288162231,0.3084745705127716,0.20787499845027924,-0.16625000536441803,-0.07975000143051147,-0.04050000011920929,0.0014788900734856725,0.0005824200343340635,8.565000462112948e-05,-7.423000351991504e-05,0.18050000071525574,0.014000000432133675,0.19449999928474426,0.013749999925494194,0.03099999949336052,0.0020000000949949026,-0.0002500000118743628,0.38677120208740234,0.613640546798706,0.45252642035484314,-0.48004716634750366,-0.036818434
180,11509,-0.10802304659220946,-0.4636685758585829,0.010976953407790535,0.06433142414141713,0.06526121082373289,0.5206839161253117,0.9042433500289917,0.420492559671402,-1.0,0.8860465288162231,0.3084745705127716,0.2123750001192093,-0.1666249930858612,-0.07925000041723251,-0.0494999997317791,0.0023068401496857405,0.0009193100268021226,0.00027407999732531607,-7.423000351991504e-05,0.2824999988079071,0.030500000342726707,0.31299999356269836,0.01924999989569187,0.04324999824166298,0.017750000581145287,-0.0002500000118743628,0.7506640553474426,-0.9104257822036743,0.8006469011306763,-0.7977784872055054,-0.052624557
181,11510,-0.10496770700790845,-0.4638486975227667,0.01403229299209155,0.06415130247723333,0.06566806572559744,0.5185697917150067,0.9115743041038513,0.41751089692115784,-1.0,0.8860465288162231,0.3084745705127716,0.21825000643730164,-0.1758749932050705,-0.06537500023841858,-0.06424999982118607,0.0022668701130896807,0.0004739300056826323,0.00033117999555543065,-7.423000351991504e-05,0.23999999463558197,0.03550000116229057,0.27549999952316284,0.01899999938905239,0.02775000035762787,0.019999999552965164,-0.0005000000237487257,0.06072802096605301,0.556322455406189,0.9689121842384338,-0.9743261337280273,-0.0023805385
182,11511,-0.10282817905801103,-0.4637714767141316,0.016171820941988962,0.06422852328586842,0.06623315631964927,0.5156476667011811,0.9186797738075256,0.4172056019306183,-1.0,0.8860465288162231,0.3084745705127716,0.21825000643730164,-0.17612500488758087,-0.051874998956918716,-0.08250000327825546,0.0024210400879383087,0.0011534200748428702,0.0005081900162622333,-7.423000351991504e-05,0.31299999356269836,0.050999999046325684,0.36399999260902405,0.020250000059604645,0.04899999871850014,0.029249999672174454,-0.0005000000237487257,0.1870121955871582,-0.5270254015922546,0.4885709285736084,-0.7608417272567749,-0.06870122
183,11512,-0.10252066163680101,-0.46365550922924964,0.01647933836319898,0.06434449077075038,0.06642124724390519,0.5146786918015724,0.9236553907394409,0.41733649373054504,-1.0,0.8860465288162231,0.3084745705127716,0.21549999713897705,-0.17637500166893005,-0.041875001043081284,-0.09700000286102295,0.0006223900127224624,0.0005367400008253753,0.0005081900162622333,0.0,0.1014999970793724,0.04450000077486038,0.1459999978542328,0.007000000216066837,0.029750000685453415,0.027499999850988388,0.0,0.29711470007896423,-0.05374891310930252,-0.05913320183753967,0.14669784903526306,-0.006396259
184,11513,-0.09615658068102167,-0.46306643483408527,0.02284341931897832,0.06493356516591475,0.06883450945084718,0.5024068172724582,0.924370527267456,0.4175330400466919,-1.0,0.8860465288162231,0.3084745705127716,0.21549999713897705,-0.17649999260902405,-0.041875001043081284,-0.09350000321865082,0.0021127001382410526,0.00048534999950788915,0.00044538002111949027,6.851999933132902e-05,0.22750000655651093,0.04500000178813934,0.27250000834465027,0.017999999225139618,0.02800000086426735,0.025499999523162842,0.0005000000237487257,-0.9134204983711243,-0.9839078783988953,0.8178555965423584,-0.5139380693435669,0.0
185,11514,-0.09903191935115169,-0.4650839146351535,0.019968080648848308,0.06291608536484655,0.06600877246575314,0.5168059958740727,0.9391707181930542,0.41853147745132446,-1.0,0.8860465288162231,0.3084745705127716,0.20612500607967377,-0.18462499976158142,-0.01850000023841858,-0.10275000333786011,0.00017701000615488738,0.00011420000373618677,0.0001541700039524585,0.0,0.025499999523162842,0.013500000350177288,0.039000000804662704,0.0024999999441206455,0.007499999832361937,0.00925000011920929,-0.0002500000118743628,0.9077761769294739,0.8809891939163208,-0.8404426574707031,-0.978242039680481,-0.14138906
186,11515,-0.09900054012842155,-0.46366736464367964,0.019999459871578446,0.06433263535632039,0.06736962495846449,0.5098206664136813,0.9324839115142822,0.4151120185852051,-1.0,0.8860465288162231,0.3084745705127716,0.2162500023841858,-0.1847500056028366,-0.032499998807907104,-0.09937500208616257,0.001850040047429502,0.0008793400484137237,0.00010278000263497233,6.851999933132902e-05,0.23899999260902405,0.014999999664723873,0.2540000081062317,0.016249999403953552,0.04075000062584877,0.005750000011175871,0.0005000000237487257,-0.782894492149353,-0.7757262587547302,-0.3526346981525421,-0.5095584988594055,0.0
187,11516,-0.10185972934352971,-0.46371346503914423,0.01714027065647028,0.06428653496085579,0.06653230384896039,0.5141074243933246,0.9325568675994873,0.4175129532814026,-1.0,0.8860465288162231,0.3084745705127716,0.20887500047683716,-0.18462499976158142,-0.036375001072883606,-0.10849999636411667,0.0001484600070398301,0.00016558999777771533,6.851999933132902e-05,0.0,0.027499999850988388,0.006000000052154064,0.03350000083446503,0.0017500000540167093,0.011500000022351742,0.0005000000237487257,-0.0002500000118743628,0.3286440670490265,0.6186737418174744,-0.6937985420227051,0.04083304852247238,-0.019100036
188,11517,-0.10236306174367416,-0.4627541042754747,0.01663693825632584,0.06524589572452533,0.06733360693918328,0.5100043267930396,0.9259076118469238,0.41743481159210205,-1.0,0.8860465288162231,0.3084745705127716,0.21250000596046448,-0.1823749989271164,-0.04987499862909317,-0.10487499833106995,0.0005710000405088067,0.0005367400008253753,7.994000043254346e-05,6.851999933132902e-05,0.09700000286102295,0.013000000268220901,0.10999999940395355,0.006750000175088644,0.029999999329447746,0.001500000013038516,0.0,-0.736451268196106,-0.7095998525619507,0.5621168613433838,-0.7027045488357544,-0.10832455
189,11518,-0.10216820348460529,-0.4662439227689217,0.01683179651539471,0.06175607723107834,0.06400876853140175,0.5272461902683084,0.9247370362281799,0.4190608263015747,-1.0,0.8860465288162231,0.3084745705127716,0.2018750011920929,-0.18199999630451202,-0.03974999859929085,-0.10112500190734863,9.13600015337579e-05,9.13600015337579e-05,8.565000462112948e-05,5.7100000958598685e-06,0.01600000075995922,0.00800000037997961,0.024000000208616257,0.0005000000237487257,0.002749999985098839,0.0022499999031424522,0.0,0.9403828382492065,-0.7697206139564514,-0.38036563992500305,-0.987819492816925,-0.14253834
190,11519,-0.10127036605336004,-0.46684854221837574,0.017729633946639956,0.061151457781624285,0.06366977861355907,0.5290365345243233,0.9251902103424072,0.41314589977264404,-1.0,0.8860465288162231,0.3084745705127716,0.21875,-0.19712500274181366,-0.04600000008940697,-0.09737499803304672,0.0001598800008650869,9.13600015337579e-05,7.423000351991504e-05,0.0,0.02199999988079071,0.006500000134110451,0.02850000001490116,0.0020000000949949026,0.0042500002309679985,0.0005000000237487257,0.0,0.677850067615509,0.6839935779571533,0.9715806841850281,-0.9694335460662842,-0.14033204
191,11520,-0.09785697286839917,-0.47109410647702255,0.021143027131600822,0.05690589352297748,0.06070674026774999,0.5449466371072053,0.9272782206535339,0.41212111711502075,-1.0,0.8860465288162231,0.3084745705127716,0.226624995470047,-0.19687500596046448,-0.03725000098347664,-0.09362500160932541,0.0011591300135478377,0.0006509399972856045,0.000308340007904917,2.8550000934046693e-05,0.15850000083446503,0.029500000178813934,0.18799999356269836,0.011500000022351742,0.029249999672174454,0.01924999989569187,0.0,0.852670431137085,-0.9089808464050293,0.6648935079574585,-0.9565272331237793,0.0
192,11521,-0.09592234650298875,-0.47206277699599464,0.02307765349701124,0.05593722300400539,0.060510751179670086,0.5460157203528347,0.9352163672447205,0.40492525696754456,-1.0,0.8860465288162231,0.3084745705127716,0.24037499725818634,-0.21250000596046448,-0.026499999687075615,-0.11112499982118607,0.0017472601030021906,0.0004510900180321187,0.00035973000922240317,-7.423000351991504e-05,0.19249999523162842,0.03799999877810478,0.2304999977350235,0.01575000025331974,0.026499999687075615,0.02250000089406967,-0.000750000006519258,0.44431376457214355,-0.20125266909599304,0.5395029187202454,-0.990156888961792,-0.023982283
193,11522,-0.09614336934813339,-0.4724321793330232,0.022856630651866605,0.0555678206669768,0.06008500859975924,0.5483452972490115,0.9397154450416565,0.40328341722488403,-1.0,0.8860465288162231,0.3084745705127716,0.24175000190734863,-0.2160000056028366,-0.017875000834465027,-0.12974999845027924,0.00267799012362957,0.00042825000127777457,0.00042825000127777457,-7.423000351991504e-05,0.2720000147819519,0.04399999976158142,0.3160000145435333,0.02199999988079071,0.026000000536441803,0.02525000087916851,-0.0005000000237487257,0.2247907817363739,0.5300580859184265,-0.5468940734863281,0.02369014173746109,-0.072479084
194,11523,-0.09504780144771494,-0.47146166135765905,0.02395219855228506,0.05653833864234098,0.061402699874876135,0.5411671955808126,0.9392014741897583,0.40265733003616333,-1.0,0.8860465288162231,0.3084745705127716,0.2409999966621399,-0.2160000056028366,-0.017999999225139618,-0.12962499260902405,0.0003882800228893757,0.001050640014000237,9.707000572234392e-05,6.28100024187006e-05,0.12600000202655792,0.014000000432133675,0.14000000059604645,0.004749999847263098,0.04574999958276749,0.004999999888241291,0.0,-0.16848641633987427,-0.7759232521057129,-0.2953799068927765,-0.5044006705284119,0.0
195,11524,-0.09606273245078159,-0.46876752564062674,0.022937267549218404,0.05923247435937329,0.06351853478598386,0.5298372750110506,0.9417492747306824,0.4043022692203522,-1.0,0.8860465288162231,0.3084745705127716,0.23862500488758087,-0.21574999392032623,-0.02212500013411045,-0.13899999856948853,0.00022840000747237355,0.00023982000129763037,9.13600015337579e-05,0.0,0.04100000113248825,0.00800000037997961,0.04899999871850014,0.0032500000670552254,0.016249999403953552,0.0022499999031424522,0.0,-0.6736913919448853,0.7143007516860962,-0.05493343248963356,-0.7368596792221069,-0.11242317
196,11525,-0.09699950643303282,-0.46998454116023014,0.022000493566967178,0.058015458839769884,0.06204687890280379,0.5376923142455833,0.9393889904022217,0.40886861085891724,-1.0,0.8860465288162231,0.3084745705127716,0.22637499868869781,-0.20600000023841858,-0.02212500013411045,-0.1354999989271164,0.00017701000615488738,0.0003939900198020041,7.423000351991504e-05,6.851999933132902e-05,0.05000000074505806,0.012500000186264515,0.0625,0.0024999999441206455,0.023499999195337296,0.0002500000118743628,0.0005000000237487257,0.29457390308380127,-0.7368184924125671,-0.3326305150985718,-0.9393907189369202,0.0
197,11526,-0.10100720525188378,-0.47423162848599276,0.017992794748116214,0.05376837151400726,0.056699016200602165,0.5672301428061635,0.9372104406356812,0.4068058729171753,-1.0,0.8860465288162231,0.3084745705127716,0.23087500035762787,-0.210875004529953,-0.0286250002682209,-0.15262499451637268,0.00034831001539714634,0.00010278000263497233,7.994000043254346e-05,0.0,0.039500001817941666,0.007000000216066837,0.04650000110268593,0.0044999998062849045,0.005750000011175871,0.0010000000474974513,-0.0002500000118743628,0.8031547665596008,-0.7934466600418091,-0.8628645539283752,0.1719738095998764,-0.0033631434
198,11527,-0.10078490913171662,-0.4741384320982416,0.01821509086828338,0.053861567901758445,0.05685822748007148,0.5663277669709362,0.9278902411460876,0.39960741996765137,-1.0,0.8860465288162231,0.3084745705127716,0.24699999392032623,-0.22550000250339508,-0.044874999672174454,-0.14912499487400055,0.0001598800008650869,0.00010278000263497233,7.423000351991504e-05,6.851999933132902e-05,0.023000000044703484,0.012500000186264515,0.03550000116229057,0.0022499999031424522,0.005249999929219484,0.0012499999720603228,0.0002500000118743628,0.46241095662117004,0.9647930860519409,-0.30464044213294983,-0.47620460391044617,0.0
199,11528,-0.10561002335124975,-0.47809256149273566,0.013389976648750246,0.04990743850726437,0.05167246745618455,0.596470988664824,0.9284071922302246,0.39976537227630615,-1.0,0.8860465288162231,0.3084745705127716,0.25187501311302185,-0.22312499582767487,-0.050999999046325684,-0.1577499955892563,0.0009193100268021226,0.0007194600184448063,7.994000043254346e-05,-5.139000131748617e-05,0.14350000023841858,0.011500000022351742,0.1550000011920929,0.009750000201165676,0.0364999994635582,0.0022499999031424522,-0.0002500000118743628,0.946709156036377,-0.9482267498970032,-0.866489827632904,0.17912958562374115,-0.0025044503
200,11529,-0.1070604588304403,-0.48092635877887435,0.011939541169559698,0.04707364122112567,0.04856418784613692,0.615302120803896,0.9171860218048096,0.3930634558200836,-1.0,0.8860465288162231,0.3084745705127716,0.26887500286102295,-0.2329999953508377,-0.06812500208616257,-0.15424999594688416,0.0011762600624933839,0.00032546999864280224,9.707000572234392e-05,6.851999933132902e-05,0.1315000057220459,0.014499999582767487,0.1459999978542328,0.011250000447034836,0.020749999210238457,0.0042500002309679985,0.0002500000118743628,0.6861990094184875,-0.9331285953521729,0.607415497303009,-0.9199512600898743,0.0
201,11530,-0.10191790690498628,-0.47995163101060323,0.017082093095013712,0.048048368989396795,0.05099454546368604,0.6005283339549884,0.9138128757476807,0.3882603943347931,-1.0,0.8860465288162231,0.3084745705127716,0.28212499618530273,-0.24962499737739563,-0.06174999848008156,-0.17100000381469727,0.0010620600078254938,0.0002969200140796602,0.00020556000526994467,-5.7100000958598685e-06,0.11900000274181366,0.01850000023841858,0.13750000298023224,0.010250000283122063,0.01924999989569187,0.01425000000745058,-0.0005000000237487257,-0.6148759126663208,-0.5835057497024536,0.7979363203048706,0.13973073661327362,-0.0072323126
202,11531,-0.09906469132125445,-0.48440472982999694,0.019935308678745545,0.043595270170003086,0.047937084948006886,0.6191728221911393,0.9257723093032837,0.389912486076355,-1.0,0.8860465288162231,0.3084745705127716,0.2750000059604645,-0.25312501192092896,-0.04387500137090683,-0.16750000417232513,0.00014275001012720168,9.707000572234392e-05,0.00013133000175002962,6.28100024187006e-05,0.020999999716877937,0.017000000923871994,0.03799999877810478,0.001500000013038516,0.0044999998062849045,0.008249999955296516,0.0,0.9038730263710022,-0.4869435727596283,-0.00579332048073411,0.07691551744937897,0.0
203,11532,-0.09560554866486112,-0.4819986086281923,0.02339445133513887,0.0460013913718077,0.05160841366884284,0.5968531733122617,0.9324076771736145,0.3823648691177368,-1.0,0.8860465288162231,0.3084745705127716,0.2887499928474426,-0.26662498712539673,-0.04387500137090683,-0.16625000536441803,0.0007080400246195495,0.0001884299999801442,0.00013133000175002962,6.851999933132902e-05,0.07850000262260437,0.017500000074505806,0.09600000083446503,0.00774999987334013,0.013249999843537807,0.008249999955296516,0.0002500000118743628,-0.8095836639404297,-0.12444628030061722,0.972472071647644,-0.6527750492095947,0.0
204,11533,-0.10418007987077194,-0.47739222992449293,0.014819920129228059,0.0506077700755071,0.05273306765827388,0.590178245564346,0.9404522180557251,0.38644304871559143,-1.0,0.8860465288162231,0.3084745705127716,0.2771250009536743,-0.265749990940094,-0.024125000461935997,-0.1782499998807907,0.00011420000373618677,0.00010848999954760075,9.707000572234392e-05,0.0,0.019500000402331352,0.008500000461935997,0.02800000086426735,0.000750000006519258,0.007000000216066837,0.004999999888241291,0.0,-0.9400005340576172,0.09886471927165985,-0.13333187997341156,-0.7118726968765259,-0.109424725
205,11534,-0.1030179565866626,-0.476776982430609,0.015982043413337393,0.051223017569391016,0.05365839394335188,0.5847423597557254,0.9205114245414734,0.39425045251846313,-1.0,0.8860465288162231,0.3084745705127716,0.25962498784065247,-0.26112499833106995,-0.024125000461935997,-0.1745000034570694,9.707000572234392e-05,7.423000351991504e-05,7.423000351991504e-05,0.0,0.014999999664723873,0.006500000134110451,0.0215000007301569,0.0005000000237487257,0.0012499999720603228,0.0002500000118743628,0.0,-0.8290637731552124,-0.7038207054138184,-0.959656298160553,0.44421619176864624,0.0
206,11535,-0.10233856108656939,-0.4769352185784476,0.01666143891343061,0.05106478142155241,0.05371420155133002,0.5844161200736594,0.9232140779495239,0.3952932357788086,-1.0,0.8860465288162231,0.3084745705127716,0.24424999952316284,-0.273624986410141,-0.041875001043081284,-0.16625000536441803,8.565000462112948e-05,0.0,0.0,6.28100024187006e-05,0.007499999832361937,0.005499999970197678,0.013000000268220901,0.0002500000118743628,0.0,0.0,0.0,-0.7670185565948486,-0.8203423023223877,-0.46017199754714966,0.5065782070159912,-0.20166174
207,11536,-0.10228384534384072,-0.4766767877760906,0.016716154656159277,0.0513232122239094,0.05397686485401944,0.5828830876294407,0.9247940182685852,0.3950250446796417,-1.0,0.8860465288162231,0.3084745705127716,0.23000000417232513,-0.2698749899864197,-0.03812500089406967,-0.15687499940395355,0.0,0.0,2.8550000934046693e-05,0.0,0.0,0.0024999999441206455,0.0024999999441206455,0.0,0.0,0.0,0.0,0.9683583378791809,-0.41252535581588745,0.6952139139175415,-0.7736703157424927,-0.19034348
208,11537,-0.1249673540333594,-0.4729417311337384,-0.005967354033359407,0.05505826886626164,0.05538070317997964,0.5747575198132616,0.9249212741851807,0.39546307921409607,-1.0,0.8860465288162231,0.3084745705127716,0.24812500178813934,-0.26625001430511475,-0.02512500062584877,-0.15312500298023224,0.0,7.994000043254346e-05,5.7100000958598685e-06,6.28100024187006e-05,0.007000000216066837,0.006000000052154064,0.013000000268220901,0.0,0.0002500000118743628,0.0,0.0,-0.9531664848327637,-0.7983983755111694,-0.683319091796875,-0.48268845677375793,-0.24437828
209,11538,-0.08990271596700983,-0.4828909733188091,0.029097284032990167,0.045109026681190934,0.053679383623705106,0.5846196370835216,0.8721689581871033,0.4017936885356903,-1.0,0.8860465288162231,0.3084745705127716,0.25174999237060547,-0.2809999883174896,-0.0215000007301569,-0.16212500631809235,8.565000462112948e-05,0.0,7.423000351991504e-05,0.0,0.007499999832361937,0.006500000134110451,0.014000000432133675,0.0002500000118743628,0.0,0.0002500000118743628,0.0,0.9249190092086792,0.6645076870918274,0.9102237820625305,-0.4716227352619171,-0.08059473
210,11539,-0.09020027438683945,-0.4838401134913834,0.02879972561316055,0.04415988650861663,0.05272115108613654,0.5902485787712879,0.9537146091461182,0.3849305510520935,-1.0,0.8860465288162231,0.3084745705127716,0.2686249911785126,-0.27137500047683716,-0.005499999970197678,-0.15850000083446503,0.00011991000064881518,9.707000572234392e-05,8.565000462112948e-05,6.28100024187006e-05,0.01899999938905239,0.013000000268220901,0.03200000151991844,0.0010000000474974513,0.005499999970197678,0.0022499999031424522,0.0002500000118743628,0.7859741449356079,0.9740865230560303,0.00426164036616683,-0.7707368731498718,0.0
211,11540,-0.08888270500884837,-0.48204349855037276,0.030117294991151622,0.04595650144962726,0.05494589596206107,0.5772620479837425,0.9530225992202759,0.3833218514919281,-1.0,0.8860465288162231,0.3084745705127716,0.2784999907016754,-0.2680000066757202,-0.006124999839812517,-0.17262500524520874,0.0010734800016507506,0.0007080400246195495,9.13600015337579e-05,-6.851999933132902e-05,0.15600000321865082,0.014000000432133675,0.17000000178813934,0.010499999858438969,0.03525000065565109,0.0035000001080334187,-0.0002500000118743628,-0.7726918458938599,-0.23829615116119385,0.7919317483901978,-0.7984135746955872,0.0
212,11541,-0.08988758735177707,-0.4802512338394736,0.029112412648222924,0.047748766160526424,0.05592385215677693,0.5716441928808912,0.9560867547988892,0.38636696338653564,-1.0,0.8860465288162231,0.3084745705127716,0.2685000002384186,-0.26524999737739563,0.005249999929219484,-0.1876250058412552,0.0001484600070398301,0.00033117999555543065,0.0001598800008650869,0.0,0.041999999433755875,0.014000000432133675,0.0560000017285347,0.0017500000540167093,0.020999999716877937,0.010250000283122063,0.0,-0.44482505321502686,-0.2031964361667633,-0.030995110049843788,-0.7937536239624023,-0.11925044
213,11542,-0.08593276575322312,-0.4822211489854084,0.03306723424677688,0.045778851014591615,0.056472517041011985,0.5685163704100359,0.9537497758865356,0.38940468430519104,-1.0,0.8860465288162231,0.3084745705127716,0.2607499957084656,-0.2626250088214874,0.007625000085681677,-0.18412500619888306,9.707000572234392e-05,0.00011991000064881518,9.707000572234392e-05,6.851999933132902e-05,0.01899999938905239,0.014499999582767487,0.03350000083446503,0.000750000006519258,0.008249999955296516,0.0044999998062849045,0.0005000000237487257,0.9347742795944214,0.8380347490310669,0.38398250937461853,-0.8314824104309082,0.0
214,11543,-0.08823215804675322,-0.48248257972458936,0.030767841953246777,0.04551742027541067,0.054940837698276304,0.5772912481593636,0.9629470705986023,0.38606584072113037,-1.0,0.8860465288162231,0.3084745705127716,0.27162501215934753,-0.2616249918937683,0.008375000208616257,-0.1992499977350235,0.0015474100364372134,0.0007594299968332052,0.00026266000350005925,-7.423000351991504e-05,0.20200000703334808,0.029500000178813934,0.23149999976158142,0.014000000432133675,0.03750000149011612,0.017249999567866325,-0.0002500000118743628,-0.1758388876914978,-0.9502034187316895,-0.9244582653045654,-0.838584303855896,0.0
215,11544,-0.08399782981980838,-0.48488012904917627,0.03500217018019161,0.04311987095082376,0.055538051713566516,0.5738538584195756,0.9575996398925781,0.3856227397918701,-1.0,0.8860465288162231,0.3084745705127716,0.2721250057220459,-0.26499998569488525,-0.0012499999720603228,-0.2150000035762787,0.0005767100374214351,0.00013703999866265804,8.565000462112948e-05,0.0,0.0625,0.007499999832361937,0.07000000029802322,0.006500000134110451,0.008750000037252903,0.0020000000949949026,0.0,0.09033152461051941,-0.7805463075637817,-0.37906062602996826,-0.7672772407531738,-0.11607327
216,11545,-0.09083508880423552,-0.4820132890709904,0.028164911195764475,0.04598671092900963,0.05392624411855134,0.5831782220286175,0.9674469232559204,0.3815591037273407,-1.0,0.8860465288162231,0.3084745705127716,0.27649998664855957,-0.2757500112056732,-0.007249999791383743,-0.21125000715255737,0.0001256200048374012,7.994000043254346e-05,7.423000351991504e-05,6.851999933132902e-05,0.017999999225139618,0.012500000186264515,0.030500000342726707,0.0010000000474974513,0.0010000000474974513,0.0,0.0,-0.5332654118537903,0.7047352194786072,0.6339712738990784,0.19830740988254547,0.0
217,11546,-0.08694161419395424,-0.48310500603316325,0.03205838580604575,0.04489499396683677,0.055166118077780185,0.5759921880578386,0.951546311378479,0.3864181637763977,-1.0,0.8860465288162231,0.3084745705127716,0.2667500078678131,-0.2667500078678131,0.0022499999031424522,-0.20762500166893005,0.00010848999954760075,0.00014275001012720168,0.00010278000263497233,5.7100001868093386e-05,0.02199999988079071,0.014000000432133675,0.035999998450279236,0.000750000006519258,0.00925000011920929,0.004749999847263098,0.0,0.9320640563964844,0.3530668616294861,0.27638453245162964,-0.973405122756958,0.0
218,11547,-0.09005376584700894,-0.4838141016677534,0.02894623415299105,0.04418589833224662,0.052823082862205425,0.5896472344442683,0.9606009125709534,0.3845677971839905,-1.0,0.8860465288162231,0.3084745705127716,0.27799999713897705,-0.2672500014305115,0.002749999985098839,-0.22574999928474426,0.0013989500002935529,0.0003825699968729168,0.0002169799990952015,0.0,0.15600000321865082,0.01899999938905239,0.17499999701976776,0.013000000268220901,0.023250000551342964,0.014000000432133675,-0.0002500000118743628,-0.16756488382816315,-0.6591653823852539,-0.4020563066005707,-0.9637499451637268,-0.13965
219,11548,-0.09172483601755188,-0.48525665032055804,0.027275163982448114,0.04274334967944199,0.05070432439238776,0.6022737252407924,0.9533633589744568,0.3833659291267395,-1.0,0.8860465288162231,0.3084745705127716,0.27812498807907104,-0.2718749940395355,0.0016250000335276127,-0.22224999964237213,0.0005424499977380037,0.0001256200048374012,7.994000043254346e-05,6.851999933132902e-05,0.05849999934434891,0.013000000268220901,0.07150000333786011,0.006500000134110451,0.00800000037997961,0.0012499999720603228,0.0002500000118743628,0.7062147855758667,0.8079074025154114,-0.7831662893295288,0.6227843761444092,0.0
220,11549,-0.09082825807610978,-0.48528694113573095,0.028171741923890214,0.04271305886426907,0.05116690767057149,0.5994941416000322,0.9494771361351013,0.3809209167957306,-1.0,0.8860465288162231,0.3084745705127716,0.2877500057220459,-0.27175000309944153,-0.014750000089406967,-0.21050000190734863,0.0014560500858351588,0.0009535700082778931,9.707000572234392e-05,6.851999933132902e-05,0.210999995470047,0.014499999582767487,0.22550000250339508,0.013500000350177288,0.03799999877810478,0.004749999847263098,0.0,-0.2514913082122803,-0.8465871810913086,0.884238064289093,-0.9389835000038147,0.0
221,11550,-0.08617191356679035,-0.4896831767228816,0.03282808643320964,0.03831682327711844,0.05045653778170088,0.6037679293459667,0.9515621662139893,0.380869597196579,-1.0,0.8860465288162231,0.3084745705127716,0.2876250147819519,-0.2763749957084656,-0.004625000059604645,-0.2278749942779541,0.0003654400061350316,0.00022840000747237355,0.00026837000041268766,0.0,0.052000001072883606,0.023499999195337296,0.0754999965429306,0.0044999998062849045,0.01575000025331974,0.017500000074505806,-0.0002500000118743628,0.8660464286804199,-0.9874294996261597,0.8357130885124207,0.7226865291595459,0.0
222,11551,-0.083922218736413,-0.48755417509402443,0.03507778126358699,0.04044582490597559,0.05353798175782208,0.5854468848927585,0.9623908996582031,0.37341833114624023,-1.0,0.8860465288162231,0.3084745705127716,0.3005000054836273,-0.29649999737739563,0.009750000201165676,-0.21462500095367432,0.0011420000810176134,0.0002969200140796602,0.00033117999555543065,6.28100024187006e-05,0.12600000202655792,0.03449999913573265,0.16050000488758087,0.010999999940395355,0.01899999938905239,0.019999999552965164,0.0002500000118743628,-0.9397777915000916,0.37004151940345764,0.28115329146385193,0.5794609189033508,0.0
223,11552,-0.0851420627477032,-0.48607103028017895,0.0338579372522968,0.041928969719821074,0.053892470872526715,0.5833752135076412,0.9676227569580078,0.37702682614326477,-1.0,0.8860465288162231,0.3084745705127716,0.2874999940395355,-0.2906250059604645,0.01899999938905239,-0.20387500524520874,0.00017130000924225897,0.0003368900215718895,0.0001827200030675158,5.7100001868093386e-05,0.04450000077486038,0.020999999716877937,0.06549999862909317,0.0020000000949949026,0.020999999716877937,0.012000000104308128,0.0002500000118743628,-0.05586259439587593,0.9283641576766968,-0.8553235530853271,0.3759115934371948,0.0
224,11553,-0.08802194259196286,-0.4873586301967085,0.030978057408037135,0.04064136980329153,0.05110147728063779,0.5998865213082989,0.9647858738899231,0.3795406222343445,-1.0,0.8860465288162231,0.3084745705127716,0.2861250042915344,-0.28224998712539673,0.007000000216066837,-0.19687500596046448,0.00020556000526994467,0.0008222400210797787,9.13600015337579e-05,6.28100024187006e-05,0.09000000357627869,0.013500000350177288,0.10350000113248825,0.002749999985098839,0.039000000804662704,0.004000000189989805,0.0002500000118743628,0.8231545686721802,-0.5369293689727783,-0.42196834087371826,-0.7783803939819336,0.0
225,11554,-0.09202262482979956,-0.48884482957838593,0.026977375170200435,0.039155170421614094,0.047548986759124424,0.6215804897351546,0.9580885171890259,0.37735825777053833,-1.0,0.8860465288162231,0.3084745705127716,0.29475000500679016,-0.28337499499320984,-0.0020000000949949026,-0.210999995470047,0.0018843000289052725,0.0003368900215718895,0.00010848999954760075,-7.423000351991504e-05,0.19449999928474426,0.01600000075995922,0.21050000190734863,0.016249999403953552,0.021250000223517418,0.0062500000931322575,-0.0005000000237487257,0.8022093176841736,0.7868273258209229,-0.6959770917892456,-0.26079756021499634,-0.045995478
226,11555,-0.09380419489974656,-0.48826558118955654,0.025195805100253432,0.039734418810443484,0.047049470059222574,0.624693155755818,0.948784589767456,0.37483927607536316,-1.0,0.8860465288162231,0.3084745705127716,0.30137500166893005,-0.28349998593330383,-0.015375000424683094,-0.21574999392032623,0.0022326100151985884,0.0012447800254449248,0.00011420000373618677,-7.423000351991504e-05,0.304500013589859,0.016499999910593033,0.32100000977516174,0.01850000023841858,0.050999999046325684,0.007000000216066837,-0.000750000006519258,-0.14750593900680542,0.95771324634552,0.7123663425445557,-0.735683262348175,0.0
227,11556,-0.09310565539127394,-0.48799180057304886,0.025894344608726055,0.04000819942695116,0.047656826416602224,0.6209105407643388,0.9446414113044739,0.375821053981781,-1.0,0.8860465288162231,0.3084745705127716,0.30137500166893005,-0.28349998593330383,-0.014375000260770321,-0.22962500154972076,0.0013932400615885854,0.002757929963991046,0.0005481599946506321,-7.423000351991504e-05,0.3634999990463257,0.054499998688697815,0.4180000126361847,0.013000000268220901,0.08675000071525574,0.03150000050663948,-0.0005000000237487257,0.21272502839565277,-0.9555662274360657,0.004019209183752537,-0.116938017308712,-0.0458862
228,11557,-0.08917050384673075,-0.48771103838113994,0.02982949615326924,0.040288961618860086,0.05012982414774548,0.605743747364495,0.9462659358978271,0.3762850761413574,-1.0,0.8860465288162231,0.3084745705127716,0.30137500166893005,-0.28349998593330383,-0.014375000260770321,-0.23137499392032623,0.0025295300874859095,0.001878590090200305,0.0005710000405088067,-7.423000351991504e-05,0.38600000739097595,0.05649999901652336,0.4424999952316284,0.020749999210238457,0.06800000369548798,0.03150000050663948,-0.0012499999720603228,-0.9896186590194702,0.19639615714550018,0.8230609893798828,-0.9303640127182007,-0.07001481
229,11558,-0.08742362549624402,-0.4858784774900261,0.03157637450375597,0.04212152250997392,0.052643044035842856,0.590709784619261,0.9554174542427063,0.37676095962524414,-1.0,0.8860465288162231,0.3084745705127716,0.2996250092983246,-0.2836250066757202,-0.002374999923631549,-0.24937500059604645,0.0004682200087700039,0.002084149979054928,0.0007308800122700632,0.0,0.22349999845027924,0.06400000303983688,0.2874999940395355,0.005499999970197678,0.07199999690055847,0.03824999928474426,0.0,-0.6218686103820801,0.9904291033744812,0.5904477834701538,0.8426069617271423,-0.0619454
230,11559,-0.0858180220893762,-0.48220740034032894,0.0331819779106238,0.045792599659671085,0.056550913711911274,0.5680708471626323,0.9594799280166626,0.37986698746681213,-1.0,0.8860465288162231,0.3084745705127716,0.2878749966621399,-0.27549999952316284,0.010499999858438969,-0.23362499475479126,0.00047964000259526074,0.002084149979054928,0.0006395200034603477,6.28100024187006e-05,0.22450000047683716,0.061500001698732376,0.28600001335144043,0.005750000011175871,0.07349999994039536,0.03449999913573265,0.0,-0.958520770072937,-0.4432235360145569,-0.9211251139640808,-0.8518685102462769,0.0
231,11560,-0.08497664797905147,-0.479856454557929,0.03402335202094853,0.048143545442071,0.058952433796020144,0.5545910199009109,0.9632139205932617,0.38608914613723755,-1.0,0.8860465288162231,0.3084745705127716,0.27149999141693115,-0.26387500762939453,0.009499999694526196,-0.24950000643730164,0.0002169799990952015,0.0006566499941982329,7.994000043254346e-05,0.0,0.07649999856948853,0.007000000216066837,0.08349999785423279,0.002749999985098839,0.03375000134110451,0.0020000000949949026,0.0,-0.7611173391342163,-0.10512363165616989,0.9060536623001099,-0.22601479291915894,-0.051121775
232,11561,-0.08595430852675648,-0.47914080930962577,0.033045691473243516,0.048859190690374255,0.058985067939802814,0.5544100633984792,0.9651705622673035,0.3900738060474396,-1.0,0.8860465288162231,0.3084745705127716,0.257625013589859,-0.257999986410141,0.02212500013411045,-0.24587500095367432,0.0001598800008650869,0.00033117999555543065,0.0001598800008650869,6.28100024187006e-05,0.0430000014603138,0.019500000402331352,0.0625,0.0020000000949949026,0.0182499997317791,0.010499999858438969,0.0002500000118743628,0.1226247251033783,0.5298166871070862,-0.8986146450042725,-0.6824843287467957,0.0
233,11562,-0.08601058749850687,-0.4791446467787521,0.03298941250149312,0.0488553532212479,0.05895037638189063,0.554602430252294,0.9628969430923462,0.3912867605686188,-1.0,0.8860465288162231,0.3084745705127716,0.257874995470047,-0.2529999911785126,0.00937500037252903,-0.25837498903274536,0.000491060025524348,0.000491060025524348,8.565000462112948e-05,0.0,0.0860000029206276,0.007499999832361937,0.09350000321865082,0.006000000052154064,0.02800000086426735,0.0024999999441206455,-0.0002500000118743628,-0.2593216300010681,-0.7805752158164978,0.7289953827857971,-0.8681431412696838,-0.12817718
234,11563,-0.08192315274182116,-0.4762770268219151,0.037076847258178836,0.05172297317808494,0.06363928469889663,0.5291978830731884,0.9627660512924194,0.39128026366233826,-1.0,0.8860465288162231,0.3084745705127716,0.2553749978542328,-0.25600001215934753,0.019750000908970833,-0.2548750042915344,0.0001256200048374012,9.13600015337579e-05,0.00014275001012720168,6.28100024187006e-05,0.01899999938905239,0.017999999225139618,0.03700000047683716,0.001500000013038516,0.004749999847263098,0.008999999612569809,0.0002500000118743628,-0.8943603038787842,-0.17220166325569153,0.45092707872390747,-0.8113323450088501,0.0
235,11564,-0.08081271505207654,-0.4800625903898045,0.03818728494792345,0.04793740961019555,0.061288367345113455,0.5417862795655178,0.972271740436554,0.3961406350135803,-1.0,0.8860465288162231,0.3084745705127716,0.23899999260902405,-0.25699999928474426,0.03162499889731407,-0.2698749899864197,9.13600015337579e-05,7.423000351991504e-05,7.994000043254346e-05,0.0,0.014499999582767487,0.007000000216066837,0.0215000007301569,0.000750000006519258,0.0005000000237487257,0.0020000000949949026,0.0,0.7283698916435242,-0.45210179686546326,-0.860114574432373,-0.9064944386482239,-0.13277934
236,11565,-0.08218751665235646,-0.48331639847869645,0.03681248334764353,0.04468360152130357,0.057894586751570956,0.5604888848090497,0.9748541712760925,0.3897244334220886,-1.0,0.8860465288162231,0.3084745705127716,0.2526249885559082,-0.265625,0.016249999403953552,-0.26637500524520874,9.707000572234392e-05,7.423000351991504e-05,7.423000351991504e-05,6.28100024187006e-05,0.014999999664723873,0.012000000104308128,0.027000000700354576,0.000750000006519258,0.0010000000474974513,0.0005000000237487257,0.0005000000237487257,0.7285524606704712,-0.1536022275686264,-0.9849386811256409,-0.9766003489494324,0.0
237,11566,-0.10893687602423086,-0.4758819942360312,0.01006312397576914,0.0521180057639688,0.05308062724728095,0.5881305849613129,0.9716569185256958,0.3842094838619232,-1.0,0.8860465288162231,0.3084745705127716,0.26625001430511475,-0.2686249911785126,-0.0018749999580904841,-0.28437501192092896,0.00010278000263497233,7.994000043254346e-05,7.423000351991504e-05,0.0,0.01600000075995922,0.006500000134110451,0.02250000089406967,0.000750000006519258,0.0012499999720603228,0.0,0.0,-0.5402127504348755,-0.1936381757259369,-0.9565538763999939,-0.4850814938545227,-0.08220978
238,11567,-0.1289865690269934,-0.4686332396297658,-0.009986569026993408,0.05936676037023425,0.06020086210169851,0.5477103878728171,0.9094491004943848,0.3968101739883423,-1.0,0.8860465288162231,0.3084745705127716,0.2563750147819519,-0.27149999141693115,-0.019625000655651093,-0.28087499737739563,9.707000572234392e-05,-7.423000351991504e-05,1.7129999832832254e-05,6.851999933132902e-05,0.014999999664723873,0.007499999832361937,0.02250000089406967,0.0002500000118743628,-0.0002500000118743628,-0.0002500000118743628,0.0005000000237487257,-0.9604998230934143,0.5832532048225403,-0.46459123492240906,-0.8947378396987915,-0.079750955
239,11568,-0.06523738754605948,-0.4815307811289781,0.05376261245394051,0.0464692188710219,0.0710619926568031,0.49133950861305453,0.8628219366073608,0.40909621119499207,-1.0,0.8860465288162231,0.3084745705127716,0.2383749932050705,-0.2607499957084656,-0.01587500050663948,-0.29725000262260437,9.707000572234392e-05,2.2840000383439474e-05,0.0,0.0,0.010499999858438969,0.0,0.010499999858438969,0.0002500000118743628,0.0,-0.0002500000118743628,-0.0002500000118743628,0.5762185454368591,-0.5934568643569946,-0.8764106631278992,-0.9688844680786133,-1.0
