step,action_count,cube_x,cube_y,dist_to_goal_x,dist_to_goal_y,dist_to_goal,distance_reward,obs_cube_x_norm,obs_cube_y_norm,obs_cube_yaw_norm,obs_goal_x_norm,obs_goal_y_norm,obs_motor_16_pos_delta_norm,obs_motor_17_pos_delta_norm,obs_motor_18_pos_delta_norm,obs_motor_19_pos_delta_norm,obs_motor_16_current_norm,obs_motor_17_current_norm,obs_motor_18_current_norm,obs_motor_19_current_norm,obs_horizontal_tension_norm,obs_vertical_tension_norm,obs_total_tension_norm,obs_motor_16_target_error_norm,obs_motor_17_target_error_norm,obs_motor_18_target_error_norm,obs_motor_19_target_error_norm,action_m16,action_m17,action_m18,action_m19,total_safety_penalty
1,4401,-0.16895351864001548,-0.35528173278776826,-0.04995351864001549,0.17271826721223177,0.1797969795444692,0.5831032899298141,0.762053370475769,0.6012510061264038,-1.0,0.8860465288162231,0.3084745705127716,0.0,0.0,0.0,-0.0001250000059371814,0.0011591300135478377,0.0005938400281593204,0.00017130000924225897,2.8550000934046693e-05,0.1535000056028366,0.017500000074505806,0.17100000381469727,0.04800000041723251,0.03125,0.0017500000540167093,0.0,0.09768444299697876,0.7359623908996582,0.7071312665939331,-0.34878402948379517,-0.06585409
2,4402,-0.17061141538717156,-0.3550749494758303,-0.051611415387171566,0.17292505052416973,0.18046276983647855,0.5819397787692632,0.7698755264282227,0.6012173891067505,-1.0,0.8860465288162231,0.3084745705127716,0.0,-0.0001250000059371814,0.013375000096857548,0.003375000087544322,0.0012733300682157278,0.0015474100364372134,0.00016558999777771533,8.565000462112948e-05,0.24699999392032623,0.02199999988079071,0.26899999380111694,0.051500000059604645,0.05900000035762787,0.001500000013038516,0.0005000000237487257,-0.44621363282203674,0.41004765033721924,-0.3081158697605133,-0.5661749839782715,0.0
3,4403,-0.16895598152404523,-0.35550607235767145,-0.049955981524045234,0.17249392764232857,0.179582168278222,0.5834791825039332,0.7660199403762817,0.6015678644180298,-1.0,0.8860465288162231,0.3084745705127716,0.0,-0.0001250000059371814,0.008375000208616257,-0.006624999921768904,0.0006966200307942927,0.0022040600888431072,0.00011991000064881518,-7.994000043254346e-05,0.2540000081062317,0.017500000074505806,0.27149999141693115,0.03500000014901161,0.0742499977350235,0.0,-0.0005000000237487257,0.7661610841751099,-0.9493065476417542,0.3254530727863312,0.4547489285469055,0.0
4,4404,-0.16908731523561432,-0.3560607390546999,-0.05008731523561433,0.1719392609453001,0.17908614854847876,0.5843480803885884,0.7698698043823242,0.6008371710777283,-1.0,0.8860465288162231,0.3084745705127716,0.0,-0.0001250000059371814,0.013624999672174454,0.001500000013038516,0.0017872300231829286,0.000799400033429265,0.00016558999777771533,8.565000462112948e-05,0.226500004529953,0.02199999988079071,0.2485000044107437,0.06350000202655792,0.038750000298023224,0.001500000013038516,0.0002500000118743628,-0.6311452388763428,-0.8452631831169128,0.7323788404464722,-0.34920650720596313,0.0
5,4405,-0.16502917459227429,-0.3560915494605489,-0.04602917459227429,0.17190845053945114,0.1779640420998607,0.5863184973018531,0.7695643901824951,0.599897027015686,-1.0,0.8860465288162231,0.3084745705127716,0.0001250000059371814,-0.0037499999161809683,0.027374999597668648,-0.004625000059604645,0.0008565000025555491,0.00021127000218257308,0.00014275001012720168,-8.565000462112948e-05,0.09350000321865082,0.019999999552965164,0.11349999904632568,0.03974999859929085,0.014499999582767487,0.0012499999720603228,-0.0005000000237487257,-0.557287335395813,0.9101483821868896,0.8412988185882568,-0.7789016366004944,0.0
6,4406,-0.15890241943556724,-0.3567220334344966,-0.03990241943556724,0.17127796656550343,0.17586456410438586,0.5900230398136832,0.7790018916130066,0.5998448133468628,-1.0,0.8860465288162231,0.3084745705127716,0.0,-0.003874999936670065,0.0430000014603138,-0.01924999989569187,0.0003026300109922886,0.0011705500073730946,0.0001598800008650869,0.0,0.1289999932050705,0.014000000432133675,0.14300000667572021,0.01924999989569187,0.04874999821186066,0.001500000013038516,-0.0002500000118743628,0.1487836092710495,0.46180009841918945,0.9853999614715576,0.4267507493495941,0.0
7,4407,-0.15628972863502716,-0.3568261014739173,-0.037289728635027164,0.17117389852608272,0.17518854813683352,0.5912208489987526,0.7932502031326294,0.5987762212753296,-1.0,0.8860465288162231,0.3084745705127716,-0.0002500000118743628,-0.004124999977648258,0.060874998569488525,-0.011374999769032001,0.00042254000436514616,0.0018671700963750482,0.00021127000218257308,7.994000043254346e-05,0.2004999965429306,0.025499999523162842,0.22599999606609344,0.02525000087916851,0.06650000065565109,0.0024999999441206455,0.0,-0.061003584414720535,0.3793533444404602,0.6676360368728638,-0.3674212396144867,-0.021750603
8,4408,-0.159147142198074,-0.35663974225982703,-0.040147142198074,0.171360257740173,0.17600037204350136,0.5897826993380216,0.7993262410163879,0.5985998511314392,-1.0,0.8860465288162231,0.3084745705127716,-0.000375000003259629,-0.0043750000186264515,0.0729999989271164,-0.017999999225139618,0.0003825699968729168,0.0021983501501381397,0.00023982000129763037,-7.994000043254346e-05,0.22599999606609344,0.02800000086426735,0.2540000081062317,0.023250000551342964,0.0742499977350235,0.0032500000670552254,-0.0005000000237487257,0.9631235599517822,0.43475744128227234,-0.9279999136924744,0.7692278027534485,-0.02901745
9,4409,-0.16011396365895555,-0.35602542644325286,-0.04111396365895556,0.17197457355674717,0.17682084706780182,0.5883327785820012,0.7926810383796692,0.598915696144104,-1.0,0.8860465288162231,0.3084745705127716,-0.000375000003259629,-0.0032500000670552254,0.05712499842047691,-0.003874999936670065,0.0015759600792080164,0.002381070051342249,0.0001256200048374012,8.565000462112948e-05,0.3465000092983246,0.01850000023841858,0.36500000953674316,0.05925000086426735,0.07900000363588333,0.0002500000118743628,0.0,-0.9010725021362305,-0.23201704025268555,-0.18623332679271698,0.12271939218044281,-0.026798297
10,4410,-0.15811239972178995,-0.3561736821580157,-0.03911239972178995,0.17182631784198432,0.1762216312350209,0.5893913447089209,0.7904326319694519,0.5999569296836853,-1.0,0.8860465288162231,0.3084745705127716,-0.000375000003259629,-0.0032500000670552254,0.05375000089406967,-0.0017500000540167093,0.00042825000127777457,0.0015759600792080164,0.00010848999954760075,8.565000462112948e-05,0.17550000548362732,0.017000000923871994,0.19249999523162842,0.025499999523162842,0.06024999916553497,0.0002500000118743628,0.0002500000118743628,0.15127362310886383,-0.670035719871521,0.5022948980331421,-0.7766934633255005,0.0
11,4411,-0.1595564935703468,-0.3568376247291865,-0.0405564935703468,0.17116237527081352,0.17590164262754449,0.5899574119149917,0.795087456703186,0.5997056365013123,-1.0,0.8860465288162231,0.3084745705127716,-0.000375000003259629,-0.0032500000670552254,0.06199999898672104,-0.016124999150633812,0.0005824200343340635,0.0006852000369690359,0.0002169799990952015,6.28100024187006e-05,0.11100000143051147,0.02449999935925007,0.1354999989271164,0.03099999949336052,0.03525000065565109,0.0024999999441206455,0.0,0.9246739149093628,0.8541527986526489,-0.244768887758255,-0.8310111165046692,-0.17920178
12,4412,-0.1651159360565761,-0.3560933634605997,-0.0461159360565761,0.1719066365394003,0.17798475003399503,0.5862820740987672,0.7917290925979614,0.5985803008079529,-1.0,0.8860465288162231,0.3084745705127716,-0.000375000003259629,-0.0032500000670552254,0.0586250014603138,-0.012374999932944775,0.0011534200748428702,0.001878590090200305,0.0001256200048374012,7.994000043254346e-05,0.265500009059906,0.017999999225139618,0.28349998593330383,0.048250000923871994,0.06724999845027924,0.0002500000118743628,0.0,-0.5964792966842651,0.8894678354263306,-0.9046164751052856,0.17150503396987915,-0.051297393
13,4413,-0.16486089138835577,-0.3530579182572948,-0.04586089138835578,0.1749420817427052,0.18085340285271362,0.5812582035428028,0.7788001298904419,0.5998417735099792,-1.0,0.8860465288162231,0.3084745705127716,-0.0002500000118743628,-0.003000000026077032,0.041749998927116394,-0.00937500037252903,0.00042254000436514616,0.002620890038087964,0.00011991000064881518,7.994000043254346e-05,0.26649999618530273,0.017500000074505806,0.2840000092983246,0.025750000029802322,0.08399999886751175,0.0002500000118743628,0.0002500000118743628,-0.9807659387588501,0.11571551859378815,-0.8572930097579956,0.45665526390075684,-0.06157155
14,4414,-0.16865400514025278,-0.35076794740304124,-0.04965400514025278,0.1772320525969588,0.18405629762167722,0.5756998240864529,0.7793932557106018,0.6049866080284119,-1.0,0.8860465288162231,0.3084745705127716,-0.011874999850988388,0.00774999987334013,0.025624999776482582,-0.000750000006519258,0.00017130000924225897,0.0009592800051905215,0.00011991000064881518,7.994000043254346e-05,0.0989999994635582,0.017500000074505806,0.11649999767541885,0.012249999679625034,0.04374999925494194,0.0005000000237487257,0.0,-0.5845057368278503,0.4253024756908417,-0.35740339756011963,0.5526793003082275,0.0
15,4415,-0.16773380195952206,-0.34810337979946865,-0.048733801959522066,0.17989662020053138,0.18638073240816538,0.5716992587844074,0.7705720663070679,0.608867883682251,-1.0,0.8860465288162231,0.3084745705127716,-0.02237500064074993,0.017875000834465027,0.01912499964237213,0.009499999694526196,0.00016558999777771533,0.0007822700426913798,0.00011420000373618677,0.0,0.08299999684095383,0.009999999776482582,0.09300000220537186,0.011500000022351742,0.039250001311302185,0.0002500000118743628,0.0,-0.4209870994091034,0.7289498448371887,-0.6694764494895935,0.7424291372299194,0.0
16,4416,-0.1723104989494688,-0.34742436165156765,-0.05331049894946879,0.18057563834843238,0.18828056315824307,0.5684501312734767,0.7727121114730835,0.6133841276168823,-1.0,0.8860465288162231,0.3084745705127716,-0.03125,0.02850000001490116,0.006500000134110451,0.023499999195337296,0.0001884299999801442,0.0009992499835789204,0.0001256200048374012,0.0,0.10400000214576721,0.010999999940395355,0.11500000208616257,0.013500000350177288,0.045249998569488525,0.0005000000237487257,-0.0002500000118743628,0.6617543697357178,0.21747863292694092,-0.7911699414253235,-0.13292916119098663,-0.0399515
17,4417,-0.18048962910965763,-0.3471598420340078,-0.061489629109657634,0.18084015796599223,0.19100821244440847,0.5638175135738759,0.7620686292648315,0.6145349740982056,-1.0,0.8860465288162231,0.3084745705127716,-0.030124999582767487,0.030375000089406967,-0.008249999955296516,0.026875000447034836,0.0008165300241671503,0.001164840068668127,0.0001256200048374012,7.994000043254346e-05,0.17350000143051147,0.017999999225139618,0.1914999932050705,0.035999998450279236,0.0494999997317791,0.0005000000237487257,0.0005000000237487257,0.8438432812690735,-0.5124171376228333,-0.8199791312217712,0.9586263298988342,0.0
18,4418,-0.18501770277302493,-0.3477254242831587,-0.06601770277302493,0.1802745757168413,0.1919824464093387,0.5621720488314197,0.7430473566055298,0.614983320236206,-1.0,0.8860465288162231,0.3084745705127716,-0.026000000536441803,0.030249999836087227,-0.023499999195337296,0.045125000178813934,0.0016045100055634975,0.0005481599946506321,0.00013133000175002962,0.0,0.18850000202655792,0.011500000022351742,0.20000000298023224,0.05925000086426735,0.030750000849366188,0.0005000000237487257,-0.0002500000118743628,-0.9187808036804199,0.11338673532009125,-0.7195029258728027,-0.594125509262085,-0.095295064
19,4419,-0.18736138153415907,-0.34592684264219964,-0.06836138153415908,0.18207315735780039,0.194483709126233,0.5579694164241094,0.7325169444084167,0.6140246987342834,-1.0,0.8860465288162231,0.3084745705127716,-0.026000000536441803,0.030249999836087227,-0.03674999997019768,0.04874999821186066,0.00042825000127777457,0.000673780043143779,0.00013133000175002962,7.994000043254346e-05,0.09650000184774399,0.01850000023841858,0.11500000208616257,0.02500000037252903,0.03500000014901161,0.0002500000118743628,0.0,-0.6147606372833252,0.8708621859550476,-0.7671830058097839,-0.5218296647071838,0.0
20,4420,-0.18503477916055852,-0.3460375963011833,-0.06603477916055853,0.18196240369881672,0.1935740385966953,0.5594942010587717,0.7270665764808655,0.617073118686676,-1.0,0.8860465288162231,0.3084745705127716,-0.032875001430511475,0.03737499937415123,-0.050999999046325684,0.039124999195337296,0.00022840000747237355,0.0013132999883964658,0.00011420000373618677,0.0,0.13500000536441803,0.009999999776482582,0.14499999582767487,0.01575000025331974,0.05324999988079071,0.0,-0.0002500000118743628,0.20473843812942505,-0.561228334903717,0.23605558276176453,0.878463864326477,0.0
21,4421,-0.18486662280872246,-0.3469127944353727,-0.06586662280872246,0.18108720556462732,0.1926940269427989,0.5609732368044216,0.7324772477149963,0.6168854236602783,-1.0,0.8860465288162231,0.3084745705127716,-0.032875001430511475,0.03725000098347664,-0.04699999839067459,0.05562499910593033,0.0003825699968729168,0.0006052600219845772,0.00013133000175002962,-8.565000462112948e-05,0.08649999648332596,0.01899999938905239,0.1054999977350235,0.023250000551342964,0.032499998807907104,0.000750000006519258,-0.0005000000237487257,-0.09720022231340408,-0.7965759038925171,0.20365262031555176,0.6373966932296753,0.0
22,4422,-0.18515424872709094,-0.3467361316845805,-0.06615424872709094,0.18126386831541952,0.19295847890495912,0.5605283618802488,0.7328683137893677,0.6154020428657532,-1.0,0.8860465288162231,0.3084745705127716,-0.032749999314546585,0.03400000184774399,-0.04324999824166298,0.06724999845027924,0.000308340007904917,0.00013703999866265804,0.0001256200048374012,0.0,0.039000000804662704,0.010999999940395355,0.05000000074505806,0.019500000402331352,0.00925000011920929,0.000750000006519258,0.0,0.5245729088783264,-0.3146269917488098,0.17368373274803162,0.5072036385536194,0.0
23,4423,-0.17976452795477477,-0.34884708652443047,-0.06076452795477477,0.17915291347556955,0.18917741478398395,0.5669227406858277,0.7321994304656982,0.6157014966011047,-1.0,0.8860465288162231,0.3084745705127716,-0.02787500061094761,0.02850000001490116,-0.03987500071525574,0.0767500028014183,0.0005481599946506321,0.00013703999866265804,0.00011991000064881518,0.0,0.05999999865889549,0.010499999858438969,0.07050000131130219,0.029249999672174454,0.008500000461935997,0.0005000000237487257,0.0,-0.20962916314601898,-0.3150540590286255,0.7870423197746277,-0.600027322769165,-0.09600329
24,4424,-0.17535520632845597,-0.3488358690287044,-0.056355206328455976,0.17916413097129563,0.18781825019689227,0.5692390838522201,0.7447336316108704,0.6121236085891724,-1.0,0.8860465288162231,0.3084745705127716,-0.02762500010430813,0.02437499910593033,-0.02512500062584877,0.08037500083446503,0.0003368900215718895,9.707000572234392e-05,0.0001256200048374012,7.994000043254346e-05,0.03799999877810478,0.017999999225139618,0.0560000017285347,0.020999999716877937,0.004999999888241291,0.0005000000237487257,0.0002500000118743628,-0.4158257842063904,0.8622571229934692,0.8541886806488037,0.5858466625213623,0.0
25,4425,-0.16920909507323553,-0.34579470117980404,-0.05020909507323554,0.18220529882019598,0.18899662469533715,0.5672303061230956,0.754987895488739,0.6121426224708557,-1.0,0.8860465288162231,0.3084745705127716,-0.028999999165534973,0.026374999433755875,-0.00925000011920929,0.09149999916553497,0.00013703999866265804,0.0006395200034603477,0.00013133000175002962,0.0,0.06800000369548798,0.011500000022351742,0.0794999971985817,0.008249999955296516,0.033250000327825546,0.000750000006519258,-0.0002500000118743628,-0.6601899862289429,0.4413069188594818,0.6198686361312866,0.02873353660106659,-0.020551978
26,4426,-0.17291611616203867,-0.3456213407156799,-0.053916116162038674,0.18237865928432012,0.1901812896799908,0.5652179505463344,0.7692811489105225,0.6172971129417419,-1.0,0.8860465288162231,0.3084745705127716,-0.041749998927116394,0.03674999997019768,0.0022499999031424522,0.0951249971985817,0.00013133000175002962,0.0005196100100874901,0.00013133000175002962,7.994000043254346e-05,0.05700000002980232,0.01850000023841858,0.0754999965429306,0.008999999612569809,0.028999999165534973,0.000750000006519258,0.0,0.07685784995555878,-0.18933692574501038,-0.4972526431083679,0.2724268436431885,0.0
27,4427,-0.16374688437135615,-0.34463165366166726,-0.044746884371356155,0.18336834633833277,0.18874913006368604,0.5676516218808484,0.7606601715087891,0.6175909638404846,-1.0,0.8860465288162231,0.3084745705127716,-0.041749998927116394,0.03687499836087227,-0.006624999921768904,0.10000000149011612,0.00017130000924225897,0.0003368900215718895,0.0,7.994000043254346e-05,0.04450000077486038,0.007000000216066837,0.051500000059604645,0.011749999597668648,0.02174999937415123,0.0,0.0002500000118743628,-0.9070108532905579,-0.865767240524292,0.9468842148780823,-0.9220844507217407,0.0
28,4428,-0.17484654406334632,-0.3416026578408419,-0.055846544063346326,0.18639734215915815,0.1945836726136537,0.5578021118056734,0.7819839715957642,0.6192683577537537,-1.0,0.8860465288162231,0.3084745705127716,-0.05324999988079071,0.03137499839067459,0.011125000193715096,0.08287499845027924,7.423000351991504e-05,7.423000351991504e-05,0.00011420000373618677,0.0,0.013000000268220901,0.009999999776482582,0.023000000044703484,0.000750000006519258,0.0005000000237487257,0.0,0.0,-0.23912201821804047,0.7693651914596558,-0.9425026178359985,0.9512760043144226,0.0
29,4429,-0.1819296001380121,-0.3371348315828451,-0.0629296001380121,0.19086516841715495,0.20097175694221073,0.547214031398663,0.7561708092689514,0.6244022846221924,-1.0,0.8860465288162231,0.3084745705127716,-0.057999998331069946,0.042750000953674316,-0.006624999921768904,0.10062500089406967,7.423000351991504e-05,0.00010848999954760075,0.00011991000064881518,-3.425999966566451e-05,0.01600000075995922,0.013500000350177288,0.029500000178813934,0.001500000013038516,0.006500000134110451,0.0002500000118743628,0.0,-0.22993093729019165,-0.21955172717571259,-0.9599130153656006,-0.3189709782600403,0.0
30,4430,-0.17870970381513623,-0.338382177934113,-0.05970970381513624,0.189617822065887,0.19879679870335357,0.5507962083155321,0.739698588848114,0.6319748759269714,-1.0,0.8860465288162231,0.3084745705127716,-0.06174999848008156,0.041875001043081284,-0.02437499910593033,0.09487500041723251,7.423000351991504e-05,7.423000351991504e-05,0.0,0.0,0.013000000268220901,0.0,0.013000000268220901,0.0005000000237487257,0.0002500000118743628,0.0,-0.0002500000118743628,-0.30861324071884155,0.41290393471717834,0.35243335366249084,0.7163681983947754,0.0
31,4431,-0.17082228978896213,-0.3419801831701725,-0.05182228978896214,0.18601981682982754,0.1931033971021063,0.5602847225667809,0.7471867203712463,0.6298606991767883,-1.0,0.8860465288162231,0.3084745705127716,-0.06750000268220901,0.048124998807907104,-0.017999999225139618,0.1081250011920929,7.423000351991504e-05,8.565000462112948e-05,0.00011991000064881518,0.0,0.014000000432133675,0.010499999858438969,0.02449999935925007,0.0005000000237487257,0.003000000026077032,0.0002500000118743628,0.0,0.9506314396858215,0.37317776679992676,0.5444810390472412,0.47163090109825134,0.0
32,4432,-0.1770177457154907,-0.34298397323507646,-0.058017745715490704,0.18501602676492357,0.19389943006049876,0.5589483036364471,0.7655295729637146,0.6237624287605286,-1.0,0.8860465288162231,0.3084745705127716,-0.05874999985098839,0.0494999997317791,-0.00800000037997961,0.11687500029802322,0.0002969200140796602,0.00019985000835731626,0.0001256200048374012,7.994000043254346e-05,0.04349999874830246,0.017999999225139618,0.061500001698732376,0.01850000023841858,0.014000000432133675,0.0005000000237487257,0.0,0.8136501312255859,-0.11770253628492355,-0.974631667137146,-0.352027952671051,-0.06624336
33,4433,-0.18078363152568944,-0.34202453353835693,-0.06178363152568944,0.1859754664616431,0.19596961818130865,0.5554876765683574,0.7511215209960938,0.6220610737800598,-1.0,0.8860465288162231,0.3084745705127716,-0.051500000059604645,0.048624999821186066,-0.026125000789761543,0.12062499672174454,0.0007023300277069211,0.00016558999777771533,0.00013133000175002962,7.994000043254346e-05,0.07599999755620956,0.01850000023841858,0.09449999779462814,0.03449999913573265,0.011500000022351742,0.0002500000118743628,0.0,-0.4131912589073181,0.08832624554634094,-0.7056127190589905,-0.680355429649353,0.0
34,4434,-0.1800676569358834,-0.343802392536091,-0.061067656935883396,0.184197607463909,0.19405673737097368,0.5586845859054131,0.7423636317253113,0.623687207698822,-1.0,0.8860465288162231,0.3084745705127716,-0.051375001668930054,0.048624999821186066,-0.039250001311302185,0.10787499696016312,0.00035402001230977476,0.0002169799990952015,0.00011991000064881518,0.0,0.05000000074505806,0.010499999858438969,0.060499999672174454,0.01899999938905239,0.014750000089406967,0.0002500000118743628,0.0,0.6765687465667725,-0.4833056926727295,0.8322726488113403,-0.02627391926944256,-0.027152872
35,4435,-0.17317283806492706,-0.3449852543744904,-0.054172838064927065,0.18301474562550962,0.1908640707424496,0.5640613751440108,0.7440286874771118,0.6206738948822021,-1.0,0.8860465288162231,0.3084745705127716,-0.045125000178813934,0.041875001043081284,-0.024000000208616257,0.11150000244379044,0.000616680015809834,0.0001598800008650869,0.0001256200048374012,8.565000462112948e-05,0.06800000369548798,0.01850000023841858,0.08649999648332596,0.03175000101327896,0.010250000283122063,0.000750000006519258,0.0002500000118743628,-0.7783699631690979,-0.6814923286437988,0.711542546749115,-0.9089310169219971,0.0
36,4436,-0.17667999017137195,-0.3450773810136307,-0.05767999017137196,0.1829226189863693,0.19180111001504138,0.5624779587897181,0.7600631713867188,0.6186690330505371,-1.0,0.8860465288162231,0.3084745705127716,-0.045249998569488525,0.03337499871850014,-0.010374999605119228,0.09475000202655792,7.994000043254346e-05,7.994000043254346e-05,0.00011991000064881518,0.0,0.014000000432133675,0.010499999858438969,0.02449999935925007,0.003000000026077032,0.0017500000540167093,0.0,-0.0002500000118743628,0.3426360785961151,0.5108715295791626,-0.7962720394134521,-0.8524990081787109,-0.12629989
37,4437,-0.1778848331617659,-0.34430618777329647,-0.058884833161765904,0.18369381222670356,0.19290111515195663,0.5606248322123666,0.7519069910049438,0.6185129284858704,-1.0,0.8860465288162231,0.3084745705127716,-0.04399999976158142,0.036249998956918716,-0.0253749992698431,0.09837500005960464,0.0001827200030675158,0.0002169799990952015,0.0001256200048374012,7.994000043254346e-05,0.03500000014901161,0.017999999225139618,0.05299999937415123,0.013249999843537807,0.014999999664723873,0.0002500000118743628,0.0,0.2000945657491684,0.9364559650421143,0.461792916059494,-0.5470918416976929,0.0
38,4438,-0.17220478633569955,-0.34291639607972185,-0.053204786335699555,0.18508360392027817,0.19257904800145279,0.561166770507627,0.7491050362586975,0.6198199987411499,-1.0,0.8860465288162231,0.3084745705127716,-0.0442500002682209,0.041749998927116394,-0.017249999567866325,0.08812499791383743,0.0004054100136272609,0.0008222400210797787,0.0001541700039524585,-5.7100000958598685e-06,0.10750000178813934,0.014000000432133675,0.12150000035762787,0.021250000223517418,0.039000000804662704,0.0012499999720603228,0.0,-0.9308618307113647,-0.16566051542758942,0.4496517479419708,-0.8863994479179382,-0.13036795
39,4439,-0.1679335421737338,-0.3390024845121695,-0.0489335421737338,0.1889975154878305,0.19522948652865252,0.5567224489384944,0.7623144388198853,0.6221755743026733,-1.0,0.8860465288162231,0.3084745705127716,-0.0533749982714653,0.04724999889731407,-0.008500000461935997,0.09175000339746475,9.707000572234392e-05,0.00034831001539714634,0.00011420000373618677,7.994000043254346e-05,0.039000000804662704,0.017000000923871994,0.0560000017285347,0.004749999847263098,0.02199999988079071,0.0005000000237487257,0.0002500000118743628,-0.7519779205322266,0.9281700253486633,0.6259225606918335,0.6483415365219116,0.0
40,4440,-0.16285038524729942,-0.3388358111085543,-0.04385038524729942,0.1891641888914457,0.19418019117637908,0.5584777090029351,0.7722475528717041,0.6288093328475952,-1.0,0.8860465288162231,0.3084745705127716,-0.06937500089406967,0.06162500008940697,0.003000000026077032,0.10400000214576721,0.00013133000175002962,0.0005024800193496048,0.00013133000175002962,0.0,0.05550000071525574,0.011500000022351742,0.06700000166893005,0.008750000037252903,0.02800000086426735,0.000750000006519258,0.0,0.9108066558837891,-0.43217453360557556,0.9824571013450623,0.4098246395587921,0.0
41,4441,-0.15663147815228964,-0.33982895820472464,-0.03763147815228965,0.18817104179527538,0.19189702738251452,0.5623161278592236,0.7840688824653625,0.6290918588638306,-1.0,0.8860465288162231,0.3084745705127716,-0.06800000369548798,0.06137499958276749,0.020999999716877937,0.11150000244379044,0.0008850500453263521,0.0001827200030675158,0.0001541700039524585,7.994000043254346e-05,0.09350000321865082,0.020500000566244125,0.11400000005960464,0.03999999910593033,0.012500000186264515,0.001500000013038516,0.0002500000118743628,-0.6199451684951782,-0.08260644227266312,0.9533557295799255,0.9492673277854919,0.0
42,4442,-0.1565574044571724,-0.34003365022911713,-0.0375574044571724,0.1879663497708829,0.19168178649978593,0.5626793453746899,0.7985314726829529,0.6274085640907288,-1.0,0.8860465288162231,0.3084745705127716,-0.06812500208616257,0.05887499824166298,0.039000000804662704,0.12950000166893005,0.00026266000350005925,0.00021127000218257308,0.0001541700039524585,-4.568000076687895e-05,0.04149999842047691,0.017500000074505806,0.05900000035762787,0.017249999567866325,0.014499999582767487,0.0012499999720603228,-0.0002500000118743628,-0.5477631688117981,-0.26879745721817017,0.2978246212005615,-0.9238826036453247,-0.13486592
43,4443,-0.15896873920852428,-0.34186071996934403,-0.039968739208524284,0.186139280030656,0.19038206765409918,0.5648776031129055,0.7987037301063538,0.6270616054534912,-1.0,0.8860465288162231,0.3084745705127716,-0.07262499630451202,0.05824999883770943,0.04475000128149986,0.132874995470047,9.707000572234392e-05,9.707000572234392e-05,0.00013703999866265804,7.994000043254346e-05,0.017000000923871994,0.01899999938905239,0.035999998450279236,0.005750000011175871,0.005750000011175871,0.000750000006519258,0.0005000000237487257,0.7359223961830139,-0.6241229176521301,-0.7662687301635742,0.8826009631156921,0.0
44,4444,-0.16072770920240356,-0.33923638304881915,-0.04172770920240357,0.18876361695118088,0.1933207303932315,0.5599195360623271,0.7930959463119507,0.6239649057388306,-1.0,0.8860465288162231,0.3084745705127716,-0.06187500059604645,0.047874998301267624,0.030750000849366188,0.1496250033378601,0.00017701000615488738,8.565000462112948e-05,5.7100000958598685e-06,0.0,0.023000000044703484,0.0005000000237487257,0.023499999195337296,0.011749999597668648,0.0032500000670552254,0.0002500000118743628,0.0,-0.9654972553253174,0.7447394132614136,-0.3148639500141144,0.9673346877098083,0.0
45,4445,-0.15647288180419355,-0.33492922695162414,-0.03747288180419356,0.1930707730483759,0.19667368984235925,0.5543156054438104,0.7890053391456604,0.6284129023551941,-1.0,0.8860465288162231,0.3084745705127716,-0.07512500137090683,0.05937499925494194,0.02500000037252903,0.16775000095367432,8.565000462112948e-05,0.0001256200048374012,0.0,0.0,0.01850000023841858,0.0,0.01850000023841858,0.0022499999031424522,0.00800000037997961,0.0,0.0,-0.9398384094238281,0.6897218823432922,0.25069162249565125,0.8848779797554016,0.0
46,4446,-0.16275064761979677,-0.33395476131052315,-0.04375064761979677,0.19404523868947687,0.19891624826848028,0.5505988665735516,0.7989002466201782,0.6357131600379944,-1.0,0.8860465288162231,0.3084745705127716,-0.0925000011920929,0.07325000315904617,0.029374999925494194,0.18437500298023224,8.565000462112948e-05,0.00010278000263497233,0.0001256200048374012,0.0,0.016499999910593033,0.010999999940395355,0.027499999850988388,0.0020000000949949026,0.006000000052154064,0.0005000000237487257,-0.0002500000118743628,0.02775353379547596,-0.7626632452011108,-0.8537487983703613,-0.6006259918212891,-0.096075125
47,4447,-0.15170873607067056,-0.3412763701570053,-0.03270873607067057,0.18672362984299473,0.18956680974549447,0.566260856786115,0.7843008041381836,0.6373648047447205,-1.0,0.8860465288162231,0.3084745705127716,-0.09149999916553497,0.06187500059604645,0.013749999925494194,0.18787500262260437,6.851999933132902e-05,7.423000351991504e-05,0.0,7.994000043254346e-05,0.012500000186264515,0.007000000216066837,0.019500000402331352,0.0010000000474974513,0.0002500000118743628,-0.0002500000118743628,0.0002500000118743628,0.334220826625824,-0.9562040567398071,-0.8927980065345764,-0.9087332487106323,-0.13113578
48,4448,-0.13870799982272852,-0.3480715816643877,-0.019707999822728528,0.17992841833561235,0.18100453304204234,0.5809947262893161,0.8099796772003174,0.6249552965164185,-1.0,0.8860465288162231,0.3084745705127716,-0.08474999666213989,0.04399999976158142,0.017374999821186066,0.17100000381469727,0.0,7.423000351991504e-05,0.0,5.7100000958598685e-06,0.006500000134110451,0.0005000000237487257,0.007000000216066837,0.0,0.0002500000118743628,0.0,0.0,0.35909798741340637,-0.12797574698925018,0.8095480799674988,0.7100512981414795,0.0
49,4449,-0.15909634948119597,-0.3392984203784978,-0.040096349481195975,0.18870157962150225,0.19291449762360618,0.5606023250264028,0.8402139544487,0.6134380102157593,-1.0,0.8860465288162231,0.3084745705127716,-0.07824999839067459,0.041749998927116394,0.032499998807907104,0.18437500298023224,5.139000131748617e-05,0.0,0.0,5.7100000958598685e-06,0.0044999998062849045,0.0005000000237487257,0.004999999888241291,0.0002500000118743628,0.0,0.0,-0.0002500000118743628,0.4674552083015442,-0.47065484523773193,-0.9546667337417603,0.8081419467926025,-0.21903862
50,4450,-0.15873547219853978,-0.33969412528827087,-0.03973547219853979,0.18830587471172916,0.1924526180694624,0.5613796557075584,0.792799174785614,0.6283077597618103,-1.0,0.8860465288162231,0.3084745705127716,-0.07175000011920929,0.04349999874830246,0.036125000566244125,0.19949999451637268,9.707000572234392e-05,9.13600015337579e-05,0.00011420000373618677,0.0,0.016499999910593033,0.009999999776482582,0.026499999687075615,0.004749999847263098,0.004000000189989805,0.0002500000118743628,-0.0002500000118743628,-0.8338130712509155,-0.7205346822738647,-0.015593993477523327,0.6730054616928101,0.0
51,4451,-0.143933853404515,-0.34711188772283835,-0.02493385340451501,0.18088811227716167,0.1825984835884266,0.578223127673067,0.7936384081840515,0.6276370882987976,-1.0,0.8860465288162231,0.3084745705127716,-0.08500000089406967,0.03200000151991844,0.035999998450279236,0.21187500655651093,1.1420000191719737e-05,7.423000351991504e-05,0.0,0.0,0.007499999832361937,0.0,0.007499999832361937,0.0,0.0,0.0,0.0,-0.5856435298919678,-0.9562676548957825,0.05891288071870804,-0.48118269443511963,-0.1929496
52,4452,-0.13371424523537312,-0.3510617820405143,-0.014714245235373125,0.17693821795948572,0.17754898475498299,0.5870490194165487,0.8280608057975769,0.6150646209716797,-1.0,0.8860465288162231,0.3084745705127716,-0.08124999701976776,0.01412499975413084,0.03974999859929085,0.21537500619888306,0.0,7.423000351991504e-05,0.0001256200048374012,7.994000043254346e-05,0.006500000134110451,0.017999999225139618,0.02449999935925007,0.0,0.0,0.0,0.0005000000237487257,0.04759274795651436,-0.04158638417720795,0.19205646216869354,-0.606648325920105,-0.018288871
53,4453,-0.13384538298464296,-0.3509384302318064,-0.014845382984642969,0.17706156976819365,0.17768282101750196,0.5868133613890767,0.8518273234367371,0.6083698868751526,-1.0,0.8860465288162231,0.3084745705127716,-0.07750000059604645,0.013749999925494194,0.04324999824166298,0.2043749988079071,0.0,-7.994000043254346e-05,0.00011991000064881518,0.0,0.007000000216066837,0.010499999858438969,0.017500000074505806,0.0,-0.000750000006519258,0.0,0.0,-0.5419739484786987,-0.5021795630455017,-0.0010175403440371156,-0.8455535769462585,-0.21450333
54,4454,-0.13888643281349528,-0.3499790460344998,-0.01988643281349528,0.17802095396550022,0.17912825087303347,0.5842742778119763,0.8515223860740662,0.6085789203643799,-1.0,0.8860465288162231,0.3084745705127716,-0.07374999672174454,0.003874999936670065,0.04324999824166298,0.20787499845027924,0.0,7.423000351991504e-05,0.00011991000064881518,7.994000043254346e-05,0.006500000134110451,0.017500000074505806,0.024000000208616257,0.0,0.0002500000118743628,0.0,0.0005000000237487257,-0.6108483076095581,0.859917163848877,-0.19175773859024048,-0.9491585493087769,-0.0973018
55,4455,-0.14887823022265853,-0.3457805105636452,-0.029878230222658536,0.1822194894363548,0.18465278490097028,0.574670552417022,0.8397989869117737,0.6102049946784973,-1.0,0.8860465288162231,0.3084745705127716,-0.07012499868869781,0.020124999806284904,0.03987500071525574,0.19037500023841858,7.423000351991504e-05,0.0,0.0,0.0,0.006500000134110451,0.0,0.006500000134110451,0.0002500000118743628,-0.0002500000118743628,-0.0002500000118743628,0.0,0.03549538180232048,0.8713183403015137,-0.3458612859249115,-0.3578161895275116,-0.13244131
56,4456,-0.15015359928167935,-0.34293510986859227,-0.03115359928167935,0.18506489013140776,0.18766875154791615,0.5694944425335474,0.8165622353553772,0.6173211932182312,-1.0,0.8860465288162231,0.3084745705127716,-0.07012499868869781,0.035875000059604645,0.04349999874830246,0.1940000057220459,7.423000351991504e-05,7.423000351991504e-05,0.00010848999954760075,7.994000043254346e-05,0.013000000268220901,0.016499999910593033,0.029500000178813934,0.001500000013038516,0.000750000006519258,0.0,0.0002500000118743628,0.7268555164337158,0.880022406578064,0.9305183291435242,-0.5303025841712952,0.0
57,4457,-0.15685159510794097,-0.3420429377237915,-0.03785159510794098,0.1859570622762085,0.18977031449258122,0.5659152519778422,0.8135963082313538,0.6221438646316528,-1.0,0.8860465288162231,0.3084745705127716,-0.06437499821186066,0.04287499934434891,0.060499999672174454,0.18437500298023224,0.00026837000041268766,0.0003140500048175454,0.00014275001012720168,0.0,0.050999999046325684,0.012500000186264515,0.06350000202655792,0.017249999567866325,0.019750000908970833,0.000750000006519258,-0.0002500000118743628,0.07446474581956863,0.9077181816101074,-0.9235612154006958,0.0411190390586853,-0.019065717
58,4458,-0.1539836271717898,-0.3409152784648935,-0.034983627171789794,0.18708472153510652,0.1903274735868764,0.5649701275871407,0.798019528388977,0.6236560344696045,-1.0,0.8860465288162231,0.3084745705127716,-0.06449999660253525,0.050999999046325684,0.04337500035762787,0.18787500262260437,0.00033117999555543065,0.0007936900365166366,0.0001256200048374012,7.994000043254346e-05,0.09849999845027924,0.017999999225139618,0.11649999767541885,0.020250000059604645,0.03750000149011612,0.0005000000237487257,0.0002500000118743628,-0.8630799055099487,-0.7091213464736938,-0.01928124763071537,-0.34980061650276184,0.0
59,4459,-0.1427377935214312,-0.34630806962262284,-0.02373779352143121,0.1816919303773772,0.18323602376586265,0.5771182631768947,0.8046892285346985,0.6255673170089722,-1.0,0.8860465288162231,0.3084745705127716,-0.07187499850988388,0.051624998450279236,0.04349999874830246,0.18162499368190765,8.565000462112948e-05,0.0001484600070398301,0.0,-5.7100000958598685e-06,0.020500000566244125,0.0005000000237487257,0.020999999716877937,0.002749999985098839,0.009750000201165676,-0.0002500000118743628,-0.0002500000118743628,-0.38569483160972595,-0.9805358648300171,0.13329195976257324,0.7256067991256714,-0.008004965
60,4460,-0.15918145335810488,-0.3418244190786801,-0.040181453358104885,0.18617558092131992,0.19046232206229266,0.5647416177304833,0.8308423161506653,0.6164270043373108,-1.0,0.8860465288162231,0.3084745705127716,-0.07762499898672104,0.03812500089406967,0.04712500050663948,0.19512499868869781,0.0,0.0,0.00011420000373618677,0.0,0.0,0.009999999776482582,0.009999999776482582,0.0,0.0,0.0,-0.0002500000118743628,0.959211528301239,0.8728295564651489,-0.602231502532959,0.25744006037712097,0.0
61,4461,-0.16110282010880217,-0.33870079847952955,-0.042102820108802175,0.18929920152047047,0.19392481831215377,0.5589057330970704,0.7926012873649597,0.6240264177322388,-1.0,0.8860465288162231,0.3084745705127716,-0.06612499803304672,0.04800000041723251,0.035750001668930054,0.19975000619888306,0.0001884299999801442,0.0001827200030675158,0.0001256200048374012,7.994000043254346e-05,0.032499998807907104,0.017999999225139618,0.05050000175833702,0.012749999761581421,0.012749999761581421,0.0002500000118743628,0.0,-0.783402144908905,0.8272383213043213,-0.9875757098197937,-0.49614569544792175,0.0
62,4462,-0.1590831652217471,-0.3392242296887372,-0.0400831652217471,0.1887757703112628,0.19298432990998135,0.5604848929013516,0.7881329655647278,0.6293206810951233,-1.0,0.8860465288162231,0.3084745705127716,-0.07662499696016312,0.06174999848008156,0.017124999314546585,0.19050000607967377,9.13600015337579e-05,0.000245530012762174,0.00013133000175002962,0.0,0.029500000178813934,0.011500000022351742,0.04100000113248825,0.0044999998062849045,0.016249999403953552,0.0005000000237487257,0.0,0.47612330317497253,-0.38554805517196655,0.32604339718818665,-0.28694742918014526,-0.058433693
63,4463,-0.15741581090613813,-0.3416619979241292,-0.03841581090613813,0.1863380020758708,0.19025673587340713,0.5650900343946026,0.7928298711776733,0.6284335255622864,-1.0,0.8860465288162231,0.3084745705127716,-0.07587499916553497,0.06062500178813934,0.022874999791383743,0.1941249966621399,0.0003368900215718895,9.13600015337579e-05,0.00014275001012720168,8.565000462112948e-05,0.03750000149011612,0.019999999552965164,0.057500001043081284,0.020749999210238457,0.0042500002309679985,0.0010000000474974513,0.0002500000118743628,0.7552207708358765,-0.4867706596851349,0.8604583740234375,0.5686086416244507,0.0
64,4464,-0.16010170690216816,-0.3417484855074039,-0.04110170690216816,0.18625151449259614,0.19073273699356774,0.5642836598163457,0.7967073917388916,0.6243016719818115,-1.0,0.8860465288162231,0.3084745705127716,-0.06400000303983688,0.04899999871850014,0.039250001311302185,0.20475000143051147,0.000433959998190403,0.00014275001012720168,0.0001256200048374012,7.994000043254346e-05,0.05050000175833702,0.017999999225139618,0.06849999725818634,0.02525000087916851,0.00925000011920929,0.0005000000237487257,0.0002500000118743628,-0.15869946777820587,0.13060185313224792,-0.1806999146938324,-0.2468298077583313,0.0
65,4465,-0.15628423985746154,-0.3440574897001427,-0.03728423985746154,0.1839425102998573,0.1876831415901861,0.5694698579169101,0.7904611229896545,0.6241551041603088,-1.0,0.8860465288162231,0.3084745705127716,-0.06400000303983688,0.04899999871850014,0.036125000566244125,0.2004999965429306,0.0003026300109922886,0.00021127000218257308,0.0,-8.565000462112948e-05,0.04500000178813934,0.007499999832361937,0.05249999836087227,0.019500000402331352,0.014000000432133675,0.0,-0.0005000000237487257,0.27540960907936096,-0.813909113407135,0.24885347485542297,-0.957746684551239,0.0
66,4466,-0.16291402475566277,-0.34488503635449663,-0.04391402475566278,0.1831149636455034,0.18830701389256585,0.5684050252929357,0.7993389964103699,0.6202415227890015,-1.0,0.8860465288162231,0.3084745705127716,-0.05562499910593033,0.038750000298023224,0.04062499850988388,0.18250000476837158,0.00019414001144468784,9.707000572234392e-05,0.00011991000064881518,0.0,0.025499999523162842,0.010499999858438969,0.035999998450279236,0.013000000268220901,0.004000000189989805,0.0002500000118743628,-0.0002500000118743628,0.6033840179443359,-0.008938342332839966,-0.7224234342575073,0.28613874316215515,0.0
67,4467,-0.16281464028410045,-0.3453498050447855,-0.04381464028410045,0.1826501949552145,0.18783188339683704,0.5692158026775791,0.7839208841323853,0.618838906288147,-1.0,0.8860465288162231,0.3084745705127716,-0.05012499913573265,0.03750000149011612,0.027124999091029167,0.1873749941587448,0.00042254000436514616,0.00010278000263497233,0.00011991000064881518,7.994000043254346e-05,0.04600000008940697,0.017500000074505806,0.06350000202655792,0.02449999935925007,0.0062500000931322575,0.0002500000118743628,0.0005000000237487257,-0.4174290895462036,0.09746579080820084,0.018768640235066414,0.4551384747028351,0.0
68,4468,-0.15181491140997122,-0.34695432400792775,-0.032814911409971226,0.18104567599207227,0.18399553039753622,0.5758047846941541,0.7841519713401794,0.6180511713027954,-1.0,0.8860465288162231,0.3084745705127716,-0.05012499913573265,0.03750000149011612,0.027124999091029167,0.19612500071525574,0.00014275001012720168,0.0001484600070398301,0.00013133000175002962,2.8550000934046693e-05,0.025499999523162842,0.014000000432133675,0.039500001817941666,0.008999999612569809,0.009750000201165676,0.000750000006519258,0.0,-0.6121628880500793,-0.7895186543464661,0.9714323282241821,0.7624722719192505,0.0
69,4469,-0.15129370780772444,-0.3466654310743224,-0.03229370780772445,0.18133456892567762,0.1841877016834512,0.5754729209276439,0.8097327351570129,0.6153316497802734,-1.0,0.8860465288162231,0.3084745705127716,-0.05712499842047691,0.02762500010430813,0.045625001192092896,0.21037499606609344,7.423000351991504e-05,7.423000351991504e-05,0.00013133000175002962,0.0,0.013000000268220901,0.011500000022351742,0.02449999935925007,0.0002500000118743628,0.0,0.0,0.0,-0.5607515573501587,-0.7787905931472778,-0.20786920189857483,0.31595292687416077,0.0
70,4470,-0.1267803186895621,-0.3561705642257991,-0.00778031868956211,0.1718294357742009,0.1720054893234265,0.5968935629679656,0.8109448552131653,0.6158213019371033,-1.0,0.8860465288162231,0.3084745705127716,-0.06750000268220901,0.013124999590218067,0.041875001043081284,0.2161249965429306,0.0,6.28100024187006e-05,0.0,7.994000043254346e-05,0.005499999970197678,0.007000000216066837,0.012500000186264515,0.0,0.0,-0.0002500000118743628,0.0002500000118743628,-0.6813375949859619,-0.31500712037086487,0.9923070669174194,-0.9534613490104675,-0.16756138
71,4471,-0.1415288591189858,-0.3486841701363809,-0.022528859118985806,0.1793158298636191,0.18072552761821312,0.5814812319070243,0.8679527640342712,0.5997108817100525,-1.0,0.8860465288162231,0.3084745705127716,-0.0637499988079071,0.017000000923871994,0.06024999916553497,0.19850000739097595,0.0,2.2840000383439474e-05,0.00011991000064881518,0.0,0.0020000000949949026,0.010499999858438969,0.012500000186264515,0.0,-0.0002500000118743628,0.0,-0.0002500000118743628,-0.6939457654953003,-0.13426919281482697,0.6689202189445496,0.3247096538543701,-0.1473858
72,4472,-0.16691306130803876,-0.33330966037727106,-0.04791306130803877,0.19469033962272897,0.20049935108703326,0.5479901025369963,0.8336538076400757,0.612399697303772,-1.0,0.8860465288162231,0.3084745705127716,-0.06012500077486038,0.020500000566244125,0.07262499630451202,0.20424999296665192,6.851999933132902e-05,7.423000351991504e-05,0.00011991000064881518,7.423000351991504e-05,0.012500000186264515,0.017000000923871994,0.029500000178813934,0.0002500000118743628,0.0002500000118743628,0.0002500000118743628,0.0002500000118743628,-0.8144077062606812,0.8430704474449158,-0.4931662082672119,0.44070497155189514,0.0
73,4473,-0.14995350056709472,-0.34365583774027564,-0.030953500567094727,0.1843441622597244,0.1869248227405786,0.5707668518425729,0.774620771408081,0.6384581923484802,-1.0,0.8860465288162231,0.3084745705127716,-0.07524999976158142,0.036249998956918716,0.0637499988079071,0.21250000596046448,0.0,7.423000351991504e-05,0.0,7.994000043254346e-05,0.006500000134110451,0.007000000216066837,0.013500000350177288,0.0,0.0002500000118743628,-0.0002500000118743628,0.0002500000118743628,0.7688784599304199,0.18975241482257843,-0.802527666091919,-0.33762335777282715,-0.120303325
74,4474,-0.13117711684924122,-0.3488218133225714,-0.01217711684924122,0.17917818667742863,0.1795914941075204,0.5834628584505216,0.8140616416931152,0.620922327041626,-1.0,0.8860465288162231,0.3084745705127716,-0.06475000083446503,0.03700000047683716,0.06724999845027924,0.20637500286102295,0.00014275001012720168,0.00010278000263497233,0.00011991000064881518,-2.2840000383439474e-05,0.0215000007301569,0.012500000186264515,0.03400000184774399,0.00774999987334013,0.005750000011175871,0.0002500000118743628,0.0,-0.7076340317726135,-0.6889022588729858,0.9294008016586304,0.39789924025535583,0.0
75,4475,-0.14366775720538086,-0.34584919111309725,-0.024667757205380864,0.18215080888690277,0.18381353438660766,0.5761192530559869,0.8577276468276978,0.6121664047241211,-1.0,0.8860465288162231,0.3084745705127716,-0.07400000095367432,0.027124999091029167,0.0846249982714653,0.2136249989271164,-7.423000351991504e-05,0.0,0.0001256200048374012,7.994000043254346e-05,0.006500000134110451,0.017999999225139618,0.02449999935925007,-0.0002500000118743628,-0.0002500000118743628,0.0002500000118743628,0.0002500000118743628,0.47855517268180847,-0.3158845901489258,-0.7238152027130127,0.7439090609550476,-0.06190615
76,4476,-0.1468951253762432,-0.3453380175756487,-0.027895125376243196,0.18266198242435133,0.18477970084116482,0.5744517895060293,0.828679621219635,0.6172047853469849,-1.0,0.8860465288162231,0.3084745705127716,-0.06687500327825546,0.029374999925494194,0.07112500071525574,0.22762499749660492,8.565000462112948e-05,8.565000462112948e-05,0.00011420000373618677,0.0,0.014999999664723873,0.009999999776482582,0.02500000037252903,0.0032500000670552254,0.002749999985098839,0.0002500000118743628,0.0,0.4012787640094757,-0.43635308742523193,0.40966805815696716,-0.10675517469644547,-0.036810625
77,4477,-0.1472838323452432,-0.34492407971151307,-0.028283832345243204,0.18307592028848696,0.18524785494469362,0.5736455599104844,0.821174144744873,0.6180711388587952,-1.0,0.8860465288162231,0.3084745705127716,-0.05999999865889549,0.02225000038743019,0.07874999940395355,0.23125000298023224,9.707000572234392e-05,7.423000351991504e-05,0.0001256200048374012,7.994000043254346e-05,0.014999999664723873,0.017999999225139618,0.032999999821186066,0.0044999998062849045,0.000750000006519258,0.0002500000118743628,0.0002500000118743628,-0.884636640548706,-0.8258891105651855,-0.9692196846008301,-0.6545745730400085,0.0
78,4478,-0.14696453921880429,-0.3449607536734656,-0.02796453921880429,0.1830392463265344,0.1851631203817482,0.5737914012638178,0.8202701807022095,0.6187727451324463,-1.0,0.8860465288162231,0.3084745705127716,-0.0742499977350235,0.007249999791383743,0.060874998569488525,0.21924999356269836,0.0,3.425999966566451e-05,0.0,0.0,0.003000000026077032,0.0,0.003000000026077032,0.0,0.0,-0.0002500000118743628,-0.0002500000118743628,-0.6837314963340759,0.328808456659317,-0.32795101404190063,-0.8478592038154602,-0.29514503
79,4479,-0.1610201747372152,-0.33834828456493843,-0.0420201747372152,0.1896517154350616,0.1942510444049341,0.5583590117722285,0.8210126757621765,0.6187105774879456,-1.0,0.8860465288162231,0.3084745705127716,-0.07050000131130219,0.013500000350177288,0.06462500244379044,0.22287499904632568,0.0,0.0,0.0,7.994000043254346e-05,0.0,0.007000000216066837,0.007000000216066837,0.0,-0.0002500000118743628,-0.0002500000118743628,0.0,-0.76523357629776,0.6208997964859009,-0.47554513812065125,0.7156482934951782,-0.19689347
80,4480,-0.1373168041838062,-0.3495547127847593,-0.018316804183806212,0.17844528721524072,0.17938290287772035,0.5838280884198164,0.7883251905441284,0.6299181580543518,-1.0,0.8860465288162231,0.3084745705127716,-0.06674999743700027,0.02487500011920929,0.06825000047683716,0.23637500405311584,0.0,7.423000351991504e-05,0.0001256200048374012,0.0,0.006500000134110451,0.010999999940395355,0.017500000074505806,0.0,0.0002500000118743628,0.0,-0.0002500000118743628,0.36394834518432617,-0.6584261059761047,-0.5548703670501709,0.7567288875579834,0.0
81,4481,-0.15190097950692505,-0.34717261714263664,-0.032900979506925054,0.18082738285736338,0.18379612847815532,0.576149337478379,0.8434492945671082,0.610924243927002,-1.0,0.8860465288162231,0.3084745705127716,-0.06012500077486038,0.012875000014901161,0.057999998331069946,0.25049999356269836,7.423000351991504e-05,0.0,0.0,0.0,0.006500000134110451,0.0,0.006500000134110451,0.0002500000118743628,-0.0002500000118743628,-0.0002500000118743628,-0.0002500000118743628,0.9243981838226318,0.8992383480072021,0.45393499732017517,0.6871665716171265,0.0
82,4482,-0.14786060460193157,-0.3486809314315786,-0.028860604601931572,0.17931906856842145,0.18162671293131763,0.5799112880406894,0.8095325827598572,0.6149616837501526,-1.0,0.8860465288162231,0.3084745705127716,-0.048624999821186066,0.023749999701976776,0.06612499803304672,0.26337501406669617,0.00019985000835731626,0.00017130000924225897,0.00013133000175002962,0.0,0.032499998807907104,0.011500000022351742,0.04399999976158142,0.011749999597668648,0.011500000022351742,0.0005000000237487257,-0.0002500000118743628,0.9421563148498535,-0.30827096104621887,0.8087452054023743,0.6897742748260498,0.0
83,4483,-0.1455713467375525,-0.35243969384431095,-0.026571346737552515,0.17556030615568907,0.17755972956987326,0.5870300965223995,0.8189288377761841,0.6124051809310913,-1.0,0.8860465288162231,0.3084745705127716,-0.04024999961256981,0.01912499964237213,0.08087500184774399,0.2761250138282776,0.0005938400281593204,0.00014275001012720168,0.0001541700039524585,0.0,0.06449999660253525,0.013500000350177288,0.07800000160932541,0.030249999836087227,0.00925000011920929,0.0012499999720603228,0.0,0.6409144401550293,-0.7184164524078369,0.44772371649742126,-0.5895367860794067,-0.094744414
84,4484,-0.1481631428107115,-0.3541685604871104,-0.0291631428107115,0.17383143951288965,0.17626076778943567,0.5893221485318489,0.8242526650428772,0.6060343980789185,-1.0,0.8860465288162231,0.3084745705127716,-0.027124999091029167,0.005375000182539225,0.08937499672174454,0.2797499895095825,0.0005139000131748617,0.0001541700039524585,0.00014275001012720168,7.994000043254346e-05,0.05849999934434891,0.019500000402331352,0.07800000160932541,0.02800000086426735,0.009999999776482582,0.0010000000474974513,0.0002500000118743628,0.21445371210575104,-0.4399706721305847,-0.24493271112442017,0.8409755825996399,0.0
85,4485,-0.1500818510223223,-0.3521496720067546,-0.031081851022322304,0.1758503279932454,0.17857608831617358,0.5852429230023232,0.8182252645492554,0.6031041145324707,-1.0,0.8860465288162231,0.3084745705127716,-0.020625000819563866,-0.0008750000270083547,0.08524999767541885,0.2957499921321869,0.0004625100118573755,0.00010848999954760075,0.00011420000373618677,0.0,0.05000000074505806,0.009999999776482582,0.05999999865889549,0.023000000044703484,0.0062500000931322575,0.0002500000118743628,-0.0002500000118743628,-0.903048574924469,0.3240288197994232,-0.34592536091804504,-0.5207829475402832,-0.086493954
86,4486,-0.14998687108061404,-0.35600231800991916,-0.030986871080614042,0.17199768199008086,0.1747666695606676,0.5919695929472776,0.8137631416320801,0.6065259575843811,-1.0,0.8860465288162231,0.3084745705127716,-0.026750000193715096,0.0031250000465661287,0.07900000363588333,0.2992500066757202,7.994000043254346e-05,0.0001598800008650869,0.0,7.994000043254346e-05,0.020999999716877937,0.007000000216066837,0.02800000086426735,0.001500000013038516,0.010250000283122063,0.0,0.0002500000118743628,0.9603521227836609,-0.9583671689033508,-0.20296165347099304,0.6998847723007202,-0.048355404
87,4487,-0.17730180980329652,-0.3502627717525923,-0.05830180980329652,0.17773722824740773,0.1870551344695218,0.570543762606269,0.8139840364456177,0.5999960899353027,-1.0,0.8860465288162231,0.3084745705127716,-0.013000000268220901,-0.010999999940395355,0.08250000327825546,0.312375009059906,0.0001541700039524585,7.994000043254346e-05,0.00013133000175002962,0.0,0.020500000566244125,0.011500000022351742,0.03200000151991844,0.009999999776482582,0.002749999985098839,0.0005000000237487257,0.0,-0.6248672008514404,-0.982417106628418,-0.4618465304374695,0.47318267822265625,0.0
88,4488,-0.14979575045701177,-0.3582438732888215,-0.030795750457011772,0.1697561267111785,0.17252686979769916,0.5959606668020793,0.7504609227180481,0.6097241044044495,-1.0,0.8860465288162231,0.3084745705127716,-0.019625000655651093,-0.02800000086426735,0.07412499934434891,0.32100000977516174,0.0,0.0,0.0,7.423000351991504e-05,0.0,0.006500000134110451,0.006500000134110451,0.0,0.0,0.0,0.0002500000118743628,0.9355298280715942,-0.930827796459198,-0.11463194340467453,0.010714814066886902,-0.17345518
89,4489,-0.15466434065501586,-0.3568878587741014,-0.035664340655015864,0.17111214122589863,0.1747893305361311,0.5919293504899303,0.8144285082817078,0.5961968302726746,-1.0,0.8860465288162231,0.3084745705127716,-0.005375000182539225,-0.026000000536441803,0.07774999737739563,0.32100000977516174,0.00011420000373618677,8.565000462112948e-05,0.00013133000175002962,7.994000043254346e-05,0.017500000074505806,0.01850000023841858,0.035999998450279236,0.006500000134110451,0.0035000001080334187,0.0002500000118743628,0.0005000000237487257,-0.07587219029664993,-0.09787420183420181,-0.09717275202274323,-0.8542478680610657,0.0
90,4490,-0.15232390331022178,-0.3589608654697081,-0.03332390331022178,0.1690391345302919,0.17229251734935888,0.5963798086493304,0.8031061887741089,0.5984951257705688,-1.0,0.8860465288162231,0.3084745705127716,-0.005375000182539225,-0.026125000789761543,0.07612500339746475,0.30512499809265137,9.13600015337579e-05,7.423000351991504e-05,0.0,6.28100024187006e-05,0.014499999582767487,0.005499999970197678,0.019999999552965164,0.0037499999161809683,0.0002500000118743628,0.0,0.0002500000118743628,0.434726357460022,0.08603283762931824,-0.9718334078788757,-0.10102233290672302,-0.14062002
91,4491,-0.1490442717264829,-0.363055849490507,-0.030044271726482913,0.16494415050949301,0.16765807779785924,0.6047293760172022,0.8085490465164185,0.5949816107749939,-1.0,0.8860465288162231,0.3084745705127716,0.000375000003259629,-0.026125000789761543,0.07962500303983688,0.3036249876022339,0.00013133000175002962,7.994000043254346e-05,0.0001256200048374012,-8.565000462112948e-05,0.01850000023841858,0.01850000023841858,0.03700000047683716,0.008500000461935997,0.0032500000670552254,0.0005000000237487257,-0.0005000000237487257,0.7414863705635071,-0.7653961181640625,0.9186592698097229,0.3079664707183838,0.0
92,4492,-0.14627357773616187,-0.36189159055293607,-0.027273577736161875,0.16610840944706395,0.16833256289727164,0.6035069703160287,0.8161761164665222,0.5880409479141235,-1.0,0.8860465288162231,0.3084745705127716,0.013124999590218067,-0.0403750017285347,0.09674999862909317,0.3089999854564667,0.0001598800008650869,8.565000462112948e-05,0.00011991000064881518,7.994000043254346e-05,0.0215000007301569,0.017500000074505806,0.039000000804662704,0.01075000036507845,0.0032500000670552254,0.0005000000237487257,0.0002500000118743628,-0.6302001476287842,0.05370236188173294,0.29721948504447937,-0.9909238815307617,0.0
93,4493,-0.1620116386707436,-0.3514559526391147,-0.04301163867074362,0.1765440473608853,0.1817080122606186,0.5797698660913396,0.8226195573806763,0.5900142788887024,-1.0,0.8860465288162231,0.3084745705127716,0.0063749998807907104,-0.03987500071525574,0.10225000232458115,0.2906250059604645,7.994000043254346e-05,9.707000572234392e-05,0.0001256200048374012,0.0,0.01549999974668026,0.010999999940395355,0.026499999687075615,0.000750000006519258,0.0042500002309679985,0.0005000000237487257,0.0,-0.8325154185295105,0.27654367685317993,-0.36427396535873413,-0.6002320647239685,-0.09602785
94,4494,-0.12606067466966472,-0.3678284235358529,-0.007060674669664729,0.16017157646414715,0.1603271250718386,0.6181764309985097,0.7860194444656372,0.6077017784118652,-1.0,0.8860465288162231,0.3084745705127716,-0.008750000037252903,-0.032625000923871994,0.09574999660253525,0.2943750023841858,5.7100000958598685e-06,7.423000351991504e-05,0.0,7.423000351991504e-05,0.007000000216066837,0.006500000134110451,0.013500000350177288,0.0,0.0,0.0,0.0,0.3582909405231476,-0.42844462394714355,-0.48478615283966064,-0.26921597123146057,-0.08217434
95,4495,-0.14999087114788548,-0.36011977917934407,-0.030990871147885485,0.16788022082065596,0.1707167321538725,0.5992057824981533,0.8696263432502747,0.579951822757721,-1.0,0.8860465288162231,0.3084745705127716,-0.0021250001154839993,-0.04062499850988388,0.09937500208616257,0.2893750071525574,7.423000351991504e-05,0.0,0.00011991000064881518,0.0,0.006500000134110451,0.010499999858438969,0.017000000923871994,0.0,0.0,0.0002500000118743628,0.0,0.5167831778526306,0.6513993740081787,-0.1645715981721878,0.2583276033401489,0.0
96,4496,-0.15196261044275988,-0.3566281123839611,-0.03296261044275989,0.17137188761603894,0.17451320165616532,0.5924199000099214,0.8139747381210327,0.5930173397064209,-1.0,0.8860465288162231,0.3084745705127716,0.003375000087544322,-0.032499998807907104,0.0963750034570694,0.2939999997615814,0.00014275001012720168,0.00013133000175002962,0.00011991000064881518,7.994000043254346e-05,0.024000000208616257,0.017500000074505806,0.04149999842047691,0.008249999955296516,0.00800000037997961,0.0002500000118743628,0.0002500000118743628,-0.9809021949768066,-0.5479675531387329,-0.0917377844452858,0.9764425158500671,0.0
97,4497,-0.13629180842721447,-0.3626218063863683,-0.017291808427214478,0.1653781936136317,0.16627974489272992,0.6072351082396567,0.8093892931938171,0.5989354252815247,-1.0,0.8860465288162231,0.3084745705127716,-0.010999999940395355,-0.038750000298023224,0.09487500041723251,0.312375009059906,7.423000351991504e-05,0.0,0.0,0.0,0.006500000134110451,0.0,0.006500000134110451,0.0002500000118743628,0.0,0.0,0.0,0.0294185820966959,-0.5449851155281067,-0.953758716583252,0.09897983819246292,-0.23997171
98,4498,-0.1450139068025324,-0.35856899182899066,-0.026013906802532405,0.16943100817100937,0.1714164224249692,0.5979493262855778,0.8458330035209656,0.5887765884399414,-1.0,0.8860465288162231,0.3084745705127716,-0.010499999858438969,-0.03500000014901161,0.09849999845027924,0.3160000145435333,7.423000351991504e-05,7.423000351991504e-05,0.00011420000373618677,7.423000351991504e-05,0.013000000268220901,0.016499999910593033,0.029500000178813934,0.0002500000118743628,0.0,0.0002500000118743628,0.0002500000118743628,0.15925055742263794,0.35718053579330444,0.05015965923666954,-0.2249923199415207,0.0
99,4499,-0.1348456505699796,-0.3628485552319407,-0.015845650569979608,0.16515144476805932,0.1659098681542579,0.6079092886399169,0.8255490660667419,0.5956457853317261,-1.0,0.8860465288162231,0.3084745705127716,-0.008875000290572643,-0.030249999836087227,0.09925000369548798,0.31200000643730164,7.994000043254346e-05,8.565000462112948e-05,0.0001256200048374012,0.0,0.014499999582767487,0.010999999940395355,0.025499999523162842,0.002749999985098839,0.0037499999161809683,0.0005000000237487257,0.0,-0.7269138097763062,-0.968233585357666,0.08624473959207535,-0.7389578819274902,-0.112674944
100,4500,-0.09094748756153465,-0.3758564626107129,0.02805251243846535,0.1521435373892871,0.15470811039966734,0.6286853844000726,0.8491961359977722,0.5883922576904297,-1.0,0.8860465288162231,0.3084745705127716,-0.021250000223517418,-0.04662499949336052,0.10087499767541885,0.31562501192092896,7.423000351991504e-05,7.423000351991504e-05,0.00011991000064881518,8.565000462112948e-05,0.013000000268220901,0.017999999225139618,0.03099999949336052,0.0002500000118743628,0.0002500000118743628,0.0002500000118743628,0.0002500000118743628,0.031147869303822517,-0.7732744216918945,0.7869580984115601,-0.06108624488115311,0.0
101,4501,-0.09103649612716025,-0.37607156604307684,0.027963503872839746,0.15192843395692318,0.15448044081193416,0.6291149287014757,0.9512848854064941,0.5663449764251709,-1.0,0.8860465288162231,0.3084745705127716,-0.020625000819563866,-0.060874998569488525,0.11574999988079071,0.31474998593330383,1.7129999832832254e-05,2.2840000383439474e-05,5.139000131748617e-05,-7.994000043254346e-05,0.0035000001080334187,0.011500000022351742,0.014999999664723873,0.0,0.0,0.0,-0.0002500000118743628,-0.3402864336967468,-0.4915774464607239,-0.41486814618110657,0.6104883551597595,-0.14782368
102,4502,-0.1501169553684515,-0.3580066474215365,-0.031116955368451493,0.16999335257846354,0.17281783713571935,0.5954406785181545,0.951077938079834,0.5659803748130798,-1.0,0.8860465288162231,0.3084745705127716,-0.016875000670552254,-0.05712499842047691,0.1080000028014183,0.32612499594688416,0.0,0.0,0.0,5.7100001868093386e-05,0.0,0.004999999888241291,0.004999999888241291,0.0,0.0,0.0,-0.0002500000118743628,0.9223875999450684,0.7311950922012329,-0.7938246726989746,-0.6703411340713501,-0.22369991
103,4503,-0.14980415977951705,-0.35798361306940363,-0.03080415977951706,0.1700163869305964,0.17278445556431365,0.5955003117406641,0.8136814832687378,0.5965989232063293,-1.0,0.8860465288162231,0.3084745705127716,0.0001250000059371814,-0.04387500137090683,0.11174999922513962,0.3297500014305115,7.994000043254346e-05,7.423000351991504e-05,0.00011991000064881518,7.994000043254346e-05,0.013500000350177288,0.017500000074505806,0.03099999949336052,0.0005000000237487257,0.000750000006519258,0.0,0.0,-0.947669506072998,-0.12044522166252136,-0.5986392498016357,-0.7812819480895996,0.0
104,4504,-0.15928646990226358,-0.3537832428195495,-0.04028646990226359,0.17421675718045054,0.17881408820240663,0.5848252088966537,0.8144089579582214,0.5966379642486572,-1.0,0.8860465288162231,0.3084745705127716,-0.017374999821186066,-0.04574999958276749,0.10062500089406967,0.3151249885559082,3.425999966566451e-05,0.0,0.0,0.0,0.003000000026077032,0.0,0.003000000026077032,0.0,0.0,0.0,0.0,-0.7753084897994995,-0.09016454219818115,0.3195302486419678,0.23467989265918732,-0.15185678
105,4505,-0.13765700570361117,-0.3649870899710033,-0.018657005703611174,0.1630129100289967,0.16407709376371327,0.6112609762548453,0.7923570275306702,0.6037572026252747,-1.0,0.8860465288162231,0.3084745705127716,-0.013624999672174454,-0.042125001549720764,0.10637500137090683,0.31937500834465027,0.0,7.423000351991504e-05,0.00011420000373618677,7.994000043254346e-05,0.006500000134110451,0.017000000923871994,0.023499999195337296,0.0,0.0002500000118743628,0.0002500000118743628,0.0002500000118743628,0.9150235652923584,-0.9193882942199707,-0.015744397416710854,-0.42899760603904724,0.0
106,4506,-0.14517716181394602,-0.3627039689022099,-0.026177161813946026,0.16529603109779012,0.1673559729956332,0.6052776994019867,0.8426581025123596,0.5847676396369934,-1.0,0.8860465288162231,0.3084745705127716,0.0035000001080334187,-0.05912499874830246,0.10625000298023224,0.31150001287460327,0.0,0.0,-5.7100000958598685e-06,0.0,0.0,0.0005000000237487257,0.0005000000237487257,0.0,0.0,0.0,0.0,0.4695129692554474,-0.01768491044640541,0.8323030471801758,0.492899626493454,-0.026122192
107,4507,-0.1451331742474483,-0.3628961594841777,-0.026133174247448293,0.16510384051582233,0.1671592682124494,0.6056349878680243,0.8251693844795227,0.5886373519897461,-1.0,0.8860465288162231,0.3084745705127716,0.011374999769032001,-0.05612500011920929,0.12174999713897705,0.320499986410141,7.994000043254346e-05,7.994000043254346e-05,0.00011991000064881518,7.994000043254346e-05,0.014000000432133675,0.017500000074505806,0.03150000050663948,0.0017500000540167093,0.001500000013038516,0.0,0.0002500000118743628,-0.0016928596887737513,0.0653945803642273,-0.897956907749176,-0.1438174843788147,0.0
108,4508,-0.1265181157624088,-0.37159116218303095,-0.007518115762408795,0.15640883781696907,0.15658942049791202,0.6251471221582263,0.8252716660499573,0.5883116126060486,-1.0,0.8860465288162231,0.3084745705127716,0.011374999769032001,-0.05612500011920929,0.10499999672174454,0.31825000047683716,7.994000043254346e-05,9.13600015337579e-05,0.0,-7.994000043254346e-05,0.014999999664723873,0.007000000216066837,0.02199999988079071,0.0017500000540167093,0.0037499999161809683,0.0,-0.0005000000237487257,0.3316709101200104,-0.6071174144744873,-0.9806473851203918,-0.21125611662864685,-0.14167769
109,4509,-0.14022373041907493,-0.36627215238080485,-0.021223730419074938,0.16172784761919518,0.1631145101713492,0.6130286967537198,0.8685625195503235,0.5735743045806885,-1.0,0.8860465288162231,0.3084745705127716,0.01837499998509884,-0.06549999862909317,0.10875000059604645,0.31424999237060547,7.423000351991504e-05,0.0,0.0,-6.28100024187006e-05,0.006500000134110451,0.005499999970197678,0.012000000104308128,0.0,-0.0002500000118743628,0.0,-0.0002500000118743628,-0.08657904714345932,-0.972790539264679,-0.541170060634613,0.4621495306491852,-0.22967528
110,4510,-0.12697963066367499,-0.3715446637779937,-0.007979630663674991,0.1564553362220063,0.15665869505989669,0.6250172152783667,0.8366889953613281,0.5825895667076111,-1.0,0.8860465288162231,0.3084745705127716,0.016875000670552254,-0.06224999949336052,0.11262500286102295,0.3226250112056732,3.997000021627173e-05,6.851999933132902e-05,0.0,5.7100000958598685e-06,0.009499999694526196,0.0005000000237487257,0.009999999776482582,0.0,0.000750000006519258,-0.0002500000118743628,0.0002500000118743628,-0.7969717383384705,-0.8581759929656982,-0.5430018901824951,-0.7243598699569702,-0.31972
111,4511,-0.10825133497616865,-0.3799402272771126,0.010748665023831344,0.14805977272288745,0.1484494193270813,0.6406011427198494,0.867489218711853,0.5736531019210815,-1.0,0.8860465288162231,0.3084745705127716,0.020500000566244125,-0.07787500321865082,0.11625000089406967,0.3264999985694885,7.423000351991504e-05,6.851999933132902e-05,0.00011991000064881518,7.423000351991504e-05,0.012500000186264515,0.017000000923871994,0.029500000178813934,0.0002500000118743628,0.0,0.0,0.0,0.6196311712265015,-0.1894436925649643,0.7317723035812378,-0.025715183466672897,0.0
112,4512,-0.1419876085237985,-0.36985687121058786,-0.022987608523798497,0.15814312878941217,0.1598051292322872,0.6191452459518552,0.9110434055328369,0.5594233274459839,-1.0,0.8860465288162231,0.3084745705127716,0.03212499991059303,-0.08162499964237213,0.12999999523162842,0.3264999985694885,7.423000351991504e-05,7.423000351991504e-05,1.1420000191719737e-05,-8.565000462112948e-05,0.013000000268220901,0.008500000461935997,0.0215000007301569,0.0,0.0005000000237487257,-0.0002500000118743628,-0.000750000006519258,0.5913203954696655,0.38652998208999634,-0.6200082302093506,0.6119967699050903,-0.09840099
113,4513,-0.13009575117577585,-0.3723297984508401,-0.011095751175775853,0.15567020154915995,0.1560651381459383,0.6261311566338318,0.832586944103241,0.5765137672424316,-1.0,0.8860465288162231,0.3084745705127716,0.038624998182058334,-0.07824999839067459,0.13349999487400055,0.3373749852180481,0.00014275001012720168,0.00013133000175002962,0.00011991000064881518,7.994000043254346e-05,0.024000000208616257,0.017500000074505806,0.04149999842047691,0.008999999612569809,0.00800000037997961,0.0002500000118743628,0.0002500000118743628,-0.4639998972415924,-0.44234392046928406,0.8818961381912231,-0.21226906776428223,0.0
114,4514,-0.13262546145725945,-0.37589180068529215,-0.013625461457259458,0.15210819931470787,0.1527172468933557,0.6324515003050575,0.8602424263954163,0.5723223686218262,-1.0,0.8860465288162231,0.3084745705127716,0.03449999913573265,-0.08262500166893005,0.15012499690055847,0.3336249887943268,3.997000021627173e-05,6.851999933132902e-05,0.0001256200048374012,-6.28100024187006e-05,0.009499999694526196,0.016499999910593033,0.026000000536441803,0.0,0.0002500000118743628,0.0,0.0,0.8424732089042664,-0.7980555295944214,-0.970983624458313,0.05279169976711273,-0.017664997
115,4515,-0.12934127015932786,-0.37896095530310037,-0.01034127015932787,0.14903904469689966,0.14939738522702684,0.6387819266618513,0.8543593883514404,0.5662850737571716,-1.0,0.8860465288162231,0.3084745705127716,0.05037499964237213,-0.0976250022649765,0.13212500512599945,0.3372499942779541,0.0,7.423000351991504e-05,0.0,7.994000043254346e-05,0.006500000134110451,0.007000000216066837,0.013500000350177288,-0.0002500000118743628,0.0005000000237487257,-0.0002500000118743628,0.0002500000118743628,-0.48840317130088806,-0.22774814069271088,-0.7493270635604858,-0.4857752025127411,-0.19652764
116,4516,-0.13987509618270116,-0.37419374603939753,-0.02087509618270117,0.1538062539606025,0.15521640827576952,0.6277274366330409,0.8619970679283142,0.5610831379890442,-1.0,0.8860465288162231,0.3084745705127716,0.05400000140070915,-0.1016250029206276,0.13574999570846558,0.32850000262260437,7.423000351991504e-05,1.1420000191719737e-05,1.1420000191719737e-05,0.0,0.007499999832361937,0.0010000000474974513,0.008500000461935997,0.0,0.0,0.0,-0.0002500000118743628,-0.8926336169242859,-0.6208125352859497,-0.8444346785545349,0.00813169777393341,-0.24685387
117,4517,-0.13994806333925616,-0.3714980828706384,-0.020948063339256168,0.15650191712936162,0.15789766123293614,0.6226984017832962,0.8374997973442078,0.5691631436347961,-1.0,0.8860465288162231,0.3084745705127716,0.03737499937415123,-0.09787499904632568,0.1393750011920929,0.3321250081062317,6.851999933132902e-05,0.0,0.00011991000064881518,0.0,0.006000000052154064,0.010499999858438969,0.016499999910593033,0.0,0.0,0.0002500000118743628,0.0,0.25625407695770264,0.3904721140861511,0.506981372833252,-0.7922817468643188,-0.119073816
118,4518,-0.1418088681981579,-0.37170396470193406,-0.022808868198157917,0.15629603529806596,0.15795155940469605,0.6225977230068767,0.8373301029205322,0.5737320780754089,-1.0,0.8860465288162231,0.3084745705127716,0.041999999433755875,-0.09087499976158142,0.14900000393390656,0.335750013589859,7.423000351991504e-05,7.423000351991504e-05,0.0001256200048374012,7.994000043254346e-05,0.013000000268220901,0.017999999225139618,0.03099999949336052,0.0002500000118743628,0.0005000000237487257,0.0,0.0002500000118743628,0.5730588436126709,0.7261298298835754,-0.6303853392601013,0.3644419014453888,0.0
119,4519,-0.14424195199491155,-0.3709021326878488,-0.025241951994911555,0.15709786731215125,0.15911284063374553,0.6204324637623302,0.8330026268959045,0.573383092880249,-1.0,0.8860465288162231,0.3084745705127716,0.04800000041723251,-0.08224999904632568,0.13712500035762787,0.3426249921321869,0.0001541700039524585,0.0001598800008650869,0.00011991000064881518,0.0,0.027499999850988388,0.010499999858438969,0.03799999877810478,0.009499999694526196,0.010250000283122063,0.0002500000118743628,0.0,-0.5588315725326538,0.503693163394928,-0.9795587658882141,0.8317934274673462,0.0
120,4520,-0.14184397048573133,-0.37120846727042806,-0.022843970485731335,0.15679153272957197,0.15844693661677844,0.6216731480242935,0.8273442983627319,0.5747421383857727,-1.0,0.8860465288162231,0.3084745705127716,0.041749998927116394,-0.07237499952316284,0.11900000274181366,0.3581250011920929,7.423000351991504e-05,0.0001484600070398301,0.00011991000064881518,0.0,0.019500000402331352,0.010499999858438969,0.029999999329447746,0.0012499999720603228,0.00925000011920929,0.0,0.0,0.3073677718639374,-0.0032051096204668283,0.5308218002319336,-0.7507984638214111,-0.11409582
121,4521,-0.14213868139641794,-0.36840273244727406,-0.02313868139641795,0.15959726755272596,0.1612658872392464,0.6164379182839219,0.832921028137207,0.5742229223251343,-1.0,0.8860465288162231,0.3084745705127716,0.041875001043081284,-0.07249999791383743,0.12849999964237213,0.3617500066757202,0.00021127000218257308,0.0001541700039524585,0.0001484600070398301,7.994000043254346e-05,0.03200000151991844,0.019999999552965164,0.052000001072883606,0.012500000186264515,0.009499999694526196,0.000750000006519258,0.0002500000118743628,-0.916769802570343,0.10276486724615097,-0.020566126331686974,-0.9546825289726257,0.0
122,4522,-0.12015839161228287,-0.3757440932863148,-0.001158391612282872,0.15225590671368522,0.15226031328068987,0.633319059841486,0.8322356343269348,0.578978419303894,-1.0,0.8860465288162231,0.3084745705127716,0.030625000596046448,-0.06787499785423279,0.12849999964237213,0.3440000116825104,7.423000351991504e-05,9.13600015337579e-05,0.0001256200048374012,0.0,0.014499999582767487,0.010999999940395355,0.025499999523162842,0.000750000006519258,0.004000000189989805,0.0,0.0,-0.12114547193050385,-0.8448972105979919,0.4133276045322418,-0.34459707140922546,-0.06535166
123,4523,-0.14478974548353793,-0.36993437315396044,-0.025789745483537935,0.1580656268460396,0.160155715983967,0.6184943959191622,0.8833525776863098,0.5665354132652283,-1.0,0.8860465288162231,0.3084745705127716,0.028875000774860382,-0.08162499964237213,0.13600000739097595,0.3474999964237213,0.0,0.0,0.00011420000373618677,7.423000351991504e-05,0.0,0.016499999910593033,0.016499999910593033,-0.0002500000118743628,0.0,0.0002500000118743628,0.0005000000237487257,0.5220673084259033,0.09238608181476593,-0.9537282586097717,-0.9472865462303162,-0.012913671
124,4524,-0.14362082040847182,-0.3678210796197227,-0.024620820408471827,0.1601789203802773,0.16206008556019413,0.6149709447008191,0.8260703682899475,0.5763823986053467,-1.0,0.8860465288162231,0.3084745705127716,0.03762499988079071,-0.07912500202655792,0.11824999749660492,0.33012500405311584,7.994000043254346e-05,8.565000462112948e-05,0.0001256200048374012,0.0,0.014499999582767487,0.010999999940395355,0.025499999523162842,0.0017500000540167093,0.0024999999441206455,0.0,-0.0002500000118743628,-0.40580862760543823,0.959378719329834,0.2856047749519348,-0.3826315999031067,-0.069915794
125,4525,-0.14325855839676185,-0.37102201887415787,-0.02425855839676186,0.15697798112584216,0.15884131771624901,0.6209380545516144,0.8287888169288635,0.579964280128479,-1.0,0.8860465288162231,0.3084745705127716,0.030249999836087227,-0.06362500041723251,0.12337499856948853,0.3336249887943268,7.994000043254346e-05,0.00011420000373618677,0.00011991000064881518,8.565000462112948e-05,0.017000000923871994,0.017999999225139618,0.03500000014901161,0.001500000013038516,0.007249999791383743,0.0002500000118743628,0.0002500000118743628,0.6879932880401611,-0.9830837845802307,0.04520023986697197,0.9697864055633545,0.0
126,4526,-0.1431434635777149,-0.37103716375180557,-0.024143463577714908,0.15696283624819446,0.15880881208738373,0.6209986094499778,0.8296312689781189,0.5745389461517334,-1.0,0.8860465288162231,0.3084745705127716,0.0416250005364418,-0.07912500202655792,0.12425000220537186,0.3518750071525574,9.707000572234392e-05,7.423000351991504e-05,0.00011420000373618677,0.0,0.014999999664723873,0.009999999776482582,0.02500000037252903,0.0044999998062849045,0.001500000013038516,0.0,0.0,-0.8218909502029419,-0.9551798105239868,-0.9727402329444885,-0.951574981212616,-0.138189
127,4527,-0.14280255812570944,-0.3712770123741523,-0.023802558125709444,0.15672298762584774,0.1585202088810742,0.621536508845014,0.8298988938331604,0.5745132565498352,-1.0,0.8860465288162231,0.3084745705127716,0.02850000001490116,-0.0963750034570694,0.10612499713897705,0.3555000126361847,7.423000351991504e-05,6.851999933132902e-05,0.0,7.994000043254346e-05,0.012500000186264515,0.007000000216066837,0.019500000402331352,0.0,0.0002500000118743628,0.0,0.0002500000118743628,-0.6324331760406494,-0.3819752633571625,-0.6458898782730103,-0.1998731940984726,-0.20139877
128,4528,-0.14293372206535565,-0.37122431415363843,-0.023933722065355656,0.1567756858463616,0.15859205126518403,0.6214025652859493,0.8306917548179626,0.574106752872467,-1.0,0.8860465288162231,0.3084745705127716,0.03237500041723251,-0.10324999690055847,0.10987500101327896,0.35212498903274536,0.0,0.0,0.0,-7.423000351991504e-05,0.0,0.006500000134110451,0.006500000134110451,-0.0002500000118743628,-0.0002500000118743628,0.0,-0.0002500000118743628,-0.5775890350341797,-0.9389647841453552,-0.7981234788894653,-0.38607072830200195,-0.42008978
129,4529,-0.14111126002826935,-0.3720333438547728,-0.022111260028269353,0.1559666561452272,0.15752620622982477,0.623392701873626,0.8303866982460022,0.5741961002349854,-1.0,0.8860465288162231,0.3084745705127716,0.036125000566244125,-0.09962499886751175,0.11362499743700027,0.3557499945163727,0.0,0.0,0.0001256200048374012,0.0,0.0,0.010999999940395355,0.010999999940395355,-0.0002500000118743628,0.0,0.0,0.0,-0.8828668594360352,-0.36932528018951416,0.5073012113571167,0.8099931478500366,-0.19826306
130,4530,-0.13389915405983682,-0.3746642021198916,-0.014899154059836828,0.15333579788010843,0.1540579491724728,0.6299128216422133,0.8346250057220459,0.5728248357772827,-1.0,0.8860465288162231,0.3084745705127716,0.03962500020861626,-0.09587500244379044,0.12312500178813934,0.3708750009536743,7.423000351991504e-05,0.0,0.00011991000064881518,0.0,0.006500000134110451,0.010499999858438969,0.017000000923871994,0.0002500000118743628,0.0,0.0,0.0,-0.9499088525772095,0.38679245114326477,0.1839575320482254,-0.6420745849609375,-0.101048954
131,4531,-0.13386076686943552,-0.37475290310268944,-0.014860766869435521,0.1532470968973106,0.15396595435160793,0.6300866917854011,0.8513973355293274,0.568365752696991,-1.0,0.8860465288162231,0.3084745705127716,0.02212500013411045,-0.0886249989271164,0.1264999955892563,0.37450000643730164,6.851999933132902e-05,0.0,0.00011991000064881518,7.994000043254346e-05,0.006000000052154064,0.017500000074505806,0.023499999195337296,-0.0002500000118743628,0.0,0.0,0.0002500000118743628,-0.8428373336791992,-0.097439244389534,-0.5596297979354858,0.8472397327423096,-0.03569271
132,4532,-0.16619600770232631,-0.3579573496634238,-0.04719600770232632,0.17004265033657623,0.17647086466758521,0.5889508213352762,0.8514865636825562,0.5682154297828674,-1.0,0.8860465288162231,0.3084745705127716,0.0062500000931322575,-0.08512499928474426,0.11625000089406967,0.390625,5.139000131748617e-05,6.851999933132902e-05,0.0,0.0,0.010499999858438969,0.0,0.010499999858438969,0.0,0.0005000000237487257,-0.0002500000118743628,-0.0002500000118743628,-0.42203590273857117,0.7636270523071289,-0.7750654220581055,-0.7957226037979126,-0.23649459
133,4533,-0.16412767097146125,-0.35594548136160487,-0.04512767097146125,0.17205451863839516,0.17787429289022721,0.58647638342131,0.7762883305549622,0.5966824293136597,-1.0,0.8860465288162231,0.3084745705127716,-0.001500000013038516,-0.07050000131130219,0.1198749989271164,0.3942500054836273,0.0,0.0,0.00011991000064881518,7.994000043254346e-05,0.0,0.017500000074505806,0.017500000074505806,-0.0002500000118743628,-0.0002500000118743628,0.0,0.0,0.11644197255373001,0.6000603437423706,-0.14891785383224487,-0.3637373149394989,-0.010026963
134,4534,-0.14002246116462824,-0.3626301489606299,-0.021022461164628248,0.16536985103937013,0.16670072437215674,0.6064686917506796,0.7810984253883362,0.6000924110412598,-1.0,0.8860465288162231,0.3084745705127716,0.0021250001154839993,-0.05950000137090683,0.1172500029206276,0.3876250088214874,0.0,2.8550000934046693e-05,0.0,0.0,0.0024999999441206455,0.0,0.0024999999441206455,0.0,0.0002500000118743628,-0.0002500000118743628,-0.0002500000118743628,-0.6278730630874634,0.8956112265586853,-0.9266939163208008,0.9584550857543945,-0.23454805
135,4535,-0.13835943651985538,-0.3621664402354763,-0.01935943651985539,0.16583355976452374,0.1669597476236119,0.6059976063301715,0.8371570706367493,0.5887624621391296,-1.0,0.8860465288162231,0.3084745705127716,0.004625000059604645,-0.045249998569488525,0.12087500095367432,0.40549999475479126,8.565000462112948e-05,0.00010278000263497233,0.0001256200048374012,-8.565000462112948e-05,0.016499999910593033,0.01850000023841858,0.03500000014901161,0.0024999999441206455,0.005249999929219484,0.0,-0.0002500000118743628,0.08333294838666916,-0.2724795937538147,0.7858637571334839,0.15800273418426514,0.0
136,4536,-0.10578182391387658,-0.3710726710439398,0.013218176086123412,0.1569273289560602,0.15748303639543942,0.6234734423809354,0.8410245776176453,0.5895484089851379,-1.0,0.8860465288162231,0.3084745705127716,0.004625000059604645,-0.048250000923871994,0.1352500021457672,0.40825000405311584,0.00010278000263497233,7.994000043254346e-05,0.0001256200048374012,2.8550000934046693e-05,0.01600000075995922,0.013500000350177288,0.029500000178813934,0.005499999970197678,0.0012499999720603228,0.0005000000237487257,0.0,-0.8207052946090698,-0.8623635172843933,0.7045812606811523,0.14945940673351288,-0.0060648723
137,4537,-0.13592594571074046,-0.3628093421676287,-0.016925945710740464,0.1651906578323713,0.16605553611155066,0.6076436879655189,0.9167864322662354,0.5744531154632568,-1.0,0.8860465288162231,0.3084745705127716,-0.00800000037997961,-0.06362500041723251,0.14862500131130219,0.41187500953674316,0.0,0.0,0.0001256200048374012,7.423000351991504e-05,0.0,0.017500000074505806,0.017500000074505806,0.0,-0.0002500000118743628,0.0,0.0002500000118743628,0.9485501050949097,-0.7838520407676697,0.5026599168777466,-0.3785640597343445,-0.11806225
138,4538,-0.1269616681077585,-0.36758336312242373,-0.007961668107758502,0.1604166368775763,0.16061408887818734,0.6176444772236807,0.8466838598251343,0.5884587168693542,-1.0,0.8860465288162231,0.3084745705127716,0.008999999612569809,-0.060750000178813934,0.15787500143051147,0.4050000011920929,7.994000043254346e-05,7.994000043254346e-05,0.0001256200048374012,0.0,0.014000000432133675,0.010999999940395355,0.02500000037252903,0.001500000013038516,0.001500000013038516,0.0002500000118743628,0.0,0.778982400894165,-0.3818073272705078,0.7665512561798096,0.6419644355773926,0.0
139,4539,-0.1357062952146071,-0.3638097667758255,-0.016706295214607092,0.16419023322417453,0.16503797437561585,0.6095014670280161,0.8675310015678406,0.5803672075271606,-1.0,0.8860465288162231,0.3084745705127716,0.01887499913573265,-0.06849999725818634,0.171875,0.4169999957084656,0.00016558999777771533,8.565000462112948e-05,0.00013133000175002962,0.0,0.02199999988079071,0.011500000022351742,0.03350000083446503,0.01075000036507845,0.002749999985098839,0.000750000006519258,0.0,-0.7106688618659973,-0.8552403450012207,-0.9639865159988403,-0.9225999712944031,-0.13471201
140,4540,-0.13543572165908024,-0.36399376389220095,-0.01643572165908025,0.16400623610779907,0.16482772348334457,0.6098860329801179,0.8471946716308594,0.5867630839347839,-1.0,0.8860465288162231,0.3084745705127716,0.010999999940395355,-0.08312500268220901,0.15424999594688416,0.42087501287460327,0.0,0.0,0.0,5.7100000958598685e-06,0.0,0.0005000000237487257,0.0005000000237487257,0.0,0.0,0.0,-0.0002500000118743628,-0.7271102666854858,-0.33788585662841797,-0.8503658771514893,-0.8674378395080566,-0.42993602
141,4541,-0.11779593684658005,-0.37097379722302964,0.0012040631534199486,0.15702620277697038,0.15703081903445465,0.6243198529377121,0.8478239178657532,0.5864512324333191,-1.0,0.8860465288162231,0.3084745705127716,0.014624999836087227,-0.0793749988079071,0.15787500143051147,0.4244999885559082,7.423000351991504e-05,0.0,0.00011420000373618677,3.997000021627173e-05,0.006500000134110451,0.013500000350177288,0.019999999552965164,0.0002500000118743628,0.0,0.0002500000118743628,0.0,-0.8751602172851562,-0.9975430369377136,0.7992454767227173,0.9550968408584595,-0.14370517
142,4542,-0.09118383745422126,-0.3739011309106531,0.027816162545778733,0.15409886908934695,0.1565892727915577,0.6251473991728946,0.8888466358184814,0.5746206641197205,-1.0,0.8860465288162231,0.3084745705127716,-0.001500000013038516,-0.07575000077486038,0.17287500202655792,0.4424999952316284,1.1420000191719737e-05,7.423000351991504e-05,0.0,0.0,0.007499999832361937,0.0,0.007499999832361937,-0.0002500000118743628,0.0002500000118743628,0.0,-0.0002500000118743628,-0.6026730537414551,0.16600869596004486,0.9864871501922607,-0.5889915227890015,-0.09467899
143,4543,-0.10656121798152593,-0.3691418828496989,0.012438782018474065,0.15885811715030113,0.15934435880394987,0.6200016892116142,0.9507352709770203,0.5696591138839722,-1.0,0.8860465288162231,0.3084745705127716,-0.012875000014901161,-0.07249999791383743,0.19112500548362732,0.44587498903274536,0.0,0.0,0.0001256200048374012,8.565000462112948e-05,0.0,0.01850000023841858,0.01850000023841858,0.0,-0.0002500000118743628,0.0002500000118743628,0.0005000000237487257,-0.4197643995285034,0.2652025520801544,-0.014126389287412167,-0.5832447409629822,-0.07437173
144,4544,-0.09852031834032793,-0.37135513458707037,0.020479681659672067,0.15664486541292966,0.15797794536300425,0.6225484414447281,0.9149739146232605,0.5777256488800049,-1.0,0.8860465288162231,0.3084745705127716,-0.00912499986588955,-0.0677499994635582,0.19099999964237213,0.43537500500679016,2.2840000383439474e-05,7.423000351991504e-05,0.0,0.0,0.008500000461935997,0.0,0.008500000461935997,0.0,0.0,0.0,-0.0002500000118743628,-0.9188209772109985,-0.9136736392974854,-0.37385427951812744,0.028267603367567062,-0.22372894
145,4545,-0.09828815999830331,-0.3716137095612801,0.02071184000169668,0.15638629043871993,0.15775186893802415,0.62297081523973,0.9336736798286438,0.5739743709564209,-1.0,0.8860465288162231,0.3084745705127716,-0.005249999929219484,-0.08487500250339508,0.19462500512599945,0.4388749897480011,0.0,0.0,0.00011991000064881518,7.994000043254346e-05,0.0,0.017500000074505806,0.017500000074505806,-0.0002500000118743628,0.0,0.0002500000118743628,0.0002500000118743628,-0.5714704990386963,-0.35409656167030334,-0.16131626069545746,0.08023834228515625,-0.15906805
146,4546,-0.11911575972759234,-0.36776258447848975,-0.00011575972759234054,0.16023741552151027,0.16023745733544223,0.6183427448107651,0.9342135787010193,0.5735360980033875,-1.0,0.8860465288162231,0.3084745705127716,-0.001500000013038516,-0.08112499862909317,0.19187499582767487,0.4403750002384186,0.0,0.0,0.0,7.994000043254346e-05,0.0,0.007000000216066837,0.007000000216066837,-0.0002500000118743628,0.0,-0.0002500000118743628,0.0002500000118743628,0.9140686392784119,0.6409530639648438,0.11163187772035599,0.33064335584640503,-0.010604175
147,4547,-0.11876193426104642,-0.3675939991658534,0.00023806573895357452,0.16040600083414663,0.16040617749606875,0.6180298433449437,0.8857772946357727,0.5800634026527405,-1.0,0.8860465288162231,0.3084745705127716,0.012749999761581421,-0.07137499749660492,0.195250004529953,0.4465000033378601,0.00010278000263497233,9.13600015337579e-05,0.00011991000064881518,7.994000043254346e-05,0.017000000923871994,0.017500000074505806,0.03449999913573265,0.005499999970197678,0.0044999998062849045,0.0005000000237487257,0.0002500000118743628,-0.15132580697536469,0.042802393436431885,0.04959171637892723,-0.560774028301239,0.0
148,4548,-0.12074116964432902,-0.3676869519811275,-0.0017411696443290214,0.16031304801887253,0.16032250321408925,0.6181850024285177,0.886600136756897,0.5803491473197937,-1.0,0.8860465288162231,0.3084745705127716,0.012625000439584255,-0.07137499749660492,0.19599999487400055,0.4362500011920929,6.851999933132902e-05,0.00010848999954760075,0.0001256200048374012,0.0,0.01549999974668026,0.010999999940395355,0.026499999687075615,0.0002500000118743628,0.006000000052154064,0.000750000006519258,-0.0002500000118743628,0.5056595802307129,0.3593675494194031,0.03717907518148422,0.7741011381149292,0.0
149,4549,-0.11891855974447085,-0.3679753154471832,8.144025552914158e-05,0.16002468455281682,0.16002470527622836,0.6187375318617755,0.881997287273407,0.5801916122436523,-1.0,0.8860465288162231,0.3084745705127716,0.016499999910593033,-0.0676250010728836,0.1965000033378601,0.4506250023841858,0.0001827200030675158,0.0001827200030675158,0.00013133000175002962,0.0,0.03200000151991844,0.011500000022351742,0.04349999874830246,0.011250000447034836,0.011749999597668648,0.0010000000474974513,0.0,0.40809571743011475,0.6292630434036255,0.22915825247764587,-0.8473833799362183,-0.12568602
150,4550,-0.12408998206811081,-0.36780266003634793,-0.0050899820681108154,0.1601973399636521,0.16027818207380445,0.6182672038859339,0.8862358927726746,0.5797028541564941,-1.0,0.8860465288162231,0.3084745705127716,0.017875000834465027,-0.06424999982118607,0.20024999976158142,0.4542500078678131,0.00041112001053988934,0.0005367400008253753,0.0001827200030675158,7.994000043254346e-05,0.08299999684095383,0.023000000044703484,0.10599999874830246,0.023749999701976776,0.02850000001490116,0.0020000000949949026,0.0002500000118743628,0.628239095211029,0.4885691702365875,-0.9386165142059326,-0.6082441210746765,0.0
151,4551,-0.12853165049094142,-0.3660086535565709,-0.009531650490941429,0.1619913464434291,0.1622715276431344,0.6145809761850421,0.8742093443870544,0.5799955129623413,-1.0,0.8860465288162231,0.3084745705127716,0.023125000298023224,-0.060874998569488525,0.18337500095367432,0.4429999887943268,0.000799400033429265,0.0008964700391516089,0.00013133000175002962,0.0,0.148499995470047,0.011500000022351742,0.1599999964237213,0.03674999997019768,0.03999999910593033,0.000750000006519258,0.0,-0.8249386548995972,0.9255616664886475,-0.8782192468643188,0.4222102761268616,0.0
152,4552,-0.12477031727080717,-0.3660629694547999,-0.005770317270807179,0.16193703054520014,0.16203980505790191,0.6150083615980187,0.8638798594474792,0.5830361843109131,-1.0,0.8860465288162231,0.3084745705127716,0.01899999938905239,-0.05037499964237213,0.1667499989271164,0.45100000500679016,0.0002169799990952015,0.0013704000739380717,0.0001484600070398301,1.7129999832832254e-05,0.13899999856948853,0.014499999582767487,0.1535000056028366,0.01425000000745058,0.05350000038743019,0.0012499999720603228,-0.0002500000118743628,0.8652808666229248,-0.831791877746582,0.7648586630821228,0.055280622094869614,-0.017366325
153,4553,-0.12107591935886608,-0.3660399207159117,-0.002075919358866085,0.16196007928408834,0.16197338276054093,0.6151309246138096,0.8726271986961365,0.5829440951347351,-1.0,0.8860465288162231,0.3084745705127716,0.01912499964237213,-0.05050000175833702,0.179749995470047,0.4546250104904175,0.0011420000810176134,0.0003768599999602884,0.0003026300109922886,8.565000462112948e-05,0.13300000131130219,0.03400000184774399,0.16699999570846558,0.04625000059604645,0.022749999538064003,0.0037499999161809683,0.0,0.1439095437526703,0.5131959319114685,0.8170146942138672,-0.24058425426483154,0.0
154,4554,-0.12456092629612348,-0.3660610024429938,-0.005560926296123481,0.16193899755700625,0.16203444951935064,0.6150182427803669,0.8812187910079956,0.5829831957817078,-1.0,0.8860465288162231,0.3084745705127716,0.01899999938905239,-0.0507499985396862,0.19449999928474426,0.4502499997615814,0.0013361400924623013,0.0009364400175400078,0.00037115000304766,-8.565000462112948e-05,0.19900000095367432,0.03999999910593033,0.23899999260902405,0.051750000566244125,0.042249999940395355,0.004749999847263098,-0.0002500000118743628,-0.4286515414714813,-0.12943008542060852,-0.7781990766525269,0.3111717104911804,0.0
155,4555,-0.1292235400230422,-0.3661243843725104,-0.01022354002304221,0.16187561562748964,0.1621981371822177,0.6147163042255149,0.8731141090393066,0.5829474329948425,-1.0,0.8860465288162231,0.3084745705127716,0.01912499964237213,-0.05062500014901161,0.18199999630451202,0.4557499885559082,0.0007365900091826916,0.0007822700426913798,0.00014275001012720168,7.994000043254346e-05,0.13300000131130219,0.019500000402331352,0.1525000035762787,0.03550000116229057,0.03725000098347664,0.000750000006519258,0.0002500000118743628,0.39089149236679077,0.9287150502204895,-0.8461006879806519,-0.3252147138118744,-0.055722907
156,4556,-0.1276829130919831,-0.3670027443443592,-0.008682913091983102,0.16099725565564083,0.16123122932115447,0.6165020149806932,0.8622708320617676,0.5828400254249573,-1.0,0.8860465288162231,0.3084745705127716,0.020999999716877937,-0.048500001430511475,0.16625000536441803,0.44987499713897705,0.0011020300444215536,0.0012390700867399573,0.00014275001012720168,-3.425999966566451e-05,0.20499999821186066,0.01549999974668026,0.22050000727176666,0.04625000059604645,0.05025000125169754,0.000750000006519258,0.0,0.8690739274024963,-0.9367040395736694,0.32370325922966003,0.2824539840221405,0.0
157,4557,-0.12395467951426486,-0.36692545514166264,-0.00495467951426487,0.1610745448583374,0.16115073021990814,0.6166509165339988,0.8658536672592163,0.5813512802124023,-1.0,0.8860465288162231,0.3084745705127716,0.02462499961256981,-0.051500000059604645,0.17087499797344208,0.45487499237060547,0.0022097700275480747,0.00033117999555543065,0.0003026300109922886,9.13600015337579e-05,0.2224999964237213,0.03449999913573265,0.25699999928474426,0.07150000333786011,0.021250000223517418,0.0035000001080334187,0.0005000000237487257,0.664397120475769,0.7505170106887817,0.7671912312507629,-0.9057859778404236,-0.04467938
158,4558,-0.12466713512786715,-0.3668279711402891,-0.005667135127867151,0.16117202885971094,0.16127163206005263,0.6164272943993345,0.8745239973068237,0.5814822912216187,-1.0,0.8860465288162231,0.3084745705127716,0.02449999935925007,-0.051750000566244125,0.18449999392032623,0.43849998712539673,0.002660860074684024,0.0011933899950236082,0.00042254000436514616,-8.565000462112948e-05,0.3375000059604645,0.04450000077486038,0.38199999928474426,0.08250000327825546,0.04975000023841858,0.004999999888241291,-0.0005000000237487257,-0.335802286863327,-0.2041701078414917,-0.16714966297149658,-0.7238378524780273,-0.016419772
159,4559,-0.1260849562814348,-0.3666628244714068,-0.0070849562814347955,0.16133717552859322,0.16149266488931918,0.616018677884049,0.8728671073913574,0.581647515296936,-1.0,0.8860465288162231,0.3084745705127716,0.02449999935925007,-0.051750000566244125,0.18337500095367432,0.42512500286102295,0.0018100700108334422,0.0009535700082778931,0.0001484600070398301,-8.565000462112948e-05,0.24199999868869781,0.020500000566244125,0.26249998807907104,0.0637499988079071,0.042249999940395355,0.0010000000474974513,-0.000750000006519258,-0.9437248110771179,0.06433957070112228,-0.2870814800262451,-0.6703916192054749,0.0
160,4560,-0.1281268759103106,-0.3660488182141441,-0.009126875910310611,0.16195118178585594,0.1622081537584272,0.6146978324449268,0.8695698976516724,0.5819274187088013,-1.0,0.8860465288162231,0.3084745705127716,0.02449999935925007,-0.051750000566244125,0.17800000309944153,0.41225001215934753,0.0005196100100874901,0.0010163800325244665,0.00014275001012720168,0.0,0.13449999690055847,0.012500000186264515,0.1469999998807907,0.02850000001490116,0.04450000077486038,0.0010000000474974513,0.0,-0.9163807034492493,-0.5769725441932678,-0.45560091733932495,0.08888253569602966,-0.013334096
161,4561,-0.13209324992295438,-0.36594284846406794,-0.01309324992295438,0.1620571515359321,0.16258521936967396,0.614002881340508,0.864821195602417,0.5829681158065796,-1.0,0.8860465288162231,0.3084745705127716,0.018124999478459358,-0.05087500065565109,0.16975000500679016,0.41587498784065247,0.00011991000064881518,0.00034260001848451793,0.00011991000064881518,7.423000351991504e-05,0.04050000011920929,0.017000000923871994,0.057500001043081284,0.007000000216066837,0.021250000223517418,0.0005000000237487257,0.0002500000118743628,0.7436578273773193,0.8251168131828308,-0.7916629910469055,-0.686968207359314,0.0
162,4562,-0.1271438891695139,-0.3639061723260407,-0.008143889169513918,0.1640938276739593,0.16429579182528192,0.6108600630157905,0.8555970788002014,0.5831477046012878,-1.0,0.8860465288162231,0.3084745705127716,0.019625000655651093,-0.04675000160932541,0.1548749953508377,0.40312498807907104,0.000616680015809834,0.0009878299897536635,0.0001256200048374012,0.0,0.1404999941587448,0.010999999940395355,0.15150000154972076,0.03175000101327896,0.04374999925494194,0.000750000006519258,0.0,-0.9354776740074158,0.4073924124240875,0.779474139213562,-0.9210072755813599,-0.13452089
163,4563,-0.12569707903281396,-0.3600182992704034,-0.0066970790328139684,0.16798170072959662,0.16811514699032779,0.6039007347639453,0.8671072125434875,0.5865997076034546,-1.0,0.8860465288162231,0.3084745705127716,0.011874999850988388,-0.042750000953674316,0.16887499392032623,0.40674999356269836,0.0001827200030675158,0.0012562000192701817,0.00017701000615488738,7.994000043254346e-05,0.12600000202655792,0.02250000089406967,0.148499995470047,0.012249999679625034,0.050999999046325684,0.0017500000540167093,0.0002500000118743628,-0.9065074920654297,0.4258614480495453,-0.04072641581296921,0.1808701902627945,0.0
164,4564,-0.1280570250461699,-0.35991159598951455,-0.009057025046169898,0.16808840401048547,0.16833223477836662,0.60350756438246,0.8704718947410583,0.5931892991065979,-1.0,0.8860465288162231,0.3084745705127716,-0.004999999888241291,-0.02812499925494194,0.16875000298023224,0.4099999964237213,0.0001827200030675158,0.000770850048866123,0.00011991000064881518,7.994000043254346e-05,0.08349999785423279,0.017500000074505806,0.10100000351667404,0.012249999679625034,0.03750000149011612,0.0005000000237487257,0.0005000000237487257,-0.05810981243848801,-0.9210910201072693,-0.30201297998428345,0.9243127107620239,0.0
165,4565,-0.13385250663196874,-0.35974095695412256,-0.014852506631968743,0.16825904304587747,0.1689132988250692,0.6024564511520635,0.8649836778640747,0.5933701992034912,-1.0,0.8860465288162231,0.3084745705127716,-0.004875000100582838,-0.029500000178813934,0.16337500512599945,0.42762500047683716,0.0001598800008650869,0.00010278000263497233,0.0001256200048374012,0.0,0.023000000044703484,0.010999999940395355,0.03400000184774399,0.009999999776482582,0.005750000011175871,0.0,-0.0002500000118743628,-0.0056309327483177185,0.5955438017845154,-0.9448755383491516,-0.8936590552330017,-0.13123909
166,4566,-0.12980302419751105,-0.35706940897002587,-0.010803024197511057,0.17093059102997415,0.1712716330326429,0.5982091128617885,0.8515058159828186,0.5936594009399414,-1.0,0.8860465288162231,0.3084745705127716,-0.004875000100582838,-0.025624999776482582,0.14562499523162842,0.4312500059604645,0.0001541700039524585,0.00032546999864280224,0.0001256200048374012,7.994000043254346e-05,0.041999999433755875,0.017999999225139618,0.05999999865889549,0.009999999776482582,0.020250000059604645,0.0002500000118743628,0.0,-0.7614257335662842,0.6317905187606812,0.3697126507759094,0.7822321653366089,0.0
167,4567,-0.13496147097648917,-0.35607049757944814,-0.015961470976489173,0.17192950242055188,0.1726688227744426,0.5957069256628554,0.860923171043396,0.5981874465942383,-1.0,0.8860465288162231,0.3084745705127716,-0.017374999821186066,-0.015375000424683094,0.15187500417232513,0.44587498903274536,0.00010848999954760075,0.0003825699968729168,0.00016558999777771533,0.0,0.0430000014603138,0.014499999582767487,0.057500001043081284,0.006500000134110451,0.023250000551342964,0.001500000013038516,0.0,0.1537397801876068,-0.07618031650781631,-0.8167861104011536,0.2458498626947403,0.0
168,4568,-0.1309416249163407,-0.3548693845761706,-0.01194162491634071,0.1731306154238294,0.17354196150405954,0.5941485631889477,0.8489267826080322,0.5998805165290833,-1.0,0.8860465288162231,0.3084745705127716,-0.017124999314546585,-0.013500000350177288,0.13725000619888306,0.4502499997615814,0.00016558999777771533,0.00028550002025440335,0.0001256200048374012,7.994000043254346e-05,0.039500001817941666,0.017999999225139618,0.057500001043081284,0.011749999597668648,0.016750000417232513,0.0002500000118743628,0.0002500000118743628,-0.729697585105896,0.23428872227668762,0.3956896960735321,0.38399213552474976,0.0
169,4569,-0.14768437445870325,-0.3460101680565454,-0.028684374458703255,0.18198983194345464,0.18423651176923095,0.575388660449033,0.858275294303894,0.6019163131713867,-1.0,0.8860465288162231,0.3084745705127716,-0.026374999433755875,-0.00774999987334013,0.1445000022649765,0.45750001072883606,8.565000462112948e-05,0.00019985000835731626,0.00013133000175002962,7.423000351991504e-05,0.02500000037252903,0.017999999225139618,0.0430000014603138,0.003000000026077032,0.014000000432133675,0.0005000000237487257,0.0,-0.7504366636276245,-0.8533947467803955,-0.4439774751663208,0.6421606540679932,0.0
170,4570,-0.1307567716702752,-0.35478682464602257,-0.011756771670275196,0.17321317535397746,0.17361170984790952,0.5940242535601375,0.8193386793136597,0.6169319152832031,-1.0,0.8860465288162231,0.3084745705127716,-0.038874998688697815,-0.016750000417232513,0.13650000095367432,0.46962499618530273,2.8550000934046693e-05,0.0,0.0,0.0,0.0024999999441206455,0.0,0.0024999999441206455,0.0,0.0,0.0,-0.0002500000118743628,0.6372723579406738,-0.7826781868934631,-0.15188762545585632,0.7975518107414246,-0.1601479
171,4571,-0.13675954210577312,-0.3559651485734957,-0.01775954210577313,0.17203485142650432,0.1729491007237278,0.5952062456402096,0.8587051630020142,0.6020562052726746,-1.0,0.8860465288162231,0.3084745705127716,-0.030500000342726707,-0.015250000171363354,0.14000000059604645,0.484499990940094,0.0001256200048374012,9.707000572234392e-05,0.0001256200048374012,0.0,0.019500000402331352,0.010999999940395355,0.030500000342726707,0.007000000216066837,0.0044999998062849045,0.0005000000237487257,-0.0002500000118743628,0.5587760806083679,-0.2469434291124344,-0.7465589046478271,-0.6943376660346985,-0.107320525
172,4572,-0.13802128941413888,-0.3580621482066103,-0.019021289414138887,0.16993785179338972,0.17099907287213145,0.5986984568134859,0.8447452783584595,0.6000590920448303,-1.0,0.8860465288162231,0.3084745705127716,-0.0215000007301569,-0.01862500049173832,0.1263750046491623,0.4880000054836273,0.0001484600070398301,7.994000043254346e-05,0.0001256200048374012,7.994000043254346e-05,0.019999999552965164,0.017999999225139618,0.03799999877810478,0.009750000201165676,0.0020000000949949026,0.0,0.0002500000118743628,0.9677842259407043,0.534939169883728,0.030098404735326767,0.13627946376800537,0.0
173,4573,-0.13887379467731994,-0.3566055695622624,-0.01987379467731995,0.1713944304377376,0.17254280193607832,0.5959321826993677,0.841810941696167,0.596504807472229,-1.0,0.8860465288162231,0.3084745705127716,-0.010625000111758709,-0.017374999821186066,0.12662500143051147,0.49050000309944153,0.00041683000745251775,0.0003026300109922886,0.00014275001012720168,7.994000043254346e-05,0.06300000101327896,0.019500000402331352,0.08250000327825546,0.024250000715255737,0.019500000402331352,0.0005000000237487257,0.0002500000118743628,-0.6146177053451538,0.93135005235672,-0.37371182441711426,0.24994760751724243,0.0
174,4574,-0.14223677868743337,-0.3534115469820925,-0.023236778687433374,0.17458845301790754,0.17612800972859163,0.5895569070748338,0.839828372001648,0.5989736318588257,-1.0,0.8860465288162231,0.3084745705127716,-0.015250000171363354,-0.00937500037252903,0.1197500005364418,0.49524998664855957,0.0001541700039524585,0.0008336600149050355,0.00013133000175002962,7.423000351991504e-05,0.08649999648332596,0.017999999225139618,0.10450000315904617,0.010499999858438969,0.03824999928474426,0.0002500000118743628,0.0,-0.7793198823928833,0.07394630461931229,-0.9049919247627258,-0.6922317743301392,-0.107067816
175,4575,-0.14795759723744062,-0.35252044277292766,-0.028957597237440624,0.17547955722707237,0.1778527971170968,0.5865142049306539,0.8320074677467346,0.6043872237205505,-1.0,0.8860465288162231,0.3084745705127716,-0.026624999940395355,0.0022499999031424522,0.10275000333786011,0.49900001287460327,9.13600015337579e-05,0.0002797899942379445,0.00011991000064881518,7.994000043254346e-05,0.032499998807907104,0.017500000074505806,0.05000000074505806,0.0042500002309679985,0.017750000581145287,0.0005000000237487257,0.0,-0.15468011796474457,-0.7688818573951721,-0.6948431730270386,-0.196236252784729,0.0
176,4576,-0.1460396648762464,-0.35506530438256106,-0.0270396648762464,0.17293469561743896,0.175035860396994,0.5914917275593079,0.8187032341957092,0.6058975458145142,-1.0,0.8860465288162231,0.3084745705127716,-0.02762500010430813,-0.0036249998956918716,0.09012500196695328,0.49562498927116394,7.994000043254346e-05,7.423000351991504e-05,0.0,-7.994000043254346e-05,0.013500000350177288,0.007000000216066837,0.020500000566244125,0.0005000000237487257,0.000750000006519258,-0.0002500000118743628,-0.0005000000237487257,0.8200697898864746,-0.07920795679092407,0.015733538195490837,-0.9316896200180054,-0.022111978
177,4577,-0.1421083959320154,-0.3534117354091141,-0.023108395932015413,0.17458826459088594,0.17611093122065985,0.5895871141056048,0.8231635689735413,0.601584255695343,-1.0,0.8860465288162231,0.3084745705127716,-0.01899999938905239,-0.005625000223517418,0.09362500160932541,0.4778749942779541,0.00021127000218257308,7.994000043254346e-05,0.00013133000175002962,7.994000043254346e-05,0.025499999523162842,0.01850000023841858,0.04399999976158142,0.014000000432133675,0.0020000000949949026,0.0002500000118743628,0.0002500000118743628,-0.6092681884765625,0.9154758453369141,0.684374988079071,-0.6319360733032227,0.0
178,4578,-0.1453171926684136,-0.35122959572452667,-0.02631719266841359,0.17677040427547336,0.1787186908458673,0.5849926051861553,0.8323060274124146,0.6043868660926819,-1.0,0.8860465288162231,0.3084745705127716,-0.026374999433755875,0.0010000000474974513,0.10599999874830246,0.4663749933242798,0.00010848999954760075,0.0003882800228893757,0.00014275001012720168,0.0,0.04349999874830246,0.012500000186264515,0.0560000017285347,0.006000000052154064,0.023000000044703484,0.0010000000474974513,-0.0002500000118743628,-0.5148090720176697,-0.26296547055244446,-0.7185355424880981,-0.4510709345340729,-0.078128524
179,4579,-0.14196416377734736,-0.35005055366102716,-0.022964163777347363,0.17794944633897286,0.17942507703868993,0.5837542257132228,0.8248437643051147,0.6080854535102844,-1.0,0.8860465288162231,0.3084745705127716,-0.03337499871850014,0.004999999888241291,0.09324999898672104,0.4699999988079071,7.994000043254346e-05,9.13600015337579e-05,0.0,7.994000043254346e-05,0.014999999664723873,0.007000000216066837,0.02199999988079071,0.000750000006519258,0.005249999929219484,-0.0002500000118743628,0.0,-0.5615849494934082,-0.038305290043354034,0.10899639874696732,0.8814488649368286,-0.010920433
180,4580,-0.14285230625728698,-0.34985400160259605,-0.023852306257286987,0.17814599839740397,0.17973572059776896,0.583210460657337,0.8326414823532104,0.610083818435669,-1.0,0.8860465288162231,0.3084745705127716,-0.04362500086426735,0.005750000011175871,0.09674999862909317,0.48662498593330383,6.851999933132902e-05,7.994000043254346e-05,0.0001256200048374012,0.0,0.013000000268220901,0.010999999940395355,0.024000000208616257,0.0002500000118743628,0.0024999999441206455,0.0002500000118743628,-0.0002500000118743628,-0.21534284949302673,-0.6758108139038086,-0.7083760499954224,0.7019203901290894,0.0
181,4581,-0.14476172925079253,-0.35394132198649986,-0.025761729250792537,0.17405867801350017,0.17595479557488186,0.5898633454893123,0.8305760025978088,0.6104169487953186,-1.0,0.8860465288162231,0.3084745705127716,-0.04749999940395355,-0.005625000223517418,0.08362500369548798,0.4997499883174896,0.0,0.0,0.0,0.0,0.0,0.0,0.0,0.0,0.0,0.0,-0.0002500000118743628,0.9965269565582275,-0.7637894749641418,-0.48197001218795776,-0.7126281261444092,-0.3070065
182,4582,-0.14670094966079522,-0.3520661749379492,-0.027700949660795227,0.17593382506205085,0.1781012448386429,0.5860772134515819,0.826135516166687,0.6034892797470093,-1.0,0.8860465288162231,0.3084745705127716,-0.030750000849366188,-0.0032500000670552254,0.0872500017285347,0.5033749938011169,9.13600015337579e-05,8.565000462112948e-05,0.0001256200048374012,2.8550000934046693e-05,0.01549999974668026,0.013500000350177288,0.028999999165534973,0.0037499999161809683,0.002749999985098839,0.0002500000118743628,0.0,-0.11713240295648575,0.839089035987854,-0.16693057119846344,-0.4253591001033783,0.0
183,4583,-0.14492576933224233,-0.3520058087111495,-0.025925769332242332,0.17599419128885052,0.17789350995155823,0.5864425733380267,0.8216257095336914,0.6066675186157227,-1.0,0.8860465288162231,0.3084745705127716,-0.03175000101327896,0.00712500000372529,0.08412499725818634,0.4957500100135803,7.994000043254346e-05,0.00019985000835731626,0.0001256200048374012,0.0,0.02449999935925007,0.010999999940395355,0.03550000116229057,0.001500000013038516,0.013249999843537807,0.0002500000118743628,-0.0005000000237487257,0.8212945461273193,-0.20889264345169067,0.5475577712059021,-0.3470184803009033,-0.065642215
184,4584,-0.14228672657027017,-0.35333510094634724,-0.023286726570270172,0.1746648990536528,0.1762103816345145,0.5894112362960873,0.8257540464401245,0.6067698001861572,-1.0,0.8860465288162231,0.3084745705127716,-0.02837499976158142,0.006624999921768904,0.09387499839067459,0.49937498569488525,0.0004510900180321187,0.00011420000373618677,0.0001598800008650869,0.0,0.0494999997317791,0.014000000432133675,0.06350000202655792,0.025499999523162842,0.006500000134110451,0.0012499999720603228,-0.0002500000118743628,0.98811936378479,0.9772177934646606,0.4727942645549774,0.30852198600769043,0.0
185,4585,-0.1394587911810894,-0.35381644091788533,-0.020458791181089397,0.1741835590821147,0.17538094078634645,0.5908797078210472,0.8318913578987122,0.6045168042182922,-1.0,0.8860465288162231,0.3084745705127716,-0.023125000298023224,0.007249999791383743,0.10187499970197678,0.5048750042915344,0.0013646900188177824,0.000925020023714751,0.00022269001055974513,7.994000043254346e-05,0.2004999965429306,0.026499999687075615,0.22699999809265137,0.052000001072883606,0.041749998927116394,0.002749999985098839,0.0002500000118743628,-0.7323505878448486,-0.5387356281280518,0.5794316530227661,-0.7734782695770264,0.0
186,4586,-0.1461929947843232,-0.35510273323317015,-0.027192994784323216,0.17289726676682987,0.17502263802371557,0.591515190797903,0.8384679555892944,0.6037009358406067,-1.0,0.8860465288162231,0.3084745705127716,-0.023250000551342964,0.007000000216066837,0.11275000125169754,0.4906249940395355,0.00044538002111949027,0.00037115000304766,0.00022269001055974513,0.0,0.07150000333786011,0.019500000402331352,0.09099999815225601,0.02500000037252903,0.02225000038743019,0.0024999999441206455,-0.0002500000118743628,0.5230414271354675,-0.8772305846214294,-0.9039843678474426,-0.7889838814735413,-0.11867807
187,4587,-0.15312667517137463,-0.35824605903068424,-0.03412667517137463,0.1697539409693158,0.1731503116741823,0.5948470680136181,0.8228070139884949,0.6015207767486572,-1.0,0.8860465288162231,0.3084745705127716,-0.014875000342726707,-0.0028750000055879354,0.09687499701976776,0.49424999952316284,0.0005139000131748617,0.00014275001012720168,0.00013133000175002962,7.994000043254346e-05,0.057500001043081284,0.01850000023841858,0.07599999755620956,0.02775000035762787,0.00925000011920929,0.0005000000237487257,0.0,0.25976088643074036,-0.9974745512008667,-0.9862149953842163,0.19093303382396698,0.0
188,4588,-0.14699367615872916,-0.3612218135344067,-0.027993676158729164,0.16677818646559334,0.1691112337653298,0.6020988158003648,0.8066821694374084,0.5961931347846985,-1.0,0.8860465288162231,0.3084745705127716,-0.0011249999515712261,-0.0182499997317791,0.07862500101327896,0.49775001406669617,0.0001484600070398301,8.565000462112948e-05,0.0001256200048374012,7.423000351991504e-05,0.020500000566244125,0.017500000074505806,0.03799999877810478,0.009750000201165676,0.002749999985098839,0.0002500000118743628,0.0,0.004106110893189907,-0.8329874277114868,0.7144315242767334,0.24479229748249054,0.0
189,4589,-0.1470065139989925,-0.36100865599142967,-0.02800651399899251,0.16699134400857035,0.16932357721287503,0.6017153827276526,0.8209449648857117,0.5911494493484497,-1.0,0.8860465288162231,0.3084745705127716,0.0020000000949949026,-0.032749999314546585,0.09212499856948853,0.5023750066757202,8.565000462112948e-05,7.423000351991504e-05,0.0001256200048374012,0.0,0.014000000432133675,0.010999999940395355,0.02500000037252903,0.0035000001080334187,0.000750000006519258,0.0,-0.0002500000118743628,-0.8675482273101807,-0.955802857875824,-0.3874638080596924,-0.8425034284591675,-0.12510042
190,4590,-0.1470535040237775,-0.36097363799689763,-0.028053504023777515,0.1670263620031024,0.169365889989701,0.6016390068291633,0.8209151029586792,0.5915107727050781,-1.0,0.8860465288162231,0.3084745705127716,-0.012625000439584255,-0.05025000125169754,0.08487500250339508,0.5059999823570251,6.851999933132902e-05,0.0,0.0,1.7129999832832254e-05,0.006000000052154064,0.001500000013038516,0.007499999832361937,0.0002500000118743628,0.0,0.0,0.0,-0.3264092206954956,-0.3259018659591675,-0.09608889371156693,0.9792541861534119,-0.09863889
191,4591,-0.14305452184317513,-0.3627393440945187,-0.024054521843175136,0.16526065590548134,0.1670021090028916,0.6059205985401764,0.8208057880401611,0.5915700793266296,-1.0,0.8860465288162231,0.3084745705127716,-0.01850000023841858,-0.04650000110268593,0.08874999731779099,0.5242499709129333,0.0,0.0,0.0,0.0,0.0,0.0,0.0,0.0,0.0,-0.0002500000118743628,0.0,0.2678326368331909,0.1884678304195404,0.07593313604593277,-0.6994056701660156,-0.124200575
192,4592,-0.14294181258267025,-0.3628012737100037,-0.023941812582670252,0.16519872628999632,0.16692462238262162,0.6060614671306871,0.8301057815551758,0.588577389717102,-1.0,0.8860465288162231,0.3084745705127716,-0.013500000350177288,-0.04287499934434891,0.0923750028014183,0.5278750061988831,0.0,6.851999933132902e-05,0.00011991000064881518,7.994000043254346e-05,0.006000000052154064,0.017500000074505806,0.023499999195337296,0.0,0.0002500000118743628,0.0,0.0002500000118743628,-0.4173085391521454,-0.5073442459106445,-0.7052876949310303,0.4339616000652313,-0.07407703
193,4593,-0.1451515885040852,-0.3631815586260244,-0.026151588504085194,0.1648184413739756,0.16688026905009962,0.6061421150334142,0.8303678631782532,0.5884724259376526,-1.0,0.8860465288162231,0.3084745705127716,-0.009750000201165676,-0.05225000157952309,0.07925000041723251,0.5361250042915344,1.1420000191719737e-05,0.0,0.0,7.994000043254346e-05,0.0010000000474974513,0.007000000216066837,0.00800000037997961,0.0,0.0,0.0,0.0,0.7915734052658081,0.5998275279998779,0.7964428067207336,0.5215580463409424,0.0
194,4594,-0.144897165248602,-0.3631498690566467,-0.025897165248602,0.16485013094335332,0.16687189349903758,0.6061573455474653,0.8252288699150085,0.5878278613090515,-1.0,0.8860465288162231,0.3084745705127716,0.004625000059604645,-0.04149999842047691,0.09412500262260437,0.5458750128746033,6.851999933132902e-05,7.423000351991504e-05,0.00011420000373618677,0.0,0.012500000186264515,0.009999999776482582,0.02250000089406967,0.000750000006519258,0.000750000006519258,0.0,0.0,-0.7844052314758301,-0.5486879348754883,-0.8913624882698059,0.4792014956474304,0.0
195,4595,-0.14514034665856934,-0.36297820477063647,-0.026140346658569347,0.16502179522936355,0.16707935427260956,0.6057802013081521,0.8258205652236938,0.5878815650939941,-1.0,0.8860465288162231,0.3084745705127716,-0.009750000201165676,-0.051375001668930054,0.07750000059604645,0.5546249747276306,6.851999933132902e-05,0.0,0.0,7.423000351991504e-05,0.006000000052154064,0.006500000134110451,0.012500000186264515,0.0002500000118743628,0.0,0.0,0.0002500000118743628,0.4403800368309021,-0.20380380749702454,0.24450910091400146,-0.6741942167282104,-0.048456464
196,4596,-0.1501045264805181,-0.3606602290663923,-0.03110452648051812,0.16733977093360775,0.17020602369977852,0.6001245445243201,0.8252550363540649,0.5881725549697876,-1.0,0.8860465288162231,0.3084745705127716,-0.0012499999720603228,-0.04774999991059303,0.0820000022649765,0.5421249866485596,0.0,6.851999933132902e-05,0.0,0.0,0.006000000052154064,0.0,0.006000000052154064,-0.0002500000118743628,0.0002500000118743628,0.0,0.0,-0.6544215679168701,0.737896203994751,0.05168146267533302,0.6075959205627441,-0.12032883
197,4597,-0.14958657665698136,-0.3609860435281427,-0.030586576656981362,0.16701395647185735,0.16979163798013394,0.6008710575684739,0.8137103915214539,0.5921013355255127,-1.0,0.8860465288162231,0.3084745705127716,0.0013749999925494194,-0.0351249985396862,0.08562500029802322,0.5536249876022339,7.994000043254346e-05,8.565000462112948e-05,0.00011991000064881518,0.0,0.014499999582767487,0.010499999858438969,0.02500000037252903,0.0020000000949949026,0.0024999999441206455,0.0002500000118743628,-0.0002500000118743628,-0.944826066493988,-0.9540238976478577,-0.7360119819641113,0.1461990624666214,-0.006456113
198,4598,-0.15711970054109545,-0.35633862393892846,-0.03811970054109545,0.17166137606107157,0.17584294014979227,0.5900613169494907,0.8149149417877197,0.5915490984916687,-1.0,0.8860465288162231,0.3084745705127716,-0.015250000171363354,-0.051750000566244125,0.07199999690055847,0.5572500228881836,0.0,1.7129999832832254e-05,0.0,7.994000043254346e-05,0.001500000013038516,0.007000000216066837,0.008500000461935997,0.0,0.0,0.0,0.0,-0.2135394811630249,0.9337890148162842,0.3769829571247101,0.8417130708694458,-0.04962474
199,4599,-0.15705442946222947,-0.35479939779704406,-0.03805442946222948,0.17320060220295597,0.17733185896832637,0.5874315344242723,0.7973960638046265,0.5994260907173157,-1.0,0.8860465288162231,0.3084745705127716,-0.011625000275671482,-0.03412500023841858,0.07900000363588333,0.5730000138282776,3.997000021627173e-05,0.0,0.0,0.0,0.0035000001080334187,0.0,0.0035000001080334187,0.0002500000118743628,-0.0002500000118743628,0.0,0.0,-0.6543958187103271,0.4193631112575531,-0.4088060259819031,0.2383316308259964,-0.07305673
200,4600,-0.12376491014119895,-0.3677763666118786,-0.0047649101411989525,0.1602236333881214,0.1602944698507869,0.6182369940290197,0.7975478172302246,0.6020349264144897,-1.0,0.8860465288162231,0.3084745705127716,-0.023624999448657036,-0.026750000193715096,0.08262500166893005,0.5772500038146973,0.0,7.423000351991504e-05,0.00011991000064881518,7.423000351991504e-05,0.006500000134110451,0.017000000923871994,0.023499999195337296,-0.0002500000118743628,0.0005000000237487257,0.0002500000118743628,0.0002500000118743628,0.7164191603660583,-0.8931653499603271,0.6046056747436523,-0.7748180627822876,0.0
201,4601,-0.12891095435741248,-0.36635590668954,-0.009910954357412488,0.16164409331046004,0.16194764560942349,0.615178421600133,0.8749653100967407,0.5800400376319885,-1.0,0.8860465288162231,0.3084745705127716,-0.010374999605119228,-0.04312499985098839,0.09412500262260437,0.562874972820282,0.0,0.0,7.994000043254346e-05,7.994000043254346e-05,0.0,0.014000000432133675,0.014000000432133675,0.0,0.0,-0.0002500000118743628,0.0,0.10463690012693405,-0.003329652128741145,-0.2892116904258728,0.6987860202789307,-0.035843134
202,4602,-0.1284435156782755,-0.36630390286532905,-0.009443515678275505,0.16169609713467098,0.16197162657993772,0.6151341654653415,0.8629977703094482,0.5824475884437561,-1.0,0.8860465288162231,0.3084745705127716,-0.006624999921768904,-0.039374999701976776,0.08874999731779099,0.5758749842643738,7.423000351991504e-05,0.0,0.0,0.0,0.006500000134110451,0.0,0.006500000134110451,0.0,0.0,-0.0002500000118743628,0.0,-0.5041160583496094,-0.5309104323387146,-0.17493337392807007,0.995727002620697,-0.13270126
203,4603,-0.15152366362847544,-0.3587135035621986,-0.03252366362847545,0.16928649643780141,0.172382442760288,0.5962189412513185,0.8640848398208618,0.5825357437133789,-1.0,0.8860465288162231,0.3084745705127716,-0.01600000075995922,-0.03550000116229057,0.0923750028014183,0.5945000052452087,3.425999966566451e-05,0.0,0.0001256200048374012,0.0,0.003000000026077032,0.010999999940395355,0.014000000432133675,0.0,-0.0002500000118743628,0.0,0.0,0.8953793048858643,0.47894370555877686,-0.5240312218666077,-0.9376595616340637,-0.13651915
204,4604,-0.15916550022952095,-0.35918355103113053,-0.04016550022952095,0.1688164489688695,0.173528847316942,0.5941719389750761,0.8104100823402405,0.595400869846344,-1.0,0.8860465288162231,0.3084745705127716,-0.0021250001154839993,-0.029124999418854713,0.08250000327825546,0.5981249809265137,0.00010848999954760075,9.707000572234392e-05,0.00011420000373618677,7.994000043254346e-05,0.017999999225139618,0.017000000923871994,0.03500000014901161,0.005750000011175871,0.004749999847263098,0.0002500000118743628,0.0002500000118743628,0.5275224447250366,0.23262836039066315,-0.9488903880119324,0.14689379930496216,0.0
205,4605,-0.15806871413249934,-0.36287793698220694,-0.03906871413249935,0.16512206301779309,0.16968105409626316,0.6010704306035667,0.79263836145401,0.5946041345596313,-1.0,0.8860465288162231,0.3084745705127716,0.005625000223517418,-0.027124999091029167,0.06487499922513962,0.6008750200271606,0.0001541700039524585,0.00014275001012720168,0.00011991000064881518,7.423000351991504e-05,0.026000000536441803,0.017000000923871994,0.0430000014603138,0.009999999776482582,0.00925000011920929,0.0,0.0002500000118743628,0.6344180107116699,-0.5976970195770264,-0.04326194152235985,0.8925594091415405,0.0
206,4606,-0.15544613887863826,-0.3618285074909105,-0.03644613887863826,0.16617149250908952,0.170121385962669,0.6002769434218453,0.7951890230178833,0.5883424878120422,-1.0,0.8860465288162231,0.3084745705127716,0.01549999974668026,-0.03525000065565109,0.06424999982118607,0.6176249980926514,0.00021127000218257308,9.13600015337579e-05,0.0,0.0,0.026499999687075615,0.0,0.026499999687075615,0.014000000432133675,0.0032500000670552254,-0.0002500000118743628,0.0,-0.43152859807014465,0.7566652297973633,0.29070335626602173,0.6709311008453369,0.0
207,4607,-0.1603874945157056,-0.3611031807341577,-0.041387494515705614,0.16689681926584232,0.17195194963518964,0.5969894431536681,0.8012880682945251,0.5901211500167847,-1.0,0.8860465288162231,0.3084745705127716,0.012125000357627869,-0.029999999329447746,0.06925000250339508,0.6302499771118164,9.707000572234392e-05,0.0003368900215718895,0.00013703999866265804,0.0,0.03799999877810478,0.012000000104308128,0.05000000074505806,0.004749999847263098,0.020999999716877937,0.0005000000237487257,-0.0002500000118743628,0.21768222749233246,0.4866890609264374,-0.7342549562454224,0.989962637424469,0.0
208,4608,-0.15975384107405888,-0.3607817744595124,-0.04075384107405888,0.1672182255404876,0.17211278428751023,0.5967014628664831,0.7897965312004089,0.5913505554199219,-1.0,0.8860465288162231,0.3084745705127716,0.012125000357627869,-0.02512500062584877,0.05562499910593033,0.6486250162124634,0.00019985000835731626,0.0005538699915632606,0.00013133000175002962,0.0,0.06599999964237213,0.011500000022351742,0.07750000059604645,0.012749999761581421,0.029500000178813934,0.0002500000118743628,0.0,-0.06225012242794037,0.6394574642181396,0.49676626920700073,0.0231431033462286,-0.02122283
209,4609,-0.15414375052372967,-0.3600198299174192,-0.03514375052372967,0.16798017008258082,0.17161707590402223,0.5975894927613664,0.7912701368331909,0.5918952822685242,-1.0,0.8860465288162231,0.3084745705127716,0.011749999597668648,-0.02187499962747097,0.06412500143051147,0.6523749828338623,0.00017130000924225897,0.0011420000810176134,0.00017130000924225897,7.994000043254346e-05,0.11500000208616257,0.02199999988079071,0.13699999451637268,0.011250000447034836,0.04675000160932541,0.0017500000540167093,0.0,-0.4385175108909607,-0.7795705795288086,0.586327850818634,0.897983729839325,0.0
210,4610,-0.1476635926077856,-0.360818383622272,-0.028663592607785615,0.16718161637772805,0.16962103170260145,0.6011786734067747,0.8043168783187866,0.5931867361068726,-1.0,0.8860465288162231,0.3084745705127716,0.006000000052154064,-0.02162499912083149,0.07537499815225601,0.6691250205039978,0.00010848999954760075,0.00025695000658743083,0.00013703999866265804,0.0,0.03200000151991844,0.012000000104308128,0.04399999976158142,0.006500000134110451,0.017249999567866325,0.0010000000474974513,0.0,-0.28042563796043396,-0.5556166172027588,0.8025968670845032,-0.11921432614326477,-0.038305722
211,4611,-0.14610088144518268,-0.3611144568005681,-0.02710088144518269,0.16688554319943194,0.16907170758017237,0.6021702160413792,0.8193870186805725,0.591833233833313,-1.0,0.8860465288162231,0.3084745705127716,0.003000000026077032,-0.02462499961256981,0.09075000137090683,0.6726250052452087,7.994000043254346e-05,7.994000043254346e-05,0.00013133000175002962,7.994000043254346e-05,0.014000000432133675,0.01850000023841858,0.032499998807907104,0.0020000000949949026,0.0024999999441206455,0.0002500000118743628,0.0005000000237487257,0.7263679504394531,-0.18528498709201813,0.8177168369293213,-0.3020206391811371,0.0
212,4612,-0.14992374812107997,-0.3594926941362029,-0.03092374812107998,0.16850730586379714,0.17132130727767425,0.5981199727457485,0.8230212330818176,0.591331422328949,-1.0,0.8860465288162231,0.3084745705127716,0.00712500000372529,-0.029750000685453415,0.10562500357627869,0.6673750281333923,0.00034831001539714634,0.00010848999954760075,0.00014275001012720168,-7.994000043254346e-05,0.03999999910593033,0.019500000402331352,0.05950000137090683,0.020749999210238457,0.006000000052154064,0.0010000000474974513,-0.0002500000118743628,-0.7871183753013611,-0.10259976238012314,-0.4878590404987335,0.4940226376056671,0.0
213,4613,-0.1360506504067382,-0.36410406679262264,-0.0170506504067382,0.1638959332073774,0.16478046486525613,0.6099725062232123,0.8141308426856995,0.5940801501274109,-1.0,0.8860465288162231,0.3084745705127716,0.002374999923631549,-0.029249999672174454,0.09700000286102295,0.6763749718666077,7.994000043254346e-05,7.994000043254346e-05,0.0,7.423000351991504e-05,0.014000000432133675,0.006500000134110451,0.020500000566244125,0.000750000006519258,0.0012499999720603228,0.0,0.0002500000118743628,-0.4851682186126709,-0.6444602608680725,0.1321277916431427,-0.43745431303977966,-0.008144666
214,4614,-0.13753438010036792,-0.36389607371083904,-0.018534380100367925,0.16410392628916098,0.16514727327214124,0.6093016462767576,0.8463938236236572,0.5862643122673035,-1.0,0.8860465288162231,0.3084745705127716,-0.006124999839812517,-0.04062499850988388,0.10062500089406967,0.6685000061988831,0.0,0.0,0.0001256200048374012,-7.994000043254346e-05,0.0,0.017999999225139618,0.017999999225139618,-0.0002500000118743628,0.0,0.0002500000118743628,-0.0002500000118743628,-0.5780541300773621,-0.7236171960830688,-0.8698499202728271,-0.5755816698074341,-0.20420057
215,4615,-0.13826176181895689,-0.368003111412898,-0.01926176181895689,0.15999688858710204,0.16115216357816536,0.6166482648946509,0.8429433107376099,0.5866168141365051,-1.0,0.8860465288162231,0.3084745705127716,-0.002624999964609742,-0.03712499886751175,0.08449999988079071,0.6577500104904175,7.423000351991504e-05,7.994000043254346e-05,0.0,0.0,0.013500000350177288,0.0,0.013500000350177288,0.0002500000118743628,0.0005000000237487257,0.0,-0.0002500000118743628,0.9492819309234619,-0.962405800819397,0.44078925251960754,0.4433935284614563,0.0
216,4616,-0.1522537146148166,-0.36114246003827044,-0.033253714614816604,0.16685753996172958,0.17013890847705546,0.6002453891670865,0.8412517309188843,0.5796557664871216,-1.0,0.8860465288162231,0.3084745705127716,0.015124999918043613,-0.054875001311302185,0.09287499636411667,0.6657500267028809,6.851999933132902e-05,0.0,0.0,6.28100024187006e-05,0.006000000052154064,0.005499999970197678,0.011500000022351742,0.0002500000118743628,0.0,-0.0002500000118743628,0.0002500000118743628,-0.7053687572479248,-0.9916949272155762,-0.9421514272689819,0.580847978591919,-0.2800616
217,4617,-0.15599660021548303,-0.3600671970783731,-0.03699660021548304,0.16793280292162693,0.17195980554948959,0.596975373625752,0.8087123036384583,0.5912839770317078,-1.0,0.8860465288162231,0.3084745705127716,0.0020000000949949026,-0.05112500116229057,0.0963750034570694,0.6767500042915344,7.423000351991504e-05,0.0,0.0001256200048374012,0.0,0.006500000134110451,0.010999999940395355,0.017500000074505806,0.0002500000118743628,0.0,0.0002500000118743628,0.0,0.47564396262168884,-0.915939211845398,-0.943170428276062,-0.34503504633903503,-0.19931693
218,4618,-0.15569818060799082,-0.35991992071054135,-0.03669818060799082,0.16808007928945867,0.17203973236984366,0.5968322477555006,0.8000078797340393,0.5931064486503601,-1.0,0.8860465288162231,0.3084745705127716,0.010250000283122063,-0.04800000041723251,0.07887499779462814,0.6804999709129333,7.423000351991504e-05,7.994000043254346e-05,-7.994000043254346e-05,0.0,0.013500000350177288,0.007000000216066837,0.020500000566244125,0.001500000013038516,0.0012499999720603228,0.0,0.0,-0.25125524401664734,-0.87067049741745,0.11705422401428223,0.6803703308105469,-0.009953493
219,4619,-0.15405478692909064,-0.36078073015172313,-0.03505478692909064,0.1672192698482769,0.17085409651288666,0.5989589048152477,0.800701916217804,0.5933560729026794,-1.0,0.8860465288162231,0.3084745705127716,0.0063749998807907104,-0.06362500041723251,0.08262500166893005,0.6933749914169312,0.0,6.851999933132902e-05,0.0,0.0,0.006000000052154064,0.0,0.006000000052154064,0.0,0.0,0.0,-0.0002500000118743628,-0.33838126063346863,-0.6166675686836243,-0.452808141708374,0.5401192307472229,-0.14294274
220,4620,-0.1538137837346124,-0.36067175622731634,-0.034813783734612413,0.16732824377268368,0.17091149961887006,0.5988557673916369,0.804523766040802,0.5918970704078674,-1.0,0.8860465288162231,0.3084745705127716,0.009875000454485416,-0.07500000298023224,0.08624999970197678,0.703374981880188,7.994000043254346e-05,0.0,0.0001256200048374012,0.0,0.007000000216066837,0.010999999940395355,0.017999999225139618,0.0005000000237487257,-0.0002500000118743628,0.0002500000118743628,0.0,-0.687729001045227,0.35958999395370483,0.39918485283851624,-0.9320442080497742,-0.1358453
221,4621,-0.1220211513905125,-0.3727561716026281,-0.003021151390512511,0.15524382839737194,0.15527322245383157,0.6276204542953924,0.805084228515625,0.5920817852020264,-1.0,0.8860465288162231,0.3084745705127716,-0.002749999985098839,-0.06837499886751175,0.09375,0.7072499990463257,7.423000351991504e-05,0.0,0.00011420000373618677,0.0,0.006500000134110451,0.009999999776482582,0.016499999910593033,0.0,-0.0002500000118743628,0.0,-0.0002500000118743628,0.3234557807445526,-0.6850141286849976,0.8643059134483337,0.1854371279478073,-0.10794925
222,4622,-0.12182239344837253,-0.3729552995922105,-0.00282239344837254,0.1550447004077895,0.15507038733852,0.628002480917882,0.8790205717086792,0.5715997219085693,-1.0,0.8860465288162231,0.3084745705127716,0.0032500000670552254,-0.06462500244379044,0.10975000262260437,0.7108749747276306,0.0,0.0,0.00011420000373618677,7.423000351991504e-05,0.0,0.016499999910593033,0.016499999910593033,0.0,-0.0002500000118743628,0.0002500000118743628,0.0,-0.5554361939430237,0.1370779424905777,-0.25453901290893555,0.9733414053916931,-0.098202996
223,4623,-0.12201482875647746,-0.3726055549136682,-0.003014828756477461,0.15539444508633182,0.15542368788611305,0.6273372126784175,0.8794828057289124,0.5712621808052063,-1.0,0.8860465288162231,0.3084745705127716,0.007000000216066837,-0.061000000685453415,0.10512500256299973,0.7291250228881836,0.0,0.0,0.0,0.0,0.0,0.0,0.0,0.0,0.0,0.0,0.0,-0.1004757359623909,-0.7317834496498108,-0.8599339723587036,-0.7235071659088135,-0.38588408
224,4624,-0.14493676408090034,-0.36515960381620416,-0.025936764080900343,0.16284039618379587,0.16489302702141131,0.6097665615360488,0.8790352940559387,0.5718550086021423,-1.0,0.8860465288162231,0.3084745705127716,0.010625000111758709,-0.0572500005364418,0.10887499898672104,0.7327499985694885,6.28100024187006e-05,0.0,1.7129999832832254e-05,7.994000043254346e-05,0.005499999970197678,0.008500000461935997,0.014000000432133675,0.0002500000118743628,0.0,0.0,0.0002500000118743628,0.8181353807449341,0.6582707166671753,-0.4475276470184326,0.48514145612716675,-0.07770332
225,4625,-0.14606863650166918,-0.3638033000762602,-0.027068636501669185,0.1641966999237398,0.16641294224881115,0.6069925103801633,0.8257284760475159,0.5844752192497253,-1.0,0.8860465288162231,0.3084745705127716,0.020749999210238457,-0.04987499862909317,0.11249999701976776,0.7418749928474426,0.00017130000924225897,0.0001484600070398301,0.00013133000175002962,0.0,0.02800000086426735,0.011500000022351742,0.039500001817941666,0.010499999858438969,0.009750000201165676,0.0002500000118743628,0.0,-0.6207908987998962,0.33326947689056396,-0.3169097602367401,-0.2771959900856018,-0.05726352
226,4626,-0.14127164574123982,-0.3639855623338595,-0.022271645741239826,0.16401443766614054,0.16551967244700427,0.6086213160881722,0.8230962157249451,0.5867740511894226,-1.0,0.8860465288162231,0.3084745705127716,0.013749999925494194,-0.04262499883770943,0.1067499965429306,0.7455000281333923,7.994000043254346e-05,0.00011991000064881518,0.0,7.423000351991504e-05,0.017500000074505806,0.006500000134110451,0.024000000208616257,0.0012499999720603228,0.007499999832361937,0.0,0.0002500000118743628,0.8896405100822449,0.759357750415802,0.8053938150405884,-0.2779156565666199,0.0
227,4627,-0.1446747170889972,-0.364216620356948,-0.025674717088997212,0.163783379643052,0.16578355330038064,0.6081396962119034,0.8342519998550415,0.5864651203155518,-1.0,0.8860465288162231,0.3084745705127716,0.017000000923871994,-0.04012500122189522,0.12099999934434891,0.7406250238418579,0.0005310300039127469,0.0005995500250719488,0.00016558999777771533,-8.565000462112948e-05,0.0989999994635582,0.02199999988079071,0.12099999934434891,0.02800000086426735,0.030750000849366188,0.001500000013038516,-0.0002500000118743628,-0.3766864538192749,-0.8105320334434509,-0.43010836839675903,0.8298206329345703,0.0
228,4628,-0.14085722579120138,-0.3650754259186074,-0.02185722579120139,0.1629245740813926,0.1643841694290869,0.6106981254383334,0.8263378739356995,0.5860735177993774,-1.0,0.8860465288162231,0.3084745705127716,0.017249999567866325,-0.041749998927116394,0.11375000327825546,0.7561249732971191,0.00021127000218257308,9.13600015337579e-05,0.00011991000064881518,0.0,0.026499999687075615,0.010499999858438969,0.03700000047683716,0.013500000350177288,0.0037499999161809683,0.0,-0.0002500000118743628,0.997714638710022,0.7000833749771118,0.6894612312316895,0.027931364253163338,-0.020648237
229,4629,-0.1439768098027531,-0.36580446614972123,-0.024976809802753103,0.1621955338502788,0.16410738017804025,0.6112054400683051,0.8352157473564148,0.5846179127693176,-1.0,0.8860465288162231,0.3084745705127716,0.021375000476837158,-0.041749998927116394,0.12549999356269836,0.7596250176429749,0.0009935400448739529,0.0006395200034603477,0.00019985000835731626,7.994000043254346e-05,0.14300000667572021,0.02449999935925007,0.16750000417232513,0.042500000447034836,0.029999999329447746,0.0022499999031424522,0.0002500000118743628,0.3547009825706482,-0.16847094893455505,-0.5130090117454529,0.4852122366428375,0.0
230,4630,-0.1492260221474201,-0.36455222445248586,-0.030226022147420095,0.16344777554751416,0.16621909561264886,0.6073456034079945,0.8279609084129333,0.583382248878479,-1.0,0.8860465288162231,0.3084745705127716,0.02449999935925007,-0.041875001043081284,0.11687500029802322,0.768750011920929,0.001261910074390471,0.00047964000259526074,0.0001256200048374012,0.0,0.1525000035762787,0.010999999940395355,0.16349999606609344,0.0494999997317791,0.024000000208616257,0.0005000000237487257,0.0,-0.2586834132671356,0.8154120445251465,-0.9725235104560852,-0.053281258791685104,-0.030393755
231,4631,-0.1487075146431648,-0.3652988345769774,-0.029707514643164817,0.1627011654230226,0.16539106885283625,0.6088561740568359,0.8157534599304199,0.5855047106742859,-1.0,0.8860465288162231,0.3084745705127716,0.02474999986588955,-0.03824999928474426,0.09862499684095383,0.7724999785423279,0.0008793400484137237,0.0011591300135478377,0.00011991000064881518,8.565000462112948e-05,0.1784999966621399,0.017999999225139618,0.1965000033378601,0.039500001817941666,0.04724999889731407,0.000750000006519258,0.0,0.18828022480010986,-0.9818938970565796,0.1015152856707573,0.738219678401947,0.0
232,4632,-0.15413046419233634,-0.3665979108755055,-0.03513046419233634,0.16140208912449455,0.16518106395141155,0.6092398832578074,0.8169592618942261,0.5842392444610596,-1.0,0.8860465288162231,0.3084745705127716,0.02474999986588955,-0.03999999910593033,0.10000000149011612,0.7861250042915344,0.0011420000810176134,0.00021127000218257308,0.00017701000615488738,5.7100000958598685e-06,0.1185000017285347,0.01600000075995922,0.13449999690055847,0.04650000110268593,0.014000000432133675,0.0017500000540167093,0.0002500000118743628,0.24927926063537598,-0.378084272146225,-0.8087508678436279,0.785285472869873,0.0
233,4633,-0.14982939686852403,-0.36972715470260864,-0.03082939686852404,0.15827284529739138,0.16124746593298434,0.6164719860003238,0.8043477535247803,0.5820374488830566,-1.0,0.8860465288162231,0.3084745705127716,0.032749999314546585,-0.04612499848008156,0.08550000190734863,0.8008750081062317,0.0008907600422389805,0.0001827200030675158,0.00011991000064881518,0.0,0.09399999678134918,0.010499999858438969,0.10450000315904617,0.03974999859929085,0.012249999679625034,0.0005000000237487257,0.0,0.4148435890674591,-0.8872652053833008,0.8556301593780518,-0.3356567621231079,-0.053478178
234,4634,-0.14926203246861466,-0.36817372488219213,-0.03026203246861467,0.1598262751178079,0.16266600390728453,0.613854093554283,0.8143502473831177,0.5767336487770081,-1.0,0.8860465288162231,0.3084745705127716,0.045499999076128006,-0.061124999076128006,0.10125000029802322,0.8044999837875366,0.0005938400281593204,0.0001484600070398301,0.00014275001012720168,7.994000043254346e-05,0.06499999761581421,0.019500000402331352,0.08449999988079071,0.029750000685453415,0.008999999612569809,0.0010000000474974513,0.0,-0.9965892434120178,0.9536895155906677,-0.10582603514194489,0.5282155275344849,-0.0011884868
235,4635,-0.1534220062638684,-0.3690547436509275,-0.034422006263868404,0.15894525634907253,0.16262985282875397,0.6139206716271486,0.8156697154045105,0.5793665647506714,-1.0,0.8860465288162231,0.3084745705127716,0.03725000098347664,-0.0533749982714653,0.09974999725818634,0.8141250014305115,0.00014275001012720168,0.0005481599946506321,0.00011991000064881518,0.0,0.060499999672174454,0.010499999858438969,0.07100000232458115,0.008999999612569809,0.029249999672174454,0.0002500000118743628,0.0,0.22539818286895752,-0.9875642657279968,-0.6103384494781494,0.4357742667198181,-0.003077656
236,4636,-0.15156251518044594,-0.3697520474961833,-0.03256251518044595,0.15824795250381674,0.1615633989074475,0.6158879713236532,0.8059953451156616,0.5778732895851135,-1.0,0.8860465288162231,0.3084745705127716,0.03999999910593033,-0.058375000953674316,0.0886249989271164,0.8215000033378601,0.0001827200030675158,7.994000043254346e-05,0.0,8.565000462112948e-05,0.023000000044703484,0.007499999832361937,0.030500000342726707,0.011749999597668648,0.0022499999031424522,-0.0002500000118743628,0.0002500000118743628,0.7690178155899048,0.48406359553337097,-0.2852785885334015,0.6493663787841797,-0.05550855
237,4637,-0.14717716372042278,-0.36980731873642103,-0.028177163720422782,0.158192681263579,0.16068253470955643,0.6175176646746094,0.810319721698761,0.5766914486885071,-1.0,0.8860465288162231,0.3084745705127716,0.04399999976158142,-0.058375000953674316,0.09149999916553497,0.8323749899864197,0.0006623599911108613,0.0003197600017301738,0.0001598800008650869,0.0,0.0860000029206276,0.014000000432133675,0.10000000149011612,0.032499998807907104,0.020250000059604645,0.001500000013038516,0.0,0.5467038154602051,0.4610084295272827,0.9235668778419495,-0.2349047213792801,-0.040252972
238,4638,-0.14874822939836221,-0.3700069493785248,-0.02974822939836222,0.15799305062147523,0.16076927939447144,0.6173569864567333,0.8205181956291199,0.5765977501869202,-1.0,0.8860465288162231,0.3084745705127716,0.044874999672174454,-0.0586250014603138,0.10837499797344208,0.8352500200271606,0.001330430037342012,0.0008165300241671503,0.0001884299999801442,7.994000043254346e-05,0.18799999356269836,0.023499999195337296,0.21150000393390656,0.051249999552965164,0.03799999877810478,0.0022499999031424522,0.0005000000237487257,-0.8147839307785034,-0.9832860231399536,-0.27391448616981506,-0.17533394694328308,0.0
239,4639,-0.15259182554999523,-0.3698021728416317,-0.033591825549995236,0.15819782715836833,0.1617249617758814,0.6155895297732623,0.8168646097183228,0.576259434223175,-1.0,0.8860465288162231,0.3084745705127716,0.045249998569488525,-0.06174999848008156,0.1042499989271164,0.8323749899864197,0.0003368900215718895,0.00011420000373618677,0.00011991000064881518,-7.994000043254346e-05,0.039500001817941666,0.017500000074505806,0.05700000002980232,0.019999999552965164,0.007499999832361937,0.0002500000118743628,-0.0002500000118743628,-0.045550115406513214,0.6875181794166565,-0.7570981383323669,-0.3376859724521637,0.0
240,4640,-0.15134416046999935,-0.3707337393888461,-0.032344160469999356,0.15726626061115395,0.1605578445393574,0.6177487030323611,0.8079259991645813,0.5766065120697021,-1.0,0.8860465288162231,0.3084745705127716,0.045249998569488525,-0.05912499874830246,0.09012500196695328,0.8259999752044678,0.0003026300109922886,0.0005081900162622333,0.0001256200048374012,-5.7100000958598685e-06,0.07100000232458115,0.011500000022351742,0.08250000327825546,0.01850000023841858,0.02800000086426735,0.0002500000118743628,0.0,-0.13763964176177979,-0.9259796142578125,0.23268011212348938,-0.2786836326122284,-0.045268364
241,4641,-0.15288049935059778,-0.37491432054022716,-0.03388049935059778,0.15308567945977286,0.15679002995058766,0.6247710040827869,0.8108275532722473,0.575027585029602,-1.0,0.8860465288162231,0.3084745705127716,0.045625001192092896,-0.0637499988079071,0.09425000101327896,0.8291249871253967,0.00019985000835731626,8.565000462112948e-05,0.0001256200048374012,7.423000351991504e-05,0.02500000037252903,0.017500000074505806,0.042500000447034836,0.012749999761581421,0.002749999985098839,0.0005000000237487257,0.0002500000118743628,0.8501192927360535,-0.9737287759780884,-0.08780409395694733,-0.4669537842273712,0.0
242,4642,-0.14974782812202125,-0.3763943602927735,-0.03074782812202126,0.1516056397072265,0.1546922717050168,0.6287152577773042,0.8072546720504761,0.5679418444633484,-1.0,0.8860465288162231,0.3084745705127716,0.06312499940395355,-0.08212500065565109,0.09300000220537186,0.8205000162124634,0.0001484600070398301,8.565000462112948e-05,0.0,0.0,0.020500000566244125,0.0,0.020500000566244125,0.009499999694526196,0.003000000026077032,-0.0002500000118743628,0.0,-0.1829374134540558,-0.5305479764938354,-0.6108471155166626,0.560531497001648,-0.08683016
243,4643,-0.16421114312159787,-0.3689650367471363,-0.04521114312159788,0.1590349632528637,0.16533652651244768,0.6089558075300571,0.814539909362793,0.5654332637786865,-1.0,0.8860465288162231,0.3084745705127716,0.06350000202655792,-0.09099999815225601,0.09650000184774399,0.8298749923706055,7.994000043254346e-05,7.994000043254346e-05,0.00011991000064881518,0.0,0.014000000432133675,0.010499999858438969,0.02449999935925007,0.0020000000949949026,0.0010000000474974513,0.0002500000118743628,0.0,-0.6657054424285889,0.5344095826148987,-0.9555332064628601,-0.6327124238014221,-0.080283746
244,4644,-0.1256636063221733,-0.3826973852976295,-0.006663606322173304,0.14530261470237055,0.14545533159208177,0.6463811105281625,0.7809042930603027,0.5780253410339355,-1.0,0.8860465288162231,0.3084745705127716,0.052000001072883606,-0.08100000023841858,0.07874999940395355,0.8330000042915344,7.423000351991504e-05,7.423000351991504e-05,0.0,0.0,0.013000000268220901,0.0,0.013000000268220901,0.0002500000118743628,0.0010000000474974513,0.0,0.0,-0.9037088751792908,-0.9087421894073486,0.9385314583778381,-0.22243338823318481,-0.03894334
245,4645,-0.12604772916459983,-0.3821845297302962,-0.007047729164599836,0.14581547026970382,0.14598569058764777,0.6453534861501024,0.870549738407135,0.5547502040863037,-1.0,0.8860465288162231,0.3084745705127716,0.03525000065565109,-0.09749999642372131,0.09624999761581421,0.8362500071525574,7.423000351991504e-05,2.2840000383439474e-05,0.0,1.7129999832832254e-05,0.008500000461935997,0.001500000013038516,0.009999999776482582,0.0,0.0,0.0,-0.0002500000118743628,-0.47462084889411926,-0.06047547608613968,-0.1708599478006363,0.07588725537061691,-0.04588477
246,4646,-0.11094866330866562,-0.3870114229325311,0.008051336691334371,0.14098857706746892,0.1412182809909073,0.6546497998968657,0.8696564435958862,0.5556194186210632,-1.0,0.8860465288162231,0.3084745705127716,0.026374999433755875,-0.09862499684095383,0.10000000149011612,0.8389999866485596,5.139000131748617e-05,0.0,3.997000021627173e-05,7.423000351991504e-05,0.0044999998062849045,0.009999999776482582,0.014499999582767487,0.0,0.0,0.0,0.0002500000118743628,-0.5641900300979614,-0.6642252206802368,0.5433670282363892,0.7265523672103882,-0.1770547
247,4647,-0.11110684030142123,-0.3871058936745972,0.007893159698578761,0.14089410632540283,0.141115028141092,0.6548526146794615,0.90477055311203,0.5474382638931274,-1.0,0.8860465288162231,0.3084745705127716,0.030249999836087227,-0.0949999988079071,0.10999999940395355,0.8500000238418579,0.0,6.851999933132902e-05,0.00011991000064881518,0.0,0.006000000052154064,0.010499999858438969,0.016499999910593033,-0.0002500000118743628,0.0002500000118743628,0.0002500000118743628,0.0,-0.9046364426612854,-0.9623503088951111,-0.0922841727733612,0.952867329120636,-0.13428533
248,4648,-0.10777855115582044,-0.38796555808856437,0.011221448844179555,0.14003444191143566,0.1404833293868343,0.6560948000808995,0.9044026732444763,0.5472781658172607,-1.0,0.8860465288162231,0.3084745705127716,0.03400000184774399,-0.11275000125169754,0.10849999636411667,0.8633750081062317,0.0,0.0,0.0,0.0,0.0,0.0,0.0,-0.0002500000118743628,-0.0002500000118743628,0.0,0.0,-0.6930534243583679,0.9101850986480713,0.15226276218891144,0.9179731011390686,-0.123167336
249,4649,-0.14684566928378906,-0.37048771179644463,-0.027845669283789065,0.1575122882035554,0.15995468806190724,0.6188675123477355,0.9121429324150085,0.5458210706710815,-1.0,0.8860465288162231,0.3084745705127716,0.0377499982714653,-0.09587500244379044,0.11225000023841858,0.875124990940094,0.0,0.0,0.00011420000373618677,0.0,0.0,0.009999999776482582,0.009999999776482582,-0.0002500000118743628,0.0,0.0,0.0,0.3571564257144928,0.8524506688117981,0.5328003168106079,-0.9793869256973267,-0.11042619
250,4650,-0.14700519911812096,-0.3706630267640195,-0.028005199118120966,0.1573369732359805,0.15980993187128653,0.6191363254228052,0.8212891221046448,0.5754445791244507,-1.0,0.8860465288162231,0.3084745705127716,0.04337500035762787,-0.08112499862909317,0.12212499976158142,0.8772500157356262,8.565000462112948e-05,7.994000043254346e-05,0.00013133000175002962,7.423000351991504e-05,0.014499999582767487,0.017999999225139618,0.032499998807907104,0.0017500000540167093,0.0022499999031424522,0.0,0.0002500000118743628,-0.9309096932411194,-0.9011276960372925,-0.9926181435585022,-0.7865587472915649,0.0
251,4651,-0.14637891307249948,-0.37067909621452005,-0.027378913072499483,0.15732090378547997,0.15968553988671527,0.6193674153274397,0.8209181427955627,0.5751473903656006,-1.0,0.8860465288162231,0.3084745705127716,0.026875000447034836,-0.09700000286102295,0.10362499952316284,0.8627499938011169,7.423000351991504e-05,5.7100001868093386e-05,0.0,0.0,0.011500000022351742,0.0,0.011500000022351742,0.0,0.0002500000118743628,0.0,0.0,0.2704562544822693,0.5022766590118408,0.5465852618217468,-0.36370569467544556,-0.05009557
252,4652,-0.14683344826150363,-0.37044502964412157,-0.027833448261503635,0.15755497035587845,0.15999459217725934,0.6187934307002667,0.8223746418952942,0.5751201510429382,-1.0,0.8860465288162231,0.3084745705127716,0.03200000151991844,-0.08749999850988388,0.11387500166893005,0.8650000095367432,0.0,0.0,0.0,7.423000351991504e-05,0.0,0.006500000134110451,0.006500000134110451,-0.0002500000118743628,0.0,-0.0002500000118743628,0.0005000000237487257,0.318861186504364,0.09340272098779678,-0.984191358089447,0.8784688711166382,-0.15768401
253,4653,-0.1470476746341806,-0.37030596942223243,-0.02804767463418059,0.1576940305777676,0.16016890875649606,0.6184699174359464,0.8213175535202026,0.5755168795585632,-1.0,0.8860465288162231,0.3084745705127716,0.03787500038743019,-0.08375000208616257,0.11749999970197678,0.8762500286102295,0.0,0.0,0.00011991000064881518,0.0,0.0,0.010499999858438969,0.010499999858438969,-0.0002500000118743628,0.0,0.0,0.0,-0.9699622988700867,-0.8601590394973755,0.1520485132932663,-0.02103794552385807,-0.23749094
254,4654,-0.14153758019839457,-0.3726970397668672,-0.02253758019839458,0.15530296023313284,0.15692976766175723,0.6245091467632886,0.8208193778991699,0.5757526159286499,-1.0,0.8860465288162231,0.3084745705127716,0.04112499952316284,-0.08062499761581421,0.12025000154972076,0.878250002861023,7.423000351991504e-05,7.423000351991504e-05,0.00013133000175002962,7.994000043254346e-05,0.013000000268220901,0.01850000023841858,0.03150000050663948,0.000750000006519258,0.0012499999720603228,0.0,0.0005000000237487257,0.08967860788106918,-0.1101367175579071,0.0568244531750679,-0.19029326736927032,0.0
255,4655,-0.14087495644281872,-0.3729117977059779,-0.021874956442818727,0.15508820229402215,0.1566233194967044,0.6250835498062224,0.833633542060852,0.5716999173164368,-1.0,0.8860465288162231,0.3084745705127716,0.042374998331069946,-0.08212500065565109,0.12125000357627869,0.875124990940094,7.994000043254346e-05,7.423000351991504e-05,0.00011420000373618677,-8.565000462112948e-05,0.013500000350177288,0.017500000074505806,0.03099999949336052,0.001500000013038516,0.0002500000118743628,0.0,-0.0002500000118743628,-0.8066521883010864,-0.94924396276474,-0.06396784633398056,-0.03157961368560791,0.0
256,4656,-0.13629193578569865,-0.3742378360336055,-0.017291935785698653,0.15376216396639453,0.15473142573777676,0.6286414119010357,0.8351745009422302,0.5713359117507935,-1.0,0.8860465288162231,0.3084745705127716,0.02812499925494194,-0.09987500309944153,0.12025000154972076,0.874625027179718,7.423000351991504e-05,7.423000351991504e-05,0.0,-8.565000462112948e-05,0.013000000268220901,0.007499999832361937,0.020500000566244125,0.0,0.0002500000118743628,-0.0002500000118743628,-0.0002500000118743628,-0.12510369718074799,0.9321388006210327,-0.823156476020813,-0.8613949418067932,-0.122778796
257,4657,-0.14483961184686137,-0.37103561795029616,-0.02583961184686137,0.15696438204970387,0.15907703408299342,0.6204991139815437,0.8458327054977417,0.5690883994102478,-1.0,0.8860465288162231,0.3084745705127716,0.026000000536441803,-0.08250000327825546,0.12387499958276749,0.8583750128746033,0.0,6.851999933132902e-05,0.00011991000064881518,0.0,0.006000000052154064,0.010499999858438969,0.016499999910593033,-0.0002500000118743628,0.0002500000118743628,0.0,0.0,0.8756245374679565,0.2854886054992676,-0.3877166211605072,0.40484967827796936,-0.011816549
258,4658,-0.14499677032024427,-0.3711279258818733,-0.025996770320244278,0.1568720741181267,0.15901157097899063,0.620620985342365,0.8259543776512146,0.5745158791542053,-1.0,0.8860465288162231,0.3084745705127716,0.04100000113248825,-0.078125,0.11662500351667404,0.8636249899864197,9.13600015337579e-05,7.994000043254346e-05,0.00011420000373618677,7.994000043254346e-05,0.014999999664723873,0.017000000923871994,0.03200000151991844,0.0024999999441206455,0.0020000000949949026,0.0,0.0002500000118743628,-0.8568709492683411,-0.6249229907989502,-0.05159628391265869,-0.036219798028469086,0.0
259,4659,-0.13634854483410286,-0.37511717704427117,-0.017348544834102864,0.15288282295572886,0.153863996967366,0.630279447235981,0.8255888819694519,0.5743594765663147,-1.0,0.8860465288162231,0.3084745705127716,0.026249999180436134,-0.08874999731779099,0.1158749982714653,0.8632500171661377,7.423000351991504e-05,0.0,0.0,-7.994000043254346e-05,0.006500000134110451,0.007000000216066837,0.013500000350177288,0.0,0.0,-0.0002500000118743628,-0.0002500000118743628,0.6924393177032471,-0.773055911064148,-0.14378969371318817,0.04960300773382187,-0.13325326
260,4660,-0.14704464582608517,-0.37119628775637603,-0.02804464582608518,0.156803712243624,0.15929189035507046,0.6200992884735422,0.8457010388374329,0.5675979852676392,-1.0,0.8860465288162231,0.3084745705127716,0.039250001311302185,-0.08500000089406967,0.11949999630451202,0.8633750081062317,0.0,0.0,0.0001256200048374012,8.565000462112948e-05,0.0,0.01850000023841858,0.01850000023841858,-0.0002500000118743628,0.0,0.0,0.000750000006519258,-0.8298941254615784,0.9887109398841858,-0.610404372215271,-0.9221199154853821,-0.1235873
261,4661,-0.15115721323654166,-0.37011371174833296,-0.032157213236541665,0.15788628825166706,0.1611277951845333,0.616693346725443,0.8208264112472534,0.5742436051368713,-1.0,0.8860465288162231,0.3084745705127716,0.04087499901652336,-0.06975000351667404,0.1080000028014183,0.8464999794960022,9.707000572234392e-05,0.00010848999954760075,0.00011991000064881518,0.0,0.017999999225139618,0.010499999858438969,0.02850000001490116,0.004000000189989805,0.006500000134110451,0.0002500000118743628,0.0,-0.03197040781378746,0.07268936932086945,-0.09546682238578796,-0.14345906674861908,-0.029695908
262,4662,-0.14611808158476758,-0.3667994439683538,-0.027118081584767584,0.16120055603164624,0.16346562211593613,0.6123833116236197,0.811262309551239,0.576078474521637,-1.0,0.8860465288162231,0.3084745705127716,0.04075000062584877,-0.06949999928474426,0.10637500137090683,0.8491250276565552,8.565000462112948e-05,0.00013133000175002962,0.0,7.994000043254346e-05,0.01899999938905239,0.007000000216066837,0.026000000536441803,0.0032500000670552254,0.008500000461935997,0.0,0.0005000000237487257,-0.8207151889801025,0.8351836204528809,0.14735238254070282,-0.13962464034557343,-0.006317715
263,4663,-0.13722129577159645,-0.3706320857902281,-0.018221295771596452,0.15736791420977192,0.15841930451283434,0.6217246845714953,0.8229811787605286,0.5816958546638489,-1.0,0.8860465288162231,0.3084745705127716,0.025750000029802322,-0.054499998688697815,0.10987500101327896,0.846875011920929,8.565000462112948e-05,0.00013703999866265804,0.0001256200048374012,0.0,0.019500000402331352,0.010999999940395355,0.030500000342726707,0.0024999999441206455,0.009750000201165676,0.0005000000237487257,0.0,0.11957091838121414,-0.9695269465446472,0.40084442496299744,0.6886897087097168,-0.016141165
264,4664,-0.14401169586072218,-0.36999651292700814,-0.02501169586072219,0.1580034870729919,0.15997089378088247,0.6188374255001459,0.8436713814735413,0.5751998424530029,-1.0,0.8860465288162231,0.3084745705127716,0.028750000521540642,-0.06787499785423279,0.11762499809265137,0.8567500114440918,7.423000351991504e-05,6.851999933132902e-05,0.00011420000373618677,0.0,0.012500000186264515,0.009999999776482582,0.02250000089406967,0.000750000006519258,0.0002500000118743628,0.0,0.0,0.7675129175186157,0.20317795872688293,0.058868423104286194,-0.8817189335823059,-0.1024969
265,4665,-0.1450482147018924,-0.3731154543400877,-0.02604821470189239,0.15488454565991233,0.1570596446367855,0.624265866084627,0.827879786491394,0.5762770771980286,-1.0,0.8860465288162231,0.3084745705127716,0.03837500140070915,-0.06750000268220901,0.1185000017285347,0.859375,0.00016558999777771533,0.00011420000373618677,0.0001256200048374012,0.0,0.02449999935925007,0.010999999940395355,0.03550000116229057,0.010250000283122063,0.007000000216066837,0.0002500000118743628,0.0,0.38586297631263733,-0.7849490642547607,-0.14070627093315125,0.5053057074546814,-0.015001264
266,4666,-0.14424612258922848,-0.3730388987844994,-0.02524612258922848,0.1549611012155006,0.1570041706315822,0.6243697663137402,0.8254692554473877,0.5709907412528992,-1.0,0.8860465288162231,0.3084745705127716,0.048624999821186066,-0.07925000041723251,0.11612500250339508,0.8659999966621399,9.13600015337579e-05,7.423000351991504e-05,0.0,1.1420000191719737e-05,0.014499999582767487,0.0010000000474974513,0.01549999974668026,0.004000000189989805,0.0012499999720603228,-0.0002500000118743628,0.0,0.08742734789848328,0.2670268416404724,-0.15441538393497467,0.2548966705799103,-0.04385313
267,4667,-0.14483917639196014,-0.3720051117691986,-0.02583917639196015,0.15599488823080143,0.15812042306658258,0.6222824004892252,0.8273345828056335,0.5711205005645752,-1.0,0.8860465288162231,0.3084745705127716,0.048624999821186066,-0.078125,0.11949999630451202,0.8690000176429749,0.0001256200048374012,0.00014275001012720168,0.00013703999866265804,7.423000351991504e-05,0.023499999195337296,0.01850000023841858,0.041999999433755875,0.007249999791383743,0.008999999612569809,0.0005000000237487257,0.0002500000118743628,0.19444401562213898,0.7242734432220459,0.01855078525841236,0.8491722941398621,-0.029296447
268,4668,-0.1402738591436067,-0.3722469237133975,-0.021273859143606716,0.1557530762866025,0.1571992298187311,0.6240045060179353,0.8259553909301758,0.5728726983070374,-1.0,0.8860465288162231,0.3084745705127716,0.048875000327825546,-0.0728750005364418,0.11962500214576721,0.8793749809265137,0.00021127000218257308,0.0004568000149447471,0.00013703999866265804,6.28100024187006e-05,0.05849999934434891,0.017500000074505806,0.07599999755620956,0.014000000432133675,0.025499999523162842,0.000750000006519258,0.0002500000118743628,0.3116008937358856,0.19485823810100555,0.7670615911483765,0.6218569278717041,-0.024679948
269,4669,-0.14201812304044897,-0.37130686859327633,-0.02301812304044898,0.1566931314067237,0.1583747815100309,0.6218077332673603,0.8365724086761475,0.5724628567695618,-1.0,0.8860465288162231,0.3084745705127716,0.04899999871850014,-0.0728750005364418,0.13375000655651093,0.8863750100135803,0.0004568000149447471,0.0006623599911108613,0.0001598800008650869,8.565000462112948e-05,0.09799999743700027,0.0215000007301569,0.11949999630451202,0.02525000087916851,0.032749999314546585,0.0012499999720603228,0.0002500000118743628,-0.7555843591690063,0.48169583082199097,-0.47212937474250793,0.9295051693916321,-0.04014301
270,4670,-0.14724874973016033,-0.3672196524868773,-0.02824874973016034,0.1607803475131227,0.16324310707578968,0.6127922415895487,0.8325160145759583,0.5740561485290527,-1.0,0.8860465288162231,0.3084745705127716,0.04262499883770943,-0.06475000083446503,0.12562499940395355,0.8963750004768372,0.0001541700039524585,0.0007194600184448063,0.00011420000373618677,1.1420000191719737e-05,0.07649999856948853,0.010999999940395355,0.08749999850988388,0.009750000201165676,0.03449999913573265,0.0,0.0,-0.8886361122131348,-0.9682577252388,-0.6929546594619751,0.6420499086380005,-0.030978909
271,4671,-0.1220896698507766,-0.3779040378236566,-0.003089669850776605,0.1500959621763434,0.15012775866384306,0.6373838108876932,0.8203517198562622,0.5809836387634277,-1.0,0.8860465288162231,0.3084745705127716,0.030625000596046448,-0.06575000286102295,0.11287499964237213,0.9024999737739563,7.994000043254346e-05,7.423000351991504e-05,0.0,7.994000043254346e-05,0.013500000350177288,0.007000000216066837,0.020500000566244125,0.0005000000237487257,0.0002500000118743628,-0.0002500000118743628,0.0,0.24023228883743286,-0.944316029548645,-0.7755392789840698,-0.4290410578250885,-0.11706472
272,4672,-0.1222687902172882,-0.378794557724598,-0.003268790217288209,0.149205442275402,0.14924124427946506,0.6390812167994903,0.8788612484931946,0.5628744959831238,-1.0,0.8860465288162231,0.3084745705127716,0.03525000065565109,-0.0833749994635582,0.11649999767541885,0.8946250081062317,7.423000351991504e-05,6.851999933132902e-05,0.00011991000064881518,0.0,0.012500000186264515,0.010499999858438969,0.023000000044703484,0.0002500000118743628,0.0002500000118743628,0.0,-0.0002500000118743628,0.13664203882217407,-0.8937300443649292,-0.5595067739486694,-0.18305329978466034,-0.028842831
273,4673,-0.1277826386331645,-0.3812808149796787,-0.008782638633164502,0.14671918502032133,0.1469818151826546,0.6434278074669537,0.8784446716308594,0.5613651275634766,-1.0,0.8860465288162231,0.3084745705127716,0.0377499982714653,-0.10000000149011612,0.10612499713897705,0.8962500095367432,7.994000043254346e-05,0.0,0.0,8.565000462112948e-05,0.007000000216066837,0.007499999832361937,0.014499999582767487,0.0002500000118743628,0.0,0.0,0.0002500000118743628,0.9526499509811401,-0.8101909160614014,0.8636603355407715,-0.8110456466674805,-0.12122292
274,4674,-0.11517232029828925,-0.38388496159077845,0.0038276797017107456,0.14411503840922157,0.14416586082561397,0.6488864218305089,0.8656217455863953,0.5571511387825012,-1.0,0.8860465288162231,0.3084745705127716,0.05562499910593033,-0.09650000184774399,0.12224999815225601,0.8812500238418579,7.423000351991504e-05,7.423000351991504e-05,5.7100000958598685e-06,0.0,0.013000000268220901,0.0005000000237487257,0.013500000350177288,0.0,0.0005000000237487257,0.0,0.0,-0.3717402219772339,-0.20389389991760254,0.3802949786186218,0.9902767539024353,-0.040229995
275,4675,-0.1391680886341668,-0.37707229732024417,-0.020168088634166803,0.15092770267975586,0.15226924586187585,0.6333020885471272,0.8949480652809143,0.5527373552322388,-1.0,0.8860465288162231,0.3084745705127716,0.048875000327825546,-0.10000000149011612,0.12937499582767487,0.8923749923706055,0.0,0.0,0.00011991000064881518,0.0,0.0,0.010499999858438969,0.010499999858438969,-0.0002500000118743628,0.0,0.0,-0.0002500000118743628,0.8778195381164551,0.37087738513946533,0.945902407169342,0.3087009787559509,-0.014258127
276,4676,-0.1399758871403208,-0.37184442683320607,-0.02097588714032081,0.15615557316679396,0.1575580872959983,0.6233330814528737,0.8391439914703369,0.5642842650413513,-1.0,0.8860465288162231,0.3084745705127716,0.061500001698732376,-0.09674999862909317,0.14687499403953552,0.8953750133514404,0.00011991000064881518,0.00011991000064881518,0.00011991000064881518,0.0,0.020999999716877937,0.010499999858438969,0.03150000050663948,0.007249999791383743,0.007249999791383743,0.0002500000118743628,-0.0002500000118743628,-0.970753014087677,0.050377748906612396,0.4039648473262787,0.22945323586463928,-0.010942051
277,4677,-0.13807877478625746,-0.37679801714380257,-0.01907877478625747,0.15120198285619746,0.15240091622752983,0.6330519765961721,0.8372653722763062,0.5731450319290161,-1.0,0.8860465288162231,0.3084745705127716,0.04699999839067459,-0.09287499636411667,0.15437500178813934,0.8974999785423279,7.423000351991504e-05,7.423000351991504e-05,0.0001256200048374012,7.994000043254346e-05,0.013000000268220901,0.017999999225139618,0.03099999949336052,0.0,0.0012499999720603228,0.0002500000118743628,0.0,0.8395931720733643,-0.2849886417388916,-0.8646767139434814,-0.4292745292186737,0.0
278,4678,-0.13731149245184238,-0.37861673835811605,-0.01831149245184238,0.14938326164188398,0.1505013940619204,0.6366697636906916,0.8416772484779358,0.5647491216659546,-1.0,0.8860465288162231,0.3084745705127716,0.05962499976158142,-0.09799999743700027,0.13824999332427979,0.8895000219345093,0.00013133000175002962,7.423000351991504e-05,0.00013133000175002962,0.0,0.017999999225139618,0.011500000022351742,0.029500000178813934,0.006000000052154064,0.0010000000474974513,0.0002500000118743628,0.0,0.7247178554534912,-0.044492267072200775,0.5527517795562744,-0.905467689037323,-0.10159677
279,4679,-0.1386199401941837,-0.37928980379902494,-0.0196199401941837,0.1487101962009751,0.14999888168701742,0.6376302908288818,0.8434616327285767,0.5616665482521057,-1.0,0.8860465288162231,0.3084745705127716,0.06825000047683716,-0.09962499886751175,0.14824999868869781,0.8914999961853027,0.0002512400096748024,8.565000462112948e-05,0.0001484600070398301,7.994000043254346e-05,0.029500000178813934,0.019999999552965164,0.0494999997317791,0.01575000025331974,0.002749999985098839,0.000750000006519258,0.0,0.8953648209571838,0.7804926633834839,0.11806825548410416,0.6955735683441162,-0.03182249
280,4680,-0.1391548937225604,-0.37891356288609346,-0.020154893722560407,0.14908643711390657,0.15044263183116188,0.6367820099908783,0.8404187560081482,0.5605257749557495,-1.0,0.8860465288162231,0.3084745705127716,0.07412499934434891,-0.09837500005960464,0.1497499942779541,0.8986250162124634,0.0008336600149050355,0.0005481599946506321,0.0001827200030675158,0.0,0.12099999934434891,0.01600000075995922,0.13699999451637268,0.03750000149011612,0.029500000178813934,0.0020000000949949026,-0.0002500000118743628,-0.3802344799041748,0.46702465415000916,-0.0732068344950676,-0.8604260683059692,-0.0961801
281,4681,-0.14314171803726852,-0.3792470562776369,-0.024141718037268528,0.14875294372236314,0.15069923959947346,0.6362919889984141,0.8391746878623962,0.5611634254455566,-1.0,0.8860465288162231,0.3084745705127716,0.07412499934434891,-0.09837500005960464,0.14949999749660492,0.9003750085830688,0.00041112001053988934,0.0011420000810176134,0.0001256200048374012,7.994000043254346e-05,0.13600000739097595,0.017999999225139618,0.15399999916553497,0.023250000551342964,0.04699999839067459,0.0,0.0,0.791597306728363,-0.05756552889943123,-0.8412958383560181,0.973323404788971,-0.04884867
282,4682,-0.1431377725885457,-0.3794560408598973,-0.024137772588545714,0.1485439591401027,0.15049232492905695,0.63668708605437,0.8299030065536499,0.5605981945991516,-1.0,0.8860465288162231,0.3084745705127716,0.07962500303983688,-0.09837500005960464,0.13349999487400055,0.909250020980835,0.000982120051048696,0.0010620600078254938,0.00013133000175002962,8.565000462112948e-05,0.17900000512599945,0.01899999938905239,0.1979999989271164,0.041749998927116394,0.04500000178813934,0.0005000000237487257,0.0002500000118743628,0.37827256321907043,-0.6833692789077759,-0.05804510414600372,0.6815458536148071,-0.037229445
283,4683,-0.140167692089762,-0.3810642542077357,-0.02116769208976202,0.14693574579226432,0.14845263412932724,0.6405949645316648,0.8299121856689453,0.5602440237998962,-1.0,0.8860465288162231,0.3084745705127716,0.07962500303983688,-0.09837500005960464,0.132750004529953,0.9148749709129333,0.001541700097732246,0.000308340007904917,0.0001256200048374012,7.994000043254346e-05,0.16200000047683716,0.017999999225139618,0.18000000715255737,0.05575000122189522,0.019500000402331352,0.0,0.0005000000237487257,-0.15923736989498138,-0.6544878482818604,0.5422192811965942,0.9936843514442444,-0.057074744
284,4684,-0.1367609367184294,-0.3828864527754634,-0.017760936718429404,0.14511354722453662,0.1461964174020823,0.644945635228412,0.8368192911148071,0.5575181841850281,-1.0,0.8860465288162231,0.3084745705127716,0.0858749970793724,-0.10687500238418579,0.1421249955892563,0.9229999780654907,0.0008222400210797787,0.0001827200030675158,0.0001598800008650869,0.0,0.08799999952316284,0.014000000432133675,0.10199999809265137,0.03750000149011612,0.012000000104308128,0.001500000013038516,0.0,-0.7132018208503723,-0.5766276717185974,0.47930702567100525,-0.09317358583211899,-0.017017359
285,4685,-0.13513781002105707,-0.38259446882457404,-0.016137810021057075,0.14540553117542598,0.1462983164929915,0.6447485072389446,0.8447420001029968,0.5544297695159912,-1.0,0.8860465288162231,0.3084745705127716,0.0860000029206276,-0.11375000327825546,0.15137499570846558,0.9242500066757202,0.00016558999777771533,9.707000572234392e-05,0.00013703999866265804,7.994000043254346e-05,0.023000000044703484,0.01899999938905239,0.041999999433755875,0.01075000036507845,0.0042500002309679985,0.000750000006519258,0.0002500000118743628,-0.1273457556962967,0.3771491050720215,0.5832494497299194,0.2775808274745941,-0.01724471
286,4686,-0.13109198928709606,-0.3787928307369369,-0.012091989287096067,0.1492071692630631,0.14969634452589553,0.6382092741091716,0.8485167026519775,0.5549246072769165,-1.0,0.8860465288162231,0.3084745705127716,0.0858749970793724,-0.11375000327825546,0.16212500631809235,0.9259999990463257,0.00010848999954760075,0.0002969200140796602,0.0001598800008650869,7.994000043254346e-05,0.03550000116229057,0.020999999716877937,0.05649999901652336,0.0062500000931322575,0.0182499997317791,0.0010000000474974513,0.0005000000237487257,-0.9108701944351196,0.3590964078903198,0.6695247888565063,0.2125953584909439,-0.013393508
287,4687,-0.12992752650498116,-0.37916498003939125,-0.010927526504981161,0.14883501996060877,0.1492356324816291,0.6390919760738266,0.8579255938529968,0.5613681077957153,-1.0,0.8860465288162231,0.3084745705127716,0.0702499970793724,-0.10487499833106995,0.17475000023841858,0.9275000095367432,8.565000462112948e-05,0.00019985000835731626,0.00013133000175002962,7.994000043254346e-05,0.02500000037252903,0.01850000023841858,0.04349999874830246,0.0035000001080334187,0.013749999925494194,0.000750000006519258,0.0002500000118743628,-0.24578243494033813,-0.27226749062538147,0.25626039505004883,-0.41133779287338257,0.0
288,4688,-0.14305410831709398,-0.3742417131616559,-0.02405410831709398,0.15375828683834414,0.15562843859138664,0.6269519877929094,0.8606336712837219,0.5607373118400574,-1.0,0.8860465288162231,0.3084745705127716,0.06662499904632568,-0.10487499833106995,0.17949999868869781,0.9201250076293945,7.994000043254346e-05,9.13600015337579e-05,0.00013703999866265804,0.0,0.014999999664723873,0.012000000104308128,0.027000000700354576,0.0017500000540167093,0.0037499999161809683,0.000750000006519258,-0.0002500000118743628,-0.15084293484687805,-0.5476082563400269,-0.9442251920700073,-0.9582592844963074,-0.10381343
289,4689,-0.13560108934320128,-0.37791997212022316,-0.016601089343201286,0.15008002787977687,0.15099540037953327,0.6357269058733532,0.8301067352294922,0.5690818428993225,-1.0,0.8860465288162231,0.3084745705127716,0.06487499922513962,-0.11312499642372131,0.16237500309944153,0.9211249947547913,0.0,0.0,0.0,7.994000043254346e-05,0.0,0.007000000216066837,0.007000000216066837,-0.0002500000118743628,-0.0002500000118743628,-0.0002500000118743628,0.0005000000237487257,-0.35460901260375977,-0.6282901763916016,-0.7537012696266174,-0.9476871490478516,-0.28039205
290,4690,-0.11494256357471891,-0.38337172703720207,0.004057436425281086,0.14462827296279795,0.14468517591842917,0.6478762793710259,0.8474393486976624,0.5628474950790405,-1.0,0.8860465288162231,0.3084745705127716,0.06650000065565109,-0.11162500083446503,0.16599999368190765,0.9037500023841858,9.13600015337579e-05,9.13600015337579e-05,0.00013133000175002962,0.0,0.01600000075995922,0.011500000022351742,0.027499999850988388,0.004000000189989805,0.0042500002309679985,0.0,-0.0002500000118743628,-0.1521448791027069,-0.4255908727645874,0.6851913928985596,-0.9379063248634338,-0.10341563
291,4691,-0.12932523539784874,-0.38000859989454605,-0.010325235397848742,0.14799140010545397,0.1483511543305058,0.6407900165653001,0.8954824209213257,0.5536072254180908,-1.0,0.8860465288162231,0.3084745705127716,0.06575000286102295,-0.1172500029206276,0.17862500250339508,0.9053750038146973,0.0,0.0,0.00011991000064881518,7.423000351991504e-05,0.0,0.017000000923871994,0.017000000923871994,0.0,-0.0002500000118743628,0.0002500000118743628,0.0,-0.29983219504356384,-0.8262999653816223,0.014824600890278816,-0.9078724980354309,-0.18313585
292,4692,-0.12896394306474,-0.3798196975764041,-0.009963943064739994,0.14818030242359592,0.14851492244130127,0.6404752709782779,0.8620343208312988,0.5593074560165405,-1.0,0.8860465288162231,0.3084745705127716,0.06737499684095383,-0.11574999988079071,0.17874999344348907,0.8883749842643738,9.13600015337579e-05,9.13600015337579e-05,0.0001256200048374012,0.0,0.01600000075995922,0.010999999940395355,0.027000000700354576,0.0042500002309679985,0.0042500002309679985,0.0005000000237487257,0.0,-0.43690618872642517,-0.679815411567688,-0.06262543052434921,0.9654480814933777,-0.04266074
293,4693,-0.11812078328074041,-0.38290829113404734,0.0008792167192595846,0.14509170886595268,0.14509437274988235,0.6470814405770401,0.8628745675086975,0.5596276521682739,-1.0,0.8860465288162231,0.3084745705127716,0.061500001698732376,-0.12612499296665192,0.17787499725818634,0.8985000252723694,0.0,0.0,0.0,0.0,0.0,0.0,0.0,-0.0002500000118743628,-0.0002500000118743628,0.0,-0.0002500000118743628,-0.44891321659088135,-0.3576337993144989,0.1262991577386856,0.9451095461845398,-0.17457144
294,4694,-0.12980934352362966,-0.37817963761109274,-0.010809343523629666,0.14982036238890728,0.1502097962642761,0.6372269618745596,0.8880912065505981,0.5543927550315857,-1.0,0.8860465288162231,0.3084745705127716,0.06499999761581421,-0.1223749965429306,0.18150000274181366,0.9072499871253967,7.423000351991504e-05,0.0,0.00013133000175002962,0.0,0.006500000134110451,0.011500000022351742,0.017999999225139618,0.0002500000118743628,-0.0002500000118743628,0.0002500000118743628,0.0,0.2338956743478775,-0.13494151830673218,0.5458582639694214,0.8972135782241821,-0.08160723
295,4695,-0.11814873600159162,-0.3826683540424845,0.0008512639984083747,0.14533164595751552,0.14533413902836326,0.6466161630072643,0.8609085083007812,0.562407374382019,-1.0,0.8860465288162231,0.3084745705127716,0.0677499994635582,-0.12037499994039536,0.19162499904632568,0.9148749709129333,9.13600015337579e-05,9.13600015337579e-05,0.0001256200048374012,7.994000043254346e-05,0.01600000075995922,0.017999999225139618,0.03400000184774399,0.0035000001080334187,0.0032500000670552254,0.0002500000118743628,0.0002500000118743628,-0.04663990065455437,-0.22408901154994965,0.3998560607433319,0.9574702978134155,-0.054994702
296,4696,-0.149659074015278,-0.3707282229393706,-0.03065907401527801,0.15727177706062945,0.1602323022342331,0.6183523077430061,0.8880261778831482,0.5547993779182434,-1.0,0.8860465288162231,0.3084745705127716,0.06787499785423279,-0.12287499755620956,0.19887499511241913,0.9226250052452087,7.994000043254346e-05,7.423000351991504e-05,0.00011420000373618677,0.0,0.013500000350177288,0.009999999776482582,0.023499999195337296,0.0017500000540167093,0.0,0.0005000000237487257,0.0,-0.92445307970047,0.22554218769073486,-0.6017615795135498,-0.06375642865896225,-0.014113143
297,4697,-0.15343628736364723,-0.368063223546653,-0.03443628736364723,0.15993677645334703,0.16360204873313655,0.6121327267558819,0.8147463202476501,0.575036883354187,-1.0,0.8860465288162231,0.3084745705127716,0.051624998450279236,-0.11862500011920929,0.18799999356269836,0.9238749742507935,0.0,5.7100001868093386e-05,0.0,7.994000043254346e-05,0.004999999888241291,0.007000000216066837,0.012000000104308128,-0.0002500000118743628,-0.0002500000118743628,-0.0002500000118743628,0.0002500000118743628,0.2976108193397522,-0.8901485204696655,-0.48085886240005493,0.6074907779693604,-0.21472721
298,4698,-0.13722241361521398,-0.3746642364298735,-0.018222413615213984,0.15333576357012652,0.15441474264977964,0.6292389360054511,0.8059621453285217,0.5795538425445557,-1.0,0.8860465288162231,0.3084745705127716,0.05700000002980232,-0.11500000208616257,0.1914999932050705,0.9281250238418579,5.7100000958598685e-06,6.851999933132902e-05,0.00011991000064881518,7.994000043254346e-05,0.006500000134110451,0.017500000074505806,0.024000000208616257,0.0,0.0,0.0002500000118743628,0.0002500000118743628,-0.27207720279693604,-0.9697946906089783,-0.9577643871307373,-0.5672646760940552,-0.056649268
299,4699,-0.10626352419334689,-0.3859582060772816,0.012736475806653103,0.14204179392271843,0.14261167216170445,0.6519189618084865,0.8436688184738159,0.5683656930923462,-1.0,0.8860465288162231,0.3084745705127716,0.060750000178813934,-0.13312500715255737,0.17374999821186066,0.9176250100135803,7.423000351991504e-05,6.851999933132902e-05,0.0,0.0,0.012500000186264515,0.0,0.012500000186264515,0.0,0.0,0.0,0.0,0.35078537464141846,-0.16350024938583374,-0.6498042941093445,-0.24306821823120117,-0.11752474
300,4700,-0.13799636237652518,-0.3789785130019473,-0.01899636237652519,0.14902148699805273,0.15022737889829224,0.6371933503756679,0.9156662225723267,0.5492233633995056,-1.0,0.8860465288162231,0.3084745705127716,0.06712500005960464,-0.13600000739097595,0.17737500369548798,0.9190000295639038,7.423000351991504e-05,0.0,0.00011991000064881518,7.994000043254346e-05,0.006500000134110451,0.017500000074505806,0.024000000208616257,0.0002500000118743628,-0.0002500000118743628,0.0002500000118743628,0.0002500000118743628,0.5550910234451294,-0.5731545686721802,-0.809981107711792,-0.3654194474220276,-0.09277855
301,4701,-0.1380094579675457,-0.37875437651891153,-0.019009457967545718,0.1492456234810885,0.15045137294314972,0.6367653116612387,0.8418689370155334,0.5610533952713013,-1.0,0.8860465288162231,0.3084745705127716,0.07737500220537186,-0.132750004529953,0.16249999403953552,0.9123749732971191,7.994000043254346e-05,7.423000351991504e-05,0.0,-2.2840000383439474e-05,0.013500000350177288,0.0020000000949949026,0.01549999974668026,0.0005000000237487257,0.000750000006519258,-0.0002500000118743628,0.0,-0.9711347818374634,-0.27268102765083313,-0.8028869032859802,-0.8170400261878967,-0.1907552
302,4702,-0.13819559182736174,-0.37880508560215437,-0.019195591827361747,0.14919491439784566,0.15042470949874948,0.6368162487679001,0.8418384790420532,0.5614332556724548,-1.0,0.8860465288162231,0.3084745705127716,0.05962499976158142,-0.13725000619888306,0.16625000536441803,0.9137499928474426,0.0,0.0,0.0,7.994000043254346e-05,0.0,0.007000000216066837,0.007000000216066837,-0.0002500000118743628,-0.0002500000118743628,-0.0002500000118743628,0.0005000000237487257,0.9149029850959778,-0.7574304342269897,-0.8904314041137695,-0.7241300344467163,-0.24574342
303,4703,-0.1371870292620215,-0.38037529730151065,-0.01818702926202151,0.14762470269848937,0.14874078418576056,0.6400414413871801,0.8414056301116943,0.5613473057746887,-1.0,0.8860465288162231,0.3084745705127716,0.0767500028014183,-0.13362500071525574,0.16975000500679016,0.9006249904632568,5.139000131748617e-05,7.423000351991504e-05,4.568000076687895e-05,0.0,0.010999999940395355,0.004000000189989805,0.014999999664723873,-0.0002500000118743628,0.0,0.0002500000118743628,-0.0002500000118743628,-0.5021202564239502,0.18841388821601868,-0.47191962599754333,-0.8880026340484619,-0.1689498
304,4704,-0.13692868730640362,-0.3806532423406046,-0.017928687306403623,0.14734675765939542,0.1484335030283507,0.6406317314475966,0.843751072883606,0.5586859583854675,-1.0,0.8860465288162231,0.3084745705127716,0.07975000143051147,-0.13062499463558197,0.16124999523162842,0.9022499918937683,7.994000043254346e-05,7.994000043254346e-05,0.0,7.994000043254346e-05,0.014000000432133675,0.007000000216066837,0.020999999716877937,0.0012499999720603228,0.0010000000474974513,-0.0002500000118743628,0.0,-0.6360008716583252,-0.8880490660667419,0.7238239049911499,-0.02176298387348652,0.0
305,4705,-0.10804536082526225,-0.3903217170641994,0.01095463917473774,0.13767828293580064,0.13811340887690474,0.6607760993918311,0.8443518877029419,0.5582148432731628,-1.0,0.8860465288162231,0.3084745705127716,0.06849999725818634,-0.14675000309944153,0.1745000034570694,0.9022499918937683,0.0,0.0,0.00011991000064881518,-8.565000462112948e-05,0.0,0.017999999225139618,0.017999999225139618,0.0,0.0,0.0002500000118743628,-0.000750000006519258,0.9241013526916504,-0.7419677376747131,0.9133708477020264,0.5334548950195312,-0.121469654
306,4706,-0.13014989985537193,-0.38415692895794423,-0.01114989985537193,0.1438430710420558,0.14427456239266412,0.6486748514167656,0.911522388458252,0.5418276190757751,-1.0,0.8860465288162231,0.3084745705127716,0.0858749970793724,-0.14300000667572021,0.19162499904632568,0.9067500233650208,2.8550000934046693e-05,0.0,0.0001256200048374012,7.994000043254346e-05,0.0024999999441206455,0.017999999225139618,0.020500000566244125,-0.0002500000118743628,0.0,0.0002500000118743628,0.0,0.2581002712249756,0.9854185581207275,-0.9047545790672302,-0.7568771243095398,0.0
307,4707,-0.1270759799124293,-0.380226435370103,-0.00807597991242931,0.14777356462989705,0.14799408047274162,0.6414768124446008,0.8601165413856506,0.5522763729095459,-1.0,0.8860465288162231,0.3084745705127716,0.08762499690055847,-0.12787500023841858,0.17475000023841858,0.8927500247955322,0.00010278000263497233,0.00010848999954760075,0.0001256200048374012,0.0,0.01850000023841858,0.010999999940395355,0.029500000178813934,0.005750000011175871,0.006500000134110451,0.0002500000118743628,-0.0002500000118743628,-0.9433073401451111,0.86181640625,0.8678207993507385,0.6044858694076538,-0.028033033
308,4708,-0.13007365823453299,-0.3788137975651352,-0.01107365823453299,0.1491862024348648,0.1495966206290493,0.6384002368205186,0.8672651648521423,0.5589382648468018,-1.0,0.8860465288162231,0.3084745705127716,0.07112500071525574,-0.1146249994635582,0.19075000286102295,0.8986250162124634,9.13600015337579e-05,0.0001827200030675158,0.0001256200048374012,7.994000043254346e-05,0.024000000208616257,0.017999999225139618,0.041999999433755875,0.0035000001080334187,0.012249999679625034,0.000750000006519258,0.0,-0.3502296805381775,0.45776042342185974,-0.863079845905304,-0.7836740612983704,0.0
309,4709,-0.1328785259132873,-0.3779512373820954,-0.01387852591328731,0.15004876261790462,0.1506892320130741,0.6363110925263483,0.8602938055992126,0.5613325238227844,-1.0,0.8860465288162231,0.3084745705127716,0.06549999862909317,-0.10537499934434891,0.17487500607967377,0.8840000033378601,7.994000043254346e-05,0.00016558999777771533,0.00011991000064881518,0.0,0.0215000007301569,0.010499999858438969,0.03200000151991844,0.0017500000540167093,0.01075000036507845,0.0002500000118743628,0.0,0.7419750690460205,0.872474193572998,-0.43064436316490173,-0.9847501516342163,-0.11007502
310,4710,-0.13097554070058579,-0.37888382214391025,-0.01197554070058579,0.14911617785608977,0.1495962836218881,0.6384008822571995,0.8537708520889282,0.5627945065498352,-1.0,0.8860465288162231,0.3084745705127716,0.06837499886751175,-0.09950000047683716,0.1667499989271164,0.8858749866485596,0.00041112001053988934,0.0007251700153574347,0.0001256200048374012,7.423000351991504e-05,0.09950000047683716,0.017500000074505806,0.11699999868869781,0.023749999701976776,0.03150000050663948,0.0005000000237487257,0.0005000000237487257,-0.010096736252307892,-0.8321719169616699,0.21825557947158813,0.6035388112068176,-0.02591445
311,4711,-0.1301294305413321,-0.37925363724513356,-0.011129430541332114,0.14874636275486647,0.14916214217078227,0.6392328928112222,0.8581964373588562,0.5612138509750366,-1.0,0.8860465288162231,0.3084745705127716,0.06849999725818634,-0.10187499970197678,0.17024999856948853,0.8924999833106995,0.00041112001053988934,9.707000572234392e-05,0.0001598800008650869,7.994000043254346e-05,0.04450000077486038,0.020999999716877937,0.06549999862909317,0.023250000551342964,0.005249999929219484,0.001500000013038516,0.0,0.715692400932312,0.7260344624519348,0.3783889412879944,0.8242600560188293,-0.038122028
312,4712,-0.12497558545232523,-0.3797999846534999,-0.005975585452325238,0.14820001534650012,0.14832043746632126,0.640849068465821,0.8601641058921814,0.5605870485305786,-1.0,0.8860465288162231,0.3084745705127716,0.07237499952316284,-0.1016250029206276,0.17675000429153442,0.9006249904632568,0.000982120051048696,0.0006338100065477192,0.00021127000218257308,7.994000043254346e-05,0.14149999618530273,0.025499999523162842,0.16699999570846558,0.042249999940395355,0.03175000101327896,0.0024999999441206455,0.0002500000118743628,-0.06939974427223206,0.30395928025245667,0.969061553478241,0.10428892821073532,-0.005247037
313,4713,-0.1239277781104397,-0.3797186271745775,-0.004927778110439707,0.14828137282542253,0.1483632317122328,0.6407667997889887,0.8721498250961304,0.5596610307693481,-1.0,0.8860465288162231,0.3084745705127716,0.07225000113248825,-0.10199999809265137,0.19437499344348907,0.9012500047683716,0.0008964700391516089,0.0010163800325244665,0.00028550002025440335,8.565000462112948e-05,0.16750000417232513,0.032499998807907104,0.20000000298023224,0.03999999910593033,0.04374999925494194,0.0035000001080334187,0.000750000006519258,-0.09555230289697647,-0.3036132752895355,0.17194221913814545,0.6940507888793945,-0.035136323
314,4714,-0.11884753941615894,-0.38015021451163317,0.000152460583841052,0.14784978548836686,0.14784986409593254,0.6417544068758586,0.8745865821838379,0.5597989559173584,-1.0,0.8860465288162231,0.3084745705127716,0.07225000113248825,-0.10199999809265137,0.19737499952316284,0.9078750014305115,0.0007765600457787514,0.0006395200034603477,0.0003140500048175454,7.994000043254346e-05,0.12399999797344208,0.03449999913573265,0.15850000083446503,0.0364999994635582,0.032499998807907104,0.0037499999161809683,0.0002500000118743628,0.012665917165577412,-0.5119136571884155,0.9838846325874329,0.8041870594024658,-0.043375842
315,4715,-0.1139725315779681,-0.38050986274910986,0.005027468422031889,0.14749013725089016,0.14757579755847822,0.6422822740767912,0.8864010572433472,0.55906742811203,-1.0,0.8860465288162231,0.3084745705127716,0.07225000113248825,-0.10737500339746475,0.2161249965429306,0.9147499799728394,0.0007822700426913798,0.00041683000745251775,0.00026266000350005925,7.994000043254346e-05,0.10499999672174454,0.029999999329447746,0.13500000536441803,0.03674999997019768,0.024250000715255737,0.003000000026077032,0.0002500000118743628,0.4495314955711365,0.7980480194091797,0.79575115442276,0.4766230583190918,-0.027346248
316,4716,-0.11238413357998467,-0.38019361119159006,0.006615866420015326,0.14780638880840996,0.14795437898578853,0.6415532197446355,0.8977382779121399,0.5584578514099121,-1.0,0.8860465288162231,0.3084745705127716,0.07212500274181366,-0.10762500017881393,0.23012499511241913,0.9183750152587891,0.0014389200368896127,0.001416080049239099,0.0003654400061350316,7.994000043254346e-05,0.25,0.039000000804662704,0.289000004529953,0.05375000089406967,0.054499998688697815,0.004749999847263098,0.0005000000237487257,-0.8649746179580688,0.10086049139499664,0.5314571261405945,0.15566107630729675,-0.00921319
317,4717,-0.11220185368004137,-0.3803357816712936,0.00679814631995862,0.1476642183287064,0.14782062159257564,0.6418107088616312,0.9014322757720947,0.5589938759803772,-1.0,0.8860465288162231,0.3084745705127716,0.07112500071525574,-0.10787499696016312,0.23937499523162842,0.9194999933242798,0.0003939900198020041,0.001570250024087727,0.00048534999950788915,7.994000043254346e-05,0.1720000058412552,0.0494999997317791,0.2214999943971634,0.023499999195337296,0.05874999985098839,0.006000000052154064,0.0005000000237487257,0.5848652124404907,-0.5997969508171082,-0.15086084604263306,0.786449670791626,-0.04699037
318,4718,-0.1159716358794306,-0.3803759659556178,0.0030283641205693934,0.14762403404438224,0.14765509275600242,0.6421295025492166,0.9018561840057373,0.5587528944015503,-1.0,0.8860465288162231,0.3084745705127716,0.07112500071525574,-0.10787499696016312,0.23887500166893005,0.9254999756813049,0.0011077399831265211,0.0007594299968332052,0.00016558999777771533,7.994000043254346e-05,0.16349999606609344,0.0215000007301569,0.1850000023841858,0.045249998569488525,0.0364999994635582,0.001500000013038516,0.0002500000118743628,0.4869312345981598,0.8332213759422302,-0.7685090899467468,0.7196117639541626,-0.086816706
319,4719,-0.11935957836542824,-0.380085379614033,-0.0003595783654282425,0.14791462038596703,0.14791505745030023,0.641628904781719,0.893089234828949,0.5586848258972168,-1.0,0.8860465288162231,0.3084745705127716,0.07137499749660492,-0.10762500017881393,0.22462500631809235,0.9303749799728394,0.0018386200536042452,0.0012790400069206953,0.0001484600070398301,8.565000462112948e-05,0.27300000190734863,0.020500000566244125,0.29350000619888306,0.06300000101327896,0.051500000059604645,0.0012499999720603228,0.0005000000237487257,-0.02629571221768856,0.9816794395446777,-0.6112900376319885,-0.44290417432785034,0.0
320,4720,-0.1158951258363104,-0.3801634168451321,0.003104874163689597,0.14783658315486792,0.1478691839514864,0.6417172121464385,0.8852102756500244,0.5591773390769958,-1.0,0.8860465288162231,0.3084745705127716,0.07137499749660492,-0.10237500071525574,0.21312500536441803,0.9225000143051147,0.0017758100293576717,0.0024324599653482437,0.0001484600070398301,-8.565000462112948e-05,0.3684999942779541,0.020500000566244125,0.3889999985694885,0.06224999949336052,0.07774999737739563,0.001500000013038516,-0.0002500000118743628,-0.039582766592502594,-0.505465030670166,0.7251198291778564,-0.5919545292854309,0.0
321,4721,-0.11494706295148774,-0.379932762065576,0.004052937048512256,0.148067237934424,0.14812269660065108,0.641229347398384,0.8932671546936035,0.5590450763702393,-1.0,0.8860465288162231,0.3084745705127716,0.07112500071525574,-0.10237500071525574,0.22450000047683716,0.9116250276565552,0.0017415500478819013,0.0015645400853827596,0.0004739300056826323,-8.565000462112948e-05,0.28949999809265137,0.04899999871850014,0.3384999930858612,0.061500001698732376,0.05900000035762787,0.005750000011175871,-0.0005000000237487257,-0.9874692559242249,-0.08377406746149063,0.25169506669044495,-0.467190146446228,0.0
322,4722,-0.11615772004554273,-0.3793764340758154,0.0028422799544572663,0.14862356592418463,0.14865074134816808,0.640214358183685,0.8954719305038452,0.559436023235321,-1.0,0.8860465288162231,0.3084745705127716,0.07100000232458115,-0.10249999910593033,0.2290000021457672,0.9027500152587891,0.000433959998190403,0.001444630092009902,0.0004739300056826323,-7.994000043254346e-05,0.16449999809265137,0.048500001430511475,0.21299999952316284,0.02474999986588955,0.05624999850988388,0.006000000052154064,-0.0002500000118743628,-0.23054370284080505,0.8581454753875732,-0.2856106162071228,0.03879851475358009,-0.0019932739
323,4723,-0.11109134995456918,-0.3783140925105033,0.007908650045430815,0.14968590748949673,0.14989468851995813,0.6378296321405058,0.8926564455032349,0.560378909111023,-1.0,0.8860465288162231,0.3084745705127716,0.06812500208616257,-0.10237500071525574,0.22599999606609344,0.9028750061988831,0.00035973000922240317,0.0029121001716703176,0.00014275001012720168,7.994000043254346e-05,0.2865000069141388,0.019500000402331352,0.3059999942779541,0.02199999988079071,0.08799999952316284,0.001500000013038516,0.0,-0.5214558839797974,0.718650221824646,0.7375652194023132,-0.20696508884429932,-0.12186503
324,4724,-0.11148626977618661,-0.3774665189511782,0.007513730223813381,0.1505334810488218,0.1507208846130895,0.6362506726935697,0.9044387340545654,0.5621795058250427,-1.0,0.8860465288162231,0.3084745705127716,0.061250001192092896,-0.10212499648332596,0.23862500488758087,0.8992499709129333,0.00023982000129763037,0.0019813701510429382,0.00028550002025440335,-7.994000043254346e-05,0.19449999928474426,0.03200000151991844,0.226500004529953,0.016249999403953552,0.06875000149011612,0.0037499999161809683,-0.0005000000237487257,-0.5827373266220093,-0.7880562543869019,-0.10876674205064774,-0.7110028266906738,0.0
325,4725,-0.11202334307470596,-0.3756412968480648,0.006976656925294034,0.15235870315193523,0.15251835354472185,0.6328289841026153,0.9035202860832214,0.5636160969734192,-1.0,0.8860465288162231,0.3084745705127716,0.054875001311302185,-0.1002499982714653,0.2382500022649765,0.8857499957084656,0.00011420000373618677,0.0007080400246195495,0.00013133000175002962,0.0,0.07199999690055847,0.011500000022351742,0.08349999785423279,0.007249999791383743,0.03550000116229057,0.0005000000237487257,0.0,-0.5604051947593689,-0.25690287351608276,-0.2012762874364853,-0.30664271116256714,-0.042089272
326,4726,-0.11993443368997511,-0.3719026645757488,-0.0009344336899751171,0.15609733542425125,0.1561001322641085,0.6260654273610432,0.9022712707519531,0.5667096376419067,-1.0,0.8860465288162231,0.3084745705127716,0.04625000059604645,-0.09574999660253525,0.23462499678134918,0.887624979019165,9.13600015337579e-05,0.0002512400096748024,0.00011991000064881518,7.994000043254346e-05,0.029999999329447746,0.017500000074505806,0.04749999940395355,0.0035000001080334187,0.017000000923871994,0.0002500000118743628,0.0005000000237487257,-0.96730637550354,-0.8568484783172607,-0.1339658498764038,-0.4754440486431122,0.0
327,4727,-0.10917395689078402,-0.37423163893483735,0.009826043109215976,0.15376836106516267,0.1540819911211249,0.6298673902854809,0.8838734030723572,0.5730463266372681,-1.0,0.8860465288162231,0.3084745705127716,0.029874999076128006,-0.10324999690055847,0.23225000500679016,0.8790000081062317,7.423000351991504e-05,2.2840000383439474e-05,0.0,-1.1420000191719737e-05,0.008500000461935997,0.0010000000474974513,0.009499999694526196,0.0,0.0,0.0,0.0,0.3825156092643738,-0.7295423746109009,-0.951018750667572,-0.9181684255599976,-0.31197295
328,4728,-0.09818064255847872,-0.3799623854062903,0.020819357441521275,0.14803761459370973,0.14949441788532966,0.6385960055985272,0.9088977575302124,0.5690988898277283,-1.0,0.8860465288162231,0.3084745705127716,0.03487500175833702,-0.10125000029802322,0.2357500046491623,0.8809999823570251,9.707000572234392e-05,8.565000462112948e-05,0.00013133000175002962,7.994000043254346e-05,0.01600000075995922,0.01850000023841858,0.03449999913573265,0.0042500002309679985,0.0035000001080334187,0.0005000000237487257,0.0005000000237487257,0.404233455657959,-0.8538640141487122,-0.6635774374008179,0.9551832675933838,-0.038684923
329,4729,-0.11517838823945162,-0.37592876324914976,0.003821611760548377,0.15207123675085027,0.1521192484972941,0.6335871336091279,0.934463620185852,0.5593857765197754,-1.0,0.8860465288162231,0.3084745705127716,0.04462499916553497,-0.11550000309944153,0.22362500429153442,0.8920000195503235,2.8550000934046693e-05,7.423000351991504e-05,0.0,0.0,0.008999999612569809,0.0,0.008999999612569809,-0.0002500000118743628,0.0,0.0,-0.0002500000118743628,-0.8960325717926025,0.08234952390193939,0.858076810836792,-0.9290058612823486,-0.21330385
330,4730,-0.0948571683443093,-0.38113350814253477,0.0241428316556907,0.14686649185746525,0.1488376388917599,0.6398554953262161,0.8949339985847473,0.5662224292755127,-1.0,0.8860465288162231,0.3084745705127716,0.04699999839067459,-0.11524999886751175,0.2395000010728836,0.893875002861023,8.565000462112948e-05,7.994000043254346e-05,0.00011420000373618677,7.423000351991504e-05,0.014499999582767487,0.016499999910593033,0.03099999949336052,0.0024999999441206455,0.0024999999441206455,0.0002500000118743628,0.0,-0.16732625663280487,-0.9967864155769348,0.1389874517917633,0.8689993619918823,-0.040788658
331,4731,-0.11356235687582289,-0.37836364558075963,0.005437643124177105,0.1496363544192404,0.14973512121952698,0.6381350354908629,0.9421926140785217,0.5574008226394653,-1.0,0.8860465288162231,0.3084745705127716,0.045249998569488525,-0.13262499868869781,0.24199999868869781,0.9026250243186951,0.0,7.423000351991504e-05,0.00011991000064881518,0.0,0.006500000134110451,0.010499999858438969,0.017000000923871994,-0.0002500000118743628,0.0,0.0002500000118743628,-0.0002500000118743628,0.5909725427627563,0.6846733093261719,-0.31737440824508667,0.5696643590927124,-0.029230902
332,4732,-0.11326682193142643,-0.37868552508596276,0.005733178068573569,0.14931447491403727,0.14942450183828834,0.6387299639718995,0.8986921906471252,0.5620955228805542,-1.0,0.8860465288162231,0.3084745705127716,0.054875001311302185,-0.12125000357627869,0.23612500727176666,0.9075000286102295,8.565000462112948e-05,8.565000462112948e-05,0.00011991000064881518,7.423000351991504e-05,0.014999999664723873,0.017000000923871994,0.03200000151991844,0.0024999999441206455,0.002749999985098839,0.0002500000118743628,0.0002500000118743628,-0.22356963157653809,0.49698859453201294,-0.9947987198829651,-0.0808304101228714,0.0
333,4733,-0.12666615877642903,-0.37333794282689126,-0.007666158776429038,0.15466205717310877,0.154851935471932,0.6284141807505775,0.8993794918060303,0.561549961566925,-1.0,0.8860465288162231,0.3084745705127716,0.051874998956918716,-0.11262500286102295,0.21762500703334808,0.906374990940094,7.423000351991504e-05,9.13600015337579e-05,0.0001256200048374012,-7.994000043254346e-05,0.014499999582767487,0.017999999225139618,0.032499998807907104,0.0002500000118743628,0.004000000189989805,0.0,-0.0005000000237487257,-0.8222734928131104,0.04538175091147423,-0.9754819869995117,-0.919244110584259,0.0
334,4734,-0.1154576164297774,-0.37720161757549886,0.0035423835702226014,0.15079838242450117,0.1508399835030642,0.6360233830543128,0.8682182431221008,0.57061368227005,-1.0,0.8860465288162231,0.3084745705127716,0.03662500157952309,-0.10975000262260437,0.1993750035762787,0.8888750076293945,7.423000351991504e-05,0.0,0.0,5.139000131748617e-05,0.006500000134110451,0.0044999998062849045,0.010999999940395355,0.0,-0.0002500000118743628,0.0,0.0002500000118743628,0.9354392886161804,-0.9675980806350708,0.9507740139961243,0.9550125598907471,-0.1591982
335,4735,-0.11423411962648627,-0.378265086621809,0.00476588037351372,0.149734913378191,0.14981074026954477,0.6379902864146645,0.8942846059799194,0.5640650391578674,-1.0,0.8860465288162231,0.3084745705127716,0.05062500014901161,-0.1080000028014183,0.21699999272823334,0.8989999890327454,0.00011991000064881518,9.13600015337579e-05,0.0001256200048374012,2.8550000934046693e-05,0.01850000023841858,0.013500000350177288,0.03200000151991844,0.007000000216066837,0.0037499999161809683,0.0002500000118743628,-0.0002500000118743628,0.7204402685165405,0.7106567621231079,0.23799246549606323,-0.009198741056025028,0.0
336,4736,-0.11825979577396784,-0.378362227789541,0.0007402042260321595,0.14963777221045904,0.14963960296126647,0.6383179223345359,0.8971299529075623,0.5622625946998596,-1.0,0.8860465288162231,0.3084745705127716,0.05687500163912773,-0.10400000214576721,0.22087499499320984,0.8988749980926514,0.00035973000922240317,0.00037115000304766,0.00016558999777771533,-7.994000043254346e-05,0.06400000303983688,0.0215000007301569,0.08550000190734863,0.0215000007301569,0.02225000038743019,0.0012499999720603228,-0.0002500000118743628,0.3651287853717804,0.03345763310790062,-0.5682718753814697,-0.3587668836116791,0.0
337,4737,-0.12333806551076615,-0.37981342725863293,-0.004338065510766154,0.1481865727413671,0.14825005616595285,0.6409843941242476,0.8877679109573364,0.5620979070663452,-1.0,0.8860465288162231,0.3084745705127716,0.06187500059604645,-0.10400000214576721,0.21062499284744263,0.8922500014305115,0.0004510900180321187,0.0003882800228893757,0.00013133000175002962,0.0,0.07349999994039536,0.011500000022351742,0.08500000089406967,0.02500000037252903,0.023499999195337296,0.0005000000237487257,-0.0002500000118743628,-0.24319186806678772,-0.9222802519798279,-0.9756020307540894,-0.6773823499679565,-0.078513235
338,4738,-0.13468576035977292,-0.37536695366519457,-0.015685760359772927,0.15263304633480546,0.15343692486330365,0.6310874890726725,0.8759579658508301,0.559638261795044,-1.0,0.8860465288162231,0.3084745705127716,0.06700000166893005,-0.10975000262260437,0.19249999523162842,0.8939999938011169,0.00010278000263497233,6.851999933132902e-05,0.00011991000064881518,7.994000043254346e-05,0.014999999664723873,0.017500000074505806,0.032499998807907104,0.005750000011175871,0.0005000000237487257,0.0002500000118743628,0.0002500000118743628,-0.9490337371826172,-0.8385591506958008,-0.9258649945259094,0.6551411151885986,-0.030791631
339,4739,-0.13461987675241238,-0.3757563794958567,-0.015619876752412387,0.1522436205041433,0.1530428062143731,0.6318341004115235,0.8495680093765259,0.5671746730804443,-1.0,0.8860465288162231,0.3084745705127716,0.0521249994635582,-0.125,0.17537499964237213,0.9006249904632568,0.0,0.0,-1.1420000191719737e-05,6.28100024187006e-05,0.0,0.006500000134110451,0.006500000134110451,0.0,-0.0002500000118743628,0.0,0.0,-0.44169142842292786,-0.7016494870185852,-0.9607182741165161,0.9005151987075806,-0.31571308
340,4740,-0.13807355338136082,-0.37435358927813767,-0.019073553381360825,0.15364641072186236,0.15482577293946523,0.6284635054054585,0.8497211933135986,0.5665146112442017,-1.0,0.8860465288162231,0.3084745705127716,0.0560000017285347,-0.12125000357627869,0.17900000512599945,0.9089999794960022,0.0,0.0,0.00011991000064881518,0.0,0.0,0.010499999858438969,0.010499999858438969,-0.0002500000118743628,-0.0002500000118743628,0.0002500000118743628,0.0,-0.9092514514923096,-0.8479918241500854,-0.9310993552207947,-0.10947876423597336,-0.2357722
341,4741,-0.11198523663265245,-0.38491145569068075,0.0070147633673475485,0.14308854430931928,0.14326038677059302,0.6506514675086305,0.84168940782547,0.568892240524292,-1.0,0.8860465288162231,0.3084745705127716,0.05974999815225601,-0.11774999648332596,0.16187499463558197,0.9103749990463257,5.7100000958598685e-06,7.423000351991504e-05,-5.7100000958598685e-06,8.565000462112948e-05,0.007000000216066837,0.00800000037997961,0.014999999664723873,-0.0002500000118743628,0.0002500000118743628,-0.0002500000118743628,0.0005000000237487257,0.45571842789649963,-0.7843227982521057,-0.8855760097503662,0.22226712107658386,-0.12082397
342,4742,-0.10107516306794814,-0.3881323258888439,0.017924836932051852,0.13986767411115614,0.14101158122759005,0.6550558736629638,0.9023599028587341,0.5509975552558899,-1.0,0.8860465288162231,0.3084745705127716,0.06812500208616257,-0.13224999606609344,0.1655000001192093,0.9122499823570251,0.0,7.423000351991504e-05,0.00011991000064881518,7.423000351991504e-05,0.006500000134110451,0.017000000923871994,0.023499999195337296,0.0,0.0,0.0,0.0002500000118743628,-0.40120163559913635,0.11668077111244202,0.26920610666275024,-0.8192499279975891,-0.0721442
343,4743,-0.11601727375625973,-0.38408537337363685,0.002982726243740269,0.14391462662636317,0.14394553279921757,0.6493154672050011,0.9277321696281433,0.5455384254455566,-1.0,0.8860465288162231,0.3084745705127716,0.07175000011920929,-0.12999999523162842,0.1704999953508377,0.8972499966621399,7.423000351991504e-05,0.0,0.0,0.0,0.006500000134110451,0.0,0.006500000134110451,0.0002500000118743628,-0.0002500000118743628,0.0,-0.0002500000118743628,-0.7838073968887329,0.055374424904584885,-0.9283918738365173,-0.32922184467315674,-0.17049892
344,4744,-0.12769024843679092,-0.37973050912329953,-0.00869024843679092,0.1482694908767005,0.14852394535134433,0.6404579343606546,0.892983078956604,0.5523976683616638,-1.0,0.8860465288162231,0.3084745705127716,0.057374998927116394,-0.1262499988079071,0.17425000667572021,0.8988749980926514,0.0,0.0,0.0,7.994000043254346e-05,0.0,0.007000000216066837,0.007000000216066837,-0.0002500000118743628,-0.0002500000118743628,0.0,0.0002500000118743628,-0.779131293296814,-0.053415022790431976,0.8677000999450684,-0.2980459928512573,-0.14790557
345,4745,-0.09904465262692885,-0.38774395221943003,0.01995534737307114,0.14025604778057,0.1416685385955734,0.6537661137084788,0.8658366203308105,0.5597788095474243,-1.0,0.8860465288162231,0.3084745705127716,0.061124999076128006,-0.12262500077486038,0.19050000607967377,0.893625020980835,0.0,7.423000351991504e-05,0.00011420000373618677,0.0,0.006500000134110451,0.009999999776482582,0.016499999910593033,-0.0002500000118743628,0.0,0.0,-0.0002500000118743628,-0.9954061508178711,-0.8811138272285461,0.41444116830825806,0.9446669816970825,-0.16376285
346,4746,-0.09969893017604248,-0.38782542912549284,0.019301069823957517,0.1401745708745072,0.14149714349131406,0.6541023570804332,0.9324542880058289,0.546196699142456,-1.0,0.8860465288162231,0.3084745705127716,0.06487499922513962,-0.13899999856948853,0.19812500476837158,0.9028750061988831,0.0,0.0,0.00011420000373618677,7.423000351991504e-05,0.0,0.016499999910593033,0.016499999910593033,-0.0002500000118743628,-0.0002500000118743628,0.0002500000118743628,0.0,-0.8206924796104431,0.483706533908844,-0.5842304825782776,0.48346421122550964,-0.12693743
347,4747,-0.10531830785300716,-0.38592139667365777,0.01368169214699283,0.14207860332634226,0.14273583370397638,0.6516761772368506,0.9309327006340027,0.5460585951805115,-1.0,0.8860465288162231,0.3084745705127716,0.06837499886751175,-0.12999999523162842,0.1875,0.9071249961853027,7.423000351991504e-05,0.0,0.0,7.423000351991504e-05,0.006500000134110451,0.006500000134110451,0.013000000268220901,0.0002500000118743628,-0.0002500000118743628,-0.0002500000118743628,0.0002500000118743628,-0.14082522690296173,-0.9065762758255005,0.7936530709266663,0.4362058639526367,-0.13402192
348,4748,-0.12712276264607253,-0.38008490150673324,-0.008122762646072534,0.14791509849326678,0.14813796149291797,0.6411999831800324,0.9178643822669983,0.5492857694625854,-1.0,0.8860465288162231,0.3084745705127716,0.06587500125169754,-0.1264999955892563,0.20212499797344208,0.9108750224113464,0.0,7.423000351991504e-05,0.00011420000373618677,7.994000043254346e-05,0.006500000134110451,0.017000000923871994,0.023499999195337296,0.0,0.0002500000118743628,0.0002500000118743628,0.0002500000118743628,0.26624560356140137,0.5066468715667725,-0.8078759908676147,-0.6008291244506836,0.0
349,4749,-0.12529506357005607,-0.37798708206920406,-0.006295063570056075,0.15001291793079596,0.15014494121169308,0.6373509561010057,0.8671563863754272,0.5591781139373779,-1.0,0.8860465288162231,0.3084745705127716,0.06825000047683716,-0.1197500005364418,0.18712499737739563,0.8998749852180481,9.707000572234392e-05,0.00010278000263497233,0.00013133000175002962,0.0,0.017500000074505806,0.011500000022351742,0.028999999165534973,0.004999999888241291,0.005499999970197678,0.0,-0.0002500000118743628,-0.5009533762931824,0.5610687732696533,-0.14778338372707367,-0.4746083915233612,-0.05747334
350,4750,-0.1019178336458888,-0.3862300065813387,0.017082166354111195,0.1417699934186613,0.142795418138247,0.6515596983786062,0.8714068531990051,0.5627337694168091,-1.0,0.8860465288162231,0.3084745705127716,0.06062500178813934,-0.10949999839067459,0.18449999392032623,0.9014999866485596,8.565000462112948e-05,0.00011420000373618677,0.0,7.994000043254346e-05,0.017500000074505806,0.007000000216066837,0.02449999935925007,0.001500000013038516,0.006000000052154064,-0.0002500000118743628,0.0002500000118743628,0.12350384891033173,-0.785025417804718,-0.802690863609314,0.8404499888420105,-0.14292192
351,4751,-0.12064138178907491,-0.37919147797053826,-0.0016413817890749138,0.14880852202946176,0.14881757410591773,0.639894012175904,0.925772488117218,0.5487626791000366,-1.0,0.8860465288162231,0.3084745705127716,0.06350000202655792,-0.12099999934434891,0.18825000524520874,0.909250020980835,7.423000351991504e-05,0.0,0.0,7.423000351991504e-05,0.006500000134110451,0.006500000134110451,0.013000000268220901,0.0002500000118743628,-0.0002500000118743628,-0.0002500000118743628,0.0002500000118743628,-0.2648891806602478,0.9454154968261719,-0.623945415019989,0.8973507881164551,-0.13141233
352,4752,-0.12520235196321683,-0.3730038801048343,-0.0062023519632168345,0.1549961198951657,0.15512016745875504,0.6279087018035358,0.8822293281555176,0.5606924295425415,-1.0,0.8860465288162231,0.3084745705127716,0.05824999883770943,-0.10599999874830246,0.19162499904632568,0.9168750047683716,7.994000043254346e-05,0.00010278000263497233,0.00013133000175002962,7.423000351991504e-05,0.01600000075995922,0.017999999225139618,0.03400000184774399,0.0010000000474974513,0.004999999888241291,0.0005000000237487257,0.0002500000118743628,-0.8805353045463562,0.1581483781337738,0.8200394511222839,0.7051877975463867,-0.04120941
353,4753,-0.1281578335181004,-0.3700808876258591,-0.0091578335181004,0.1579191123741409,0.1581844239101366,0.6221629321630223,0.8716224431991577,0.5711798667907715,-1.0,0.8860465288162231,0.3084745705127716,0.042249999940395355,-0.1014999970793724,0.2071249932050705,0.922249972820282,7.423000351991504e-05,7.994000043254346e-05,0.0001256200048374012,7.994000043254346e-05,0.013500000350177288,0.017999999225139618,0.03150000050663948,0.0,0.0017500000540167093,0.0002500000118743628,0.0002500000118743628,-0.6307669878005981,0.19329608976840973,-0.06694111227989197,0.6767270565032959,-0.04136494
354,4754,-0.1201073237990268,-0.37101740829353624,-0.0011073237990268103,0.15698259170646378,0.15698649707816975,0.6244028716886091,0.8647492527961731,0.5761340856552124,-1.0,0.8860465288162231,0.3084745705127716,0.030500000342726707,-0.09724999964237213,0.20600000023841858,0.9271249771118164,7.423000351991504e-05,6.851999933132902e-05,0.0,6.851999933132902e-05,0.012500000186264515,0.006000000052154064,0.01850000023841858,0.0,0.0002500000118743628,0.0,0.0002500000118743628,-0.17429645359516144,0.3747636675834656,-0.9013789892196655,0.6897711157798767,-0.15398149
355,4755,-0.10883576363832517,-0.37429278054924003,0.010164236361674822,0.15370721945076,0.15404291938320333,0.6299412246534477,0.8834713697433472,0.574546754360199,-1.0,0.8860465288162231,0.3084745705127716,0.027374999597668648,-0.09037499874830246,0.2096250057220459,0.9318749904632568,5.7100000958598685e-06,7.423000351991504e-05,0.0001256200048374012,7.423000351991504e-05,0.007000000216066837,0.017500000074505806,0.02449999935925007,-0.0002500000118743628,0.0005000000237487257,0.0002500000118743628,0.0,0.18407447636127472,-0.9281736016273499,-0.5125462412834167,-0.858288049697876,-0.0019110632
356,4756,-0.10879982365819507,-0.3738034162563538,0.010200176341804923,0.1541965837436462,0.15453358869713474,0.6290146283137926,0.9096842408180237,0.5689952969551086,-1.0,0.8860465288162231,0.3084745705127716,0.03099999949336052,-0.10737500339746475,0.20024999976158142,0.9158750176429749,7.423000351991504e-05,0.0,0.0,0.0,0.006500000134110451,0.0,0.006500000134110451,0.0,-0.0002500000118743628,0.0,0.0,-0.21474148333072662,0.35802140831947327,-0.7552006840705872,-0.7492477297782898,-0.17885734
357,4757,-0.10878405827507043,-0.37420475172714107,0.010215941724929567,0.15379524827285895,0.15413417484982844,0.6297687915165178,0.9097678661346436,0.5698246955871582,-1.0,0.8860465288162231,0.3084745705127716,0.027124999091029167,-0.10087499767541885,0.20399999618530273,0.9172499775886536,0.0,0.0,0.0,7.423000351991504e-05,0.0,0.006500000134110451,0.006500000134110451,-0.0002500000118743628,0.0,0.0,0.0002500000118743628,-0.4007174074649811,-0.4451732635498047,-0.031249895691871643,-0.20448526740074158,-0.17725688
358,4758,-0.10794057776145494,-0.3751976327284498,0.011059422238545058,0.15280236727155022,0.15320207003836517,0.6315322875741847,0.9098045229911804,0.5691444873809814,-1.0,0.8860465288162231,0.3084745705127716,0.030750000849366188,-0.09712500125169754,0.20774999260902405,0.9137499928474426,6.28100024187006e-05,0.0,5.7100000958598685e-06,-7.994000043254346e-05,0.005499999970197678,0.007499999832361937,0.013000000268220901,0.0,0.0,0.0,-0.0002500000118743628,-0.08344493806362152,-0.23651647567749023,0.2485027313232422,0.7600342035293579,-0.11522309
359,4759,-0.1227915965095106,-0.37068475915452936,-0.0037915965095106086,0.15731524084547066,0.15736092655535355,0.6237018809473167,0.9117661118507385,0.5674616098403931,-1.0,0.8860465288162231,0.3084745705127716,0.033250000327825546,-0.09475000202655792,0.2121250033378601,0.9196249842643738,8.565000462112948e-05,8.565000462112948e-05,0.00013133000175002962,7.994000043254346e-05,0.014999999664723873,0.01850000023841858,0.03350000083446503,0.0024999999441206455,0.002749999985098839,0.0005000000237487257,0.0002500000118743628,-0.4724363684654236,0.0832851231098175,-0.897040843963623,-0.4722551107406616,0.0
360,4760,-0.12073402633777824,-0.3710788242078741,-0.0017340263377782494,0.15692117579212594,0.15693075625677524,0.6245072946061415,0.877228856086731,0.5751105546951294,-1.0,0.8860465288162231,0.3084745705127716,0.025875000283122063,-0.09200000017881393,0.19562500715255737,0.9110000133514404,0.0,7.423000351991504e-05,0.0,0.0,0.006500000134110451,0.0,0.006500000134110451,-0.0002500000118743628,0.0002500000118743628,0.0,0.0,0.1794048398733139,-0.3787573277950287,0.6493260860443115,0.963023841381073,-0.05550734
361,4761,-0.12120846822535314,-0.37114472139900034,-0.002208468225353144,0.15685527860099968,0.15687082506603842,0.624619587097942,0.8820139169692993,0.5744426846504211,-1.0,0.8860465288162231,0.3084745705127716,0.029625000432133675,-0.0988750010728836,0.20762500166893005,0.918874979019165,6.851999933132902e-05,0.0,0.0001256200048374012,7.994000043254346e-05,0.006000000052154064,0.017999999225139618,0.024000000208616257,-0.0002500000118743628,0.0,0.0002500000118743628,0.0002500000118743628,-0.34794744849205017,-0.598502516746521,-0.23061533272266388,-0.915573239326477,-0.17950757
362,4762,-0.11898379182005303,-0.3723694808383715,1.6208179946963774e-05,0.1556305191616285,0.15563052000563102,0.6269480729647382,0.8809105157852173,0.5743309855461121,-1.0,0.8860465288162231,0.3084745705127716,0.023125000298023224,-0.0951249971985817,0.20350000262260437,0.9201250076293945,0.0,0.0,0.0,7.994000043254346e-05,0.0,0.007000000216066837,0.007000000216066837,-0.0002500000118743628,0.0,0.0,0.000750000006519258,0.9635909199714661,0.9609207510948181,-0.7369910478591919,0.03792953863739967,-0.09597725
363,4763,-0.1261346294433554,-0.368830271609704,-0.007134629443355411,0.15916972839029603,0.15932954959182746,0.6200292350331029,0.8860841989517212,0.5722551345825195,-1.0,0.8860465288162231,0.3084745705127716,0.03500000014901161,-0.0833749994635582,0.20675000548362732,0.9201250076293945,0.0001827200030675158,0.0001884299999801442,0.00013703999866265804,7.423000351991504e-05,0.032499998807907104,0.01850000023841858,0.050999999046325684,0.012000000104308128,0.012500000186264515,0.0010000000474974513,0.0012499999720603228,-0.7966701984405518,-0.34532400965690613,-0.5473018884658813,0.4790695607662201,-0.028804058
364,4764,-0.1184185599189696,-0.3661179094638489,0.0005814400810303932,0.1618820905361511,0.16188313472663682,0.6152974902307413,0.8694543242454529,0.5782538056373596,-1.0,0.8860465288162231,0.3084745705127716,0.026125000789761543,-0.08349999785423279,0.19699999690055847,0.9241250157356262,7.423000351991504e-05,0.0,0.0,7.423000351991504e-05,0.006500000134110451,0.006500000134110451,0.013000000268220901,0.0,0.0,0.0,0.0002500000118743628,-0.7865225076675415,0.9137330651283264,-0.9619101285934448,0.6417945623397827,-0.1560224
365,4765,-0.11303813961818576,-0.3673175116387789,0.005961860381814232,0.16068248836122112,0.16079305285106757,0.617312957898253,0.8873987197875977,0.582850992679596,-1.0,0.8860465288162231,0.3084745705127716,0.010874999687075615,-0.06875000149011612,0.2004999965429306,0.9286249876022339,7.423000351991504e-05,9.13600015337579e-05,0.00011991000064881518,7.423000351991504e-05,0.014499999582767487,0.017000000923871994,0.03150000050663948,0.0012499999720603228,0.004749999847263098,0.0005000000237487257,0.0002500000118743628,0.6254386901855469,0.8831508755683899,0.7082672119140625,0.8115416765213013,-0.05219227
366,4766,-0.10964931086244173,-0.36765211937714337,0.009350689137558266,0.16034788062285665,0.16062029201688416,0.6176329833275557,0.8999112844467163,0.5808177590370178,-1.0,0.8860465288162231,0.3084745705127716,0.01412499975413084,-0.06212500110268593,0.21312500536441803,0.934249997138977,0.0002969200140796602,0.00042254000436514616,0.00017701000615488738,2.2840000383439474e-05,0.06300000101327896,0.017500000074505806,0.08049999922513962,0.017999999225139618,0.02449999935925007,0.0017500000540167093,-0.0002500000118743628,-0.2200123816728592,-0.5505175590515137,0.6553657054901123,0.6765299439430237,-0.04536979
367,4767,-0.11997568181633186,-0.3652360778714825,-0.0009756818163318692,0.16276392212851754,0.16276684644504494,0.6136684138284954,0.907792329788208,0.58025062084198,-1.0,0.8860465288162231,0.3084745705127716,0.01412499975413084,-0.06437499821186066,0.2252500057220459,0.9381250143051147,0.0001598800008650869,0.00013703999866265804,0.0001827200030675158,7.994000043254346e-05,0.026000000536441803,0.023000000044703484,0.04899999871850014,0.009750000201165676,0.008500000461935997,0.0020000000949949026,0.0002500000118743628,-0.4747873842716217,-0.6565139293670654,-0.6651860475540161,-0.03403288498520851,0.0
368,4768,-0.1085511804939128,-0.3690463563694663,0.010448819506087198,0.15895364363053371,0.159296700067809,0.6200903410397535,0.8837774991989136,0.5843456387519836,-1.0,0.8860465288162231,0.3084745705127716,0.009999999776482582,-0.07249999791383743,0.21387499570846558,0.9380000233650208,7.423000351991504e-05,7.423000351991504e-05,0.0,-7.994000043254346e-05,0.013000000268220901,0.007000000216066837,0.019999999552965164,0.0002500000118743628,0.0002500000118743628,0.0,-0.000750000006519258,0.8034161925315857,0.5481229424476624,0.927480161190033,0.8480362892150879,-0.058514502
369,4769,-0.11413258050363817,-0.36885268218327033,0.0048674194963618245,0.1591473178167297,0.15922173388332614,0.6202298141435225,0.9103460907936096,0.5778875350952148,-1.0,0.8860465288162231,0.3084745705127716,0.016374999657273293,-0.0703750029206276,0.2304999977350235,0.9424999952316284,0.00028550002025440335,0.0002512400096748024,0.0001484600070398301,6.851999933132902e-05,0.04699999839067459,0.01899999938905239,0.06599999964237213,0.017500000074505806,0.016499999910593033,0.001500000013038516,0.0,0.6478785276412964,0.9624839425086975,-0.9829339385032654,0.11845238506793976,-0.0060952385
370,4770,-0.11396369337100992,-0.36905305336627453,0.005036306628990073,0.1589469466337255,0.15902671545575475,0.6205927890426216,0.8973661065101624,0.5782157778739929,-1.0,0.8860465288162231,0.3084745705127716,0.020999999716877937,-0.06350000202655792,0.2123750001192093,0.9432500004768372,0.0006623599911108613,0.0008450800087302923,0.0001484600070398301,8.565000462112948e-05,0.13199999928474426,0.020500000566244125,0.1525000035762787,0.032499998807907104,0.038750000298023224,0.0010000000474974513,0.0005000000237487257,0.5723038911819458,-0.4794344902038574,0.21164841949939728,0.9546894431114197,-0.06837963
371,4771,-0.11844661278407054,-0.37304203869529495,0.0005533872159294573,0.15495796130470507,0.1549589494321681,0.6282124658613218,0.8977588415145874,0.5778762102127075,-1.0,0.8860465288162231,0.3084745705127716,0.023125000298023224,-0.06362500041723251,0.21537500619888306,0.9483749866485596,0.0012562000192701817,0.00034831001539714634,0.00023982000129763037,8.565000462112948e-05,0.1404999941587448,0.02850000001490116,0.16899999976158142,0.0494999997317791,0.021250000223517418,0.002749999985098839,0.0002500000118743628,0.9268887639045715,-0.8820912837982178,-0.4816262722015381,0.808409571647644,-0.059973884
372,4772,-0.12401832569407065,-0.3740296200098665,-0.005018325694070652,0.15397037999013352,0.15405213892406,0.6299238015878238,0.8873334527015686,0.5711151957511902,-1.0,0.8860465288162231,0.3084745705127716,0.042249999940395355,-0.07887499779462814,0.20737500488758087,0.9521250128746033,0.001147710019722581,0.0003026300109922886,0.00013133000175002962,8.565000462112948e-05,0.12700000405311584,0.01899999938905239,0.1459999978542328,0.04600000008940697,0.01875000074505806,0.000750000006519258,0.0005000000237487257,0.5446947813034058,0.05316932499408722,-0.9746512770652771,0.7559540271759033,-0.057499755
373,4773,-0.12039061490429209,-0.37454976229708525,-0.0013906149042920979,0.15345023770291477,0.1534565386710292,0.6310503560791563,0.8743759989738464,0.5694413185119629,-1.0,0.8860465288162231,0.3084745705127716,0.04987499862909317,-0.07912500202655792,0.1889999955892563,0.9555000066757202,0.0013247199822217226,0.0003368900215718895,0.0001541700039524585,8.565000462112948e-05,0.14550000429153442,0.020999999716877937,0.1665000021457672,0.050999999046325684,0.020999999716877937,0.0010000000474974513,0.0005000000237487257,0.7997010350227356,0.9491155743598938,0.6009849309921265,0.7531026601791382,-0.058553733
374,4774,-0.12282529704805009,-0.3740901980628479,-0.003825297048050097,0.15390980193715215,0.1539573318482729,0.6301029907700111,0.8828125,0.5685597062110901,-1.0,0.8860465288162231,0.3084745705127716,0.04987499862909317,-0.07925000041723251,0.19862499833106995,0.9586250185966492,0.0026551501359790564,0.0015017300611361861,0.0003368900215718895,8.565000462112948e-05,0.36399999260902405,0.03700000047683716,0.4009999930858612,0.0807500034570694,0.05674999952316284,0.0042500002309679985,0.0005000000237487257,0.1495790183544159,-0.8730894327163696,-0.3356165587902069,-0.13901206851005554,-0.06495791
375,4775,-0.12483493294437054,-0.37697347173914153,-0.005834932944370541,0.1510265282608585,0.15113920299178896,0.6354527074540418,0.8771504759788513,0.5693386197090149,-1.0,0.8860465288162231,0.3084745705127716,0.04987499862909317,-0.07925000041723251,0.1941249966621399,0.9564999938011169,0.0017929400783032179,0.0004054100136272609,0.00013133000175002962,-2.2840000383439474e-05,0.19249999523162842,0.013500000350177288,0.20600000023841858,0.06199999898672104,0.024250000715255737,0.000750000006519258,-0.0002500000118743628,-0.06909004598855972,-0.9728744029998779,-0.3784755766391754,0.593861997127533,-0.046432585
376,4776,-0.12603126805707127,-0.37847346359776063,-0.0070312680570712716,0.1495265364022394,0.1496917626956828,0.6382180466690656,0.8724768757820129,0.5644517540931702,-1.0,0.8860465288162231,0.3084745705127716,0.06199999898672104,-0.09200000017881393,0.1873749941587448,0.9586250185966492,0.0007251700153574347,0.00019414001144468784,0.00011991000064881518,7.994000043254346e-05,0.08049999922513962,0.017500000074505806,0.09799999743700027,0.03525000065565109,0.013500000350177288,0.0002500000118743628,0.0002500000118743628,-0.5323122143745422,-0.7835364937782288,-0.16337613761425018,-0.983608603477478,0.0
377,4777,-0.12275835327414969,-0.3828524824533398,-0.003758353274149695,0.14514751754666022,0.1451961675434009,0.6468838621823538,0.869694709777832,0.5619093775749207,-1.0,0.8860465288162231,0.3084745705127716,0.06487499922513962,-0.10112500190734863,0.18462499976158142,0.9403749704360962,0.0001541700039524585,7.994000043254346e-05,0.0,8.565000462112948e-05,0.020500000566244125,0.007499999832361937,0.02800000086426735,0.009750000201165676,0.0024999999441206455,-0.0002500000118743628,0.0,0.5048273205757141,-0.9672120213508606,0.41490474343299866,-0.8783304691314697,0.0
378,4778,-0.126260853175011,-0.38319682135685573,-0.007260853175011017,0.1448031786431443,0.14498510452452495,0.6472935916692211,0.8773061633110046,0.5544873476028442,-1.0,0.8860465288162231,0.3084745705127716,0.07724999636411667,-0.1185000017285347,0.19212499260902405,0.9238749742507935,9.707000572234392e-05,7.423000351991504e-05,0.00011991000064881518,5.139000131748617e-05,0.014999999664723873,0.014999999664723873,0.029999999329447746,0.0037499999161809683,0.0010000000474974513,0.0002500000118743628,0.0002500000118743628,0.8177527189254761,0.2141595482826233,-0.15474733710289001,-0.8533717393875122,0.0
379,4779,-0.12632302072206766,-0.3856761865190761,-0.007323020722067669,0.14232381348092393,0.1425120855094355,0.6521137581865879,0.8691608309745789,0.5539036989212036,-1.0,0.8860465288162231,0.3084745705127716,0.08362500369548798,-0.1185000017285347,0.18937499821186066,0.9079999923706055,0.00035973000922240317,0.0001484600070398301,0.00013133000175002962,0.0,0.04450000077486038,0.011500000022351742,0.0560000017285347,0.0215000007301569,0.008999999612569809,0.0,0.0,0.18408793210983276,-0.7193495035171509,-0.09268040210008621,-0.7156840562820435,-0.08076841
380,4780,-0.11894129539551576,-0.3870638618116891,5.87046044842332e-05,0.1409361381883109,0.14093615041452373,0.6552041246278302,0.8690162301063538,0.5497013926506042,-1.0,0.8860465288162231,0.3084745705127716,0.0925000011920929,-0.12849999964237213,0.18787500262260437,0.909375011920929,0.0001827200030675158,7.994000043254346e-05,0.0,7.994000043254346e-05,0.023000000044703484,0.007000000216066837,0.029999999329447746,0.010499999858438969,0.0022499999031424522,-0.0002500000118743628,0.0005000000237487257,-0.8882817029953003,-0.6184000372886658,-0.936067521572113,0.8034310340881348,-0.15754439
381,4781,-0.12260394610316391,-0.3836229125503517,-0.0036039461031639186,0.14437708744964833,0.14442206136168365,0.6483878782983682,0.8861830234527588,0.5473493933677673,-1.0,0.8860465288162231,0.3084745705127716,0.08100000023841858,-0.13875000178813934,0.1913750022649765,0.9162499904632568,4.568000076687895e-05,0.0,0.00011420000373618677,1.1420000191719737e-05,0.004000000189989805,0.010999999940395355,0.014999999664723873,0.0002500000118743628,-0.0002500000118743628,0.0002500000118743628,0.0002500000118743628,-0.031688395887613297,0.9757165312767029,0.9173261523246765,0.20231448113918304,-0.03492837
382,4782,-0.11696853464522505,-0.38533084200060774,0.0020314653547749417,0.14266915799939228,0.14268362027837397,0.6517782639688798,0.8776652216911316,0.553181529045105,-1.0,0.8860465288162231,0.3084745705127716,0.08187499642372131,-0.12612499296665192,0.2082500010728836,0.9177500009536743,0.00010848999954760075,0.00017130000924225897,0.00013133000175002962,7.994000043254346e-05,0.02449999935925007,0.01850000023841858,0.0430000014603138,0.006000000052154064,0.010999999940395355,0.000750000006519258,0.0002500000118743628,-0.011635802686214447,-0.8492063879966736,0.6873448491096497,-0.7524555325508118,0.0
383,4783,-0.12024887712829765,-0.3839646627215781,-0.0012488771282976596,0.14403533727842194,0.14404075145246345,0.6491300128613744,0.8907708525657654,0.5502867102622986,-1.0,0.8860465288162231,0.3084745705127716,0.08275000005960464,-0.1368750035762787,0.2213750034570694,0.9039999842643738,9.13600015337579e-05,7.423000351991504e-05,0.0001256200048374012,0.0,0.014499999582767487,0.010999999940395355,0.025499999523162842,0.004000000189989805,0.000750000006519258,0.0002500000118743628,-0.0002500000118743628,-0.16511885821819305,0.7718695402145386,-0.45788004994392395,-0.5867765545845032,-0.06827766
384,4784,-0.12338037765589568,-0.3820471055398962,-0.00438037765589569,0.14595289446010384,0.1460186122030013,0.6452897510598331,0.8831421732902527,0.5526022911071777,-1.0,0.8860465288162231,0.3084745705127716,0.08124999701976776,-0.12700000405311584,0.21299999952316284,0.9056249856948853,7.994000043254346e-05,0.0001541700039524585,8.565000462112948e-05,7.423000351991504e-05,0.020500000566244125,0.014000000432133675,0.03449999913573265,0.0010000000474974513,0.009750000201165676,0.0,0.0,-0.16874611377716064,0.8915197849273682,-0.9928466081619263,-0.802297830581665,0.0
385,4785,-0.11841739462621628,-0.38000772517484444,0.0005826053737837122,0.1479922748251556,0.1479934216002385,0.6414780804001532,0.8758595585823059,0.5558523535728455,-1.0,0.8860465288162231,0.3084745705127716,0.07637500017881393,-0.11524999886751175,0.19425000250339508,0.890625,9.13600015337579e-05,0.0003140500048175454,0.00011991000064881518,0.0,0.03550000116229057,0.010499999858438969,0.04600000008940697,0.0044999998062849045,0.019500000402331352,0.0005000000237487257,0.0,-0.6760392189025879,0.023983735591173172,0.9458026885986328,-0.36083367466926575,-0.047020867
386,4786,-0.1289580913192487,-0.37626113917620596,-0.009958091319248713,0.15173886082379406,0.15206526712837892,0.6336897476201686,0.8874014019966125,0.5593089461326599,-1.0,0.8860465288162231,0.3084745705127716,0.06487499922513962,-0.1106249988079071,0.21187500655651093,0.8924999833106995,8.565000462112948e-05,0.0001598800008650869,0.00011420000373618677,7.994000043254346e-05,0.0215000007301569,0.017000000923871994,0.03849999979138374,0.0022499999031424522,0.010999999940395355,0.0005000000237487257,0.0002500000118743628,-0.9460180997848511,-0.8235487341880798,-0.1369563341140747,-0.5423004627227783,0.0
387,4787,-0.11735495472439872,-0.3804597947454526,0.0016450452756012757,0.14754020525454742,0.14754937594077705,0.6423331865046532,0.8628881573677063,0.5656591057777405,-1.0,0.8860465288162231,0.3084745705127716,0.048374999314546585,-0.12037499994039536,0.2096250057220459,0.8824999928474426,7.994000043254346e-05,0.0,0.0,-1.1420000191719737e-05,0.007000000216066837,0.0010000000474974513,0.00800000037997961,0.0,-0.0002500000118743628,0.0,0.0,0.9658399820327759,-0.9673616886138916,-0.6018400192260742,-0.6351759433746338,-0.2721878
388,4788,-0.07895223835310011,-0.3886642897802363,0.04004776164689988,0.1393357102197637,0.14497676832987025,0.6473097797677777,0.8898721933364868,0.5585427284240723,-1.0,0.8860465288162231,0.3084745705127716,0.06337500363588333,-0.11837500333786011,0.21312500536441803,0.8842499852180481,0.00010278000263497233,8.565000462112948e-05,0.0001256200048374012,7.994000043254346e-05,0.016499999910593033,0.017999999225139618,0.03449999913573265,0.006000000052154064,0.0032500000670552254,0.0005000000237487257,0.000750000006519258,-0.7444701194763184,-0.9352339506149292,0.8215649724006653,0.9758281111717224,-0.04110676
389,4789,-0.06830237343174955,-0.38996425904883614,0.05069762656825044,0.1380357409511639,0.14705140298409464,0.6432934973074436,0.9791808128356934,0.5446367859840393,-1.0,0.8860465288162231,0.3084745705127716,0.05262500047683716,-0.1342500001192093,0.22875000536441803,0.8952500224113464,0.0,6.851999933132902e-05,0.0,0.0,0.006000000052154064,0.0,0.006000000052154064,-0.0002500000118743628,0.0,0.0,-0.0002500000118743628,-0.0877956673502922,-0.8496043086051941,-0.740131139755249,0.2678019106388092,-1.0
