step,action_count,cube_x,cube_y,dist_to_goal_x,dist_to_goal_y,dist_to_goal,distance_reward,obs_cube_x_norm,obs_cube_y_norm,obs_cube_yaw_norm,obs_goal_x_norm,obs_goal_y_norm,obs_motor_16_pos_delta_norm,obs_motor_17_pos_delta_norm,obs_motor_18_pos_delta_norm,obs_motor_19_pos_delta_norm,obs_motor_16_current_norm,obs_motor_17_current_norm,obs_motor_18_current_norm,obs_motor_19_current_norm,obs_horizontal_tension_norm,obs_vertical_tension_norm,obs_total_tension_norm,obs_motor_16_target_error_norm,obs_motor_17_target_error_norm,obs_motor_18_target_error_norm,obs_motor_19_target_error_norm,action_m16,action_m17,action_m18,action_m19,total_safety_penalty
1,4001,-0.2709846774043989,-0.41322879197485207,-0.15198467740439892,0.11477120802514795,0.1904514960751713,0.14889484495391273,0.5296074748039246,0.5027346611022949,-1.0,0.8860465288162231,0.3084745705127716,0.0,0.0,0.0,-0.0001250000059371814,9.707000572234392e-05,9.707000572234392e-05,0.00022840000747237355,7.994000043254346e-05,0.017000000923871994,0.027000000700354576,0.04399999976158142,0.0005000000237487257,0.005499999970197678,0.01425000000745058,0.0035000001080334187,-0.2402094155550003,0.8419740200042725,0.2642842233181,0.3797713816165924,0.0
2,4002,-0.27406639674411654,-0.4095253123107316,-0.15506639674411654,0.11847468768926844,0.1951456866606932,0.14206694815482676,0.5325937867164612,0.5030020475387573,-1.0,0.8860465288162231,0.3084745705127716,-0.004749999847263098,0.005499999970197678,0.0010000000474974513,-0.0001250000059371814,0.00011991000064881518,0.00042825000127777457,0.00037115000304766,0.00023982000129763037,0.04800000041723251,0.05350000038743019,0.1014999970793724,0.0010000000474974513,0.026000000536441803,0.02199999988079071,0.017500000074505806,-0.6453875303268433,0.3013385832309723,-0.020011896267533302,0.5576233863830566,0.0
3,4003,-0.2781627849297324,-0.407661395780052,-0.1591627849297324,0.12033860421994802,0.19953488860896867,0.13596620917183352,0.525426983833313,0.5092791318893433,-1.0,0.8860465288162231,0.3084745705127716,-0.016625000163912773,0.012125000357627869,0.0010000000474974513,0.0002500000118743628,0.00010848999954760075,0.00037115000304766,0.00034831001539714634,0.0007594299968332052,0.041999999433755875,0.09700000286102295,0.13899999856948853,0.000750000006519258,0.024000000208616257,0.021250000223517418,0.03750000149011612,0.44448351860046387,-0.6660529375076294,0.9309148192405701,-0.17075946927070618,0.0
4,4004,-0.2830767061413954,-0.4057886059564344,-0.1640767061413954,0.12221139404356562,0.20458932115895367,0.1292646776883644,0.5159004926681519,0.5124382972717285,-1.0,0.8860465288162231,0.3084745705127716,-0.009750000201165676,0.00800000037997961,0.006624999921768904,0.0,0.00028550002025440335,0.00011420000373618677,0.0010734800016507506,0.0005938400281593204,0.03500000014901161,0.1459999978542328,0.1809999942779541,0.0035000001080334187,0.007499999832361937,0.04475000128149986,0.03175000101327896,-0.7231419086456299,-0.732695996761322,-0.7501710653305054,0.5908887386322021,0.0
5,4005,-0.2783513268809234,-0.4097808117323806,-0.1593513268809234,0.1182191882676194,0.19841527626008473,0.13749705743175294,0.5044727921485901,0.5156125426292419,-1.0,0.8860465288162231,0.3084745705127716,-0.0215000007301569,-0.003000000026077032,0.006750000175088644,0.0001250000059371814,0.0,7.994000043254346e-05,0.00025695000658743083,0.0013646900188177824,0.007000000216066837,0.1420000046491623,0.14900000393390656,0.0,0.0022499999031424522,0.016499999910593033,0.05350000038743019,0.6645212173461914,-0.03604273125529289,0.8840157985687256,-0.2775084972381592,0.0
6,4006,-0.2792009651665559,-0.40754675433544185,-0.1602009651665559,0.12045324566455817,0.20043286564688553,0.13475072936655652,0.5154620409011841,0.50884610414505,-1.0,0.8860465288162231,0.3084745705127716,-0.009999999776482582,-0.0043750000186264515,0.00925000011920929,0.0001250000059371814,0.0001598800008650869,8.565000462112948e-05,0.0010163800325244665,0.0009592800051905215,0.0215000007301569,0.17299999296665192,0.19449999928474426,0.0017500000540167093,0.0037499999161809683,0.04450000077486038,0.04324999824166298,-0.8316120505332947,0.7953545451164246,-0.8861295580863953,0.3605426549911499,0.0
7,4007,-0.278963092628404,-0.41003181992275417,-0.15996309262840402,0.11796818007724585,0.1987578489367926,0.13702683596670504,0.5134861469268799,0.5126326084136963,-1.0,0.8860465288162231,0.3084745705127716,-0.02474999986588955,0.004000000189989805,0.008124999701976776,0.0,8.565000462112948e-05,0.00023411000438500196,0.00020556000526994467,0.0014903100673109293,0.02800000086426735,0.148499995470047,0.17649999260902405,0.0002500000118743628,0.016750000417232513,0.013749999925494194,0.05700000002980232,0.9489918947219849,-0.8259572982788086,0.3125092685222626,0.07718023657798767,0.0
8,4008,-0.2809956387508484,-0.40837342974300006,-0.16199563875084838,0.11962657025699996,0.2013780109290692,0.13348313892699515,0.5140393376350403,0.5084206461906433,-1.0,0.8860465288162231,0.3084745705127716,-0.00774999987334013,-0.005625000223517418,0.008249999955296516,0.0001250000059371814,0.0001541700039524585,9.707000572234392e-05,0.0004510900180321187,0.0015588300302624702,0.02199999988079071,0.17599999904632568,0.1979999989271164,0.0017500000540167093,0.005249999929219484,0.02500000037252903,0.05950000137090683,-0.14161637425422668,0.0940961167216301,-0.02944549359381199,0.5335927605628967,0.0
9,4009,-0.2800141814349527,-0.4080519349907447,-0.16101418143495272,0.11994806500925531,0.20078123648048493,0.13428211386118732,0.5093124508857727,0.5112314820289612,-1.0,0.8860465288162231,0.3084745705127716,-0.009499999694526196,-0.005625000223517418,0.00800000037997961,0.0036249998956918716,8.565000462112948e-05,0.00013133000175002962,0.00043967002420686185,0.0021469600033015013,0.01899999938905239,0.226500004529953,0.24549999833106995,0.0,0.008750000037252903,0.02449999935925007,0.07249999791383743,-0.4823155999183655,0.8487359285354614,-0.6370049715042114,0.577640175819397,-0.037777673
10,4010,-0.27413412386232366,-0.4113483527460243,-0.15513412386232367,0.1166516472539757,0.19409843686541312,0.14356256171447254,0.5115949511528015,0.5117763876914978,-1.0,0.8860465288162231,0.3084745705127716,-0.01875000074505806,0.004000000189989805,0.0010000000474974513,0.007000000216066837,9.707000572234392e-05,0.0003368900215718895,0.00022269001055974513,0.0022897101007401943,0.03799999877810478,0.2199999988079071,0.257999986410141,0.0005000000237487257,0.021250000223517418,0.014750000089406967,0.0754999965429306,0.9274916648864746,0.18335314095020294,0.4091387093067169,-0.3417821526527405,0.0
11,4011,-0.2732216530864116,-0.41223135582009884,-0.15422165308641161,0.11576864417990118,0.1928385263788283,0.14538276386542207,0.5252695083618164,0.506189227104187,-1.0,0.8860465288162231,0.3084745705127716,-0.003874999936670065,0.003874999936670065,0.0010000000474974513,0.007000000216066837,0.000433959998190403,0.000491060025524348,0.0005710000405088067,0.0016559000359848142,0.08100000023841858,0.19499999284744263,0.2759999930858612,0.005499999970197678,0.02824999950826168,0.029999999329447746,0.06274999678134918,0.4553462862968445,0.5689531564712524,0.8879563212394714,-0.5745687484741211,0.0
12,4012,-0.2668715754357629,-0.41714252813335145,-0.1478715754357629,0.11085747186664857,0.18481174716591825,0.15753344852777548,0.5273914933204651,0.5046926140785217,-1.0,0.8860465288162231,0.3084745705127716,0.0037499999161809683,0.004124999977648258,0.004000000189989805,0.006874999962747097,0.0006452300003729761,0.0011020300444215536,0.0014046600554138422,0.0008165300241671503,0.15299999713897705,0.19449999928474426,0.3474999964237213,0.007249999791383743,0.04899999871850014,0.0572500005364418,0.04149999842047691,0.9525890946388245,-0.6439809799194336,-0.43371203541755676,-0.9275332093238831,0.0
13,4013,-0.2560523641824947,-0.42414195441352454,-0.13705236418249472,0.10385804558647549,0.17195884438159495,0.17913985885907804,0.5421591401100159,0.4963685870170593,-1.0,0.8860465288162231,0.3084745705127716,0.01875000074505806,0.0036249998956918716,0.008999999612569809,0.0011249999515712261,0.001541700097732246,0.00042254000436514616,0.0005881300312466919,0.000245530012762174,0.1720000058412552,0.0729999989271164,0.24500000476837158,0.012749999761581421,0.026000000536441803,0.03099999949336052,0.0182499997317791,0.33474090695381165,0.2253468781709671,-0.8375963568687439,-0.6774383783340454,0.0
14,4014,-0.26416028429333055,-0.4199730689760673,-0.14516028429333055,0.10802693102393274,0.1809456436683958,0.16374311736908354,0.5673201084136963,0.48450517654418945,-1.0,0.8860465288162231,0.3084745705127716,0.023874999955296516,0.0036249998956918716,0.008750000037252903,-0.006750000175088644,0.0017301300540566444,0.0006680700462311506,6.851999933132902e-05,0.00011420000373618677,0.20999999344348907,0.01600000075995922,0.22599999606609344,0.014999999664723873,0.03424999862909317,0.0002500000118743628,0.008750000037252903,-0.6810135841369629,-0.8096071481704712,-0.30551788210868835,0.8580484390258789,0.0
15,4015,-0.2685889992048211,-0.42039192646252704,-0.1495889992048211,0.10760807353747298,0.1842725323360651,0.15838518652931635,0.5484644770622253,0.4915710687637329,-1.0,0.8860465288162231,0.3084745705127716,0.017500000074505806,-0.0008750000270083547,0.0021250001154839993,0.0010000000474974513,0.00017701000615488738,0.0001884299999801442,7.994000043254346e-05,0.0003997000167146325,0.03200000151991844,0.041999999433755875,0.07400000095367432,0.0022499999031424522,0.013000000268220901,0.0022499999031424522,0.02525000087916851,0.5075408816337585,-0.5288200974464417,-0.6875919699668884,0.9025745391845703,0.0
16,4016,-0.2826222883325268,-0.41264718870709416,-0.1636222883325268,0.11535281129290587,0.20019621453051825,0.13506999609705542,0.5381650924682617,0.4908611476421356,-1.0,0.8860465288162231,0.3084745705127716,0.02437499910593033,-0.011874999850988388,-0.011125000193715096,0.01575000025331974,0.0006794900400564075,0.00020556000526994467,8.565000462112948e-05,0.000491060025524348,0.07750000059604645,0.05050000175833702,0.12800000607967377,0.007499999832361937,0.015250000171363354,0.003000000026077032,0.029500000178813934,-0.8463951349258423,-0.5976240634918213,0.9835523962974548,0.03745047748088837,0.0
17,4017,-0.2767139176351226,-0.41478624050649265,-0.1577139176351226,0.11321375949350737,0.19414179136515652,0.14350033437417314,0.5055295825004578,0.5039877891540527,-1.0,0.8860465288162231,0.3084745705127716,0.012000000104308128,-0.017500000074505806,-0.006124999839812517,0.015625,9.13600015337579e-05,9.13600015337579e-05,0.0005938400281593204,0.0005367400008253753,0.01600000075995922,0.0989999994635582,0.11500000208616257,0.000750000006519258,0.0042500002309679985,0.029750000685453415,0.03099999949336052,-0.1871076077222824,0.8030263781547546,0.2242470383644104,-0.6097274422645569,0.0
18,4018,-0.27327540289175306,-0.4160350978784255,-0.15427540289175307,0.1119649021215745,0.19062276685775623,0.1486400498448042,0.5192699432373047,0.5003622770309448,-1.0,0.8860465288162231,0.3084745705127716,0.008500000461935997,-0.013249999843537807,-0.006124999839812517,0.015124999918043613,9.707000572234392e-05,0.00041112001053988934,0.0008108200272545218,0.00011991000064881518,0.04450000077486038,0.08150000125169754,0.12600000202655792,0.000750000006519258,0.025750000029802322,0.03799999877810478,0.00925000011920929,-0.8314605355262756,-0.6997778415679932,-0.7873305678367615,-0.8234255313873291,0.0
19,4019,-0.2709337396085726,-0.4150121705739764,-0.1519337396085726,0.11298782942602364,0.1893412549600582,0.15055714744868073,0.5272665023803711,0.49824559688568115,-1.0,0.8860465288162231,0.3084745705127716,-0.006750000175088644,-0.013875000178813934,-0.0032500000670552254,0.0035000001080334187,9.13600015337579e-05,7.423000351991504e-05,8.565000462112948e-05,7.423000351991504e-05,0.014499999582767487,0.014000000432133675,0.02850000001490116,0.0002500000118743628,0.0010000000474974513,0.002749999985098839,0.0017500000540167093,0.20479166507720947,0.9644280672073364,0.8116088509559631,0.011681010946631432,0.0
20,4020,-0.26485695876337123,-0.4148347032546573,-0.14585695876337124,0.1131652967453427,0.18460941689730037,0.1578525090465008,0.5327122211456299,0.4999793767929077,-1.0,0.8860465288162231,0.3084745705127716,-0.004124999977648258,-0.005499999970197678,0.003000000026077032,0.0010000000474974513,0.0001827200030675158,0.000308340007904917,0.0003368900215718895,0.00010278000263497233,0.0430000014603138,0.03849999979138374,0.08150000125169754,0.0024999999441206455,0.020250000059604645,0.020500000566244125,0.007000000216066837,-0.24277670681476593,0.8275219798088074,0.45709261298179626,-0.7203691005706787,0.0
21,4021,-0.2687697124312998,-0.4088605933020571,-0.14976971243129983,0.11913940669794293,0.19137702315087904,0.14752314038977576,0.5468443036079407,0.5002801418304443,-1.0,0.8860465288162231,0.3084745705127716,-0.00774999987334013,0.007499999832361937,0.014999999664723873,-0.012749999761581421,0.00010278000263497233,0.00041683000745251775,0.00019414001144468784,0.00010278000263497233,0.045499999076128006,0.026000000536441803,0.07150000333786011,0.000750000006519258,0.02525000087916851,0.013500000350177288,0.007499999832361937,-0.9103940725326538,0.5312454104423523,-0.2756427228450775,0.08662746101617813,0.0
22,4022,-0.2725759908514156,-0.40410349081045926,-0.1535759908514156,0.12389650918954076,0.19732189426251726,0.13900867431910185,0.5377448797225952,0.5104057788848877,-1.0,0.8860465288162231,0.3084745705127716,-0.02487500011920929,0.019625000655651093,0.013749999925494194,-0.012875000014901161,0.00010848999954760075,0.000308340007904917,0.00010848999954760075,0.00014275001012720168,0.0364999994635582,0.02199999988079071,0.05849999934434891,0.0010000000474974513,0.020749999210238457,0.005750000011175871,0.01075000036507845,-0.7303096652030945,0.692043662071228,0.6577427387237549,0.8735055923461914,0.0
23,4023,-0.2710254361700005,-0.40493605379753744,-0.15202543617000053,0.12306394620246258,0.1955926074717588,0.14143343809649023,0.5288930535316467,0.5184686779975891,-1.0,0.8860465288162231,0.3084745705127716,-0.03849999979138374,0.030750000849366188,0.013875000178813934,-0.012625000439584255,0.00011420000373618677,0.0003882800228893757,0.0005481599946506321,0.0009136000298894942,0.04399999976158142,0.12800000607967377,0.1720000058412552,0.0010000000474974513,0.024250000715255737,0.029999999329447746,0.0430000014603138,0.4011338949203491,-0.4404681921005249,-0.6219361424446106,-0.8703328371047974,0.0
24,4024,-0.256408009257965,-0.4133023249809386,-0.13740800925796498,0.11469767501906142,0.1789874790677136,0.16698107594563316,0.5324990153312683,0.5170575380325317,-1.0,0.8860465288162231,0.3084745705127716,-0.032499998807907104,0.030750000849366188,0.013249999843537807,-0.013000000268220901,0.0003026300109922886,0.00011991000064881518,0.00013133000175002962,0.0001484600070398301,0.03700000047683716,0.02449999935925007,0.061500001698732376,0.004000000189989805,0.00774999987334013,0.00800000037997961,0.011250000447034836,0.44561246037483215,0.5404268503189087,-0.0038861138746142387,-0.6300034523010254,0.0
25,4025,-0.2532291620465981,-0.4173036346034237,-0.13422916204659813,0.11069636539657635,0.17398607201653887,0.17554484877189366,0.5664929747581482,0.502877414226532,-1.0,0.8860465288162231,0.3084745705127716,-0.02474999986588955,0.030750000849366188,0.015625,-0.020874999463558197,0.0003997000167146325,0.00047964000259526074,8.565000462112948e-05,7.994000043254346e-05,0.07699999958276749,0.014499999582767487,0.09149999916553497,0.004999999888241291,0.02800000086426735,0.0032500000670552254,0.0035000001080334187,0.8749275207519531,-0.6710618734359741,-0.7440462708473206,0.8012312650680542,0.0
26,4026,-0.2524823984791118,-0.417964023428511,-0.1334823984791118,0.110035976571489,0.17298978826444544,0.1773025147093917,0.5738856792449951,0.49609553813934326,-1.0,0.8860465288162231,0.3084745705127716,-0.009875000454485416,0.02474999986588955,0.0035000001080334187,-0.012625000439584255,0.0007594299968332052,0.00022269001055974513,0.0,0.00022840000747237355,0.0860000029206276,0.019999999552965164,0.10599999874830246,0.00800000037997961,0.014999999664723873,-0.0002500000118743628,0.017000000923871994,-0.021088330075144768,0.7936922311782837,-0.9821261763572693,-0.05308793485164642,-0.14185515
27,4027,-0.2479161738302384,-0.4188579607353767,-0.1289161738302384,0.10914203926462335,0.16891229857493748,0.1846814212277637,0.5756223201751709,0.4949762225151062,-1.0,0.8860465288162231,0.3084745705127716,-0.009875000454485416,0.02512500062584877,0.0062500000931322575,-0.012625000439584255,0.0006623599911108613,0.0009992499835789204,7.994000043254346e-05,0.00020556000526994467,0.14550000429153442,0.02500000037252903,0.1704999953508377,0.007249999791383743,0.04399999976158142,0.0017500000540167093,0.015250000171363354,0.24059168994426727,0.7695009708404541,0.044806379824876785,-0.7884954214096069,0.0
28,4028,-0.24903990550082256,-0.41902183016190336,-0.13003990550082256,0.10897816983809666,0.16966619735210636,0.18329434539502643,0.5862414836883545,0.49346107244491577,-1.0,0.8860465288162231,0.3084745705127716,-0.006874999962747097,0.028999999165534973,0.00774999987334013,-0.02199999988079071,0.0010449300752952695,0.0018386200536042452,6.851999933132902e-05,8.565000462112948e-05,0.2524999976158142,0.013500000350177288,0.26600000262260437,0.010250000283122063,0.06499999761581421,0.0002500000118743628,0.0044999998062849045,0.44042882323265076,-0.08623277395963669,-0.07174414396286011,-0.3066183924674988,0.0
29,4029,-0.25235391759934944,-0.41702842690291525,-0.13335391759934945,0.11097157309708477,0.17348762888095423,0.17642202431502485,0.5836281180381775,0.49318334460258484,-1.0,0.8860465288162231,0.3084745705127716,0.000375000003259629,0.028999999165534973,0.006874999962747097,-0.02787500061094761,0.0013361400924623013,0.0016901600174605846,-6.851999933132902e-05,8.565000462112948e-05,0.26499998569488525,0.013500000350177288,0.2784999907016754,0.012249999679625034,0.06199999898672104,-0.0005000000237487257,0.004999999888241291,-0.48439621925354004,-0.3510109782218933,-0.9665958285331726,0.9676687717437744,0.0
30,4030,-0.2537685941753696,-0.4171402575445297,-0.13476859417536963,0.11085974245547031,0.1745063221585358,0.1746339479827515,0.5759211182594299,0.4965619742870331,-1.0,0.8860465288162231,0.3084745705127716,-0.0042500002309679985,0.028999999165534973,-0.011250000447034836,-0.016875000670552254,0.00028550002025440335,0.0011819700011983514,0.0,0.0002797899942379445,0.12849999964237213,0.02449999935925007,0.15299999713897705,0.0035000001080334187,0.04899999871850014,-0.0002500000118743628,0.01924999989569187,-0.6169772148132324,-0.3880302906036377,0.4665442705154419,-0.5403753519058228,0.0
31,4031,-0.24408877863181688,-0.41904047436824016,-0.1250887786318169,0.10895952563175987,0.1658896644324107,0.19034888680400489,0.5726311802864075,0.49637243151664734,-1.0,0.8860465288162231,0.3084745705127716,-0.014875000342726707,0.029500000178813934,-0.002624999964609742,-0.017750000581145287,0.0001484600070398301,0.0006623599911108613,0.0,6.28100024187006e-05,0.07100000232458115,0.005499999970197678,0.07649999856948853,0.0017500000540167093,0.03350000083446503,-0.0002500000118743628,0.000750000006519258,0.4765864908695221,-0.5268239378929138,0.8293114900588989,-0.8391563892364502,0.0
32,4032,-0.24443069722736682,-0.42097583638012287,-0.12543069722736683,0.10702416361987716,0.164884903509926,0.1922710785797812,0.5951423645019531,0.4931517243385315,-1.0,0.8860465288162231,0.3084745705127716,-0.008624999783933163,0.029374999925494194,0.012875000014901161,-0.03412500023841858,0.0006509399972856045,0.00019414001144468784,0.0,7.423000351991504e-05,0.07400000095367432,0.006500000134110451,0.08049999922513962,0.007000000216066837,0.014000000432133675,-0.0002500000118743628,0.0022499999031424522,-0.43555939197540283,-0.6907320022583008,0.14771650731563568,-0.46548891067504883,-0.00627402
33,4033,-0.24838721427277294,-0.41914682722061636,-0.12938721427277294,0.10885317277938367,0.16908596760644218,0.18436096513918485,0.5943472385406494,0.48987147212028503,-1.0,0.8860465288162231,0.3084745705127716,-0.013500000350177288,0.022624999284744263,0.016625000163912773,-0.041749998927116394,9.707000572234392e-05,7.994000043254346e-05,0.0,6.28100024187006e-05,0.01549999974668026,0.005499999970197678,0.020999999716877937,0.0005000000237487257,0.0017500000540167093,-0.0002500000118743628,0.0002500000118743628,0.9479642510414124,0.2956656217575073,-0.8452419638633728,0.8111862540245056,-0.12542903
34,4034,-0.2549445766785131,-0.4168479080454828,-0.13594457667851312,0.11115209195451725,0.1756010121672583,0.1727326731218253,0.5851460099220276,0.4929714798927307,-1.0,0.8860465288162231,0.3084745705127716,0.0010000000474974513,0.02199999988079071,0.020250000059604645,-0.03400000184774399,0.0006680700462311506,0.00019985000835731626,0.0,0.00020556000526994467,0.07599999755620956,0.017999999225139618,0.09399999678134918,0.007000000216066837,0.014000000432133675,0.0,0.014999999664723873,0.3678964674472809,0.3785091042518616,0.6688779592514038,0.4407493472099304,0.0
35,4035,-0.2533676201165283,-0.4169694513150786,-0.1343676201165283,0.1110305486849214,0.17430559393506098,0.17498483965561465,0.5698963403701782,0.49686795473098755,-1.0,0.8860465288162231,0.3084745705127716,0.005499999970197678,0.02174999937415123,0.029249999672174454,-0.029999999329447746,0.0011991000501438975,0.0004967700224369764,0.00011420000373618677,0.0003768599999602884,0.148499995470047,0.0430000014603138,0.1914999932050705,0.011749999597668648,0.02850000001490116,0.007000000216066837,0.023499999195337296,-0.4556615948677063,0.18678119778633118,-0.049822647124528885,-0.5765957832336426,0.0
36,4036,-0.25805987290650134,-0.4148879710851028,-0.13905987290650135,0.11311202891489724,0.17925395208479186,0.1665367087568848,0.5735636949539185,0.4966619610786438,-1.0,0.8860465288162231,0.3084745705127716,0.0018749999580904841,0.02199999988079071,0.029249999672174454,-0.03087499924004078,0.00017701000615488738,0.0006966200307942927,0.00010278000263497233,7.994000043254346e-05,0.07649999856948853,0.01600000075995922,0.0925000011920929,0.0020000000949949026,0.03500000014901161,0.005249999929219484,0.0037499999161809683,-0.10461249947547913,0.6194892525672913,0.006707672029733658,0.981051504611969,0.0
37,4037,-0.2642416937854595,-0.4077541355648962,-0.14524169378545948,0.12024586443510382,0.18855826030013784,0.1517406291260919,0.5626514554023743,0.5001899003982544,-1.0,0.8860465288162231,0.3084745705127716,-0.0001250000059371814,0.02500000037252903,0.028999999165534973,-0.02812499925494194,0.00017701000615488738,0.0012847500620409846,0.00010848999954760075,0.000673780043143779,0.12800000607967377,0.06849999725818634,0.1965000033378601,0.0022499999031424522,0.052000001072883606,0.006000000052154064,0.03500000014901161,-0.9302724599838257,-0.1619008481502533,0.9013710021972656,-0.5899603366851807,0.0
38,4038,-0.2649211088831321,-0.4095133475760123,-0.1459211088831321,0.1184866524239877,0.1879682335404729,0.15263858593088123,0.5482751131057739,0.5122811198234558,-1.0,0.8860465288162231,0.3084745705127716,-0.017000000923871994,0.03112499974668026,0.03150000050663948,-0.028750000521540642,0.0001256200048374012,0.0006623599911108613,0.0006852000369690359,0.0001884299999801442,0.0689999982714653,0.07649999856948853,0.14550000429153442,0.0012499999720603228,0.03375000134110451,0.03474999964237213,0.01425000000745058,0.971757173538208,-0.6313114166259766,0.7676297426223755,0.8122501969337463,0.0
39,4039,-0.27120889993888697,-0.40582389183052797,-0.15220889993888698,0.12217610816947205,0.1951782534711402,0.14202068901408554,0.5466951131820679,0.5092993974685669,-1.0,0.8860465288162231,0.3084745705127716,-0.002374999923631549,0.025750000029802322,0.03762499988079071,-0.028999999165534973,0.000799400033429265,0.0003026300109922886,0.001261910074390471,0.0009878299897536635,0.09650000184774399,0.19699999690055847,0.29350000619888306,0.008249999955296516,0.020999999716877937,0.051249999552965164,0.04500000178813934,-0.859639048576355,-0.8166823387145996,-0.3995387554168701,-0.14223022758960724,0.0
40,4040,-0.2649671924567069,-0.40998421028141924,-0.14596719245670692,0.11801578971858079,0.18770761278273612,0.1530369126056686,0.5320723056793213,0.5155526995658875,-1.0,0.8860465288162231,0.3084745705127716,-0.014375000260770321,0.01875000074505806,0.03762499988079071,-0.028999999165534973,9.707000572234392e-05,9.707000572234392e-05,0.0007651399937458336,0.0008336600149050355,0.017000000923871994,0.14000000059604645,0.15700000524520874,0.0002500000118743628,0.0044999998062849045,0.0364999994635582,0.03974999859929085,0.6422476768493652,0.31294819712638855,-0.1396215260028839,0.8522037267684937,0.0
41,4041,-0.26570011918979214,-0.4081963192960817,-0.14670011918979214,0.11980368070391834,0.18940392519825358,0.15046282248568116,0.5465879440307617,0.5085013508796692,-1.0,0.8860465288162231,0.3084745705127716,-0.005125000141561031,0.01862500049173832,0.03762499988079071,-0.02824999950826168,0.0004510900180321187,0.00022269001055974513,0.0005938400281593204,0.0020670201629400253,0.05900000035762787,0.2329999953508377,0.2919999957084656,0.005750000011175871,0.016249999403953552,0.03150000050663948,0.07000000029802322,-0.5951199531555176,0.7617864608764648,-0.49845007061958313,0.7109187841415405,-0.044941448
42,4042,-0.26691870539151885,-0.4088285107558418,-0.14791870539151886,0.11917148924415821,0.18995206567282563,0.14964033111985803,0.5448834300041199,0.51153165102005,-1.0,0.8860465288162231,0.3084745705127716,-0.013875000178813934,0.02500000037252903,0.03712499886751175,-0.02824999950826168,0.00010848999954760075,0.0005995500250719488,0.00019985000835731626,0.0026551501359790564,0.06199999898672104,0.25,0.31200000643730164,0.0010000000474974513,0.03200000151991844,0.014000000432133675,0.08250000327825546,0.12803654372692108,-0.8010773658752441,-0.7302670478820801,-0.165620356798172,-0.033437964
43,4043,-0.26743629605380626,-0.4088602079563003,-0.14843629605380626,0.11913979204369973,0.19033555641127392,0.149067573247666,0.5420495271682739,0.5104601383209229,-1.0,0.8860465288162231,0.3084745705127716,-0.013000000268220901,0.022749999538064003,0.025499999523162842,-0.020124999806284904,0.00032546999864280224,0.00010848999954760075,0.0001484600070398301,0.0010677700629457831,0.03799999877810478,0.10649999976158142,0.1445000022649765,0.004000000189989805,0.006500000134110451,0.009999999776482582,0.04749999940395355,0.3905314803123474,0.4982440769672394,0.7288100719451904,0.9440504312515259,0.0
44,4044,-0.2670470040396411,-0.4105677453285302,-0.1480470040396411,0.11743225467146984,0.18896626641371328,0.15112277937197102,0.5408458113670349,0.5104064345359802,-1.0,0.8860465288162231,0.3084745705127716,-0.007499999832361937,0.022624999284744263,0.025875000283122063,-0.017249999567866325,0.0006338100065477192,0.0003825699968729168,0.0007594299968332052,0.0023011299781501293,0.08900000154972076,0.2680000066757202,0.3569999933242798,0.007499999832361937,0.02525000087916851,0.0364999994635582,0.07699999958276749,-0.0036060058046132326,0.07920125871896744,-0.9617516994476318,0.6149047613143921,-0.04269407
45,4045,-0.26779320692936454,-0.4101532284963083,-0.14879320692936454,0.11784677150369172,0.18980853506143505,0.14985526501306792,0.5417511463165283,0.5075122714042664,-1.0,0.8860465288162231,0.3084745705127716,-0.007499999832361937,0.02250000089406967,0.01924999989569187,-0.012500000186264515,0.0006338100065477192,0.0004739300056826323,0.00019414001144468784,0.0022668701130896807,0.09700000286102295,0.21549999713897705,0.3125,0.007499999832361937,0.02824999950826168,0.013749999925494194,0.07699999958276749,-0.21060818433761597,0.4650000333786011,0.3020031750202179,0.09740954637527466,-0.003837936
46,4046,-0.2702154732212002,-0.40497932245600804,-0.15121547322120021,0.12302067754399199,0.1949364164154414,0.14236456330701683,0.5400158166885376,0.5082148909568787,-1.0,0.8860465288162231,0.3084745705127716,-0.008375000208616257,0.022624999284744263,0.01924999989569187,-0.012500000186264515,0.00013133000175002962,0.0009992499835789204,0.0003939900198020041,0.002381070051342249,0.0989999994635582,0.24300000071525574,0.34200000762939453,0.001500000013038516,0.045249998569488525,0.02500000037252903,0.07900000363588333,-0.877301812171936,0.6935222148895264,-0.10138539969921112,0.21041394770145416,-0.0710414
47,4047,-0.2691364164139528,-0.4042392849693848,-0.1501364164139528,0.1237607150306152,0.19457044513109636,0.1428865312716545,0.5343826413154602,0.516984224319458,-1.0,0.8860465288162231,0.3084745705127716,-0.02487500011920929,0.0351249985396862,0.01912499964237213,-0.012500000186264515,0.00014275001012720168,0.0010449300752952695,0.0003368900215718895,0.0015474100364372134,0.10400000214576721,0.16500000655651093,0.26899999380111694,0.0017500000540167093,0.04625000059604645,0.0215000007301569,0.06024999916553497,-0.2652643322944641,0.2512728273868561,-0.16895216703414917,0.157405287027359,0.0
48,4048,-0.27389309522871774,-0.40231859177636003,-0.15489309522871775,0.12568140822364,0.1994685121080765,0.13605648874277299,0.5368920564651489,0.5182384848594666,-1.0,0.8860465288162231,0.3084745705127716,-0.029374999925494194,0.03824999928474426,0.017625000327825546,-0.012500000186264515,9.707000572234392e-05,0.001164840068668127,0.00026837000041268766,0.0017872300231829286,0.11050000041723251,0.18000000715255737,0.2904999852180481,0.0010000000474974513,0.04924999922513962,0.0182499997317791,0.06599999964237213,-0.47752130031585693,-0.698675274848938,-0.648362934589386,-0.1441027969121933,0.0
49,4049,-0.2716817520213032,-0.40590175287841,-0.15268175202130319,0.12209824712159001,0.19549859168408243,0.1415664703832316,0.5258300304412842,0.5214939117431641,-1.0,0.8860465288162231,0.3084745705127716,-0.03812500089406967,0.038624998182058334,0.00925000011920929,-0.008375000208616257,0.00010278000263497233,0.00037115000304766,0.0001541700039524585,0.001416080049239099,0.04149999842047691,0.13750000298023224,0.17900000512599945,0.000750000006519258,0.02250000089406967,0.01075000036507845,0.05249999836087227,0.8152211904525757,-0.42344823479652405,-0.46492594480514526,0.9088572263717651,0.0
50,4050,-0.27299830338369013,-0.41029284023914053,-0.15399830338369014,0.11770715976085949,0.193830990566585,0.14394702836402673,0.5309726595878601,0.5154207348823547,-1.0,0.8860465288162231,0.3084745705127716,-0.026374999433755875,0.03375000134110451,-0.0005000000237487257,0.0021250001154839993,0.0006566499941982329,0.00022840000747237355,0.00019414001144468784,0.0017301300540566444,0.07750000059604645,0.16850000619888306,0.2460000067949295,0.00774999987334013,0.016499999910593033,0.013000000268220901,0.06549999862909317,0.7762389183044434,-0.9246154427528381,-0.658210039138794,0.062260888516902924,-0.00125767
51,4051,-0.2721007796222778,-0.4118511948078342,-0.1531007796222778,0.1161488051921658,0.19217282239826983,0.1463538112760631,0.5279109477996826,0.5079782605171204,-1.0,0.8860465288162231,0.3084745705127716,-0.011250000447034836,0.017374999821186066,-0.009624999947845936,0.012374999932944775,0.0005538699915632606,0.00021127000218257308,0.00010848999954760075,0.001022089971229434,0.06700000166893005,0.0989999994635582,0.16599999368190765,0.006500000134110451,0.014750000089406967,0.006750000175088644,0.04675000160932541,-0.3973269462585449,0.09590379893779755,-0.832965612411499,0.22102046012878418,0.0
52,4052,-0.27988708777178206,-0.40596760633708767,-0.16088708777178207,0.12203239366291235,0.20193206806940078,0.13274561111409997,0.5299981832504272,0.5053369402885437,-1.0,0.8860465288162231,0.3084745705127716,-0.016124999150633812,0.017249999567866325,-0.023874999955296516,0.023125000298023224,0.00014275001012720168,0.00026837000041268766,9.13600015337579e-05,0.0006109700188972056,0.035999998450279236,0.061500001698732376,0.09749999642372131,0.001500000013038516,0.01850000023841858,0.0042500002309679985,0.03350000083446503,-0.6944854855537415,0.22898846864700317,0.537872314453125,0.14428062736988068,0.0
53,4053,-0.26863164503113707,-0.41653886379888716,-0.14963164503113707,0.11146113620111286,0.18658299514684407,0.15476770688106184,0.5118904709815979,0.5153091549873352,-1.0,0.8860465288162231,0.3084745705127716,-0.028750000521540642,0.01862500049173832,-0.023125000298023224,0.023125000298023224,9.13600015337579e-05,0.0003939900198020041,0.0003825699968729168,0.000770850048866123,0.042500000447034836,0.10100000351667404,0.14350000023841858,0.000750000006519258,0.024250000715255737,0.022749999538064003,0.038750000298023224,0.9640241861343384,-0.7659062147140503,-0.9126009941101074,-0.7571268081665039,0.0
54,4054,-0.269967074153551,-0.41521217844834696,-0.15096707415355098,0.11278782155165307,0.1884466772560644,0.1519100404387393,0.5380659699440002,0.4973917603492737,-1.0,0.8860465288162231,0.3084745705127716,-0.013000000268220901,0.011250000447034836,-0.028750000521540642,0.023499999195337296,0.00044538002111949027,0.0001598800008650869,6.851999933132902e-05,0.0001256200048374012,0.05299999937415123,0.017000000923871994,0.07000000029802322,0.005249999929219484,0.010499999858438969,0.0,0.009750000201165676,0.6171958446502686,0.5847169160842896,0.7496463060379028,-0.014548080042004585,0.0
55,4055,-0.26291284209123283,-0.4207382957399362,-0.14391284209123284,0.10726170426006382,0.17948810355995606,0.16614721677520639,0.5349602699279785,0.4996403753757477,-1.0,0.8860465288162231,0.3084745705127716,-0.003375000087544322,0.010999999940395355,-0.02250000089406967,0.02225000038743019,0.000867919996380806,0.0006052600219845772,0.00022840000747237355,0.0001484600070398301,0.1289999932050705,0.032999999821186066,0.16200000047683716,0.008999999612569809,0.032749999314546585,0.01549999974668026,0.011749999597668648,0.49790117144584656,0.9531921744346619,-0.7671941518783569,-0.4667513370513916,-0.057191532
56,4056,-0.2561153772938234,-0.4214309119312451,-0.1371153772938234,0.10656908806875492,0.17365942883193408,0.17611919157147127,0.5513654947280884,0.4902740716934204,-1.0,0.8860465288162231,0.3084745705127716,0.004124999977648258,0.010999999940395355,-0.029124999418854713,0.016249999403953552,0.0013761100126430392,0.0012105200439691544,0.0,9.707000572234392e-05,0.226500004529953,0.008500000461935997,0.23499999940395355,0.012500000186264515,0.05050000175833702,0.0,0.0062500000931322575,0.9894292950630188,0.5854300260543823,0.45597121119499207,-0.7489608526229858,-0.05936576
57,4057,-0.2549790415850812,-0.42226079420987805,-0.13597904158508123,0.10573920579012197,0.1722529517643254,0.17861376932206374,0.5671735405921936,0.4891001582145691,-1.0,0.8860465288162231,0.3084745705127716,0.012625000439584255,0.010874999687075615,-0.020874999463558197,0.0011249999515712261,0.001570250024087727,0.0021241200156509876,6.851999933132902e-05,0.00011420000373618677,0.32350000739097595,0.01600000075995922,0.3395000100135803,0.014000000432133675,0.07249999791383743,0.0005000000237487257,0.008500000461935997,-0.2552129030227661,-0.8255355954170227,-0.7251700162887573,-0.2685090899467468,0.0
58,4058,-0.2517489514494549,-0.42363419154760873,-0.13274895144945492,0.1043658084523913,0.1688623880112175,0.1847736197726774,0.5698161721229553,0.48769357800483704,-1.0,0.8860465288162231,0.3084745705127716,0.012625000439584255,0.010874999687075615,-0.03412500023841858,-0.001500000013038516,0.0003654400061350316,0.0009021800360642374,0.0,8.565000462112948e-05,0.11100000143051147,0.007499999832361937,0.1185000017285347,0.0044999998062849045,0.041749998927116394,0.0,0.0037499999161809683,0.37272587418556213,0.8154191374778748,-0.46923384070396423,-0.9203336238861084,-0.080308065
59,4059,-0.25173831506082045,-0.4239863117681646,-0.13273831506082046,0.10401368823183543,0.1686366141286497,0.18519126163371494,0.5773280262947083,0.48536577820777893,-1.0,0.8860465288162231,0.3084745705127716,0.016750000417232513,0.010999999940395355,-0.030500000342726707,-0.019500000402331352,0.0010278000263497233,0.002072730101644993,6.851999933132902e-05,9.13600015337579e-05,0.27149999141693115,0.014000000432133675,0.2854999899864197,0.009999999776482582,0.07199999690055847,0.0002500000118743628,0.005249999929219484,0.5382314324378967,-0.18999111652374268,-0.4728522300720215,0.7315999269485474,0.0
60,4060,-0.2515525233864205,-0.4236506867336931,-0.13255252338642048,0.10434931326630692,0.1686978086261271,0.185077969439616,0.57735276222229,0.48476895689964294,-1.0,0.8860465288162231,0.3084745705127716,0.023499999195337296,0.01075000036507845,-0.039000000804662704,-0.0182499997317791,0.0019242700655013323,0.001764390035532415,0.0,0.0004625100118573755,0.3230000138282776,0.04050000011920929,0.3634999990463257,0.016499999910593033,0.06549999862909317,-0.0002500000118743628,0.029999999329447746,0.087202288210392,-0.48875975608825684,0.04728127270936966,0.09946711361408234,-0.021193458
61,4061,-0.24816387009305324,-0.42589638569959865,-0.12916387009305325,0.10210361430040138,0.16464644967511527,0.19273010340353203,0.5777848362922668,0.4853378236293793,-1.0,0.8860465288162231,0.3084745705127716,0.023499999195337296,0.01075000036507845,-0.035374999046325684,-0.0182499997317791,0.0022154799662530422,0.0010563500691205263,1.7129999832832254e-05,0.0005938400281593204,0.2865000069141388,0.05350000038743019,0.3400000035762787,0.01875000074505806,0.04724999889731407,0.0,0.03350000083446503,0.7381770610809326,-0.52491295337677,-0.9387837052345276,-0.9774221777915955,-0.18679105
62,4062,-0.24203021481731413,-0.42506212403294813,-0.12303021481731413,0.1029378759670519,0.16041396468700167,0.2010624652388855,0.5856654047966003,0.48153156042099,-1.0,0.8860465288162231,0.3084745705127716,0.028999999165534973,0.010625000111758709,-0.03175000101327896,-0.023375000804662704,0.0024610101245343685,0.0004739300056826323,7.423000351991504e-05,0.00010278000263497233,0.25699999928474426,0.01549999974668026,0.27250000834465027,0.019750000908970833,0.02800000086426735,0.0002500000118743628,0.007249999791383743,-0.7338346838951111,0.03082076832652092,-0.8413413763046265,-0.9961907863616943,0.0
63,4063,-0.24296610102117772,-0.42736208276123083,-0.12396610102117772,0.10063791723876919,0.15967336843866667,0.20255705391579384,0.5999297499656677,0.4829455614089966,-1.0,0.8860465288162231,0.3084745705127716,0.023624999448657036,0.010999999940395355,-0.04737500101327896,-0.04012500122189522,0.00023411000438500196,0.00048534999950788915,5.139000131748617e-05,7.423000351991504e-05,0.06300000101327896,0.010999999940395355,0.07400000095367432,0.003000000026077032,0.02824999950826168,0.0,0.0035000001080334187,0.5911294221878052,-0.6752921938896179,-0.195230633020401,0.6581499576568604,-0.04742768
64,4064,-0.24615532767417297,-0.428104684314855,-0.12715532767417298,0.09989531568514504,0.16170204529244855,0.19848922688953857,0.5977532267570496,0.47904732823371887,-1.0,0.8860465288162231,0.3084745705127716,0.03099999949336052,0.0035000001080334187,-0.04349999874830246,-0.03437500074505806,0.000982120051048696,0.00026266000350005925,0.0,0.00022269001055974513,0.10899999737739563,0.019500000402331352,0.12849999964237213,0.010250000283122063,0.017999999225139618,-0.0002500000118743628,0.016499999910593033,0.2502281069755554,-0.3850069046020508,-0.25423571467399597,0.01433058362454176,-0.05450829
65,4065,-0.2508499565083115,-0.4259415235183792,-0.1318499565083115,0.10205847648162081,0.16673435054898908,0.18874780775001854,0.5903364419937134,0.47778865694999695,-1.0,0.8860465288162231,0.3084745705127716,0.0364999994635582,-0.002624999964609742,-0.03974999859929085,-0.03424999862909317,0.0008222400210797787,0.00022840000747237355,0.0,0.00021127000218257308,0.09200000017881393,0.01850000023841858,0.11050000041723251,0.008500000461935997,0.01600000075995922,-0.0002500000118743628,0.016750000417232513,-0.8646778464317322,0.2783561944961548,-0.5040635466575623,0.8038005828857422,-0.08448763
66,4066,-0.24723722289114364,-0.4266722458150487,-0.12823722289114364,0.10132775418495132,0.16343836484436197,0.19507256753441599,0.5794187188148499,0.4814550578594208,-1.0,0.8860465288162231,0.3084745705127716,0.023624999448657036,-0.0024999999441206455,-0.036125000566244125,-0.01575000025331974,0.00017130000924225897,0.00043967002420686185,0.0,0.00013133000175002962,0.05350000038743019,0.011500000022351742,0.06499999761581421,0.0020000000949949026,0.026000000536441803,0.0,0.009750000201165676,-0.5419179201126099,-0.0660344660282135,-0.925662100315094,-0.8825675249099731,-0.13507946
67,4067,-0.2442698929885364,-0.42705149367334516,-0.1252698929885364,0.10094850632665486,0.16088240120952335,0.20012281776284926,0.5878204107284546,0.48021653294563293,-1.0,0.8860465288162231,0.3084745705127716,0.01412499975413084,0.0006249999860301614,-0.03237500041723251,-0.02800000086426735,0.00010848999954760075,0.00025695000658743083,0.0,6.28100024187006e-05,0.03200000151991844,0.005499999970197678,0.03750000149011612,0.000750000006519258,0.017500000074505806,0.0,0.0012499999720603228,0.9845260977745056,0.5494194030761719,-0.9633570313453674,-0.5576868057250977,-0.13960285
68,4068,-0.23922478504512357,-0.42820282077927796,-0.12022478504512357,0.09979717922072207,0.15624812293131424,0.20961532173773517,0.5947211980819702,0.47957372665405273,-1.0,0.8860465288162231,0.3084745705127716,0.02850000001490116,0.0011249999515712261,-0.0286250002682209,-0.039374999701976776,0.0008450800087302923,0.0007194600184448063,7.423000351991504e-05,7.994000043254346e-05,0.13699999451637268,0.013500000350177288,0.15049999952316284,0.008750000037252903,0.03700000047683716,0.0,0.0032500000670552254,0.3598578870296478,0.13284054398536682,0.9074662923812866,-0.19613298773765564,0.0
69,4069,-0.24181035031078596,-0.42972907773488833,-0.12281035031078597,0.0982709222651117,0.1572881314857977,0.20744660144611773,0.6064540147781372,0.4776223301887512,-1.0,0.8860465288162231,0.3084745705127716,0.03362499922513962,0.0010000000474974513,-0.011500000022351742,-0.042500000447034836,0.0012447800254449248,0.0008793400484137237,0.0,7.423000351991504e-05,0.1860000044107437,0.006500000134110451,0.19249999523162842,0.011749999597668648,0.041999999433755875,-0.0002500000118743628,0.0022499999031424522,0.7888131141662598,-0.6154588460922241,0.24407458305358887,0.008118227124214172,0.0
70,4070,-0.23723919511091912,-0.4314639245377689,-0.11823919511091913,0.09653607546223114,0.15264246174026277,0.21731125085036138,0.600441038608551,0.4750354588031769,-1.0,0.8860465288162231,0.3084745705127716,0.04612499848008156,-0.003874999936670065,-0.007000000216066837,-0.04312499985098839,0.0018957200227305293,0.00047964000259526074,0.0,8.565000462112948e-05,0.20800000429153442,0.007499999832361937,0.21549999713897705,0.016249999403953552,0.028750000521540642,-0.0002500000118743628,0.0037499999161809683,0.1580270230770111,0.9314239025115967,-0.8990870118141174,-0.5406304001808167,-0.14108384
71,4071,-0.23580717646725852,-0.4311850713238409,-0.11680717646725852,0.09681492867615915,0.15171370039921594,0.21933895543037432,0.6110716462135315,0.4720950424671173,-1.0,0.8860465288162231,0.3084745705127716,0.04874999821186066,-0.003874999936670065,-0.0035000001080334187,-0.05375000089406967,0.001541700097732246,0.0017072900664061308,7.423000351991504e-05,8.565000462112948e-05,0.28450000286102295,0.014000000432133675,0.2985000014305115,0.014000000432133675,0.06350000202655792,0.0002500000118743628,0.004749999847263098,-0.023461028933525085,-0.8624040484428406,0.8457843661308289,-0.41379132866859436,0.0
72,4072,-0.24016765890174563,-0.42929343038260515,-0.12116765890174563,0.09870656961739488,0.15628367940819476,0.2095408031631984,0.6144019365310669,0.47256767749786377,-1.0,0.8860465288162231,0.3084745705127716,0.04874999821186066,-0.003874999936670065,0.012500000186264515,-0.060750000178813934,0.0014560500858351588,0.0005767100374214351,0.0,7.994000043254346e-05,0.17800000309944153,0.007000000216066837,0.1850000023841858,0.013249999843537807,0.03125,-0.0002500000118743628,0.0032500000670552254,-0.778194785118103,0.5865486860275269,-0.8110856413841248,0.9204403758049011,-0.12133028
73,4073,-0.23571680913028842,-0.4300786406128518,-0.11671680913028842,0.09792135938714824,0.1523529000635801,0.2179414128654877,0.6042612791061401,0.4757738411426544,-1.0,0.8860465288162231,0.3084745705127716,0.03962500020861626,-0.0018749999580904841,0.016249999403953552,-0.048374999314546585,0.00020556000526994467,0.0011591300135478377,5.7100000958598685e-06,0.00017130000924225897,0.11949999630451202,0.01549999974668026,0.13500000536441803,0.0024999999441206455,0.04899999871850014,-0.0002500000118743628,0.013000000268220901,-0.26202788949012756,-0.9815061688423157,-0.5058413147926331,-0.8884217143058777,-0.084700964
74,4074,-0.24764054106287425,-0.4268153798327843,-0.12864054106287426,0.10118462016721574,0.16366647843505633,0.19462808764840808,0.6146120429039001,0.4744429886341095,-1.0,0.8860465288162231,0.3084745705127716,0.0351249985396862,-0.0020000000949949026,0.019874999299645424,-0.05912499874830246,0.0001484600070398301,0.00017130000924225897,0.0,6.851999933132902e-05,0.02800000086426735,0.006000000052154064,0.03400000184774399,0.0017500000540167093,0.012500000186264515,0.0,0.0012499999720603228,-0.9867655038833618,-0.7863651514053345,0.9287619590759277,0.8923237919807434,0.0
75,4075,-0.2619452927604809,-0.421167105422522,-0.1429452927604809,0.10683289457747802,0.1784562245655279,0.16787053097239665,0.586882472038269,0.4799739420413971,-1.0,0.8860465288162231,0.3084745705127716,0.017374999821186066,-0.011125000193715096,0.03725000098347664,-0.04262499883770943,9.707000572234392e-05,7.994000043254346e-05,0.0,6.851999933132902e-05,0.01549999974668026,0.006000000052154064,0.0215000007301569,0.0002500000118743628,0.001500000013038516,0.0,0.001500000013038516,0.37127262353897095,-0.30567121505737305,-0.6425343751907349,0.6400849223136902,-0.10110413
76,4076,-0.27114247386799706,-0.4160753416063071,-0.15214247386799706,0.11192465839369292,0.1888768421782274,0.15125798020421505,0.5536155700683594,0.4895472824573517,-1.0,0.8860465288162231,0.3084745705127716,0.023375000804662704,-0.017374999821186066,0.039000000804662704,-0.03474999964237213,0.00017130000924225897,7.994000043254346e-05,8.565000462112948e-05,0.00013703999866265804,0.02199999988079071,0.019500000402331352,0.04149999842047691,0.0020000000949949026,0.002749999985098839,0.004000000189989805,0.009750000201165676,-0.07510191947221756,-0.3462013304233551,-0.1892494559288025,0.9143475294113159,0.0
77,4077,-0.27321301534274034,-0.4141647198787712,-0.15421301534274034,0.11383528012122884,0.19167713765960434,0.14708106573863167,0.5322268009185791,0.4981773793697357,-1.0,0.8860465288162231,0.3084745705127716,0.023000000044703484,-0.023250000551342964,0.03500000014901161,-0.025875000283122063,0.00010278000263497233,8.565000462112948e-05,9.707000572234392e-05,0.00042825000127777457,0.016499999910593033,0.04600000008940697,0.0625,0.0,0.0017500000540167093,0.004999999888241291,0.026249999180436134,-0.9538325667381287,-0.021507373079657555,0.3742142617702484,-0.43210431933403015,0.0
78,4078,-0.26502608593367916,-0.4158449191827845,-0.14602608593367916,0.11215508081721554,0.18412598927426405,0.15861745917925535,0.5274115800857544,0.5014157295227051,-1.0,0.8860465288162231,0.3084745705127716,0.005125000141561031,-0.023250000551342964,0.0351249985396862,-0.025875000283122063,9.707000572234392e-05,7.423000351991504e-05,0.00035402001230977476,0.00014275001012720168,0.014999999664723873,0.04349999874830246,0.05849999934434891,0.0,0.0010000000474974513,0.01875000074505806,0.010250000283122063,-0.15357765555381775,0.9217163324356079,0.45165619254112244,-0.7993723154067993,0.0
79,4079,-0.26601338412418973,-0.41326955674153976,-0.14701338412418974,0.11473044325846027,0.18648326928153455,0.15492212730172109,0.5464509725570679,0.49856793880462646,-1.0,0.8860465288162231,0.3084745705127716,0.0021250001154839993,-0.010250000283122063,0.045499999076128006,-0.03837500140070915,8.565000462112948e-05,0.00013703999866265804,0.0002169799990952015,9.13600015337579e-05,0.019500000402331352,0.027000000700354576,0.04650000110268593,0.0002500000118743628,0.009499999694526196,0.014750000089406967,0.005499999970197678,0.1556251347064972,-0.3673132658004761,0.908128559589386,-0.8594037294387817,0.0
80,4080,-0.2403112848254293,-0.4282654171253323,-0.1213112848254293,0.09973458287466774,0.15704590044690883,0.20794971060120382,0.544154942035675,0.5029329657554626,-1.0,0.8860465288162231,0.3084745705127716,0.004999999888241291,-0.012749999761581421,0.06274999678134918,-0.054375000298023224,9.707000572234392e-05,7.994000043254346e-05,0.0002169799990952015,9.13600015337579e-05,0.01549999974668026,0.027000000700354576,0.042500000447034836,0.0002500000118743628,0.000750000006519258,0.01425000000745058,0.005499999970197678,-0.22228208184242249,-0.17375601828098297,-0.9561452865600586,-0.9439090490341187,0.0
81,4081,-0.23791525097412292,-0.4301046290891173,-0.11891525097412292,0.09789537091088274,0.15402707735985238,0.21432306054301317,0.6039272546768188,0.477516233921051,-1.0,0.8860465288162231,0.3084745705127716,0.0011249999515712261,-0.015625,0.052000001072883606,-0.06925000250339508,0.0,0.0,0.0,0.0,0.0,0.0,0.0,-0.0002500000118743628,0.0,0.0,0.0,0.8509969711303711,0.621861457824707,-0.08089318871498108,-0.7545461058616638,-0.14825273
82,4082,-0.24618212047925664,-0.4262964794808597,-0.12718212047925664,0.10170352051914033,0.16284623991848063,0.1962310673285041,0.6094993948936462,0.4743989408016205,-1.0,0.8860465288162231,0.3084745705127716,0.016124999150633812,-0.009750000201165676,0.05562499910593033,-0.06750000268220901,0.00014275001012720168,0.0001598800008650869,7.423000351991504e-05,7.994000043254346e-05,0.026499999687075615,0.013500000350177288,0.03999999910593033,0.001500000013038516,0.011500000022351742,0.0002500000118743628,0.004000000189989805,0.36385610699653625,0.9253485798835754,-0.11711467057466507,0.9930500388145447,0.0
83,4083,-0.2420299707944591,-0.4289821358917102,-0.1230299707944591,0.09901786410828983,0.15792691704156453,0.20612568592056826,0.5902741551399231,0.48085343837738037,-1.0,0.8860465288162231,0.3084745705127716,0.021250000223517418,-0.0017500000540167093,0.05324999988079071,-0.0521249994635582,0.0003882800228893757,0.0005538699915632606,7.423000351991504e-05,0.00013703999866265804,0.08250000327825546,0.01850000023841858,0.10100000351667404,0.004749999847263098,0.029999999329447746,0.000750000006519258,0.010250000283122063,0.9100509881973267,-0.41369515657424927,-0.7804388403892517,0.28166666626930237,0.0
84,4084,-0.2445717904967643,-0.4299995887882604,-0.1255717904967643,0.09800041121173964,0.15928702133643322,0.20334114089733307,0.5999302864074707,0.4763014614582062,-1.0,0.8860465288162231,0.3084745705127716,0.03550000116229057,-0.002749999985098839,0.039000000804662704,-0.05025000125169754,0.0010392200201749802,0.000245530012762174,0.0,0.00023411000438500196,0.11249999701976776,0.020500000566244125,0.13300000131130219,0.010250000283122063,0.016499999910593033,0.0,0.017000000923871994,0.2580263614654541,-0.5295636057853699,0.13325642049312592,0.3715539872646332,-0.00800923
85,4085,-0.24254916454025682,-0.4330864953883643,-0.12354916454025683,0.09491350461163572,0.15579784791921372,0.21056129529604978,0.5940191149711609,0.4745769798755646,-1.0,0.8860465288162231,0.3084745705127716,0.04137500002980232,-0.011874999850988388,0.042750000953674316,-0.04125000163912773,0.0007936900365166366,0.00021127000218257308,0.0,0.00017701000615488738,0.08799999952316284,0.01549999974668026,0.10350000113248825,0.00800000037997961,0.014999999664723873,0.0,0.012749999761581421,0.7603545784950256,0.046794041991233826,-0.553800106048584,0.05419051647186279,0.0
86,4086,-0.2620290374369955,-0.4237371828990244,-0.14302903743699552,0.10426281710097562,0.176997289753219,0.17033760533231512,0.5987228751182556,0.4693449139595032,-1.0,0.8860465288162231,0.3084745705127716,0.05287500098347664,-0.01549999974668026,0.032499998807907104,-0.04137500002980232,0.0015017300611361861,0.0003939900198020041,0.0,0.00019985000835731626,0.16599999368190765,0.017500000074505806,0.1835000067949295,0.013500000350177288,0.024000000208616257,-0.0002500000118743628,0.014999999664723873,-0.9715434908866882,-0.8912601470947266,-0.3914512097835541,0.9141252040863037,-0.07097415
87,4087,-0.2608393641489984,-0.4238645000859637,-0.1418393641489984,0.10413549991403631,0.1759619491950985,0.17211034073498285,0.5534208416938782,0.4851912260055542,-1.0,0.8860465288162231,0.3084745705127716,0.04087499901652336,-0.023000000044703484,0.03412500023841858,-0.02525000087916851,0.0001256200048374012,0.00010278000263497233,9.13600015337579e-05,0.000245530012762174,0.019999999552965164,0.029500000178813934,0.0494999997317791,0.0012499999720603228,0.005750000011175871,0.004000000189989805,0.017000000923871994,-0.9539056420326233,0.015783578157424927,-0.7208788394927979,0.228399857878685,0.0
88,4088,-0.24674260973916473,-0.4319196592193656,-0.12774260973916474,0.09608034078063443,0.15984244188417351,0.20221487307560213,0.5561875104904175,0.4849754273891449,-1.0,0.8860465288162231,0.3084745705127716,0.023375000804662704,-0.022749999538064003,0.02199999988079071,-0.016750000417232513,0.00010278000263497233,0.00010278000263497233,7.423000351991504e-05,0.00011420000373618677,0.017999999225139618,0.016499999910593033,0.03449999913573265,0.0005000000237487257,0.005750000011175871,0.0012499999720603228,0.008500000461935997,0.9150204062461853,-0.12290333211421967,0.41793203353881836,-0.8788010478019714,0.0
89,4089,-0.2729005966071287,-0.41988178079676397,-0.15390059660712868,0.10811821920323605,0.18808227710156306,0.1524646106745328,0.5889706611633301,0.471322625875473,-1.0,0.8860465288162231,0.3084745705127716,0.038750000298023224,-0.02487500011920929,0.030500000342726707,-0.029374999925494194,0.00033117999555543065,0.00010848999954760075,0.0,6.851999933132902e-05,0.03849999979138374,0.006000000052154064,0.04450000077486038,0.004000000189989805,0.005499999970197678,-0.0002500000118743628,0.0010000000474974513,-0.34641075134277344,-0.762378454208374,0.019113924354314804,0.8374121785163879,-0.02170633
90,4090,-0.25321431979022957,-0.43318695010068764,-0.13421431979022957,0.09481304989931238,0.16432588982860707,0.19334891002005,0.5281381607055664,0.4917258024215698,-1.0,0.8860465288162231,0.3084745705127716,0.03424999862909317,-0.03737499937415123,0.03125,-0.021250000223517418,9.13600015337579e-05,8.565000462112948e-05,0.00010278000263497233,0.00022269001055974513,0.01549999974668026,0.02850000001490116,0.04399999976158142,0.0002500000118743628,0.0020000000949949026,0.005750000011175871,0.01600000075995922,0.9652284979820251,0.209281325340271,-0.30650466680526733,-0.006080328952521086,0.0
91,4091,-0.2507759251391263,-0.433993975240459,-0.13177592513912628,0.09400602475954101,0.16187040228949842,0.19815533752959466,0.5739201903343201,0.46917465329170227,-1.0,0.8860465288162231,0.3084745705127716,0.05012499913573265,-0.03762499988079071,0.02837499976158142,-0.020500000566244125,0.00035973000922240317,0.0001541700039524585,7.423000351991504e-05,0.00019414001144468784,0.04500000178813934,0.023499999195337296,0.06849999725818634,0.0044999998062849045,0.010250000283122063,0.0002500000118743628,0.014499999582767487,0.12226986140012741,0.5680338144302368,-0.8338897228240967,-0.1471443623304367,0.0
92,4092,-0.25293190382634523,-0.43346998832618017,-0.13393190382634523,0.09453001167381986,0.1639319309030486,0.194112127703519,0.5795908570289612,0.4678068161010742,-1.0,0.8860465288162231,0.3084745705127716,0.051624998450279236,-0.03687499836087227,0.013000000268220901,-0.020124999806284904,0.0005139000131748617,0.0005710000405088067,0.0,0.00011420000373618677,0.0949999988079071,0.009999999776482582,0.10499999672174454,0.006000000052154064,0.029999999329447746,-0.0002500000118743628,0.008249999955296516,-0.04404832422733307,0.03271152079105377,-0.6519123315811157,0.336606502532959,-0.10222948
93,4093,-0.24502026945488636,-0.4364640381480916,-0.12602026945488637,0.09153596185190843,0.15575602917908574,0.21064936779106014,0.5745769739151001,0.46869492530822754,-1.0,0.8860465288162231,0.3084745705127716,0.051624998450279236,-0.03687499836087227,0.016750000417232513,-0.015124999918043613,0.00037115000304766,0.0005995500250719488,0.0,0.0001541700039524585,0.08500000089406967,0.013500000350177288,0.09849999845027924,0.0044999998062849045,0.03099999949336052,-0.0002500000118743628,0.01075000036507845,0.3483744263648987,-0.02354283630847931,0.0060939183458685875,-0.6997522115707397,-0.023268731
94,4094,-0.2549161157232411,-0.43090462716100375,-0.13591611572324108,0.09709537283899627,0.16703503207422435,0.18818113033691333,0.5929760932922363,0.46362027525901794,-1.0,0.8860465288162231,0.3084745705127716,0.05674999952316284,-0.03687499836087227,0.020375000312924385,-0.023749999701976776,0.0006338100065477192,0.0005824200343340635,0.0,7.423000351991504e-05,0.10649999976158142,0.006500000134110451,0.11299999803304672,0.007249999791383743,0.030249999836087227,0.0,0.0020000000949949026,-0.45094314217567444,0.5862284898757935,0.8234416246414185,0.16629570722579956,0.0
95,4095,-0.2622629963637805,-0.42213111305171047,-0.14326299636378048,0.10586888694828955,0.1781362044919513,0.16840861089178583,0.5699625015258789,0.4730429947376251,-1.0,0.8860465288162231,0.3084745705127716,0.05112500116229057,-0.029999999329447746,0.032625000923871994,-0.024000000208616257,0.0001541700039524585,0.0008108200272545218,0.00011420000373618677,0.00013703999866265804,0.08449999988079071,0.02199999988079071,0.10649999976158142,0.0017500000540167093,0.03824999928474426,0.0062500000931322575,0.008500000461935997,-0.9236064553260803,-0.8154945373535156,0.9034078121185303,-0.9738019704818726,0.0
96,4096,-0.26205631685833125,-0.4199850586673096,-0.14305631685833126,0.1080149413326904,0.179254950682473,0.1665350457334764,0.5528767704963684,0.4879133701324463,-1.0,0.8860465288162231,0.3084745705127716,0.03437500074505806,-0.029374999925494194,0.048624999821186066,-0.039250001311302185,9.707000572234392e-05,0.00010848999954760075,0.0001256200048374012,7.423000351991504e-05,0.017999999225139618,0.017500000074505806,0.03550000116229057,0.000750000006519258,0.006500000134110451,0.00800000037997961,0.0024999999441206455,-0.5621280670166016,0.5777058601379395,0.7808310985565186,-0.2991397976875305,0.0
97,4097,-0.23830366841548728,-0.43124826532441496,-0.11930366841548729,0.09675173467558507,0.15360424297566572,0.21523121076887824,0.5533574223518372,0.4915507435798645,-1.0,0.8860465288162231,0.3084745705127716,0.024125000461935997,-0.020625000819563866,0.057500001043081284,-0.04675000160932541,9.13600015337579e-05,0.0001827200030675158,0.00032546999864280224,0.00010848999954760075,0.024000000208616257,0.03799999877810478,0.06199999898672104,0.0002500000118743628,0.010499999858438969,0.019500000402331352,0.006500000134110451,0.6292967796325684,0.8514750003814697,-0.23896931111812592,-0.9047243595123291,0.0
98,4098,-0.23305332832623277,-0.43186470258892967,-0.11405332832623277,0.09613529741107035,0.1491648655367825,0.2250013998215801,0.60859614610672,0.4724605679512024,-1.0,0.8860465288162231,0.3084745705127716,0.03375000134110451,-0.012749999761581421,0.06300000101327896,-0.06137499958276749,0.00034831001539714634,0.00044538002111949027,0.0,6.851999933132902e-05,0.06949999928474426,0.006000000052154064,0.0754999965429306,0.0044999998062849045,0.026499999687075615,-0.0002500000118743628,0.0020000000949949026,0.12982717156410217,0.5090317130088806,-0.5944455862045288,-0.97614586353302,-0.09533347
99,4099,-0.22301566466606368,-0.43314504903347195,-0.10401566466606368,0.09485495096652807,0.14077187296752663,0.24470087574817956,0.6208062171936035,0.47141575813293457,-1.0,0.8860465288162231,0.3084745705127716,0.035374999046325684,-0.005750000011175871,0.06674999743700027,-0.0794999971985817,0.0005139000131748617,0.000673780043143779,0.0,6.851999933132902e-05,0.10400000214576721,0.006000000052154064,0.10999999940395355,0.006000000052154064,0.03150000050663948,-0.0002500000118743628,0.0017500000540167093,-0.2050613909959793,-0.9154115915298462,-0.6870942115783691,-0.893085241317749,-0.10645131
100,4100,-0.22605355090909834,-0.434343100010433,-0.10705355090909835,0.093656899989567,0.1422395081470077,0.2411357848669337,0.6441496014595032,0.46924567222595215,-1.0,0.8860465288162231,0.3084745705127716,0.03424999862909317,-0.008375000208616257,0.0702499970793724,-0.09549999982118607,9.13600015337579e-05,7.994000043254346e-05,6.851999933132902e-05,6.28100024187006e-05,0.014999999664723873,0.011500000022351742,0.026499999687075615,0.000750000006519258,0.0024999999441206455,0.0002500000118743628,0.0005000000237487257,0.583930492401123,0.7816739082336426,-0.2153940349817276,-0.48714980483055115,0.0
101,4101,-0.22198908833907718,-0.43390610643759975,-0.10298908833907719,0.09409389356240028,0.13950058466775886,0.24783158737160524,0.6370847821235657,0.46721509099006653,-1.0,0.8860465288162231,0.3084745705127716,0.042750000953674316,-0.006624999921768904,0.06650000065565109,-0.10499999672174454,0.000491060025524348,0.00048534999950788915,0.0,6.851999933132902e-05,0.08550000190734863,0.006000000052154064,0.09149999916553497,0.005499999970197678,0.02824999950826168,-0.0002500000118743628,0.0012499999720603228,0.9449223279953003,0.9082391858100891,-0.5815465450286865,0.4238229990005493,-0.09378559
102,4102,-0.21593099129209986,-0.435342383466096,-0.09693099129209987,0.09265761653390403,0.134093441206545,0.26160111110484074,0.6465370059013367,0.46795573830604553,-1.0,0.8860465288162231,0.3084745705127716,0.05662500113248825,-0.004625000059604645,0.06975000351667404,-0.10374999791383743,0.0013418500311672688,0.0014960200060158968,7.423000351991504e-05,0.0001884299999801442,0.2485000044107437,0.023000000044703484,0.27149999141693115,0.013000000268220901,0.05824999883770943,0.000750000006519258,0.014499999582767487,-0.35824140906333923,0.9587997198104858,-0.7659303545951843,-0.9902850985527039,0.0
103,4103,-0.21803469905816428,-0.43019905035682815,-0.09903469905816428,0.09780094964317188,0.13918655599104177,0.2486110728893754,0.6606255769729614,0.4655213952064514,-1.0,0.8860465288162231,0.3084745705127716,0.054875001311302185,0.0013749999925494194,0.05612500011920929,-0.11662500351667404,0.00022269001055974513,0.002518109977245331,-7.994000043254346e-05,7.423000351991504e-05,0.23999999463558197,0.013500000350177288,0.2535000145435333,0.0032500000670552254,0.0820000022649765,-0.0005000000237487257,0.0032500000670552254,-0.9428933262825012,0.028935547918081284,-0.4174800515174866,0.23609797656536102,0.0
104,4104,-0.22759145258668684,-0.42715427252238375,-0.10859145258668684,0.10084572747761628,0.14819569604201166,0.2271926460446716,0.6557332873344421,0.47423890233039856,-1.0,0.8860465288162231,0.3084745705127716,0.03700000047683716,0.015375000424683094,0.048124998807907104,-0.11537499725818634,0.0003026300109922886,0.0013646900188177824,0.0,0.0001256200048374012,0.1459999978542328,0.010999999940395355,0.15700000524520874,0.0037499999161809683,0.054999999701976776,0.0,0.009499999694526196,-0.8417365550994873,-0.8834908604621887,-0.5818947553634644,0.8677132725715637,-0.093827374
105,4105,-0.22783558348798666,-0.4247584617105007,-0.10883558348798666,0.10324153828949933,0.1500133309461285,0.22310041676956496,0.6335082650184631,0.47939953207969666,-1.0,0.8860465288162231,0.3084745705127716,0.02225000038743019,0.01600000075995922,0.051874998956918716,-0.09724999964237213,0.0001541700039524585,0.000308340007904917,0.0,9.13600015337579e-05,0.04050000011920929,0.00800000037997961,0.048500001430511475,0.0017500000540167093,0.020749999210238457,0.0,0.005750000011175871,-0.5948069095611572,0.7942068576812744,0.0041562230326235294,-0.17895817756652832,-0.023501255
106,4106,-0.2231374605657043,-0.42568922306326534,-0.1041374605657043,0.10231077693673468,0.14598666298834254,0.23226725017434582,0.6329405307769775,0.4834602475166321,-1.0,0.8860465288162231,0.3084745705127716,0.010999999940395355,0.026750000193715096,0.05562499910593033,-0.09775000065565109,0.0001484600070398301,0.0005139000131748617,0.0,6.28100024187006e-05,0.057999998331069946,0.005499999970197678,0.06350000202655792,0.0020000000949949026,0.028999999165534973,0.0,0.0002500000118743628,0.8471684455871582,-0.44949617981910706,0.44191089272499084,-0.3361126780509949,0.0
107,4107,-0.21948495294499548,-0.42385153293535976,-0.10048495294499549,0.10414846706464026,0.14472086566999387,0.23522596898536013,0.6438663601875305,0.48188266158103943,-1.0,0.8860465288162231,0.3084745705127716,0.022749999538064003,0.02474999986588955,0.0638749971985817,-0.10487499833106995,0.0010563500691205263,0.000245530012762174,7.423000351991504e-05,7.423000351991504e-05,0.11400000005960464,0.013000000268220901,0.12700000405311584,0.010250000283122063,0.016249999403953552,0.0,0.0020000000949949026,-0.7633026242256165,0.9684835076332092,0.06897900998592377,-0.736248791217804,0.0
108,4108,-0.21701629995462315,-0.42576564651594795,-0.09801629995462316,0.10223435348405208,0.1416300041978986,0.2426100051499579,0.6523605585098267,0.48499739170074463,-1.0,0.8860465288162231,0.3084745705127716,0.012625000439584255,0.03312499821186066,0.0651250034570694,-0.11862500011920929,0.00017130000924225897,0.0008108200272545218,6.851999933132902e-05,7.423000351991504e-05,0.0860000029206276,0.012500000186264515,0.09849999845027924,0.0020000000949949026,0.035750001668930054,0.0,0.0020000000949949026,-0.6856689453125,-0.8727952837944031,-0.49056771397590637,-0.47637030482292175,0.0
109,4109,-0.21677772586550176,-0.42206976288442377,-0.09777772586550176,0.10593023711557625,0.1441585890982269,0.23655231487134384,0.6581016182899475,0.4817531406879425,-1.0,0.8860465288162231,0.3084745705127716,0.0006249999860301614,0.032749999314546585,0.0560000017285347,-0.12662500143051147,0.00010848999954760075,9.13600015337579e-05,0.0,6.851999933132902e-05,0.017500000074505806,0.006000000052154064,0.023499999195337296,0.0005000000237487257,0.004000000189989805,0.0,0.0002500000118743628,-0.8757166266441345,0.6215294599533081,-0.17282918095588684,0.05317491292953491,-0.044739507
110,4110,-0.21815345281002388,-0.42300674906658475,-0.09915345281002388,0.10499325093341527,0.14441256851713682,0.23595228297791856,0.6586564779281616,0.48801735043525696,-1.0,0.8860465288162231,0.3084745705127716,-0.01575000025331974,0.04125000163912773,0.0598750002682209,-0.12662500143051147,9.707000572234392e-05,0.0001541700039524585,0.0,6.851999933132902e-05,0.02199999988079071,0.006000000052154064,0.02800000086426735,0.0005000000237487257,0.010250000283122063,-0.0002500000118743628,0.0020000000949949026,0.9171895980834961,0.7127954959869385,0.8872971534729004,-0.35147154331207275,0.0
111,4111,-0.22545961097860245,-0.4184418040920346,-0.10645961097860246,0.10955819590796545,0.152763369497807,0.21704866346631474,0.655457079410553,0.48642924427986145,-1.0,0.8860465288162231,0.3084745705127716,-0.0012499999720603228,0.04374999925494194,0.07637500017881393,-0.13262499868869781,0.0005196100100874901,0.0005824200343340635,0.0,6.28100024187006e-05,0.09650000184774399,0.005499999970197678,0.10199999809265137,0.005750000011175871,0.03175000101327896,0.0,0.0010000000474974513,-0.8229860663414001,0.15702037513256073,-0.5384772419929504,0.8791998624801636,-0.08861727
112,4112,-0.21980273738334075,-0.41966806511110416,-0.10080273738334075,0.10833193488889586,0.14797634939660706,0.22769153243763607,0.6384660005569458,0.49416643381118774,-1.0,0.8860465288162231,0.3084745705127716,-0.014499999582767487,0.05050000175833702,0.08012499660253525,-0.11874999850988388,0.00013703999866265804,0.0003825699968729168,0.0,9.13600015337579e-05,0.045499999076128006,0.00800000037997961,0.05350000038743019,0.001500000013038516,0.024000000208616257,0.0,0.006000000052154064,0.7310245037078857,0.6361249685287476,-0.7700138092041016,-0.31381165981292725,-0.116401665
113,4113,-0.22540192278130083,-0.41589688672800235,-0.10640192278130084,0.11210311327199768,0.15455897637093824,0.21318610471239471,0.6516215205192566,0.4920880198478699,-1.0,0.8860465288162231,0.3084745705127716,-0.004875000100582838,0.051375001668930054,0.08375000208616257,-0.1223749965429306,0.0009364400175400078,0.0010563500691205263,6.851999933132902e-05,6.851999933132902e-05,0.1745000034570694,0.012000000104308128,0.18649999797344208,0.009499999694526196,0.04600000008940697,0.0002500000118743628,0.001500000013038516,-0.8127896189689636,0.7620432376861572,0.9239938855171204,0.7627147436141968,0.0
114,4114,-0.21900006545384912,-0.41702438000630765,-0.10000006545384912,0.11097561999369238,0.1493840731930902,0.2245087197199092,0.6386001706123352,0.49847984313964844,-1.0,0.8860465288162231,0.3084745705127716,-0.016875000670552254,0.06287500262260437,0.10112500190734863,-0.11299999803304672,0.00026266000350005925,0.0012562000192701817,3.425999966566451e-05,0.0001598800008650869,0.13300000131130219,0.017000000923871994,0.15000000596046448,0.0032500000670552254,0.051500000059604645,0.0,0.011250000447034836,0.11927542090415955,-0.6667213439941406,0.8398095369338989,-0.9688876867294312,0.0
115,4115,-0.2130117274840096,-0.4189014388077349,-0.0940117274840096,0.10909856119226513,0.14401632184842836,0.2368890908482034,0.6534882187843323,0.49656885862350464,-1.0,0.8860465288162231,0.3084745705127716,-0.016750000417232513,0.06324999779462814,0.11675000190734863,-0.1263750046491623,0.0006680700462311506,0.00042825000127777457,7.994000043254346e-05,7.423000351991504e-05,0.09600000083446503,0.013500000350177288,0.10949999839067459,0.007249999791383743,0.025750000029802322,0.0,0.0017500000540167093,0.8047537803649902,0.6838549971580505,-0.15594229102134705,-0.5483502745628357,0.0
116,4116,-0.2067446187793306,-0.41913477852724174,-0.0877446187793306,0.10886522147275829,0.1398240128555992,0.24703132499432623,0.6674146056175232,0.4933874011039734,-1.0,0.8860465288162231,0.3084745705127716,-0.005625000223517418,0.06312499940395355,0.11412499845027924,-0.13712500035762787,0.0017586800968274474,0.0012390700867399573,-7.423000351991504e-05,7.994000043254346e-05,0.26249998807907104,0.013500000350177288,0.2759999930858612,0.014999999664723873,0.051500000059604645,-0.0005000000237487257,0.002749999985098839,-0.9354847073554993,-0.9941887855529785,0.575157105922699,-0.9542306661605835,0.0
117,4117,-0.21183869223738186,-0.4188833599200446,-0.09283869223738186,0.10911664007995542,0.14326710689717248,0.2386705645351625,0.6819892525672913,0.4929918944835663,-1.0,0.8860465288162231,0.3084745705127716,-0.016499999910593033,0.06362500041723251,0.12475000321865082,-0.15399999916553497,0.0001541700039524585,0.0001884299999801442,-7.423000351991504e-05,6.851999933132902e-05,0.029999999329447746,0.012500000186264515,0.042500000447034836,0.0017500000540167093,0.013249999843537807,-0.0002500000118743628,0.000750000006519258,0.5327398777008057,-0.2932993769645691,-0.20468971133232117,0.6163055896759033,0.0
118,4118,-0.22873175451353434,-0.4116438140457358,-0.10973175451353434,0.11635618595426422,0.15993692493743236,0.20202390452004435,0.6701425909996033,0.49341803789138794,-1.0,0.8860465288162231,0.3084745705127716,-0.009999999776482582,0.0598750002682209,0.12099999934434891,-0.14612500369548798,0.0008279500179924071,0.0001484600070398301,0.0,0.00010848999954760075,0.08550000190734863,0.009499999694526196,0.0949999988079071,0.008500000461935997,0.009999999776482582,-0.0002500000118743628,0.00800000037997961,-0.36398759484291077,-0.02195640094578266,0.9847932457923889,0.7982468008995056,0.0
119,4119,-0.2139512536623629,-0.4186983935050958,-0.0949512536623629,0.10930160649490422,0.14478460468717408,0.23507608603660982,0.6308563947677612,0.5056884288787842,-1.0,0.8860465288162231,0.3084745705127716,-0.013249999843537807,0.05974999815225601,0.13449999690055847,-0.13512499630451202,0.00013703999866265804,0.00014275001012720168,0.0001541700039524585,0.00022269001055974513,0.02449999935925007,0.032999999821186066,0.057500001043081284,0.001500000013038516,0.009499999694526196,0.009499999694526196,0.01575000025331974,-0.15342305600643158,-0.4149441719055176,-0.18897604942321777,-0.7411895990371704,0.0
120,4120,-0.21524981167152646,-0.41766455116912854,-0.09624981167152646,0.11033544883087149,0.14641699872458175,0.23126986877675443,0.6652296185493469,0.4937315285205841,-1.0,0.8860465288162231,0.3084745705127716,-0.01575000025331974,0.054999999701976776,0.1354999989271164,-0.14137500524520874,0.00010278000263497233,9.13600015337579e-05,7.423000351991504e-05,6.28100024187006e-05,0.017000000923871994,0.012000000104308128,0.028999999165534973,0.000750000006519258,0.0035000001080334187,0.0005000000237487257,0.0005000000237487257,-0.18268467485904694,0.9561421871185303,-0.8395621180534363,-0.02505120076239109,0.0
121,4121,-0.2268761508855962,-0.4110673354948973,-0.10787615088559621,0.1169326645051027,0.1590927778315371,0.203736501713351,0.6622097492218018,0.4954838156700134,-1.0,0.8860465288162231,0.3084745705127716,-0.019375000149011612,0.060874998569488525,0.12025000154972076,-0.14149999618530273,0.0001256200048374012,0.0004625100118573755,0.0,6.28100024187006e-05,0.051500000059604645,0.005499999970197678,0.05700000002980232,0.0012499999720603228,0.027499999850988388,-0.0002500000118743628,0.0,-0.20039242506027222,-0.5913300514221191,0.9407404661178589,-0.41464680433273315,-0.07375762
122,4122,-0.24128995791785418,-0.4033093090299372,-0.12228995791785419,0.1246906909700628,0.17464994194714822,0.17438331909523264,0.6351717710494995,0.5066655278205872,-1.0,0.8860465288162231,0.3084745705127716,-0.022874999791383743,0.060874998569488525,0.13574999570846558,-0.1404999941587448,0.00010278000263497233,9.707000572234392e-05,9.13600015337579e-05,9.707000572234392e-05,0.017500000074505806,0.016499999910593033,0.03400000184774399,0.000750000006519258,0.005499999970197678,0.004000000189989805,0.005499999970197678,-0.8290832042694092,-0.2692042887210846,-0.07859791815280914,0.48938724398612976,0.0
123,4123,-0.247192073652781,-0.40093202775794234,-0.128192073652781,0.12706797224205768,0.18049785959148762,0.16447797704010014,0.6016512513160706,0.5198147296905518,-1.0,0.8860465288162231,0.3084745705127716,-0.03824999928474426,0.057999998331069946,0.1353749930858612,-0.13725000619888306,9.707000572234392e-05,7.423000351991504e-05,8.565000462112948e-05,0.000245530012762174,0.014999999664723873,0.028999999165534973,0.04399999976158142,0.0005000000237487257,0.0012499999720603228,0.0020000000949949026,0.017249999567866325,-0.24259822070598602,-0.21992851793766022,0.45724353194236755,0.6397652626037598,0.0
124,4124,-0.24310195539491425,-0.4038329262613901,-0.12410195539491425,0.12416707373860991,0.17555272009755554,0.17281610944967202,0.5879254341125488,0.5238440036773682,-1.0,0.8860465288162231,0.3084745705127716,-0.042500000447034836,0.05412499979138374,0.13574999570846558,-0.13300000131130219,0.0,7.423000351991504e-05,0.00029121001716703176,0.000616680015809834,0.006500000134110451,0.0794999971985817,0.0860000029206276,0.0,0.0010000000474974513,0.0182499997317791,0.032499998807907104,-0.5370484590530396,0.835119903087616,-0.9120593070983887,0.9966334700584412,-0.08844582
125,4125,-0.23723132373610256,-0.4088498159900274,-0.11823132373610257,0.11915018400997263,0.16785533134816252,0.18664379588322844,0.59743732213974,0.5189272165298462,-1.0,0.8860465288162231,0.3084745705127716,-0.03974999859929085,0.05925000086426735,0.12200000137090683,-0.11900000274181366,0.0001541700039524585,0.00034260001848451793,0.00017701000615488738,0.0009193100268021226,0.04349999874830246,0.09600000083446503,0.13950000703334808,0.0020000000949949026,0.02199999988079071,0.011749999597668648,0.041749998927116394,0.5193808078765869,-0.2727068066596985,-0.9804876446723938,0.05405563861131668,0.0
126,4126,-0.22821999028108358,-0.4158760679726663,-0.10921999028108359,0.11212393202733373,0.15652725772296067,0.2090310283086493,0.6110899448394775,0.510424017906189,-1.0,0.8860465288162231,0.3084745705127716,-0.03137499839067459,0.05925000086426735,0.10750000178813934,-0.10849999636411667,0.00034260001848451793,0.00017701000615488738,9.13600015337579e-05,0.0003654400061350316,0.045499999076128006,0.03999999910593033,0.08550000190734863,0.0044999998062849045,0.012000000104308128,0.004000000189989805,0.022749999538064003,0.872272253036499,0.601021409034729,-0.9370883703231812,-0.5641566514968872,0.0
127,4127,-0.22026207187843277,-0.41708875415130636,-0.10126207187843278,0.11091124584869366,0.15018425901812166,0.22271940125257647,0.6320465207099915,0.49851512908935547,-1.0,0.8860465288162231,0.3084745705127716,-0.017124999314546585,0.05900000035762787,0.09212499856948853,-0.10875000059604645,0.0008165300241671503,0.0006852000369690359,0.0,7.994000043254346e-05,0.1315000057220459,0.007000000216066837,0.13850000500679016,0.008500000461935997,0.03500000014901161,-0.0002500000118743628,0.0022499999031424522,-0.32107001543045044,-0.002277154242619872,0.10368534922599792,-0.898154079914093,-0.011557759
128,4128,-0.2232098797376389,-0.41553495680998526,-0.1042098797376389,0.11246504319001477,0.1533234651795512,0.21583638141384776,0.6505533456802368,0.4964597523212433,-1.0,0.8860465288162231,0.3084745705127716,-0.019625000655651093,0.060750000178813934,0.09574999660253525,-0.125,0.0001256200048374012,0.0005881300312466919,6.851999933132902e-05,6.851999933132902e-05,0.0625,0.012000000104308128,0.07450000196695328,0.001500000013038516,0.03150000050663948,0.0,0.0012499999720603228,0.51798015832901,0.9050877094268799,0.07166928052902222,0.8217982053756714,0.0
129,4129,-0.22344635811753324,-0.41596777155875364,-0.10444635811753325,0.11203222844124638,0.15316743104696776,0.2161734227207443,0.64369797706604,0.49909329414367676,-1.0,0.8860465288162231,0.3084745705127716,-0.014499999582767487,0.06362500041723251,0.09674999862909317,-0.11649999767541885,0.001050640014000237,0.0015531200915575027,7.423000351991504e-05,0.00019414001144468784,0.2280000001192093,0.023499999195337296,0.2515000104904175,0.010499999858438969,0.05950000137090683,0.0005000000237487257,0.014999999664723873,0.7295814752578735,0.4751115143299103,-0.8099525570869446,-0.20670950412750244,-0.04377489
130,4130,-0.2272235283771361,-0.41501777929908795,-0.10822352837713611,0.11298222070091207,0.15645227479620227,0.20918782466941196,0.6431480050086975,0.49835970997810364,-1.0,0.8860465288162231,0.3084745705127716,-0.009999999776482582,0.06350000202655792,0.08212500065565109,-0.11649999767541885,0.0016901600174605846,0.0023011299781501293,-7.994000043254346e-05,0.00010278000263497233,0.34950000047683716,0.01600000075995922,0.36550000309944153,0.014999999664723873,0.07750000059604645,-0.0005000000237487257,0.007249999791383743,-0.9030658602714539,0.3220917284488678,-0.8265727162361145,0.6825391054153442,-0.08220917
131,4131,-0.22622553099194384,-0.41624494429308395,-0.10722553099194385,0.11175505570691607,0.1548757791669189,0.21251179385382152,0.6343638896942139,0.49996986985206604,-1.0,0.8860465288162231,0.3084745705127716,-0.020625000819563866,0.06499999761581421,0.06662499904632568,-0.10499999672174454,0.0001827200030675158,0.0014103699941188097,0.0,0.00013703999866265804,0.13950000703334808,0.012000000104308128,0.15150000154972076,0.0024999999441206455,0.05575000122189522,-0.0002500000118743628,0.009750000201165676,0.834230363368988,0.988651692867279,0.7444150447845459,0.23894664645195007,0.0
132,4132,-0.2256227557960636,-0.41681132651142977,-0.10662275579606362,0.11118867348857026,0.15404977496151984,0.21427441986879173,0.6366848349571228,0.4978899359703064,-1.0,0.8860465288162231,0.3084745705127716,-0.011874999850988388,0.06549999862909317,0.08012499660253525,-0.10487499833106995,0.0018443299923092127,0.0029235200490802526,7.423000351991504e-05,0.0002512400096748024,0.41749998927116394,0.02850000001490116,0.44600000977516174,0.016249999403953552,0.09175000339746475,0.0005000000237487257,0.0182499997317791,0.5361665487289429,-0.1444382518529892,-0.477781742811203,-0.641680896282196,-0.073048756
133,4133,-0.21900853836366005,-0.41687103645685214,-0.10000853836366005,0.11112896354314789,0.1495036932112714,0.22424032290872295,0.6380866169929504,0.49692994356155396,-1.0,0.8860465288162231,0.3084745705127716,-0.00800000037997961,0.06549999862909317,0.07175000011920929,-0.10975000262260437,0.0023525201249867678,0.0020556000526994467,-7.423000351991504e-05,8.565000462112948e-05,0.38600000739097595,0.014000000432133675,0.4000000059604645,0.01899999938905239,0.0729999989271164,-0.0005000000237487257,0.004000000189989805,-0.7691584825515747,-0.9792532324790955,0.7479477524757385,-0.9006365537643433,0.0
134,4134,-0.22376979618229442,-0.41394454322175067,-0.10476979618229443,0.11405545677824935,0.15487206789145233,0.21251968089824438,0.6534684896469116,0.49682876467704773,-1.0,0.8860465288162231,0.3084745705127716,-0.01425000000745058,0.06612499803304672,0.08550000190734863,-0.12562499940395355,0.0002169799990952015,0.0006794900400564075,0.0,6.851999933132902e-05,0.07850000262260437,0.006000000052154064,0.08449999988079071,0.002749999985098839,0.03525000065565109,0.0,0.0020000000949949026,-0.6747763156890869,0.35826560854911804,-0.7823202013969421,0.37444084882736206,-0.11787843
135,4135,-0.22903189475551228,-0.4097668579592719,-0.11003189475551228,0.1182331420407281,0.16151189968640428,0.19886700448286515,0.6423957943916321,0.5017889142036438,-1.0,0.8860465288162231,0.3084745705127716,-0.026499999687075615,0.07175000011920929,0.08912499994039536,-0.12174999713897705,0.0001541700039524585,0.0007480100030079484,6.851999933132902e-05,0.00011420000373618677,0.07900000363588333,0.01600000075995922,0.0949999988079071,0.0020000000949949026,0.03725000098347664,0.0002500000118743628,0.008249999955296516,-0.9425597786903381,0.29833337664604187,-0.40018782019615173,0.6489604711532593,0.0
136,4136,-0.23116014116274636,-0.4063341175651499,-0.11216014116274636,0.1216658824348501,0.1654765367485613,0.19113689737542536,0.6301583647727966,0.5088697075843811,-1.0,0.8860465288162231,0.3084745705127716,-0.04412499815225601,0.08112499862909317,0.08174999803304672,-0.10899999737739563,0.0001541700039524585,0.000491060025524348,0.0,9.707000572234392e-05,0.05649999901652336,0.008500000461935997,0.06499999761581421,0.0020000000949949026,0.029500000178813934,0.0,0.007000000216066837,-0.800167441368103,-0.5135324001312256,-0.9828885197639465,0.3497851490974426,-0.14194663
137,4137,-0.23789390985601205,-0.4056186517909997,-0.11889390985601206,0.12238134820900032,0.17062519213264524,0.18154496383569638,0.6252089738845825,0.5146879553794861,-1.0,0.8860465288162231,0.3084745705127716,-0.05849999934434891,0.08150000125169754,0.08512499928474426,-0.10112500190734863,0.00010278000263497233,0.00014275001012720168,7.423000351991504e-05,8.565000462112948e-05,0.0215000007301569,0.014000000432133675,0.03550000116229057,0.000750000006519258,0.009499999694526196,0.000750000006519258,0.0042500002309679985,-0.780510663986206,-0.9452602863311768,-0.9326497912406921,-0.19391368329524994,0.0
138,4138,-0.2389054266580547,-0.40897871904557015,-0.1199054266580547,0.11902128095442988,0.1689478519013588,0.18461577251007807,0.6095490455627441,0.5159006118774414,-1.0,0.8860465288162231,0.3084745705127716,-0.0728750005364418,0.06825000047683716,0.06800000369548798,-0.10262499749660492,9.13600015337579e-05,7.423000351991504e-05,5.7100001868093386e-05,0.0,0.014499999582767487,0.004999999888241291,0.019500000402331352,0.0002500000118743628,0.000750000006519258,0.0002500000118743628,0.0,0.9780675172805786,-0.7805100083351135,0.34797531366348267,0.1567552387714386,-0.005189372
139,4139,-0.2318653720743667,-0.41402675479623985,-0.1128653720743667,0.11397324520376018,0.16040103751460486,0.20108845861045996,0.6071966886520386,0.5102055668830872,-1.0,0.8860465288162231,0.3084745705127716,-0.054749999195337296,0.05362499877810478,0.07462500035762787,-0.09937500208616257,9.13600015337579e-05,7.423000351991504e-05,0.0,6.851999933132902e-05,0.014499999582767487,0.006000000052154064,0.020500000566244125,0.0005000000237487257,0.000750000006519258,0.0,0.0010000000474974513,0.9548385739326477,0.9697851538658142,-0.43857043981552124,-0.10759815573692322,-0.076628454
140,4140,-0.2402166525086481,-0.4076859370957247,-0.1212166525086481,0.12031406290427532,0.17078919924262265,0.18124746121660978,0.6235688924789429,0.5016495585441589,-1.0,0.8860465288162231,0.3084745705127716,-0.03837500140070915,0.061124999076128006,0.07837499678134918,-0.10100000351667404,0.00026266000350005925,0.00034260001848451793,0.0,6.851999933132902e-05,0.05299999937415123,0.006000000052154064,0.05900000035762787,0.0035000001080334187,0.02199999988079071,0.0,0.0002500000118743628,-0.6262243986129761,0.28970596194267273,-0.9141271114349365,0.6893296241760254,-0.13369527
141,4141,-0.23721839899608643,-0.40906156833611007,-0.11821839899608644,0.11893843166388995,0.16769597606342174,0.18694145974416482,0.6041473150253296,0.5123966932296753,-1.0,0.8860465288162231,0.3084745705127716,-0.048875000327825546,0.06800000369548798,0.08062499761581421,-0.0925000011920929,0.00011991000064881518,0.00027407999732531607,8.565000462112948e-05,0.00011991000064881518,0.03449999913573265,0.017999999225139618,0.05249999836087227,0.0012499999720603228,0.01899999938905239,0.003000000026077032,0.008999999612569809,0.533298134803772,0.37755391001701355,0.2545495629310608,-0.38318097591400146,0.0
142,4142,-0.23648156055645736,-0.4089841876872988,-0.11748156055645737,0.11901581231270125,0.16723241507325273,0.1878100591144771,0.6111199855804443,0.5100651383399963,-1.0,0.8860465288162231,0.3084745705127716,-0.04112499952316284,0.06849999725818634,0.0846249982714653,-0.09587500244379044,0.00044538002111949027,0.0005767100374214351,9.707000572234392e-05,6.851999933132902e-05,0.08950000256299973,0.014499999582767487,0.10400000214576721,0.005499999970197678,0.03200000151991844,0.0044999998062849045,0.001500000013038516,0.5348215103149414,-0.32592475414276123,-0.27181369066238403,0.919915497303009,0.0
143,4143,-0.2522420118692645,-0.4000074453854069,-0.1332420118692645,0.12799255461459313,0.18475802489672494,0.15761810180785865,0.612833559513092,0.5101962685585022,-1.0,0.8860465288162231,0.3084745705127716,-0.032875001430511475,0.06825000047683716,0.08100000023841858,-0.08962500095367432,0.0008165300241671503,0.000308340007904917,7.994000043254346e-05,0.00037115000304766,0.09849999845027924,0.039500001817941666,0.1379999965429306,0.008999999612569809,0.020500000566244125,0.0017500000540167093,0.023250000551342964,-0.8428623080253601,0.4012035131454468,0.9578555822372437,0.8454526662826538,0.0
144,4144,-0.25358753873170753,-0.39697118584239827,-0.13458753873170753,0.13102881415760176,0.1878359809019726,0.1528405880352577,0.5761813521385193,0.5254111289978027,-1.0,0.8860465288162231,0.3084745705127716,-0.04462499916553497,0.06849999725818634,0.08449999988079071,-0.08524999767541885,0.00010278000263497233,0.0006452300003729761,0.0005652900435961783,0.001050640014000237,0.06549999862909317,0.14149999618530273,0.2070000022649765,0.0010000000474974513,0.03500000014901161,0.030500000342726707,0.04600000008940697,-0.9209312796592712,0.5688251256942749,0.22044949233531952,0.7566910982131958,0.0
145,4145,-0.2527890514617919,-0.39746044097569433,-0.13378905146179193,0.1305395590243057,0.18692267588847053,0.1542428826545739,0.5730522274971008,0.5305573344230652,-1.0,0.8860465288162231,0.3084745705127716,-0.06162500008940697,0.07874999940395355,0.08437500149011612,-0.0833749994635582,9.707000572234392e-05,0.0006680700462311506,0.0008222400210797787,0.002089860150590539,0.06700000166893005,0.2549999952316284,0.32199999690055847,0.0005000000237487257,0.035750001668930054,0.039000000804662704,0.07050000131130219,0.5743756294250488,-0.7328910827636719,-0.09379186481237411,-0.7887436151504517,0.0
146,4146,-0.25582361781343427,-0.39685866268865133,-0.13682361781343427,0.1311413373113487,0.1895224333512148,0.15028461738850085,0.5749092102050781,0.5297280550003052,-1.0,0.8860465288162231,0.3084745705127716,-0.05299999937415123,0.07699999958276749,0.08437500149011612,-0.0833749994635582,0.00034831001539714634,0.00016558999777771533,0.0007480100030079484,0.0008507900056429207,0.04500000178813934,0.14000000059604645,0.1850000023841858,0.004749999847263098,0.012000000104308128,0.03550000116229057,0.04100000113248825,-0.12163104861974716,-0.4961475133895874,-0.6232098340988159,0.8693298101425171,0.0
147,4147,-0.26037580120715303,-0.396213335205146,-0.14137580120715304,0.131786664794854,0.1932740080422499,0.1447510251385508,0.5678520798683167,0.5307480096817017,-1.0,0.8860465288162231,0.3084745705127716,-0.05324999988079071,0.07074999809265137,0.08437500149011612,-0.08312500268220901,9.13600015337579e-05,0.00010278000263497233,0.0001827200030675158,0.0022097700275480747,0.017000000923871994,0.2094999998807907,0.226500004529953,0.000750000006519258,0.006000000052154064,0.012249999679625034,0.0729999989271164,-0.8831086754798889,-0.7362498044967651,0.4956825077533722,-0.8734809160232544,0.0
148,4148,-0.26314147705470325,-0.39864127821607154,-0.14414147705470326,0.1293587217839285,0.1936761325230431,0.14417011460479995,0.55726557970047,0.5318418145179749,-1.0,0.8860465288162231,0.3084745705127716,-0.06937500089406967,0.05912499874830246,0.0846249982714653,-0.08287499845027924,0.0,7.994000043254346e-05,0.0005938400281593204,0.0008393700118176639,0.007000000216066837,0.12549999356269836,0.13249999284744263,0.0,0.0017500000540167093,0.030249999836087227,0.03974999859929085,-0.7913591265678406,-0.6624219417572021,-0.8074849843978882,0.5886248350143433,-0.1189631
149,4149,-0.2628295489309553,-0.3986919875532666,-0.1438295489309553,0.1293080124467334,0.193410189050646,0.14455403589426655,0.5508337616920471,0.5277266502380371,-1.0,0.8860465288162231,0.3084745705127716,-0.06549999862909317,0.04650000110268593,0.07925000041723251,-0.07374999672174454,0.0,8.565000462112948e-05,0.0001598800008650869,0.0009535700082778931,0.007499999832361937,0.09749999642372131,0.10499999672174454,-0.0002500000118743628,0.0022499999031424522,0.01075000036507845,0.04349999874830246,-0.8389072418212891,0.2415274828672409,0.10555928200483322,0.5786540508270264,-0.12466888
150,4150,-0.25418281759249756,-0.40166127923374073,-0.13518281759249756,0.1263387207662593,0.18502936668837547,0.15719099774440762,0.5515592098236084,0.527640700340271,-1.0,0.8860465288162231,0.3084745705127716,-0.06187500059604645,0.04675000160932541,0.07900000363588333,-0.07137499749660492,9.13600015337579e-05,0.0001598800008650869,0.00022840000747237355,0.0016045100055634975,0.02199999988079071,0.16050000488758087,0.18250000476837158,0.0,0.01075000036507845,0.014999999664723873,0.06024999916553497,-0.02771703526377678,0.6982181668281555,-0.8634404540061951,-0.9700748920440674,0.0
151,4151,-0.25800938396337364,-0.40409361155851214,-0.13900938396337364,0.12390638844148788,0.18621600878144048,0.15533672673738264,0.5716678500175476,0.5226079821586609,-1.0,0.8860465288162231,0.3084745705127716,-0.06237500160932541,0.05900000035762787,0.06837499886751175,-0.07062499970197678,9.13600015337579e-05,0.00017701000615488738,9.13600015337579e-05,0.00034260001848451793,0.023499999195337296,0.03799999877810478,0.061500001698732376,0.0,0.012249999679625034,0.004000000189989805,0.02250000089406967,0.698012113571167,-0.7863178253173828,-0.964428722858429,0.7333437204360962,0.0
152,4152,-0.2520507655506618,-0.40730030107469545,-0.1330507655506618,0.12069969892530458,0.17964109645144216,0.165893217693952,0.5627688765525818,0.518485426902771,-1.0,0.8860465288162231,0.3084745705127716,-0.05037499964237213,0.04899999871850014,0.0507499985396862,-0.05324999988079071,0.0001541700039524585,8.565000462112948e-05,8.565000462112948e-05,0.00019985000835731626,0.020999999716877937,0.02500000037252903,0.04600000008940697,0.0020000000949949026,0.003000000026077032,0.0032500000670552254,0.015250000171363354,-0.9634370803833008,-0.24562501907348633,-0.7348494529724121,-0.6668332815170288,0.0
153,4153,-0.2691665172455948,-0.3939745918328433,-0.15016651724559482,0.13402540816715675,0.20127789977055227,0.13361683735615662,0.5766261219978333,0.5130503177642822,-1.0,0.8860465288162231,0.3084745705127716,-0.06750000268220901,0.04600000008940697,0.038624998182058334,-0.057999998331069946,9.13600015337579e-05,0.0,0.0,1.1420000191719737e-05,0.00800000037997961,0.0010000000474974513,0.008999999612569809,0.0002500000118743628,0.0,0.0,-0.0002500000118743628,-0.4225691258907318,0.0738559439778328,0.547541081905365,0.16181544959545135,-0.019719433
154,4154,-0.24294401106753644,-0.4109268260477169,-0.12394401106753644,0.11707317395228312,0.17049412288630694,0.18178306945909692,0.5368220806121826,0.535636305809021,-1.0,0.8860465288162231,0.3084745705127716,-0.07524999976158142,0.048500001430511475,0.045875001698732376,-0.05662500113248825,1.7129999832832254e-05,8.565000462112948e-05,0.00010848999954760075,8.565000462112948e-05,0.008999999612569809,0.017000000923871994,0.026000000536441803,0.0,0.0024999999441206455,0.006000000052154064,0.0044999998062849045,0.8340905904769897,0.2887876033782959,-0.6698795557022095,-0.5301414132118225,0.0
155,4155,-0.2401538472250747,-0.41212264419152284,-0.12115384722507472,0.11587735580847719,0.16764789377323286,0.18703136709234625,0.597804605960846,0.5069037079811096,-1.0,0.8860465288162231,0.3084745705127716,-0.05999999865889549,0.0521249994635582,0.036375001072883606,-0.06449999660253525,0.00010278000263497233,0.00010848999954760075,0.0,6.28100024187006e-05,0.01850000023841858,0.005499999970197678,0.024000000208616257,0.000750000006519258,0.006000000052154064,0.0,0.0005000000237487257,-0.10198356211185455,0.25767508149147034,0.432249516248703,-0.3394024074077606,0.0
156,4156,-0.2537362389556119,-0.40305951675300683,-0.13473623895561193,0.1249404832469932,0.1837497712703228,0.15921533056278542,0.6042934060096741,0.5048768520355225,-1.0,0.8860465288162231,0.3084745705127716,-0.061500001698732376,0.05624999850988388,0.04437499865889549,-0.07062499970197678,9.13600015337579e-05,0.00011420000373618677,0.0,6.28100024187006e-05,0.017999999225139618,0.005499999970197678,0.023499999195337296,0.0,0.007249999791383743,0.0,0.0002500000118743628,-0.5043075680732727,0.06763766705989838,-0.1149340569972992,0.5626939535140991,-0.03779209
157,4157,-0.2571881176033844,-0.4002985455580543,-0.1381881176033844,0.12770145444194575,0.1881584898784935,0.15234845742833095,0.572706401348114,0.5202381014823914,-1.0,0.8860465288162231,0.3084745705127716,-0.07100000232458115,0.057500001043081284,0.04724999889731407,-0.06224999949336052,8.565000462112948e-05,0.00011420000373618677,7.994000043254346e-05,8.565000462112948e-05,0.017500000074505806,0.014499999582767487,0.03200000151991844,0.0002500000118743628,0.007249999791383743,0.0017500000540167093,0.0044999998062849045,-0.40614622831344604,-0.8611734509468079,-0.7224564552307129,-0.08815672248601913,0.0
158,4158,-0.24285744208510462,-0.4107991199174104,-0.12385744208510463,0.11720088008258961,0.17051894983255847,0.18173794387603184,0.5646787881851196,0.524917721748352,-1.0,0.8860465288162231,0.3084745705127716,-0.07837499678134918,0.04500000178813934,0.03474999964237213,-0.06187500059604645,0.0,0.0,1.1420000191719737e-05,6.28100024187006e-05,0.0,0.006500000134110451,0.006500000134110451,0.0,0.0,-0.0002500000118743628,0.0005000000237487257,0.5811992883682251,0.8263055086135864,-0.8185529708862305,-0.09935823082923889,-0.122226365
159,4159,-0.24335357521246181,-0.4089397697062326,-0.12435357521246182,0.11906023029376744,0.17216024542770128,0.17877943238252086,0.5980059504508972,0.5071201324462891,-1.0,0.8860465288162231,0.3084745705127716,-0.06812500208616257,0.057374998927116394,0.03837500140070915,-0.06337500363588333,0.00011991000064881518,0.00010278000263497233,1.7129999832832254e-05,0.0,0.019500000402331352,0.001500000013038516,0.020999999716877937,0.0012499999720603228,0.006000000052154064,0.0,0.0,0.49217861890792847,0.01575428992509842,-0.13183212280273438,-0.8886662125587463,-0.1704598
160,4160,-0.24389671370081634,-0.4105998111476843,-0.12489671370081634,0.11740018885231573,0.17141176574501263,0.18012258043537077,0.5968521237373352,0.5102715492248535,-1.0,0.8860465288162231,0.3084745705127716,-0.05950000137090683,0.057374998927116394,0.042125001549720764,-0.06224999949336052,0.0001827200030675158,0.00010848999954760075,0.0,9.13600015337579e-05,0.025499999523162842,0.00800000037997961,0.03350000083446503,0.0022499999031424522,0.006500000134110451,0.0,0.005249999929219484,0.3868832588195801,0.23732182383537292,-0.9843114614486694,0.044563885778188705,-0.14211738
161,4161,-0.26571441673032187,-0.3976372660297531,-0.14671441673032187,0.13036273397024695,0.19626401219967946,0.14048702798259566,0.5955890417098999,0.507457971572876,-1.0,0.8860465288162231,0.3084745705127716,-0.05274999886751175,0.057374998927116394,0.045875001698732376,-0.06224999949336052,0.00022840000747237355,0.00022269001055974513,0.0,9.707000572234392e-05,0.039500001817941666,0.008500000461935997,0.04800000041723251,0.0032500000670552254,0.015250000171363354,0.0,0.006750000175088644,-0.813003659248352,-0.8257676959037781,-0.8144870400428772,0.5516910552978516,-0.121738456
162,4162,-0.268784629416028,-0.3961611571973937,-0.149784629416028,0.13183884280260633,0.19954176425206624,0.13595686094193674,0.5448501706123352,0.5294283628463745,-1.0,0.8860465288162231,0.3084745705127716,-0.06624999642372131,0.04924999922513962,0.04662499949336052,-0.05562499910593033,9.13600015337579e-05,7.423000351991504e-05,0.00010848999954760075,0.00017701000615488738,0.014499999582767487,0.02500000037252903,0.039500001817941666,0.0,0.000750000006519258,0.006000000052154064,0.014000000432133675,-0.12370538711547852,-0.9731960296630859,0.01745302975177765,-0.6596428155899048,0.0
163,4163,-0.2742504426513205,-0.39601456141462726,-0.15525044265132049,0.13198543858537276,0.20377157785619698,0.1303260647291029,0.5377101898193359,0.5319302678108215,-1.0,0.8860465288162231,0.3084745705127716,-0.06862500309944153,0.03137499839067459,0.04912500083446503,-0.061000000685453415,9.707000572234392e-05,7.423000351991504e-05,7.423000351991504e-05,5.139000131748617e-05,0.014999999664723873,0.010999999940395355,0.026000000536441803,0.0002500000118743628,0.0002500000118743628,0.001500000013038516,0.0002500000118743628,-0.807434618473053,-0.6095889806747437,0.14135026931762695,0.06955389678478241,-0.015653534
164,4164,-0.27013620935856036,-0.40180145174176296,-0.15113620935856037,0.12619854825823706,0.19689648895234566,0.1396012842045118,0.5249989628791809,0.5321786999702454,-1.0,0.8860465288162231,0.3084745705127716,-0.08362500369548798,0.020124999806284904,0.051500000059604645,-0.05849999934434891,0.0,5.7100000958598685e-06,7.423000351991504e-05,7.423000351991504e-05,0.0005000000237487257,0.013000000268220901,0.013500000350177288,0.0,0.0,0.0020000000949949026,0.002749999985098839,-0.5616459846496582,0.23023852705955505,-0.10443409532308578,0.7381359338760376,-0.09139752
165,4165,-0.26676762989255143,-0.40163187076794604,-0.14776762989255143,0.12636812923205398,0.1944329615308864,0.1430831119211747,0.5345669388771057,0.5223703980445862,-1.0,0.8860465288162231,0.3084745705127716,-0.07987499982118607,0.02225000038743019,0.0494999997317791,-0.051249999552965164,0.0,9.13600015337579e-05,7.994000043254346e-05,0.0002169799990952015,0.00800000037997961,0.026000000536441803,0.03400000184774399,0.0,0.0042500002309679985,0.0022499999031424522,0.01575000025331974,-0.6979266405105591,0.5804492235183716,0.9775078296661377,-0.43054547905921936,-0.1077512
166,4166,-0.23575252861221582,-0.4158440726620316,-0.11675252861221583,0.11215592733796842,0.1618953519233518,0.19810590466533587,0.5424008369445801,0.5226578712463379,-1.0,0.8860465288162231,0.3084745705127716,-0.07612500339746475,0.03175000101327896,0.05624999850988388,-0.054999999701976776,0.0,0.00010848999954760075,0.000433959998190403,0.00010278000263497233,0.009499999694526196,0.04699999839067459,0.05649999901652336,0.0,0.007000000216066837,0.02525000087916851,0.007249999791383743,0.7376923561096191,0.4241354465484619,-0.7242240905761719,-0.9863238334655762,0.0
167,4167,-0.2558830106253625,-0.4043751941756649,-0.1368830106253625,0.1236248058243351,0.18444525261705075,0.158111859303829,0.614529013633728,0.4985693693161011,-1.0,0.8860465288162231,0.3084745705127716,-0.0625,0.0416250005364418,0.05537499859929085,-0.07000000029802322,9.13600015337579e-05,8.565000462112948e-05,0.0,6.851999933132902e-05,0.01549999974668026,0.006000000052154064,0.0215000007301569,0.0002500000118743628,0.003000000026077032,0.0,0.0005000000237487257,0.43634232878685,0.6840326189994812,-0.3729911744594574,0.8455562591552734,-0.06875894
168,4168,-0.2600937997623718,-0.3988043324078499,-0.1410937997623718,0.12919566759215012,0.19130860110294473,0.14762411328352903,0.5677139163017273,0.5180081725120544,-1.0,0.8860465288162231,0.3084745705127716,-0.054999999701976776,0.04962500184774399,0.05624999850988388,-0.06199999898672104,0.00011991000064881518,0.00017701000615488738,0.00010278000263497233,0.00022269001055974513,0.026000000536441803,0.02850000001490116,0.054499998688697815,0.001500000013038516,0.012500000186264515,0.005750000011175871,0.01600000075995922,-0.8389058709144592,0.8686074018478394,-0.2610783874988556,0.7700271606445312,0.0
169,4169,-0.25957254244538963,-0.3959628511995741,-0.14057254244538964,0.13203714880042594,0.19285862270820742,0.1453535502018706,0.5579214096069336,0.5274502635002136,-1.0,0.8860465288162231,0.3084745705127716,-0.0702499970793724,0.0637499988079071,0.05012499913573265,-0.05649999901652336,0.00010278000263497233,0.000245530012762174,0.00013133000175002962,0.0006509399972856045,0.030500000342726707,0.06849999725818634,0.0989999994635582,0.000750000006519258,0.016750000417232513,0.008249999955296516,0.03375000134110451,-0.6622589826583862,0.943402886390686,0.5913460850715637,-0.8436874151229858,0.0
170,4170,-0.26506386693115186,-0.39003866011070415,-0.14606386693115186,0.13796133988929588,0.2009178551720356,0.13409878465374064,0.5591336488723755,0.53226637840271,-1.0,0.8860465288162231,0.3084745705127716,-0.08262500166893005,0.07837499678134918,0.0507499985396862,-0.06012500077486038,9.707000572234392e-05,0.00035973000922240317,0.0005253200070001185,0.00013703999866265804,0.03999999910593033,0.057999998331069946,0.09799999743700027,0.000750000006519258,0.022749999538064003,0.028999999165534973,0.009499999694526196,-0.5387924909591675,-0.13391047716140747,0.7088561654090881,0.3509076237678528,0.0
171,4171,-0.26094668236032054,-0.39312710593111305,-0.14194668236032054,0.13487289406888697,0.19580489827279332,0.14113350639417402,0.546363115310669,0.5423073768615723,-1.0,0.8860465288162231,0.3084745705127716,-0.09212499856948853,0.07850000262260437,0.05550000071525574,-0.06037500128149986,0.0,0.00025695000658743083,0.00107919005677104,0.00035402001230977476,0.02250000089406967,0.12549999356269836,0.14800000190734863,-0.0002500000118743628,0.017500000074505806,0.04600000008940697,0.023000000044703484,-0.30764418840408325,0.49047473073005676,0.11661150306463242,-0.5277166366577148,-0.060917307
172,4172,-0.2491593304464923,-0.4009161888947019,-0.1301593304464923,0.12708381110529815,0.18191136948340056,0.1621694188513616,0.5559379458427429,0.5370727181434631,-1.0,0.8860465288162231,0.3084745705127716,-0.08937499672174454,0.08375000208616257,0.05950000137090683,-0.06587500125169754,0.00014275001012720168,0.0003825699968729168,0.0009649900021031499,0.00019414001144468784,0.04600000008940697,0.1014999970793724,0.14749999344348907,0.0017500000540167093,0.02525000087916851,0.042249999940395355,0.01425000000745058,0.8451576232910156,-0.8815101385116577,-0.7415293455123901,-0.8849544525146484,0.0
173,4173,-0.25715674448963627,-0.39718224043440303,-0.13815674448963627,0.130817759565597,0.19026447977942965,0.14917356312045618,0.583350419998169,0.5238708853721619,-1.0,0.8860465288162231,0.3084745705127716,-0.07387500256299973,0.078125,0.06424999982118607,-0.07637500017881393,0.00017701000615488738,9.13600015337579e-05,9.707000572234392e-05,7.423000351991504e-05,0.023499999195337296,0.014999999664723873,0.03849999979138374,0.0022499999031424522,0.0035000001080334187,0.004999999888241291,0.0022499999031424522,-0.25559625029563904,-0.40032413601875305,-0.5556830167770386,0.5587618947029114,0.0
174,4174,-0.26299455934330457,-0.3952876855688787,-0.14399455934330457,0.1327123144311213,0.1958238788353894,0.14110672100273822,0.5647517442703247,0.5301995873451233,-1.0,0.8860465288162231,0.3084745705127716,-0.07762499898672104,0.07199999690055847,0.05587499961256981,-0.06837499886751175,9.13600015337579e-05,7.423000351991504e-05,7.994000043254346e-05,0.00010278000263497233,0.014499999582767487,0.01600000075995922,0.030500000342726707,0.0002500000118743628,0.000750000006519258,0.0010000000474974513,0.007000000216066837,0.5065275430679321,-0.25094515085220337,0.9572645425796509,0.9680665731430054,0.0
175,4175,-0.2657189492151162,-0.3949721379772493,-0.1467189492151162,0.13302786202275074,0.19804762592147337,0.1380034962204949,0.5511754155158997,0.5334107279777527,-1.0,0.8860465288162231,0.3084745705127716,-0.06887499988079071,0.06562499701976776,0.060750000178813934,-0.06437499821186066,0.0001256200048374012,9.13600015337579e-05,0.0004739300056826323,0.000673780043143779,0.01899999938905239,0.10050000250339508,0.11949999630451202,0.001500000013038516,0.0042500002309679985,0.027000000700354576,0.03525000065565109,-0.19352073967456818,-0.4883653521537781,0.10551797598600388,-0.6870840787887573,0.0
176,4176,-0.2527456716498695,-0.4010443397826493,-0.1337456716498695,0.12695566021735072,0.18440619389352983,0.1581736278400239,0.5448396801948547,0.5339455008506775,-1.0,0.8860465288162231,0.3084745705127716,-0.07187499850988388,0.057999998331069946,0.06287500262260437,-0.06449999660253525,9.13600015337579e-05,7.423000351991504e-05,0.0004682200087700039,0.00013703999866265804,0.014499999582767487,0.05299999937415123,0.06750000268220901,0.0002500000118743628,0.0012499999720603228,0.026499999687075615,0.009750000201165676,0.7325727939605713,0.7602502703666687,0.7442307472229004,-0.8988227248191833,0.0
177,4177,-0.23609935654811381,-0.41088588669932113,-0.11709935654811382,0.11711411330067889,0.16561393310403125,0.19087446257368457,0.5750100612640381,0.5236536860466003,-1.0,0.8860465288162231,0.3084745705127716,-0.05912499874830246,0.0638749971985817,0.07900000363588333,-0.08100000023841858,0.00016558999777771533,0.00027407999732531607,0.00034260001848451793,0.0001256200048374012,0.03849999979138374,0.04100000113248825,0.0794999971985817,0.0020000000949949026,0.017999999225139618,0.02199999988079071,0.00925000011920929,0.8993832468986511,-0.16953423619270325,-0.49025264382362366,-0.5903522372245789,0.0
178,4178,-0.23598384318432258,-0.41251079515639566,-0.11698384318432259,0.11548920484360437,0.16438666613074854,0.19323143540428875,0.6137224435806274,0.5069730877876282,-1.0,0.8860465288162231,0.3084745705127716,-0.04362500086426735,0.0638749971985817,0.08012499660253525,-0.08837500214576721,0.00034831001539714634,0.00017701000615488738,7.423000351991504e-05,6.851999933132902e-05,0.04600000008940697,0.012500000186264515,0.05849999934434891,0.0044999998062849045,0.011749999597668648,0.001500000013038516,0.0020000000949949026,0.6845412850379944,-0.1421249955892563,-0.807288646697998,0.8172496557235718,0.0
179,4179,-0.2348986759046524,-0.41100756530681803,-0.11589867590465242,0.11699243469318199,0.16468069969456078,0.19266410460858416,0.6139910817146301,0.5042189955711365,-1.0,0.8860465288162231,0.3084745705127716,-0.032749999314546585,0.06350000202655792,0.06587500125169754,-0.07887499779462814,0.0007651399937458336,0.00011420000373618677,0.0,0.0001827200030675158,0.07699999958276749,0.01600000075995922,0.09300000220537186,0.008249999955296516,0.007249999791383743,-0.0002500000118743628,0.013500000350177288,-0.9203691482543945,0.9462199211120605,-0.07829096168279648,-0.6834955811500549,-0.033394918
180,4180,-0.2465565858194128,-0.4009983926227334,-0.12755658581941282,0.12700160737726662,0.1800002523951414,0.1652984710157504,0.6165146827697754,0.5067668557167053,-1.0,0.8860465288162231,0.3084745705127716,-0.04662499949336052,0.07199999690055847,0.06949999928474426,-0.08537500351667404,0.00013703999866265804,0.000433959998190403,0.0,6.28100024187006e-05,0.05000000074505806,0.005499999970197678,0.05550000071525574,0.001500000013038516,0.025499999523162842,0.0,0.0010000000474974513,-0.6659791469573975,0.9959920644760132,0.2608817517757416,0.9364451766014099,0.0
181,4181,-0.2559412096160263,-0.39494140722340937,-0.1369412096160263,0.13305859277659066,0.19093842987410112,0.14817158794943394,0.5894032716751099,0.523731529712677,-1.0,0.8860465288162231,0.3084745705127716,-0.05912499874830246,0.08449999988079071,0.06975000351667404,-0.07925000041723251,0.0001598800008650869,0.0007594299968332052,0.00014275001012720168,0.0003825699968729168,0.08049999922513962,0.04600000008940697,0.1264999955892563,0.0017500000540167093,0.0377499982714653,0.00925000011920929,0.023749999701976776,-0.8074955940246582,-0.5684511065483093,-0.648953378200531,0.320222944021225,0.0
182,4182,-0.24780494713262868,-0.39907915882912426,-0.1288049471326287,0.12892084117087577,0.18223967102155733,0.1616378871456479,0.5675785541534424,0.5339975953102112,-1.0,0.8860465288162231,0.3084745705127716,-0.07374999672174454,0.08512499928474426,0.060499999672174454,-0.07225000113248825,0.00010848999954760075,0.00022840000747237355,9.13600015337579e-05,0.00032546999864280224,0.029500000178813934,0.0364999994635582,0.06599999964237213,0.000750000006519258,0.015250000171363354,0.0035000001080334187,0.02174999937415123,0.40960198640823364,0.35790011286735535,0.8455607891082764,-0.9712371230125427,0.0
183,4183,-0.23413247967986123,-0.40739686967252875,-0.11513247967986123,0.12060313032747128,0.16673512803851107,0.18874634026129508,0.5865001082420349,0.526984453201294,-1.0,0.8860465288162231,0.3084745705127716,-0.0677499994635582,0.08574999868869781,0.07112500071525574,-0.08237499743700027,0.00032546999864280224,0.0004568000149447471,0.00019985000835731626,9.707000572234392e-05,0.06849999725818634,0.026000000536441803,0.09449999779462814,0.004000000189989805,0.027249999344348907,0.013749999925494194,0.005750000011175871,0.6502514481544495,0.1360793113708496,-0.9061025381088257,-0.8212713003158569,0.0
184,4184,-0.22515391587186448,-0.40827991485999415,-0.10615391587186448,0.11972008514000587,0.16000485192912475,0.20188672235633762,0.6182965636253357,0.512886643409729,-1.0,0.8860465288162231,0.3084745705127716,-0.05700000002980232,0.08562500029802322,0.061250001192092896,-0.09574999660253525,0.0005938400281593204,0.000616680015809834,0.0,7.423000351991504e-05,0.10599999874830246,0.006500000134110451,0.11249999701976776,0.006750000175088644,0.032499998807907104,-0.0002500000118743628,0.0017500000540167093,-0.20025652647018433,0.222423255443573,-0.6101930141448975,-0.9710170030593872,-0.09722317
185,4185,-0.2230413134265546,-0.4081574431497977,-0.1040413134265546,0.11984255685020234,0.15870360213907103,0.20453093953144239,0.6391769647598267,0.511389970779419,-1.0,0.8860465288162231,0.3084745705127716,-0.057999998331069946,0.09049999713897705,0.06499999761581421,-0.11400000005960464,0.0001256200048374012,0.0005995500250719488,0.0,6.851999933132902e-05,0.06350000202655792,0.006000000052154064,0.06949999928474426,0.0012499999720603228,0.03099999949336052,-0.0002500000118743628,0.0020000000949949026,0.5913845300674438,0.8703663945198059,0.13211673498153687,-0.39014366269111633,-0.008145993
186,4186,-0.2245027254693186,-0.40951181908338935,-0.1055027254693186,0.11848818091661067,0.15865142324726203,0.20463768935711246,0.6440899968147278,0.5115975737571716,-1.0,0.8860465288162231,0.3084745705127716,-0.05112500116229057,0.09425000101327896,0.06849999725818634,-0.12137500196695328,0.0009136000298894942,0.001444630092009902,6.851999933132902e-05,7.423000351991504e-05,0.20649999380111694,0.012500000186264515,0.21899999678134918,0.009499999694526196,0.0560000017285347,0.0002500000118743628,0.0022499999031424522,0.971992552280426,-0.3072511553764343,-0.9945179224014282,0.5475079417228699,0.0
187,4187,-0.2298779073463162,-0.40811959592166336,-0.1108779073463162,0.11988040407833667,0.16329489159028693,0.19535264536521021,0.640691339969635,0.509302020072937,-1.0,0.8860465288162231,0.3084745705127716,-0.03687499836087227,0.09375,0.05000000074505806,-0.12025000154972076,0.0020213399548083544,0.0010335100814700127,0.0,0.00028550002025440335,0.26750001311302185,0.02500000037252903,0.29249998927116394,0.017249999567866325,0.045499999076128006,0.0,0.020500000566244125,0.09252668917179108,0.12052507698535919,-0.9475957155227661,0.9909147620201111,-0.14110908
188,4188,-0.23625834770700793,-0.40693787000849735,-0.11725834770700794,0.12106212999150268,0.1685394892156051,0.18537121586159025,0.6281909346580505,0.51166170835495,-1.0,0.8860465288162231,0.3084745705127716,-0.03687499836087227,0.09362500160932541,0.05375000089406967,-0.1042499989271164,0.002341100014746189,0.001204809988848865,2.2840000383439474e-05,0.0003939900198020041,0.31049999594688416,0.0364999994635582,0.34700000286102295,0.019500000402331352,0.05025000125169754,0.0,0.025499999523162842,-0.24637332558631897,-0.5864551067352295,-0.567120373249054,0.8480919003486633,-0.12248965
189,4189,-0.23810251790575732,-0.4054474793818349,-0.11910251790575732,0.12255252061816513,0.17089332954026332,0.1810588259260685,0.6133526563644409,0.5136646032333374,-1.0,0.8860465288162231,0.3084745705127716,-0.039000000804662704,0.09137500077486038,0.057500001043081284,-0.08675000071525574,0.0003882800228893757,0.0006338100065477192,0.0,0.00035402001230977476,0.08950000256299973,0.03099999949336052,0.12049999833106995,0.004999999888241291,0.032999999821186066,0.0,0.02225000038743019,-0.7869089841842651,-0.6232208013534546,-0.49731072783470154,0.14039404690265656,-0.0836773
190,4190,-0.2407213775342607,-0.40527239319055636,-0.12172137753426071,0.12272760680944367,0.17285299888058475,0.17754521168083495,0.6090639233589172,0.5161907076835632,-1.0,0.8860465288162231,0.3084745705127716,-0.05237499997019768,0.08950000256299973,0.061000000685453415,-0.07862500101327896,0.00017701000615488738,0.00019414001144468784,7.423000351991504e-05,0.0001541700039524585,0.032499998807907104,0.019999999552965164,0.05249999836087227,0.0022499999031424522,0.013500000350177288,0.0005000000237487257,0.011250000447034836,0.03800095617771149,0.6277353167533875,-0.7318782210350037,0.6831587553024292,0.0
191,4191,-0.23707061845233213,-0.40708764573511474,-0.11807061845233213,0.12091235426488528,0.16899842708023444,0.18452242635987934,0.6029735207557678,0.5164874792098999,-1.0,0.8860465288162231,0.3084745705127716,-0.05249999836087227,0.08937499672174454,0.04762500151991844,-0.06862500309944153,0.00028550002025440335,0.0007651399937458336,0.0,0.00023411000438500196,0.09200000017881393,0.020500000566244125,0.11249999701976776,0.0037499999161809683,0.03725000098347664,0.0,0.016750000417232513,0.4855583906173706,0.9558517336845398,-0.6205572485923767,-0.7741851806640625,-0.09846687
192,4192,-0.22860079083732276,-0.4078187342786867,-0.10960079083732277,0.12018126572131332,0.16265260521289998,0.19661140689384385,0.6114636659622192,0.513410747051239,-1.0,0.8860465288162231,0.3084745705127716,-0.048250000923871994,0.0898749977350235,0.051249999552965164,-0.0767500028014183,0.001416080049239099,0.00211841007694602,7.423000351991504e-05,7.994000043254346e-05,0.3095000088214874,0.013500000350177288,0.3230000138282776,0.013249999843537807,0.07199999690055847,0.0002500000118743628,0.004000000189989805,-0.17659257352352142,-0.834526538848877,-0.5313657522201538,-0.8255290985107422,0.0
193,4193,-0.23300677689098775,-0.40629057808440017,-0.11400677689098776,0.12170942191559986,0.16676548971565117,0.18868904240558634,0.6311609745025635,0.5121716260910034,-1.0,0.8860465288162231,0.3084745705127716,-0.048124998807907104,0.09025000035762787,0.04149999842047691,-0.09137500077486038,0.0005652900435961783,0.0008450800087302923,0.0,7.423000351991504e-05,0.12349999696016312,0.006500000134110451,0.12999999523162842,0.006500000134110451,0.03999999910593033,0.0,0.0024999999441206455,-0.1815221756696701,0.7048310041427612,-0.7585461735725403,0.5211098790168762,-0.11502554
194,4194,-0.23567162904713623,-0.40303955906310346,-0.11667162904713624,0.12496044093689657,0.17096017320901433,0.18093784000444113,0.6209144592285156,0.514761745929718,-1.0,0.8860465288162231,0.3084745705127716,-0.04937500134110451,0.09212499856948853,0.045249998569488525,-0.08737500011920929,0.00017701000615488738,0.0016844500787556171,0.0,0.00020556000526994467,0.16300000250339508,0.017999999225139618,0.1809999942779541,0.0022499999031424522,0.0625,0.0,0.014000000432133675,-0.9723719954490662,-0.01546003483235836,-0.7271655797958374,-0.08912526816129684,-0.11125988
195,4195,-0.24435673316809492,-0.3967100186338536,-0.12535673316809492,0.13128998136614645,0.18152512156090142,0.16279700610373166,0.6147171258926392,0.5202719569206238,-1.0,0.8860465288162231,0.3084745705127716,-0.06750000268220901,0.10324999690055847,0.04899999871850014,-0.08675000071525574,0.00019985000835731626,0.0008507900056429207,0.0,0.00013703999866265804,0.09200000017881393,0.012000000104308128,0.10400000214576721,0.0022499999031424522,0.03974999859929085,0.0,0.009499999694526196,-0.824804425239563,0.7217824459075928,-0.9646267294883728,0.7730947136878967,-0.1397552
196,4196,-0.2420440700570738,-0.3989397731728838,-0.1230440700570738,0.1290602268271162,0.17831540966746753,0.1681070842014649,0.5945191979408264,0.5309999585151672,-1.0,0.8860465288162231,0.3084745705127716,-0.08312500268220901,0.1146249994635582,0.050999999046325684,-0.07524999976158142,0.00019985000835731626,0.0009535700082778931,8.565000462112948e-05,0.00019985000835731626,0.10100000351667404,0.02500000037252903,0.12600000202655792,0.002749999985098839,0.04399999976158142,0.0035000001080334187,0.015250000171363354,0.5812692642211914,0.7296538352966309,-0.956676721572876,0.056281499564647675,0.0
197,4197,-0.24712694146857012,-0.3969527625368422,-0.12812694146857012,0.13104723746315783,0.18327545273935536,0.15997231221270483,0.5998975038528442,0.5272207260131836,-1.0,0.8860465288162231,0.3084745705127716,-0.07724999636411667,0.11524999886751175,0.03500000014901161,-0.07512500137090683,0.0013418500311672688,0.0019299800042062998,0.0,0.00023411000438500196,0.2865000069141388,0.020500000566244125,0.3070000112056732,0.012749999761581421,0.07000000029802322,-0.0002500000118743628,0.017000000923871994,0.20850372314453125,0.10654578357934952,-0.7486264705657959,0.9634459614753723,-0.117338404
198,4198,-0.24584560846075199,-0.397902819460039,-0.126845608460752,0.130097180539961,0.18170053596570818,0.16251168702297625,0.5880768895149231,0.5305885672569275,-1.0,0.8860465288162231,0.3084745705127716,-0.07524999976158142,0.11524999886751175,0.03737499937415123,-0.06300000101327896,0.0018557501025497913,0.0020270501263439655,7.994000043254346e-05,0.0004739300056826323,0.3400000035762787,0.048500001430511475,0.38850000500679016,0.016499999910593033,0.07275000214576721,0.0024999999441206455,0.028750000521540642,-0.08441141247749329,-0.9151572585105896,-0.9916900396347046,-0.008082899264991283,0.0
199,4199,-0.24936794404240442,-0.3949371577263444,-0.13036794404240443,0.1330628422736556,0.1862834421729082,0.15523201322425326,0.5910567045211792,0.5289782881736755,-1.0,0.8860465288162231,0.3084745705127716,-0.07524999976158142,0.11524999886751175,0.020124999806284904,-0.06300000101327896,0.001416080049239099,0.0007594299968332052,0.0,0.0004739300056826323,0.19050000607967377,0.04149999842047691,0.23199999332427979,0.013500000350177288,0.03849999979138374,0.0,0.02850000001490116,-0.9468047022819519,-0.7400518655776978,0.9813385605812073,-0.6727574467658997,0.0
200,4200,-0.2539146772706425,-0.39479994147137715,-0.1349146772706425,0.13320005852862288,0.18958962454488426,0.15018367327675047,0.5828652381896973,0.534004807472229,-1.0,0.8860465288162231,0.3084745705127716,-0.0872500017285347,0.1145000010728836,0.036375001072883606,-0.06287500262260437,0.0001598800008650869,0.00017701000615488738,9.13600015337579e-05,7.423000351991504e-05,0.029500000178813934,0.014499999582767487,0.04399999976158142,0.0020000000949949026,0.012249999679625034,0.0042500002309679985,0.0032500000670552254,0.4433838427066803,-0.6942174434661865,0.10178405791521072,0.5580254793167114,0.0
201,4201,-0.2549800223110744,-0.39464459320049905,-0.13598002231107442,0.13335540679950098,0.19045795071453617,0.148885234638797,0.5722914338111877,0.5342373847961426,-1.0,0.8860465288162231,0.3084745705127716,-0.08025000244379044,0.10324999690055847,0.03700000047683716,-0.05937499925494194,0.00035402001230977476,0.00013703999866265804,0.00011420000373618677,0.00023411000438500196,0.0430000014603138,0.030500000342726707,0.07349999994039536,0.0044999998062849045,0.008750000037252903,0.006750000175088644,0.017000000923871994,-0.5154817700386047,-0.7962744235992432,0.4109914004802704,-0.8409069776535034,0.0
202,4202,-0.2543218976048991,-0.3957570373452267,-0.1353218976048991,0.1322429626547733,0.1892094531018537,0.15075571539605442,0.5698139071464539,0.5345007181167603,-1.0,0.8860465288162231,0.3084745705127716,-0.08775000274181366,0.09200000017881393,0.04637499898672104,-0.06712500005960464,9.13600015337579e-05,7.994000043254346e-05,8.565000462112948e-05,6.851999933132902e-05,0.014999999664723873,0.013500000350177288,0.02850000001490116,0.0002500000118743628,0.001500000013038516,0.0032500000670552254,0.0010000000474974513,0.31161072850227356,0.5113493800163269,-0.32459646463394165,0.7929198741912842,0.0
203,4203,-0.24590187517324602,-0.39987230349604064,-0.12690187517324603,0.1281276965039594,0.18033522266572563,0.16474569661194277,0.5713444352149963,0.5326151847839355,-1.0,0.8860465288162231,0.3084745705127716,-0.08362500369548798,0.09287499636411667,0.04112499952316284,-0.06024999916553497,0.00026266000350005925,0.00028550002025440335,7.994000043254346e-05,0.00022840000747237355,0.04800000041723251,0.027000000700354576,0.07500000298023224,0.0035000001080334187,0.01875000074505806,0.0017500000540167093,0.016750000417232513,-0.9360811710357666,0.04794052243232727,-0.9233670830726624,-0.37468284368515015,0.0
204,4204,-0.24674490313049774,-0.39961396952026174,-0.12774490313049774,0.1283860304797383,0.18111248741642455,0.1634701499927479,0.5909258723258972,0.5256401896476746,-1.0,0.8860465288162231,0.3084745705127716,-0.09962499886751175,0.0988750010728836,0.02474999986588955,-0.05974999815225601,9.707000572234392e-05,0.00013133000175002962,0.0,6.851999933132902e-05,0.019999999552965164,0.006000000052154064,0.026000000536441803,0.0005000000237487257,0.008500000461935997,0.0,0.0017500000540167093,-0.16207100450992584,-0.25037869811058044,-0.4771701693534851,-0.09165064990520477,-0.08126042
205,4205,-0.26997823273137983,-0.38750579472903024,-0.15097823273137984,0.14049420527096979,0.2062354200262702,0.12715427063986187,0.5889653563499451,0.5260780453681946,-1.0,0.8860465288162231,0.3084745705127716,-0.10249999910593033,0.09825000166893005,0.0286250002682209,-0.06037500128149986,9.707000572234392e-05,7.423000351991504e-05,0.0,0.0,0.014999999664723873,0.0,0.014999999664723873,0.0002500000118743628,0.0005000000237487257,-0.0002500000118743628,-0.0002500000118743628,-0.010692784562706947,-0.8831552267074585,-0.026419878005981445,0.9736360311508179,-0.027170388
206,4206,-0.2622641551483265,-0.39194195652053054,-0.14326415514832652,0.13605804347946948,0.19757633802109245,0.13865542502439285,0.5349343419075012,0.546600341796875,-1.0,0.8860465288162231,0.3084745705127716,-0.10249999910593033,0.08112499862909317,0.029625000432133675,-0.04899999871850014,0.0,7.994000043254346e-05,0.00010278000263497233,0.0001827200030675158,0.007000000216066837,0.02500000037252903,0.03200000151991844,0.0,0.0017500000540167093,0.005249999929219484,0.013500000350177288,-0.11024054884910583,0.8875161409378052,-0.22641286253929138,0.2494002878665924,-0.03722887
207,4207,-0.2553136462583996,-0.3957078390675082,-0.1363136462583996,0.1322921609324918,0.1899542734461334,0.149637027437039,0.5528740286827087,0.5390814542770386,-1.0,0.8860465288162231,0.3084745705127716,-0.09937500208616257,0.09087499976158142,0.027249999344348907,-0.04675000160932541,0.0001256200048374012,0.00022269001055974513,7.994000043254346e-05,0.0002512400096748024,0.030500000342726707,0.028999999165534973,0.05950000137090683,0.0012499999720603228,0.01549999974668026,0.0017500000540167093,0.0182499997317791,0.6244966983795166,0.8954799771308899,0.26422062516212463,-0.4762474596500397,0.0
208,4208,-0.25186035068532747,-0.39893439510581036,-0.13286035068532748,0.12906560489418967,0.18522905590357922,0.15687741747183567,0.5690380334854126,0.5326985716819763,-1.0,0.8860465288162231,0.3084745705127716,-0.08937499672174454,0.09825000166893005,0.027374999597668648,-0.04874999821186066,0.00037115000304766,0.000673780043143779,0.00017701000615488738,7.994000043254346e-05,0.09149999916553497,0.02250000089406967,0.11400000005960464,0.0044999998062849045,0.03424999862909317,0.011250000447034836,0.0044999998062849045,0.3362029492855072,0.4571252167224884,-0.8041431903839111,0.5074976086616516,0.0
209,4209,-0.25583685769469366,-0.39436335801054856,-0.13683685769469367,0.13363664198945147,0.19126703245979082,0.14768549138052625,0.5770689249038696,0.5272298455238342,-1.0,0.8860465288162231,0.3084745705127716,-0.08449999988079071,0.10100000351667404,0.018124999478459358,-0.04450000077486038,0.0006395200034603477,0.001050640014000237,7.423000351991504e-05,0.00019985000835731626,0.14800000190734863,0.024000000208616257,0.1720000058412552,0.007249999791383743,0.04574999958276749,-0.0002500000118743628,0.014999999664723873,-0.1296394020318985,0.47761204838752747,0.794011652469635,0.1314893215894699,0.0
210,4210,-0.26411050265150976,-0.3899612890830374,-0.14511050265150977,0.13803871091696263,0.20027916439657573,0.13495800217203605,0.5678212642669678,0.534977376461029,-1.0,0.8860465288162231,0.3084745705127716,-0.08449999988079071,0.10337500274181366,0.024250000715255737,-0.04450000077486038,0.0001884299999801442,0.0015302799874916673,0.00023982000129763037,0.0002969200140796602,0.15049999952316284,0.04699999839067459,0.19750000536441803,0.0024999999441206455,0.05874999985098839,0.017249999567866325,0.019750000908970833,-0.5617872476577759,-0.9008598327636719,-0.8448942303657532,0.7087427973747253,0.0
211,4211,-0.26388370225457675,-0.39276501533446456,-0.14488370225457675,0.13523498466553546,0.1981912920803547,0.13780537424954273,0.5485802292823792,0.5424385070800781,-1.0,0.8860465288162231,0.3084745705127716,-0.09412500262260437,0.10374999791383743,0.014750000089406967,-0.0364999994635582,0.00010278000263497233,0.0003939900198020041,9.707000572234392e-05,0.000559579988475889,0.04349999874830246,0.057500001043081284,0.10100000351667404,0.000750000006519258,0.024250000715255737,0.004749999847263098,0.030249999836087227,0.42343437671661377,-0.2678336501121521,-0.7188067436218262,0.9610103368759155,0.0
212,4212,-0.2592764811997744,-0.3956987000337727,-0.14027648119977443,0.1323012999662273,0.19282407824373055,0.1454037704810498,0.5491076707839966,0.5376864075660706,-1.0,0.8860465288162231,0.3084745705127716,-0.0898749977350235,0.10350000113248825,0.0012499999720603228,-0.023624999448657036,0.0007137500215321779,0.0002169799990952015,9.707000572234392e-05,0.0008507900056429207,0.08150000125169754,0.08299999684095383,0.16449999809265137,0.00800000037997961,0.014750000089406967,0.004999999888241291,0.04050000011920929,-0.3793720006942749,0.012139540165662766,-0.48614612221717834,-0.9224603772163391,0.0
213,4213,-0.2528781245530303,-0.39648931607328713,-0.13387812455303033,0.1315106839267129,0.18766569271102398,0.15310107923758837,0.559822142124176,0.5327140688896179,-1.0,0.8860465288162231,0.3084745705127716,-0.09350000321865082,0.10362499952316284,-0.005125000141561031,-0.023499999195337296,0.0001256200048374012,0.0002169799990952015,0.0,9.707000572234392e-05,0.029999999329447746,0.008500000461935997,0.03849999979138374,0.0012499999720603228,0.014750000089406967,-0.0002500000118743628,0.005750000011175871,-0.3578822910785675,0.6681523323059082,0.04766004532575607,-0.8879019021987915,-0.018280797
214,4214,-0.2628314830080268,-0.3899870132900881,-0.14383148300802678,0.1380129867099119,0.19933659976250878,0.13623608247548094,0.5747020244598389,0.5313740372657776,-1.0,0.8860465288162231,0.3084745705127716,-0.10012499988079071,0.11037500202655792,-0.0013749999925494194,-0.03824999928474426,0.00011991000064881518,0.0004568000149447471,0.0,7.423000351991504e-05,0.05050000175833702,0.006500000134110451,0.05700000002980232,0.0012499999720603228,0.026249999180436134,-0.0002500000118743628,0.0020000000949949026,0.013467712327837944,-0.6795111894607544,0.8836144804954529,0.3126518130302429,0.0
215,4215,-0.24573775616830246,-0.39901172768110005,-0.12673775616830246,0.12898827231889998,0.18083261109211132,0.1639283050746347,0.5515546798706055,0.5423948764801025,-1.0,0.8860465288162231,0.3084745705127716,-0.10000000149011612,0.10862500220537186,0.010874999687075615,-0.03725000098347664,0.00014275001012720168,9.13600015337579e-05,0.00014275001012720168,0.0001598800008650869,0.020500000566244125,0.026499999687075615,0.04699999839067459,0.001500000013038516,0.0044999998062849045,0.008249999955296516,0.011500000022351742,0.8599407076835632,0.8224388360977173,-0.6248397827148438,-0.9423378109931946,0.0
216,4216,-0.2483690746325411,-0.39795468056686745,-0.1293690746325411,0.13004531943313258,0.18343430043954562,0.15971840159279413,0.591307520866394,0.5270987749099731,-1.0,0.8860465288162231,0.3084745705127716,-0.08762499690055847,0.10899999737739563,0.0035000001080334187,-0.05087500065565109,0.0008108200272545218,0.0006794900400564075,0.0,7.423000351991504e-05,0.13050000369548798,0.006500000134110451,0.13699999451637268,0.008750000037252903,0.03449999913573265,-0.0002500000118743628,0.0035000001080334187,0.1275484263896942,0.8539956212043762,0.9017252922058105,0.3697349429130554,0.0
217,4217,-0.25500488105123803,-0.3949569533918152,-0.13600488105123804,0.13304304660818483,0.19025714157568185,0.14918451018210974,0.5851882100105286,0.5288903713226318,-1.0,0.8860465288162231,0.3084745705127716,-0.08624999970197678,0.11050000041723251,0.020250000059604645,-0.05037499964237213,0.0010620600078254938,0.0016844500787556171,0.0,0.00021127000218257308,0.24050000309944153,0.01850000023841858,0.2590000033378601,0.01075000036507845,0.06350000202655792,0.0,0.016249999403953552,0.5945075750350952,-0.8576837182044983,-0.18936459720134735,0.9426220655441284,-0.046723757
218,4218,-0.25126647008816744,-0.39819364806196356,-0.13226647008816744,0.12980635193803647,0.18532163422829367,0.15673225019397014,0.5697560906410217,0.5339712500572205,-1.0,0.8860465288162231,0.3084745705127716,-0.07724999636411667,0.10975000262260437,0.021250000223517418,-0.04337500035762787,0.0016616100911051035,0.0006223900127224624,0.00010848999954760075,0.0007023300277069211,0.20000000298023224,0.07100000232458115,0.2709999978542328,0.014999999664723873,0.032999999821186066,0.005499999970197678,0.03750000149011612,0.14995793998241425,0.6648097038269043,-0.9973418712615967,-0.38336312770843506,0.0
219,4219,-0.2520264792389171,-0.3980240869775546,-0.13302647923891708,0.12997591302244543,0.18598328458418067,0.15569865387038792,0.578450083732605,0.5284853577613831,-1.0,0.8860465288162231,0.3084745705127716,-0.0767500028014183,0.10975000262260437,0.005499999970197678,-0.04312499985098839,0.002323969965800643,0.0014788900734856725,0.0,0.00034831001539714634,0.3330000042915344,0.030500000342726707,0.3634999990463257,0.019500000402331352,0.057750001549720764,-0.0002500000118743628,0.022749999538064003,0.5979295969009399,0.31736254692077637,0.5713791847229004,-0.7509458661079407,-0.10979296
220,4220,-0.24688839765160736,-0.39916164661829956,-0.12788839765160737,0.12883835338170047,0.18153446933297154,0.1627817889219089,0.5766826272010803,0.5287727117538452,-1.0,0.8860465288162231,0.3084745705127716,-0.07824999839067459,0.10987500101327896,0.01587500050663948,-0.04737500101327896,0.00028550002025440335,0.001947110053151846,7.994000043254346e-05,7.994000043254346e-05,0.19550000131130219,0.014000000432133675,0.2094999998807907,0.0037499999161809683,0.06925000250339508,0.0002500000118743628,0.0032500000670552254,0.8909084796905518,-0.6513961553573608,0.28194695711135864,0.6652129888534546,0.0
221,4221,-0.24866209132625966,-0.4008255512082077,-0.12966209132625967,0.12717444879179235,0.18161937769025505,0.16264363224056316,0.5886316299438477,0.5268446803092957,-1.0,0.8860465288162231,0.3084745705127716,-0.06975000351667404,0.10949999839067459,0.020999999716877937,-0.04675000160932541,0.002438170136883855,0.0009878299897536635,7.423000351991504e-05,0.00041112001053988934,0.30000001192092896,0.042500000447034836,0.3425000011920929,0.019999999552965164,0.04574999958276749,0.0005000000237487257,0.026750000193715096,0.4374246299266815,-0.8538904190063477,-0.27934911847114563,0.34289777278900146,-0.031473577
222,4222,-0.254967476072372,-0.3961576298903715,-0.13596747607237203,0.13184237010962851,0.1893926215712094,0.15047983120325797,0.5845067501068115,0.524024486541748,-1.0,0.8860465288162231,0.3084745705127716,-0.06424999982118607,0.1016250029206276,0.016124999150633812,-0.04012500122189522,0.0017701000906527042,0.0005081900162622333,0.0,0.00042254000436514616,0.19949999451637268,0.03700000047683716,0.23649999499320984,0.01549999974668026,0.029500000178813934,0.0,0.026249999180436134,-0.6552544832229614,0.7257534265518188,0.8361586928367615,-0.5871826410293579,0.0
223,4223,-0.2561291544136823,-0.3945235715058729,-0.13712915441368229,0.1334764284941271,0.19136447411617274,0.14754165428149613,0.569843053817749,0.5319362282752991,-1.0,0.8860465288162231,0.3084745705127716,-0.07012499868869781,0.10187499970197678,0.022749999538064003,-0.041999999433755875,0.00020556000526994467,0.0013932400615885854,0.00026837000041268766,0.00010848999954760075,0.14000000059604645,0.032999999821186066,0.17299999296665192,0.002749999985098839,0.0560000017285347,0.017999999225139618,0.00800000037997961,-0.019428269937634468,-0.3066277503967285,0.853473424911499,-0.37627550959587097,0.0
224,4224,-0.2534311275320283,-0.3969850196519312,-0.1344311275320283,0.1310149803480688,0.18771428588452535,0.15302670063744667,0.5671414732933044,0.5347058176994324,-1.0,0.8860465288162231,0.3084745705127716,-0.07012499868869781,0.10187499970197678,0.0351249985396862,-0.051375001668930054,0.0001598800008650869,0.0009706999990157783,0.00044538002111949027,0.00017130000924225897,0.0989999994635582,0.05400000140070915,0.15299999713897705,0.0022499999031424522,0.04475000128149986,0.02525000087916851,0.012749999761581421,-0.10152878612279892,0.755017876625061,-0.9764289259910583,0.606456995010376,0.0
225,4225,-0.251313614787547,-0.3980708888806828,-0.132313614787547,0.1299291111193172,0.18544127527172383,0.1565448462228339,0.573415994644165,0.5305338501930237,-1.0,0.8860465288162231,0.3084745705127716,-0.07212500274181366,0.10437499731779099,0.028875000774860382,-0.04800000041723251,0.00019985000835731626,0.0018728800350800157,8.565000462112948e-05,0.000491060025524348,0.18150000274181366,0.05050000175833702,0.23199999332427979,0.0024999999441206455,0.06800000369548798,0.0012499999720603228,0.02850000001490116,0.43688303232192993,0.9468812942504883,0.18518275022506714,-0.29123955965042114,-0.054449465
226,4226,-0.25241411379550294,-0.39568069219052915,-0.13341411379550294,0.13231930780947088,0.18790349911328663,0.1527374276340023,0.5783404111862183,0.528693437576294,-1.0,0.8860465288162231,0.3084745705127716,-0.06937500089406967,0.10437499731779099,0.028875000774860382,-0.048124998807907104,0.0014217899879440665,0.0026437300257384777,0.00011420000373618677,0.000308340007904917,0.35600000619888306,0.03700000047683716,0.3930000066757202,0.013249999843537807,0.08624999970197678,0.00800000037997961,0.017999999225139618,-0.7494842410087585,-0.6285487413406372,-0.151351660490036,-0.308169424533844,-0.012854874
227,4227,-0.2514584473961631,-0.3966417969661265,-0.13245844739616308,0.13135820303387352,0.18654816480172204,0.15482162239644093,0.5757811069488525,0.5327445864677429,-1.0,0.8860465288162231,0.3084745705127716,-0.07787500321865082,0.10762500017881393,0.028750000521540642,-0.04874999821186066,0.00016558999777771533,0.0015930900117382407,9.13600015337579e-05,0.00010278000263497233,0.15399999916553497,0.017000000923871994,0.17100000381469727,0.0022499999031424522,0.061000000685453415,0.002749999985098839,0.00774999987334013,-0.9792169332504272,-0.8691506385803223,-0.9172723889350891,-0.09171754121780396,0.0
228,4228,-0.2511302621998994,-0.39607198664540727,-0.13213026219989943,0.13192801335459275,0.18671745204105528,0.1545597508660769,0.5780035853385925,0.5311155915260315,-1.0,0.8860465288162231,0.3084745705127716,-0.09562499821186066,0.11100000143051147,0.013124999590218067,-0.048374999314546585,0.00013133000175002962,0.00033117999555543065,0.0,7.994000043254346e-05,0.04050000011920929,0.007000000216066837,0.04749999940395355,0.0012499999720603228,0.02174999937415123,-0.0002500000118743628,0.0037499999161809683,0.5631542205810547,0.7741131782531738,-0.8936798572540283,0.6507894992828369,-0.13124159
229,4229,-0.25748965134733975,-0.39316327494521897,-0.13848965134733976,0.13483672505478106,0.19328819403627928,0.14473049222320067,0.5787668228149414,0.5320813655853271,-1.0,0.8860465288162231,0.3084745705127716,-0.08900000154972076,0.11237499862909317,0.015625,-0.04349999874830246,0.0008393700118176639,0.0010906100505962968,8.565000462112948e-05,0.00026837000041268766,0.16899999976158142,0.03099999949336052,0.20000000298023224,0.008999999612569809,0.04800000041723251,0.0022499999031424522,0.0182499997317791,0.7838336229324341,-0.18174979090690613,0.9516189694404602,0.9573495984077454,0.0
230,4230,-0.25856344336115306,-0.392786069192174,-0.13956344336115306,0.135213930807826,0.19432128500842447,0.14324299142211563,0.5639775395393372,0.5370113849639893,-1.0,0.8860465288162231,0.3084745705127716,-0.07737500220537186,0.1120000034570694,0.02225000038743019,-0.04075000062584877,0.0015645400853827596,0.0008622099994681776,0.0004054100136272609,0.001136290025897324,0.21250000596046448,0.13500000536441803,0.3474999964237213,0.014999999664723873,0.041999999433755875,0.02449999935925007,0.048500001430511475,-0.027862517163157463,-0.7673789262771606,0.14726102352142334,-0.5913909673690796,0.0
231,4231,-0.25592135578063807,-0.39511647504932135,-0.13692135578063808,0.13288352495067868,0.19080222449469952,0.14837354312865278,0.5614803433418274,0.5376507043838501,-1.0,0.8860465288162231,0.3084745705127716,-0.07637500017881393,0.10762500017881393,0.023499999195337296,-0.04062499850988388,0.0012390700867399573,0.00033117999555543065,0.0005196100100874901,0.00042825000127777457,0.13750000298023224,0.08299999684095383,0.22050000727176666,0.012000000104308128,0.02199999988079071,0.027499999850988388,0.026249999180436134,-0.14303261041641235,0.7166332006454468,-0.7960437536239624,0.3669034540653229,0.0
232,4232,-0.2609371918137022,-0.39124882415691453,-0.14193719181370218,0.1367511758430855,0.19709655124944772,0.13932227385886298,0.5676247477531433,0.5337008833885193,-1.0,0.8860465288162231,0.3084745705127716,-0.07637500017881393,0.10762500017881393,0.021124999970197678,-0.04050000011920929,0.0005652900435961783,0.0010906100505962968,9.13600015337579e-05,0.0008450800087302923,0.14499999582767487,0.0820000022649765,0.22699999809265137,0.006750000175088644,0.04874999821186066,0.0024999999441206455,0.03974999859929085,-0.2163447141647339,-0.40973100066185,0.9731821417808533,-0.5846279859542847,0.0
233,4233,-0.2615935079116132,-0.3907446855667651,-0.14259350791161318,0.1372553144332349,0.19791899817527744,0.13818112122038173,0.5559599995613098,0.5402562022209167,-1.0,0.8860465288162231,0.3084745705127716,-0.078125,0.10762500017881393,0.02449999935925007,-0.04062499850988388,0.00017130000924225897,0.0006052600219845772,0.0006509399972856045,0.00027407999732531607,0.06800000369548798,0.08100000023841858,0.14900000393390656,0.0022499999031424522,0.03350000083446503,0.03200000151991844,0.0182499997317791,-0.1791604459285736,-0.1904059499502182,0.14531797170639038,-0.33589547872543335,0.0
234,4234,-0.25864706233761103,-0.392871868757157,-0.13964706233761104,0.135128131242843,0.1943216762811283,0.14324243095248654,0.5544337034225464,0.5411106944084167,-1.0,0.8860465288162231,0.3084745705127716,-0.08124999701976776,0.10774999856948853,0.027000000700354576,-0.0430000014603138,0.00016558999777771533,0.000433959998190403,0.0006566499941982329,0.0001484600070398301,0.05249999836087227,0.07050000131130219,0.12300000339746475,0.0020000000949949026,0.026249999180436134,0.032249998301267624,0.010499999858438969,0.5031479001045227,0.8871695399284363,0.45713570713996887,0.7064762115478516,0.0
235,4235,-0.2639520864492201,-0.38889528578712096,-0.14495208644922009,0.13910471421287907,0.20090104251155325,0.134121332122477,0.5612859129905701,0.5375053286552429,-1.0,0.8860465288162231,0.3084745705127716,-0.07649999856948853,0.10762500017881393,0.029500000178813934,-0.04312499985098839,0.001119159976951778,0.0014560500858351588,0.0009478600113652647,0.0006909100338816643,0.22550000250339508,0.14350000023841858,0.36899998784065247,0.011250000447034836,0.05974999815225601,0.0442500002682209,0.03700000047683716,-0.6992174386978149,-0.7298945188522339,-0.06205971539020538,0.6674641370773315,0.0
236,4236,-0.255981719033156,-0.3942278867292759,-0.13698171903315598,0.13377211327072414,0.19146532228629273,0.1473929362253119,0.5489486455917358,0.5442453026771545,-1.0,0.8860465288162231,0.3084745705127716,-0.0846249982714653,0.10774999856948853,0.029500000178813934,-0.04312499985098839,0.0001256200048374012,0.0005881300312466919,0.0009307300206273794,0.0017301300540566444,0.0625,0.2329999953508377,0.2955000102519989,0.001500000013038516,0.032249998301267624,0.041999999433755875,0.06199999898672104,0.6853363513946533,0.8957458734512329,-0.9590201377868652,-0.8604322075843811,0.0
237,4237,-0.24991471042204744,-0.399303961633047,-0.13091471042204744,0.12869603836695304,0.183579224576848,0.15948709872449962,0.5674843788146973,0.5352069735527039,-1.0,0.8860465288162231,0.3084745705127716,-0.07662499696016312,0.10762500017881393,0.02850000001490116,-0.04312499985098839,0.0010677700629457831,0.001781520084477961,0.00013133000175002962,0.0005253200070001185,0.24950000643730164,0.057500001043081284,0.3070000112056732,0.010999999940395355,0.06599999964237213,0.008249999955296516,0.029750000685453415,0.7183458209037781,0.691165566444397,-0.7473206520080566,-0.2849605679512024,-0.08087157
238,4238,-0.2506563699132346,-0.39925867417368865,-0.1316563699132346,0.12874132582631137,0.1841405135059825,0.15859442288490108,0.5815936923027039,0.5266034603118896,-1.0,0.8860465288162231,0.3084745705127716,-0.07249999791383743,0.10750000178813934,0.01862500049173832,-0.042500000447034836,0.0018157800659537315,0.0023639400023967028,7.423000351991504e-05,0.00026266000350005925,0.3659999966621399,0.029500000178813934,0.3955000042915344,0.01600000075995922,0.08025000244379044,0.0,0.017999999225139618,0.49032866954803467,-0.8133208155632019,-0.1265232115983963,-0.3548488914966583,-0.06480586
239,4239,-0.24634734542519748,-0.3989561648473642,-0.1273473454251975,0.12904383515263584,0.18129991113551386,0.16316405509485468,0.5798689126968384,0.5266802310943604,-1.0,0.8860465288162231,0.3084745705127716,-0.06849999725818634,0.10724999755620956,0.016625000163912773,-0.04262499883770943,0.0021069899667054415,0.0015759600792080164,-7.994000043254346e-05,9.13600015337579e-05,0.32249999046325684,0.014999999664723873,0.3375000059604645,0.017750000581145287,0.06199999898672104,-0.0005000000237487257,0.004999999888241291,-0.8029559850692749,-0.9441745281219482,-0.7045601606369019,-0.66225266456604,0.0
240,4240,-0.24819992117021134,-0.39914579663006916,-0.12919992117021134,0.12885420336993086,0.18247198512782264,0.16126281537374473,0.5898898839950562,0.5271929502487183,-1.0,0.8860465288162231,0.3084745705127716,-0.07599999755620956,0.10762500017881393,0.003375000087544322,-0.05375000089406967,0.00019414001144468784,0.00042254000436514616,0.0,6.851999933132902e-05,0.05400000140070915,0.006000000052154064,0.05999999865889549,0.002749999985098839,0.026000000536441803,-0.0002500000118743628,0.0024999999441206455,0.5316780209541321,0.9852365255355835,0.975726842880249,0.9563472867012024,0.0
241,4241,-0.2569735391237016,-0.3953172031070845,-0.13797353912370158,0.1326827968929155,0.19141949244955772,0.14746050164872196,0.5855816006660461,0.5268715023994446,-1.0,0.8860465288162231,0.3084745705127716,-0.07150000333786011,0.10774999856948853,0.021250000223517418,-0.04675000160932541,0.0014674700796604156,0.0016273499932140112,7.994000043254346e-05,0.0003825699968729168,0.2709999978542328,0.04050000011920929,0.31150001287460327,0.013500000350177288,0.0625,0.0005000000237487257,0.024250000715255737,-0.8284909725189209,0.275002121925354,-0.6572257280349731,0.8752265572547913,0.0
242,4242,-0.2529582240968444,-0.3955152381052035,-0.13395822409684438,0.13248476189479652,0.18840652307577171,0.15197105091856908,0.5651777982711792,0.5333606600761414,-1.0,0.8860465288162231,0.3084745705127716,-0.08174999803304672,0.10925000160932541,0.00800000037997961,-0.03237500041723251,0.00021127000218257308,0.0023468099534511566,8.565000462112948e-05,0.0004739300056826323,0.2240000069141388,0.04899999871850014,0.27300000190734863,0.003000000026077032,0.06975000351667404,0.0024999999441206455,0.02824999950826168,-0.9300493001937866,-0.20399291813373566,-0.40727698802948,-0.9864649176597595,-0.02960071
243,4243,-0.2446480044292949,-0.39710370214569535,-0.1256480044292949,0.13089629785430468,0.18144217207977578,0.16293210139825953,0.5745157599449158,0.5330250263214111,-1.0,0.8860465288162231,0.3084745705127716,-0.09849999845027924,0.1172500029206276,0.0017500000540167093,-0.03737499937415123,0.0001598800008650869,0.0006395200034603477,0.0,7.994000043254346e-05,0.07000000029802322,0.007000000216066837,0.07699999958276749,0.0017500000540167093,0.03500000014901161,-0.0002500000118743628,0.001500000013038516,0.6966273188591003,0.6708804368972778,-0.9233708381652832,-0.9884399175643921,-0.13480452
244,4244,-0.252076580769378,-0.39424108586834217,-0.133076580769378,0.13375891413165786,0.18868180479036395,0.15155327769438773,0.5938418507575989,0.5303326845169067,-1.0,0.8860465288162231,0.3084745705127716,-0.08950000256299973,0.11874999850988388,0.005499999970197678,-0.05687500163912773,0.0009307300206273794,0.001387530006468296,0.0,8.565000462112948e-05,0.2029999941587448,0.007499999832361937,0.21050000190734863,0.009750000201165676,0.05700000002980232,-0.0002500000118743628,0.0035000001080334187,-0.23760998249053955,-0.9901146292686462,0.8735325336456299,0.8704993724822998,0.0
245,4245,-0.24892611821698968,-0.39906619780376473,-0.12992611821698968,0.1289338021962353,0.18304294999729737,0.1603446849457943,0.5765661001205444,0.5351846218109131,-1.0,0.8860465288162231,0.3084745705127716,-0.09025000035762787,0.11874999850988388,0.020124999806284904,-0.048250000923871994,0.0001827200030675158,0.0003026300109922886,9.13600015337579e-05,0.00026837000041268766,0.042500000447034836,0.03150000050663948,0.07400000095367432,0.0024999999441206455,0.019999999552965164,0.0032500000670552254,0.01875000074505806,0.5566202402114868,-0.7905168533325195,-0.9115831851959229,-0.5949167013168335,0.0
246,4246,-0.23875738674354818,-0.40388715876998554,-0.11975738674354819,0.12411284123001448,0.17246979166749912,0.1782268830111553,0.5838927626609802,0.5270064473152161,-1.0,0.8860465288162231,0.3084745705127716,-0.08174999803304672,0.10787499696016312,0.004875000100582838,-0.0507499985396862,0.0005310300039127469,0.0001827200030675158,7.994000043254346e-05,6.851999933132902e-05,0.0625,0.013000000268220901,0.0754999965429306,0.0062500000931322575,0.012249999679625034,-0.0002500000118743628,0.001500000013038516,0.9862108826637268,-0.205670565366745,-0.9928768873214722,-0.9740660190582275,-0.14314523
247,4247,-0.24152927049887968,-0.40605444357958875,-0.12252927049887968,0.12194555642041127,0.17287030068716644,0.17751449580899187,0.6075409650802612,0.5188353061676025,-1.0,0.8860465288162231,0.3084745705127716,-0.06449999660253525,0.10125000029802322,0.008624999783933163,-0.0703750029206276,0.0008222400210797787,0.00026837000041268766,0.0,8.565000462112948e-05,0.09549999982118607,0.007499999832361937,0.10300000011920929,0.008500000461935997,0.017999999225139618,-0.0002500000118743628,0.0042500002309679985,0.841815710067749,-0.7298769950866699,-0.16826385259628296,0.6075201630592346,-0.044191662
248,4248,-0.2360476303526639,-0.4089993316057771,-0.11704763035266391,0.11900066839422291,0.16691706578251864,0.18840325162642707,0.6010947227478027,0.51516193151474,-1.0,0.8860465288162231,0.3084745705127716,-0.04924999922513962,0.08649999648332596,0.012249999679625034,-0.06437499821186066,0.0009078900329768658,0.0002969200140796602,7.994000043254346e-05,0.00020556000526994467,0.1054999977350235,0.02500000037252903,0.13050000369548798,0.009499999694526196,0.020250000059604645,0.0,0.014999999664723873,0.5612319707870483,-0.36942097544670105,-0.9800629019737244,-0.9073549509048462,0.0
249,4249,-0.23230162024412276,-0.4111366851857484,-0.11330162024412277,0.1168633148142516,0.1627706714961829,0.1963794120939822,0.6138427257537842,0.5101706385612488,-1.0,0.8860465288162231,0.3084745705127716,-0.039000000804662704,0.08025000244379044,-0.006000000052154064,-0.07562500238418579,0.0009706999990157783,0.00027407999732531607,0.0,7.994000043254346e-05,0.10899999737739563,0.007000000216066837,0.11599999666213989,0.009999999776482582,0.01899999938905239,-0.0002500000118743628,0.0035000001080334187,0.019495204091072083,-0.5602484941482544,-0.4481882154941559,-0.46456456184387207,-0.077782586
250,4250,-0.23110207719465914,-0.41249335790462366,-0.11210207719465914,0.11550664209537637,0.16096167270349387,0.19996424027710788,0.622554361820221,0.5065479874610901,-1.0,0.8860465288162231,0.3084745705127716,-0.03662500157952309,0.07462500035762787,-0.0022499999031424522,-0.08299999684095383,0.0004625100118573755,0.00013703999866265804,0.0,6.851999933132902e-05,0.05249999836087227,0.006000000052154064,0.05849999934434891,0.005750000011175871,0.00925000011920929,-0.0002500000118743628,0.0010000000474974513,-0.33266422152519226,0.42900344729423523,0.9694257974624634,-0.5907005071640015,0.0
251,4251,-0.22772657008645406,-0.4134469831542893,-0.10872657008645406,0.11455301684571073,0.15793625521462223,0.20610643844599585,0.6253439784049988,0.5042485594749451,-1.0,0.8860465288162231,0.3084745705127716,-0.04050000011920929,0.07487499713897705,0.01587500050663948,-0.09375,0.0001256200048374012,0.0004054100136272609,0.0,6.851999933132902e-05,0.04650000110268593,0.006000000052154064,0.05249999836087227,0.0012499999720603228,0.02474999986588955,-0.0002500000118743628,0.0005000000237487257,0.623071551322937,-0.6923562288284302,-0.05720440298318863,-0.2512255907058716,-0.030864531
252,4252,-0.23534395256664525,-0.4101892062858698,-0.11634395256664526,0.11781079371413022,0.1655756576746206,0.1909475345772894,0.6331940293312073,0.5026322603225708,-1.0,0.8860465288162231,0.3084745705127716,-0.03137499839067459,0.06962499767541885,0.019375000149011612,-0.09862499684095383,0.0005139000131748617,0.00014275001012720168,7.994000043254346e-05,6.28100024187006e-05,0.057500001043081284,0.012500000186264515,0.07000000029802322,0.0062500000931322575,0.009499999694526196,0.0002500000118743628,0.0010000000474974513,-0.7019704580307007,0.5721961855888367,0.08466368913650513,0.8633813858032227,0.0
253,4253,-0.23125303762315078,-0.4112729527907073,-0.11225303762315078,0.11672704720929272,0.1619442743841997,0.19800901008522767,0.6154791712760925,0.5081539154052734,-1.0,0.8860465288162231,0.3084745705127716,-0.042125001549720764,0.07325000315904617,0.020999999716877937,-0.08500000089406967,0.00013133000175002962,0.0003825699968729168,0.0,9.13600015337579e-05,0.04500000178813934,0.00800000037997961,0.05299999937415123,0.001500000013038516,0.023499999195337296,0.0,0.006000000052154064,0.3305528461933136,0.9251447319984436,0.6665130257606506,-0.39035725593566895,0.0
254,4254,-0.23682840044512032,-0.41001593785341184,-0.11782840044512033,0.11798406214658819,0.16674462771575466,0.1887284108197942,0.6249929070472717,0.5063170194625854,-1.0,0.8860465288162231,0.3084745705127716,-0.038874998688697815,0.07712499797344208,0.03350000083446503,-0.09012500196695328,0.0006395200034603477,0.0011534200748428702,0.0,6.851999933132902e-05,0.15700000524520874,0.006000000052154064,0.16300000250339508,0.007249999791383743,0.05025000125169754,-0.0002500000118743628,0.0017500000540167093,0.4335551857948303,0.3243749737739563,-0.8124350309371948,0.9673372507095337,-0.14750552
255,4255,-0.23210026849606222,-0.4113460683897271,-0.11310026849606222,0.11665393161027293,0.16248018492731844,0.1969506972617511,0.6120269894599915,0.5084475874900818,-1.0,0.8860465288162231,0.3084745705127716,-0.0364999994635582,0.07699999958276749,0.03700000047683716,-0.07900000363588333,0.001022089971229434,0.001638769987039268,7.423000351991504e-05,0.0002169799990952015,0.2329999953508377,0.025499999523162842,0.25850000977516174,0.010499999858438969,0.0625,0.0002500000118743628,0.01575000025331974,0.40051865577697754,-0.455046147108078,-0.9236536026000977,-0.5132141709327698,-0.13483845
256,4256,-0.2272269674322641,-0.4129592507327179,-0.10822696743226409,0.11504074926728214,0.15794761939187948,0.2060830174758177,0.6230226159095764,0.5061931014060974,-1.0,0.8860465288162231,0.3084745705127716,-0.030750000849366188,0.0768750011920929,0.04075000062584877,-0.0820000022649765,0.0015245700487866998,0.0009935400448739529,7.423000351991504e-05,7.423000351991504e-05,0.22050000727176666,0.013000000268220901,0.23350000381469727,0.014000000432133675,0.04574999958276749,0.0002500000118743628,0.002749999985098839,0.7747986316680908,0.9369093775749207,0.9647436141967773,-0.7271836996078491,-0.056214567
257,4257,-0.2227884510813579,-0.41570526887702525,-0.1037884510813579,0.11229473112297478,0.15291222716267205,0.216725810249754,0.634355902671814,0.5034589171409607,-1.0,0.8860465288162231,0.3084745705127716,-0.01912499964237213,0.07649999856948853,0.05887499824166298,-0.09700000286102295,0.002381070051342249,0.0016787400236353278,0.0,9.13600015337579e-05,0.3555000126361847,0.00800000037997961,0.3634999990463257,0.019750000908970833,0.06400000303983688,0.0,0.005499999970197678,0.7342365980148315,-0.690608561038971,-0.9693766832351685,-0.9684576392173767,-0.19235322
258,4258,-0.2227777919331118,-0.415845081609543,-0.10377779193311182,0.11215491839045705,0.1528023423173949,0.21696408996369385,0.644677996635437,0.49880462884902954,-1.0,0.8860465288162231,0.3084745705127716,-0.013375000096857548,0.07637500017881393,0.06262499839067459,-0.11537499725818634,0.0023639400023967028,0.00074230000609532,6.851999933132902e-05,9.707000572234392e-05,0.2720000147819519,0.014499999582767487,0.2865000069141388,0.019500000402331352,0.03849999979138374,0.0,0.006000000052154064,0.21261948347091675,0.6600965261459351,-0.20127761363983154,0.29003793001174927,-0.06320167
259,4259,-0.2209596409551092,-0.4157092179731576,-0.1019596409551092,0.11229078202684245,0.1516739533073976,0.2194261536146058,0.6447027921676636,0.498567670583725,-1.0,0.8860465288162231,0.3084745705127716,-0.013375000096857548,0.07637500017881393,0.0663750022649765,-0.11537499725818634,0.002815030049532652,0.0016273499932140112,7.423000351991504e-05,0.00022269001055974513,0.3889999985694885,0.026000000536441803,0.41499999165534973,0.022749999538064003,0.06324999779462814,0.0,0.016750000417232513,-0.19698449969291687,-0.8323245048522949,0.9703401923179626,-0.45467817783355713,-0.03030155
260,4260,-0.21419129472961276,-0.41394057056263445,-0.09519129472961277,0.11405942943736558,0.1485629026233581,0.2263599095633654,0.648931086063385,0.4987979233264923,-1.0,0.8860465288162231,0.3084745705127716,-0.014000000432133675,0.07637500017881393,0.08449999988079071,-0.11625000089406967,0.00043967002420686185,0.0005824200343340635,0.0,6.851999933132902e-05,0.08950000256299973,0.006000000052154064,0.09549999982118607,0.005249999929219484,0.032249998301267624,0.0,0.001500000013038516,-0.8334010243415833,0.9236693978309631,-0.5066978931427002,-0.974405825138092,-0.08480375
261,4261,-0.22246523040629246,-0.41143701152435264,-0.10346523040629246,0.11656298847564739,0.1558588598232423,0.21043286702289368,0.6646714210510254,0.5017956495285034,-1.0,0.8860465288162231,0.3084745705127716,-0.02850000001490116,0.08500000089406967,0.08799999952316284,-0.13487499952316284,0.00021127000218257308,0.001136290025897324,7.994000043254346e-05,7.994000043254346e-05,0.11800000071525574,0.014000000432133675,0.13199999928474426,0.003000000026077032,0.0494999997317791,0.0005000000237487257,0.0022499999031424522,-0.1614219844341278,-0.5128707885742188,0.535706639289856,0.6714667677879333,0.0
262,4262,-0.21954989269844358,-0.4121938187182156,-0.10054989269844358,0.11580618128178444,0.1533667256765236,0.2157430297162609,0.6454296708106995,0.5060389637947083,-1.0,0.8860465288162231,0.3084745705127716,-0.03137499839067459,0.08512499928474426,0.09837500005960464,-0.1262499988079071,0.00020556000526994467,0.0005253200070001185,0.0,0.00013133000175002962,0.06400000303983688,0.011500000022351742,0.0754999965429306,0.002749999985098839,0.030249999836087227,-0.0002500000118743628,0.009999999776482582,0.3250720500946045,-0.42214450240135193,0.8318707942962646,0.010099868290126324,0.0
263,4263,-0.2298702218226823,-0.40933755582461123,-0.1108702218226823,0.11866244417538879,0.16239760387606722,0.19711340839303088,0.6522095799446106,0.5047562122344971,-1.0,0.8860465288162231,0.3084745705127716,-0.029625000432133675,0.08487500250339508,0.11362499743700027,-0.1262499988079071,0.0011077399831265211,0.00021127000218257308,7.994000043254346e-05,0.00014275001012720168,0.11550000309944153,0.019500000402331352,0.13500000536441803,0.011250000447034836,0.014999999664723873,0.0002500000118743628,0.010250000283122063,-0.5987956523895264,0.2936194837093353,-0.8614338636398315,0.9598915576934814,0.0
264,4264,-0.22425090523440067,-0.4110455025580807,-0.10525090523440067,0.11695449744191933,0.15734073701541093,0.20733750176151175,0.6282088160514832,0.5095973610877991,-1.0,0.8860465288162231,0.3084745705127716,-0.036125000566244125,0.08500000089406967,0.09737499803304672,-0.10975000262260437,0.00016558999777771533,0.00041683000745251775,7.994000043254346e-05,0.00017701000615488738,0.050999999046325684,0.02250000089406967,0.07349999994039536,0.0020000000949949026,0.025750000029802322,0.0005000000237487257,0.013000000268220901,0.6370006799697876,0.5569374561309814,0.6817938089370728,-0.7160677909851074,0.0
265,4265,-0.22175347176397298,-0.4115717933362848,-0.10275347176397298,0.11642820666371523,0.15528619792653298,0.21164139295152465,0.6412769556045532,0.5067025423049927,-1.0,0.8860465288162231,0.3084745705127716,-0.029750000685453415,0.08500000089406967,0.10837499797344208,-0.11874999850988388,0.0013761100126430392,0.0010106699774041772,9.13600015337579e-05,9.13600015337579e-05,0.20900000631809235,0.01600000075995922,0.22499999403953552,0.013000000268220901,0.04650000110268593,0.004000000189989805,0.0042500002309679985,0.8979923725128174,-0.08338341116905212,0.7264667749404907,-0.036031875759363174,0.0
266,4266,-0.23057845611219568,-0.4091497925188744,-0.11157845611219569,0.11885020748112562,0.16301878323275446,0.1958927756750439,0.6470849514007568,0.5058104991912842,-1.0,0.8860465288162231,0.3084745705127716,-0.017124999314546585,0.08437500149011612,0.11687500029802322,-0.12250000238418579,0.002609470160678029,0.0009592800051905215,0.00021127000218257308,0.0001541700039524585,0.3125,0.03200000151991844,0.34450000524520874,0.021250000223517418,0.04475000128149986,0.014000000432133675,0.010499999858438969,-0.21335574984550476,-0.9406915903091431,-0.47522956132888794,0.8091056942939758,0.0
267,4267,-0.24061516683098122,-0.40689537635506395,-0.12161516683098123,0.12110462364493607,0.1716291894507138,0.17973137668514058,0.62656170129776,0.5099155902862549,-1.0,0.8860465288162231,0.3084745705127716,-0.017000000923871994,0.07712499797344208,0.11424999684095383,-0.11800000071525574,0.0013818200677633286,0.0003825699968729168,8.565000462112948e-05,0.0005424499977380037,0.15449999272823334,0.054999999701976776,0.2094999998807907,0.013000000268220901,0.024000000208616257,0.001500000013038516,0.03175000101327896,-0.3639565706253052,-0.8884236216545105,-0.5941504240036011,0.8941519856452942,0.0
268,4268,-0.22958333717790075,-0.4129941194227016,-0.11058333717790075,0.11500588057729844,0.1595463162494237,0.2028145706429388,0.603220522403717,0.5137366652488708,-1.0,0.8860465288162231,0.3084745705127716,-0.0182499997317791,0.06599999964237213,0.10062500089406967,-0.10112500190734863,0.0001598800008650869,0.0001827200030675158,0.00011991000064881518,0.0005938400281593204,0.029999999329447746,0.0625,0.0925000011920929,0.0020000000949949026,0.013000000268220901,0.006500000134110451,0.03150000050663948,0.15863734483718872,0.11679086089134216,-0.4469864070415497,-0.39267197251319885,0.0
269,4269,-0.24118461861014545,-0.4066641058440941,-0.12218461861014546,0.1213358941559059,0.1721960517419604,0.1787154295163488,0.6288759708404541,0.5033997893333435,-1.0,0.8860465288162231,0.3084745705127716,-0.0182499997317791,0.06587500125169754,0.09525000303983688,-0.10062500089406967,0.0007137500215321779,0.0002512400096748024,8.565000462112948e-05,0.00022840000747237355,0.08449999988079071,0.027499999850988388,0.1120000034570694,0.00774999987334013,0.017500000074505806,0.0005000000237487257,0.01600000075995922,-0.835536777973175,-0.2560618817806244,-0.16805478930473328,0.2644563317298889,0.0
270,4270,-0.2349073948294748,-0.41213666905619045,-0.11590739482947482,0.11586333094380957,0.16388665483665993,0.19420003393806737,0.6018962264060974,0.5141286253929138,-1.0,0.8860465288162231,0.3084745705127716,-0.030625000596046448,0.06587500125169754,0.09149999916553497,-0.09612499922513962,0.00011991000064881518,0.00011991000064881518,9.13600015337579e-05,0.00023411000438500196,0.020999999716877937,0.02850000001490116,0.0494999997317791,0.0012499999720603228,0.00800000037997961,0.0017500000540167093,0.016750000417232513,-0.5809808969497681,-0.37451377511024475,-0.7048379182815552,-0.2796160578727722,0.0
271,4271,-0.22782047765081787,-0.41404595935278193,-0.10882047765081787,0.11395404064721809,0.15756719117881104,0.2068685085841933,0.6164944171905518,0.5048531293869019,-1.0,0.8860465288162231,0.3084745705127716,-0.04112499952316284,0.0625,0.07925000041723251,-0.09437499940395355,9.13600015337579e-05,7.994000043254346e-05,0.0,7.423000351991504e-05,0.014999999664723873,0.006500000134110451,0.0215000007301569,0.0005000000237487257,0.000750000006519258,0.0,0.003000000026077032,0.5073050856590271,0.8298606276512146,-0.9700152277946472,-0.6698622107505798,-0.14040184
272,4272,-0.2186094682361464,-0.4180772059865458,-0.09960946823614641,0.10992279401345423,0.1483410489581766,0.22686265479238654,0.6329756379127502,0.5016170144081116,-1.0,0.8860465288162231,0.3084745705127716,-0.03362499922513962,0.06587500125169754,0.08299999684095383,-0.10587500035762787,0.00034831001539714634,0.00041683000745251775,0.0,6.851999933132902e-05,0.06700000166893005,0.006000000052154064,0.0729999989271164,0.0044999998062849045,0.02500000037252903,0.0,0.0010000000474974513,-0.06601028889417648,-0.9018075466156006,-0.9731006622314453,-0.9688639044761658,-0.14077209
273,4273,-0.21440638348816263,-0.4181645162881155,-0.09540638348816263,0.10983548371188451,0.14548612130548397,0.2334327590726179,0.6543965935707092,0.4947843849658966,-1.0,0.8860465288162231,0.3084745705127716,-0.03350000083446503,0.061000000685453415,0.08675000071525574,-0.1236250028014183,0.0001541700039524585,7.423000351991504e-05,0.0,6.28100024187006e-05,0.019999999552965164,0.005499999970197678,0.025499999523162842,0.0020000000949949026,0.0010000000474974513,0.0,0.0002500000118743628,-0.4558102786540985,-0.21494214236736298,0.9639478325843811,-0.1361791044473648,0.0
274,4274,-0.22023744514297575,-0.41648049059442793,-0.10123744514297575,0.11151950940557209,0.15061746670667553,0.22175665054314922,0.6641712188720703,0.4946364164352417,-1.0,0.8860465288162231,0.3084745705127716,-0.04112499952316284,0.05712499842047691,0.10474999994039536,-0.12600000202655792,9.13600015337579e-05,6.851999933132902e-05,0.0,0.0,0.014000000432133675,0.0,0.014000000432133675,0.0002500000118743628,0.000750000006519258,0.0,0.0,0.7394670248031616,-0.04329928755760193,-0.12301325798034668,-0.053337741643190384,-0.06916212
275,4275,-0.23528614592328462,-0.4090301662134877,-0.11628614592328462,0.11896983378651232,0.16636192198000663,0.18945206913067217,0.6506105661392212,0.49749070405960083,-1.0,0.8860465288162231,0.3084745705127716,-0.0286250002682209,0.05575000122189522,0.10849999636411667,-0.12437500059604645,0.00019985000835731626,7.994000043254346e-05,0.0,7.994000043254346e-05,0.02449999935925007,0.007000000216066837,0.03150000050663948,0.002749999985098839,0.0020000000949949026,0.0,0.0042500002309679985,-0.8581784963607788,-0.017248112708330154,-0.9195783734321594,0.2664039731025696,-0.13434942
276,4276,-0.21473046322633277,-0.41776931777969784,-0.09573046322633277,0.11023068222030219,0.14599700302499877,0.23224323489715298,0.6156136393547058,0.5101183652877808,-1.0,0.8860465288162231,0.3084745705127716,-0.04349999874830246,0.0560000017285347,0.11124999821186066,-0.11949999630451202,9.707000572234392e-05,7.423000351991504e-05,9.13600015337579e-05,8.565000462112948e-05,0.014999999664723873,0.01549999974668026,0.030500000342726707,0.0005000000237487257,0.0010000000474974513,0.0020000000949949026,0.0042500002309679985,0.14940091967582703,0.21557755768299103,-0.6235343813896179,-0.8574579358100891,0.0
277,4277,-0.22603946728281604,-0.41574128596333426,-0.10703946728281605,0.11225871403666576,0.15511114219602326,0.2120122078096509,0.6634175181388855,0.49530625343322754,-1.0,0.8860465288162231,0.3084745705127716,-0.04112499952316284,0.05674999952316284,0.10062500089406967,-0.13349999487400055,0.00011991000064881518,0.00011420000373618677,0.0,6.28100024187006e-05,0.020500000566244125,0.005499999970197678,0.026000000536441803,0.0012499999720603228,0.007499999832361937,0.0,0.0002500000118743628,0.4828720986843109,-0.4508340060710907,0.7290189266204834,0.5722155570983887,0.0
278,4278,-0.24091873498807914,-0.409078244227652,-0.12191873498807915,0.11892175577234804,0.17031312908014892,0.18211238348455694,0.6371175050735474,0.49874359369277954,-1.0,0.8860465288162231,0.3084745705127716,-0.03212499991059303,0.051624998450279236,0.11412499845027924,-0.1237500011920929,0.00011991000064881518,7.994000043254346e-05,5.139000131748617e-05,7.423000351991504e-05,0.017500000074505806,0.010999999940395355,0.02850000001490116,0.0012499999720603228,0.0010000000474974513,0.0002500000118743628,0.0020000000949949026,0.612446665763855,-0.07731729000806808,-0.0201759971678257,0.9847166538238525,-0.02642112
279,4279,-0.23097666841311465,-0.41316492633574886,-0.11197666841311466,0.11483507366425116,0.1603928564879827,0.20110491038374576,0.6025145649909973,0.5100368857383728,-1.0,0.8860465288162231,0.3084745705127716,-0.02187499962747097,0.048875000327825546,0.11500000208616257,-0.11437500268220901,0.00026837000041268766,9.13600015337579e-05,0.00011991000064881518,0.0003026300109922886,0.03150000050663948,0.03700000047683716,0.06849999725818634,0.0035000001080334187,0.0037499999161809683,0.006000000052154064,0.019999999552965164,0.9008102416992188,0.923869788646698,0.7944918870925903,-0.6770279407501221,0.0
280,4280,-0.21801107663972213,-0.4212252119339517,-0.09901107663972214,0.10677478806604834,0.14561610029082112,0.23312954264243962,0.6256356835365295,0.5031102895736694,-1.0,0.8860465288162231,0.3084745705127716,-0.006750000175088644,0.05037499964237213,0.12325000017881393,-0.12049999833106995,0.0006223900127224624,0.0006966200307942927,0.0003026300109922886,0.00010278000263497233,0.11550000309944153,0.03550000116229057,0.1509999930858612,0.007000000216066837,0.03525000065565109,0.01924999989569187,0.007000000216066837,0.9633656144142151,-0.2780417501926422,-0.9637479186058044,-0.7655168175697327,0.0
281,4281,-0.218903909662336,-0.42152109549443484,-0.099903909662336,0.10647890450556519,0.14600872669304893,0.2322160090671888,0.6557881832122803,0.48944878578186035,-1.0,0.8860465288162231,0.3084745705127716,0.00800000037997961,0.05000000074505806,0.11487500369548798,-0.132874995470047,0.0015017300611361861,0.00043967002420686185,0.0,7.994000043254346e-05,0.17000000178813934,0.007000000216066837,0.1770000010728836,0.013500000350177288,0.025750000029802322,0.0,0.0032500000670552254,0.0884767547249794,-0.05068094655871391,0.37383386492729187,0.6542046070098877,0.0
282,4282,-0.23121638714388154,-0.41428467452724405,-0.11221638714388155,0.11371532547275598,0.15976136200909258,0.20237889512753873,0.6537118554115295,0.4889473021030426,-1.0,0.8860465288162231,0.3084745705127716,0.00800000037997961,0.05000000074505806,0.12200000137090683,-0.12675000727176666,0.001947110053151846,0.0003882800228893757,0.0,0.00021127000218257308,0.2045000046491623,0.01850000023841858,0.22300000488758087,0.016750000417232513,0.024000000208616257,-0.0002500000118743628,0.01549999974668026,-0.5853073596954346,0.6664665937423706,0.8235151767730713,0.8315759301185608,0.0
283,4283,-0.2410094482402994,-0.4083180127672998,-0.12200944824029941,0.11968198723270024,0.1709095770513476,0.18102941076293774,0.6250781416893005,0.5012124180793762,-1.0,0.8860465288162231,0.3084745705127716,0.0043750000186264515,0.05000000074505806,0.12662500143051147,-0.12037499994039536,0.0001884299999801442,0.0011134500382468104,0.00033117999555543065,0.0006509399972856045,0.11400000005960464,0.0860000029206276,0.20000000298023224,0.0022499999031424522,0.04874999821186066,0.021250000223517418,0.03375000134110451,-0.9202750325202942,-0.5538966655731201,-0.951626181602478,0.5173826217651367,0.0
284,4284,-0.24195632307122839,-0.4078207185046618,-0.12295632307122839,0.12017928149533824,0.17193404864636916,0.17918428341163417,0.6023036241531372,0.5113254189491272,-1.0,0.8860465288162231,0.3084745705127716,-0.012249999679625034,0.050999999046325684,0.11574999988079071,-0.1107499971985817,0.00010848999954760075,0.00043967002420686185,0.00013703999866265804,0.0006566499941982329,0.04800000041723251,0.06949999928474426,0.11749999970197678,0.0010000000474974513,0.026000000536441803,0.007499999832361937,0.03375000134110451,0.05430120229721069,0.5444341897964478,0.9855579733848572,0.7720533013343811,0.0
285,4285,-0.2373941958614414,-0.4103160099041969,-0.1183941958614414,0.1176839900958031,0.16693324156244743,0.18837277839577313,0.6001015901565552,0.512168288230896,-1.0,0.8860465288162231,0.3084745705127716,-0.012249999679625034,0.0521249994635582,0.11737500131130219,-0.10849999636411667,0.00022840000747237355,0.0009136000298894942,0.0008507900056429207,0.0015359900426119566,0.10000000149011612,0.20900000631809235,0.3089999854564667,0.003000000026077032,0.04399999976158142,0.04100000113248825,0.057999998331069946,0.5114412903785706,-0.8046773672103882,-0.6171221733093262,-0.10200094431638718,0.0
286,4286,-0.24520002954063103,-0.4067025146652508,-0.12620002954063103,0.12129748533474921,0.1750415019490802,0.17370183884036391,0.6107111573219299,0.5079389810562134,-1.0,0.8860465288162231,0.3084745705127716,-0.005625000223517418,0.051874998956918716,0.11737500131130219,-0.10849999636411667,0.0007936900365166366,0.00020556000526994467,0.00029121001716703176,0.0013532700249925256,0.08749999850988388,0.14399999380111694,0.23149999976158142,0.008750000037252903,0.014499999582767487,0.017999999225139618,0.054249998182058334,-0.6019505858421326,-0.4293946623802185,0.026638373732566833,-0.6675469279289246,0.0
287,4287,-0.24537046966123183,-0.4040590181346009,-0.12637046966123183,0.12394098186539915,0.17700526147027246,0.17032402704160107,0.5925580859184265,0.5140635371208191,-1.0,0.8860465288162231,0.3084745705127716,-0.012749999761581421,0.04874999821186066,0.11737500131130219,-0.10837499797344208,9.707000572234392e-05,9.707000572234392e-05,0.000308340007904917,0.0005139000131748617,0.017000000923871994,0.07199999690055847,0.08900000154972076,0.0005000000237487257,0.004749999847263098,0.01875000074505806,0.028999999165534973,-0.8303578495979309,0.993562638759613,0.09948593378067017,0.7005842328071594,0.0
288,4288,-0.2426091513003943,-0.4070367523531245,-0.1236091513003943,0.12096324764687555,0.17294892184249983,0.17737498671052135,0.5921617150306702,0.5185440182685852,-1.0,0.8860465288162231,0.3084745705127716,-0.02850000001490116,0.05700000002980232,0.1172500029206276,-0.10849999636411667,0.00010278000263497233,0.00041683000745251775,0.0003768599999602884,0.001444630092009902,0.045499999076128006,0.15950000286102295,0.20499999821186066,0.0010000000474974513,0.025499999523162842,0.02250000089406967,0.05550000071525574,0.8022075891494751,0.7692567706108093,0.8915820121765137,0.987626314163208,0.0
289,4289,-0.24285098179778225,-0.4064101811316103,-0.12385098179778226,0.12158981886838971,0.1735602193612419,0.17629400519071145,0.5985833406448364,0.5134970545768738,-1.0,0.8860465288162231,0.3084745705127716,-0.016750000417232513,0.058125000447034836,0.1172500029206276,-0.10625000298023224,0.0006052600219845772,0.0011134500382468104,0.001358980080112815,0.0028778400737792253,0.15049999952316284,0.3709999918937683,0.5214999914169312,0.007499999832361937,0.052000001072883606,0.05575000122189522,0.08799999952316284,-0.0566483698785305,0.3222140967845917,-0.9793944954872131,-0.5864851474761963,0.0
290,4290,-0.24246301285601674,-0.4067498898231729,-0.12346301285601674,0.12125011017682713,0.17304538353096183,0.1772039702993507,0.5980209708213806,0.5145590305328369,-1.0,0.8860465288162231,0.3084745705127716,-0.016750000417232513,0.058125000447034836,0.1171249970793724,-0.10625000298023224,0.00042254000436514616,0.001695870072580874,0.0002797899942379445,0.001850040047429502,0.18549999594688416,0.18649999797344208,0.3720000088214874,0.005499999970197678,0.06400000303983688,0.019500000402331352,0.06624999642372131,0.010128539055585861,0.25373750925064087,0.5394269824028015,-0.1352943629026413,0.0
291,4291,-0.24087281729236293,-0.40527984084041746,-0.12187281729236293,0.12272015915958256,0.17295439011176025,0.17736528763383558,0.5989232063293457,0.5139832496643066,-1.0,0.8860465288162231,0.3084745705127716,-0.016750000417232513,0.058125000447034836,0.1171249970793724,-0.10625000298023224,0.0004510900180321187,0.0019870800897479057,0.0007537199999205768,0.0016045100055634975,0.2134999930858612,0.20649999380111694,0.41999998688697815,0.005750000011175871,0.07349999994039536,0.039500001817941666,0.061250001192092896,-0.424651175737381,0.3219817876815796,-0.3023504316806793,0.03835863247513771,-0.01975938
292,4292,-0.2408277468450788,-0.4050445139166348,-0.1218277468450788,0.1229554860833652,0.1730897208367534,0.17712542024793926,0.6026213765144348,0.5164748430252075,-1.0,0.8860465288162231,0.3084745705127716,-0.022624999284744263,0.06599999964237213,0.11699999868869781,-0.10625000298023224,0.0001484600070398301,0.0016273499932140112,0.000491060025524348,0.0016787400236353278,0.15549999475479126,0.1899999976158142,0.34549999237060547,0.0017500000540167093,0.06350000202655792,0.02850000001490116,0.0625,-0.013332337141036987,-0.9855128526687622,0.7751290202140808,0.29592642188072205,0.0
293,4293,-0.23610995376654137,-0.40860207148838174,-0.11710995376654137,0.11939792851161829,0.16724415267526388,0.1877880160108925,0.60272616147995,0.5168737173080444,-1.0,0.8860465288162231,0.3084745705127716,-0.022624999284744263,0.06599999964237213,0.11699999868869781,-0.10625000298023224,0.00013133000175002962,0.0003997000167146325,0.0014560500858351588,0.0021812201011925936,0.04650000110268593,0.31850001215934753,0.36500000953674316,0.001500000013038516,0.026750000193715096,0.057500001043081284,0.07349999994039536,0.9045204520225525,0.37252143025398254,-0.9330134987831116,0.055884964764118195,-0.0020230357
294,4294,-0.2369833802083539,-0.4089447607613555,-0.11798338020835392,0.11905523923864453,0.16761332881235871,0.18709602558515173,0.6136977672576904,0.5108439326286316,-1.0,0.8860465288162231,0.3084745705127716,-0.012000000104308128,0.06575000286102295,0.11699999868869781,-0.10625000298023224,0.001581670017912984,0.000799400033429265,0.00034831001539714634,0.0020784400403499603,0.2084999978542328,0.21250000596046448,0.42100000381469727,0.014000000432133675,0.04100000113248825,0.022749999538064003,0.07474999874830246,-0.4522345960140228,-0.7469682693481445,-0.8862472772598267,-0.6880146265029907,0.0
295,4295,-0.2352626140475947,-0.41113402361051204,-0.11626261404759469,0.11686597638948798,0.16484735928321184,0.1923432788220922,0.6116665601730347,0.5102631449699402,-1.0,0.8860465288162231,0.3084745705127716,-0.014624999836087227,0.0638749971985817,0.10899999737739563,-0.1028750017285347,0.00019414001144468784,0.00023982000129763037,0.00010848999954760075,0.0008964700391516089,0.03799999877810478,0.08799999952316284,0.12600000202655792,0.0024999999441206455,0.016750000417232513,0.005750000011175871,0.042249999940395355,0.2233196645975113,0.4398062825202942,-0.6272337436676025,0.42232924699783325,0.0
296,4296,-0.23586085091401376,-0.41147390803542233,-0.11686085091401377,0.1165260919645777,0.1650296597126849,0.19199295561611185,0.6156683564186096,0.506552517414093,-1.0,0.8860465288162231,0.3084745705127716,-0.014000000432133675,0.06362500041723251,0.09749999642372131,-0.09350000321865082,0.0009078900329768658,0.0006052600219845772,0.00010848999954760075,0.0007480100030079484,0.13249999284744263,0.07500000298023224,0.20749999582767487,0.009499999694526196,0.03350000083446503,0.005249999929219484,0.039250001311302185,-0.8097602128982544,0.5198894739151001,-0.9737716317176819,-0.1530652642250061,0.0
297,4297,-0.23107890066629844,-0.4141191981155255,-0.11207890066629844,0.11388080188447453,0.1597827181281409,0.20233567946452502,0.6142770648002625,0.5059764385223389,-1.0,0.8860465288162231,0.3084745705127716,-0.025499999523162842,0.06737499684095383,0.08137500286102295,-0.08512499928474426,0.00017130000924225897,0.0009764100541360676,7.994000043254346e-05,0.00022840000747237355,0.10050000250339508,0.027000000700354576,0.1274999976158142,0.0022499999031424522,0.045249998569488525,0.0010000000474974513,0.017000000923871994,0.7562181949615479,0.671320915222168,-0.9859675168991089,0.23532980680465698,0.0
298,4298,-0.2309914630568071,-0.4125634701644229,-0.1119914630568071,0.11543652983557712,0.16083432537267744,0.20021905161296924,0.6253979206085205,0.5014928579330444,-1.0,0.8860465288162231,0.3084745705127716,-0.017625000327825546,0.06724999845027924,0.06362500041723251,-0.08449999988079071,0.001638769987039268,0.0019413999980315566,0.0,0.0003654400061350316,0.31349998712539673,0.03200000151991844,0.34549999237060547,0.014750000089406967,0.07050000131130219,-0.0002500000118743628,0.02449999935925007,-0.6746137142181396,0.3569659888744354,-0.28876757621765137,-0.21565848588943481,-0.0799587
299,4299,-0.23587874185797408,-0.4117603904280816,-0.11687874185797409,0.11623960957191842,0.16484018664068228,0.19235707541269587,0.6256012320518494,0.5041297078132629,-1.0,0.8860465288162231,0.3084745705127716,-0.02437499910593033,0.07124999910593033,0.06712500005960464,-0.08437500149011612,0.00020556000526994467,0.0019413999980315566,1.1420000191719737e-05,0.0002169799990952015,0.18799999356269836,0.019999999552965164,0.20800000429153442,0.003000000026077032,0.0689999982714653,0.0002500000118743628,0.016249999403953552,0.7046406269073486,0.010541458614170551,-0.9516457319259644,0.8778981566429138,-0.1381975
300,4300,-0.24217323437656696,-0.4091215670514093,-0.12317323437656696,0.11887843294859074,0.17118331544603663,0.18053454139275096,0.6142354607582092,0.5054908394813538,-1.0,0.8860465288162231,0.3084745705127716,-0.01899999938905239,0.07087499648332596,0.06937500089406967,-0.07587499916553497,0.0021640900522470474,0.001918560010381043,9.13600015337579e-05,0.000491060025524348,0.35749998688697815,0.050999999046325684,0.40849998593330383,0.01850000023841858,0.07000000029802322,0.0032500000670552254,0.03200000151991844,-0.5758479833602905,0.893413245677948,-0.27717161178588867,0.40644681453704834,-0.052575585
301,4301,-0.23602684300418303,-0.41180128792509085,-0.11702684300418303,0.11619871207490917,0.16491641116454525,0.19221050801509282,0.599597156047821,0.5099634528160095,-1.0,0.8860465288162231,0.3084745705127716,-0.02237500064074993,0.07087499648332596,0.06487499922513962,-0.0702499970793724,0.0002797899942379445,0.002689410001039505,8.565000462112948e-05,0.0006509399972856045,0.25999999046325684,0.06449999660253525,0.3244999945163727,0.0037499999161809683,0.08699999749660492,0.0020000000949949026,0.035750001668930054,0.30183616280555725,0.8832255601882935,-0.9289596080780029,-0.5149338841438293,-0.13832256
302,4302,-0.23323774547374268,-0.4131512480931242,-0.11423774547374269,0.11484875190687582,0.1619891919403598,0.19792008924894894,0.613891065120697,0.50542151927948,-1.0,0.8860465288162231,0.3084745705127716,-0.02187499962747097,0.07087499648332596,0.048500001430511475,-0.07000000029802322,0.0015302799874916673,0.001850040047429502,0.0,0.00019985000835731626,0.29600000381469727,0.017500000074505806,0.31349998712539673,0.014000000432133675,0.06825000047683716,0.0,0.01600000075995922,-0.4378194510936737,0.18813519179821014,-0.9497280120849609,-0.7170636653900146,-0.14865947
303,4303,-0.22966872188344947,-0.4101700379347557,-0.11066872188344948,0.11782996206524432,0.161652299592716,0.19858799130783733,0.6203773617744446,0.5031334757804871,-1.0,0.8860465288162231,0.3084745705127716,-0.02462499961256981,0.07124999910593033,0.052000001072883606,-0.07699999958276749,0.00022840000747237355,0.0019927900284528732,7.423000351991504e-05,6.851999933132902e-05,0.19449999928474426,0.012500000186264515,0.2070000022649765,0.0032500000670552254,0.07100000232458115,0.0005000000237487257,0.0032500000670552254,-0.8451873064041138,0.2631244659423828,0.42437657713890076,-0.9654636979103088,-0.016059015
304,4304,-0.2277965240588994,-0.40881767926562607,-0.10879652405889942,0.11918232073437396,0.16137257890648543,0.19914426063738347,0.6286773681640625,0.508186399936676,-1.0,0.8860465288162231,0.3084745705127716,-0.04012500122189522,0.08500000089406967,0.06024999916553497,-0.0949999988079071,0.00020556000526994467,0.0010848999954760075,0.0,7.994000043254346e-05,0.11299999803304672,0.007000000216066837,0.11999999731779099,0.002749999985098839,0.048250000923871994,-0.0002500000118743628,0.0032500000670552254,-0.6670612096786499,-0.3780861496925354,0.2118457853794098,-0.47764766216278076,0.0
305,4305,-0.22627404702128454,-0.40942826489203443,-0.10727404702128454,0.11857173510796559,0.15989677148347406,0.2021050403838663,0.6330313682556152,0.5104784965515137,-1.0,0.8860465288162231,0.3084745705127716,-0.052000001072883606,0.08950000256299973,0.0638749971985817,-0.10275000333786011,0.00013133000175002962,0.0004054100136272609,7.994000043254346e-05,6.851999933132902e-05,0.04699999839067459,0.013000000268220901,0.05999999865889549,0.001500000013038516,0.02525000087916851,0.0002500000118743628,0.0010000000474974513,0.5213268399238586,-0.4435950219631195,-0.21105873584747314,-0.5714141130447388,0.0
306,4306,-0.22721377817725413,-0.4070770447222053,-0.10821377817725414,0.12092295527779473,0.16227317369334807,0.19735882962463655,0.636572003364563,0.5094436407089233,-1.0,0.8860465288162231,0.3084745705127716,-0.045625001192092896,0.08924999833106995,0.06024999916553497,-0.11400000005960464,0.0007480100030079484,0.00014275001012720168,-8.565000462112948e-05,7.423000351991504e-05,0.07800000160932541,0.014000000432133675,0.09200000017881393,0.008249999955296516,0.00925000011920929,-0.0002500000118743628,0.0022499999031424522,-0.8438927531242371,0.15065132081508636,0.7184157371520996,0.21396367251873016,0.0
307,4307,-0.2192168282994378,-0.40908071240887994,-0.10021682829943782,0.11891928759112008,0.15551594656361942,0.21115570787676605,0.6343865394592285,0.5134287476539612,-1.0,0.8860465288162231,0.3084745705127716,-0.057750001549720764,0.08974999934434891,0.07349999994039536,-0.11150000244379044,0.00010848999954760075,0.00019414001144468784,-5.139000131748617e-05,9.13600015337579e-05,0.026499999687075615,0.012500000186264515,0.039000000804662704,0.0010000000474974513,0.013749999925494194,0.0,0.005249999929219484,0.6753397583961487,0.9423434734344482,0.678415060043335,-0.8864606618881226,0.0
308,4308,-0.2240885143439757,-0.40906507943041415,-0.1050885143439757,0.11893492056958588,0.15871077839238798,0.20451626239975046,0.6529841423034668,0.5100327134132385,-1.0,0.8860465288162231,0.3084745705127716,-0.048500001430511475,0.09324999898672104,0.08612500131130219,-0.1263750046491623,0.0006794900400564075,0.0009021800360642374,0.0,6.851999933132902e-05,0.13850000500679016,0.006000000052154064,0.1445000022649765,0.00774999987334013,0.041999999433755875,0.0,0.0020000000949949026,0.3789251744747162,0.8233532905578613,-0.9703913331031799,0.07479022443294525,-0.18984817
309,4309,-0.1925737913823694,-0.4111961504976542,-0.07357379138236941,0.11680384950234585,0.13804434808040159,0.2514670075367497,0.6416546106338501,0.5100591778755188,-1.0,0.8860465288162231,0.3084745705127716,-0.04287499934434891,0.09312500059604645,0.08962500095367432,-0.1264999955892563,0.001050640014000237,0.0014332099817693233,7.994000043254346e-05,8.565000462112948e-05,0.2175000011920929,0.014499999582767487,0.23199999332427979,0.010499999858438969,0.057500001043081284,0.0005000000237487257,0.004999999888241291,0.6267082691192627,0.715555727481842,-0.9209960699081421,-0.48917555809020996,-0.04293335
310,4310,-0.21349318825712543,-0.41118782950475924,-0.09449318825712544,0.11681217049524079,0.1502466166101778,0.22258056208979185,0.7149446606636047,0.5064471960067749,-1.0,0.8860465288162231,0.3084745705127716,-0.03350000083446503,0.09287499636411667,0.07275000214576721,-0.13449999690055847,0.001695870072580874,0.001975659979507327,-7.994000043254346e-05,7.994000043254346e-05,0.3215000033378601,0.014000000432133675,0.33550000190734863,0.015250000171363354,0.07124999910593033,-0.0002500000118743628,0.002749999985098839,-0.872246265411377,-0.7280580997467041,-0.5681987404823303,-0.7437337040901184,0.0
311,4311,-0.20871921342620714,-0.4081558537076866,-0.08971921342620715,0.11984414629231344,0.14970690250736848,0.22378510840271798,0.6662949323654175,0.5064613223075867,-1.0,0.8860465288162231,0.3084745705127716,-0.04312499985098839,0.09587500244379044,0.06212500110268593,-0.14775000512599945,0.0001541700039524585,0.0007651399937458336,0.0,6.851999933132902e-05,0.08049999922513962,0.006000000052154064,0.08649999648332596,0.0020000000949949026,0.03799999877810478,-0.0002500000118743628,0.001500000013038516,-0.6604588031768799,0.857598066329956,-0.41305336356163025,-0.9256461262702942,-0.073566414
312,4312,-0.20894302423077363,-0.40818252720436277,-0.08994302423077363,0.11981747279563726,0.14981980641727852,0.22353258884458663,0.6773971915245056,0.5116002559661865,-1.0,0.8860465288162231,0.3084745705127716,-0.05587499961256981,0.1106249988079071,0.06575000286102295,-0.1652500033378601,0.00021127000218257308,0.0008279500179924071,7.423000351991504e-05,6.851999933132902e-05,0.09099999815225601,0.012500000186264515,0.10350000113248825,0.002749999985098839,0.04050000011920929,0.0,0.0020000000949949026,0.3166235685348511,-0.634772539138794,0.9419182538986206,-0.1615639328956604,0.0
313,4313,-0.21011654759024043,-0.40581497508298126,-0.09111654759024043,0.12218502491701877,0.15241852104891007,0.21779844447668636,0.6768766641616821,0.511555016040802,-1.0,0.8860465288162231,0.3084745705127716,-0.0533749982714653,0.11025000363588333,0.0833749994635582,-0.16762499511241913,0.0009136000298894942,0.000245530012762174,0.0,6.851999933132902e-05,0.1014999970793724,0.006000000052154064,0.10750000178813934,0.009499999694526196,0.017500000074505806,0.0,0.000750000006519258,-0.189472958445549,0.6279850006103516,0.3879621624946594,0.6860113143920898,0.0
314,4314,-0.2167267870548266,-0.4084039070349561,-0.0977267870548266,0.11959609296504392,0.1544465938781521,0.21342582324674647,0.6741475462913513,0.5155678391456604,-1.0,0.8860465288162231,0.3084745705127716,-0.05350000038743019,0.11025000363588333,0.09062500298023224,-0.15962499380111694,0.00019985000835731626,0.0008507900056429207,5.7100000958598685e-06,0.00013703999866265804,0.09200000017881393,0.012500000186264515,0.10450000315904617,0.002749999985098839,0.04100000113248825,0.0,0.010250000283122063,0.3280029594898224,0.7093448638916016,-0.9384828209877014,-0.47668805718421936,-0.13661794
315,4315,-0.20738854962642564,-0.4083906548024506,-0.08838854962642564,0.1196093451975494,0.14872434623708938,0.22599476077933411,0.6587749123573303,0.5111798048019409,-1.0,0.8860465288162231,0.3084745705127716,-0.051874998956918716,0.1107499971985817,0.09437499940395355,-0.16374999284744263,0.0011933899950236082,0.0017701000906527042,7.423000351991504e-05,6.851999933132902e-05,0.25949999690055847,0.012500000186264515,0.2720000147819519,0.011749999597668648,0.06650000065565109,0.0,0.000750000006519258,0.29231151938438416,0.6354319453239441,-0.734062910079956,0.02786819078028202,-0.03472509
316,4316,-0.211409712696568,-0.4090699576262038,-0.092409712696568,0.11893004237379623,0.15061178566000474,0.22176924899982084,0.6804917454719543,0.5112022757530212,-1.0,0.8860465288162231,0.3084745705127716,-0.04774999991059303,0.1106249988079071,0.08062499761581421,-0.16374999284744263,0.0015359900426119566,0.0023068401496857405,-5.7100000958598685e-06,6.851999933132902e-05,0.33649998903274536,0.006500000134110451,0.34299999475479126,0.01425000000745058,0.0794999971985817,0.0,0.0017500000540167093,0.6658711433410645,0.07235518097877502,0.03185219690203667,0.9503061771392822,-0.08886036
317,4317,-0.21219593321641692,-0.40886370836665115,-0.09319593321641692,0.11913629163334888,0.15125785253078664,0.22034108975197145,0.671140193939209,0.510050892829895,-1.0,0.8860465288162231,0.3084745705127716,-0.03849999979138374,0.11025000363588333,0.08425000309944153,-0.15587499737739563,0.0024610101245343685,0.0015588300302624702,7.423000351991504e-05,0.0003026300109922886,0.35199999809265137,0.032999999821186066,0.38499999046325684,0.020500000566244125,0.061500001698732376,0.0002500000118743628,0.0215000007301569,0.15881238877773285,-0.39348104596138,-0.9947566390037537,-0.38925692439079285,-0.0067336457
318,4318,-0.20515477749226207,-0.40951459826982206,-0.08615477749226208,0.11848540173017796,0.14649722218493716,0.23108441048573802,0.6693117618560791,0.5104004740715027,-1.0,0.8860465288162231,0.3084745705127716,-0.03849999979138374,0.11012499779462814,0.06587500125169754,-0.15587499737739563,0.00296920002438128,0.0010278000263497233,0.0,0.00010848999954760075,0.3499999940395355,0.009499999694526196,0.359499990940094,0.023749999701976776,0.04699999839067459,-0.0002500000118743628,0.007000000216066837,-0.17785608768463135,-0.19182640314102173,-0.8581234812736511,-0.9289565086364746,-0.13391756
319,4319,-0.21204085636716088,-0.4070776650250627,-0.09304085636716089,0.12092233497493732,0.1525739559994615,0.21746017253672906,0.6856865882873535,0.5092973113059998,-1.0,0.8860465288162231,0.3084745705127716,-0.03837500140070915,0.11025000363588333,0.06925000250339508,-0.17087499797344208,0.002238319953903556,0.0007936900365166366,7.994000043254346e-05,7.423000351991504e-05,0.265500009059906,0.013500000350177288,0.27900001406669617,0.01899999938905239,0.03974999859929085,0.0005000000237487257,0.0022499999031424522,-0.651214063167572,-0.053770262748003006,-0.055089522153139114,0.6072545647621155,0.0
320,4320,-0.21660206458056705,-0.40792156922150974,-0.09760206458056706,0.12007843077849029,0.15474169621861414,0.21279692704729397,0.669672429561615,0.5134276747703552,-1.0,0.8860465288162231,0.3084745705127716,-0.04287499934434891,0.11037500202655792,0.06862500309944153,-0.16349999606609344,0.00028550002025440335,0.00074230000609532,-8.565000462112948e-05,0.00013133000175002962,0.09000000357627869,0.01899999938905239,0.10899999737739563,0.0037499999161809683,0.03750000149011612,-0.0002500000118743628,0.010250000283122063,0.37028875946998596,-0.7622912526130676,0.03411141782999039,0.6013760566711426,0.0
321,4321,-0.21588151895327712,-0.4084302034736989,-0.09688151895327712,0.11956979652630112,0.15389270598711052,0.21461124295553805,0.6590649485588074,0.5119973421096802,-1.0,0.8860465288162231,0.3084745705127716,-0.04050000011920929,0.10537499934434891,0.06912499666213989,-0.15275000035762787,0.0013247199822217226,0.00028550002025440335,1.7129999832832254e-05,0.0001484600070398301,0.14100000262260437,0.014499999582767487,0.15549999475479126,0.012749999761581421,0.01899999938905239,0.0,0.011250000447034836,0.04418404772877693,-0.08696436136960983,-0.9433025121688843,0.4572738707065582,-0.13719632
322,4322,-0.21772044831224774,-0.4101164968112277,-0.09872044831224774,0.11788350318877233,0.15376035652608405,0.21489546782244334,0.6607406735420227,0.5111352205276489,-1.0,0.8860465288162231,0.3084745705127716,-0.0403750017285347,0.10350000113248825,0.07275000214576721,-0.14524999260902405,0.0015302799874916673,0.00029121001716703176,7.994000043254346e-05,0.00017130000924225897,0.15950000286102295,0.02199999988079071,0.18150000274181366,0.014000000432133675,0.019500000402331352,0.0002500000118743628,0.013249999843537807,0.9751473069190979,0.2947467863559723,0.19055986404418945,-0.013494253158569336,0.0
323,4323,-0.21018155061737023,-0.41432954120158333,-0.09118155061737024,0.1136704587984167,0.145722504701335,0.23288161445351307,0.6564640998840332,0.5082771182060242,-1.0,0.8860465288162231,0.3084745705127716,-0.027249999344348907,0.09987500309944153,0.07625000178813934,-0.14537499845027924,0.003071980085223913,0.0007308800122700632,7.994000043254346e-05,0.00016558999777771533,0.3330000042915344,0.0215000007301569,0.3544999957084656,0.024250000715255737,0.0377499982714653,0.0002500000118743628,0.013000000268220901,0.1420733630657196,-0.9941949248313904,-0.5935546159744263,-0.8800509572029114,-0.0076151327
324,4324,-0.21314580160433297,-0.41284494184585563,-0.09414580160433297,0.1151550581541444,0.14874178759920428,0.22595534765193895,0.6739963889122009,0.5011363625526428,-1.0,0.8860465288162231,0.3084745705127716,-0.020124999806284904,0.08900000154972076,0.06537500023841858,-0.1561249941587448,0.0012676200130954385,0.00034260001848451793,0.0,7.423000351991504e-05,0.14100000262260437,0.006500000134110451,0.14749999344348907,0.012249999679625034,0.02225000038743019,-0.0002500000118743628,0.001500000013038516,-0.8713496923446655,0.29952651262283325,-0.9007455706596375,0.0763583779335022,-0.13208948
325,4325,-0.20554231780534746,-0.41097009514861943,-0.08654231780534746,0.1170299048513806,0.14555264133860626,0.2332775311585184,0.6671028137207031,0.5036526322364807,-1.0,0.8860465288162231,0.3084745705127716,-0.03150000050663948,0.08924999833106995,0.0689999982714653,-0.1561249941587448,0.0001827200030675158,0.0006223900127224624,0.0,8.565000462112948e-05,0.07050000131130219,0.007499999832361937,0.07800000160932541,0.0024999999441206455,0.032749999314546585,0.0,0.0042500002309679985,-0.8273758888244629,0.7264988422393799,-0.7451807856559753,-0.9352707266807556,-0.1134217
326,4326,-0.21281035807684334,-0.4050486191838113,-0.09381035807684335,0.12295138081618873,0.15465259560418967,0.21298661491074608,0.6847853064537048,0.5068303346633911,-1.0,0.8860465288162231,0.3084745705127716,-0.046875,0.10300000011920929,0.07262499630451202,-0.17212499678134918,0.00017130000924225897,0.0005995500250719488,0.0,6.851999933132902e-05,0.06750000268220901,0.006000000052154064,0.07349999994039536,0.0022499999031424522,0.032249998301267624,0.0002500000118743628,0.0012499999720603228,-0.9950770735740662,0.6794289350509644,0.14431652426719666,0.9877887964248657,0.0
327,4327,-0.21001817109177717,-0.4032950359928415,-0.09101817109177718,0.12470496400715853,0.15438793837900266,0.21355104595009627,0.6678828597068787,0.5168667435646057,-1.0,0.8860465288162231,0.3084745705127716,-0.06537500023841858,0.11637499928474426,0.07537499815225601,-0.1561249941587448,0.00016558999777771533,0.0005367400008253753,0.0,9.13600015337579e-05,0.061500001698732376,0.00800000037997961,0.06949999928474426,0.0020000000949949026,0.030750000849366188,0.0,0.0062500000931322575,-0.5726960897445679,0.6584945917129517,0.10139212757349014,-0.5379048585891724,-0.011832946
328,4328,-0.21477869043144868,-0.40288764727095194,-0.09577869043144868,0.12511235272904808,0.15756477508047612,0.20687350679116528,0.674376368522644,0.5198389291763306,-1.0,0.8860465288162231,0.3084745705127716,-0.07599999755620956,0.12737500667572021,0.07912500202655792,-0.16324999928474426,0.0001541700039524585,0.0006109700188972056,0.0,6.28100024187006e-05,0.06700000166893005,0.005499999970197678,0.07249999791383743,0.0020000000949949026,0.033250000327825546,0.0,0.0005000000237487257,0.249644935131073,-0.7831375598907471,0.6851431131362915,0.40142741799354553,0.0
329,4329,-0.22017500115010347,-0.4042296475248864,-0.10117500115010347,0.12377035247511364,0.1598608176181309,0.20217771802236492,0.6633053421974182,0.5205293893814087,-1.0,0.8860465288162231,0.3084745705127716,-0.0742499977350235,0.125,0.09200000017881393,-0.15925000607967377,0.0007023300277069211,0.0001256200048374012,0.0,0.00010848999954760075,0.07249999791383743,0.009499999694526196,0.0820000022649765,0.00774999987334013,0.008750000037252903,-0.0002500000118743628,0.007499999832361937,0.4123650789260864,-0.6860406398773193,0.35359787940979004,0.9421038627624512,0.0
330,4330,-0.2169244237674882,-0.4035828040302192,-0.0979244237674882,0.12441719596978085,0.15833139746486627,0.2052936317561238,0.6507558226585388,0.518254816532135,-1.0,0.8860465288162231,0.3084745705127716,-0.06525000184774399,0.11212500184774399,0.09862499684095383,-0.1407500058412552,0.00041683000745251775,0.00013703999866265804,5.139000131748617e-05,0.00010278000263497233,0.048500001430511475,0.013500000350177288,0.06199999898672104,0.004999999888241291,0.008999999612569809,-0.0002500000118743628,0.005750000011175871,-0.5898522138595581,0.5296581983566284,-0.6059405207633972,-0.033740464597940445,-0.09671287
331,4331,-0.21823775496805223,-0.40388384271716415,-0.09923775496805223,0.12411615728283587,0.15891177586874056,0.2041056027196484,0.6583153009414673,0.5193511843681335,-1.0,0.8860465288162231,0.3084745705127716,-0.07437500357627869,0.11599999666213989,0.10212499648332596,-0.140625,0.00011991000064881518,0.00032546999864280224,7.423000351991504e-05,7.994000043254346e-05,0.039000000804662704,0.013500000350177288,0.05249999836087227,0.0012499999720603228,0.020999999716877937,0.0002500000118743628,0.0042500002309679985,0.37342149019241333,0.8145805597305298,0.01879052072763443,-0.3327459394931793,0.0
332,4332,-0.20914686812430947,-0.40387751848542297,-0.09014686812430947,0.12412248151457705,0.15340419893196588,0.21566219892554664,0.6552610397338867,0.5188409686088562,-1.0,0.8860465288162231,0.3084745705127716,-0.07050000131130219,0.11949999630451202,0.10237500071525574,-0.14512500166893005,0.0006852000369690359,0.0009706999990157783,6.851999933132902e-05,6.851999933132902e-05,0.14499999582767487,0.012000000104308128,0.15700000524520874,0.007499999832361937,0.04450000077486038,0.0002500000118743628,0.0010000000474974513,-0.8859077095985413,-0.6752650737762451,-0.9511719346046448,-0.9026176333427429,-0.13814063
333,4333,-0.20434036961007948,-0.40659649422595445,-0.08534036961007949,0.12140350577404557,0.14839740529879117,0.22673483932136845,0.6764026284217834,0.518851637840271,-1.0,0.8860465288162231,0.3084745705127716,-0.08375000208616257,0.12274999916553497,0.10625000298023224,-0.16175000369548798,0.00011420000373618677,0.00017130000924225897,0.0,6.28100024187006e-05,0.02500000037252903,0.005499999970197678,0.030500000342726707,0.0010000000474974513,0.012749999761581421,0.0,0.0005000000237487257,-0.14941401779651642,-0.6859636306762695,-0.9695791006088257,-0.5793367028236389,-0.1403495
334,4334,-0.2160055793924415,-0.4026932590800574,-0.0970055793924415,0.12530674091994265,0.15846722611707728,0.20501497347477068,0.6875805258750916,0.5142432451248169,-1.0,0.8860465288162231,0.3084745705127716,-0.08612500131130219,0.1158749982714653,0.10999999940395355,-0.17237499356269836,9.707000572234392e-05,7.423000351991504e-05,0.0,5.7100001868093386e-05,0.014999999664723873,0.004999999888241291,0.019999999552965164,0.0002500000118743628,0.0010000000474974513,0.0,0.0002500000118743628,0.8703948259353638,0.8903993368148804,-0.7899829745292664,0.9551237225532532,-0.118797965
335,4335,-0.21187329684314216,-0.4036617103641737,-0.09287329684314216,0.12433828963582633,0.1551949082156919,0.21183468798298372,0.660452127456665,0.520858883857727,-1.0,0.8860465288162231,0.3084745705127716,-0.0728750005364418,0.11924999952316284,0.11362499743700027,-0.1577499955892563,0.0005196100100874901,0.0004682200087700039,7.994000043254346e-05,9.707000572234392e-05,0.08649999648332596,0.01549999974668026,0.10199999809265137,0.0062500000931322575,0.027499999850988388,0.0002500000118743628,0.006750000175088644,0.5933797359466553,0.7512725591659546,-0.6086766719818115,0.15802152454853058,0.0
336,4336,-0.21077600898723386,-0.4050140129585193,-0.09177600898723387,0.12298598704148073,0.1534548429805723,0.21555300650876125,0.6700621247291565,0.5192174315452576,-1.0,0.8860465288162231,0.3084745705127716,-0.06400000303983688,0.12012500315904617,0.10249999910593033,-0.15725000202655792,0.0011020300444215536,0.0012847500620409846,-7.994000043254346e-05,0.0001598800008650869,0.20900000631809235,0.020999999716877937,0.23000000417232513,0.01075000036507845,0.05375000089406967,-0.0002500000118743628,0.011500000022351742,-0.1559709757566452,-0.18347206711769104,-0.7754126787185669,-0.9920717477798462,0.0
337,4337,-0.1899449906760946,-0.4062872474637867,-0.07094499067609461,0.12171275253621333,0.14088004057343487,0.24443633177048346,0.6726139187812805,0.5169253945350647,-1.0,0.8860465288162231,0.3084745705127716,-0.0638749971985817,0.12025000154972076,0.08787500113248825,-0.1706250011920929,0.0003825699968729168,0.0010335100814700127,0.0,6.28100024187006e-05,0.12399999797344208,0.005499999970197678,0.12950000166893005,0.004749999847263098,0.04675000160932541,0.0,0.0012499999720603228,-0.17871180176734924,-0.08745252341032028,-0.7755006551742554,-0.3461967408657074,-0.11706008
338,4338,-0.2061761356394549,-0.40329916229014695,-0.0871761356394549,0.12470083770985307,0.15215116677359972,0.21838151701692787,0.721058189868927,0.5147673487663269,-1.0,0.8860465288162231,0.3084745705127716,-0.06549999862909317,0.12049999833106995,0.09162499755620956,-0.17675000429153442,0.0001484600070398301,0.0009021800360642374,7.994000043254346e-05,6.851999933132902e-05,0.09200000017881393,0.013000000268220901,0.10499999672174454,0.001500000013038516,0.0430000014603138,0.0,0.000750000006519258,-0.23752465844154358,0.7553073763847351,-0.9455141425132751,-0.18500269949436188,0.0
339,4339,-0.2089772657476573,-0.40423312325924227,-0.0899772657476573,0.12376687674075776,0.15301682302801373,0.21649924252399713,0.6833112835884094,0.5198319554328918,-1.0,0.8860465288162231,0.3084745705127716,-0.07062499970197678,0.12937499582767487,0.07400000095367432,-0.18025000393390656,0.00021127000218257308,0.0012733300682157278,0.0,6.28100024187006e-05,0.12999999523162842,0.005499999970197678,0.1354999989271164,0.003000000026077032,0.05350000038743019,0.0,0.0010000000474974513,0.9824106097221375,0.6032377481460571,-0.012358274310827255,0.6545480489730835,-0.025482995
340,4340,-0.20496620432056736,-0.4048181910584278,-0.08596620432056737,0.12318180894157221,0.15021300323009168,0.22265539151577002,0.6767970323562622,0.5182489156723022,-1.0,0.8860465288162231,0.3084745705127716,-0.05962499976158142,0.12912499904632568,0.07737500220537186,-0.17612500488758087,0.002072730101644993,0.002175510162487626,7.994000043254346e-05,0.00022269001055974513,0.3720000088214874,0.026499999687075615,0.398499995470047,0.017750000581145287,0.07649999856948853,0.000750000006519258,0.017249999567866325,0.4836741089820862,-0.818607747554779,-0.03337281942367554,-0.887792706489563,-0.03073846
341,4341,-0.20377077895221082,-0.4040521391165673,-0.08477077895221083,0.12394786088343274,0.15016376787275745,0.22276504368501035,0.6861250996589661,0.5172573328018188,-1.0,0.8860465288162231,0.3084745705127716,-0.05662500113248825,0.12912499904632568,0.07737500220537186,-0.18524999916553497,0.0024324599653482437,0.0009878299897536635,-7.994000043254346e-05,7.994000043254346e-05,0.2994999885559082,0.014000000432133675,0.31349998712539673,0.020250000059604645,0.04600000008940697,-0.0005000000237487257,0.0022499999031424522,-0.11341557651758194,-0.3575359880924225,-0.6436306238174438,0.7721312046051025,0.0
342,4342,-0.2138510169441763,-0.4037093517182282,-0.0948510169441763,0.12429064828177183,0.15634858702798543,0.20940483934558726,0.6889051795005798,0.5185557007789612,-1.0,0.8860465288162231,0.3084745705127716,-0.05662500113248825,0.1289999932050705,0.06525000184774399,-0.17775000631809235,0.0017986500170081854,0.0005995500250719488,0.0,0.0002169799990952015,0.20999999344348907,0.01899999938905239,0.2290000021457672,0.01600000075995922,0.032999999821186066,-0.0002500000118743628,0.01600000075995922,0.1091277152299881,0.503443717956543,-0.29482463002204895,0.6373709440231323,-0.06231231
343,4343,-0.20914639250231531,-0.4021979628810484,-0.09014639250231532,0.1258020371189516,0.1547660318818686,0.21274514780437848,0.6654627323150635,0.5191366672515869,-1.0,0.8860465288162231,0.3084745705127716,-0.05662500113248825,0.1289999932050705,0.06862500309944153,-0.16725000739097595,0.0022040600888431072,0.0011933899950236082,7.994000043254346e-05,0.00026266000350005925,0.29750001430511475,0.029999999329447746,0.32749998569488525,0.01899999938905239,0.051750000566244125,0.0005000000237487257,0.01875000074505806,-0.5812846422195435,-0.5097647905349731,0.47610729932785034,0.017124781385064125,0.0
344,4344,-0.20551693637099844,-0.403512186074401,-0.08651693637099844,0.12448781392559904,0.15159945941525638,0.21958967359544634,0.6764037609100342,0.5216983556747437,-1.0,0.8860465288162231,0.3084745705127716,-0.0598750002682209,0.1289999932050705,0.07774999737739563,-0.16462500393390656,0.000308340007904917,0.0005995500250719488,0.0,0.0001827200030675158,0.0794999971985817,0.01600000075995922,0.09549999982118607,0.0037499999161809683,0.032749999314546585,0.0,0.014000000432133675,-0.6473878026008606,-0.4561827778816223,0.6284277439117432,-0.9027858376502991,0.0
345,4345,-0.21240279772153028,-0.4028168427926653,-0.09340279772153029,0.12518315720733475,0.15618868547563036,0.20973994878560379,0.6848443150520325,0.5194708704948425,-1.0,0.8860465288162231,0.3084745705127716,-0.07124999910593033,0.1289999932050705,0.08950000256299973,-0.17487500607967377,0.00017701000615488738,0.00022269001055974513,0.0,6.851999933132902e-05,0.03500000014901161,0.006000000052154064,0.04100000113248825,0.0022499999031424522,0.01575000025331974,0.0,0.000750000006519258,-0.2615691125392914,-0.9748124480247498,-0.6922776699066162,0.6143285632133484,-0.10707332
346,4346,-0.20413422391815478,-0.4067850895625792,-0.08513422391815478,0.12121491043742083,0.14812457795551173,0.2273542785753761,0.6688306927680969,0.5206494331359863,-1.0,0.8860465288162231,0.3084745705127716,-0.07537499815225601,0.11687500029802322,0.09324999898672104,-0.164124995470047,9.707000572234392e-05,8.565000462112948e-05,7.994000043254346e-05,7.423000351991504e-05,0.01600000075995922,0.013500000350177288,0.029500000178813934,0.000750000006519258,0.0035000001080334187,0.0,0.0022499999031424522,-0.2855684757232666,-0.23182867467403412,-0.5905859470367432,-0.44345179200172424,0.0
347,4347,-0.21614473872869355,-0.4040039511852266,-0.09714473872869356,0.12399604881477344,0.15751863503834018,0.20696898033844047,0.68805992603302,0.5139235854148865,-1.0,0.8860465288162231,0.3084745705127716,-0.08037500083446503,0.11400000005960464,0.08224999904632568,-0.17125000059604645,9.13600015337579e-05,7.423000351991504e-05,0.0,0.0,0.014499999582767487,0.0,0.014499999582767487,0.0002500000118743628,0.000750000006519258,0.0,0.0,0.6546791791915894,0.13382913172245026,-0.8185524940490723,0.8832356929779053,0.0
348,4348,-0.21259771900458618,-0.40545552435374155,-0.09359771900458619,0.12254447564625848,0.15420013461173732,0.21395247969528444,0.6601285338401794,0.5186373591423035,-1.0,0.8860465288162231,0.3084745705127716,-0.07050000131130219,0.11362499743700027,0.06700000166893005,-0.1576250046491623,0.0003825699968729168,0.00010848999954760075,7.994000043254346e-05,9.13600015337579e-05,0.0430000014603138,0.014999999664723873,0.057999998331069946,0.004999999888241291,0.006500000134110451,0.0,0.005750000011175871,0.24927806854248047,0.3154242932796478,-0.923336386680603,-0.24273967742919922,0.0
349,4349,-0.20862925759635953,-0.40605915130228815,-0.08962925759635954,0.12194084869771188,0.15133728687403125,0.22016613275160057,0.6683773994445801,0.5161770582199097,-1.0,0.8860465288162231,0.3084745705127716,-0.06662499904632568,0.11349999904632568,0.04975000023841858,-0.15937499701976776,0.0005824200343340635,0.00027407999732531607,0.0,6.28100024187006e-05,0.07500000298023224,0.005499999970197678,0.08049999922513962,0.006500000134110451,0.01850000023841858,0.0,0.0002500000118743628,-0.23116585612297058,-0.4778754413127899,-0.9499366283416748,-0.7078964710235596,-0.13799241
350,4350,-0.2136291269453336,-0.4035867720577623,-0.0946291269453336,0.12441322794223775,0.15631162130002768,0.20948226167781284,0.6776064038276672,0.5151540040969849,-1.0,0.8860465288162231,0.3084745705127716,-0.06812500208616257,0.11299999803304672,0.0533749982714653,-0.17274999618530273,0.00010848999954760075,7.994000043254346e-05,8.565000462112948e-05,6.851999933132902e-05,0.016499999910593033,0.013500000350177288,0.029999999329447746,0.0010000000474974513,0.0017500000540167093,0.0002500000118743628,0.0005000000237487257,-0.6656944155693054,-0.028798244893550873,0.7793993353843689,0.15556158125400543,0.0
351,4351,-0.20252962946966194,-0.4069659235850835,-0.08352962946966194,0.12103407641491654,0.14705933038386537,0.22978910997372734,0.6659787893295288,0.5193444490432739,-1.0,0.8860465288162231,0.3084745705127716,-0.08025000244379044,0.11312499642372131,0.06800000369548798,-0.17075000703334808,9.707000572234392e-05,7.423000351991504e-05,0.0,6.851999933132902e-05,0.014999999664723873,0.006000000052154064,0.020999999716877937,0.0005000000237487257,0.0005000000237487257,0.0,0.0022499999031424522,0.8419772386550903,0.8772512674331665,0.8623377084732056,-0.914764404296875,0.0
352,4352,-0.21140019687939327,-0.40522538926940926,-0.09240019687939327,0.12277461073059076,0.15366001894897297,0.21511119693876316,0.6917915344238281,0.5136170983314514,-1.0,0.8860465288162231,0.3084745705127716,-0.06700000166893005,0.11599999666213989,0.08412499725818634,-0.18712499737739563,0.0004625100118573755,0.00044538002111949027,0.0,6.851999933132902e-05,0.0794999971985817,0.006000000052154064,0.08550000190734863,0.005499999970197678,0.027499999850988388,0.0,0.000750000006519258,-0.44078370928764343,-0.872093677520752,0.7019904851913452,0.9790223240852356,0.0
353,4353,-0.21772444077462738,-0.40585538694644185,-0.09872444077462739,0.12214461305355817,0.15705356316959626,0.20793377660204798,0.6711623072624207,0.5165671110153198,-1.0,0.8860465288162231,0.3084745705127716,-0.07275000214576721,0.11237499862909317,0.09737499803304672,-0.16987499594688416,8.565000462112948e-05,7.994000043254346e-05,0.0,7.423000351991504e-05,0.014499999582767487,0.006500000134110451,0.020999999716877937,0.0005000000237487257,0.0022499999031424522,-0.0002500000118743628,0.002749999985098839,-0.6026272773742676,-0.5070551633834839,-0.9722065925598145,0.9879523515701294,-0.1406648
354,4354,-0.2202373233724873,-0.4037131497454137,-0.10123732337248731,0.1242868502545863,0.16030039547621686,0.20129094000778053,0.6564548015594482,0.5154993534088135,-1.0,0.8860465288162231,0.3084745705127716,-0.08399999886751175,0.10350000113248825,0.10100000351667404,-0.15049999952316284,9.707000572234392e-05,7.423000351991504e-05,0.0,6.851999933132902e-05,0.014999999664723873,0.006000000052154064,0.020999999716877937,0.0005000000237487257,0.0010000000474974513,0.0,0.0010000000474974513,-0.2322668731212616,-0.8050238490104675,-0.9658606052398682,-0.36119478940963745,-0.13990329
355,4355,-0.2192440278303695,-0.4046811512739465,-0.10024402783036951,0.12331884872605353,0.15892263390334044,0.2040834420658123,0.6506108641624451,0.5191302299499512,-1.0,0.8860465288162231,0.3084745705127716,-0.08799999952316284,0.08912499994039536,0.10474999994039536,-0.15662500262260437,0.0,0.0,0.0,0.0,0.0,0.0,0.0,0.0,-0.0002500000118743628,0.0,-0.0002500000118743628,-0.5361979603767395,0.9433521032333374,-0.11950019001960754,-0.9758089780807495,-0.2677809
356,4356,-0.21408597546397096,-0.4045572244857,-0.09508597546397096,0.12344277551430005,0.1558186816675355,0.21051743205506196,0.6529208421707153,0.5174895524978638,-1.0,0.8860465288162231,0.3084745705127716,-0.08487500250339508,0.10337500274181366,0.10837499797344208,-0.15399999916553497,0.00011420000373618677,0.00010848999954760075,6.851999933132902e-05,6.851999933132902e-05,0.019500000402331352,0.012000000104308128,0.03150000050663948,0.0012499999720603228,0.006500000134110451,0.0002500000118743628,0.0020000000949949026,-0.6719767451286316,0.5293668508529663,0.10121330618858337,-0.2098717838525772,0.0
357,4357,-0.21886840031010518,-0.40212113156492046,-0.09986840031010519,0.12587886843507956,0.16068349914971197,0.20052126229536274,0.6649163365364075,0.5176995992660522,-1.0,0.8860465288162231,0.3084745705127716,-0.09687499701976776,0.11362499743700027,0.11037500202655792,-0.15674999356269836,9.13600015337579e-05,0.00010278000263497233,0.0,0.0,0.017000000923871994,0.0,0.017000000923871994,0.0002500000118743628,0.005750000011175871,0.0,-0.0002500000118743628,0.24364452064037323,0.5990473031997681,0.8228998780250549,-0.4109632968902588,-0.0733156
358,4358,-0.20914840077211674,-0.4020065900756699,-0.09014840077211675,0.1259934099243301,0.15492279853569152,0.2124118956373799,0.6537944078445435,0.5218285918235779,-1.0,0.8860465288162231,0.3084745705127716,-0.09337499737739563,0.12012500315904617,0.12575000524520874,-0.1548749953508377,0.0001827200030675158,0.00021127000218257308,0.0,7.994000043254346e-05,0.03449999913573265,0.007000000216066837,0.04149999842047691,0.0022499999031424522,0.014999999664723873,0.0,0.0035000001080334187,-0.9053280353546143,0.3103679418563843,-0.9842242002487183,-0.8293750286102295,-0.14210692
359,4359,-0.20672073701224508,-0.4016526910074394,-0.08772073701224509,0.12634730899256064,0.1538134265648908,0.214781452970815,0.6763990521430969,0.5220227241516113,-1.0,0.8860465288162231,0.3084745705127716,-0.10949999839067459,0.13062499463558197,0.12937499582767487,-0.16875000298023224,0.00010278000263497233,0.00010278000263497233,7.423000351991504e-05,6.851999933132902e-05,0.017999999225139618,0.012500000186264515,0.030500000342726707,0.000750000006519258,0.005499999970197678,0.0002500000118743628,0.0002500000118743628,0.6574441194534302,0.0025183206889778376,-0.5710376501083374,-0.8591196537017822,0.0
360,4360,-0.2110475283415098,-0.3974947374542672,-0.09204752834150981,0.1305052625457328,0.15970087985327977,0.2025013352697083,0.6820448040962219,0.5226225852966309,-1.0,0.8860465288162231,0.3084745705127716,-0.09825000166893005,0.13050000369548798,0.11900000274181366,-0.1847500056028366,0.00020556000526994467,9.707000572234392e-05,7.994000043254346e-05,6.851999933132902e-05,0.026499999687075615,0.013000000268220901,0.039500001817941666,0.002749999985098839,0.005750000011175871,-0.0002500000118743628,0.0002500000118743628,-0.5461302995681763,0.7083523273468018,-0.8857380151748657,0.4847549796104431,0.0
361,4361,-0.21472786687580542,-0.39691907543392274,-0.09572786687580542,0.13108092456607728,0.16231461203998107,0.19727706433096875,0.67198246717453,0.5296699404716492,-1.0,0.8860465288162231,0.3084745705127716,-0.10737500339746475,0.13962499797344208,0.10237500071525574,-0.17737500369548798,9.707000572234392e-05,0.00019414001144468784,0.0,7.994000043254346e-05,0.025499999523162842,0.007000000216066837,0.032499998807907104,0.000750000006519258,0.014000000432133675,0.0,0.0035000001080334187,0.9350889921188354,0.9825973510742188,0.5553523898124695,0.9243752956390381,0.0
362,4362,-0.21306876518674814,-0.39889885237210615,-0.09406876518674814,0.12910114762789388,0.1597374060844823,0.20242738267067031,0.6634235382080078,0.5306456089019775,-1.0,0.8860465288162231,0.3084745705127716,-0.09362500160932541,0.1443749964237213,0.11262500286102295,-0.16337500512599945,0.000770850048866123,0.0008736300515010953,5.139000131748617e-05,0.00014275001012720168,0.14399999380111694,0.017000000923871994,0.16099999845027924,0.008249999955296516,0.04125000163912773,0.0002500000118743628,0.009999999776482582,0.6972744464874268,0.7781937122344971,-0.9124638438224792,-0.287617027759552,-0.18018728
363,4363,-0.20424746884839487,-0.4021970327601565,-0.08524746884839488,0.12580296723984352,0.15196551421755922,0.2187873244645818,0.6672819256782532,0.5272901058197021,-1.0,0.8860465288162231,0.3084745705127716,-0.08399999886751175,0.1443749964237213,0.11649999767541885,-0.164000004529953,0.0016273499932140112,0.001387530006468296,7.994000043254346e-05,6.851999933132902e-05,0.2639999985694885,0.013000000268220901,0.2770000100135803,0.014999999664723873,0.05575000122189522,0.0,0.0005000000237487257,0.954846978187561,-0.7696792483329773,-0.5729958415031433,-0.9090286493301392,0.0
364,4364,-0.2021620634852419,-0.40251629004557726,-0.08316206348524191,0.12548370995442276,0.1505393312960075,0.22192998872316538,0.6877965927124023,0.5216999650001526,-1.0,0.8860465288162231,0.3084745705127716,-0.06937500089406967,0.14249999821186066,0.10587500035762787,-0.18262499570846558,0.0026837000623345375,0.0005424499977380037,0.0,9.13600015337579e-05,0.2824999988079071,0.00800000037997961,0.2904999852180481,0.0215000007301569,0.030750000849366188,0.0,0.0037499999161809683,0.04012278839945793,0.5429291725158691,-0.9970232248306274,-0.5588271617889404,-0.1436428
365,4365,-0.20018961316731573,-0.4029271249204102,-0.08118961316731574,0.1250728750795898,0.14911397441867427,0.22511593469127444,0.6926463842391968,0.5211588144302368,-1.0,0.8860465288162231,0.3084745705127716,-0.06925000250339508,0.14249999821186066,0.10962499678134918,-0.19212499260902405,0.0028664199635386467,0.0011819700011983514,0.0,7.994000043254346e-05,0.3544999957084656,0.007000000216066837,0.36149999499320984,0.022749999538064003,0.050999999046325684,0.0,0.0020000000949949026,-0.9212967157363892,-0.8674758076667786,0.9910427927970886,-0.4600227475166321,-0.080129676
366,4366,-0.204503146891718,-0.4016358313938055,-0.08550314689171801,0.12636416860619454,0.15257356008142914,0.2174610335024697,0.6972334384918213,0.5204625129699707,-1.0,0.8860465288162231,0.3084745705127716,-0.06925000250339508,0.14237500727176666,0.12812499701976776,-0.2004999965429306,0.002169799990952015,0.0002797899942379445,0.0,7.423000351991504e-05,0.21449999511241913,0.006500000134110451,0.22100000083446503,0.0182499997317791,0.01875000074505806,0.0,0.001500000013038516,0.16228912770748138,0.9716436862945557,-0.7055798768997192,0.9023247957229614,-0.11941962
367,4367,-0.2101604688071947,-0.39971828371677287,-0.0911604688071947,0.12828171628322715,0.1573735359128653,0.2072695084980545,0.687201976776123,0.5226511359214783,-1.0,0.8860465288162231,0.3084745705127716,-0.06925000250339508,0.14225000143051147,0.13175000250339508,-0.1901250034570694,0.0025009801611304283,0.001358980080112815,8.565000462112948e-05,0.00019414001144468784,0.33799999952316284,0.02449999935925007,0.36250001192092896,0.020749999210238457,0.05525000020861626,0.0002500000118743628,0.014499999582767487,-0.9669755101203918,0.2244359254837036,-0.2846403419971466,0.8973388671875,-0.046697553
368,4368,-0.21491600019793802,-0.39984114058343595,-0.09591600019793803,0.12815885941656407,0.16007677014771843,0.20174158121975758,0.6740454435348511,0.525901198387146,-1.0,0.8860465288162231,0.3084745705127716,-0.07050000131130219,0.14225000143051147,0.12662500143051147,-0.17362500727176666,0.00035402001230977476,0.0017015800112858415,0.0,0.00019985000835731626,0.18000000715255737,0.017500000074505806,0.19750000536441803,0.0044999998062849045,0.06350000202655792,0.0,0.014999999664723873,0.5114907026290894,0.8264211416244507,-0.8444108366966248,0.8783493041992188,-0.1253293
369,4369,-0.21230874031038852,-0.4001103319006607,-0.09330874031038852,0.12788966809933933,0.1583107331322507,0.20533605869849977,0.6629860401153564,0.5256929993629456,-1.0,0.8860465288162231,0.3084745705127716,-0.06937500089406967,0.1420000046491623,0.12999999523162842,-0.16099999845027924,0.0025295300874859095,0.003026300109922886,7.423000351991504e-05,0.0003368900215718895,0.48649999499320984,0.035999998450279236,0.5224999785423279,0.021250000223517418,0.09475000202655792,0.000750000006519258,0.02250000089406967,-0.9185450077056885,-0.9489431381225586,-0.2062908411026001,-0.7480592727661133,-0.086748816
370,4370,-0.21219350601756476,-0.39917889058219086,-0.09319350601756476,0.12882110941780917,0.1589965653574977,0.20393261597023166,0.6690494418144226,0.5252367258071899,-1.0,0.8860465288162231,0.3084745705127716,-0.07074999809265137,0.1420000046491623,0.12662500143051147,-0.16462500393390656,0.0003825699968729168,0.002226900076493621,0.0,6.851999933132902e-05,0.22849999368190765,0.006000000052154064,0.2345000058412552,0.005249999929219484,0.07599999755620956,0.0,0.0017500000540167093,-0.6274095773696899,-0.5606877207756042,0.6245603561401367,-0.3142121732234955,0.0
371,4371,-0.20846214608179317,-0.4013288851666411,-0.08946214608179318,0.1266711148333589,0.1550775512918814,0.21208343658967116,0.6693174242973328,0.5268154144287109,-1.0,0.8860465288162231,0.3084745705127716,-0.08137500286102295,0.14487500488758087,0.1381250023841858,-0.17000000178813934,0.00020556000526994467,0.001119159976951778,7.994000043254346e-05,6.28100024187006e-05,0.11599999666213989,0.012500000186264515,0.12849999964237213,0.003000000026077032,0.04924999922513962,0.0002500000118743628,0.000750000006519258,0.9143544435501099,0.9137458801269531,0.6812483072280884,-0.5534428954124451,0.0
372,4372,-0.21689618265338995,-0.39593810181078926,-0.09789618265338995,0.13206189818921077,0.16438980361154812,0.1932253729002096,0.6779950261116028,0.5231713652610779,-1.0,0.8860465288162231,0.3084745705127716,-0.07212500274181366,0.1445000022649765,0.1508750021457672,-0.18137499690055847,0.0022154799662530422,0.0025466601364314556,7.423000351991504e-05,7.994000043254346e-05,0.4169999957084656,0.013500000350177288,0.43050000071525574,0.01875000074505806,0.08425000309944153,0.0002500000118743628,0.002749999985098839,-0.8319200277328491,-0.11579925566911697,-0.36370527744293213,0.9642831087112427,-0.038420077
373,4373,-0.21904644291407321,-0.39090121317122517,-0.10004644291407322,0.13709878682877485,0.16972144263374844,0.1831931118836229,0.6583809852600098,0.5323082804679871,-1.0,0.8860465288162231,0.3084745705127716,-0.07975000143051147,0.14487500488758087,0.14374999701976776,-0.17000000178813934,0.00022269001055974513,0.0017187100602313876,7.994000043254346e-05,0.0002169799990952015,0.17000000178813934,0.026000000536441803,0.19599999487400055,0.003000000026077032,0.06475000083446503,0.0010000000474974513,0.01600000075995922,-0.9750133156776428,0.2956433892250061,0.902966320514679,-0.5787957906723022,-0.01565964
374,4374,-0.20781077102027803,-0.3916317870318074,-0.08881077102027804,0.13636821296819263,0.16273795671985866,0.19644366768935967,0.6533803939819336,0.5408453941345215,-1.0,0.8860465288162231,0.3084745705127716,-0.09749999642372131,0.15562500059604645,0.15150000154972076,-0.17675000429153442,0.00017130000924225897,0.0010848999954760075,0.000308340007904917,0.00011420000373618677,0.10999999940395355,0.03700000047683716,0.1469999998807907,0.0020000000949949026,0.04924999922513962,0.01924999989569187,0.00800000037997961,-0.7762993574142456,0.9977471828460693,-0.9440919160842896,-0.9737434387207031,0.0
375,4375,-0.20675734114226385,-0.3935838833345566,-0.08775734114226386,0.13441611666544345,0.16052739125699944,0.20083453627145395,0.6795098185539246,0.5396071672439575,-1.0,0.8860465288162231,0.3084745705127716,-0.11262500286102295,0.17475000023841858,0.14350000023841858,-0.19212499260902405,0.00022840000747237355,0.0011077399831265211,0.0,6.851999933132902e-05,0.11699999868869781,0.006000000052154064,0.12300000339746475,0.0032500000670552254,0.048250000923871994,0.0,0.0022499999031424522,0.997414767742157,0.17027787864208221,-0.9507242441177368,0.6065682768821716,-0.13808692
376,4376,-0.20657772230287277,-0.39301321907785886,-0.08757772230287278,0.13498678092214117,0.1609077017034338,0.2000721921060684,0.6819596886634827,0.5362985134124756,-1.0,0.8860465288162231,0.3084745705127716,-0.10137499868869781,0.1743749976158142,0.1471250057220459,-0.1889999955892563,0.0021127001382410526,0.0013361400924623013,4.568000076687895e-05,0.0002512400096748024,0.3019999861717224,0.026000000536441803,0.328000009059906,0.017999999225139618,0.05525000020861626,0.0002500000118743628,0.01850000023841858,-0.09247107803821564,0.3917493522167206,-0.9293332099914551,-0.1296146661043167,-0.13552
377,4377,-0.2043207133056291,-0.39306824617537334,-0.0853207133056291,0.1349317538246267,0.1596439861353099,0.20261657858827764,0.6823773980140686,0.5372657179832458,-1.0,0.8860465288162231,0.3084745705127716,-0.10137499868869781,0.1743749976158142,0.15074999630451202,-0.1889999955892563,0.0016330600483343005,0.0018900100840255618,7.994000043254346e-05,0.00017701000615488738,0.3084999918937683,0.02250000089406967,0.3310000002384186,0.014750000089406967,0.06975000351667404,0.0005000000237487257,0.013749999925494194,-0.10347343236207962,0.7454139590263367,-0.174604594707489,-0.567550539970398,-0.043490432
378,4378,-0.2081384095026356,-0.3896036767266915,-0.0891384095026356,0.13839632327330853,0.1646183414575353,0.19278428401458408,0.6876262426376343,0.5371724367141724,-1.0,0.8860465288162231,0.3084745705127716,-0.10137499868869781,0.1745000034570694,0.14800000190734863,-0.19374999403953552,0.0011134500382468104,0.0025124000385403633,-2.8550000934046693e-05,7.423000351991504e-05,0.3174999952316284,0.008999999612569809,0.3264999985694885,0.010999999940395355,0.08375000208616257,-0.0005000000237487257,0.0020000000949949026,-0.8738007545471191,-0.6959218978881836,0.6306023597717285,0.19177162647247314,-0.01959219
379,4379,-0.19994889982914846,-0.3888930597246983,-0.08094889982914846,0.13910694027530174,0.16094553493746222,0.19999651264230014,0.6787478923797607,0.5430446267127991,-1.0,0.8860465288162231,0.3084745705127716,-0.11362499743700027,0.17925000190734863,0.15687499940395355,-0.1938749998807907,0.00019414001144468784,0.0013247199822217226,0.00010848999954760075,0.00011420000373618677,0.13300000131130219,0.019500000402331352,0.1525000035762787,0.002749999985098839,0.05550000071525574,0.005249999929219484,0.00925000011920929,-0.9334805607795715,0.16740979254245758,0.2565816342830658,-0.9670144319534302,0.0
380,4380,-0.2088067044430083,-0.3872706255489652,-0.08980670444300831,0.14072937445103484,0.1669431070643332,0.1883541953924365,0.6977932453155518,0.5442490577697754,-1.0,0.8860465288162231,0.3084745705127716,-0.13075000047683716,0.19175000488758087,0.164000004529953,-0.20800000429153442,0.0001541700039524585,0.0007023300277069211,7.994000043254346e-05,6.851999933132902e-05,0.07500000298023224,0.013000000268220901,0.08799999952316284,0.0020000000949949026,0.03674999997019768,0.0005000000237487257,0.0012499999720603228,0.24935103952884674,-0.5724132061004639,-0.8221244812011719,0.8713749051094055,0.0
381,4381,-0.2202969765195718,-0.3789312704695422,-0.10129697651957181,0.1490687295304578,0.18022919734557846,0.16492046139529315,0.6771937012672424,0.546998918056488,-1.0,0.8860465288162231,0.3084745705127716,-0.12962499260902405,0.1914999932050705,0.14900000393390656,-0.19599999487400055,0.0008336600149050355,0.00022840000747237355,0.0,0.00013703999866265804,0.09300000220537186,0.012000000104308128,0.10499999672174454,0.008999999612569809,0.01600000075995922,-0.0002500000118743628,0.009750000201165676,-0.9463494420051575,0.005809390917420387,0.8605388402938843,-0.3068043291568756,0.0
382,4382,-0.21828005251668497,-0.3815756085741401,-0.09928005251668498,0.14642439142585995,0.1769085391725034,0.17048884805069264,0.6504721641540527,0.5611334443092346,-1.0,0.8860465288162231,0.3084745705127716,-0.1432500034570694,0.19200000166893005,0.15812499821186066,-0.19837500154972076,0.00010848999954760075,0.00021127000218257308,0.0002169799990952015,7.423000351991504e-05,0.02800000086426735,0.025499999523162842,0.05350000038743019,0.0010000000474974513,0.014999999664723873,0.013749999925494194,0.003000000026077032,0.6664683818817139,0.5726363658905029,0.5603014826774597,0.13097380101680756,0.0
383,4383,-0.2171470074072977,-0.38298755744310775,-0.0981470074072977,0.14501244255689227,0.1751040934967659,0.17359315018957794,0.6551626920700073,0.5566515326499939,-1.0,0.8860465288162231,0.3084745705127716,-0.1340000033378601,0.19200000166893005,0.16300000250339508,-0.19875000417232513,0.0006281000096350908,0.0006852000369690359,0.00044538002111949027,0.00011420000373618677,0.11500000208616257,0.04899999871850014,0.164000004529953,0.007249999791383743,0.036249998956918716,0.02500000037252903,0.008500000461935997,0.9221790432929993,-0.59651780128479,0.8206766843795776,0.7815108299255371,0.0
384,4384,-0.2220501641920749,-0.3820457926557429,-0.10305016419207491,0.14595420734425713,0.17866719615392188,0.16751674517174248,0.657797634601593,0.554258406162262,-1.0,0.8860465288162231,0.3084745705127716,-0.1185000017285347,0.18449999392032623,0.17137500643730164,-0.19900000095367432,0.0010677700629457831,0.00048534999950788915,0.0008450800087302923,0.0007365900091826916,0.13600000739097595,0.13850000500679016,0.2745000123977661,0.01075000036507845,0.028999999165534973,0.039000000804662704,0.03824999928474426,0.03399554640054703,-0.9316765666007996,-0.5246610641479492,0.8264368176460266,0.0
385,4385,-0.21789825202463692,-0.3861346344010431,-0.09889825202463692,0.1418653655989569,0.17293538160265037,0.17739900533520783,0.6463949680328369,0.5558545589447021,-1.0,0.8860465288162231,0.3084745705127716,-0.11524999886751175,0.17412500083446503,0.17137500643730164,-0.19425000250339508,0.00042254000436514616,0.0002169799990952015,0.0003140500048175454,0.0015759600792080164,0.0560000017285347,0.1655000001192093,0.2214999943971634,0.005499999970197678,0.014999999664723873,0.019500000402331352,0.05950000137090683,0.8588153719902039,0.013738428242504597,0.6684384346008301,-0.26320940256118774,0.0
386,4386,-0.21397706067397804,-0.3898345259253577,-0.09497706067397804,0.1381654740746423,0.16766138577662765,0.18700613451617715,0.6560505628585815,0.5489243268966675,-1.0,0.8860465288162231,0.3084745705127716,-0.10300000011920929,0.16899999976158142,0.17399999499320984,-0.19425000250339508,0.0013418500311672688,0.00041112001053988934,0.0008393700118176639,0.0011134500382468104,0.1535000056028366,0.17100000381469727,0.3244999945163727,0.013000000268220901,0.025750000029802322,0.039250001311302185,0.04975000023841858,0.7302384972572327,0.8095488548278809,0.6494402289390564,-0.7830063700675964,0.0
387,4387,-0.20778582564745318,-0.39174166502774327,-0.08878582564745319,0.13625833497225676,0.1626322744270389,0.19665138360160964,0.6651695966720581,0.5426533222198486,-1.0,0.8860465288162231,0.3084745705127716,-0.09212499856948853,0.16837500035762787,0.17775000631809235,-0.19437499344348907,0.0021526701748371124,0.001347560086287558,0.0013418500311672688,0.0003026300109922886,0.30649998784065247,0.14399999380111694,0.4505000114440918,0.01850000023841858,0.0572500005364418,0.0560000017285347,0.020749999210238457,0.09022369980812073,-0.6720906496047974,-0.12343721091747284,-0.8364146947860718,-0.0032119637
388,4388,-0.2100702267258121,-0.3910376579119817,-0.09107022672581211,0.13696234208801833,0.16447634889590107,0.19305821779465512,0.6795678734779358,0.5394209027290344,-1.0,0.8860465288162231,0.3084745705127716,-0.09062500298023224,0.1678750067949295,0.18825000524520874,-0.20724999904632568,0.0019927900284528732,0.0005995500250719488,0.0005710000405088067,0.00020556000526994467,0.22699999809265137,0.06800000369548798,0.29499998688697815,0.017500000074505806,0.033250000327825546,0.030500000342726707,0.015250000171363354,0.7569446563720703,-0.29755687713623047,0.5820443630218506,0.9263157844543457,-0.046197847
389,4389,-0.21348387327832646,-0.3889702791882137,-0.09448387327832647,0.13902972081178633,0.16809659597587961,0.1861940332012311,0.6742553114891052,0.540614128112793,-1.0,0.8860465288162231,0.3084745705127716,-0.08425000309944153,0.16124999523162842,0.1926250010728836,-0.20724999904632568,0.002084149979054928,0.0006623599911108613,0.0009136000298894942,0.00107919005677104,0.24050000309944153,0.1745000034570694,0.41499999165534973,0.01850000023841858,0.03550000116229057,0.04349999874830246,0.04975000023841858,-0.7160803079605103,-0.13990209996700287,-0.9088284373283386,0.7033748030662537,0.0
390,4390,-0.21353602154057866,-0.388981991068569,-0.09453602154057866,0.13901800893143101,0.16811622817556962,0.18615748280476294,0.666316568851471,0.5441181659698486,-1.0,0.8860465288162231,0.3084745705127716,-0.08974999934434891,0.16124999523162842,0.19037500023841858,-0.20424999296665192,0.0001884299999801442,0.0005424499977380037,0.00019985000835731626,0.002049890113994479,0.06400000303983688,0.19699999690055847,0.26100000739097595,0.002749999985098839,0.030500000342726707,0.014000000432133675,0.07000000029802322,-0.11695530265569687,0.13192252814769745,0.35201188921928406,-0.7090303897857666,0.0
391,4391,-0.2111926970816429,-0.3913066359711068,-0.0921926970816429,0.1366933640288932,0.1648774367969222,0.19228543544539434,0.666195273399353,0.5440983176231384,-1.0,0.8860465288162231,0.3084745705127716,-0.09149999916553497,0.16124999523162842,0.19037500023841858,-0.20424999296665192,0.00017130000924225897,0.0006623599911108613,0.0004510900180321187,0.0009592800051905215,0.0729999989271164,0.12349999696016312,0.1965000033378601,0.0020000000949949026,0.03525000065565109,0.027000000700354576,0.04349999874830246,0.535648763179779,-0.16731441020965576,-0.09470609575510025,-0.23775812983512878,0.0
392,4392,-0.21368948450560243,-0.3915036327855861,-0.09468948450560244,0.13649636721441394,0.1661245217861254,0.1899023629978736,0.6716448664665222,0.5401582717895508,-1.0,0.8860465288162231,0.3084745705127716,-0.0872500017285347,0.16124999523162842,0.19037500023841858,-0.20424999296665192,0.001416080049239099,0.0005024800193496048,0.0003825699968729168,0.0006281000096350908,0.1679999977350235,0.0885000005364418,0.2565000057220459,0.013500000350177288,0.028999999165534973,0.023499999195337296,0.03474999964237213,0.09809195250272751,-0.5152251124382019,-0.8168856501579285,0.7488548755645752,0.0
393,4393,-0.21900118116477535,-0.38827276944257394,-0.10000118116477535,0.13972723055742609,0.1718253042878095,0.1793792421953972,0.6658384203910828,0.539824366569519,-1.0,0.8860465288162231,0.3084745705127716,-0.08474999666213989,0.15524999797344208,0.1822499930858612,-0.19687500596046448,0.0011819700011983514,0.00033117999555543065,0.00014275001012720168,0.0010620600078254938,0.13249999284744263,0.1054999977350235,0.23800000548362732,0.012000000104308128,0.02174999937415123,0.00925000011920929,0.04800000041723251,-0.7833585739135742,-0.43529149889945984,0.2145717293024063,-0.8214590549468994,0.0
394,4394,-0.21752508221038852,-0.3912228739190168,-0.09852508221038853,0.13677712608098325,0.1685680101429005,0.1853183538106197,0.6534855961799622,0.5453003644943237,-1.0,0.8860465288162231,0.3084745705127716,-0.09399999678134918,0.15262499451637268,0.1822499930858612,-0.19699999690055847,0.0001256200048374012,0.0001541700039524585,0.00026837000041268766,0.000245530012762174,0.02449999935925007,0.04500000178813934,0.06949999928474426,0.0012499999720603228,0.01075000036507845,0.017249999567866325,0.017500000074505806,0.8341912031173706,0.08880370855331421,0.9372679591178894,0.9378409385681152,0.0
395,4395,-0.21209001661279503,-0.3938456516330595,-0.09309001661279503,0.1341543483669405,0.16328851882091677,0.19536509513545122,0.6569184064865112,0.540300190448761,-1.0,0.8860465288162231,0.3084745705127716,-0.0833749994635582,0.14862500131130219,0.18587499856948853,-0.19699999690055847,0.0010906100505962968,0.0003197600017301738,0.0010278000263497233,0.0012105200439691544,0.12349999696016312,0.19599999487400055,0.31949999928474426,0.011250000447034836,0.02199999988079071,0.04500000178813934,0.05249999836087227,0.3922068774700165,0.9276159405708313,-0.3335093855857849,0.10069949924945831,0.0
396,4396,-0.2203654278489337,-0.389114774784711,-0.10136542784893371,0.138885225215289,0.17194201274295626,0.17917001357047388,0.6695581078529358,0.5358548164367676,-1.0,0.8860465288162231,0.3084745705127716,-0.07762499898672104,0.148499995470047,0.1860000044107437,-0.19699999690055847,0.0014275000430643559,0.0013646900188177824,0.0005881300312466919,0.0013646900188177824,0.24449999630451202,0.17100000381469727,0.4154999852180481,0.01425000000745058,0.05700000002980232,0.032249998301267624,0.05624999850988388,-0.9534092545509338,-0.9674025774002075,-0.0633762776851654,-0.5276975035667419,0.0
397,4397,-0.21811896038038325,-0.39023577717079067,-0.09911896038038326,0.13776422282920936,0.16971608467857144,0.18320292755140216,0.6503129601478577,0.5438732504844666,-1.0,0.8860465288162231,0.3084745705127716,-0.08912499994039536,0.14862500131130219,0.18587499856948853,-0.19699999690055847,0.00013133000175002962,0.0002969200140796602,0.0005881300312466919,0.0007080400246195495,0.03750000149011612,0.11349999904632568,0.1509999930858612,0.001500000013038516,0.020500000566244125,0.030249999836087227,0.0364999994635582,0.2899226248264313,0.7251790165901184,0.9196903705596924,-0.5819075107574463,0.0
398,4398,-0.22303774382646424,-0.38704896331816024,-0.10403774382646425,0.14095103668183978,0.17518860374518186,0.17344650815961918,0.6555373072624207,0.5419732332229614,-1.0,0.8860465288162231,0.3084745705127716,-0.08675000071525574,0.14862500131130219,0.18787500262260437,-0.1978749930858612,0.0006452300003729761,0.0009592800051905215,0.0015588300302624702,0.0002169799990952015,0.1404999941587448,0.15549999475479126,0.29600000381469727,0.007499999832361937,0.04749999940395355,0.060499999672174454,0.016499999910593033,-0.7746444940567017,-0.464430034160614,-0.9793714880943298,0.8232523202896118,0.0
399,4399,-0.2151607890815843,-0.3910850657701164,-0.09616078908158432,0.1369149342298836,0.16730988187183177,0.18766462501311595,0.6440982818603516,0.5473746657371521,-1.0,0.8860465288162231,0.3084745705127716,-0.09775000065565109,0.14887499809265137,0.18774999678134918,-0.1977500021457672,9.13600015337579e-05,0.0005139000131748617,0.00041112001053988934,0.0010563500691205263,0.05299999937415123,0.12849999964237213,0.18150000274181366,0.0005000000237487257,0.029750000685453415,0.024250000715255737,0.04699999839067459,0.37324967980384827,0.3665878474712372,-0.6336197853088379,-0.4844941198825836,0.0
400,4400,-0.22069430091282294,-0.387319625330367,-0.10169430091282294,0.140680374669633,0.1735877261079714,0.1762455191139812,0.6624167561531067,0.5405337810516357,-1.0,0.8860465288162231,0.3084745705127716,-0.09337499737739563,0.14887499809265137,0.1837500035762787,-0.19762499630451202,0.00044538002111949027,0.000925020023714751,0.00013703999866265804,0.00047964000259526074,0.11999999731779099,0.05400000140070915,0.17399999499320984,0.005499999970197678,0.04324999824166298,0.008500000461935997,0.028750000521540642,-0.45471692085266113,0.5368397831916809,0.8140420913696289,0.8512192964553833,0.0
