step,action_count,cube_x,cube_y,dist_to_goal_x,dist_to_goal_y,dist_to_goal,distance_reward,obs_cube_x_norm,obs_cube_y_norm,obs_cube_yaw_norm,obs_goal_x_norm,obs_goal_y_norm,obs_motor_16_pos_delta_norm,obs_motor_17_pos_delta_norm,obs_motor_18_pos_delta_norm,obs_motor_19_pos_delta_norm,obs_motor_16_current_norm,obs_motor_17_current_norm,obs_motor_18_current_norm,obs_motor_19_current_norm,obs_horizontal_tension_norm,obs_vertical_tension_norm,obs_total_tension_norm,obs_motor_16_target_error_norm,obs_motor_17_target_error_norm,obs_motor_18_target_error_norm,obs_motor_19_target_error_norm,action_m16,action_m17,action_m18,action_m19,total_safety_penalty
1,401,-0.13607249824017897,-0.2909153329699972,-0.01707249824017898,0.2370846670300028,0.23769856864711705,0.09282997485227522,0.7650648355484009,0.744314968585968,-1.0,0.8860465288162231,0.3084745705127716,0.0,0.0,0.0,0.0,0.0,0.0,0.0,0.0,0.0,0.0,0.0,-0.0002500000118743628,0.0,0.0,0.0,0.7558672428131104,0.7961752414703369,-0.8276907801628113,-0.42855873703956604,-0.19874996
2,402,-0.1320463999650962,-0.29119968413146097,-0.013046399965096211,0.23680031586853906,0.23715943613419463,0.09333180297219136,0.8463430404663086,0.7103130221366882,-1.0,0.8860465288162231,0.3084745705127716,0.013124999590218067,0.00937500037252903,0.0037499999161809683,0.003000000026077032,0.00013703999866265804,0.00016558999777771533,0.0,7.423000351991504e-05,0.026499999687075615,0.006500000134110451,0.032999999821186066,0.0017500000540167093,0.010999999940395355,0.0,0.001500000013038516,0.47604405879974365,0.13231949508190155,-0.9536709785461426,-0.6872729063034058,-0.13844053
3,403,-0.1292853139280631,-0.29282600869616665,-0.010285313928063117,0.23517399130383337,0.23539879750834392,0.09498958973875367,0.8557060360908508,0.7098310589790344,-1.0,0.8860465288162231,0.3084745705127716,0.0215000007301569,0.00937500037252903,0.007499999832361937,-0.00925000011920929,0.00020556000526994467,0.00022840000747237355,0.0,6.28100024187006e-05,0.03799999877810478,0.005499999970197678,0.04349999874830246,0.002749999985098839,0.01575000025331974,0.0,0.0002500000118743628,-0.3881451189517975,-0.5666330456733704,-0.7960703372955322,-0.9399298429489136,-0.11952845
4,404,-0.13620498004534398,-0.28811544636981834,-0.017204980045343987,0.23988455363018168,0.2405007492892947,0.09026481926262275,0.8621271848678589,0.7070745825767517,-1.0,0.8860465288162231,0.3084745705127716,0.01549999974668026,0.006500000134110451,0.011250000447034836,-0.026624999940395355,9.13600015337579e-05,7.423000351991504e-05,2.2840000383439474e-05,5.7100001868093386e-05,0.014499999582767487,0.007000000216066837,0.0215000007301569,0.0002500000118743628,0.0005000000237487257,0.0,0.0,-0.4756406545639038,0.2950149476528168,0.08733313530683517,0.8751500248908997,0.0
5,405,-0.13110418625451414,-0.29519151352105655,-0.012104186254514149,0.23280848647894348,0.23312293473937817,0.09717621030759249,0.8460349440574646,0.7150585651397705,-1.0,0.8860465288162231,0.3084745705127716,0.006624999921768904,0.009499999694526196,0.012875000014901161,-0.010625000111758709,7.423000351991504e-05,9.707000572234392e-05,0.0,6.28100024187006e-05,0.014999999664723873,0.005499999970197678,0.020500000566244125,0.0002500000118743628,0.005499999970197678,0.0,0.000750000006519258,-0.6891074180603027,-0.8492101430892944,0.6690070629119873,0.9858384132385254,0.0
6,406,-0.1316685253606057,-0.293057067806306,-0.012668525360605698,0.234942932193694,0.23528423857662673,0.09509847115278551,0.8578972220420837,0.7030652165412903,-1.0,0.8860465288162231,0.3084745705127716,-0.006000000052154064,-0.004000000189989805,0.023499999195337296,0.005750000011175871,0.0,7.423000351991504e-05,9.13600015337579e-05,8.565000462112948e-05,0.006500000134110451,0.01549999974668026,0.02199999988079071,-0.0002500000118743628,0.000750000006519258,0.0037499999161809683,0.004749999847263098,0.20939558744430542,0.2200327068567276,-0.9590297937393188,-0.666492223739624,0.0
7,407,-0.1392092489597741,-0.2896305037648945,-0.020209248959774107,0.2383694962351055,0.23922464438033159,0.09142407397397297,0.8565848469734192,0.7066829204559326,-1.0,0.8860465288162231,0.3084745705127716,-0.0022499999031424522,0.000375000003259629,0.007499999832361937,-0.0042500002309679985,9.13600015337579e-05,6.851999933132902e-05,0.0,0.0,0.014000000432133675,0.0,0.014000000432133675,0.0,0.0002500000118743628,0.0,0.0,0.8878912925720215,0.9846940636634827,-0.6941126585006714,0.8068171143531799,-0.107293524
8,408,-0.13557025969604336,-0.29127234962879756,-0.016570259696043366,0.23672765037120247,0.23730687717945428,0.09319429498284841,0.8390482664108276,0.7124906778335571,-1.0,0.8860465288162231,0.3084745705127716,0.013375000096857548,0.011874999850988388,0.010874999687075615,0.00937500037252903,0.0001484600070398301,0.00021127000218257308,7.423000351991504e-05,8.565000462112948e-05,0.03150000050663948,0.014000000432133675,0.045499999076128006,0.0020000000949949026,0.014000000432133675,0.000750000006519258,0.003000000026077032,0.27174121141433716,0.15512657165527344,0.9038980007171631,0.04944893345236778,0.0
9,409,-0.14101165464524068,-0.29210515018237126,-0.022011654645240686,0.23589484981762876,0.2369195920786269,0.0935559224147169,0.8475110530853271,0.7097078561782837,-1.0,0.8860465288162231,0.3084745705127716,0.018124999478459358,0.011749999597668648,0.020749999210238457,0.008999999612569809,0.0001884299999801442,0.0003140500048175454,0.0002169799990952015,9.13600015337579e-05,0.04399999976158142,0.027000000700354576,0.07100000232458115,0.0024999999441206455,0.019999999552965164,0.014750000089406967,0.005499999970197678,0.7052480578422546,-0.9649759531021118,-0.8813491463661194,0.7742480039596558,0.0
10,410,-0.14574663693572365,-0.29198515467908526,-0.026746636935723656,0.23601484532091477,0.23752555609707923,0.09299072137469805,0.8348566293716431,0.7082963585853577,-1.0,0.8860465288162231,0.3084745705127716,0.03112499974668026,0.0013749999925494194,0.011250000447034836,0.022624999284744263,0.00019985000835731626,9.13600015337579e-05,7.994000043254346e-05,0.00010278000263497233,0.025499999523162842,0.01600000075995922,0.04149999842047691,0.002749999985098839,0.004749999847263098,0.000750000006519258,0.007249999791383743,0.8963239192962646,0.40773266553878784,-0.6084747314453125,0.7801159620285034,0.0
11,411,-0.14143538025917052,-0.2929560189025455,-0.022435380259170523,0.2350439810974545,0.2361123023849332,0.09431424655208111,0.8238450288772583,0.7084997296333313,-1.0,0.8860465288162231,0.3084745705127716,0.04612499848008156,0.0010000000474974513,-0.0001250000059371814,0.0351249985396862,0.000559579988475889,0.0003368900215718895,6.851999933132902e-05,0.0001541700039524585,0.07850000262260437,0.019500000402331352,0.09799999743700027,0.0062500000931322575,0.020749999210238457,0.000750000006519258,0.011500000022351742,-0.022057248279452324,0.4490945339202881,-0.994284451007843,-0.68769371509552,0.0
12,412,-0.13779968547437765,-0.2935283748587953,-0.01879968547437766,0.23447162514120473,0.2352240871388242,0.09515569145820504,0.8338711857795715,0.7068542242050171,-1.0,0.8860465288162231,0.3084745705127716,0.04612499848008156,0.0017500000540167093,-0.0182499997317791,0.02787500061094761,0.0004739300056826323,0.0007251700153574347,0.0,6.851999933132902e-05,0.10499999672174454,0.006000000052154064,0.11100000143051147,0.005499999970197678,0.035999998450279236,-0.0002500000118743628,0.0002500000118743628,-0.36187484860420227,-0.5369748473167419,0.8410713076591492,-0.7258744239807129,0.0
13,413,-0.13493195709404843,-0.291902407264061,-0.015931957094048432,0.236097592735939,0.23663452950182887,0.09382299582021059,0.842326283454895,0.7058840990066528,-1.0,0.8860465288162231,0.3084745705127716,0.041749998927116394,0.0020000000949949026,-0.002624999964609742,0.014499999582767487,0.00010278000263497233,0.00022840000747237355,0.0,6.851999933132902e-05,0.028999999165534973,0.006000000052154064,0.03500000014901161,0.000750000006519258,0.01549999974668026,0.0,0.0,-0.6220757961273193,0.490031361579895,0.45915502309799194,-0.5052909255027771,0.0
14,414,-0.13157224206937645,-0.2920933808239596,-0.01257224206937646,0.23590661917604044,0.23624138977266532,0.09419257730167166,0.8489954471588135,0.7086399793624878,-1.0,0.8860465288162231,0.3084745705127716,0.029874999076128006,0.009750000201165676,0.005874999798834324,0.004999999888241291,0.00011420000373618677,0.0002969200140796602,0.0,6.28100024187006e-05,0.035999998450279236,0.005499999970197678,0.04149999842047691,0.0012499999720603228,0.0182499997317791,0.0,0.0002500000118743628,0.8777087330818176,0.43146011233329773,-0.5686109066009521,-0.8341678380966187,-0.092233315
15,415,-0.13217500596474302,-0.2912045938963854,-0.013175005964743025,0.2367954061036146,0.23716164347117089,0.09332974284753076,0.8568087220191956,0.7083163261413574,-1.0,0.8860465288162231,0.3084745705127716,0.04349999874830246,0.010374999605119228,0.009624999947845936,-0.010874999687075615,0.0006223900127224624,0.0006223900127224624,0.0,6.851999933132902e-05,0.10899999737739563,0.006000000052154064,0.11500000208616257,0.006750000175088644,0.032999999821186066,0.0,0.000750000006519258,-0.29036831855773926,0.8239233493804932,-0.9713267683982849,0.2807755768299103,-0.14055923
16,416,-0.13709290913953853,-0.2909460736157864,-0.018092909139538538,0.23705392638421363,0.2377433855553163,0.09278838064897844,0.8554069399833679,0.7098227143287659,-1.0,0.8860465288162231,0.3084745705127716,0.04050000011920929,0.016124999150633812,0.013375000096857548,-0.008249999955296516,0.0001598800008650869,0.001330430037342012,0.0,9.707000572234392e-05,0.13050000369548798,0.008500000461935997,0.13899999856948853,0.0020000000949949026,0.05225000157952309,0.0,0.006000000052154064,0.8542846441268921,0.8614605665206909,-0.6127008199691772,0.9768178462982178,-0.09752411
17,417,-0.13659553002625047,-0.29093754957651075,-0.017595530026250472,0.23706245042348928,0.2377145516742591,0.09281513899783952,0.843970000743866,0.7102608680725098,-1.0,0.8860465288162231,0.3084745705127716,0.0507499985396862,0.01587500050663948,0.016374999657273293,0.00774999987334013,0.0015017300611361861,0.0027122499886900187,7.423000351991504e-05,0.0001484600070398301,0.36899998784065247,0.019500000402331352,0.38850000500679016,0.013500000350177288,0.08500000089406967,0.001500000013038516,0.010499999858438969,-0.36059287190437317,0.3377801179885864,-0.6127843260765076,-0.023278992623090744,-0.083778016
18,418,-0.1320571870307931,-0.29204106158649973,-0.013057187030793116,0.2359589384135003,0.23631993303651544,0.09411862442345831,0.8451266884803772,0.7102753520011902,-1.0,0.8860465288162231,0.3084745705127716,0.04899999871850014,0.01587500050663948,0.006000000052154064,0.00774999987334013,0.00026266000350005925,0.001878590090200305,-7.423000351991504e-05,0.0001256200048374012,0.1875,0.017500000074505806,0.20499999821186066,0.0035000001080334187,0.06624999642372131,-0.0005000000237487257,0.009750000201165676,-0.2928834557533264,-0.4992639720439911,-0.7632893323898315,-0.9645037055015564,0.0
19,419,-0.13619576683792822,-0.2898889226633698,-0.017195766837928228,0.23811107733663023,0.23873118679291797,0.09187632792674261,0.8556809425354004,0.7084049582481384,-1.0,0.8860465288162231,0.3084745705127716,0.0442500002682209,0.016124999150633812,-0.008500000461935997,-0.005625000223517418,0.0001827200030675158,0.00107919005677104,0.0,5.7100001868093386e-05,0.11050000041723251,0.004999999888241291,0.11550000309944153,0.0022499999031424522,0.04724999889731407,0.0,0.0005000000237487257,0.041451722383499146,-0.8250709176063538,-0.9016672372817993,0.5157936215400696,-0.13220008
20,420,-0.13832445889598688,-0.28730331989832836,-0.019324458895986885,0.24069668010167167,0.241471171205983,0.08939310616182325,0.846056342124939,0.7120527029037476,-1.0,0.8860465288162231,0.3084745705127716,0.0442500002682209,0.016124999150633812,-0.004749999847263098,0.001500000013038516,0.0002969200140796602,0.000245530012762174,7.423000351991504e-05,9.13600015337579e-05,0.04749999940395355,0.014499999582767487,0.06199999898672104,0.0037499999161809683,0.016499999910593033,0.0,0.005499999970197678,-0.9091933369636536,0.9684168100357056,-0.7943045496940613,0.09464487433433533,0.0
21,421,-0.1379728351597977,-0.28710213105415205,-0.018972835159797696,0.24089786894584797,0.2416438530909731,0.08923887366516857,0.8411059379577637,0.7164350748062134,-1.0,0.8860465288162231,0.3084745705127716,0.02800000086426735,0.025875000283122063,-0.019500000402331352,0.003375000087544322,0.00016558999777771533,0.0006338100065477192,0.0,9.13600015337579e-05,0.07000000029802322,0.00800000037997961,0.07800000160932541,0.0022499999031424522,0.033250000327825546,-0.0002500000118743628,0.005249999929219484,-0.46230006217956543,-0.7696582674980164,-0.02064703404903412,-0.16270723938941956,-0.026477646
22,422,-0.14289102840997508,-0.2851267856388656,-0.02389102840997509,0.2428732143611344,0.24404544554774174,0.08712124973491049,0.8419236540794373,0.7167760729789734,-1.0,0.8860465288162231,0.3084745705127716,0.020124999806284904,0.025750000029802322,-0.01587500050663948,0.003000000026077032,0.00010278000263497233,9.13600015337579e-05,6.851999933132902e-05,0.0,0.017000000923871994,0.006000000052154064,0.023000000044703484,0.000750000006519258,0.004749999847263098,0.0,0.0,-0.3855946362018585,0.4960165023803711,-0.9516065120697021,0.7706794738769531,0.0
23,423,-0.1367871571163532,-0.2852969407548791,-0.017787157116353203,0.24270305924512092,0.24335397659627941,0.08772575369696707,0.830485999584198,0.7201240658760071,-1.0,0.8860465288162231,0.3084745705127716,0.012875000014901161,0.02850000001490116,-0.03362499922513962,0.01587500050663948,0.00010848999954760075,0.0002512400096748024,2.8550000934046693e-05,7.423000351991504e-05,0.03150000050663948,0.008999999612569809,0.04050000011920929,0.0010000000474974513,0.017750000581145287,0.0,0.003000000026077032,-0.6600207090377808,0.49656450748443604,-0.49885353446006775,-0.9205543398857117,-0.08386243
24,424,-0.13623586838694318,-0.28506322258041406,-0.017235868386943187,0.24293677741958597,0.24354743476798413,0.08755620511342513,0.8446810245513916,0.7198356986045837,-1.0,0.8860465288162231,0.3084745705127716,0.0006249999860301614,0.038874998688697815,-0.029874999076128006,-0.0001250000059371814,0.00010278000263497233,0.00022840000747237355,0.0,6.28100024187006e-05,0.028999999165534973,0.005499999970197678,0.03449999913573265,0.000750000006519258,0.01549999974668026,0.0,0.0005000000237487257,-0.9452463388442993,-0.9189066886901855,-0.8295423984527588,-0.43851447105407715,-0.1235451
25,425,-0.15012839014692064,-0.27735088364651517,-0.031128390146920648,0.25064911635348486,0.252574654710091,0.07999856778940795,0.8459631204605103,0.720231831073761,-1.0,0.8860465288162231,0.3084745705127716,-0.016750000417232513,0.029500000178813934,-0.026125000789761543,-0.00800000037997961,8.565000462112948e-05,7.423000351991504e-05,0.0,0.0,0.014000000432133675,0.0,0.014000000432133675,0.0002500000118743628,0.0,0.0,0.0,-0.6012400388717651,0.22424156963825226,-0.8349117040634155,0.5731750130653381,-0.12418942
26,426,-0.1411376878818963,-0.283589553859267,-0.022137687881896295,0.24441044614073304,0.24541096839275223,0.08593967486448041,0.813654899597168,0.7333036065101624,-1.0,0.8860465288162231,0.3084745705127716,-0.02800000086426735,0.03312499821186066,-0.02237500064074993,0.0024999999441206455,9.13600015337579e-05,7.423000351991504e-05,2.8550000934046693e-05,6.28100024187006e-05,0.014499999582767487,0.00800000037997961,0.02250000089406967,0.0002500000118743628,0.0010000000474974513,0.0,0.0002500000118743628,0.23268680274486542,0.6912174224853516,0.4645388126373291,0.7819592356681824,0.0
27,427,-0.13784502494505924,-0.2856598252071496,-0.01884502494505924,0.24234017479285042,0.24307179039084154,0.0879736532772257,0.8345634937286377,0.7227295637130737,-1.0,0.8860465288162231,0.3084745705127716,-0.024125000461935997,0.04112499952316284,-0.01587500050663948,0.013624999672174454,0.00010278000263497233,0.00016558999777771533,9.707000572234392e-05,0.00010278000263497233,0.023499999195337296,0.017500000074505806,0.04100000113248825,0.0010000000474974513,0.01075000036507845,0.0042500002309679985,0.007249999791383743,0.5242775082588196,-0.9490549564361572,-0.9117243885993958,-0.7402582168579102,0.0
28,428,-0.15608983586552622,-0.2778341086569653,-0.03708983586552622,0.25016589134303474,0.2529004332064039,0.07973837371648437,0.8422208428382874,0.7192206382751465,-1.0,0.8860465288162231,0.3084745705127716,-0.014375000260770321,0.02824999950826168,-0.030750000849366188,0.0035000001080334187,0.00010848999954760075,7.423000351991504e-05,0.0,-6.28100024187006e-05,0.01600000075995922,0.005499999970197678,0.0215000007301569,0.0010000000474974513,0.0010000000474974513,0.0,-0.0002500000118743628,-0.07060442864894867,-0.46118298172950745,-0.046024151146411896,0.6279573440551758,-0.029522901
29,429,-0.1493698781087776,-0.2840655101703381,-0.030369878108777615,0.24393448982966193,0.24581774717216706,0.08559080055842104,0.7997910976409912,0.7324845790863037,-1.0,0.8860465288162231,0.3084745705127716,-0.015124999918043613,0.020124999806284904,-0.027000000700354576,0.014999999664723873,0.0,7.423000351991504e-05,0.0,6.28100024187006e-05,0.006500000134110451,0.005499999970197678,0.012000000104308128,0.0,0.0,0.0,0.0002500000118743628,0.50115567445755,0.39901092648506165,-0.9304981827735901,0.6349205374717712,-0.13565978
30,430,-0.14203028747978597,-0.2845487331724319,-0.02303028747978597,0.24345126682756812,0.24453816360917852,0.08669304339341019,0.8154188990592957,0.7219228744506836,-1.0,0.8860465288162231,0.3084745705127716,-0.0062500000931322575,0.023250000551342964,-0.023250000551342964,0.026249999180436134,0.00010848999954760075,0.00011991000064881518,0.0,7.423000351991504e-05,0.019999999552965164,0.006500000134110451,0.026499999687075615,0.0010000000474974513,0.008500000461935997,0.0,0.001500000013038516,-0.12532605230808258,0.8681389093399048,-0.3922501504421234,-0.6830570697784424,-0.07107002
31,431,-0.14500973166540926,-0.28510957687253197,-0.026009731665409264,0.24289042312746806,0.24427906948477404,0.08691795121076328,0.8324877023696899,0.721103847026825,-1.0,0.8860465288162231,0.3084745705127716,-0.008375000208616257,0.035875000059604645,-0.019375000149011612,0.01425000000745058,0.00010278000263497233,0.00022269001055974513,0.0,6.28100024187006e-05,0.02850000001490116,0.005499999970197678,0.03400000184774399,0.000750000006519258,0.01575000025331974,-0.0002500000118743628,0.0,0.7259122729301453,-0.523467481136322,-0.7878861427307129,0.9582651853561401,-0.11854634
32,432,-0.14985515617845946,-0.2849317196659009,-0.030855156178459464,0.2430682803340991,0.2450188351277781,0.0862773345226774,0.8255587816238403,0.720153272151947,-1.0,0.8860465288162231,0.3084745705127716,0.0037499999161809683,0.030500000342726707,-0.017249999567866325,0.026125000789761543,0.00025695000658743083,0.00011420000373618677,9.13600015337579e-05,0.00016558999777771533,0.032499998807907104,0.02250000089406967,0.054999999701976776,0.0035000001080334187,0.007000000216066837,0.003000000026077032,0.012000000104308128,0.5273454785346985,-0.4094947278499603,-0.9950760006904602,0.4873369336128235,0.0
33,433,-0.15005587200426457,-0.28705809755624173,-0.031055872004264573,0.2409419024437583,0.24293510972925014,0.08809397846044711,0.8142903447151184,0.7204546928405762,-1.0,0.8860465288162231,0.3084745705127716,0.013249999843537807,0.022624999284744263,-0.03437500074505806,0.038750000298023224,0.00032546999864280224,0.00011420000373618677,0.0,9.13600015337579e-05,0.03849999979138374,0.00800000037997961,0.04650000110268593,0.0042500002309679985,0.007499999832361937,0.0,0.004999999888241291,-0.9161921143531799,-0.39129406213760376,-0.604619026184082,0.6877301931381226,-0.09655429
34,434,-0.1557923908399319,-0.28572697914397094,-0.03679239083993191,0.2422730208560291,0.24505080423949685,0.08624975683362185,0.8138235807418823,0.7168506979942322,-1.0,0.8860465288162231,0.3084745705127716,-0.0017500000540167093,0.01837499998509884,-0.032625000923871994,0.04874999821186066,9.13600015337579e-05,7.994000043254346e-05,9.13600015337579e-05,0.0001541700039524585,0.014999999664723873,0.0215000007301569,0.0364999994635582,0.0,0.001500000013038516,0.004000000189989805,0.01075000036507845,0.9647870659828186,0.2297568917274475,-0.9214503169059753,0.5275503396987915,0.0
35,435,-0.15068152548064512,-0.286049653971518,-0.03168152548064512,0.24195034602848203,0.2440157556390221,0.08714711979464072,0.8004828095436096,0.7191067934036255,-1.0,0.8860465288162231,0.3084745705127716,0.01412499975413084,0.017999999225139618,-0.047874998301267624,0.06037500128149986,0.00032546999864280224,0.00016558999777771533,0.0,0.00010278000263497233,0.0430000014603138,0.008999999612569809,0.052000001072883606,0.0042500002309679985,0.01075000036507845,0.0,0.007249999791383743,-0.5247976779937744,0.8877784013748169,0.8917995691299438,-0.7240945100784302,0.0
36,436,-0.1499410760258842,-0.28601323612908774,-0.030941076025884195,0.24198676387091228,0.24395684879575774,0.08719847053497272,0.8123685717582703,0.7185599207878113,-1.0,0.8860465288162231,0.3084745705127716,0.006124999839812517,0.0253749992698431,-0.036375001072883606,0.048624999821186066,9.707000572234392e-05,0.0005024800193496048,0.0001541700039524585,7.994000043254346e-05,0.05249999836087227,0.020500000566244125,0.0729999989271164,0.000750000006519258,0.029249999672174454,0.010250000283122063,0.0037499999161809683,0.7409158945083618,-0.4433499276638031,-0.9749178290367126,-0.33630701899528503,0.0
37,437,-0.14954471298816474,-0.28302744930126955,-0.030544712988164746,0.24497255069873047,0.2468694596084567,0.0846953485087191,0.8140905499458313,0.7186216115951538,-1.0,0.8860465288162231,0.3084745705127716,0.017249999567866325,0.0253749992698431,-0.0494999997317791,0.04387500137090683,0.0005253200070001185,0.0001827200030675158,0.0,6.28100024187006e-05,0.06199999898672104,0.005499999970197678,0.06750000268220901,0.0062500000931322575,0.012749999761581421,0.0,0.000750000006519258,-0.9569464325904846,0.898463249206543,-0.9883713126182556,-0.40243449807167053,-0.14260456
38,438,-0.14912766156118534,-0.28393972520396427,-0.030127661561185348,0.24406027479603576,0.24591277666006256,0.0855095026935551,0.8150122761726379,0.7236822843551636,-1.0,0.8860465288162231,0.3084745705127716,0.0017500000540167093,0.0364999994635582,-0.045875001698732376,0.036375001072883606,0.0001256200048374012,0.0004054100136272609,5.139000131748617e-05,6.28100024187006e-05,0.04650000110268593,0.009999999776482582,0.05649999901652336,0.001500000013038516,0.024000000208616257,0.0002500000118743628,0.000750000006519258,0.9905887842178345,0.991435170173645,-0.592766284942627,-0.065651535987854,0.0
39,439,-0.15216571787971195,-0.28189365289813406,-0.03316571787971195,0.24610634710186596,0.24833102691025294,0.08346647129828604,0.8159821629524231,0.7221360802650452,-1.0,0.8860465288162231,0.3084745705127716,0.015625,0.039374999701976776,-0.05662500113248825,0.03525000065565109,0.0010848999954760075,0.001416080049239099,0.0,6.851999933132902e-05,0.21899999678134918,0.006000000052154064,0.22499999403953552,0.01075000036507845,0.05525000020861626,-0.0002500000118743628,0.000750000006519258,-0.06826893240213394,-0.8637007474899292,-0.8762909173965454,0.7052367329597473,-0.12915492
40,440,-0.15218035263420826,-0.28492107853160853,-0.033180352634208266,0.2430789214683915,0.2453330345941346,0.08600667702289432,0.8089169263839722,0.7256039977073669,-1.0,0.8860465288162231,0.3084745705127716,0.015625,0.039374999701976776,-0.05287500098347664,0.042374998331069946,0.0007594299968332052,0.0003825699968729168,0.0,0.00016558999777771533,0.10000000149011612,0.014499999582767487,0.1145000010728836,0.008249999955296516,0.023000000044703484,-0.0002500000118743628,0.012749999761581421,0.19251315295696259,-0.7850475907325745,0.7679769992828369,0.45614713430404663,0.0
41,441,-0.15036122671713914,-0.2884235909614049,-0.031361226717139146,0.23957640903859512,0.2416203267712219,0.08925987075775414,0.8088828921318054,0.7204727530479431,-1.0,0.8860465288162231,0.3084745705127716,0.019999999552965164,0.029999999329447746,-0.04087499901652336,0.05062500014901161,0.0005538699915632606,0.00017701000615488738,9.707000572234392e-05,0.00017701000615488738,0.06400000303983688,0.024000000208616257,0.08799999952316284,0.006500000134110451,0.012500000186264515,0.0044999998062849045,0.013249999843537807,0.5014328956604004,-0.7387339472770691,-0.7129769325256348,-0.49993085861206055,0.0
42,442,-0.1499150626151612,-0.2911204559311024,-0.030915062615161193,0.2368795440688976,0.23888838292137218,0.09173201535288245,0.8131134510040283,0.7145363092422485,-1.0,0.8860465288162231,0.3084745705127716,0.030124999582767487,0.017249999567866325,-0.051874998956918716,0.04774999991059303,0.0003939900198020041,0.00014275001012720168,0.0,6.28100024187006e-05,0.04699999839067459,0.005499999970197678,0.05249999836087227,0.004999999888241291,0.010499999858438969,0.0,0.0005000000237487257,0.8504270911216736,-0.6859985589981079,0.7583069801330566,0.2750711143016815,0.0
43,443,-0.1500260621324001,-0.2919631857597475,-0.031026062132400112,0.23603681424025252,0.2380672052344275,0.09248839957351777,0.8141509890556335,0.7099653482437134,-1.0,0.8860465288162231,0.3084745705127716,0.04600000008940697,0.004124999977648258,-0.0377499982714653,0.04962500184774399,0.00041683000745251775,0.00016558999777771533,0.0,0.00010278000263497233,0.050999999046325684,0.008999999612569809,0.05999999865889549,0.004999999888241291,0.011250000447034836,0.0,0.007000000216066837,0.7564765810966492,0.3073599934577942,-0.9314069747924805,0.31730592250823975,-0.13576885
44,444,-0.1532663384613272,-0.2907905417165131,-0.034266338461327206,0.23720945828348694,0.23967166927004863,0.09101629771784904,0.8138929009437561,0.7085369825363159,-1.0,0.8860465288162231,0.3084745705127716,0.05662500113248825,0.0036249998956918716,-0.03400000184774399,0.051874998956918716,0.0013418500311672688,0.0003825699968729168,0.0,0.00019985000835731626,0.1509999930858612,0.017500000074505806,0.16850000619888306,0.012000000104308128,0.023749999701976776,0.0,0.01425000000745058,-0.8686984777450562,-0.14902521669864655,-0.5705611705780029,0.214531809091568,-0.092467345
45,445,-0.15880811247669824,-0.2889881813586459,-0.03980811247669824,0.23901181864135412,0.2423042204940001,0.08865151074379077,0.8063573241233826,0.7105244994163513,-1.0,0.8860465288162231,0.3084745705127716,0.045499999076128006,0.003874999936670065,-0.030625000596046448,0.05887499824166298,0.0001541700039524585,0.00026266000350005925,7.423000351991504e-05,0.00011420000373618677,0.0364999994635582,0.016499999910593033,0.05299999937415123,0.0017500000540167093,0.017750000581145287,0.000750000006519258,0.008249999955296516,-0.36361366510391235,-0.19460448622703552,-0.8476099967956543,0.7790974378585815,0.0
46,446,-0.15967364584012989,-0.29407844742745826,-0.04067364584012989,0.23392155257254177,0.2374313337027713,0.09307838074975726,0.7934694886207581,0.7135793566703796,-1.0,0.8860465288162231,0.3084745705127716,0.038874998688697815,0.004000000189989805,-0.04637499898672104,0.0728750005364418,0.00011420000373618677,0.0001484600070398301,7.994000043254346e-05,0.00011420000373618677,0.023000000044703484,0.017000000923871994,0.03999999910593033,0.001500000013038516,0.010250000283122063,0.0005000000237487257,0.00925000011920929,0.9176055192947388,-0.8554157614707947,0.259701132774353,0.9569937586784363,0.0
47,447,-0.15907993087990907,-0.29486265669624895,-0.040079930879909076,0.23313734330375108,0.2365574384839111,0.09389535280951565,0.7914566397666931,0.7049517631530762,-1.0,0.8860465288162231,0.3084745705127716,0.054749999195337296,-0.012749999761581421,-0.04399999976158142,0.08662500232458115,0.00032546999864280224,0.00017130000924225897,9.707000572234392e-05,0.00025695000658743083,0.04349999874830246,0.03099999949336052,0.07450000196695328,0.004000000189989805,0.011749999597668648,0.005249999929219484,0.017500000074505806,-0.13540968298912048,0.5057819485664368,0.1602342575788498,0.6047885417938232,0.0
48,448,-0.1619521565859997,-0.2903047171245462,-0.04295215658599971,0.23769528287545383,0.24154489283905436,0.08932722839017572,0.792837381362915,0.7036226391792297,-1.0,0.8860465288162231,0.3084745705127716,0.05387499928474426,-0.012749999761581421,-0.04412499815225601,0.09125000238418579,0.00010278000263497233,0.000559579988475889,0.00017130000924225897,0.0005652900435961783,0.057999998331069946,0.06449999660253525,0.12250000238418579,0.000750000006519258,0.030500000342726707,0.011500000022351742,0.030750000849366188,-0.7617143392562866,0.8332558870315552,-0.9402828216552734,-0.7759720683097839,0.0
49,449,-0.15964777857272022,-0.2889835644974025,-0.04064777857272023,0.23901643550259755,0.24244813536767873,0.08852401979531277,0.7861577868461609,0.7113479375839233,-1.0,0.8860465288162231,0.3084745705127716,0.039124999195337296,-0.000750000006519258,-0.05649999901652336,0.09049999713897705,0.00013703999866265804,0.000770850048866123,7.423000351991504e-05,7.423000351991504e-05,0.0794999971985817,0.013000000268220901,0.0925000011920929,0.0017500000540167093,0.03750000149011612,0.0010000000474974513,0.0032500000670552254,0.20752903819084167,0.6613541841506958,-0.8110318779945374,-0.6770343780517578,0.0
50,450,-0.15389269819635726,-0.2893599345011648,-0.034892698196357264,0.2386400654988352,0.24117748910026912,0.08965602360012681,0.7915167808532715,0.7135871648788452,-1.0,0.8860465288162231,0.3084745705127716,0.04075000062584877,0.0062500000931322575,-0.07112500071525574,0.07862500101327896,0.0005424499977380037,0.0011077399831265211,0.0,6.851999933132902e-05,0.1445000022649765,0.006000000052154064,0.15049999952316284,0.0062500000931322575,0.048250000923871994,0.0,0.0017500000540167093,-0.0063886516727507114,0.770274817943573,-0.9971573352813721,-0.8976950645446777,-0.14365889
51,451,-0.15233062210581455,-0.2890170372013367,-0.033330622105814556,0.23898296279866332,0.24129605649075145,0.08954978378786661,0.8049007058143616,0.712949275970459,-1.0,0.8860465288162231,0.3084745705127716,0.04075000062584877,0.011749999597668648,-0.06750000268220901,0.06162500008940697,0.0005481599946506321,0.0018386200536042452,5.7100001868093386e-05,7.423000351991504e-05,0.20900000631809235,0.011500000022351742,0.22050000727176666,0.0062500000931322575,0.06599999964237213,0.0002500000118743628,0.0022499999031424522,-0.1799761950969696,0.3195219039916992,-0.981373131275177,-0.3498077988624573,-0.01799803
52,452,-0.14512374941089795,-0.2902063736869255,-0.026123749410897956,0.23779362631307455,0.23922428597114787,0.09142440164683746,0.8085334300994873,0.713530421257019,-1.0,0.8860465288162231,0.3084745705127716,0.03962500020861626,0.014499999582767487,-0.08574999868869781,0.05587499961256981,0.00017130000924225897,0.0018957200227305293,0.0,6.28100024187006e-05,0.1809999942779541,0.005499999970197678,0.18649999797344208,0.0020000000949949026,0.06674999743700027,0.0,0.000750000006519258,0.6903486847877502,-0.9636192917823792,0.010110391303896904,-0.9772793054580688,-0.022786755
53,453,-0.1491995126381122,-0.2889905829334788,-0.030199512638112214,0.23900941706652123,0.24090975905939924,0.08989638132009226,0.8252936005592346,0.7115145921707153,-1.0,0.8860465288162231,0.3084745705127716,0.04737500101327896,0.014499999582767487,-0.08187499642372131,0.03674999997019768,0.001347560086287558,0.0005710000405088067,0.0,7.994000043254346e-05,0.1679999977350235,0.007000000216066837,0.17499999701976776,0.012249999679625034,0.030750000849366188,-0.0002500000118743628,0.0024999999441206455,-0.8142334222793579,-0.7045736312866211,-0.7618501782417297,0.5339418053627014,-0.11542203
54,454,-0.14200921124419957,-0.29304097949222213,-0.02300921124419958,0.2349590205077779,0.2360829623671615,0.09434192242863573,0.8158150911331177,0.7135753035545349,-1.0,0.8860465288162231,0.3084745705127716,0.03737499937415123,0.012249999679625034,-0.078125,0.045249998569488525,0.00014275001012720168,0.00013703999866265804,0.0,9.13600015337579e-05,0.02449999935925007,0.00800000037997961,0.032499998807907104,0.0017500000540167093,0.008999999612569809,-0.0002500000118743628,0.005499999970197678,0.8408279418945312,-0.28150394558906555,0.8350480198860168,-0.9121443033218384,0.0
55,455,-0.13992030015816576,-0.29308933255809566,-0.02092030015816576,0.23491066744190436,0.23584037109178052,0.09457106552968336,0.8325366973876953,0.7067102193832397,-1.0,0.8860465288162231,0.3084745705127716,0.05050000175833702,0.005249999929219484,-0.06262499839067459,0.030625000596046448,0.0006509399972856045,0.00017701000615488738,0.0,6.851999933132902e-05,0.07249999791383743,0.006000000052154064,0.07850000262260437,0.007000000216066837,0.012500000186264515,0.0,0.000750000006519258,0.12210862338542938,0.8522440195083618,-0.9890047311782837,-0.3895595371723175,-0.14268059
56,456,-0.14532140428051443,-0.2925814831225919,-0.026321404280514438,0.2354185168774081,0.2368854035436898,0.09358791328223022,0.837394654750824,0.7066282629966736,-1.0,0.8860465288162231,0.3084745705127716,0.051874998956918716,0.0062500000931322575,-0.05874999985098839,0.023375000804662704,0.0008450800087302923,0.0009193100268021226,0.0,6.851999933132902e-05,0.15449999272823334,0.006000000052154064,0.16050000488758087,0.008750000037252903,0.042249999940395355,-0.0002500000118743628,0.000750000006519258,0.5447514057159424,0.8807862997055054,-0.8418902158737183,0.9409871697425842,-0.177874
57,457,-0.13989037741447818,-0.29256725538549344,-0.02089037741447819,0.23543274461450658,0.23635774813878815,0.09408304009792352,0.8248339295387268,0.707489013671875,-1.0,0.8860465288162231,0.3084745705127716,0.05999999865889549,0.006000000052154064,-0.055125001817941666,0.03487500175833702,0.0014275000430643559,0.001513150054961443,6.851999933132902e-05,0.00017130000924225897,0.2574999928474426,0.020999999716877937,0.2784999907016754,0.012749999761581421,0.05925000086426735,0.0,0.013000000268220901,-0.6908101439476013,0.46311262249946594,0.7158390879631042,-0.9938887357711792,0.0
58,458,-0.1349997824444722,-0.2913817309026644,-0.0159997824444722,0.23661826909733563,0.23715859315843812,0.09333258973997963,0.8374642133712769,0.707513153553009,-1.0,0.8860465288162231,0.3084745705127716,0.05225000157952309,0.011500000022351742,-0.041749998927116394,0.02199999988079071,0.00019414001144468784,0.001781520084477961,0.0,6.851999933132902e-05,0.17299999296665192,0.006000000052154064,0.17900000512599945,0.0024999999441206455,0.06549999862909317,0.0,0.001500000013038516,-0.19956231117248535,-0.5205342769622803,-0.9562366604804993,-0.9870913624763489,0.0
59,459,-0.14212799582611446,-0.2900735551677125,-0.023127995826114467,0.23792644483228753,0.23904789758846307,0.091585805977678,0.8488377332687378,0.7095224857330322,-1.0,0.8860465288162231,0.3084745705127716,0.048875000327825546,0.011874999850988388,-0.05950000137090683,0.0037499999161809683,0.00016558999777771533,0.0010049600386992097,0.0,6.28100024187006e-05,0.10249999910593033,0.005499999970197678,0.1080000028014183,0.0020000000949949026,0.045249998569488525,-0.0002500000118743628,0.0010000000474974513,-0.8914868235588074,-0.7270473837852478,-0.3469521999359131,0.9640083909034729,-0.065634266
60,460,-0.14400642587082774,-0.288947532126579,-0.025006425870827742,0.23905246787342105,0.24035682584691911,0.09039482502970615,0.8322604894638062,0.711739718914032,-1.0,0.8860465288162231,0.3084745705127716,0.032749999314546585,0.012374999932944775,-0.05575000122189522,0.020999999716877937,0.00010278000263497233,0.000245530012762174,0.0,7.423000351991504e-05,0.030500000342726707,0.006500000134110451,0.03700000047683716,0.0010000000474974513,0.017000000923871994,-0.0002500000118743628,0.0024999999441206455,-0.153970867395401,0.4586910903453827,-0.8870794773101807,0.30237823724746704,-0.13044955
61,461,-0.13708243860669134,-0.2899401610784728,-0.018082438606691342,0.2380598389215272,0.23874559994544034,0.09186308660573539,0.827892005443573,0.71364825963974,-1.0,0.8860465288162231,0.3084745705127716,0.029750000685453415,0.016124999150633812,-0.0521249994635582,0.025624999776482582,0.00011420000373618677,0.00043967002420686185,1.1420000191719737e-05,9.13600015337579e-05,0.048500001430511475,0.008999999612569809,0.057500001043081284,0.0012499999720603228,0.026499999687075615,0.0,0.0044999998062849045,0.20546184480190277,0.799912691116333,-0.5076582431793213,-0.9407280683517456,-0.08491899
62,462,-0.1378704982410947,-0.29091095868135586,-0.018870498241094713,0.23708904131864417,0.23783883033949885,0.09269986122962581,0.8439943194389343,0.711965799331665,-1.0,0.8860465288162231,0.3084745705127716,0.03125,0.022749999538064003,-0.048374999314546585,0.009999999776482582,0.0004682200087700039,0.000925020023714751,0.0,6.851999933132902e-05,0.12200000137090683,0.006000000052154064,0.12800000607967377,0.005750000011175871,0.0430000014603138,0.0,0.0005000000237487257,0.9034108519554138,-0.8658453226089478,-0.8188929557800293,0.4367326498031616,-0.12226717
63,463,-0.14098556197025208,-0.2920557984667035,-0.021985561970252088,0.23594420153329654,0.23696630809533378,0.0935122270215396,0.8421616554260254,0.7103204131126404,-1.0,0.8860465288162231,0.3084745705127716,0.04612499848008156,0.016625000163912773,-0.04475000128149986,0.014375000260770321,0.000982120051048696,0.0003654400061350316,2.2840000383439474e-05,0.00010848999954760075,0.11800000071525574,0.011500000022351742,0.12950000166893005,0.009750000201165676,0.023000000044703484,0.0002500000118743628,0.00800000037997961,0.7098900079727173,-0.3984721004962921,0.7637006640434265,0.38905805349349976,0.0
64,464,-0.13385160289542578,-0.2955046771696712,-0.01485160289542578,0.2324953228303288,0.23296919377149897,0.09732572485697565,0.8349173069000244,0.7083799839019775,-1.0,0.8860465288162231,0.3084745705127716,0.05900000035762787,0.007249999791383743,-0.030375000089406967,0.020874999463558197,0.0011248700320720673,0.0004568000149447471,0.0,0.00013703999866265804,0.13850000500679016,0.012000000104308128,0.15049999952316284,0.010499999858438969,0.027000000700354576,0.0,0.009499999694526196,0.06047946587204933,-0.8612561225891113,-0.9290141463279724,-0.9256646037101746,-0.1354817
65,465,-0.13625365145625223,-0.29512859437287897,-0.01725365145625224,0.23287140562712105,0.2335097001139888,0.09680109225474293,0.8515079021453857,0.7025344371795654,-1.0,0.8860465288162231,0.3084745705127716,0.06237500160932541,-0.0011249999515712261,-0.026624999940395355,0.008124999701976776,0.0005253200070001185,0.0001598800008650869,0.0,6.851999933132902e-05,0.05999999865889549,0.006000000052154064,0.06599999964237213,0.006000000052154064,0.011500000022351742,0.0,0.0005000000237487257,-0.00982687994837761,0.8530552387237549,-0.3571775257587433,0.3430922329425812,-0.06686131
66,466,-0.13035868321117747,-0.29643782302468935,-0.011358683211177473,0.23156217697531067,0.2318405949997476,0.09843036353647608,0.8459217548370361,0.7031718492507935,-1.0,0.8860465288162231,0.3084745705127716,0.06237500160932541,-0.0005000000237487257,-0.023000000044703484,0.011749999597668648,0.00048534999950788915,0.0009193100268021226,6.851999933132902e-05,9.707000572234392e-05,0.12300000339746475,0.014499999582767487,0.13750000298023224,0.005750000011175871,0.041999999433755875,0.0002500000118743628,0.006000000052154064,0.3830595016479492,-0.5284669399261475,-0.9892427325248718,-0.8711129426956177,0.0
67,467,-0.12864964098052323,-0.29716934393487693,-0.009649640980523233,0.2308306560651231,0.23103226473916613,0.09922923034179588,0.8596309423446655,0.7009528279304504,-1.0,0.8860465288162231,0.3084745705127716,0.06662499904632568,-0.0006249999860301614,-0.04137500002980232,-0.0018749999580904841,0.0011991000501438975,0.0003654400061350316,0.0,6.851999933132902e-05,0.13699999451637268,0.006000000052154064,0.14300000667572021,0.011500000022351742,0.02250000089406967,0.0,0.000750000006519258,0.4366401135921478,0.11478724330663681,-0.7023921608924866,-0.24252785742282867,-0.108287066
68,468,-0.13150319106765795,-0.29591677226247515,-0.01250319106765796,0.23208322773752488,0.23241978053500997,0.09786191687804953,0.8636054992675781,0.6997129917144775,-1.0,0.8860465288162231,0.3084745705127716,0.07349999994039536,-0.0012499999720603228,-0.03762499988079071,-0.0062500000931322575,0.0015930900117382407,0.0004739300056826323,0.0,6.28100024187006e-05,0.1809999942779541,0.005499999970197678,0.18649999797344208,0.014000000432133675,0.02800000086426735,0.0,0.0005000000237487257,0.037738166749477386,0.848383903503418,-0.3136741518974304,0.4128683805465698,-0.0616409
69,469,-0.13499347352505214,-0.2957485991120715,-0.01599347352505215,0.2322514008879285,0.23280142699262354,0.09748914213220562,0.8569692969322205,0.7018359899520874,-1.0,0.8860465288162231,0.3084745705127716,0.07349999994039536,-0.0012499999720603228,-0.03400000184774399,-0.002749999985098839,0.0017986500170081854,0.0015474100364372134,6.851999933132902e-05,0.0001256200048374012,0.2930000126361847,0.017000000923871994,0.3100000023841858,0.015250000171363354,0.05974999815225601,0.0002500000118743628,0.008750000037252903,-0.5046672821044922,0.03953642025589943,-0.8840402960777283,0.49091675877571106,0.0
70,470,-0.13484321513648573,-0.29558550807316625,-0.015843215136485733,0.23241449192683378,0.23295386565470266,0.09734064420115258,0.8488523960113525,0.7021210193634033,-1.0,0.8860465288162231,0.3084745705127716,0.07000000029802322,-0.0012499999720603228,-0.05025000125169754,0.007249999791383743,0.00026266000350005925,0.0015873800730332732,0.0,0.00010278000263497233,0.16200000047683716,0.008999999612569809,0.17100000381469727,0.0035000001080334187,0.061000000685453415,-0.0002500000118743628,0.007000000216066837,0.21256260573863983,0.029058678075671196,0.9458448886871338,-0.016533514484763145,0.0
71,471,-0.13805186367916406,-0.2951076684564704,-0.01905186367916406,0.23289233154352962,0.23367030534800687,0.09664574941175438,0.8492017984390259,0.7023974657058716,-1.0,0.8860465288162231,0.3084745705127716,0.0703750029206276,-0.0012499999720603228,-0.032749999314546585,0.007375000044703484,0.001050640014000237,0.0016159299993887544,0.0,0.00010278000263497233,0.23350000381469727,0.008999999612569809,0.24250000715255737,0.010499999858438969,0.06199999898672104,0.0,0.0062500000931322575,0.23126564919948578,-0.8959891200065613,-0.9820147752761841,0.6628429889678955,-0.14184178
72,472,-0.13445248677714716,-0.29579061042622967,-0.015452486777147167,0.23220938957377035,0.2327229682558663,0.09756566089550031,0.84173983335495,0.7032073140144348,-1.0,0.8860465288162231,0.3084745705127716,0.0728750005364418,-0.0013749999925494194,-0.028999999165534973,0.017249999567866325,0.0015759600792080164,0.0004967700224369764,0.0,0.0001484600070398301,0.18150000274181366,0.013000000268220901,0.19449999928474426,0.014000000432133675,0.028750000521540642,0.0,0.011250000447034836,-0.8856496214866638,0.4616181552410126,-0.9726769924163818,-0.6664263010025024,-0.14072125
73,473,-0.13701602269390412,-0.2935902649555348,-0.01801602269390412,0.23440973504446522,0.23510104414341432,0.09527284593168436,0.8501104712486267,0.7020497918128967,-1.0,0.8860465288162231,0.3084745705127716,0.06237500160932541,-0.000750000006519258,-0.02525000087916851,0.010499999858438969,0.00017130000924225897,0.0009935400448739529,0.0,6.851999933132902e-05,0.10199999809265137,0.006000000052154064,0.1080000028014183,0.0020000000949949026,0.04475000128149986,0.0,0.0,-0.9122755527496338,-0.8367676138877869,0.4603195786476135,0.08430401980876923,0.0
74,474,-0.1429022922609215,-0.2918435399870851,-0.0239022922609215,0.2361564600129149,0.23736299876172356,0.09314200754356085,0.8441487550735474,0.7057791948318481,-1.0,0.8860465288162231,0.3084745705127716,0.04600000008940697,-0.000375000003259629,-0.016499999910593033,0.010625000111758709,0.00010848999954760075,0.0001827200030675158,0.0,7.994000043254346e-05,0.025499999523162842,0.007000000216066837,0.032499998807907104,0.000750000006519258,0.012749999761581421,-0.0002500000118743628,0.002749999985098839,-0.7274940013885498,-0.9063277840614319,-0.9464105367660522,0.20141789317131042,-0.13756928
75,475,-0.13754901917953793,-0.2986058210502727,-0.01854901917953794,0.2293941789497273,0.23014290223368256,0.10011567391644915,0.8304597735404968,0.7087397575378418,-1.0,0.8860465288162231,0.3084745705127716,0.032625000923871994,-0.011250000447034836,-0.012875000014901161,0.015375000424683094,7.994000043254346e-05,7.423000351991504e-05,0.0,6.851999933132902e-05,0.013500000350177288,0.006000000052154064,0.019500000402331352,0.0002500000118743628,0.000750000006519258,0.0,0.000750000006519258,0.8992598056793213,-0.8197924494743347,-0.2817021906375885,0.16366933286190033,-0.057804268
76,476,-0.13668994765066922,-0.2990940379694387,-0.017689947650669224,0.22890596203056135,0.22958848773625434,0.10067227122923496,0.8429092764854431,0.6972782611846924,-1.0,0.8860465288162231,0.3084745705127716,0.04924999922513962,-0.026875000447034836,-0.00912499986588955,0.01837499998509884,9.707000572234392e-05,7.994000043254346e-05,0.0,6.28100024187006e-05,0.01549999974668026,0.005499999970197678,0.020999999716877937,0.0005000000237487257,0.001500000013038516,0.0,0.000750000006519258,-0.785796582698822,-0.26514726877212524,0.21070846915245056,-0.48378634452819824,0.0
77,477,-0.12897489068032186,-0.30213053700053943,-0.009974890680321868,0.2258694629994606,0.2260896122331786,0.10425701584108889,0.8449071049690247,0.6964507699012756,-1.0,0.8860465288162231,0.3084745705127716,0.03487500175833702,-0.03087499924004078,-0.005249999929219484,0.009999999776482582,2.8550000934046693e-05,-6.851999933132902e-05,0.0,-6.851999933132902e-05,0.008500000461935997,0.006000000052154064,0.014499999582767487,0.0,-0.0002500000118743628,0.0,-0.0005000000237487257,0.786252498626709,0.3666289150714874,-0.8667872548103333,-0.9771310687065125,-0.12801448
78,478,-0.1277391652814,-0.2983566983306082,-0.008739165281400008,0.22964330166939184,0.22980952767767251,0.10044999105437226,0.8628491163253784,0.6913041472434998,-1.0,0.8860465288162231,0.3084745705127716,0.04899999871850014,-0.027499999850988388,-0.001500000013038516,-0.008624999783933163,9.707000572234392e-05,0.00010278000263497233,0.0,6.28100024187006e-05,0.017500000074505806,0.005499999970197678,0.023000000044703484,0.0010000000474974513,0.006500000134110451,0.0,0.0002500000118743628,-0.8751726746559143,0.49845367670059204,-0.4252936840057373,0.12303344160318375,-0.075035244
79,479,-0.13715557246819943,-0.29324732854726576,-0.018155572468199432,0.23475267145273426,0.2354536930392969,0.09493745900914605,0.8657228946685791,0.6977005004882812,-1.0,0.8860465288162231,0.3084745705127716,0.032875001430511475,-0.017249999567866325,0.0021250001154839993,-0.006500000134110451,9.13600015337579e-05,9.13600015337579e-05,7.423000351991504e-05,6.28100024187006e-05,0.01600000075995922,0.012000000104308128,0.02800000086426735,0.0005000000237487257,0.0044999998062849045,0.0002500000118743628,0.0005000000237487257,0.3620695471763611,0.928129255771637,-0.9016933441162109,0.8573122620582581,0.0
80,480,-0.1415074189721272,-0.29393109796273537,-0.022507418972127213,0.23406890203726466,0.2351485377579828,0.09522760815682667,0.8438242673873901,0.7063604593276978,-1.0,0.8860465288162231,0.3084745705127716,0.038874998688697815,-0.005499999970197678,-0.014499999582767487,0.008999999612569809,0.0001541700039524585,0.00022840000747237355,0.0,6.851999933132902e-05,0.03350000083446503,0.006000000052154064,0.039500001817941666,0.0020000000949949026,0.01575000025331974,-0.0002500000118743628,0.001500000013038516,-0.2078757882118225,-0.7862353324890137,-0.10354509204626083,0.40627381205558777,-0.03642541
81,481,-0.129748583105889,-0.29908775559574674,-0.010748583105888998,0.22891224440425328,0.22916445552697912,0.10110006042606458,0.8337036967277527,0.7052015066146851,-1.0,0.8860465288162231,0.3084745705127716,0.035875000059604645,-0.012749999761581421,-0.010874999687075615,0.016625000163912773,9.13600015337579e-05,6.851999933132902e-05,4.568000076687895e-05,6.28100024187006e-05,0.014000000432133675,0.009499999694526196,0.023499999195337296,0.0002500000118743628,0.0010000000474974513,0.0,0.0012499999720603228,0.8761802911758423,-0.13248276710510254,0.17312364280223846,-0.9924571514129639,0.0
82,482,-0.12418235519698781,-0.2990189808742135,-0.0051823551969878145,0.2289810191257865,0.22903965579189894,0.10122631179794467,0.8610498309135437,0.6964614391326904,-1.0,0.8860465288162231,0.3084745705127716,0.051249999552965164,-0.016124999150633812,-0.00774999987334013,-0.0013749999925494194,0.00017701000615488738,8.565000462112948e-05,0.0,6.28100024187006e-05,0.023000000044703484,0.005499999970197678,0.02850000001490116,0.0022499999031424522,0.003000000026077032,0.0,0.0002500000118743628,0.4306413531303406,0.892001211643219,-0.08331870287656784,-0.9760485887527466,-0.033998247
83,483,-0.12107498951469312,-0.29621872579272285,-0.0020749895146931208,0.23178127420727718,0.2317905620482316,0.09847962347461421,0.8739945292472839,0.6965780258178711,-1.0,0.8860465288162231,0.3084745705127716,0.058375000953674316,-0.011125000193715096,-0.004000000189989805,-0.019625000655651093,0.0003368900215718895,0.00044538002111949027,0.0,6.851999933132902e-05,0.06849999725818634,0.006000000052154064,0.07450000196695328,0.004000000189989805,0.026249999180436134,0.0,0.0002500000118743628,-0.6181581020355225,0.6589982509613037,-0.3105969727039337,-0.7835286855697632,-0.06127164
84,484,-0.1237153940598047,-0.29726989856706065,-0.004715394059804701,0.23073010143293937,0.23077828027869896,0.09948157749272653,0.8812209367752075,0.7013241648674011,-1.0,0.8860465288162231,0.3084745705127716,0.048250000923871994,0.0010000000474974513,-0.0002500000118743628,-0.03424999862909317,0.00013133000175002962,0.00044538002111949027,0.0,6.28100024187006e-05,0.05050000175833702,0.005499999970197678,0.0560000017285347,0.0012499999720603228,0.026499999687075615,0.0,0.0002500000118743628,0.8745057582855225,-0.868567168712616,-0.7334221601486206,0.47085779905319214,-0.112010665
85,485,-0.11904931125456056,-0.29903967672720344,-4.93112545605634e-05,0.22896032327279658,0.22896032858288648,0.10130664366418138,0.8750804662704468,0.6995425224304199,-1.0,0.8860465288162231,0.3084745705127716,0.06262499839067459,-0.007499999832361937,0.0035000001080334187,-0.026750000193715096,0.00043967002420686185,0.0001541700039524585,0.0,7.994000043254346e-05,0.052000001072883606,0.007000000216066837,0.05900000035762787,0.005249999929219484,0.010999999940395355,0.0,0.002749999985098839,0.8241472840309143,0.00042583278263919055,0.022878527641296387,-0.8508061766624451,-0.021254579
86,486,-0.11401217218086904,-0.2998515812057414,0.004987827819130958,0.22814841879425862,0.22820293474158854,0.10207684699856956,0.8859318494796753,0.6965429186820984,-1.0,0.8860465288162231,0.3084745705127716,0.0754999965429306,-0.008875000290572643,0.007249999791383743,-0.04125000163912773,0.0010677700629457831,0.0001884299999801442,0.0,6.851999933132902e-05,0.10999999940395355,0.006000000052154064,0.11599999666213989,0.010250000283122063,0.013749999925494194,0.0,0.0,0.7408336400985718,0.6275259256362915,-0.98287034034729,-0.39751681685447693,-0.14194445
87,487,-0.11581057853014684,-0.30077986212382296,0.0031894214698531542,0.22722013787617706,0.22724252125379454,0.10306192966652135,0.8976461291313171,0.695166826248169,-1.0,0.8860465288162231,0.3084745705127716,0.08662500232458115,-0.00937500037252903,0.010999999940395355,-0.048500001430511475,0.001850040047429502,0.0008108200272545218,0.0,0.0,0.2329999953508377,0.0,0.2329999953508377,0.01575000025331974,0.03824999928474426,0.0,-0.0002500000118743628,-0.17889930307865143,-0.9107812643051147,-0.32019034028053284,-0.3635472059249878,-0.13004851
88,488,-0.11021898514625902,-0.3022595268926498,0.00878101485374097,0.22574047310735024,0.2259111936593491,0.10444319576226066,0.8934637904167175,0.693593442440033,-1.0,0.8860465288162231,0.3084745705127716,0.08675000071525574,-0.015250000171363354,0.014624999836087227,-0.04612499848008156,0.0008850500453263521,0.00022269001055974513,5.7100001868093386e-05,7.423000351991504e-05,0.09700000286102295,0.011500000022351742,0.10849999636411667,0.008999999612569809,0.01600000075995922,0.0002500000118743628,0.0024999999441206455,-0.36465558409690857,0.23629571497440338,0.6811498403549194,-0.9415804743766785,0.0
89,489,-0.11582369096332351,-0.29975608053639097,0.0031763090366764835,0.22824391946360906,0.22826601961572582,0.10201247225561492,0.9064674973487854,0.6910855770111084,-1.0,0.8860465288162231,0.3084745705127716,0.08349999785423279,-0.015124999918043613,0.027499999850988388,-0.06262499839067459,0.0001598800008650869,0.0004054100136272609,0.0,6.851999933132902e-05,0.0494999997317791,0.006000000052154064,0.05550000071525574,0.0020000000949949026,0.02449999935925007,0.0,0.0002500000118743628,-0.9259234666824341,-0.6820336580276489,0.6492080688476562,0.7127386331558228,0.0
90,490,-0.11348144918818179,-0.30088871068481615,0.005518550811818207,0.22711128931518387,0.22717832673357677,0.10312811101792571,0.8934332728385925,0.6953286528587341,-1.0,0.8860465288162231,0.3084745705127716,0.06674999743700027,-0.017124999314546585,0.03962500020861626,-0.0494999997317791,0.00010848999954760075,7.994000043254346e-05,0.0,6.851999933132902e-05,0.016499999910593033,0.006000000052154064,0.02250000089406967,0.0010000000474974513,0.003000000026077032,0.0,0.0005000000237487257,0.07005684077739716,-0.03296642005443573,-0.9222427010536194,-0.9639686942100525,-0.13466914
91,491,-0.11448203860199016,-0.30424197419402,0.004517961398009834,0.22375802580598003,0.22380363287440966,0.10666775927091614,0.8988803625106812,0.6934089660644531,-1.0,0.8860465288162231,0.3084745705127716,0.06700000166893005,-0.017124999314546585,0.04324999824166298,-0.06724999845027924,0.00020556000526994467,7.994000043254346e-05,6.851999933132902e-05,5.7100000958598685e-06,0.02500000037252903,0.006500000134110451,0.03150000050663948,0.003000000026077032,0.0020000000949949026,0.0002500000118743628,0.0,0.20352359116077423,-0.8830125331878662,0.7812745571136475,0.24421294033527374,0.0
92,492,-0.11586539117195249,-0.30397524613491966,0.0031346088280475026,0.22402475386508036,0.22404668289625426,0.10640881806450733,0.8965533971786499,0.6877254843711853,-1.0,0.8860465288162231,0.3084745705127716,0.0716250017285347,-0.03350000083446503,0.058125000447034836,-0.06287500262260437,0.00011420000373618677,7.994000043254346e-05,0.0,6.28100024187006e-05,0.017000000923871994,0.005499999970197678,0.02250000089406967,0.0012499999720603228,0.0017500000540167093,-0.0002500000118743628,0.0002500000118743628,-0.9142081141471863,-0.9850854873657227,-0.977577269077301,0.8095681667327881,-0.14130928
93,493,-0.14798068903586892,-0.29168115721891197,-0.028980689035868923,0.23631884278108806,0.23808921813132644,0.09246804243815603,0.893336296081543,0.6881775259971619,-1.0,0.8860465288162231,0.3084745705127716,0.055125001817941666,-0.05112500116229057,0.06174999848008156,-0.04762500151991844,5.7100001868093386e-05,7.423000351991504e-05,0.0,0.0,0.011500000022351742,0.0,0.011500000022351742,0.0,0.0002500000118743628,0.0,0.0,0.11977213621139526,-0.023048222064971924,0.9133594632148743,0.749394416809082,-0.009627345
94,494,-0.12077400719960485,-0.31014284246425633,-0.0017740071996048545,0.2178571575357437,0.2178643802715306,0.11319494126138224,0.8186495900154114,0.7090150117874146,-1.0,0.8860465288162231,0.3084745705127716,0.05900000035762787,-0.051500000059604645,0.07900000363588333,-0.03375000134110451,7.994000043254346e-05,7.423000351991504e-05,-5.7100000958598685e-06,6.28100024187006e-05,0.013500000350177288,0.006000000052154064,0.019500000402331352,-0.0002500000118743628,0.0002500000118743628,-0.0002500000118743628,0.0002500000118743628,0.8284698128700256,-0.8654478192329407,-0.8989511132240295,0.9386639595031738,-0.13187414
95,495,-0.124368657195848,-0.30848259762617836,-0.005368657195848003,0.21951740237382167,0.21958304220735456,0.11126612528321211,0.8819209337234497,0.6777240037918091,-1.0,0.8860465288162231,0.3084745705127716,0.07450000196695328,-0.06750000268220901,0.08262500166893005,-0.016124999150633812,0.0,0.0,2.2840000383439474e-05,0.0,0.0,0.0020000000949949026,0.0020000000949949026,-0.0002500000118743628,0.0,0.0,0.0,0.9016402959823608,-0.6080490350723267,-0.15041710436344147,0.1654767096042633,-0.14315873
96,496,-0.12019145083025534,-0.3138305937065311,-0.0011914508302553473,0.21416940629346892,0.21417272036180957,0.11745180454609631,0.8735612630844116,0.6805379986763,-1.0,0.8860465288162231,0.3084745705127716,0.09049999713897705,-0.06674999743700027,0.08637499809265137,-0.013000000268220901,0.00011420000373618677,0.00010278000263497233,2.2840000383439474e-05,6.851999933132902e-05,0.01899999938905239,0.00800000037997961,0.027000000700354576,0.001500000013038516,0.006000000052154064,0.0,0.0012499999720603228,0.20259609818458557,-0.6806313395500183,-0.6882835030555725,-0.658729076385498,-0.10659402
97,497,-0.11727318789920396,-0.3129080133942401,0.0017268121007960324,0.2150919866057599,0.21509891813313206,0.11636899078913897,0.8832756876945496,0.6714735627174377,-1.0,0.8860465288162231,0.3084745705127716,0.09475000202655792,-0.07637500017881393,0.09012500196695328,-0.02449999935925007,9.13600015337579e-05,0.0,0.0,0.0,0.00800000037997961,0.0,0.00800000037997961,0.0005000000237487257,-0.0002500000118743628,0.0,-0.0002500000118743628,0.14517119526863098,0.7612095475196838,-0.7205687761306763,0.3642483055591583,-0.11046826
98,498,-0.12016281548681024,-0.31009645819079196,-0.0011628154868102425,0.21790354180920807,0.21790664439813132,0.11314711051643718,0.8900623321533203,0.6730372905731201,-1.0,0.8860465288162231,0.3084745705127716,0.09687499701976776,-0.06674999743700027,0.09387499839067459,-0.017999999225139618,0.00013133000175002962,0.00013703999866265804,0.0,3.425999966566451e-05,0.023499999195337296,0.003000000026077032,0.026499999687075615,0.001500000013038516,0.008999999612569809,0.0,0.0002500000118743628,-0.7403538823127747,0.3086663782596588,-0.8178168535232544,0.6157103776931763,-0.12213803
99,499,-0.12974407252505893,-0.3103305469750019,-0.010744072525058934,0.21766945302499813,0.21793445316109517,0.11311565007925517,0.8833422660827637,0.6778026223182678,-1.0,0.8860465288162231,0.3084745705127716,0.08375000208616257,-0.060750000178813934,0.09549999982118607,-0.010499999858438969,8.565000462112948e-05,0.00013133000175002962,9.707000572234392e-05,0.00010848999954760075,0.01899999938905239,0.017999999225139618,0.03700000047683716,0.0,0.008500000461935997,0.0042500002309679985,0.008249999955296516,0.9832844734191895,-0.6972509622573853,-0.8884609937667847,0.8846346139907837,0.0
100,500,-0.12718364290789475,-0.3134626646061691,-0.00818364290789475,0.2145373353938309,0.21469336340261902,0.11684188901853998,0.8610603213310242,0.677405834197998,-1.0,0.8860465288162231,0.3084745705127716,0.1014999970793724,-0.07074999809265137,0.08087500184774399,0.008999999612569809,0.00011420000373618677,8.565000462112948e-05,7.423000351991504e-05,7.423000351991504e-05,0.017500000074505806,0.013000000268220901,0.030500000342726707,0.0012499999720603228,0.0024999999441206455,0.0002500000118743628,0.0022499999031424522,0.6069802045822144,-0.5007336735725403,-0.6313736438751221,0.02962365187704563,0.0
101,501,-0.1209396310337924,-0.3185588507748605,-0.0019396310337924105,0.2094411492251395,0.20945013047810307,0.12313163350221495,0.8670147657394409,0.6720972061157227,-1.0,0.8860465288162231,0.3084745705127716,0.11275000125169754,-0.07987499982118607,0.06925000250339508,0.010125000029802322,0.00014275001012720168,8.565000462112948e-05,0.0,6.28100024187006e-05,0.019999999552965164,0.005499999970197678,0.025499999523162842,0.001500000013038516,0.0020000000949949026,0.0,0.0010000000474974513,0.7941977381706238,-0.6493648290634155,-0.9825909733772278,-0.9134323596954346,-0.14191093
102,502,-0.12306973210540606,-0.31866167305702675,-0.004069732105406065,0.20933832694297327,0.2093778828976283,0.12322062527154852,0.8815357685089111,0.6634595990180969,-1.0,0.8860465288162231,0.3084745705127716,0.1277499943971634,-0.09224999696016312,0.0729999989271164,-0.0063749998807907104,0.00013133000175002962,8.565000462112948e-05,0.0,-6.28100024187006e-05,0.01899999938905239,0.005499999970197678,0.02449999935925007,0.0012499999720603228,0.0024999999441206455,0.0,-0.0002500000118743628,0.5762935876846313,0.026946065947413445,-0.41259679198265076,0.4032617509365082,-0.07351162
103,503,-0.12896155829621442,-0.31595573555982354,-0.009961558296214423,0.2120442644401765,0.21227812587655934,0.11969825330876238,0.8765820264816284,0.6632853150367737,-1.0,0.8860465288162231,0.3084745705127716,0.13750000298023224,-0.09262499958276749,0.0768750011920929,0.0001250000059371814,0.00025695000658743083,9.13600015337579e-05,0.0,6.851999933132902e-05,0.030500000342726707,0.006000000052154064,0.0364999994635582,0.0032500000670552254,0.0042500002309679985,-0.0002500000118743628,0.0017500000540167093,-0.38966551423072815,0.9269983768463135,-0.6939715147018433,0.9637570977210999,-0.10727659
104,504,-0.13296226536484645,-0.3157350918015348,-0.01396226536484646,0.21226490819846522,0.21272361436056236,0.1191661973785992,0.8628801107406616,0.6678716540336609,-1.0,0.8860465288162231,0.3084745705127716,0.1313749998807907,-0.08500000089406967,0.07987499982118607,0.017124999314546585,0.00010848999954760075,0.0003882800228893757,7.423000351991504e-05,8.565000462112948e-05,0.04349999874830246,0.014000000432133675,0.057500001043081284,0.0010000000474974513,0.023749999701976776,0.0012499999720603228,0.0037499999161809683,0.6960609555244446,-0.08195391297340393,-0.572205662727356,0.9456138610839844,0.0
105,505,-0.12923881615351698,-0.3170208435806175,-0.010238816153516989,0.21097915641938253,0.21122745512754681,0.12096251784192265,0.853576123714447,0.6682456135749817,-1.0,0.8860465288162231,0.3084745705127716,0.14149999618530273,-0.08512499928474426,0.06949999928474426,0.03150000050663948,0.000616680015809834,0.0003368900215718895,7.423000351991504e-05,0.0001484600070398301,0.08349999785423279,0.019500000402331352,0.10300000011920929,0.006750000175088644,0.020999999716877937,0.000750000006519258,0.010250000283122063,0.44834598898887634,-0.01653793826699257,-0.965732753276825,-0.5958456993103027,0.0
106,506,-0.12407674605557381,-0.3192505783037885,-0.005076746055573816,0.20874942169621152,0.2088111453180015,0.12392094547522647,0.8622353076934814,0.6660663485527039,-1.0,0.8860465288162231,0.3084745705127716,0.148375004529953,-0.08524999767541885,0.052000001072883606,0.025499999523162842,0.0009764100541360676,0.0003882800228893757,0.0,6.851999933132902e-05,0.11949999630451202,0.006000000052154064,0.12549999356269836,0.009750000201165676,0.020749999210238457,-0.0002500000118743628,0.0,-0.8768423199653625,-0.7665047645568848,-0.9081581234931946,-0.744300901889801,-0.13297899
107,507,-0.12712992610037344,-0.31956543524719827,-0.008129926100373441,0.20843456475280175,0.20859305712819745,0.12419149733559458,0.8742401003837585,0.662287175655365,-1.0,0.8860465288162231,0.3084745705127716,0.1366250067949295,-0.09037499874830246,0.05575000122189522,0.011749999597668648,9.13600015337579e-05,8.565000462112948e-05,0.0,0.0,0.01549999974668026,0.0,0.01549999974668026,0.0005000000237487257,0.0024999999441206455,-0.0002500000118743628,-0.0002500000118743628,-0.08834029734134674,-0.44093310832977295,0.4332766532897949,-0.5807586312294006,-0.093691036
108,508,-0.12991283088904754,-0.31509089231802767,-0.010912830889047542,0.21290910768197235,0.2131885972840636,0.11861338115675012,0.8671396970748901,0.6617534756660461,-1.0,0.8860465288162231,0.3084745705127716,0.1352500021457672,-0.09812500327825546,0.06362500041723251,0.015124999918043613,8.565000462112948e-05,7.423000351991504e-05,0.0,6.851999933132902e-05,0.014000000432133675,0.006000000052154064,0.019999999552965164,0.0,0.001500000013038516,0.0,0.0005000000237487257,-0.7858198881149292,0.39425766468048096,0.05744212493300438,0.06907374411821365,-0.017106945
109,509,-0.13684595631359076,-0.3163368680902236,-0.01784595631359076,0.21166313190977643,0.2124141228040217,0.11953557800381713,0.8606678247451782,0.6693374514579773,-1.0,0.8860465288162231,0.3084745705127716,0.12037499994039536,-0.09300000220537186,0.06737499684095383,0.01587500050663948,9.707000572234392e-05,0.00010848999954760075,0.0,6.851999933132902e-05,0.017999999225139618,0.006000000052154064,0.024000000208616257,0.0005000000237487257,0.006000000052154064,0.0,0.001500000013038516,0.46104124188423157,-0.9808647632598877,-0.5879980325698853,0.5746507048606873,-0.094559774
110,510,-0.13575486367737438,-0.319823460826558,-0.016754863677374388,0.20817653917344203,0.20884969935118183,0.12387317816149523,0.8445442914962769,0.6672256588935852,-1.0,0.8860465288162231,0.3084745705127716,0.1289999932050705,-0.10875000059604645,0.07112500071525574,0.027249999344348907,0.00010278000263497233,7.423000351991504e-05,0.0,6.28100024187006e-05,0.01549999974668026,0.005499999970197678,0.020999999716877937,0.0005000000237487257,0.000750000006519258,0.0,0.0002500000118743628,0.3165587782859802,-0.2005341798067093,-0.41432973742485046,0.7309342622756958,-0.073719576
111,511,-0.13737062084862084,-0.32209109717208656,-0.018370620848620844,0.20590890282791346,0.20672676646762242,0.12653103503288618,0.84708172082901,0.6613161563873291,-1.0,0.8860465288162231,0.3084745705127716,0.13462500274181366,-0.11237499862909317,0.07412499934434891,0.03974999859929085,0.00010848999954760075,7.423000351991504e-05,7.423000351991504e-05,6.851999933132902e-05,0.01600000075995922,0.012500000186264515,0.02850000001490116,0.0010000000474974513,0.0005000000237487257,0.001500000013038516,0.0024999999441206455,0.2516227066516876,-0.4462740123271942,0.4529677927494049,0.7797138094902039,0.0
112,512,-0.1393626584039689,-0.3229419666697688,-0.020362658403968892,0.2050580333302312,0.20606657878107973,0.1273691408374368,0.8433241248130798,0.6574727296829224,-1.0,0.8860465288162231,0.3084745705127716,0.13975000381469727,-0.12137500196695328,0.07900000363588333,0.04975000023841858,9.13600015337579e-05,7.994000043254346e-05,0.00013703999866265804,0.0001598800008650869,0.014999999664723873,0.026000000536441803,0.04100000113248825,0.0,0.0020000000949949026,0.008500000461935997,0.011500000022351742,0.7913888096809387,0.7094886898994446,-0.9660376906394958,0.6302701234817505,0.0
113,513,-0.14124199212945543,-0.3201234007595067,-0.022241992129455435,0.20787659924049334,0.20906311660759158,0.12360909332477739,0.8386914730072021,0.656030535697937,-1.0,0.8860465288162231,0.3084745705127716,0.15337499976158142,-0.1172500029206276,0.06462500244379044,0.06162500008940697,0.0001827200030675158,0.0003197600017301738,6.851999933132902e-05,0.0001598800008650869,0.04399999976158142,0.019999999552965164,0.06400000303983688,0.0022499999031424522,0.020250000059604645,0.0012499999720603228,0.011250000447034836,-0.8638597726821899,0.40348654985427856,-0.76810622215271,-0.26606106758117676,0.0
114,514,-0.1371478954739606,-0.32008671640972747,-0.018147895473960618,0.20791328359027256,0.20870380831078023,0.12405402992107303,0.8343209624290466,0.6608077883720398,-1.0,0.8860465288162231,0.3084745705127716,0.1381250023841858,-0.10599999874830246,0.05087500065565109,0.06199999898672104,9.707000572234392e-05,0.00017701000615488738,5.7100000958598685e-06,6.851999933132902e-05,0.024000000208616257,0.006500000134110451,0.030500000342726707,0.0005000000237487257,0.012749999761581421,0.0,0.000750000006519258,-0.8288120627403259,-0.4488264322280884,-0.4297780394554138,-0.20321178436279297,-0.07557337
115,515,-0.1401709861376999,-0.32076383959856447,-0.02117098613769991,0.20723616040143555,0.208314754234961,0.12453760725940677,0.843842089176178,0.6608699560165405,-1.0,0.8860465288162231,0.3084745705127716,0.12287499755620956,-0.1081250011920929,0.05350000038743019,0.05849999934434891,9.13600015337579e-05,7.423000351991504e-05,8.565000462112948e-05,6.28100024187006e-05,0.014499999582767487,0.013000000268220901,0.027499999850988388,0.0,0.0002500000118743628,0.0022499999031424522,0.0002500000118743628,0.6940150260925293,-0.503693699836731,0.32367417216300964,0.3466864824295044,0.0
116,516,-0.1370128750945897,-0.31996204829122665,-0.01801287509458971,0.20803795170877337,0.20881631406658632,0.12391454047864142,0.8368116617202759,0.6597223281860352,-1.0,0.8860465288162231,0.3084745705127716,0.13562500476837158,-0.11787500232458115,0.05887499824166298,0.06237500160932541,9.707000572234392e-05,7.994000043254346e-05,9.13600015337579e-05,8.565000462112948e-05,0.01549999974668026,0.01549999974668026,0.03099999949336052,0.0005000000237487257,0.0010000000474974513,0.0035000001080334187,0.005499999970197678,0.11786489188671112,0.8699567914009094,-0.9799099564552307,-0.798987865447998,0.0
117,517,-0.13012814238758386,-0.3232594237815633,-0.011128142387583861,0.20474057621843672,0.20504277383818195,0.12867985050345784,0.8441560864448547,0.6610812544822693,-1.0,0.8860465288162231,0.3084745705127716,0.13725000619888306,-0.10687500238418579,0.042374998331069946,0.05025000125169754,0.00013133000175002962,0.00016558999777771533,0.0,6.851999933132902e-05,0.026000000536441803,0.006000000052154064,0.03200000151991844,0.001500000013038516,0.011500000022351742,0.0,0.0,0.2335754781961441,-0.9566006660461426,-0.44121435284614563,-0.5972194075584412,-0.07694573
118,518,-0.13222018362307397,-0.32597484112837094,-0.013220183623073978,0.20202515887162908,0.20245724998659537,0.1320502826365627,0.8601670861244202,0.6554924845695496,-1.0,0.8860465288162231,0.3084745705127716,0.1418749988079071,-0.11949999630451202,0.04612499848008156,0.039250001311302185,0.00011420000373618677,7.423000351991504e-05,0.0,0.0,0.016499999910593033,0.0,0.016499999910593033,0.0010000000474974513,0.0010000000474974513,0.0,-0.0002500000118743628,0.8885660171508789,-0.7770950794219971,-0.8954213261604309,-0.394452840089798,-0.20278491
119,519,-0.13425562165128901,-0.3287308870478158,-0.01525562165128902,0.19926911295218425,0.19985222883099812,0.13553541760074986,0.8553019165992737,0.6508901119232178,-1.0,0.8860465288162231,0.3084745705127716,0.15862500667572021,-0.13449999690055847,0.04987499862909317,0.042374998331069946,0.00010278000263497233,7.994000043254346e-05,0.0,6.851999933132902e-05,0.01600000075995922,0.006000000052154064,0.02199999988079071,0.000750000006519258,0.0020000000949949026,0.0,0.0010000000474974513,0.9166366457939148,-0.2501852810382843,0.41743701696395874,0.49138712882995605,0.0
120,520,-0.13870561032044598,-0.3317937340952885,-0.019705610320445988,0.19620626590471152,0.19719333117114188,0.13918750309735783,0.8505682945251465,0.6462188363075256,-1.0,0.8860465288162231,0.3084745705127716,0.17487500607967377,-0.13962499797344208,0.057750001549720764,0.05112500116229057,0.00017701000615488738,8.565000462112948e-05,0.0,6.851999933132902e-05,0.023000000044703484,0.006000000052154064,0.028999999165534973,0.0024999999441206455,0.003000000026077032,-0.0002500000118743628,0.0017500000540167093,0.9049752950668335,-0.9601796269416809,-0.42060139775276184,0.9753934741020203,-0.074472174
121,521,-0.14000130038086162,-0.33370671342897174,-0.02100130038086162,0.1942932865710283,0.19542501330244014,0.14167067103096187,0.8402194976806641,0.641027569770813,-1.0,0.8860465288162231,0.3084745705127716,0.19224999845027924,-0.15812499821186066,0.06137499958276749,0.06975000351667404,0.00014275001012720168,9.13600015337579e-05,0.0,6.851999933132902e-05,0.020500000566244125,0.006000000052154064,0.026499999687075615,0.001500000013038516,0.004000000189989805,0.0,0.0010000000474974513,0.8479499816894531,0.14969873428344727,-0.4372762143611908,0.8222622275352478,-0.076473154
122,522,-0.14017946244745533,-0.33364054687988487,-0.021179462447455333,0.19435945312011516,0.19551001674265545,0.14155029725498286,0.8372063040733337,0.6377852559089661,-1.0,0.8860465288162231,0.3084745705127716,0.20624999701976776,-0.15862500667572021,0.06499999761581421,0.08312500268220901,0.00041683000745251775,0.0001598800008650869,0.0,9.13600015337579e-05,0.05050000175833702,0.00800000037997961,0.05849999934434891,0.005249999929219484,0.010499999858438969,0.0002500000118743628,0.004999999888241291,-0.3247475028038025,0.17940697073936462,-0.5018075704574585,0.09970497339963913,-0.084216915
123,523,-0.13869121541609963,-0.33698718928567406,-0.01969121541609964,0.19101281071432596,0.19202509685338048,0.14657017301266725,0.8367919325828552,0.6378973722457886,-1.0,0.8860465288162231,0.3084745705127716,0.20250000059604645,-0.15850000083446503,0.06712500005960464,0.08362500369548798,0.00010278000263497233,0.000245530012762174,8.565000462112948e-05,0.00010278000263497233,0.030500000342726707,0.016499999910593033,0.04699999839067459,0.000750000006519258,0.016750000417232513,0.0035000001080334187,0.007499999832361937,0.8564106225967407,-0.9193688631057739,-0.2251131534576416,-0.20972703397274017,0.0
124,524,-0.14094751180376297,-0.3347465313649237,-0.021947511803762976,0.1932534686350763,0.194495749089446,0.14299330172625316,0.8402529954910278,0.6322250962257385,-1.0,0.8860465288162231,0.3084745705127716,0.21699999272823334,-0.17075000703334808,0.06475000083446503,0.08349999785423279,0.0002797899942379445,0.00010848999954760075,0.0,0.0,0.03400000184774399,0.0,0.03400000184774399,0.0037499999161809683,0.007000000216066837,0.0,0.0,-0.7127978801727295,0.5731680393218994,-0.7385202646255493,-0.3731670677661896,-0.18140249
125,525,-0.13604219765482128,-0.3372185809433149,-0.01704219765482129,0.1907814190566851,0.19154108269034215,0.14728131302971834,0.8350057601928711,0.6360228061676025,-1.0,0.8860465288162231,0.3084745705127716,0.20524999499320984,-0.16449999809265137,0.0677499994635582,0.08537500351667404,9.13600015337579e-05,0.00022269001055974513,7.994000043254346e-05,7.994000043254346e-05,0.027499999850988388,0.014000000432133675,0.04149999842047691,0.000750000006519258,0.01575000025331974,0.001500000013038516,0.0037499999161809683,0.7736966013908386,-0.6249431371688843,-0.9165897369384766,-0.6011084318161011,0.0
126,526,-0.1314229271927085,-0.3387694153007139,-0.012422927192708516,0.1892305846992861,0.18963792686503675,0.1501111485950296,0.8464134931564331,0.6318328976631165,-1.0,0.8860465288162231,0.3084745705127716,0.21812500059604645,-0.17149999737739563,0.051500000059604645,0.07599999755620956,0.0003197600017301738,0.00010278000263497233,0.0,6.851999933132902e-05,0.03700000047683716,0.006000000052154064,0.0430000014603138,0.004000000189989805,0.006500000134110451,-0.0002500000118743628,0.0,0.23857221007347107,-0.20182254910469055,0.23810677230358124,-0.3718756139278412,0.0
127,527,-0.13473001181635597,-0.3380647413726412,-0.01573001181635597,0.18993525862735883,0.1905855076903393,0.14869544220855044,0.857155978679657,0.6292043924331665,-1.0,0.8860465288162231,0.3084745705127716,0.22212499380111694,-0.1745000034570694,0.05587499961256981,0.06925000250339508,0.0003654400061350316,9.707000572234392e-05,0.0,0.0,0.04050000011920929,0.0,0.04050000011920929,0.004749999847263098,0.004999999888241291,-0.0002500000118743628,-0.0002500000118743628,0.12981924414634705,-0.057172421365976334,0.028214117512106895,-0.2633850872516632,-0.07622053
128,528,-0.14205513226426714,-0.3337632605165289,-0.023055132264267142,0.19423673948347114,0.19560023028844492,0.1414226572956768,0.8494650721549988,0.6303987503051758,-1.0,0.8860465288162231,0.3084745705127716,0.22425000369548798,-0.17599999904632568,0.05950000137090683,0.07112500071525574,0.00041683000745251775,0.00010848999954760075,0.0,7.994000043254346e-05,0.04600000008940697,0.007000000216066837,0.05299999937415123,0.005249999929219484,0.006000000052154064,0.0,0.0035000001080334187,-0.9548968076705933,0.9745336174964905,-0.904760479927063,0.7807489633560181,-0.13257127
129,529,-0.1470550548326151,-0.3337790428217116,-0.02805505483261511,0.1942209571782884,0.19623676085002928,0.14052531781081487,0.8324299454689026,0.6376894116401672,-1.0,0.8860465288162231,0.3084745705127716,0.2083750069141388,-0.16437500715255737,0.06324999779462814,0.0860000029206276,0.00011420000373618677,0.0002969200140796602,0.0,7.423000351991504e-05,0.035999998450279236,0.006500000134110451,0.042500000447034836,0.0012499999720603228,0.01924999989569187,0.0,0.003000000026077032,-0.9673851132392883,-0.8322324156761169,-0.9916079640388489,0.8059920072555542,-0.14299296
130,530,-0.14820165220691023,-0.3343727137309851,-0.029201652206910234,0.19362728626901493,0.19581691060660825,0.14111655398447165,0.8208022117614746,0.6376626491546631,-1.0,0.8860465288162231,0.3084745705127716,0.19087499380111694,-0.17112499475479126,0.06437499821186066,0.09600000083446503,9.13600015337579e-05,7.423000351991504e-05,9.707000572234392e-05,0.00017701000615488738,0.014499999582767487,0.024000000208616257,0.03849999979138374,0.0,0.0017500000540167093,0.005249999929219484,0.013000000268220901,0.31316089630126953,0.20337016880512238,-0.8403571844100952,0.001667736447416246,0.0
131,531,-0.14914047840296318,-0.33402422099410267,-0.03014047840296319,0.19397577900589735,0.19630346731350473,0.14043160959920742,0.818135678768158,0.6366564035415649,-1.0,0.8860465288162231,0.3084745705127716,0.19587500393390656,-0.17087499797344208,0.051375001668930054,0.10137499868869781,0.00014275001012720168,0.0001256200048374012,0.0,7.423000351991504e-05,0.023499999195337296,0.006500000134110451,0.029999999329447746,0.001500000013038516,0.008750000037252903,-0.0002500000118743628,0.0022499999031424522,0.11246706545352936,-0.02461094968020916,-0.4742940664291382,0.7020612955093384,-0.080915295
132,532,-0.14289372981397466,-0.3359739433742781,-0.023893729813974668,0.19202605662572192,0.19350689069810456,0.1444143173260554,0.8159523606300354,0.6372470855712891,-1.0,0.8860465288162231,0.3084745705127716,0.19762499630451202,-0.17100000381469727,0.05225000157952309,0.10824999958276749,0.00017130000924225897,0.00013133000175002962,9.707000572234392e-05,0.0001884299999801442,0.026499999687075615,0.02500000037252903,0.051500000059604645,0.0020000000949949026,0.008249999955296516,0.005499999970197678,0.014750000089406967,0.28139397501945496,0.09319406747817993,-0.8794382810592651,-0.6366426944732666,0.0
133,533,-0.14784884660501013,-0.33117478418680973,-0.028848846605010137,0.1968252158131903,0.19892818184045302,0.13679363284541615,0.8304796814918518,0.6339424848556519,-1.0,0.8860465288162231,0.3084745705127716,0.20237499475479126,-0.17100000381469727,0.038624998182058334,0.10362499952316284,0.00020556000526994467,0.00017130000924225897,0.0,2.2840000383439474e-05,0.032999999821186066,0.0020000000949949026,0.03500000014901161,0.003000000026077032,0.011500000022351742,0.0,0.0002500000118743628,-0.6736164093017578,0.9361061453819275,-0.48947253823280334,0.3912161886692047,-0.08273671
134,534,-0.1510917094581697,-0.33109483820371205,-0.03209170945816969,0.19690516179628798,0.19950318433040093,0.13600932311166802,0.818956196308136,0.6420766115188599,-1.0,0.8860465288162231,0.3084745705127716,0.19087499380111694,-0.15700000524520874,0.04100000113248825,0.1080000028014183,9.707000572234392e-05,0.00027407999732531607,8.565000462112948e-05,9.13600015337579e-05,0.032499998807907104,0.01549999974668026,0.04800000041723251,0.000750000006519258,0.01850000023841858,0.002749999985098839,0.006000000052154064,0.9697207808494568,0.5854079723358154,-0.9290599822998047,0.46083682775497437,0.0
135,535,-0.14681044014023997,-0.33214066438646395,-0.027810440140239978,0.19585933561353608,0.19782391141560626,0.13831257565900604,0.8114145994186401,0.6422121524810791,-1.0,0.8860465288162231,0.3084745705127716,0.2057500034570694,-0.15537500381469727,0.02500000037252903,0.11524999886751175,0.0006509399972856045,0.0007537199999205768,0.0,0.00011420000373618677,0.12300000339746475,0.009999999776482582,0.13300000131130219,0.007249999791383743,0.03700000047683716,0.0,0.008750000037252903,-0.6257628202438354,-0.6761521100997925,-0.9950405359268188,-0.40655016899108887,-0.14340487
136,536,-0.14799923616954586,-0.3343162184226406,-0.02899923616954586,0.19368378157735944,0.19584269949253502,0.14108016628953302,0.8213710784912109,0.6404395699501038,-1.0,0.8860465288162231,0.3084745705127716,0.19737499952316284,-0.1550000011920929,0.0286250002682209,0.1120000034570694,0.00010278000263497233,0.0001598800008650869,0.0,6.851999933132902e-05,0.023000000044703484,0.006000000052154064,0.028999999165534973,0.000750000006519258,0.010999999940395355,0.0002500000118743628,0.0002500000118743628,-0.07081300020217896,-0.7276685237884521,0.4766502380371094,0.08431942015886307,0.0
137,537,-0.15459510024126494,-0.33515814715166237,-0.03559510024126494,0.19284185284833766,0.19609944255699865,0.14071841732864654,0.818606436252594,0.636752188205719,-1.0,0.8860465288162231,0.3084745705127716,0.19637499749660492,-0.16425000131130219,0.03737499937415123,0.11249999701976776,8.565000462112948e-05,7.994000043254346e-05,7.994000043254346e-05,7.423000351991504e-05,0.014499999582767487,0.013500000350177288,0.02800000086426735,0.0002500000118743628,0.0022499999031424522,0.0005000000237487257,0.0022499999031424522,0.5071755051612854,-0.7958276867866516,0.07465584576129913,0.9201006293296814,0.0
138,538,-0.156928613866691,-0.3336837147546837,-0.037928613866691,0.1943162852453163,0.19798332874610347,0.13809225710278858,0.8032671809196472,0.6353251934051514,-1.0,0.8860465288162231,0.3084745705127716,0.20537500083446503,-0.18000000715255737,0.03750000149011612,0.12524999678134918,0.00010848999954760075,8.565000462112948e-05,8.565000462112948e-05,0.0001484600070398301,0.017000000923871994,0.020500000566244125,0.03750000149011612,0.0012499999720603228,0.004000000189989805,0.003000000026077032,0.011250000447034836,-0.8990212082862854,0.8347855806350708,-0.5682692527770996,0.8961166739463806,0.0
139,539,-0.15485955654747252,-0.33572053272234403,-0.035859556547472526,0.192279467277656,0.19559473748636635,0.14143042557568247,0.797840416431427,0.6378242373466492,-1.0,0.8860465288162231,0.3084745705127716,0.18925000727176666,-0.17075000703334808,0.026000000536441803,0.13437500596046448,9.13600015337579e-05,0.0002512400096748024,9.13600015337579e-05,0.00043967002420686185,0.029999999329447746,0.04650000110268593,0.07649999856948853,0.0,0.016750000417232513,0.004749999847263098,0.026499999687075615,-0.9671966433525085,-0.8922388553619385,0.83555006980896,-0.9782447814941406,0.0
140,540,-0.15708137588011423,-0.33452363997525747,-0.03808137588011423,0.19347636002474256,0.19718847095443065,0.13919426807603827,0.8026521801948547,0.6343719959259033,-1.0,0.8860465288162231,0.3084745705127716,0.17125000059604645,-0.18000000715255737,0.03799999877810478,0.12787500023841858,-9.707000572234392e-05,7.994000043254346e-05,0.0001884299999801442,7.994000043254346e-05,0.01549999974668026,0.023499999195337296,0.039000000804662704,-0.0002500000118743628,0.0020000000949949026,0.012000000104308128,0.003000000026077032,0.9766289591789246,-0.9368234276771545,-0.959484875202179,-0.964072585105896,0.0
141,541,-0.15634901701892506,-0.33594653669976715,-0.03734901701892507,0.19205346330023287,0.1956514294297229,0.14135026864233466,0.7974851727485657,0.6364006400108337,-1.0,0.8860465288162231,0.3084745705127716,0.18950000405311584,-0.1965000033378601,0.026125000789761543,0.11137499660253525,3.425999966566451e-05,1.7129999832832254e-05,0.0,0.0,0.0044999998062849045,0.0,0.0044999998062849045,-0.0002500000118743628,0.0,0.0,0.0,-0.5318710803985596,-0.5920203328132629,-0.4708031713962555,0.5284692645072937,-0.26336336
142,542,-0.14827634030251796,-0.3362620862311755,-0.029276340302517967,0.19173791376882454,0.19396012909340424,0.1437612572690422,0.7991883158683777,0.6339889168739319,-1.0,0.8860465288162231,0.3084745705127716,0.19300000369548798,-0.19349999725818634,0.029874999076128006,0.12125000357627869,8.565000462112948e-05,7.994000043254346e-05,0.0,6.28100024187006e-05,0.014499999582767487,0.005499999970197678,0.019999999552965164,0.0002500000118743628,0.001500000013038516,0.0,0.0,-0.8335085511207581,0.5064011812210083,-0.8927143216133118,0.010033635422587395,-0.13112572
143,543,-0.15590220937574062,-0.3339777446959421,-0.036902209375740624,0.19402225530405792,0.19750040154410833,0.13876075505619997,0.8179619908332825,0.6334540843963623,-1.0,0.8860465288162231,0.3084745705127716,0.17749999463558197,-0.1837500035762787,0.033250000327825546,0.12099999934434891,0.0,7.423000351991504e-05,7.423000351991504e-05,6.851999933132902e-05,0.006500000134110451,0.012500000186264515,0.01899999938905239,0.0,0.000750000006519258,0.000750000006519258,0.000750000006519258,0.6068964004516602,0.17438501119613647,-0.9859274625778198,0.42566433548927307,0.0
144,544,-0.14883033863241088,-0.33658334473621665,-0.029830338632410885,0.19141665526378338,0.19372708900744467,0.14409666929700224,0.8002274036407471,0.6373258829116821,-1.0,0.8860465288162231,0.3084745705127716,0.18850000202655792,-0.18275000154972076,0.015375000424683094,0.12800000607967377,0.00010848999954760075,0.00010278000263497233,-6.851999933132902e-05,7.423000351991504e-05,0.01850000023841858,0.012500000186264515,0.03099999949336052,0.000750000006519258,0.005249999929219484,-0.0002500000118743628,0.0024999999441206455,-0.37116050720214844,0.01346260029822588,0.15367482602596283,-0.38982269167900085,0.0
145,545,-0.15600079454226595,-0.3331060681215868,-0.03700079454226596,0.19489393187841325,0.19837515842409947,0.13755222934188618,0.8166736364364624,0.6329095959663391,-1.0,0.8860465288162231,0.3084745705127716,0.18199999630451202,-0.1811250001192093,0.018124999478459358,0.12212499976158142,0.0,8.565000462112948e-05,0.0,0.0,0.007499999832361937,0.0,0.007499999832361937,0.0,0.0024999999441206455,0.0,-0.0002500000118743628,0.28337112069129944,-0.14711523056030273,-0.6244152784347534,0.4603046178817749,-0.098929845
146,546,-0.1406559058794576,-0.34307372634742694,-0.021655905879457593,0.18492627365257308,0.1861899700480299,0.15537717972004014,0.7999981641769409,0.6388033032417297,-1.0,0.8860465288162231,0.3084745705127716,0.18674999475479126,-0.18275000154972076,0.02187499962747097,0.12962499260902405,0.00010848999954760075,7.423000351991504e-05,0.0,6.851999933132902e-05,0.01600000075995922,0.006000000052154064,0.02199999988079071,0.0010000000474974513,0.0002500000118743628,0.0,0.0020000000949949026,0.5628002882003784,-0.9482338428497314,0.9284008741378784,-0.9662692546844482,0.0
147,547,-0.15281567713844324,-0.33872246903604186,-0.033815677138443245,0.18927753096395816,0.19227450103470187,0.14620507634503035,0.8356839418411255,0.621908962726593,-1.0,0.8860465288162231,0.3084745705127716,0.1977500021457672,-0.2003750056028366,0.039250001311302185,0.11262500286102295,9.13600015337579e-05,7.423000351991504e-05,0.0,0.0,0.014499999582767487,0.0,0.014499999582767487,0.0,0.0,0.0,0.0,-0.7180274724960327,-0.0625884160399437,-0.9965282082557678,0.7134446501731873,-0.14358339
148,548,-0.17994601560025697,-0.32901220314037716,-0.060946015600256975,0.19898779685962287,0.20811189326079685,0.12479050188822051,0.807405412197113,0.6292839646339417,-1.0,0.8860465288162231,0.3084745705127716,0.18437500298023224,-0.2017499953508377,0.042125001549720764,0.12449999898672104,0.0,7.423000351991504e-05,8.565000462112948e-05,7.994000043254346e-05,0.006500000134110451,0.014499999582767487,0.020999999716877937,0.0,0.0005000000237487257,0.0017500000540167093,0.003000000026077032,0.40002429485321045,-0.6486427783966064,-0.7908740639686584,0.8225679993629456,0.0
149,549,-0.15808676200172472,-0.33897967614157204,-0.03908676200172473,0.18902032385842799,0.19301931974630018,0.1451201589285901,0.7443115711212158,0.6457419991493225,-1.0,0.8860465288162231,0.3084745705127716,0.19187499582767487,-0.2136249989271164,0.02824999950826168,0.14087499678134918,7.994000043254346e-05,0.0,0.0,6.851999933132902e-05,0.007000000216066837,0.006000000052154064,0.013000000268220901,0.0,0.0,0.0,0.0010000000474974513,-0.4718695282936096,-0.6457639336585999,0.06689693033695221,-0.7012996673583984,-0.11746405
150,550,-0.14382596139738316,-0.34391081740051876,-0.02482596139738316,0.18408918259948126,0.18575563385655228,0.156053506748159,0.7951470613479614,0.6288480162620544,-1.0,0.8860465288162231,0.3084745705127716,0.18312500417232513,-0.20999999344348907,0.03200000151991844,0.12837499380111694,0.0,6.851999933132902e-05,0.0,0.0,0.006000000052154064,0.0,0.006000000052154064,0.0,0.0002500000118743628,0.0,-0.0002500000118743628,-0.16139733791351318,0.22590741515159607,-0.9291645288467407,-0.7948249578475952,-0.29824644
151,551,-0.1441217073019795,-0.344170883464611,-0.025121707301979518,0.18382911653538903,0.18553771655366455,0.15639394514348814,0.8283117413520813,0.6204901337623596,-1.0,0.8860465288162231,0.3084745705127716,0.18700000643730164,-0.20637500286102295,0.035374999046325684,0.1313749998807907,0.0,7.423000351991504e-05,7.423000351991504e-05,6.28100024187006e-05,0.006500000134110451,0.012000000104308128,0.01850000023841858,-0.0002500000118743628,0.0012499999720603228,0.000750000006519258,0.0012499999720603228,-0.9439284801483154,-0.5776392221450806,-0.5364483594894409,-0.9689502716064453,-0.13727143
152,552,-0.14380353385876934,-0.34397229716663075,-0.02480353385876935,0.18402770283336928,0.18569170875946506,0.15615329599564423,0.8276239633560181,0.6200493574142456,-1.0,0.8860465288162231,0.3084745705127716,0.19062499701976776,-0.21649999916553497,0.025875000283122063,0.11387500166893005,4.568000076687895e-05,0.0,-1.1420000191719737e-05,1.1420000191719737e-05,0.004000000189989805,0.0020000000949949026,0.006000000052154064,0.0,0.0,-0.0002500000118743628,0.0,-0.027549833059310913,-0.5391565561294556,0.1248292475938797,0.26564550399780273,-0.08869879
153,553,-0.14555839741756146,-0.343967596662458,-0.02655839741756147,0.184032403337542,0.18593889843596706,0.15576777784526152,0.8283638954162598,0.6203859448432922,-1.0,0.8860465288162231,0.3084745705127716,0.1902499943971634,-0.21275000274181366,0.02800000086426735,0.11862500011920929,0.0,0.0,0.0,6.28100024187006e-05,0.0,0.005499999970197678,0.005499999970197678,-0.0002500000118743628,0.0,0.0,0.0002500000118743628,0.7373812794685364,0.15246735513210297,-0.8922816514968872,-0.7661057710647583,-0.13677773
154,554,-0.14436660520436698,-0.3449482101202099,-0.025366605204366982,0.18305178987979015,0.18480103473138093,0.15755032509925312,0.8242828249931335,0.6203939318656921,-1.0,0.8860465288162231,0.3084745705127716,0.20374999940395355,-0.20925000309944153,0.03175000101327896,0.10450000315904617,5.139000131748617e-05,7.423000351991504e-05,0.0,0.0,0.010999999940395355,0.0,0.010999999940395355,0.0002500000118743628,0.0005000000237487257,0.0,0.0,-0.4721257984638214,-0.7185754776000977,-0.9970347881317139,0.9847560524940491,-0.14364418
155,555,-0.14890774042852367,-0.342137768972612,-0.029907740428523677,0.18586223102738803,0.188253132404266,0.15220433920956397,0.8270543813705444,0.6187318563461304,-1.0,0.8860465288162231,0.3084745705127716,0.195250004529953,-0.22237500548362732,0.03550000116229057,0.12300000339746475,0.0,0.0,0.0,0.0,0.0,0.0,0.0,-0.0002500000118743628,0.0,0.0,-0.0002500000118743628,0.9794794321060181,0.7216646671295166,0.2819048762321472,-0.6958864331245422,-0.10750637
156,556,-0.15330968339967554,-0.3419608950324713,-0.03430968339967555,0.18603910496752873,0.18917638053442387,0.15080558242738232,0.8164936304092407,0.6234952807426453,-1.0,0.8860465288162231,0.3084745705127716,0.21299999952316284,-0.210875004529953,0.04075000062584877,0.1262499988079071,9.707000572234392e-05,9.13600015337579e-05,0.0,6.851999933132902e-05,0.016499999910593033,0.006000000052154064,0.02250000089406967,0.000750000006519258,0.004000000189989805,0.0,0.000750000006519258,0.7079715132713318,0.5847514867782593,-0.8570595383644104,0.656994104385376,-0.12684715
157,557,-0.14511151791605276,-0.3450154662185542,-0.026111517916052762,0.1829845337814458,0.1848381750913307,0.15749182120635993,0.8062565326690674,0.6237950921058655,-1.0,0.8860465288162231,0.3084745705127716,0.22574999928474426,-0.20487500727176666,0.042374998331069946,0.13362500071525574,0.00014275001012720168,0.00019414001144468784,9.13600015337579e-05,0.0001484600070398301,0.029500000178813934,0.020999999716877937,0.05050000175833702,0.0017500000540167093,0.013749999925494194,0.0042500002309679985,0.010499999858438969,0.1438826620578766,-0.7192808389663696,-0.2254723161458969,-0.9310241341590881,0.0
158,558,-0.13716354400075476,-0.34897113992479645,-0.01816354400075476,0.17902886007520358,0.17994790098940908,0.16538502974435987,0.8253220319747925,0.618617832660675,-1.0,0.8860465288162231,0.3084745705127716,0.22862499952316284,-0.21187500655651093,0.0403750017285347,0.12150000035762787,0.00011420000373618677,7.423000351991504e-05,0.0,6.28100024187006e-05,0.016499999910593033,0.005499999970197678,0.02199999988079071,0.0012499999720603228,0.0010000000474974513,0.0,0.0,0.8630584478378296,-0.8025621771812439,-0.860588788986206,-0.9485368132591248,-0.12727067
159,559,-0.14726961449303233,-0.3500062750332552,-0.028269614493032336,0.17799372496674482,0.1802246854099678,0.16492790266819157,0.843805730342865,0.6119133234024048,-1.0,0.8860465288162231,0.3084745705127716,0.24500000476837158,-0.22712500393390656,0.04412499815225601,0.10362499952316284,9.707000572234392e-05,7.994000043254346e-05,0.0,6.28100024187006e-05,0.01549999974668026,0.005499999970197678,0.020999999716877937,0.000750000006519258,0.001500000013038516,0.0,0.0002500000118743628,0.737094521522522,-0.3889068067073822,-0.7856732606887817,0.8793308734893799,-0.1182808
160,560,-0.14982054062640787,-0.35294066243662475,-0.030820540626407877,0.17505933756337527,0.17775172964737032,0.1690573459491867,0.820303201675415,0.6101588606834412,-1.0,0.8860465288162231,0.3084745705127716,0.25850000977516174,-0.23462499678134918,0.047874998301267624,0.11924999952316284,0.0001256200048374012,7.994000043254346e-05,0.0,6.851999933132902e-05,0.017999999225139618,0.006000000052154064,0.024000000208616257,0.0012499999720603228,0.0020000000949949026,0.0,0.0017500000540167093,0.9907097816467285,-0.3433797061443329,-0.649860143661499,0.8988282680511475,-0.10198323
161,561,-0.14937712563457695,-0.35172056567572496,-0.03037712563457695,0.17627943432427506,0.17887763618603997,0.16716459354335844,0.8143708109855652,0.605185329914093,-1.0,0.8860465288162231,0.3084745705127716,0.2761250138282776,-0.24287499487400055,0.051750000566244125,0.13474999368190765,0.00022840000747237355,9.707000572234392e-05,0.0,7.994000043254346e-05,0.02850000001490116,0.007000000216066837,0.03550000116229057,0.003000000026077032,0.005750000011175871,-0.0002500000118743628,0.0042500002309679985,-0.7314891815185547,0.45427361130714417,-0.8865552544593811,0.08055131882429123,-0.13038664
162,562,-0.15338688497936137,-0.3498614290489164,-0.034386884979361376,0.17813857095108365,0.1814271432809272,0.16295658997616186,0.8154020309448242,0.6072532534599304,-1.0,0.8860465288162231,0.3084745705127716,0.26387500762939453,-0.2368749976158142,0.054875001311302185,0.13625000417232513,9.707000572234392e-05,0.00016558999777771533,7.994000043254346e-05,8.565000462112948e-05,0.023000000044703484,0.014499999582767487,0.03750000149011612,0.0002500000118743628,0.01075000036507845,0.0010000000474974513,0.0042500002309679985,0.40082302689552307,0.5315795540809631,-0.8280091285705566,0.5380508899688721,0.0
163,563,-0.14829489478684932,-0.3506936643380611,-0.029294894786849324,0.17730633566193893,0.17971012082361063,0.16577875045166102,0.8060770034790039,0.610404372215271,-1.0,0.8860465288162231,0.3084745705127716,0.2693749964237213,-0.23350000381469727,0.03987500071525574,0.14550000429153442,0.00032546999864280224,0.0004054100136272609,0.0,9.13600015337579e-05,0.06400000303983688,0.00800000037997961,0.07199999690055847,0.0042500002309679985,0.023749999701976776,0.0,0.005750000011175871,-0.7100626230239868,-0.3592260181903839,0.8667178153991699,-0.7507498264312744,0.0
164,564,-0.14909831768603932,-0.3491602311202145,-0.030098317686039322,0.17883976887978553,0.18135482254548638,0.16307448400625824,0.8179188370704651,0.6089937686920166,-1.0,0.8860465288162231,0.3084745705127716,0.25824999809265137,-0.23225000500679016,0.05525000020861626,0.1341249942779541,8.565000462112948e-05,0.0001256200048374012,8.565000462112948e-05,6.28100024187006e-05,0.01850000023841858,0.013000000268220901,0.03150000050663948,0.0,0.00800000037997961,0.0017500000540167093,0.0005000000237487257,0.2877548933029175,0.48105713725090027,0.3641478717327118,0.1413007378578186,0.0
165,565,-0.14601372560343795,-0.3503893389297072,-0.027013725603437955,0.17761066107029283,0.1796532446041659,0.1658730659565649,0.8160504102706909,0.6115928292274475,-1.0,0.8860465288162231,0.3084745705127716,0.26225000619888306,-0.23000000417232513,0.05887499824166298,0.1340000033378601,0.0002169799990952015,0.00034260001848451793,0.00013703999866265804,9.707000572234392e-05,0.04899999871850014,0.020500000566244125,0.06949999928474426,0.002749999985098839,0.0215000007301569,0.00800000037997961,0.006000000052154064,0.20207063853740692,0.09509045630693436,0.6173161864280701,-0.7186575531959534,0.0
166,566,-0.14238362551195277,-0.3483315312499129,-0.023383625511952777,0.17966846875008713,0.18118375370072307,0.16335369239334172,0.823223888874054,0.6095095872879028,-1.0,0.8860465288162231,0.3084745705127716,0.265625,-0.23000000417232513,0.07087499648332596,0.12287499755620956,0.0002512400096748024,0.00041683000745251775,0.00011991000064881518,6.851999933132902e-05,0.05849999934434891,0.016499999910593033,0.07500000298023224,0.0035000001080334187,0.02500000037252903,0.007000000216066837,0.001500000013038516,-0.15473534166812897,0.8343966603279114,0.2424049973487854,-0.5862982869148254,0.0
167,567,-0.14443000846061482,-0.34594097774578003,-0.025430008460614828,0.18205902225422,0.18382647500963922,0.15909325327558613,0.8316659927368164,0.6129974126815796,-1.0,0.8860465288162231,0.3084745705127716,0.26387500762939453,-0.21774999797344208,0.07649999856948853,0.11187499761581421,0.00011991000064881518,0.0005995500250719488,9.707000572234392e-05,6.851999933132902e-05,0.06300000101327896,0.014499999582767487,0.07750000059604645,0.0012499999720603228,0.03175000101327896,0.004749999847263098,0.0017500000540167093,-0.6959276795387268,0.41886788606643677,0.48687562346458435,0.5752795338630676,0.0
168,568,-0.14703978482337882,-0.3449640704372288,-0.02803978482337882,0.1830359295627712,0.18517122088448065,0.1569681737981314,0.8269069790840149,0.6170492172241211,-1.0,0.8860465288162231,0.3084745705127716,0.25099998712539673,-0.21050000190734863,0.07837499678134918,0.11287499964237213,9.707000572234392e-05,0.0006223900127224624,0.0003140500048175454,0.00033117999555543065,0.06300000101327896,0.05649999901652336,0.11949999630451202,0.0010000000474974513,0.032749999314546585,0.01924999989569187,0.021250000223517418,-0.5199785232543945,-0.8304318189620972,0.6850425004959106,0.6752681732177734,0.0
169,569,-0.14471414256988158,-0.34555431787994034,-0.025714142569881582,0.18244568212005968,0.18424886445337474,0.158422677385934,0.8208377361297607,0.6187049746513367,-1.0,0.8860465288162231,0.3084745705127716,0.24175000190734863,-0.2133750021457672,0.0820000022649765,0.11437500268220901,8.565000462112948e-05,0.00011420000373618677,0.0008279500179924071,0.0009935400448739529,0.017500000074505806,0.15950000286102295,0.1770000010728836,0.0002500000118743628,0.007499999832361937,0.03750000149011612,0.04349999874830246,0.5493932962417603,0.4903427064418793,0.06528941541910172,-0.16696219146251678,0.0
170,570,-0.14535710911747457,-0.34537163346574073,-0.026357109117474575,0.1826283665342593,0.18452050689287144,0.15799291812889646,0.8262462019920349,0.6177045702934265,-1.0,0.8860465288162231,0.3084745705127716,0.25049999356269836,-0.2133750021457672,0.0820000022649765,0.1145000010728836,0.00022269001055974513,0.0004054100136272609,0.0008907600422389805,0.0007594299968332052,0.054999999701976776,0.1445000022649765,0.19949999451637268,0.0032500000670552254,0.025750000029802322,0.03974999859929085,0.03700000047683716,-0.8344443440437317,-0.2998405694961548,-0.9103826880455017,-0.8053853511810303,0.0
171,571,-0.14997977407443058,-0.34294723293545004,-0.03097977407443059,0.18505276706454998,0.18762801763049503,0.1531587710595196,0.8247509002685547,0.6180141568183899,-1.0,0.8860465288162231,0.3084745705127716,0.23649999499320984,-0.21324999630451202,0.08174999803304672,0.11337500065565109,9.13600015337579e-05,0.00021127000218257308,0.00011420000373618677,0.0001256200048374012,0.026499999687075615,0.020999999716877937,0.04749999940395355,0.0,0.014499999582767487,0.0062500000931322575,0.00925000011920929,-0.9843782782554626,-0.035458505153656006,-0.890099048614502,0.6770139336585999,0.0
172,572,-0.15220415029167478,-0.34389998795702925,-0.03320415029167478,0.18410001204297077,0.18707038790469782,0.1540152155699335,0.8140005469322205,0.6221233606338501,-1.0,0.8860465288162231,0.3084745705127716,0.21799999475479126,-0.21074999868869781,0.06674999743700027,0.12212499976158142,8.565000462112948e-05,0.0001256200048374012,8.565000462112948e-05,0.00022840000747237355,0.01850000023841858,0.027499999850988388,0.04600000008940697,0.0002500000118743628,0.008249999955296516,0.003000000026077032,0.017000000923871994,0.3276723325252533,-0.4514714777469635,-0.997148334980011,-0.02066437341272831,0.0
173,573,-0.14288410973557442,-0.3450861341837255,-0.02388410973557442,0.1829138658162745,0.18446661759167982,0.15807808235355014,0.8088275790214539,0.6205084919929504,-1.0,0.8860465288162231,0.3084745705127716,0.22374999523162842,-0.21537500619888306,0.0494999997317791,0.12925000488758087,9.707000572234392e-05,7.423000351991504e-05,6.851999933132902e-05,7.423000351991504e-05,0.014999999664723873,0.012500000186264515,0.027499999850988388,0.0010000000474974513,0.000750000006519258,0.0002500000118743628,0.0020000000949949026,0.8944432139396667,0.8473383188247681,-0.9988510608673096,-0.9535123705863953,0.0
174,574,-0.13856053373508748,-0.34686876377342213,-0.019560533735087482,0.1811312362265779,0.18218435502800415,0.16172732348289967,0.8305020928382874,0.6184980869293213,-1.0,0.8860465288162231,0.3084745705127716,0.2396250069141388,-0.2070000022649765,0.03099999949336052,0.1120000034570694,0.0001827200030675158,0.00023411000438500196,0.0,6.851999933132902e-05,0.0364999994635582,0.006000000052154064,0.042500000447034836,0.002749999985098839,0.01575000025331974,0.0,0.000750000006519258,-0.47833123803138733,-0.6942636966705322,-0.8275283575057983,-0.516690194606781,-0.12330341
175,575,-0.14596470692604874,-0.3451875309567636,-0.026964706926048743,0.18281246904323645,0.18479040629126822,0.1575670711311089,0.8405569195747375,0.615476667881012,-1.0,0.8860465288162231,0.3084745705127716,0.23199999332427979,-0.21262499690055847,0.03474999964237213,0.10275000333786011,5.139000131748617e-05,7.423000351991504e-05,0.0,0.0,0.010999999940395355,0.0,0.010999999940395355,0.0002500000118743628,0.0010000000474974513,0.0,0.0,-0.10296639800071716,-0.5630678534507751,-0.5947836637496948,-0.07667620480060577,-0.12857519
176,576,-0.1480404150149187,-0.3469607575507508,-0.02904041501491872,0.18103924244924924,0.18335362830016963,0.15984730183063522,0.8233379125595093,0.6183262467384338,-1.0,0.8860465288162231,0.3084745705127716,0.23025000095367432,-0.2227499932050705,0.03849999979138374,0.10637500137090683,0.0,6.851999933132902e-05,0.0,1.7129999832832254e-05,0.006000000052154064,0.001500000013038516,0.007499999832361937,0.0,0.0002500000118743628,0.0,0.0002500000118743628,0.3883371651172638,-0.7041501998901367,0.7953131198883057,-0.7837465405464172,-0.11804959
177,577,-0.16395726829746643,-0.3407584112428865,-0.044957268297466435,0.1872415887571135,0.19256315466116147,0.14578365860149958,0.8185106515884399,0.6153207421302795,-1.0,0.8860465288162231,0.3084745705127716,0.23749999701976776,-0.2357500046491623,0.05350000038743019,0.10999999940395355,9.13600015337579e-05,0.0,0.0,6.851999933132902e-05,0.00800000037997961,0.006000000052154064,0.014000000432133675,0.0,0.0,-0.0002500000118743628,0.0005000000237487257,-0.8351932764053345,-0.10582583397626877,-0.9338432550430298,0.9036399126052856,-0.17276031
178,578,-0.1370078146107266,-0.35145794361495375,-0.01800781461072662,0.17654205638504628,0.1774581050831862,0.16955446932546075,0.7814947366714478,0.6258332133293152,-1.0,0.8860465288162231,0.3084745705127716,0.22187499701976776,-0.23237499594688416,0.05687500163912773,0.12687499821186066,0.0,6.851999933132902e-05,7.423000351991504e-05,6.851999933132902e-05,0.006000000052154064,0.012500000186264515,0.01850000023841858,0.0,0.000750000006519258,0.0005000000237487257,0.0005000000237487257,0.3079409897327423,0.30947840213775635,0.15092359483242035,-0.4796546995639801,0.0
179,579,-0.15109611758151215,-0.34596139487521366,-0.03209611758151215,0.18203860512478637,0.18484646201532817,0.15747877051959205,0.8441678881645203,0.607698380947113,-1.0,0.8860465288162231,0.3084745705127716,0.22750000655651093,-0.22675000131130219,0.05974999815225601,0.11824999749660492,7.994000043254346e-05,7.423000351991504e-05,7.423000351991504e-05,0.0,0.013500000350177288,0.006500000134110451,0.019999999552965164,0.0002500000118743628,0.0010000000474974513,0.0002500000118743628,0.0,-0.641765832901001,-0.7712410092353821,-0.6628240346908569,0.3431391716003418,0.0
180,580,-0.1368883757190991,-0.35200227764932956,-0.017888375719099098,0.17599772235067046,0.17690447212688362,0.170495782050923,0.8114044070243835,0.6170145869255066,-1.0,0.8860465288162231,0.3084745705127716,0.21562500298023224,-0.2407499998807907,0.04749999940395355,0.12437500059604645,0.0,6.851999933132902e-05,0.0,6.28100024187006e-05,0.006000000052154064,0.005499999970197678,0.011500000022351742,0.0,0.0002500000118743628,0.0,0.0005000000237487257,-0.6940468549728394,-0.8434434533119202,0.7764320969581604,-0.31641334295272827,-0.107285626
181,581,-0.14541861364821712,-0.35016810529257614,-0.026418613648217126,0.1778318947074239,0.17978355298059404,0.1656570602247317,0.8444456458091736,0.6067758202552795,-1.0,0.8860465288162231,0.3084745705127716,0.21924999356269836,-0.2565000057220459,0.06199999898672104,0.11874999850988388,1.1420000191719737e-05,6.851999933132902e-05,6.851999933132902e-05,0.0,0.007000000216066837,0.006000000052154064,0.013000000268220901,0.0002500000118743628,0.0002500000118743628,0.0,0.0,0.7556526064872742,0.55922532081604,-0.9827041625976562,-0.029505755752325058,-0.027540693
182,582,-0.14399815710415814,-0.35123641035730635,-0.024998157104158147,0.17676358964269367,0.17852247612548616,0.16775935096023006,0.8246078491210938,0.6098845601081848,-1.0,0.8860465288162231,0.3084745705127716,0.23362499475479126,-0.24587500095367432,0.04362500086426735,0.12250000238418579,0.0,0.0,0.0,6.28100024187006e-05,0.0,0.005499999970197678,0.005499999970197678,-0.0002500000118743628,-0.0002500000118743628,0.0,0.0,0.5577462315559387,0.6774849891662598,-0.8203577995300293,0.05747181922197342,-0.122442946
183,583,-0.1496455840071007,-0.35003500813953686,-0.030645584007100712,0.17796499186046316,0.18058430205040243,0.1643358596660992,0.8279112577438354,0.608073890209198,-1.0,0.8860465288162231,0.3084745705127716,0.2434999942779541,-0.2357500046491623,0.04737500101327896,0.12312500178813934,9.707000572234392e-05,9.13600015337579e-05,0.0,6.851999933132902e-05,0.016499999910593033,0.006000000052154064,0.02250000089406967,0.000750000006519258,0.004749999847263098,0.0,0.000750000006519258,0.940248966217041,0.35429874062538147,-0.17865808308124542,0.5171403288841248,-0.045438975
184,584,-0.1437011737212942,-0.34995701048783834,-0.024701173721294212,0.1780429895121617,0.17974830763497404,0.16571545691860556,0.8147777318954468,0.6101101636886597,-1.0,0.8860465288162231,0.3084745705127716,0.2603749930858612,-0.23325000703334808,0.05112500116229057,0.1315000057220459,0.00017130000924225897,0.0001827200030675158,0.0,7.423000351991504e-05,0.03099999949336052,0.006500000134110451,0.03750000149011612,0.0022499999031424522,0.013000000268220901,0.0,0.0032500000670552254,-0.1273232400417328,0.7577382326126099,-0.041060712188482285,-0.7952825427055359,-0.028927287
185,585,-0.14034769847240114,-0.35170236908374986,-0.021347698472401144,0.17629763091625017,0.1775854129616251,0.16933875047044822,0.8286018967628479,0.6102423667907715,-1.0,0.8860465288162231,0.3084745705127716,0.2588750123977661,-0.22300000488758087,0.054999999701976776,0.11800000071525574,9.707000572234392e-05,0.0003197600017301738,0.0,6.28100024187006e-05,0.0364999994635582,0.005499999970197678,0.041999999433755875,0.0005000000237487257,0.020749999210238457,-0.0002500000118743628,0.0005000000237487257,0.5699820518493652,-0.7388163805007935,-0.495389848947525,-0.19492432475090027,-0.083446786
186,586,-0.14379771412138187,-0.3488139226635888,-0.024797714121381875,0.17918607733641123,0.18089382780199031,0.16382798426938872,0.8364006876945496,0.6072841286659241,-1.0,0.8860465288162231,0.3084745705127716,0.2680000066757202,-0.2292499989271164,0.05874999985098839,0.1146249994635582,0.00027407999732531607,9.707000572234392e-05,0.0,4.568000076687895e-05,0.032499998807907104,0.004000000189989805,0.0364999994635582,0.0035000001080334187,0.005750000011175871,-0.0002500000118743628,0.0,-0.3207942843437195,0.8105008006095886,-0.9218389987945557,-0.9703761339187622,-0.27506587
187,587,-0.14485854501517348,-0.34887829292488437,-0.025858545015173484,0.17912170707511565,0.18097859071118133,0.16368917774038977,0.8283774256706238,0.6121798157691956,-1.0,0.8860465288162231,0.3084745705127716,0.26337501406669617,-0.22300000488758087,0.06237500160932541,0.11637499928474426,0.00010278000263497233,0.0003825699968729168,1.7129999832832254e-05,7.994000043254346e-05,0.042500000447034836,0.008500000461935997,0.050999999046325684,0.000750000006519258,0.023499999195337296,0.0,0.004000000189989805,-0.16919636726379395,-0.14299185574054718,-0.8517088890075684,0.10906712710857391,-0.12620509
188,588,-0.13715361210385602,-0.3527990634671343,-0.01815361210385602,0.17520093653286573,0.17613892753849306,0.1718060120824764,0.8259103894233704,0.6120706796646118,-1.0,0.8860465288162231,0.3084745705127716,0.2603749930858612,-0.2227499932050705,0.06612499803304672,0.1185000017285347,9.13600015337579e-05,0.00026266000350005925,0.0,7.994000043254346e-05,0.03099999949336052,0.007000000216066837,0.03799999877810478,0.0005000000237487257,0.017750000581145287,0.0,0.0037499999161809683,-0.06285856664180756,-0.9399380087852478,0.055225275456905365,-0.6092123985290527,-0.01737297
189,589,-0.14626199891176717,-0.34884246055104157,-0.02726199891176717,0.17915753944895846,0.1812198679120761,0.163294709146926,0.8438287973403931,0.6054252982139587,-1.0,0.8860465288162231,0.3084745705127716,0.25949999690055847,-0.23199999332427979,0.06975000351667404,0.10899999737739563,8.565000462112948e-05,7.423000351991504e-05,7.423000351991504e-05,0.0,0.014000000432133675,0.006500000134110451,0.020500000566244125,0.0,0.0012499999720603228,0.0002500000118743628,0.0,-0.14070475101470947,0.8356212377548218,0.6354578733444214,0.6497290134429932,0.0
190,590,-0.13979520181345312,-0.3472287281410288,-0.020795201813453124,0.18077127185897124,0.18196343904194692,0.1620849999310554,0.8226464986801147,0.6121314167976379,-1.0,0.8860465288162231,0.3084745705127716,0.2566249966621399,-0.22474999725818634,0.07774999737739563,0.11574999988079071,7.994000043254346e-05,0.00026837000041268766,0.0001256200048374012,0.0001541700039524585,0.030500000342726707,0.02449999935925007,0.054999999701976776,0.0005000000237487257,0.017999999225139618,0.00800000037997961,0.01075000036507845,-0.38786932826042175,0.6981024146080017,-0.7283425331115723,-0.8389986753463745,0.0
191,591,-0.14463896582568403,-0.34594953425422026,-0.025638965825684035,0.18205046574577977,0.18384702512378578,0.15906056278951966,0.8376855850219727,0.6148665547370911,-1.0,0.8860465288162231,0.3084745705127716,0.24912500381469727,-0.21187500655651093,0.06812500208616257,0.10525000095367432,0.00010278000263497233,0.00029121001716703176,0.0,6.28100024187006e-05,0.03449999913573265,0.005499999970197678,0.03999999910593033,0.0010000000474974513,0.0182499997317791,0.0,0.0005000000237487257,0.6921613812446594,0.13542696833610535,0.16612905263900757,0.9399979114532471,-0.0040645143
192,592,-0.14063711774052035,-0.3479228510418771,-0.02163711774052035,0.18007714895812293,0.18137239161736587,0.16304583584962737,0.8264210224151611,0.6170346736907959,-1.0,0.8860465288162231,0.3084745705127716,0.25949999690055847,-0.2121250033378601,0.07012499868869781,0.11637499928474426,0.0005196100100874901,0.0003939900198020041,8.565000462112948e-05,0.0001827200030675158,0.07999999821186066,0.023499999195337296,0.10350000113248825,0.006000000052154064,0.023749999701976776,0.0035000001080334187,0.013249999843537807,0.509020984172821,0.7571226954460144,-0.8959740400314331,-0.6528078317642212,0.0
193,593,-0.13432273923606886,-0.34839234527755786,-0.01532273923606886,0.17960765472244217,0.1802600786990635,0.16486953958771694,0.8357276320457458,0.6136900782585144,-1.0,0.8860465288162231,0.3084745705127716,0.26762500405311584,-0.21062499284744263,0.05537499859929085,0.1106249988079071,0.0008279500179924071,0.0011819700011983514,-4.568000076687895e-05,6.851999933132902e-05,0.17599999904632568,0.009999999776482582,0.1860000044107437,0.008750000037252903,0.04899999871850014,-0.0005000000237487257,0.0005000000237487257,-0.12970006465911865,-0.7283613681793213,0.24660170078277588,-0.9915123581886292,0.0
194,594,-0.13530918840330503,-0.3508644046163989,-0.01630918840330503,0.17713559538360113,0.1778848188527547,0.16883249852783108,0.8504122495651245,0.6128943562507629,-1.0,0.8860465288162231,0.3084745705127716,0.26762500405311584,-0.21050000190734863,0.05962499976158142,0.09212499856948853,0.0003026300109922886,0.00034831001539714634,0.0,6.28100024187006e-05,0.05700000002980232,0.005499999970197678,0.0625,0.004000000189989805,0.0215000007301569,0.0,0.0005000000237487257,0.9735420942306519,-0.9236560463905334,0.8010588884353638,0.3199487328529358,0.0
195,595,-0.14176052250271115,-0.35176259891025274,-0.022760522502711156,0.17623740108974728,0.1777010493144733,0.1691430464897259,0.8481181859970093,0.6087043881416321,-1.0,0.8860465288162231,0.3084745705127716,0.28437501192092896,-0.22487500309944153,0.07462500035762787,0.09562499821186066,0.0006338100065477192,0.00022840000747237355,0.0,9.13600015337579e-05,0.0754999965429306,0.00800000037997961,0.08349999785423279,0.007000000216066837,0.01575000025331974,0.0,0.005249999929219484,0.7383800745010376,0.37755563855171204,-0.24220232665538788,0.9663066864013672,-0.053064283
196,596,-0.13731450879480603,-0.3530931256828188,-0.018314508794806034,0.17490687431718122,0.17586311698534532,0.17228052527266188,0.8331150412559509,0.6071820259094238,-1.0,0.8860465288162231,0.3084745705127716,0.29475000500679016,-0.2253749966621399,0.07850000262260437,0.11087500303983688,0.0015474100364372134,0.0005881300312466919,0.0,0.0001541700039524585,0.18700000643730164,0.013500000350177288,0.2004999965429306,0.013749999925494194,0.030750000849366188,-0.0002500000118743628,0.01075000036507845,-0.709148645401001,-0.8580302000045776,-0.7654511332511902,-0.5236210227012634,-0.115854144
197,597,-0.14600091136377058,-0.3529299130737361,-0.027000911363770586,0.1750700869262639,0.17714001397438073,0.17009466571983337,0.8434546589851379,0.6049268841743469,-1.0,0.8860465288162231,0.3084745705127716,0.2874999940395355,-0.2304999977350235,0.08224999904632568,0.10637500137090683,0.0001484600070398301,0.00013703999866265804,0.0,6.28100024187006e-05,0.02500000037252903,0.005499999970197678,0.030500000342726707,0.0017500000540167093,0.008999999612569809,-0.0002500000118743628,0.0002500000118743628,-0.3020172715187073,-0.8441337943077087,-0.9916304349899292,0.9499577283859253,-0.14299567
198,598,-0.13861657611317718,-0.355151030884596,-0.019616576113177187,0.17284896911540404,0.173958547311312,0.1755931736243906,0.8232536911964417,0.6052035093307495,-1.0,0.8860465288162231,0.3084745705127716,0.2824999988079071,-0.24375000596046448,0.08387500047683716,0.11912500113248825,9.707000572234392e-05,8.565000462112948e-05,9.13600015337579e-05,0.00013703999866265804,0.01600000075995922,0.019999999552965164,0.035999998450279236,0.0005000000237487257,0.004000000189989805,0.004000000189989805,0.010250000283122063,0.9752718806266785,0.6110831499099731,-0.09452411532402039,-0.7498975992202759,0.0
199,599,-0.14377456349248652,-0.35277143717538156,-0.024774563492486523,0.17522856282461846,0.17697126384197098,0.17038194301569373,0.8404265642166138,0.6014389395713806,-1.0,0.8860465288162231,0.3084745705127716,0.29787498712539673,-0.24300000071525574,0.08425000309944153,0.10999999940395355,0.0005538699915632606,0.000433959998190403,-7.994000043254346e-05,6.28100024187006e-05,0.08649999648332596,0.012500000186264515,0.0989999994635582,0.0062500000931322575,0.02525000087916851,-0.0002500000118743628,0.0005000000237487257,-0.7097758054733276,0.5531678795814514,-0.3806379437446594,0.8336354494094849,0.0
200,600,-0.14840211555662514,-0.35286403862197885,-0.02940211555662514,0.17513596137802118,0.1775868502085919,0.16933631667188334,0.828431248664856,0.6054721474647522,-1.0,0.8860465288162231,0.3084745705127716,0.28687500953674316,-0.23512500524520874,0.0767500028014183,0.12125000357627869,0.00013703999866265804,0.0005538699915632606,7.423000351991504e-05,0.00013703999866265804,0.060499999672174454,0.01850000023841858,0.07900000363588333,0.0017500000540167093,0.029999999329447746,0.0005000000237487257,0.00925000011920929,0.2650690972805023,-0.7965235710144043,-0.8705937266349792,0.8780199885368347,0.0
201,601,-0.14856520948581237,-0.35293727465169733,-0.02956520948581237,0.1750627253483027,0.17754171177026326,0.16941276969430438,0.8176695108413696,0.6053152084350586,-1.0,0.8860465288162231,0.3084745705127716,0.2893750071525574,-0.2396250069141388,0.060499999672174454,0.13774999976158142,0.0005367400008253753,0.00014275001012720168,6.851999933132902e-05,0.00011991000064881518,0.05950000137090683,0.016499999910593033,0.07599999755620956,0.006500000134110451,0.00925000011920929,0.0005000000237487257,0.008999999612569809,0.24368101358413696,0.49243560433387756,-0.1800563633441925,-0.05885038897395134,0.0
202,602,-0.15107031161287343,-0.35218065465215936,-0.03207031161287344,0.17581934534784066,0.1787203040661303,0.16742780414523387,0.817290186882019,0.6051910519599915,-1.0,0.8860465288162231,0.3084745705127716,0.2932499945163727,-0.2396250069141388,0.057500001043081284,0.1378750056028366,0.0007137500215321779,0.00047964000259526074,-5.139000131748617e-05,0.00010278000263497233,0.10450000315904617,0.013500000350177288,0.11800000071525574,0.00774999987334013,0.027499999850988388,-0.0002500000118743628,0.006750000175088644,-0.5920761823654175,-0.7160047292709351,0.4689865708351135,0.31062090396881104,0.0
203,603,-0.15232755070796478,-0.3537082854632475,-0.03332755070796478,0.17429171453675252,0.1774495065993501,0.16956904906590844,0.8114643692970276,0.606473445892334,-1.0,0.8860465288162231,0.3084745705127716,0.28562501072883606,-0.24124999344348907,0.061500001698732376,0.14012500643730164,9.707000572234392e-05,9.13600015337579e-05,0.0001541700039524585,0.0001884299999801442,0.016499999910593033,0.029999999329447746,0.04650000110268593,0.0010000000474974513,0.004000000189989805,0.00925000011920929,0.013749999925494194,0.2758856415748596,-0.24098296463489532,0.9292161464691162,-0.004141537938266993,0.0
204,604,-0.154347379536192,-0.35435163987165424,-0.03534737953619199,0.17364836012834578,0.1772094529514136,0.16997659472236068,0.8085405826568604,0.6038842797279358,-1.0,0.8860465288162231,0.3084745705127716,0.28975000977516174,-0.24762499332427979,0.07087499648332596,0.13987499475479126,0.00021127000218257308,0.0001256200048374012,0.0005310300039127469,0.00019985000835731626,0.029500000178813934,0.06400000303983688,0.09350000321865082,0.003000000026077032,0.00774999987334013,0.02525000087916851,0.01425000000745058,-0.4761236906051636,-0.6014392375946045,-0.7682696580886841,0.5906899571418762,0.0
205,605,-0.1505486776335178,-0.35622933081054364,-0.03154867763351782,0.17177066918945638,0.17464387150489216,0.17439390525523263,0.8038433194160461,0.60279381275177,-1.0,0.8860465288162231,0.3084745705127716,0.2823750078678131,-0.25687500834465027,0.0676250010728836,0.1457500010728836,0.0,8.565000462112948e-05,9.13600015337579e-05,0.00041112001053988934,0.007499999832361937,0.04399999976158142,0.051500000059604645,0.0,0.0037499999161809683,0.003000000026077032,0.02449999935925007,0.9244539141654968,0.793385922908783,0.40978342294692993,-0.784168004989624,0.0
206,606,-0.15507307342445598,-0.3549615628987605,-0.03607307342445598,0.1730384371012395,0.17675850005226287,0.1707448400144377,0.8126775026321411,0.5996112823486328,-1.0,0.8860465288162231,0.3084745705127716,0.29762500524520874,-0.25437501072883606,0.07050000131130219,0.1418749988079071,0.0003026300109922886,0.00048534999950788915,0.0001884299999801442,7.994000043254346e-05,0.0689999982714653,0.023499999195337296,0.0925000011920929,0.004000000189989805,0.02850000001490116,0.012500000186264515,0.003000000026077032,-0.7945365905761719,-0.9939343333244324,-0.1225491538643837,0.12724140286445618,0.0
207,607,-0.1727498266559197,-0.34763545142099367,-0.05374982665591971,0.18036454857900636,0.18820311965971806,0.15228047981534001,0.802155613899231,0.6017600893974304,-1.0,0.8860465288162231,0.3084745705127716,0.28462499380111694,-0.25975000858306885,0.07062499970197678,0.1420000046491623,9.13600015337579e-05,7.994000043254346e-05,0.00013133000175002962,0.00010278000263497233,0.014999999664723873,0.020500000566244125,0.03550000116229057,0.0002500000118743628,0.0020000000949949026,0.00774999987334013,0.007499999832361937,-0.8415138721466064,-0.8187410831451416,-0.9226299524307251,0.24652890861034393,0.0
208,608,-0.1601441269232043,-0.353182234701511,-0.041144126923204294,0.17481776529848903,0.17959423778125605,0.16597097126541438,0.7610468864440918,0.6141772270202637,-1.0,0.8860465288162231,0.3084745705127716,0.26899999380111694,-0.27412500977516174,0.0572500005364418,0.1496250033378601,0.0,7.423000351991504e-05,7.423000351991504e-05,6.28100024187006e-05,0.006500000134110451,0.012000000104308128,0.01850000023841858,0.0,0.0002500000118743628,0.0,0.0012499999720603228,-0.679663896560669,0.13982190191745758,0.08848945796489716,-0.2502073049545288,-0.10555967
209,609,-0.16000644534832464,-0.3579609618580736,-0.04100644534832465,0.17003903814192645,0.17491370172841422,0.17392397208685834,0.7903624773025513,0.6047758460044861,-1.0,0.8860465288162231,0.3084745705127716,0.27262499928474426,-0.2722499966621399,0.05900000035762787,0.14562499523162842,8.565000462112948e-05,7.994000043254346e-05,0.0,0.0,0.014499999582767487,0.0,0.014499999582767487,0.0002500000118743628,0.001500000013038516,-0.0002500000118743628,0.0,-0.31453028321266174,-0.6625893115997314,-0.9725418090820312,0.7635949850082397,-0.14070503
210,610,-0.15559467575200758,-0.35616728336896436,-0.03659467575200759,0.17183271663103566,0.17568623394619276,0.17258552997289991,0.7906826734542847,0.5966763496398926,-1.0,0.8860465288162231,0.3084745705127716,0.2668749988079071,-0.2842499911785126,0.06012500077486038,0.15524999797344208,0.0,6.851999933132902e-05,9.707000572234392e-05,0.0001256200048374012,0.006000000052154064,0.019500000402331352,0.025499999523162842,0.0,0.000750000006519258,0.004999999888241291,0.00925000011920929,-0.9238554239273071,0.9065797328948975,-0.5109624862670898,-0.20897354185581207,-0.13486266
211,611,-0.1585369113973255,-0.3571253931829087,-0.039536911397325514,0.17087460681709132,0.17538899229351743,0.173099289229456,0.800942599773407,0.5997164845466614,-1.0,0.8860465288162231,0.3084745705127716,0.27037501335144043,-0.2697499990463257,0.05274999886751175,0.15537500381469727,9.707000572234392e-05,9.707000572234392e-05,8.565000462112948e-05,6.851999933132902e-05,0.017000000923871994,0.013500000350177288,0.030500000342726707,0.0005000000237487257,0.005499999970197678,0.000750000006519258,0.0012499999720603228,0.9292998909950256,-0.39983099699020386,-0.9764446020126343,0.4940614700317383,0.0
212,612,-0.1508432806280865,-0.36237094001865305,-0.0318432806280865,0.16562905998134697,0.16866232546559917,0.18514365260515642,0.7941002249717712,0.5980925559997559,-1.0,0.8860465288162231,0.3084745705127716,0.28737500309944153,-0.2750000059604645,0.03474999964237213,0.164000004529953,0.00011420000373618677,7.994000043254346e-05,7.423000351991504e-05,6.851999933132902e-05,0.017000000923871994,0.012500000186264515,0.029500000178813934,0.0012499999720603228,0.0012499999720603228,0.0002500000118743628,0.0024999999441206455,0.07594349980354309,-0.5918899774551392,-0.6256406903266907,-0.5424455404281616,0.0
213,613,-0.1571252987259194,-0.35783733208045554,-0.03812529872591941,0.17016266791954449,0.1743813979656023,0.1748522443569591,0.811992347240448,0.589201807975769,-1.0,0.8860465288162231,0.3084745705127716,0.289124995470047,-0.2853749990463257,0.023250000551342964,0.15537500381469727,8.565000462112948e-05,6.851999933132902e-05,0.0,-2.8550000934046693e-05,0.013500000350177288,0.0024999999441206455,0.01600000075995922,0.0005000000237487257,0.0,0.0,-0.0005000000237487257,-0.5203450322151184,0.4755610525608063,-0.8215992450714111,0.43401092290878296,-0.12259192
214,614,-0.14729154645316334,-0.3610154128640254,-0.02829154645316334,0.16698458713597464,0.16936429358540545,0.18384855409544615,0.7973830103874207,0.5968858599662781,-1.0,0.8860465288162231,0.3084745705127716,0.2796249985694885,-0.2777499854564667,0.027000000700354576,0.1626249998807907,9.707000572234392e-05,7.994000043254346e-05,0.0,6.851999933132902e-05,0.01549999974668026,0.006000000052154064,0.0215000007301569,0.0,0.0024999999441206455,0.0,0.0012499999720603228,0.7152683734893799,0.4882909953594208,-0.6492577791213989,-0.9773029685020447,-0.10191094
215,615,-0.1458415936480295,-0.36238507311377643,-0.026841593648029516,0.1656149268862236,0.16777596716185286,0.18679198300910377,0.8202522397041321,0.5914993286132812,-1.0,0.8860465288162231,0.3084745705127716,0.29212498664855957,-0.27175000309944153,0.030750000849366188,0.14487500488758087,0.00013703999866265804,0.00013703999866265804,0.0,6.851999933132902e-05,0.024000000208616257,0.006000000052154064,0.029999999329447746,0.0017500000540167093,0.008750000037252903,0.0,0.0002500000118743628,0.023921135812997818,-0.8758270740509033,-0.5949095487594604,-0.8599030375480652,-0.09538915
216,616,-0.14595492713987662,-0.36213407617855403,-0.026954927139876628,0.165865923821446,0.16804187806096962,0.1862959425726845,0.8236241936683655,0.5891778469085693,-1.0,0.8860465288162231,0.3084745705127716,0.2930000126361847,-0.2837499976158142,0.03449999913573265,0.1289999932050705,9.13600015337579e-05,7.423000351991504e-05,0.0,0.0,0.014499999582767487,0.0,0.014499999582767487,0.000750000006519258,0.0,0.0,0.0,-0.43009403347969055,-0.8701449632644653,-0.9019932150840759,-0.6574001312255859,-0.23512721
217,617,-0.15026172991901476,-0.3620902105550412,-0.03126172991901477,0.16590978944495882,0.16882936353371705,0.1848346503721296,0.8233606219291687,0.5896032452583313,-1.0,0.8860465288162231,0.3084745705127716,0.2853749990463257,-0.30000001192092896,0.03824999928474426,0.132750004529953,0.0,0.0,0.0,0.0,0.0,0.0,0.0,0.0,0.0,0.0,0.0,-0.25374093651771545,0.6269309520721436,0.8127363920211792,-0.8364664912223816,-0.1788249
218,618,-0.13590735855160882,-0.36388239558321306,-0.016907358551608825,0.16411760441678697,0.16498620200700917,0.19207640948193594,0.8133448362350464,0.589677631855011,-1.0,0.8860465288162231,0.3084745705127716,0.289000004529953,-0.28824999928474426,0.05350000038743019,0.13625000417232513,9.13600015337579e-05,6.851999933132902e-05,0.0,6.28100024187006e-05,0.014000000432133675,0.005499999970197678,0.019500000402331352,0.0002500000118743628,0.0,-0.0002500000118743628,0.0005000000237487257,-0.9655163884162903,0.7256630063056946,-0.6989752054214478,-0.5229471325874329,-0.10787703
219,619,-0.13503818522619454,-0.3625287942089678,-0.016038185226194546,0.16547120579103225,0.16624663404498713,0.18967061046071212,0.8467270731925964,0.5866400003433228,-1.0,0.8860465288162231,0.3084745705127716,0.2709999978542328,-0.2747499942779541,0.0572500005364418,0.12687499821186066,2.8550000934046693e-05,0.0,0.0,0.0,0.0024999999441206455,0.0,0.0024999999441206455,0.0002500000118743628,0.0,-0.0002500000118743628,-0.0002500000118743628,-0.44728973507881165,0.5053138732910156,0.10208847373723984,0.2061224728822708,-0.011749385
220,620,-0.15230116934490306,-0.3537854354177062,-0.03330116934490307,0.17421456458229384,0.17736877513343816,0.16970599991872962,0.8487483859062195,0.5889342427253723,-1.0,0.8860465288162231,0.3084745705127716,0.2628749907016754,-0.265749990940094,0.060874998569488525,0.1303749978542328,0.0,6.851999933132902e-05,0.0,6.28100024187006e-05,0.006000000052154064,0.005499999970197678,0.011500000022351742,-0.0002500000118743628,0.000750000006519258,0.0,0.0002500000118743628,0.2056671530008316,0.7969799637794495,-0.8163859248161316,0.38064274191856384,-0.12196632
221,621,-0.13693850749342099,-0.35910715930577464,-0.01793850749342099,0.1688928406942254,0.16984281465183187,0.18297090158458057,0.8086019158363342,0.6037535071372986,-1.0,0.8860465288162231,0.3084745705127716,0.26600000262260437,-0.2535000145435333,0.06400000303983688,0.13612499833106995,9.707000572234392e-05,9.707000572234392e-05,7.994000043254346e-05,7.423000351991504e-05,0.017000000923871994,0.013500000350177288,0.030500000342726707,0.0010000000474974513,0.006000000052154064,0.0012499999720603228,0.003000000026077032,-0.5262577533721924,-0.9082326292991638,0.19600896537303925,-0.4207777678966522,0.0
222,622,-0.14424661987953322,-0.35725386627061684,-0.025246619879533222,0.1707461337293832,0.17260253184375382,0.1779904612805385,0.8443290591239929,0.5947336554527283,-1.0,0.8860465288162231,0.3084745705127716,0.2566249966621399,-0.26750001311302185,0.06812500208616257,0.12974999845027924,1.7129999832832254e-05,2.2840000383439474e-05,7.994000043254346e-05,0.0,0.0035000001080334187,0.007000000216066837,0.010499999858438969,0.0002500000118743628,0.0,0.0002500000118743628,0.0,0.2628340721130371,0.22253568470478058,-0.6689096689224243,-0.8622192144393921,-0.12746632
223,623,-0.14889920681036123,-0.3565641288620755,-0.029899206810361234,0.17143587113792452,0.1740236204677624,0.1754789467733413,0.8273334503173828,0.5978748202323914,-1.0,0.8860465288162231,0.3084745705127716,0.2616249918937683,-0.26374998688697815,0.05587499961256981,0.13312500715255737,9.13600015337579e-05,7.423000351991504e-05,0.0,6.28100024187006e-05,0.014499999582767487,0.005499999970197678,0.019999999552965164,0.0,0.000750000006519258,-0.0002500000118743628,0.000750000006519258,0.9311730861663818,0.3531867265701294,-0.8685799241065979,0.19171635806560516,-0.1282296
224,624,-0.15499725720160867,-0.35320950261650275,-0.03599725720160868,0.17479049738349728,0.17845873613137894,0.1678663148464124,0.8165134787559509,0.5990438461303711,-1.0,0.8860465288162231,0.3084745705127716,0.2786250114440918,-0.2601250112056732,0.05950000137090683,0.13600000739097595,0.00010848999954760075,0.00010848999954760075,0.0,6.851999933132902e-05,0.01899999938905239,0.006000000052154064,0.02500000037252903,0.000750000006519258,0.006500000134110451,0.0,0.0020000000949949026,-0.5718125700950623,0.2080734372138977,-0.8566544055938721,0.4970380663871765,-0.12679854
225,625,-0.15797182037494711,-0.35115918151989556,-0.03897182037494712,0.17684081848010447,0.1810841734223353,0.16351644147452896,0.8023319840431213,0.6047296524047852,-1.0,0.8860465288162231,0.3084745705127716,0.2682499885559082,-0.2562499940395355,0.06137499958276749,0.14237500727176666,8.565000462112948e-05,0.00010848999954760075,9.13600015337579e-05,0.00010848999954760075,0.017000000923871994,0.017500000074505806,0.03449999913573265,0.0002500000118743628,0.006500000134110451,0.0037499999161809683,0.00774999987334013,-0.5883468389511108,0.3905201554298401,-0.9605457782745361,0.6085801124572754,0.0
226,626,-0.15529516539974414,-0.35078214310916705,-0.036295165399744145,0.17721785689083297,0.18089640082758568,0.16382376898765144,0.795414388179779,0.6082047820091248,-1.0,0.8860465288162231,0.3084745705127716,0.25737500190734863,-0.24887500703334808,0.04475000128149986,0.15412500500679016,9.13600015337579e-05,0.00010848999954760075,7.994000043254346e-05,0.00010848999954760075,0.017500000074505806,0.016499999910593033,0.03400000184774399,0.0,0.0062500000931322575,0.0010000000474974513,0.007000000216066837,-0.6726435422897339,-0.2472950518131256,-0.4602194130420685,-0.47108426690101624,0.0
227,627,-0.15595560564895605,-0.3518444150694795,-0.03695560564895606,0.17615558493052053,0.17999029665816704,0.1653149285159665,0.8016391396522522,0.6088438034057617,-1.0,0.8860465288162231,0.3084745705127716,0.2447499930858612,-0.2502500116825104,0.03662500157952309,0.14900000393390656,8.565000462112948e-05,0.0,0.0,-6.28100024187006e-05,0.007499999832361937,0.005499999970197678,0.013000000268220901,0.0002500000118743628,-0.0002500000118743628,0.0,-0.0002500000118743628,0.8947437405586243,0.3279813528060913,0.9511358141899109,0.6475515365600586,0.0
228,628,-0.1722024306479777,-0.3448421879812623,-0.053202430647977694,0.1831578120187377,0.1907282955681829,0.14848327465299363,0.8001032471656799,0.6070433855056763,-1.0,0.8860465288162231,0.3084745705127716,0.2613750100135803,-0.24887500703334808,0.048624999821186066,0.15437500178813934,9.13600015337579e-05,0.00013703999866265804,0.0001827200030675158,0.0001827200030675158,0.019999999552965164,0.03200000151991844,0.052000001072883606,0.0005000000237487257,0.00925000011920929,0.011500000022351742,0.013249999843537807,-0.8208485841751099,-0.662060022354126,-0.9464991092681885,-0.08176141232252121,0.0
229,629,-0.15531359757848284,-0.3528491939214475,-0.03631359757848285,0.17515080607855255,0.17887560548900658,0.16716798818426773,0.7623199224472046,0.6189115643501282,-1.0,0.8860465288162231,0.3084745705127716,0.2462500035762787,-0.2566249966621399,0.03662500157952309,0.1587499976158142,0.0,0.0,7.423000351991504e-05,6.851999933132902e-05,0.0,0.012500000186264515,0.012500000186264515,0.0,0.0,0.0002500000118743628,0.001500000013038516,-0.32501834630966187,-0.5243062376976013,-0.7004374265670776,-0.3760085701942444,-0.14991896
230,630,-0.14988622470783391,-0.3505049954393145,-0.03088622470783392,0.1774950045606855,0.1801622477676735,0.16503091191702973,0.8015962839126587,0.6053403615951538,-1.0,0.8860465288162231,0.3084745705127716,0.24975000321865082,-0.2540000081062317,0.023624999448657036,0.15275000035762787,8.565000462112948e-05,7.994000043254346e-05,0.0,-6.851999933132902e-05,0.014499999582767487,0.006000000052154064,0.020500000566244125,0.0005000000237487257,0.0022499999031424522,0.0,-0.0005000000237487257,-0.6529637575149536,0.8184000253677368,-0.9866275191307068,-0.5785608291625977,-0.1423953
231,631,-0.18225353658667665,-0.3362797114862539,-0.06325353658667665,0.19172028851374612,0.2018853112995497,0.13280769318663085,0.8142181038856506,0.6093135476112366,-1.0,0.8860465288162231,0.3084745705127716,0.23787499964237213,-0.23912499845027924,0.027374999597668648,0.14137500524520874,9.13600015337579e-05,8.565000462112948e-05,0.0,6.28100024187006e-05,0.01549999974668026,0.005499999970197678,0.020999999716877937,0.0,0.003000000026077032,0.0,0.000750000006519258,-0.7168750762939453,-0.511199414730072,-0.5037854909896851,0.6640937328338623,-0.08445426
232,632,-0.17182855631592991,-0.34277381691040254,-0.05282855631592992,0.18522618308959748,0.19261255219836135,0.14571166284803908,0.7389452457427979,0.6334242224693298,-1.0,0.8860465288162231,0.3084745705127716,0.22450000047683716,-0.24699999392032623,0.03099999949336052,0.15412500500679016,0.0,0.0,1.7129999832832254e-05,6.28100024187006e-05,0.0,0.007000000216066837,0.007000000216066837,0.0,-0.0002500000118743628,0.0002500000118743628,0.0,0.14814068377017975,0.29479461908340454,-0.9331507682800293,0.8710480332374573,-0.0062231184
233,633,-0.1626694760804236,-0.3482864918706097,-0.0436694760804236,0.1797135081293903,0.1849431484140765,0.15732658355148862,0.7631893754005432,0.6224172711372375,-1.0,0.8860465288162231,0.3084745705127716,0.22812500596046448,-0.24199999868869781,0.013749999925494194,0.16987499594688416,7.994000043254346e-05,7.423000351991504e-05,0.0,6.851999933132902e-05,0.013500000350177288,0.006000000052154064,0.019500000402331352,0.0002500000118743628,0.000750000006519258,0.0,0.0010000000474974513,0.8552431464195251,0.5419917106628418,-0.1453191339969635,-0.005805531516671181,-0.041438304
234,634,-0.1663371337711001,-0.34640272932105526,-0.047337133771100104,0.18159727067894477,0.18766558808610853,0.15310123941954684,0.7844895720481873,0.6130737662315369,-1.0,0.8860465288162231,0.3084745705127716,0.24375000596046448,-0.23524999618530273,0.016499999910593033,0.16975000500679016,0.00010848999954760075,0.00011420000373618677,7.994000043254346e-05,6.851999933132902e-05,0.019500000402331352,0.013000000268220901,0.032499998807907104,0.0010000000474974513,0.007499999832361937,0.0020000000949949026,0.0012499999720603228,-0.9239639043807983,-0.13450056314468384,0.07463759183883667,0.5663849115371704,0.0
235,635,-0.18230165710285084,-0.3402247220406751,-0.06330165710285085,0.18777527795932492,0.1981581560387274,0.13785104506205048,0.7759601473808289,0.6162665486335754,-1.0,0.8860465288162231,0.3084745705127716,0.22699999809265137,-0.23512500524520874,0.016499999910593033,0.17387500405311584,0.0,7.994000043254346e-05,9.707000572234392e-05,0.00019414001144468784,0.007000000216066837,0.025499999523162842,0.032499998807907104,0.0,0.0022499999031424522,0.004749999847263098,0.014000000432133675,-0.03471625596284866,-0.9383713006973267,-0.702907919883728,0.16852562129497528,-0.028165953
236,636,-0.16701822651347198,-0.3482833166608901,-0.048018226513471984,0.17971668333910995,0.18602106425861836,0.15563984253591667,0.7388333678245544,0.6267377734184265,-1.0,0.8860465288162231,0.3084745705127716,0.23074999451637268,-0.25174999237060547,0.005750000011175871,0.18324999511241913,0.0,6.851999933132902e-05,0.0,6.851999933132902e-05,0.006000000052154064,0.006000000052154064,0.012000000104308128,0.0,0.0005000000237487257,0.0,0.001500000013038516,-0.5365722179412842,0.8475947380065918,-0.09385933727025986,0.6536704897880554,-0.12365179
237,637,-0.16301866222819467,-0.3496558488875471,-0.04401866222819467,0.17834415111245294,0.18369615907901107,0.15930071227586293,0.7743762135505676,0.6130791306495667,-1.0,0.8860465288162231,0.3084745705127716,0.2345000058412552,-0.23987500369548798,0.0062500000931322575,0.1875,9.13600015337579e-05,0.0001256200048374012,0.00011420000373618677,0.0002512400096748024,0.01899999938905239,0.03200000151991844,0.050999999046325684,0.0,0.008500000461935997,0.006500000134110451,0.017500000074505806,0.885441780090332,0.12771116197109222,-0.9475845098495483,-0.6645323038101196,0.0
238,638,-0.15951426515575823,-0.3471296991140989,-0.04051426515575823,0.18087030088590111,0.18535229004160558,0.15668421001188163,0.7836775183677673,0.6107528209686279,-1.0,0.8860465288162231,0.3084745705127716,0.25,-0.23937499523162842,-0.008249999955296516,0.1837500035762787,0.0001598800008650869,0.00017130000924225897,0.0,2.2840000383439474e-05,0.028999999165534973,0.0020000000949949026,0.03099999949336052,0.0020000000949949026,0.012249999679625034,0.0,0.0002500000118743628,-0.6682393550872803,0.7621927857398987,-0.9550216794013977,-0.8546472787857056,-0.13860261
239,639,-0.161131994382743,-0.3457981716577013,-0.04213199438274301,0.1822018283422987,0.18700965537090317,0.15410878132232858,0.7918272614479065,0.6150344014167786,-1.0,0.8860465288162231,0.3084745705127716,0.2383749932050705,-0.22425000369548798,-0.0044999998062849045,0.16775000095367432,8.565000462112948e-05,0.0001484600070398301,0.0,6.851999933132902e-05,0.020500000566244125,0.006000000052154064,0.026499999687075615,0.0002500000118743628,0.010499999858438969,0.0,0.0002500000118743628,0.8144820332527161,0.9085149168968201,-0.6920415163040161,0.3198621869087219,-0.10704499
240,640,-0.16593928927879908,-0.34433205963184976,-0.04693928927879909,0.18366794036815026,0.1895711191006615,0.15021146800433,0.7880651354789734,0.6172912120819092,-1.0,0.8860465288162231,0.3084745705127716,0.2511250078678131,-0.21687500178813934,-0.0008750000270083547,0.16987499594688416,0.00041683000745251775,0.0005538699915632606,6.851999933132902e-05,0.00011420000373618677,0.08500000089406967,0.01600000075995922,0.10100000351667404,0.005249999929219484,0.029750000685453415,0.0002500000118743628,0.00774999987334013,-0.6633108854293823,-0.6746945977210999,-0.9913845658302307,0.6557104587554932,0.0
241,641,-0.1579481063439847,-0.34803714578152456,-0.03894810634398471,0.17996285421847547,0.18412925863708515,0.1586122734837872,0.7768853902816772,0.61977618932724,-1.0,0.8860465288162231,0.3084745705127716,0.2408750057220459,-0.21674999594688416,-0.01912499964237213,0.1836249977350235,0.00010278000263497233,9.13600015337579e-05,0.0,8.565000462112948e-05,0.017000000923871994,0.007499999832361937,0.02449999935925007,0.0010000000474974513,0.0042500002309679985,-0.0002500000118743628,0.004749999847263098,0.6270679831504822,-0.4790042042732239,-0.5883960723876953,-0.8454071283340454,-0.09460753
242,642,-0.16799930517695688,-0.3445900317289445,-0.04899930517695689,0.18340996827105555,0.18984243037059484,0.14980447971510263,0.7954695224761963,0.6134963631629944,-1.0,0.8860465288162231,0.3084745705127716,0.25187501311302185,-0.22550000250339508,-0.015625,0.17012499272823334,0.0001827200030675158,8.565000462112948e-05,7.423000351991504e-05,6.28100024187006e-05,0.023499999195337296,0.012000000104308128,0.03550000116229057,0.0024999999441206455,0.004000000189989805,0.0002500000118743628,0.0002500000118743628,-0.5549744367599487,0.5598565340042114,-0.8712375164031982,0.8848817944526672,0.0
243,643,-0.16093529055669975,-0.3500672402775091,-0.041935290556699756,0.17793275972249095,0.1828076463842159,0.16072242602777378,0.7720946669578552,0.6193389296531677,-1.0,0.8860465288162231,0.3084745705127716,0.24237500131130219,-0.22037500143051147,-0.03175000101327896,0.18449999392032623,9.707000572234392e-05,0.00021127000218257308,0.0,8.565000462112948e-05,0.027000000700354576,0.007499999832361937,0.03449999913573265,0.000750000006519258,0.014499999582767487,0.0,0.0044999998062849045,0.9500584602355957,-0.9531741738319397,-0.013243080116808414,-0.4574947953224182,-0.025589172
244,644,-0.15893604642260012,-0.3471023150533426,-0.039936046422600124,0.18089768494665742,0.1852535025928746,0.1568390708244456,0.7885226011276245,0.6100555062294006,-1.0,0.8860465288162231,0.3084745705127716,0.2593750059604645,-0.23337499797344208,-0.02812499925494194,0.17812499403953552,0.00017701000615488738,9.707000572234392e-05,7.423000351991504e-05,6.28100024187006e-05,0.024000000208616257,0.012000000104308128,0.035999998450279236,0.0022499999031424522,0.004999999888241291,0.0002500000118743628,0.0002500000118743628,-0.6884653568267822,0.8602291941642761,0.20869769155979156,-0.598049521446228,0.0
245,645,-0.1618923679294358,-0.34591971669702465,-0.04289236792943579,0.18208028330297538,0.18706411947320595,0.1540248702108027,0.7931720018386841,0.6150808334350586,-1.0,0.8860465288162231,0.3084745705127716,0.24712499976158142,-0.22200000286102295,-0.024250000715255737,0.16687500476837158,0.00010278000263497233,0.00020556000526994467,7.423000351991504e-05,6.851999933132902e-05,0.027000000700354576,0.012500000186264515,0.039500001817941666,0.0010000000474974513,0.014499999582767487,0.0002500000118743628,0.0005000000237487257,0.26617565751075745,-0.2235047072172165,-0.8807521462440491,0.23567090928554535,0.0
246,646,-0.1588611632088578,-0.3509130957231259,-0.0398611632088578,0.17708690427687412,0.18151772364904198,0.16280905012825067,0.7862968444824219,0.6170852184295654,-1.0,0.8860465288162231,0.3084745705127716,0.25049999356269836,-0.22200000286102295,-0.04062499850988388,0.16837500035762787,0.0003026300109922886,0.00010848999954760075,0.0,9.13600015337579e-05,0.035999998450279236,0.00800000037997961,0.04399999976158142,0.004000000189989805,0.0062500000931322575,0.0,0.0062500000931322575,0.9805828332901001,-0.9403334856033325,-0.9547752737998962,-0.11900626868009567,-0.13857304
247,647,-0.1623194146801369,-0.35207228433679316,-0.04331941468013689,0.17592771566320686,0.1811825952642908,0.1633555847529887,0.793346107006073,0.6086218953132629,-1.0,0.8860465288162231,0.3084745705127716,0.2696250081062317,-0.23937499523162842,-0.03700000047683716,0.16850000619888306,0.00017701000615488738,9.707000572234392e-05,3.425999966566451e-05,6.851999933132902e-05,0.024000000208616257,0.008999999612569809,0.032999999821186066,0.0024999999441206455,0.005750000011175871,0.0002500000118743628,0.0017500000540167093,0.2911674976348877,-0.3994768261909485,-0.9632084369659424,0.542199969291687,-0.13958502
248,648,-0.15445114380896946,-0.3543368772269788,-0.035451143808969465,0.1736631227730212,0.1772446439490956,0.16991678878662198,0.7853037118911743,0.6066571474075317,-1.0,0.8860465288162231,0.3084745705127716,0.2750000059604645,-0.24574999511241913,-0.033250000327825546,0.1772499978542328,0.00019985000835731626,8.565000462112948e-05,7.423000351991504e-05,7.994000043254346e-05,0.02500000037252903,0.013500000350177288,0.03849999979138374,0.0024999999441206455,0.0037499999161809683,0.0002500000118743628,0.0044999998062849045,0.04052150622010231,-0.07520708441734314,-0.6075999140739441,-0.8718732595443726,0.0
249,649,-0.1519060944016497,-0.35606467329472924,-0.03290609440164971,0.17193532670527079,0.1750558985524866,0.1736768334755212,0.8036019802093506,0.6028188467025757,-1.0,0.8860465288162231,0.3084745705127716,0.27549999952316284,-0.24574999511241913,-0.04450000077486038,0.16312499344348907,0.00022840000747237355,7.994000043254346e-05,0.0,6.851999933132902e-05,0.027000000700354576,0.006000000052154064,0.032999999821186066,0.003000000026077032,0.0010000000474974513,0.0,0.0002500000118743628,-0.1812204271554947,-0.40538421273231506,0.9838532209396362,-0.31933748722076416,0.0
250,650,-0.15570098255226578,-0.3579402101269197,-0.03670098255226578,0.17005978987308035,0.1739749816840857,0.1755643183588279,0.8095207214355469,0.599890410900116,-1.0,0.8860465288162231,0.3084745705127716,0.273624986410141,-0.25325000286102295,-0.026125000789761543,0.1576250046491623,8.565000462112948e-05,7.423000351991504e-05,0.0,-6.851999933132902e-05,0.014000000432133675,0.006000000052154064,0.019999999552965164,0.0,0.0010000000474974513,0.0,-0.0005000000237487257,0.9539564251899719,-0.6637815237045288,-0.992608904838562,0.21300539374351501,-0.14311309
251,651,-0.1552124277937868,-0.35733578764197016,-0.036212427793786806,0.17066421235802987,0.17446378795184672,0.1747082429464024,0.8006953597068787,0.5967115163803101,-1.0,0.8860465288162231,0.3084745705127716,0.2906250059604645,-0.26649999618530273,-0.02250000089406967,0.16037499904632568,0.00013703999866265804,8.565000462112948e-05,7.423000351991504e-05,6.851999933132902e-05,0.019500000402331352,0.012500000186264515,0.03200000151991844,0.0017500000540167093,0.002749999985098839,0.0002500000118743628,0.0017500000540167093,0.8426953554153442,0.9221194386482239,-0.3240504562854767,0.38464412093162537,0.0
252,652,-0.1510353040967436,-0.3572967015343343,-0.0320353040967436,0.17070329846566573,0.17368326579042956,0.17607721511602767,0.8018315434455872,0.5977359414100647,-1.0,0.8860465288162231,0.3084745705127716,0.30412501096725464,-0.26237499713897705,-0.02824999950826168,0.16437500715255737,0.0005139000131748617,0.0005310300039127469,-3.425999966566451e-05,0.00011420000373618677,0.09149999916553497,0.013000000268220901,0.10450000315904617,0.0062500000931322575,0.028999999165534973,-0.0002500000118743628,0.00800000037997961,-0.5872923135757446,-0.08071228861808777,-0.8233945369720459,-0.8680407404899597,0.0
253,653,-0.15423190796725683,-0.35707374350554344,-0.03523190796725684,0.17092625649445659,0.1745195476106388,0.17461085338082188,0.8115457892417908,0.5978022217750549,-1.0,0.8860465288162231,0.3084745705127716,0.2957499921321869,-0.25824999809265137,-0.04374999925494194,0.15187500417232513,0.00010278000263497233,0.00026837000041268766,0.0,6.28100024187006e-05,0.032499998807907104,0.005499999970197678,0.03799999877810478,0.0010000000474974513,0.017750000581145287,0.0,0.0005000000237487257,0.5358333587646484,0.5652735233306885,-0.8402290344238281,0.651282787322998,-0.1248275
254,654,-0.1507918831953402,-0.35600325963615553,-0.03179188319534021,0.1719967403638445,0.17491026994688988,0.17392994088001623,0.8041118383407593,0.5981801152229309,-1.0,0.8860465288162231,0.3084745705127716,0.30274999141693115,-0.25687500834465027,-0.03999999910593033,0.1599999964237213,0.000673780043143779,0.00074230000609532,2.2840000383439474e-05,0.00011991000064881518,0.12399999797344208,0.012500000186264515,0.13650000095367432,0.007000000216066837,0.035999998450279236,0.0,0.008500000461935997,-0.960089921951294,-0.0005841552629135549,-0.2759169042110443,-0.7087134122848511,-0.057110034
255,655,-0.14415587086027062,-0.35837058811405464,-0.02515587086027063,0.16962941188594538,0.17148456261573614,0.17999150454870774,0.8121119141578674,0.5999944806098938,-1.0,0.8860465288162231,0.3084745705127716,0.2876250147819519,-0.24887500703334808,-0.036249998956918716,0.1508750021457672,0.00010848999954760075,0.0003140500048175454,0.0,5.7100001868093386e-05,0.03700000047683716,0.004999999888241291,0.041999999433755875,0.0012499999720603228,0.019999999552965164,0.0,0.0002500000118743628,0.5033449530601501,-0.7732782959938049,-0.9971041679382324,-0.870058536529541,-0.14365251
256,656,-0.14930593099902068,-0.3577761603724854,-0.03030593099902068,0.17022383962751464,0.17290056399922826,0.17746078217134306,0.8275445103645325,0.5959820747375488,-1.0,0.8860465288162231,0.3084745705127716,0.29612499475479126,-0.25587499141693115,-0.032499998807907104,0.13449999690055847,0.0002169799990952015,9.13600015337579e-05,0.0,6.851999933132902e-05,0.027000000700354576,0.006000000052154064,0.032999999821186066,0.003000000026077032,0.005249999929219484,0.0,0.0005000000237487257,0.6882518529891968,0.07643191516399384,-0.8238492012023926,0.9185927510261536,-0.122861914
257,657,-0.1492903794215143,-0.36075667749905976,-0.030290379421514302,0.16724332250094026,0.16996421978361448,0.1827489003081268,0.8155676126480103,0.5969895720481873,-1.0,0.8860465288162231,0.3084745705127716,0.3070000112056732,-0.257999986410141,-0.028750000521540642,0.14800000190734863,0.0006052600219845772,0.00017130000924225897,0.0,0.00010848999954760075,0.06800000369548798,0.009499999694526196,0.07750000059604645,0.007000000216066837,0.012249999679625034,0.0,0.00774999987334013,-0.13100852072238922,-0.7978005409240723,-0.9718361496925354,-0.22957581281661987,-0.14062035
258,658,-0.15119326831926516,-0.36296133598295804,-0.03219326831926517,0.16503866401704198,0.16814924069292217,0.18609603767629884,0.8156037926673889,0.5919378399848938,-1.0,0.8860465288162231,0.3084745705127716,0.3071250021457672,-0.26875001192092896,-0.02500000037252903,0.14762499928474426,0.00016558999777771533,9.13600015337579e-05,0.0,0.0,0.02250000089406967,0.0,0.02250000089406967,0.0020000000949949026,0.004000000189989805,0.0,0.0,0.6437239646911621,-0.9286325573921204,-0.7960284352302551,-0.7963014841079712,-0.23907958
259,659,-0.14953630456208772,-0.3647983259929159,-0.030536304562087724,0.16320167400708413,0.16603388899565996,0.19007455482796168,0.81117844581604,0.588201105594635,-1.0,0.8860465288162231,0.3084745705127716,0.3192499876022339,-0.28587499260902405,-0.021250000223517418,0.15025000274181366,0.00014275001012720168,9.13600015337579e-05,0.0,7.423000351991504e-05,0.020500000566244125,0.006500000134110451,0.027000000700354576,0.0017500000540167093,0.0035000001080334187,0.0,0.0022499999031424522,0.8393011689186096,0.30214375257492065,0.264168918132782,0.2281849980354309,0.0
260,660,-0.15013886726828846,-0.3623885452040654,-0.03113886726828846,0.16561145479593464,0.1685134505443942,0.18541949034775274,0.8150318264961243,0.5850875973701477,-1.0,0.8860465288162231,0.3084745705127716,0.3330000042915344,-0.2861250042915344,-0.016249999403953552,0.1523749977350235,0.0004739300056826323,0.00022840000747237355,0.0,9.707000572234392e-05,0.061500001698732376,0.008500000461935997,0.07000000029802322,0.005499999970197678,0.015250000171363354,-0.0002500000118743628,0.006500000134110451,-0.9690109491348267,0.2028062790632248,-0.24827328324317932,0.05410119891166687,-0.0537928
261,661,-0.15214329209326388,-0.363050162724787,-0.03314329209326389,0.164949837275213,0.16824662441754562,0.18591489863771968,0.8136305212974548,0.5891719460487366,-1.0,0.8860465288162231,0.3084745705127716,0.31712499260902405,-0.28187501430511475,-0.012749999761581421,0.1548749953508377,0.00010278000263497233,0.00019985000835731626,4.568000076687895e-05,8.565000462112948e-05,0.026499999687075615,0.011500000022351742,0.03799999877810478,0.0010000000474974513,0.01425000000745058,0.0002500000118743628,0.0035000001080334187,0.4071691036224365,0.23843617737293243,-0.3515973389148712,0.47013816237449646,-0.06619169
262,662,-0.15624629777022297,-0.3628569841336328,-0.03724629777022298,0.1651430158663672,0.1692911763413183,0.1839830282474008,0.8089690804481506,0.5880505442619324,-1.0,0.8860465288162231,0.3084745705127716,0.3228749930858612,-0.28174999356269836,-0.008875000290572643,0.16200000047683716,0.0003654400061350316,0.0003882800228893757,0.0,9.707000572234392e-05,0.06599999964237213,0.008500000461935997,0.07450000196695328,0.004749999847263098,0.022749999538064003,0.0,0.006750000175088644,0.002017592079937458,-0.21656450629234314,-0.9602445960044861,0.7249854803085327,-0.13922936
263,663,-0.16387762247990284,-0.36081149327238793,-0.044877622479902846,0.1671885067276121,0.17310689697772724,0.17709499954868288,0.7994272112846375,0.5883780121803284,-1.0,0.8860465288162231,0.3084745705127716,0.3228749930858612,-0.28187501430511475,-0.005125000141561031,0.17550000548362732,0.0003654400061350316,0.00022840000747237355,0.0,0.00010278000263497233,0.052000001072883606,0.008999999612569809,0.061000000685453415,0.004749999847263098,0.014999999664723873,0.0,0.006750000175088644,-0.9222898483276367,0.09513301402330399,-0.9738267660140991,0.9498724341392517,-0.14085923
264,664,-0.1687748541878385,-0.35843113372486163,-0.0497748541878385,0.1695688662751384,0.17672333326206913,0.1708048960533639,0.7816799283027649,0.591844916343689,-1.0,0.8860465288162231,0.3084745705127716,0.3075000047683716,-0.2796249985694885,-0.0013749999925494194,0.19449999928474426,0.00010278000263497233,0.00020556000526994467,0.0,8.565000462112948e-05,0.027000000700354576,0.007499999832361937,0.03449999913573265,0.0010000000474974513,0.014000000432133675,0.0,0.0042500002309679985,-0.7512948513031006,-0.37701621651649475,-0.9264175295829773,0.36293894052505493,-0.1351701
265,665,-0.15429370958176128,-0.36408464022143683,-0.035293709581761284,0.1639153597785632,0.1676719747226039,0.18698633358599434,0.7702910304069519,0.5958794355392456,-1.0,0.8860465288162231,0.3084745705127716,0.29374998807907104,-0.2796249985694885,0.002374999923631549,0.20200000703334808,9.707000572234392e-05,7.423000351991504e-05,1.7129999832832254e-05,6.851999933132902e-05,0.014999999664723873,0.007499999832361937,0.02250000089406967,0.0005000000237487257,0.0,0.0,0.002749999985098839,-0.9049946069717407,-0.41561487317085266,-0.7732118964195251,-0.8971989154815674,-0.11678543
266,666,-0.16702344897902494,-0.357096178219945,-0.04802344897902494,0.17090382178005503,0.1775228659944116,0.16944469985379368,0.8039681315422058,0.5862972140312195,-1.0,0.8860465288162231,0.3084745705127716,0.2771250009536743,-0.28725001215934753,0.006124999839812517,0.18662500381469727,8.565000462112948e-05,0.0,1.1420000191719737e-05,0.0,0.007499999832361937,0.0010000000474974513,0.008500000461935997,0.0,-0.0002500000118743628,0.0,0.0,-0.740054190158844,0.6271114349365234,0.5977755784988403,0.6241298317909241,0.0
267,667,-0.16610735916502173,-0.3547403340136173,-0.047107359165021734,0.1732596659863827,0.17954947826494863,0.16604527569727515,0.7743640542030334,0.5981420874595642,-1.0,0.8860465288162231,0.3084745705127716,0.26337501406669617,-0.27799999713897705,0.013875000178813934,0.1938749998807907,0.0,9.13600015337579e-05,0.00011420000373618677,0.00011991000064881518,0.00800000037997961,0.020500000566244125,0.02850000001490116,-0.0002500000118743628,0.004749999847263098,0.006750000175088644,0.008750000037252903,0.07989995926618576,0.8110506534576416,0.8602959513664246,-0.23076173663139343,-0.014412005
268,668,-0.15687046101806484,-0.3597287108688176,-0.03787046101806485,0.16827128913118244,0.17248013962074232,0.17820844113082954,0.7764945030212402,0.6021350026130676,-1.0,0.8860465288162231,0.3084745705127716,0.2668749988079071,-0.26774999499320984,0.02199999988079071,0.19112500548362732,9.13600015337579e-05,0.0001884299999801442,0.0003997000167146325,9.13600015337579e-05,0.02449999935925007,0.0430000014603138,0.06750000268220901,0.0002500000118743628,0.014499999582767487,0.022749999538064003,0.005750000011175871,0.9073944091796875,-0.593474268913269,-0.5766251087188721,-0.681746244430542,0.0
269,669,-0.15983669874897516,-0.3586478931200142,-0.040836698748975164,0.1693521068799858,0.17420611949470857,0.17515899144946429,0.7979756593704224,0.5936801433563232,-1.0,0.8860465288162231,0.3084745705127716,0.28337499499320984,-0.2722499966621399,0.022624999284744263,0.18125000596046448,0.00010848999954760075,7.423000351991504e-05,0.0,0.0,0.01600000075995922,0.0,0.01600000075995922,0.0012499999720603228,0.0012499999720603228,0.0,0.0,0.20576900243759155,0.1193184182047844,-0.6189301013946533,0.06116947904229164,-0.114931285
270,670,-0.16590663160230606,-0.360039220858542,-0.04690663160230607,0.16796077914145802,0.17438765844543042,0.1748412981101195,0.7910774350166321,0.5955120325088501,-1.0,0.8860465288162231,0.3084745705127716,0.2867499887943268,-0.2723749876022339,0.02512500062584877,0.18275000154972076,0.0001541700039524585,0.00010848999954760075,8.565000462112948e-05,7.994000043254346e-05,0.023000000044703484,0.014499999582767487,0.03750000149011612,0.0020000000949949026,0.005750000011175871,0.0024999999441206455,0.0044999998062849045,0.7701359391212463,-0.8624646067619324,0.9210013747215271,0.9383736252784729,0.0
271,671,-0.16696434239458768,-0.3593122421410741,-0.04796434239458769,0.16868775785892592,0.1753742791654947,0.17312475942317196,0.7769613265991211,0.5931538343429565,-1.0,0.8860465288162231,0.3084745705127716,0.3018749952316284,-0.28812500834465027,0.03375000134110451,0.18962499499320984,9.13600015337579e-05,9.707000572234392e-05,0.00033117999555543065,0.00043967002420686185,0.016499999910593033,0.06750000268220901,0.08399999886751175,0.0005000000237487257,0.004999999888241291,0.019750000908970833,0.025750000029802322,-0.9510673880577087,0.5653587579727173,-0.45474427938461304,0.9604378938674927,0.0
272,672,-0.16574444375467612,-0.359252966692593,-0.046744443754676124,0.16874703330740703,0.17510169694204913,0.17359731049425858,0.7745015025138855,0.5943860411643982,-1.0,0.8860465288162231,0.3084745705127716,0.28437501192092896,-0.2853749990463257,0.029874999076128006,0.19724999368190765,0.0,0.00032546999864280224,0.0001598800008650869,0.0011305800871923566,0.02850000001490116,0.11299999803304672,0.14149999618530273,0.0,0.020500000566244125,0.010499999858438969,0.04650000110268593,0.6892746090888977,0.6685670018196106,0.12150469422340393,-0.004759186413139105,0.0
273,673,-0.16594149556583732,-0.3559133571279809,-0.04694149556583732,0.17208664287201914,0.17837409189935455,0.16800846415154852,0.7773385047912598,0.5944864749908447,-1.0,0.8860465288162231,0.3084745705127716,0.29637500643730164,-0.27937498688697815,0.029750000685453415,0.19724999368190765,0.00013703999866265804,0.0006395200034603477,0.00022840000747237355,0.0011248700320720673,0.06800000369548798,0.1185000017285347,0.18649999797344208,0.0017500000540167093,0.03350000083446503,0.015250000171363354,0.04650000110268593,-0.41651651263237,0.7221584916114807,-0.8581466674804688,-0.7449377775192261,0.0
274,674,-0.17038804845368277,-0.352003818530449,-0.05138804845368278,0.17599618146955104,0.18334499561139156,0.1598611015463571,0.7768802642822266,0.6001468300819397,-1.0,0.8860465288162231,0.3084745705127716,0.289124995470047,-0.2642500102519989,0.01887499913573265,0.19737499952316284,9.707000572234392e-05,0.000559579988475889,9.707000572234392e-05,0.0002797899942379445,0.057500001043081284,0.032999999821186066,0.09049999713897705,0.000750000006519258,0.030249999836087227,0.004999999888241291,0.01850000023841858,-0.8712384700775146,0.19529730081558228,-0.9728617668151855,0.2805212736129761,0.0
275,675,-0.16973635272470095,-0.3540293109569304,-0.05073635272470095,0.17397068904306962,0.18121804031035568,0.16329769355111115,0.7665393948554993,0.6067731976509094,-1.0,0.8860465288162231,0.3084745705127716,0.27287501096725464,-0.25475001335144043,0.0021250001154839993,0.20350000262260437,9.13600015337579e-05,0.0002797899942379445,8.565000462112948e-05,0.00023411000438500196,0.032499998807907104,0.02800000086426735,0.060499999672174454,0.000750000006519258,0.01850000023841858,0.0022499999031424522,0.016750000417232513,0.9574844241142273,-0.4532598555088043,-0.9488696455955505,0.26426616311073303,0.0
276,676,-0.16780700604256582,-0.35763880102715095,-0.048807006042565826,0.17036119897284907,0.17721473402148516,0.16996761837631383,0.7680550217628479,0.6033401489257812,-1.0,0.8860465288162231,0.3084745705127716,0.28837499022483826,-0.25850000977516174,-0.014375000260770321,0.21250000596046448,0.00043967002420686185,0.00014275001012720168,0.0,0.00011991000064881518,0.050999999046325684,0.010499999858438969,0.061500001698732376,0.005499999970197678,0.00925000011920929,-0.0002500000118743628,0.008500000461935997,-0.14276254177093506,-0.7195202708244324,-0.9074115753173828,-0.4576830267906189,-0.1328894
277,677,-0.1691962357520746,-0.3589110070955188,-0.0501962357520746,0.1690889929044812,0.17638239596152885,0.17138822748733593,0.7725418210029602,0.5972223877906799,-1.0,0.8860465288162231,0.3084745705127716,0.28812500834465027,-0.2685000002384186,-0.01075000036507845,0.20812499523162842,0.00010278000263497233,8.565000462112948e-05,6.851999933132902e-05,2.2840000383439474e-05,0.016499999910593033,0.00800000037997961,0.02449999935925007,0.000750000006519258,0.0024999999441206455,0.0,0.0002500000118743628,0.7007830142974854,-0.5421264171600342,-0.22854076325893402,0.015299549326300621,-0.022164058
278,678,-0.17257149595055105,-0.3551261271609275,-0.05357149595055105,0.17287387283907252,0.18098420121314382,0.16367999421348367,0.7693110704421997,0.5950660705566406,-1.0,0.8860465288162231,0.3084745705127716,0.3006249964237213,-0.27924999594688416,-0.014875000342726707,0.21025000512599945,0.00017130000924225897,9.13600015337579e-05,0.0,7.994000043254346e-05,0.023000000044703484,0.007000000216066837,0.029999999329447746,0.0020000000949949026,0.0037499999161809683,-0.0002500000118743628,0.0035000001080334187,-0.771898627281189,0.9491292834281921,-0.5634710788726807,0.6026678085327148,-0.091616526
279,679,-0.17398893537972837,-0.35441049917220546,-0.054988935379728376,0.17358950082779456,0.18209090535180178,0.16187852778198542,0.761461615562439,0.6014811396598816,-1.0,0.8860465288162231,0.3084745705127716,0.2867499887943268,-0.2680000066757202,-0.012625000439584255,0.21937499940395355,0.00010278000263497233,0.00023982000129763037,8.565000462112948e-05,0.00010848999954760075,0.029999999329447746,0.017000000923871994,0.04699999839067459,0.0010000000474974513,0.016750000417232513,0.002749999985098839,0.00774999987334013,-0.7288945913314819,-0.2241765558719635,0.2679049074649811,0.3286893367767334,0.0
280,680,-0.17529130285008848,-0.3544170703771977,-0.05629130285008849,0.1735829296228023,0.18248217511032444,0.16124638355829002,0.7581652402877808,0.6026940941810608,-1.0,0.8860465288162231,0.3084745705127716,0.273624986410141,-0.26787498593330383,-0.011625000275671482,0.2199999988079071,8.565000462112948e-05,0.0001256200048374012,0.00017130000924225897,0.00028550002025440335,0.01850000023841858,0.03999999910593033,0.05849999934434891,0.0,0.008249999955296516,0.01075000036507845,0.01875000074505806,0.6085704565048218,0.35034820437431335,-0.6782115697860718,0.1626913845539093,0.0
281,681,-0.16777057481572316,-0.3566782543199687,-0.04877057481572317,0.17132174568003133,0.17812835122660678,0.16842183698619556,0.7551364898681641,0.6026829481124878,-1.0,0.8860465288162231,0.3084745705127716,0.28349998593330383,-0.2668749988079071,-0.01912499964237213,0.22612500190734863,0.00021127000218257308,0.000308340007904917,7.423000351991504e-05,0.00016558999777771533,0.045499999076128006,0.020999999716877937,0.06650000065565109,0.003000000026077032,0.01924999989569187,0.0005000000237487257,0.012500000186264515,-0.25855734944343567,-0.35176965594291687,0.10828082263469696,-0.9916546940803528,0.0
282,682,-0.17124272625718007,-0.3569656228667333,-0.05224272625718007,0.17103437713326675,0.17883528904594634,0.1672353979587376,0.7726265788078308,0.598850429058075,-1.0,0.8860465288162231,0.3084745705127716,0.28025001287460327,-0.26649999618530273,-0.016750000417232513,0.21387499570846558,8.565000462112948e-05,9.707000572234392e-05,0.0,6.851999933132902e-05,0.01600000075995922,0.006000000052154064,0.02199999988079071,0.0,0.005499999970197678,-0.0002500000118743628,0.0,0.40485110878944397,-0.48507851362228394,0.6772665977478027,0.13208071887493134,0.0
283,683,-0.1752149423256551,-0.35469973807852545,-0.056214942325655104,0.17330026192147457,0.18218973769872007,0.16171861846790214,0.7645518183708191,0.5983633399009705,-1.0,0.8860465288162231,0.3084745705127716,0.28687500953674316,-0.27387499809265137,-0.005874999798834324,0.21424999833106995,0.00013703999866265804,7.994000043254346e-05,8.565000462112948e-05,8.565000462112948e-05,0.01899999938905239,0.014999999664723873,0.03400000184774399,0.0017500000540167093,0.0022499999031424522,0.0032500000670552254,0.004000000189989805,-0.07584674656391144,0.7504730224609375,-0.40718182921409607,0.9769492149353027,0.0
284,684,-0.18041986451885655,-0.35411658104280175,-0.06141986451885656,0.17388341895719828,0.18441215563448965,0.15816419821915292,0.7553141117095947,0.6022038459777832,-1.0,0.8860465288162231,0.3084745705127716,0.28600001335144043,-0.27000001072883606,-0.013249999843537807,0.22425000369548798,9.13600015337579e-05,0.0003654400061350316,8.565000462112948e-05,0.000308340007904917,0.03999999910593033,0.03449999913573265,0.07450000196695328,0.000750000006519258,0.02250000089406967,0.002749999985098839,0.020500000566244125,-0.035730328410863876,-0.5764608383178711,-0.9106007218360901,0.9415721297264099,0.0
285,685,-0.17723996115621726,-0.3552465430842903,-0.05823996115621727,0.1727534569157097,0.1823064725998659,0.1615299465429171,0.7432096004486084,0.6031922101974487,-1.0,0.8860465288162231,0.3084745705127716,0.2853749990463257,-0.27162501215934753,-0.030625000596046448,0.24137499928474426,9.707000572234392e-05,9.13600015337579e-05,9.13600015337579e-05,0.00034260001848451793,0.016499999910593033,0.03799999877810478,0.054499998688697815,0.000750000006519258,0.0042500002309679985,0.0035000001080334187,0.0215000007301569,0.25902050733566284,0.3178923726081848,0.8679958581924438,-0.9434995651245117,0.0
286,686,-0.17702540008382783,-0.35375778566818594,-0.05802540008382784,0.17424221433181408,0.183649928696262,0.15937437463075238,0.7506047487258911,0.6012770533561707,-1.0,0.8860465288162231,0.3084745705127716,0.288875013589859,-0.27162501215934753,-0.019625000655651093,0.2317499965429306,0.00022840000747237355,0.00023411000438500196,0.00022269001055974513,8.565000462112948e-05,0.04050000011920929,0.027000000700354576,0.06750000268220901,0.0032500000670552254,0.01600000075995922,0.014000000432133675,0.005499999970197678,-0.5159937739372253,0.5877419114112854,-0.40712791681289673,0.04610884562134743,0.0
287,687,-0.17171035453512062,-0.35685541709027746,-0.05271035453512063,0.17114458290972256,0.17907777565784375,0.16683036578120142,0.7511036992073059,0.603800356388092,-1.0,0.8860465288162231,0.3084745705127716,0.28062498569488525,-0.26524999737739563,-0.02187499962747097,0.2316250056028366,9.707000572234392e-05,0.00042825000127777457,8.565000462112948e-05,0.00010278000263497233,0.04600000008940697,0.016499999910593033,0.0625,0.0005000000237487257,0.02525000087916851,0.0032500000670552254,0.007249999791383743,0.08162196725606918,-0.8849066495895386,-0.7646413445472717,-0.41943615674972534,0.0
288,688,-0.1750099760868904,-0.35662685536719424,-0.0560099760868904,0.17137314463280579,0.18029384937537554,0.16481387142945145,0.7634642720222473,0.5985501408576965,-1.0,0.8860465288162231,0.3084745705127716,0.2815000116825104,-0.27012500166893005,-0.03449999913573265,0.22750000655651093,0.00013703999866265804,7.994000043254346e-05,0.0,0.0,0.01899999938905239,0.0,0.01899999938905239,0.0017500000540167093,0.0020000000949949026,0.0,0.0,0.5982301235198975,-0.2354128509759903,-0.9115961194038391,0.20872598886489868,-0.13339154
289,689,-0.17078295778424585,-0.35797605985877196,-0.05178295778424585,0.17002394014122807,0.17773467567706897,0.16908617939731108,0.7557907700538635,0.5989375114440918,-1.0,0.8860465288162231,0.3084745705127716,0.2919999957084656,-0.27537500858306885,-0.030750000849366188,0.22887499630451202,0.00020556000526994467,9.13600015337579e-05,0.0,8.565000462112948e-05,0.026000000536441803,0.007499999832361937,0.03350000083446503,0.003000000026077032,0.0037499999161809683,0.0,0.004999999888241291,0.04687393084168434,0.2880878448486328,0.14333565533161163,-0.2432062327861786,-0.006799722
290,690,-0.17773420356598507,-0.35495062412565587,-0.05873420356598508,0.17304937587434416,0.18274515905771793,0.16082288855978746,0.7656210064888,0.5966507196426392,-1.0,0.8860465288162231,0.3084745705127716,0.29249998927116394,-0.27512499690055847,-0.027000000700354576,0.22687500715255737,0.00029121001716703176,0.00019985000835731626,0.0,0.0,0.0430000014603138,0.0,0.0430000014603138,0.0037499999161809683,0.014000000432133675,0.0,0.0,-0.4147599935531616,0.6127115488052368,-0.5183669328689575,0.9387628436088562,-0.08620404
291,691,-0.1794191218426815,-0.35470147670489893,-0.0604191218426815,0.1732985232951011,0.18352887636691806,0.15956741784169876,0.7494553327560425,0.6017786264419556,-1.0,0.8860465288162231,0.3084745705127716,0.2862499952316284,-0.2691250145435333,-0.025624999776482582,0.23537500202655792,9.707000572234392e-05,0.00041112001053988934,9.707000572234392e-05,0.00025695000658743083,0.04450000077486038,0.03099999949336052,0.0754999965429306,0.000750000006519258,0.02474999986588955,0.004749999847263098,0.017999999225139618,0.80482417345047,-0.3957580327987671,-0.8065474033355713,0.3094004690647125,0.0
292,692,-0.17766214532313457,-0.35504407047792597,-0.058662145323134574,0.17295592952207406,0.18263351513552273,0.16100253780543514,0.7455369234085083,0.6022008657455444,-1.0,0.8860465288162231,0.3084745705127716,0.2983750104904175,-0.2693749964237213,-0.03837500140070915,0.24400000274181366,0.0005881300312466919,0.0001598800008650869,7.423000351991504e-05,0.00017130000924225897,0.06549999862909317,0.0215000007301569,0.08699999749660492,0.006500000134110451,0.010499999858438969,0.0002500000118743628,0.012249999679625034,-0.2186935842037201,0.497567743062973,0.9344527125358582,-0.5056896805763245,0.0
293,693,-0.17304913546879486,-0.35762181561319145,-0.05404913546879486,0.17037818438680857,0.17874572654994994,0.16738524524880896,0.7496229410171509,0.6016201972961426,-1.0,0.8860465288162231,0.3084745705127716,0.296999990940094,-0.2692500054836273,-0.027499999850988388,0.23800000548362732,0.00011420000373618677,0.0005196100100874901,0.00019985000835731626,9.707000572234392e-05,0.05550000071525574,0.026000000536441803,0.08150000125169754,0.0012499999720603228,0.028750000521540642,0.013500000350177288,0.005499999970197678,0.6412924528121948,-0.6638681292533875,-0.5756237506866455,-0.470246285200119,0.0
294,694,-0.17618795754823424,-0.35820200242296985,-0.05718795754823425,0.16979799757703018,0.1791698146164911,0.1666768874905736,0.7603508234024048,0.5972511768341064,-1.0,0.8860465288162231,0.3084745705127716,0.3062500059604645,-0.27262499928474426,-0.03150000050663948,0.23112499713897705,0.0005881300312466919,0.0001541700039524585,0.0,6.851999933132902e-05,0.06499999761581421,0.006000000052154064,0.07100000232458115,0.006750000175088644,0.01075000036507845,0.0,0.0017500000540167093,0.8676770925521851,0.31934210658073425,-0.41655322909355164,0.9307713508605957,-0.07398639
295,695,-0.17395204264199693,-0.3601921101275587,-0.054952042641996934,0.16780788987244133,0.17657637127874515,0.17105609885731787,0.7530512809753418,0.596267819404602,-1.0,0.8860465288162231,0.3084745705127716,0.3192499876022339,-0.273624986410141,-0.02812499925494194,0.23899999260902405,0.0014332099817693233,0.00041112001053988934,7.423000351991504e-05,0.0003026300109922886,0.1615000069141388,0.032999999821186066,0.19449999928474426,0.013249999843537807,0.02449999935925007,0.000750000006519258,0.020749999210238457,0.789280116558075,-0.14836177229881287,-0.10058853030204773,-0.6129323244094849,0.0
296,696,-0.17796062176451521,-0.3582712323298948,-0.05896062176451522,0.16972876767010525,0.17967807182199722,0.16583188940086444,0.7582510709762573,0.5928947329521179,-1.0,0.8860465288162231,0.3084745705127716,0.33274999260902405,-0.27924999594688416,-0.029625000432133675,0.23624999821186066,0.0018671700963750482,0.0005767100374214351,0.0,7.994000043254346e-05,0.21400000154972076,0.007000000216066837,0.22100000083446503,0.01575000025331974,0.030249999836087227,0.0,0.0035000001080334187,-0.7964188456535339,0.16241538524627686,-0.40791207551956177,0.9567924737930298,-0.07294945
297,697,-0.17600582998312575,-0.35993297126645907,-0.057005829983125755,0.16806702873354096,0.17747166196152533,0.16953148459037726,0.7489287853240967,0.5961504578590393,-1.0,0.8860465288162231,0.3084745705127716,0.3242500126361847,-0.27912500500679016,-0.02787500061094761,0.24500000476837158,0.00021127000218257308,0.00074230000609532,9.13600015337579e-05,0.0003368900215718895,0.08349999785423279,0.03750000149011612,0.12099999934434891,0.003000000026077032,0.035999998450279236,0.004000000189989805,0.02174999937415123,0.900559663772583,0.7865592837333679,-0.6598811149597168,-0.5553098917007446,0.0
298,698,-0.17213917763859282,-0.3602632878881039,-0.05313917763859283,0.1677367121118961,0.1759527686346965,0.17212614215409047,0.7534748315811157,0.5933339595794678,-1.0,0.8860465288162231,0.3084745705127716,0.33399999141693115,-0.27924999594688416,-0.03799999877810478,0.24412499368190765,0.0020670201629400253,0.0018386200536042452,-6.851999933132902e-05,8.565000462112948e-05,0.34200000762939453,0.013500000350177288,0.3555000126361847,0.017249999567866325,0.06549999862909317,-0.0002500000118743628,0.002749999985098839,-0.7859606146812439,-0.12928548455238342,-0.5991032123565674,-0.4300971031188965,0.0
299,699,-0.17508180106616317,-0.35976622255036583,-0.05608180106616317,0.1682337774496342,0.1773351975378767,0.16976299268088996,0.7624670267105103,0.5927740931510925,-1.0,0.8860465288162231,0.3084745705127716,0.3266249895095825,-0.2788749933242798,-0.04912500083446503,0.23662500083446503,0.00019985000835731626,0.0016159299993887544,-7.994000043254346e-05,6.851999933132902e-05,0.1589999943971634,0.013000000268220901,0.1720000058412552,0.002749999985098839,0.05999999865889549,-0.0002500000118743628,0.0017500000540167093,-0.5609091520309448,-0.5185686349868774,0.3424088954925537,0.2199133038520813,0.0
300,700,-0.1710329251231789,-0.3611732855737201,-0.05203292512317892,0.16682671442627994,0.17475290539256252,0.17420386042593325,0.7556236982345581,0.5936165452003479,-1.0,0.8860465288162231,0.3084745705127716,0.3166249990463257,-0.27662500739097595,-0.04287499934434891,0.2371249943971634,0.00013703999866265804,0.0007480100030079484,3.997000021627173e-05,0.00011420000373618677,0.07750000059604645,0.013500000350177288,0.09099999815225601,0.0017500000540167093,0.036249998956918716,0.0,0.008750000037252903,0.40164804458618164,-0.8897443413734436,-0.9965024590492249,-0.6162235736846924,-0.1435803
301,701,-0.1682648857185734,-0.36269366390100743,-0.049264885718573403,0.1653063360989926,0.1724911989619679,0.17818873354101694,0.7650396823883057,0.5912317037582397,-1.0,0.8860465288162231,0.3084745705127716,0.3217499852180481,-0.2801249921321869,-0.039124999195337296,0.22937500476837158,0.0005481599946506321,0.0001541700039524585,0.0,6.851999933132902e-05,0.061500001698732376,0.006000000052154064,0.06750000268220901,0.006500000134110451,0.009999999776482582,0.0,0.0012499999720603228,-0.12437044829130173,-0.6027213335037231,-0.9062783718109131,-0.3790765106678009,-0.13275342
302,702,-0.16686361091478252,-0.36585411722470634,-0.04786361091478253,0.16214588277529368,0.16906274737735977,0.1844037791481918,0.7714769840240479,0.5886548161506653,-1.0,0.8860465288162231,0.3084745705127716,0.3217499852180481,-0.28850001096725464,-0.035374999046325684,0.22300000488758087,0.0001541700039524585,9.707000572234392e-05,0.0,6.28100024187006e-05,0.02199999988079071,0.005499999970197678,0.027499999850988388,0.0020000000949949026,0.0042500002309679985,0.0,0.0,0.8660152554512024,-0.41439568996429443,-0.22012220323085785,-0.27994468808174133,-0.05041467
303,703,-0.1629480978904715,-0.3691718075706531,-0.043948097890471494,0.15882819242934693,0.16479632889892942,0.19244145738473487,0.7747358083724976,0.5832980871200562,-1.0,0.8860465288162231,0.3084745705127716,0.33687499165534973,-0.2982499897480011,-0.03162499889731407,0.21774999797344208,0.0003140500048175454,0.0001256200048374012,0.0,6.28100024187006e-05,0.03849999979138374,0.005499999970197678,0.04399999976158142,0.004000000189989805,0.008249999955296516,0.0,0.0002500000118743628,-0.5698839426040649,-0.786348819732666,0.25735703110694885,-0.3311382830142975,0.0
304,704,-0.17099658458925776,-0.3644735492730247,-0.051996584589257766,0.1635264507269753,0.1715941283852968,0.1797944034689803,0.783841609954834,0.577674925327301,-1.0,0.8860465288162231,0.3084745705127716,0.328125,-0.30937498807907104,-0.026875000447034836,0.21187500655651093,9.13600015337579e-05,7.423000351991504e-05,0.0,0.0,0.014499999582767487,0.0,0.014499999582767487,0.0002500000118743628,0.0012499999720603228,0.0,-0.0002500000118743628,-0.5943354368209839,0.01815865933895111,-0.4433480203151703,0.7440929412841797,-0.07720177
305,705,-0.2121086555788801,-0.34434679839414506,-0.0931086555788801,0.18365320160585497,0.20590706691074817,0.12757247186165868,0.7651242017745972,0.5856380462646484,-1.0,0.8860465288162231,0.3084745705127716,0.31687501072883606,-0.30937498807907104,-0.023125000298023224,0.22462500631809235,8.565000462112948e-05,7.994000043254346e-05,0.0,7.423000351991504e-05,0.014499999582767487,0.006500000134110451,0.020999999716877937,0.0005000000237487257,0.0017500000540167093,0.0,0.0020000000949949026,-0.6498572826385498,-0.8663097023963928,-0.9967126846313477,0.6117125749588013,-0.14360555
306,706,-0.20195212970156695,-0.35081922023320966,-0.08295212970156696,0.17718077976679036,0.19563763579841548,0.1413697673220003,0.6695147752761841,0.6197512149810791,-1.0,0.8860465288162231,0.3084745705127716,0.3050000071525574,-0.3246249854564667,-0.01924999989569187,0.2368749976158142,2.2840000383439474e-05,6.851999933132902e-05,0.0,6.28100024187006e-05,0.00800000037997961,0.005499999970197678,0.013500000350177288,0.0,0.0,-0.0002500000118743628,0.0002500000118743628,-0.3137306571006775,0.31975057721138,-0.2163582444190979,-0.4220063388347626,-0.04996299
307,707,-0.17994317966251355,-0.3631257323086707,-0.06094317966251356,0.16487426769132935,0.17577711823252062,0.1724287481015131,0.693134605884552,0.6087809801101685,-1.0,0.8860465288162231,0.3084745705127716,0.2992500066757202,-0.31862500309944153,-0.01549999974668026,0.2292499989271164,0.0,0.0,1.7129999832832254e-05,-6.851999933132902e-05,0.0,0.007499999832361937,0.007499999832361937,-0.0002500000118743628,-0.0002500000118743628,-0.0002500000118743628,-0.0002500000118743628,-0.5792893171310425,0.12865792214870453,-0.681160032749176,0.45261460542678833,-0.20781498
308,708,-0.16874000090308694,-0.3680940509202687,-0.049740000903086945,0.15990594907973132,0.1674633698482409,0.1873768033200992,0.7443181872367859,0.5879225134849548,-1.0,0.8860465288162231,0.3084745705127716,0.30287501215934753,-0.3162499964237213,-0.012749999761581421,0.23537500202655792,9.13600015337579e-05,7.994000043254346e-05,7.994000043254346e-05,7.994000043254346e-05,0.014999999664723873,0.014000000432133675,0.028999999165534973,0.0,0.0024999999441206455,0.0017500000540167093,0.0042500002309679985,0.5536974668502808,-0.04727260768413544,-0.9773156046867371,-0.5212224721908569,0.0
309,709,-0.20188408020055382,-0.35208622303308695,-0.08288408020055382,0.17591377696691307,0.19446189260998328,0.1430417224203938,0.7703720927238464,0.5795016288757324,-1.0,0.8860465288162231,0.3084745705127716,0.3127500116825104,-0.3162499964237213,-0.030124999582767487,0.2277500033378601,0.00010278000263497233,7.423000351991504e-05,0.0,0.0,0.01549999974668026,0.0,0.01549999974668026,0.0010000000474974513,0.000750000006519258,0.0,0.0,-0.14359794557094574,-0.6004303693771362,-0.2852381467819214,0.39931222796440125,-0.05822858
310,710,-0.17181527681579517,-0.3680888705436028,-0.052815276815795176,0.15991112945639724,0.16840731216057606,0.18561639607588531,0.6932928562164307,0.6066335439682007,-1.0,0.8860465288162231,0.3084745705127716,0.31062498688697815,-0.3269999921321869,-0.026374999433755875,0.23487499356269836,0.0,0.0,0.0,6.28100024187006e-05,0.0,0.005499999970197678,0.005499999970197678,0.0,-0.0002500000118743628,0.0,0.0005000000237487257,-0.7645262479782104,0.2481309026479721,-0.6434153914451599,-0.040021542459726334,-0.21695301
311,711,-0.17406835135527243,-0.3670421245423882,-0.05506835135527244,0.1609578754576118,0.17011749173090876,0.18246901205984328,0.7632203102111816,0.5795103907585144,-1.0,0.8860465288162231,0.3084745705127716,0.3140000104904175,-0.3241249918937683,-0.022624999284744263,0.234375,9.707000572234392e-05,8.565000462112948e-05,0.0,0.0,0.01600000075995922,0.0,0.01600000075995922,0.000750000006519258,0.0032500000670552254,0.0,0.0,0.23262125253677368,0.7518545389175415,-0.9733482599258423,0.1600884348154068,-0.1455912
312,712,-0.17809565106338077,-0.3617924399434359,-0.05909565106338077,0.16620756005656412,0.17640081914367978,0.17135665523039717,0.7579805850982666,0.5812845230102539,-1.0,0.8860465288162231,0.3084745705127716,0.3177500069141388,-0.31325000524520874,-0.01875000074505806,0.23637500405311584,0.00014275001012720168,0.00013703999866265804,0.0,7.994000043254346e-05,0.02449999935925007,0.007000000216066837,0.03150000050663948,0.0017500000540167093,0.009499999694526196,-0.0002500000118743628,0.0035000001080334187,-0.7151340246200562,0.9810553789138794,-0.49447038769721985,0.8550757765769958,-0.08333645
313,713,-0.18120254800463625,-0.36304174314132887,-0.06220254800463626,0.16495825685867116,0.17629629458420393,0.17153585865889084,0.7486147880554199,0.5901823043823242,-1.0,0.8860465288162231,0.3084745705127716,0.304874986410141,-0.2997500002384186,-0.017999999225139618,0.24437500536441803,9.707000572234392e-05,0.0002969200140796602,0.00010278000263497233,0.0002969200140796602,0.03449999913573265,0.03500000014901161,0.06949999928474426,0.000750000006519258,0.01924999989569187,0.005750000011175871,0.019500000402331352,0.15897248685359955,-0.8687689304351807,-0.8780761957168579,-0.08713153004646301,0.0
314,714,-0.18679761173002735,-0.3649360488703445,-0.06779761173002735,0.16306395112965555,0.17659662599922524,0.1710214554312132,0.7413893938064575,0.5880648493766785,-1.0,0.8860465288162231,0.3084745705127716,0.3076249957084656,-0.3070000112056732,-0.03162499889731407,0.2512499988079071,0.00010278000263497233,7.423000351991504e-05,7.423000351991504e-05,7.423000351991504e-05,0.01549999974668026,0.013000000268220901,0.02850000001490116,0.0010000000474974513,0.0012499999720603228,0.0002500000118743628,0.0024999999441206455,0.8202992081642151,-0.6938972473144531,0.20425467193126678,0.9341646432876587,0.0
315,715,-0.18111897516253272,-0.3683455344776387,-0.06211897516253273,0.15965446552236134,0.1713135004501228,0.18029966541248665,0.728377640247345,0.5848541259765625,-1.0,0.8860465288162231,0.3084745705127716,0.3228749930858612,-0.32124999165534973,-0.030375000089406967,0.2619999945163727,0.00010848999954760075,9.13600015337579e-05,0.00010278000263497233,0.00022840000747237355,0.017500000074505806,0.028999999165534973,0.04650000110268593,0.0012499999720603228,0.0037499999161809683,0.005249999929219484,0.01600000075995922,0.8354067802429199,0.18279166519641876,-0.9870029091835022,-0.07458619773387909,0.0
316,716,-0.17502647184902764,-0.37031520237806065,-0.05602647184902765,0.15768479762193938,0.16734234655018396,0.18760371018466115,0.7415837645530701,0.5790753364562988,-1.0,0.8860465288162231,0.3084745705127716,0.3373749852180481,-0.3215000033378601,-0.04625000059604645,0.2643750011920929,0.0002797899942379445,0.00016558999777771533,0.0,0.00011991000064881518,0.039000000804662704,0.010499999858438969,0.0494999997317791,0.0035000001080334187,0.010999999940395355,0.0,0.008500000461935997,0.9324063062667847,0.595051646232605,-0.876924455165863,-0.9596903324127197,-0.12923093
317,717,-0.16904703256526515,-0.37102534353090255,-0.05004703256526516,0.15697465646909747,0.16475966812961199,0.19251202083725974,0.7557523846626282,0.575736939907074,-1.0,0.8860465288162231,0.3084745705127716,0.3529999852180481,-0.32074999809265137,-0.04262499883770943,0.2498749941587448,0.0005881300312466919,0.0005995500250719488,6.851999933132902e-05,6.851999933132902e-05,0.10400000214576721,0.012000000104308128,0.11599999666213989,0.007000000216066837,0.03175000101327896,0.0002500000118743628,0.0017500000540167093,-0.4125582277774811,-0.7806493043899536,-0.9971804022789001,-0.9262756109237671,0.0
318,718,-0.17594000701014928,-0.3722062219126405,-0.056940007010149285,0.1557937780873595,0.16587304087478855,0.1903805321911076,0.769658088684082,0.5745333433151245,-1.0,0.8860465288162231,0.3084745705127716,0.34850001335144043,-0.32112500071525574,-0.061124999076128006,0.23325000703334808,0.00010278000263497233,8.565000462112948e-05,0.0,6.851999933132902e-05,0.016499999910593033,0.006000000052154064,0.02250000089406967,0.000750000006519258,0.0032500000670552254,0.0,0.0005000000237487257,0.7701429128646851,-0.7628375291824341,-0.230851411819458,0.9880102872848511,-0.051702168
319,719,-0.18076723701775682,-0.3697939069000604,-0.061767237017756826,0.1582060930999396,0.16983627251784145,0.18298287217768752,0.7536278963088989,0.5725318193435669,-1.0,0.8860465288162231,0.3084745705127716,0.3617500066757202,-0.33675000071525574,-0.057374998927116394,0.2498749941587448,0.0002169799990952015,0.00010278000263497233,2.2840000383439474e-05,8.565000462112948e-05,0.02800000086426735,0.009499999694526196,0.03750000149011612,0.003000000026077032,0.006000000052154064,0.0,0.0042500002309679985,-0.6746058464050293,0.8865909576416016,-0.8579033613204956,0.7959260940551758,-0.12694842
320,720,-0.1855591533897899,-0.36507603908305825,-0.0665591533897899,0.16292396091694178,0.17599527817765667,0.1720529876676663,0.7424017786979675,0.5766205191612244,-1.0,0.8860465288162231,0.3084745705127716,0.3501250147819519,-0.328125,-0.05350000038743019,0.26350000500679016,0.00011991000064881518,0.0003368900215718895,0.0,0.00010278000263497233,0.03999999910593033,0.008999999612569809,0.04899999871850014,0.0010000000474974513,0.02174999937415123,-0.0002500000118743628,0.006750000175088644,-0.9435683488845825,0.7246578931808472,-0.8753612041473389,0.7353948950767517,-0.12904336
321,721,-0.17895727814983609,-0.3698117705288416,-0.05995727814983609,0.1581882294711584,0.16916971107842171,0.1842066394938481,0.7312577962875366,0.5846168994903564,-1.0,0.8860465288162231,0.3084745705127716,0.3322499990463257,-0.3152500092983246,-0.05062500014901161,0.2759999930858612,0.00014275001012720168,0.0003654400061350316,7.423000351991504e-05,0.00013703999866265804,0.04450000077486038,0.01850000023841858,0.06300000101327896,0.001500000013038516,0.023000000044703484,0.001500000013038516,0.00925000011920929,0.8898625373840332,-0.7792116403579712,-0.5223900079727173,-0.9042335748672485,0.0
322,722,-0.17494521915907513,-0.3717645456255605,-0.05594521915907513,0.15623545437443953,0.16594994652106557,0.1902341750980881,0.7466109991073608,0.5765902400016785,-1.0,0.8860465288162231,0.3084745705127716,0.3474999964237213,-0.3226250112056732,-0.05950000137090683,0.2631250023841858,0.00034260001848451793,0.00013703999866265804,0.0,6.851999933132902e-05,0.041999999433755875,0.006000000052154064,0.04800000041723251,0.0042500002309679985,0.008750000037252903,-0.0002500000118743628,0.0012499999720603228,0.06596339493989944,-0.4493822753429413,-0.9618909358978271,-0.321262001991272,-0.13942693
323,723,-0.17933000934401683,-0.37208039413498334,-0.06033000934401683,0.15591960586501669,0.1671844296594372,0.1879002021745609,0.7559413313865662,0.5732804536819458,-1.0,0.8860465288162231,0.3084745705127716,0.34937500953674316,-0.3283750116825104,-0.05575000122189522,0.257750004529953,0.00021127000218257308,8.565000462112948e-05,0.0,6.28100024187006e-05,0.026000000536441803,0.005499999970197678,0.03150000050663948,0.002749999985098839,0.0035000001080334187,-0.0002500000118743628,0.0,0.3551849126815796,-0.5739965438842773,-0.14381317794322968,0.16632980108261108,-0.041257583
324,724,-0.18113328996365285,-0.37479254504975534,-0.06213328996365286,0.15320745495024468,0.16532716042453102,0.1914226239974235,0.7457441687583923,0.5727450847625732,-1.0,0.8860465288162231,0.3084745705127716,0.3564999997615814,-0.3388749957084656,-0.05225000157952309,0.2588750123977661,0.0001541700039524585,7.994000043254346e-05,2.2840000383439474e-05,7.994000043254346e-05,0.020500000566244125,0.008999999612569809,0.029500000178813934,0.0017500000540167093,0.003000000026077032,0.0002500000118743628,0.0037499999161809683,0.975557267665863,-0.19467730820178986,-0.7402875423431396,0.8540903329849243,-0.11283451
325,725,-0.17990726915132066,-0.37527024660102853,-0.060907269151320664,0.1527297533989715,0.164426497283078,0.19315448442315303,0.7415505051612854,0.5681482553482056,-1.0,0.8860465288162231,0.3084745705127716,0.37287500500679016,-0.3462499976158142,-0.048374999314546585,0.2720000147819519,0.00043967002420686185,0.0001541700039524585,0.0,0.00013133000175002962,0.052000001072883606,0.011500000022351742,0.06350000202655792,0.005499999970197678,0.010499999858438969,0.0,0.009499999694526196,0.17557823657989502,0.8685081601142883,-0.4808117151260376,-0.30388399958610535,-0.081697404
326,726,-0.1738493592575449,-0.37574309701407904,-0.054849359257544916,0.15225690298592098,0.1618351529113109,0.1982251983659511,0.7444016933441162,0.5673385858535767,-1.0,0.8860465288162231,0.3084745705127716,0.3752500116825104,-0.34450000524520874,-0.04462499916553497,0.2707499861717224,0.0006680700462311506,0.0008507900056429207,2.8550000934046693e-05,6.851999933132902e-05,0.13300000131130219,0.008500000461935997,0.14149999618530273,0.007249999791383743,0.039500001817941666,0.0,0.000750000006519258,-0.6353868842124939,-0.603825569152832,0.12360942363739014,-0.809306263923645,-0.00916687
327,727,-0.173039115655843,-0.3749788742083918,-0.05403911565584302,0.1530211257916082,0.16228275003646184,0.19733993077087034,0.7584898471832275,0.5665371417999268,-1.0,0.8860465288162231,0.3084745705127716,0.36662501096725464,-0.343874990940094,-0.04087499901652336,0.25575000047683716,9.13600015337579e-05,0.00023411000438500196,0.0,6.851999933132902e-05,0.02850000001490116,0.006000000052154064,0.03449999913573265,0.000750000006519258,0.01575000025331974,0.0,0.0005000000237487257,0.7263539433479309,0.8530260920524597,-0.19746117293834686,-0.2052580565214157,-0.047695342
328,728,-0.1741401829819308,-0.3752163876478767,-0.055140182981930796,0.15278361235212334,0.1624292830207802,0.19705097444093056,0.760374128818512,0.5678324103355408,-1.0,0.8860465288162231,0.3084745705127716,0.37712499499320984,-0.3401249945163727,-0.03712499886751175,0.25174999237060547,0.000616680015809834,0.0008964700391516089,0.0,6.851999933132902e-05,0.13249999284744263,0.006000000052154064,0.13850000500679016,0.006750000175088644,0.03999999910593033,0.0,0.0010000000474974513,0.552022397518158,0.8231598734855652,-0.2842513620853424,0.2727951407432556,-0.10749977
329,729,-0.17276358896611055,-0.37487104087618905,-0.053763588966110554,0.15312895912381097,0.16229295000356192,0.1973198031893772,0.7578135132789612,0.5674298405647278,-1.0,0.8860465288162231,0.3084745705127716,0.3851250112056732,-0.3401249945163727,-0.03337499871850014,0.25187501311302185,0.0011591300135478377,0.0014275000430643559,0.0,0.0001598800008650869,0.226500004529953,0.014000000432133675,0.24050000309944153,0.011250000447034836,0.05525000020861626,0.0,0.01075000036507845,-0.02618509903550148,0.673621654510498,-0.06708473712205887,-0.0020898699294775724,-0.03205017
330,730,-0.1780342324193281,-0.37312684935373086,-0.05903423241932809,0.15487315064626916,0.16574297387352874,0.1906283155475696,0.7610149383544922,0.5680151581764221,-1.0,0.8860465288162231,0.3084745705127716,0.3851250112056732,-0.3383750021457672,-0.029625000432133675,0.25187501311302185,0.0010335100814700127,0.0023353900760412216,0.0,0.0001598800008650869,0.29499998688697815,0.014000000432133675,0.3089999854564667,0.010499999858438969,0.07699999958276749,0.0,0.01075000036507845,-0.893165647983551,-0.6638953685760498,-0.9913504123687744,0.6087968349456787,-0.14296205
331,731,-0.17771488415250847,-0.3710361325925959,-0.05871488415250847,0.15696386740740415,0.16758607726339214,0.18714701909812406,0.7487576007843018,0.5709714293479919,-1.0,0.8860465288162231,0.3084745705127716,0.3723750114440918,-0.3336249887943268,-0.026249999180436134,0.2630000114440918,0.00019985000835731626,0.0009364400175400078,7.994000043254346e-05,0.0001541700039524585,0.09950000047683716,0.020500000566244125,0.11999999731779099,0.002749999985098839,0.042750000953674316,0.000750000006519258,0.011250000447034836,-0.6271423101425171,0.27713853120803833,0.05865758657455444,-0.33507710695266724,0.0
332,732,-0.18052716426223137,-0.3707943664225954,-0.06152716426223137,0.15720563357740464,0.1688170701399145,0.18485737422032084,0.7495002746582031,0.5745150446891785,-1.0,0.8860465288162231,0.3084745705127716,0.3610000014305115,-0.32612499594688416,-0.026499999687075615,0.2617500126361847,0.0001484600070398301,0.0007822700426913798,8.565000462112948e-05,6.851999933132902e-05,0.08150000125169754,0.013500000350177288,0.0949999988079071,0.0020000000949949026,0.03799999877810478,0.0032500000670552254,0.0012499999720603228,0.6847578883171082,-0.6397193670272827,-0.853651762008667,0.7551560997962952,0.0
333,733,-0.1792641632261316,-0.37326038713465665,-0.060264163226131595,0.15473961286534338,0.16606058279755065,0.1900238234742161,0.7429600954055786,0.5749248266220093,-1.0,0.8860465288162231,0.3084745705127716,0.36887499690055847,-0.32850000262260437,-0.04087499901652336,0.2681249976158142,0.0012162299826741219,0.00028550002025440335,0.0,0.00023982000129763037,0.1315000057220459,0.020999999716877937,0.1525000035762787,0.011749999597668648,0.01899999938905239,0.0,0.016750000417232513,-0.03125392273068428,-0.6535735726356506,-0.6307833194732666,-0.14808961749076843,-0.099694006
334,734,-0.17430383906562325,-0.37798254758148353,-0.05530383906562325,0.1500174524185165,0.15988668063831402,0.20212543551955556,0.7458972930908203,0.5707451105117798,-1.0,0.8860465288162231,0.3084745705127716,0.3711250126361847,-0.335875004529953,-0.03712499886751175,0.2683750092983246,0.0005139000131748617,0.00014275001012720168,0.0,0.00014275001012720168,0.057500001043081284,0.012500000186264515,0.07000000029802322,0.0062500000931322575,0.00925000011920929,0.0,0.01075000036507845,0.3900759816169739,-0.9757276177406311,-0.5063644647598267,-0.8330541253089905,-0.084763736
335,735,-0.16897311813234706,-0.38179081902610446,-0.04997311813234706,0.14620918097389557,0.1545135500107575,0.2132829693995618,0.7574329376220703,0.5627414584159851,-1.0,0.8860465288162231,0.3084745705127716,0.3802500069141388,-0.3518750071525574,-0.03337499871850014,0.2581250071525574,0.00019414001144468784,9.707000572234392e-05,0.0,6.851999933132902e-05,0.025499999523162842,0.006000000052154064,0.03150000050663948,0.0024999999441206455,0.004749999847263098,0.0,0.0002500000118743628,0.8405362963676453,-0.587956428527832,-0.45093491673469543,-0.7383503913879395,-0.0781122
336,736,-0.16630759625490615,-0.38204162636190236,-0.04730759625490616,0.14595837363809766,0.15343355401767805,0.21559890039332702,0.7698299288749695,0.5562867522239685,-1.0,0.8860465288162231,0.3084745705127716,0.3956249952316284,-0.3634999990463257,-0.029625000432133675,0.24424999952316284,0.00023982000129763037,0.00010278000263497233,0.0,6.851999933132902e-05,0.029999999329447746,0.006000000052154064,0.035999998450279236,0.0032500000670552254,0.006000000052154064,0.0,0.0005000000237487257,-0.5921677350997925,0.1277870237827301,0.8983839750289917,-0.38552239537239075,0.0
337,737,-0.17219740192455285,-0.38029931576028914,-0.053197401924552856,0.1477006842397109,0.15698871200312844,0.20806866781619035,0.7760288715362549,0.5558616518974304,-1.0,0.8860465288162231,0.3084745705127716,0.38600000739097595,-0.36250001192092896,-0.012875000014901161,0.23737500607967377,9.13600015337579e-05,0.00013703999866265804,0.0,2.2840000383439474e-05,0.019999999552965164,0.0020000000949949026,0.02199999988079071,0.0005000000237487257,0.008750000037252903,0.0,0.0,0.5597852468490601,0.0705403983592987,-0.0017833691090345383,0.7587071657180786,-0.024214007
338,738,-0.16682183663250327,-0.38138908120589554,-0.04782183663250328,0.14661091879410448,0.15421313033771583,0.2139246768239306,0.7623316049575806,0.5588147044181824,-1.0,0.8860465288162231,0.3084745705127716,0.3942500054836273,-0.36274999380111694,-0.00912499986588955,0.24824999272823334,0.0003654400061350316,0.0001884299999801442,0.0,9.707000572234392e-05,0.048500001430511475,0.008500000461935997,0.05700000002980232,0.004749999847263098,0.011749999597668648,0.0,0.006500000134110451,0.194242924451828,0.5902005434036255,0.3528541922569275,-0.9755780100822449,0.0
339,739,-0.16576298324844385,-0.3828100152674328,-0.04676298324844386,0.14518998473256722,0.15253494114116065,0.2175450308675074,0.7748329639434814,0.5569676756858826,-1.0,0.8860465288162231,0.3084745705127716,0.39750000834465027,-0.3606249988079071,-0.002624999964609742,0.23274999856948853,0.00043967002420686185,0.0005652900435961783,1.7129999832832254e-05,6.851999933132902e-05,0.08799999952316284,0.007499999832361937,0.09549999982118607,0.005499999970197678,0.029500000178813934,0.0,0.0010000000474974513,0.08306960016489029,-0.9240589141845703,0.845443069934845,-0.16649146378040314,0.0
340,740,-0.16895895298685804,-0.3845237466398103,-0.04995895298685804,0.1434762533601897,0.15192541677356175,0.21887507018020147,0.7772954106330872,0.5545592904090881,-1.0,0.8860465288162231,0.3084745705127716,0.3998749852180481,-0.3648749887943268,0.013124999590218067,0.23025000095367432,0.0002797899942379445,8.565000462112948e-05,0.0,0.0,0.03200000151991844,0.0,0.03200000151991844,0.0037499999161809683,0.0035000001080334187,0.0,0.0,-0.07206675410270691,-0.939212441444397,-0.9831695556640625,-0.40007731318473816,-0.21398965
341,741,-0.17593909620500037,-0.38197536182008207,-0.05693909620500037,0.14602463817991795,0.15673307127794772,0.20860125653425146,0.7698628902435303,0.5516546964645386,-1.0,0.8860465288162231,0.3084745705127716,0.4000000059604645,-0.3813750147819519,0.016750000417232513,0.2331250011920929,0.00010848999954760075,7.994000043254346e-05,7.994000043254346e-05,6.851999933132902e-05,0.016499999910593033,0.013000000268220901,0.029500000178813934,0.0010000000474974513,0.001500000013038516,0.0002500000118743628,0.0017500000540167093,-0.5463520288467407,-0.3036440908908844,-0.8503285050392151,0.9838588833808899,0.0
342,742,-0.16286127016681573,-0.3858741158535206,-0.043861270166815736,0.14212588414647942,0.1487399676114826,0.22595946004894518,0.7536299824714661,0.5559739470481873,-1.0,0.8860465288162231,0.3084745705127716,0.3903749883174896,-0.3863750100135803,0.0008750000270083547,0.25174999237060547,2.2840000383439474e-05,7.423000351991504e-05,7.423000351991504e-05,6.851999933132902e-05,0.008500000461935997,0.012500000186264515,0.020999999716877937,0.0,0.0002500000118743628,0.0002500000118743628,0.0012499999720603228,0.09817907959222794,0.7492297291755676,0.48793643712997437,-0.9109214544296265,-0.012218512
343,743,-0.18098138647273332,-0.3806192840486341,-0.061981386472733324,0.14738071595136593,0.1598836067375875,0.20213164875028025,0.784043550491333,0.5493658781051636,-1.0,0.8860465288162231,0.3084745705127716,0.3933750092983246,-0.37674999237060547,0.010125000029802322,0.23512500524520874,0.0001256200048374012,0.00013703999866265804,0.0,6.851999933132902e-05,0.023000000044703484,0.006000000052154064,0.028999999165534973,0.001500000013038516,0.008999999612569809,0.0,0.0005000000237487257,0.06764279305934906,-0.9231793284416199,0.20955300331115723,0.868090808391571,0.0
344,744,-0.18311246157177713,-0.38456262826139487,-0.06411246157177714,0.14343737173860516,0.15711361284138115,0.20780895053424156,0.7419037818908691,0.5582724213600159,-1.0,0.8860465288162231,0.3084745705127716,0.39500001072883606,-0.39024999737739563,0.012249999679625034,0.2473749965429306,9.13600015337579e-05,7.994000043254346e-05,9.13600015337579e-05,0.00013703999866265804,0.014999999664723873,0.019999999552965164,0.03500000014901161,0.000750000006519258,0.001500000013038516,0.0035000001080334187,0.008500000461935997,0.4957546293735504,-0.8884817957878113,-0.7180331945419312,0.30092018842697144,0.0
345,745,-0.1728678567944587,-0.3890601311293699,-0.05386785679445871,0.13893986887063015,0.14901688883283065,0.22533459594239996,0.736947774887085,0.551588773727417,-1.0,0.8860465288162231,0.3084745705127716,0.40450000762939453,-0.4065000116825104,0.0006249999860301614,0.25687500834465027,9.13600015337579e-05,7.423000351991504e-05,0.0,6.28100024187006e-05,0.014499999582767487,0.005499999970197678,0.019999999552965164,0.0002500000118743628,0.000750000006519258,0.0,0.000750000006519258,0.7761752009391785,0.5963529348373413,-0.9618700742721558,0.15142637491226196,-0.13942443
346,746,-0.17103162513121295,-0.3879644825285204,-0.052031625131212955,0.14003551747147963,0.14938954504014043,0.22449643528224755,0.7607724070549011,0.5439658761024475,-1.0,0.8860465288162231,0.3084745705127716,0.4181250035762787,-0.40174999833106995,0.0037499999161809683,0.257999986410141,0.00016558999777771533,0.00019414001144468784,7.994000043254346e-05,8.565000462112948e-05,0.03150000050663948,0.014499999582767487,0.04600000008940697,0.0020000000949949026,0.013500000350177288,0.0012499999720603228,0.004000000189989805,-0.7602433562278748,-0.13922566175460815,-0.3540702760219574,-0.6214239597320557,0.0
347,747,-0.16494589879788202,-0.3900340662470582,-0.04594589879788202,0.1379659337529418,0.14541535164028022,0.23359801712407713,0.7650427222251892,0.5458229184150696,-1.0,0.8860465288162231,0.3084745705127716,0.4047499895095825,-0.40012499690055847,-0.0021250001154839993,0.24824999272823334,8.565000462112948e-05,9.707000572234392e-05,-7.423000351991504e-05,6.28100024187006e-05,0.01600000075995922,0.012000000104308128,0.02800000086426735,0.0002500000118743628,0.005249999929219484,-0.0002500000118743628,0.0002500000118743628,0.9110454320907593,0.47069916129112244,-0.42588481307029724,-0.6486098766326904,0.0
348,748,-0.16090948368465763,-0.3891098647449701,-0.041909483684657634,0.1388901352550299,0.14507540968019042,0.2343934660685656,0.7791956067085266,0.5423151254653931,-1.0,0.8860465288162231,0.3084745705127716,0.4205000102519989,-0.39649999141693115,-0.010125000029802322,0.23600000143051147,0.0002169799990952015,0.00022840000747237355,0.0,6.28100024187006e-05,0.039000000804662704,0.005499999970197678,0.04450000077486038,0.002749999985098839,0.01549999974668026,0.0,0.0005000000237487257,0.23302865028381348,0.7206400632858276,-0.8689124584197998,-0.9321115016937256,-0.12826951
349,749,-0.16522965067917644,-0.3863596242651795,-0.04622965067917645,0.14164037573482052,0.1489938812173836,0.22538644602420854,0.7885826230049133,0.5438815951347351,-1.0,0.8860465288162231,0.3084745705127716,0.42399999499320984,-0.38862499594688416,-0.006500000134110451,0.21850000321865082,0.00034260001848451793,0.00044538002111949027,7.423000351991504e-05,6.851999933132902e-05,0.0689999982714653,0.012500000186264515,0.08150000125169754,0.0042500002309679985,0.026750000193715096,0.0002500000118743628,0.000750000006519258,-0.2984949052333832,0.5109289288520813,-0.9679079055786133,0.9325626492500305,0.0
350,750,-0.17072282316164966,-0.3841675280489839,-0.05172282316164967,0.14383247195101612,0.15284969880032842,0.2168613677261975,0.7785357236862183,0.5485430359840393,-1.0,0.8860465288162231,0.3084745705127716,0.41987499594688416,-0.3817499876022339,-0.02449999935925007,0.23262499272823334,0.00013703999866265804,0.0006109700188972056,0.0,0.00010278000263497233,0.06549999862909317,0.008999999612569809,0.07450000196695328,0.001500000013038516,0.03200000151991844,0.0,0.007249999791383743,-0.1622055023908615,0.6817784309387207,-0.7491995692253113,0.8543959856033325,-0.113903955
351,751,-0.1657435007818423,-0.38611518411680174,-0.046743500781842307,0.1418848158831983,0.14938626390519033,0.22450380143409335,0.7657608985900879,0.5522584319114685,-1.0,0.8860465288162231,0.3084745705127716,0.4165000021457672,-0.37562501430511475,-0.020749999210238457,0.2475000023841858,0.00019414001144468784,0.0010392200201749802,1.1420000191719737e-05,0.00013703999866265804,0.1080000028014183,0.013000000268220901,0.12099999934434891,0.0022499999031424522,0.045249998569488525,0.0,0.009499999694526196,0.3946572542190552,-0.43590205907821655,-0.7777631282806396,-0.781148374080658,-0.11733159
352,752,-0.1702019463278867,-0.38519924346565826,-0.051201946327886716,0.14280075653434177,0.1517026544742845,0.2193631847848901,0.7773407101631165,0.5489572882652283,-1.0,0.8860465288162231,0.3084745705127716,0.4207499921321869,-0.37562501430511475,-0.016875000670552254,0.2368749976158142,0.0008336600149050355,0.0005367400008253753,0.0,7.423000351991504e-05,0.11999999731779099,0.006500000134110451,0.1264999955892563,0.008500000461935997,0.028999999165534973,-0.0002500000118743628,0.001500000013038516,0.21064414083957672,-0.43079912662506104,-0.563503623008728,0.8025460839271545,-0.09162044
353,753,-0.17662496483164658,-0.3819950896402003,-0.057624964831646586,0.14600491035979973,0.15696518856428537,0.20811761847922963,0.7669722437858582,0.5505097508430481,-1.0,0.8860465288162231,0.3084745705127716,0.42362499237060547,-0.37687501311302185,-0.013124999590218067,0.24674999713897705,0.00107919005677104,0.00022840000747237355,1.1420000191719737e-05,0.00016558999777771533,0.1145000010728836,0.01549999974668026,0.12999999523162842,0.010499999858438969,0.01549999974668026,-0.0002500000118743628,0.011749999597668648,-0.90415358543396,0.9615184664726257,-0.8666501641273499,0.8661863207817078,-0.12799802
354,754,-0.17541500358661732,-0.3809804294472488,-0.05641500358661733,0.14701957055275122,0.15747192370449228,0.20706568089310912,0.7520349621772766,0.5559405088424683,-1.0,0.8860465288162231,0.3084745705127716,0.41075000166893005,-0.3708750009536743,-0.010125000029802322,0.2630000114440918,0.00019414001144468784,0.0008393700118176639,7.994000043254346e-05,0.0001484600070398301,0.09049999713897705,0.019999999552965164,0.11050000041723251,0.0024999999441206455,0.039500001817941666,0.0012499999720603228,0.011500000022351742,-0.7925336360931396,-0.14023813605308533,-0.4086110293865204,-0.28138333559036255,0.0
355,755,-0.1780504991318323,-0.3793974865748377,-0.0590504991318323,0.14860251342516234,0.15990518579456414,0.20208803535247782,0.754848837852478,0.5576602816581726,-1.0,0.8860465288162231,0.3084745705127716,0.39649999141693115,-0.36550000309944153,-0.016875000670552254,0.2631250023841858,0.00011991000064881518,0.0003825699968729168,-7.423000351991504e-05,6.851999933132902e-05,0.04399999976158142,0.012500000186264515,0.05649999901652336,0.001500000013038516,0.023499999195337296,-0.0005000000237487257,0.000750000006519258,-0.12650857865810394,0.8049757480621338,-0.767704427242279,0.5697171688079834,0.0
356,756,-0.1740632746409761,-0.37814480127616173,-0.0550632746409761,0.1498551987238383,0.15965132257124784,0.20260171429805104,0.7487197518348694,0.5603432655334473,-1.0,0.8860465288162231,0.3084745705127716,0.3941250145435333,-0.35887500643730164,-0.03150000050663948,0.2683750092983246,0.00013703999866265804,0.0008964700391516089,0.0,0.0001541700039524585,0.09049999713897705,0.013500000350177288,0.10400000214576721,0.0017500000540167093,0.04024999961256981,0.0,0.011500000022351742,-0.6353651285171509,-0.06554155796766281,-0.8446067571640015,-0.9030937552452087,-0.12535281
357,757,-0.1709859726154791,-0.3767812441001141,-0.051985972615479104,0.15121875589988593,0.15990513901900286,0.20208812988031277,0.7579923868179321,0.5624664425849915,-1.0,0.8860465288162231,0.3084745705127716,0.3824999928474426,-0.3512499928474426,-0.02787500061094761,0.25687500834465027,0.0001256200048374012,0.0003882800228893757,7.423000351991504e-05,6.851999933132902e-05,0.04500000178813934,0.012500000186264515,0.057500001043081284,0.0012499999720603228,0.022749999538064003,0.0002500000118743628,0.000750000006519258,-0.8912253975868225,0.04178928956389427,-0.7764378786087036,-0.746729850769043,0.0
358,758,-0.1779650271822199,-0.37278976204990105,-0.05896502718221991,0.15521023795009897,0.16603340746707054,0.19007547009348805,0.7651488780975342,0.5647775530815125,-1.0,0.8860465288162231,0.3084745705127716,0.3661249876022339,-0.34450000524520874,-0.042249999940395355,0.24300000071525574,9.707000572234392e-05,0.0001598800008650869,0.0,6.28100024187006e-05,0.02250000089406967,0.005499999970197678,0.02800000086426735,0.000750000006519258,0.01075000036507845,0.0,0.0005000000237487257,-0.9313545823097229,-0.8677449226379395,0.762664794921875,-0.9362127780914307,0.0
359,759,-0.17817240025848102,-0.37309595184691946,-0.05917240025848103,0.15490404815308056,0.1658210996422403,0.1904794438718089,0.7489185333251953,0.5715427994728088,-1.0,0.8860465288162231,0.3084745705127716,0.3491249978542328,-0.3558749854564667,-0.02800000086426735,0.22574999928474426,8.565000462112948e-05,7.994000043254346e-05,0.0,0.0,0.014499999582767487,0.0,0.014499999582767487,0.0,0.0010000000474974513,0.0,0.0,-0.45814278721809387,-0.43380433320999146,-0.6339246034622192,0.5586546063423157,-0.10007096
360,760,-0.19086220245845076,-0.3680021733039703,-0.07186220245845076,0.15999782669602974,0.17539521284696494,0.17308852183055162,0.7484362721443176,0.5710238218307495,-1.0,0.8860465288162231,0.3084745705127716,0.3407500088214874,-0.3633750081062317,-0.02437499910593033,0.23612500727176666,0.0,-5.7100000958598685e-06,7.423000351991504e-05,0.0,0.0005000000237487257,0.006500000134110451,0.007000000216066837,-0.0002500000118743628,-0.0002500000118743628,0.0002500000118743628,0.0,0.2298160344362259,-0.14842194318771362,-0.17102226614952087,0.8451833724975586,-0.08633331
361,761,-0.1838979446021739,-0.37405876509801733,-0.06489794460217391,0.1539412349019827,0.16706180597830927,0.18813075364577536,0.7189251184463501,0.5796573162078857,-1.0,0.8860465288162231,0.3084745705127716,0.3448750078678131,-0.36024999618530273,-0.020375000312924385,0.25187501311302185,8.565000462112948e-05,7.423000351991504e-05,0.0,6.851999933132902e-05,0.014000000432133675,0.006000000052154064,0.019999999552965164,0.0,0.0010000000474974513,-0.0002500000118743628,0.0,0.7525451183319092,-0.14718419313430786,-0.9045649170875549,0.5509981513023376,-0.1325478
362,762,-0.19496391745688285,-0.3683830474730781,-0.07596391745688286,0.15961695252692193,0.17677128807976072,0.17072300651341232,0.7351210713386536,0.5693919062614441,-1.0,0.8860465288162231,0.3084745705127716,0.35850000381469727,-0.3630000054836273,-0.017374999821186066,0.25999999046325684,9.707000572234392e-05,7.994000043254346e-05,7.423000351991504e-05,9.13600015337579e-05,0.01549999974668026,0.014499999582767487,0.029999999329447746,0.000750000006519258,0.0010000000474974513,0.0012499999720603228,0.0042500002309679985,-0.8491427898406982,-0.30543193221092224,-0.3242936134338379,0.03371742367744446,0.0
363,763,-0.1809218302302299,-0.3742566481390568,-0.0619218302302299,0.15374335186094323,0.16574477759645764,0.19062487717194254,0.7093862295150757,0.5790117979049683,-1.0,0.8860465288162231,0.3084745705127716,0.34312498569488525,-0.36800000071525574,-0.022749999538064003,0.26249998807907104,5.7100001868093386e-05,0.0,0.0,6.851999933132902e-05,0.004999999888241291,0.006000000052154064,0.010999999940395355,-0.0002500000118743628,-0.0002500000118743628,0.0,0.0005000000237487257,0.45904865860939026,0.8597104549407959,-0.8131883144378662,-0.08216992020606995,-0.121582605
364,764,-0.16917015759842857,-0.3788277141433321,-0.05017015759842858,0.14917228585666792,0.15738302189612005,0.20724984787970235,0.7420422434806824,0.569056510925293,-1.0,0.8860465288162231,0.3084745705127716,0.35112500190734863,-0.3552500009536743,-0.019999999552965164,0.26124998927116394,9.707000572234392e-05,0.00010848999954760075,8.565000462112948e-05,6.28100024187006e-05,0.017999999225139618,0.013000000268220901,0.03099999949336052,0.000750000006519258,0.0062500000931322575,0.0020000000949949026,0.0,0.640846312046051,-0.03325538709759712,-0.8008546233177185,-0.8941201567649841,0.0
365,765,-0.1763851051564173,-0.3757055052927765,-0.057385105156417315,0.1522944947072235,0.16274723780126532,0.1964254364386849,0.769371747970581,0.5613089799880981,-1.0,0.8860465288162231,0.3084745705127716,0.36274999380111694,-0.3552500009536743,-0.03400000184774399,0.24437500536441803,0.00011991000064881518,9.707000572234392e-05,0.0,6.28100024187006e-05,0.01899999938905239,0.005499999970197678,0.02449999935925007,0.001500000013038516,0.005249999929219484,0.0,0.0002500000118743628,0.6110469102859497,0.8682805299758911,0.12594041228294373,0.9837960600852966,-0.008887151
366,766,-0.17886834007567087,-0.37555698361436307,-0.05986834007567088,0.15244301638563695,0.16377756680378347,0.19441199852791638,0.7525928020477295,0.5666008591651917,-1.0,0.8860465288162231,0.3084745705127716,0.37275001406669617,-0.3491249978542328,-0.030249999836087227,0.2593750059604645,0.0003197600017301738,0.000433959998190403,2.2840000383439474e-05,0.00010278000263497233,0.06599999964237213,0.010999999940395355,0.07699999958276749,0.0042500002309679985,0.025499999523162842,0.0,0.007000000216066837,0.5743762254714966,-0.2631962299346924,-0.9669124484062195,0.6803672909736633,-0.1400295
367,767,-0.18557190595873657,-0.3759705493329813,-0.06657190595873658,0.15202945066701873,0.16596617888321208,0.19020329810396028,0.7468178272247314,0.5668525695800781,-1.0,0.8860465288162231,0.3084745705127716,0.3817499876022339,-0.3492499887943268,-0.027000000700354576,0.26899999380111694,0.0007251700153574347,0.000245530012762174,7.994000043254346e-05,0.0001884299999801442,0.08500000089406967,0.023499999195337296,0.10849999636411667,0.00774999987334013,0.01600000075995922,0.0010000000474974513,0.013249999843537807,-0.222474604845047,-0.6859394311904907,-0.5884349942207336,0.787014365196228,0.0
368,768,-0.1821087302332452,-0.37822376919927675,-0.0631087302332452,0.14977623080072328,0.16252886249686252,0.19685484977912907,0.7312281131744385,0.5661516189575195,-1.0,0.8860465288162231,0.3084745705127716,0.38100001215934753,-0.35762500762939453,-0.03824999928474426,0.2836250066757202,0.00011991000064881518,0.00010848999954760075,7.994000043254346e-05,0.0001884299999801442,0.019999999552965164,0.023499999195337296,0.04349999874830246,0.0010000000474974513,0.007249999791383743,0.001500000013038516,0.013500000350177288,0.8049134612083435,0.1535724550485611,-0.983303427696228,-0.024902215227484703,0.0
369,769,-0.19016466799151338,-0.3778560923459417,-0.07116466799151339,0.15014390765405833,0.16615535795144473,0.18984381341896067,0.7392820119857788,0.5623325705528259,-1.0,0.8860465288162231,0.3084745705127716,0.3917500078678131,-0.3581250011920929,-0.05575000122189522,0.2837499976158142,0.000925020023714751,0.00020556000526994467,0.0,0.00017701000615488738,0.0989999994635582,0.01549999974668026,0.1145000010728836,0.009499999694526196,0.014000000432133675,-0.0002500000118743628,0.012500000186264515,-0.6387795805931091,-0.9714249968528748,-0.19706276059150696,0.7282053232192993,-0.047647536
370,770,-0.1830470014878034,-0.3802309076881546,-0.0640470014878034,0.14776909231184543,0.16105192653999947,0.1997838462971078,0.7205472588539124,0.5629557967185974,-1.0,0.8860465288162231,0.3084745705127716,0.3842499852180481,-0.3713749945163727,-0.05274999886751175,0.30024999380111694,0.00010278000263497233,9.13600015337579e-05,7.994000043254346e-05,9.707000572234392e-05,0.017000000923871994,0.01549999974668026,0.032499998807907104,0.000750000006519258,0.0042500002309679985,0.0012499999720603228,0.006750000175088644,-0.24846042692661285,0.07162129878997803,-0.8754838705062866,-0.751945972442627,0.0
371,771,-0.19686666031276318,-0.3749507589977623,-0.07786666031276318,0.1530492410022377,0.17171862729367565,0.17957070068199396,0.7371000051498413,0.5589306354522705,-1.0,0.8860465288162231,0.3084745705127716,0.3799999952316284,-0.3712500035762787,-0.06849999725818634,0.28949999809265137,8.565000462112948e-05,0.00010848999954760075,0.0,6.851999933132902e-05,0.017000000923871994,0.006000000052154064,0.023000000044703484,0.0,0.006500000134110451,0.0,0.0002500000118743628,-0.7748801112174988,-0.8426589965820312,-0.9710115790367126,-0.0443769209086895,-0.14052139
372,772,-0.18821908264469112,-0.37998871381293153,-0.06921908264469112,0.1480112861870685,0.1633971304549834,0.19515302110261273,0.7049612402915955,0.5678800940513611,-1.0,0.8860465288162231,0.3084745705127716,0.36537501215934753,-0.3841249942779541,-0.06475000083446503,0.2893750071525574,9.13600015337579e-05,7.423000351991504e-05,0.0,-6.851999933132902e-05,0.014499999582767487,0.006000000052154064,0.020500000566244125,0.0002500000118743628,0.000750000006519258,0.0,-0.0010000000474974513,0.7520738244056702,0.35883787274360657,-0.6751147508621216,0.3021334111690521,-0.10501377
373,773,-0.18104453375130225,-0.3843891023310113,-0.062044533751302255,0.1436108976689887,0.15644044904598436,0.20921256416183012,0.725071907043457,0.5593411922454834,-1.0,0.8860465288162231,0.3084745705127716,0.3790000081062317,-0.38100001215934753,-0.061000000685453415,0.2931250035762787,0.00010848999954760075,0.00011991000064881518,0.0,7.423000351991504e-05,0.019999999552965164,0.006500000134110451,0.026499999687075615,0.0010000000474974513,0.00774999987334013,0.0,0.002749999985098839,0.0653548538684845,-0.9695878624916077,-0.04303067550063133,-0.9678052663803101,-0.029163685
374,774,-0.18589305886558988,-0.3839247060957645,-0.06689305886558988,0.1440752939042355,0.15884700701614468,0.20423784239705178,0.7417569160461426,0.5518828630447388,-1.0,0.8860465288162231,0.3084745705127716,0.3804999887943268,-0.39524999260902405,-0.05712499842047691,0.2763749957084656,8.565000462112948e-05,6.851999933132902e-05,0.0,5.139000131748617e-05,0.013500000350177288,0.0044999998062849045,0.017999999225139618,0.0002500000118743628,0.0,-0.0002500000118743628,0.0,0.5434250831604004,-0.08611230552196503,-0.4684900939464569,0.9710128903388977,-0.08021882
375,775,-0.17908306895870596,-0.38588670833134825,-0.060083068958705965,0.14211329166865178,0.15429245880598283,0.21375504094822798,0.7304812669754028,0.5526700019836426,-1.0,0.8860465288162231,0.3084745705127716,0.39012500643730164,-0.3971250057220459,-0.0533749982714653,0.29362499713897705,0.00010848999954760075,7.423000351991504e-05,0.0,6.851999933132902e-05,0.01600000075995922,0.006000000052154064,0.02199999988079071,0.0012499999720603228,0.000750000006519258,-0.0002500000118743628,0.0017500000540167093,-0.21229879558086395,0.5969061851501465,-0.5365626811981201,-0.7581427097320557,-0.08838753
376,776,-0.18026531990047528,-0.38513284690270866,-0.06126531990047529,0.14286715309729137,0.1554492291927897,0.21129663241876562,0.7463184595108032,0.549344539642334,-1.0,0.8860465288162231,0.3084745705127716,0.3867500126361847,-0.3889999985694885,-0.04975000023841858,0.28025001287460327,8.565000462112948e-05,0.00010848999954760075,5.7100001868093386e-05,6.851999933132902e-05,0.017000000923871994,0.010999999940395355,0.02800000086426735,0.0002500000118743628,0.006750000175088644,0.0,0.0002500000118743628,0.49292799830436707,0.3300858736038208,-0.8712193965911865,0.06798344850540161,-0.12854634
377,777,-0.1889395049099531,-0.38228506155513575,-0.0699395049099531,0.14571493844486427,0.16163037348543105,0.19863153869781572,0.743569016456604,0.550622284412384,-1.0,0.8860465288162231,0.3084745705127716,0.3946250081062317,-0.3866249918937683,-0.04600000008940697,0.2801249921321869,0.00019414001144468784,0.00021127000218257308,0.0,7.423000351991504e-05,0.03550000116229057,0.006500000134110451,0.041999999433755875,0.002749999985098839,0.01425000000745058,0.0,0.003000000026077032,-0.458549827337265,-0.7129002809524536,-0.9974022507667542,0.8121973872184753,-0.14368828
378,778,-0.18197862457819647,-0.3842217359119272,-0.06297862457819647,0.14377826408807282,0.1569665454099727,0.20811479466345617,0.7233964800834656,0.5554490685462952,-1.0,0.8860465288162231,0.3084745705127716,0.38737499713897705,-0.3932499885559082,-0.04262499883770943,0.29512500762939453,9.13600015337579e-05,7.423000351991504e-05,7.994000043254346e-05,7.994000043254346e-05,0.014499999582767487,0.014000000432133675,0.02850000001490116,0.0002500000118743628,0.0010000000474974513,0.000750000006519258,0.0032500000670552254,0.4850263297557831,0.5110966563224792,0.9842848181724548,-0.9018763899803162,0.0
379,779,-0.17113686910282172,-0.38874741715015243,-0.052136869102821726,0.1392525828498476,0.14869275352282113,0.22606616993782014,0.7395845651626587,0.5521665215492249,-1.0,0.8860465288162231,0.3084745705127716,0.39524999260902405,-0.3892500102519989,-0.02487500011920929,0.27924999594688416,0.00017130000924225897,0.00017701000615488738,7.994000043254346e-05,6.851999933132902e-05,0.030500000342726707,0.013000000268220901,0.04349999874830246,0.0024999999441206455,0.012000000104308128,0.0020000000949949026,0.0012499999720603228,0.2882676124572754,-0.8474876880645752,-0.3742935359477997,-0.6284290552139282,0.0
380,780,-0.18467334490061643,-0.3840863160821522,-0.06567334490061644,0.1439136839178478,0.1581901913812659,0.20558372361888516,0.7647979855537415,0.5444958806037903,-1.0,0.8860465288162231,0.3084745705127716,0.40149998664855957,-0.3996250033378601,-0.03087499924004078,0.2680000066757202,0.00010848999954760075,7.423000351991504e-05,0.0,6.28100024187006e-05,0.01600000075995922,0.005499999970197678,0.0215000007301569,0.000750000006519258,0.0010000000474974513,0.0,0.0002500000118743628,-0.30445554852485657,-0.470791757106781,-0.4143495261669159,-0.2867838442325592,-0.073721945
381,781,-0.18013453355701664,-0.38739330238261,-0.061134533557016646,0.14060669761739003,0.15332212693574973,0.21583926985017046,0.7333177924156189,0.5523960590362549,-1.0,0.8860465288162231,0.3084745705127716,0.39625000953674316,-0.4077500104904175,-0.027124999091029167,0.2630000114440918,0.0,0.0,0.0,-6.851999933132902e-05,0.0,0.006000000052154064,0.006000000052154064,0.0,-0.0002500000118743628,0.0,-0.0005000000237487257,0.2895794212818146,-0.3218492567539215,-0.7917419075965881,0.5089462995529175,-0.18163095
382,782,-0.18239090168318856,-0.3902089540094039,-0.06339090168318856,0.1377910459905961,0.15167326320545177,0.21942766788398654,0.7438731789588928,0.5467910170555115,-1.0,0.8860465288162231,0.3084745705127716,0.4009999930858612,-0.40662500262260437,-0.023375000804662704,0.27137500047683716,0.00011420000373618677,9.707000572234392e-05,0.0,7.423000351991504e-05,0.01850000023841858,0.006500000134110451,0.02500000037252903,0.0012499999720603228,0.004999999888241291,0.0,0.0017500000540167093,0.8590025901794434,-0.9362684488296509,-0.36499881744384766,0.15258723497390747,-0.06779986
383,783,-0.19942134879367673,-0.38405180533044453,-0.08042134879367674,0.1439481946695555,0.1648898908072246,0.19226148968858844,0.7386258244514465,0.542018711566925,-1.0,0.8860465288162231,0.3084745705127716,0.41737499833106995,-0.42225000262260437,-0.019500000402331352,0.27412500977516174,9.707000572234392e-05,7.423000351991504e-05,0.0,6.851999933132902e-05,0.014999999664723873,0.006000000052154064,0.020999999716877937,0.0005000000237487257,0.0012499999720603228,-0.0002500000118743628,0.0017500000540167093,-0.46241122484207153,-0.8723869919776917,-0.622451901435852,0.5498142242431641,-0.098694235
384,784,-0.22411435784060485,-0.3748791977236326,-0.10511435784060486,0.15312080227636743,0.1857283185569749,0.1560961390533341,0.6990201473236084,0.5524545907974243,-1.0,0.8860465288162231,0.3084745705127716,0.4090000092983246,-0.43799999356269836,-0.016750000417232513,0.2841250002384186,0.0,7.423000351991504e-05,7.994000043254346e-05,6.851999933132902e-05,0.006500000134110451,0.013000000268220901,0.019500000402331352,0.0,0.0002500000118743628,0.0017500000540167093,0.0022499999031424522,-0.13918602466583252,-0.9090426564216614,-0.9038181304931641,0.7386393547058105,-0.04070232
385,785,-0.21185555604107797,-0.3811252985331144,-0.09285555604107798,0.14687470146688564,0.17376516399636768,0.1759330700699421,0.6415945291519165,0.568001389503479,-1.0,0.8860465288162231,0.3084745705127716,0.4127500057220459,-0.45487499237060547,-0.032875001430511475,0.29887500405311584,9.13600015337579e-05,2.8550000934046693e-05,6.851999933132902e-05,6.28100024187006e-05,0.010499999858438969,0.011500000022351742,0.02199999988079071,0.0,0.0,0.0002500000118743628,0.0002500000118743628,-0.04595956951379776,-0.8126771450042725,-0.4745842218399048,-0.9179415106773376,-0.20247136
386,786,-0.2100474746525987,-0.3820176148915051,-0.09104747465259871,0.14598238510849493,0.17204795669400008,0.1789802942948051,0.6701033711433411,0.5574147701263428,-1.0,0.8860465288162231,0.3084745705127716,0.41212499141693115,-0.45112499594688416,-0.029249999672174454,0.28200000524520874,0.0,0.0,7.994000043254346e-05,0.0,0.0,0.007000000216066837,0.007000000216066837,-0.0002500000118743628,0.0,0.0005000000237487257,-0.0002500000118743628,-0.8959380388259888,-0.2862352430820465,0.04561415687203407,-0.43625330924987793,-0.2662112
387,787,-0.1868917722314387,-0.39503286707017743,-0.06789177223143872,0.1329671329298226,0.14929685588217412,0.22470461560316388,0.674308180809021,0.555902361869812,-1.0,0.8860465288162231,0.3084745705127716,0.41587498784065247,-0.44737499952316284,-0.0286250002682209,0.2854999899864197,0.0,7.423000351991504e-05,7.994000043254346e-05,6.28100024187006e-05,0.006500000134110451,0.012500000186264515,0.01899999938905239,-0.0002500000118743628,0.0,0.000750000006519258,0.0002500000118743628,-0.7415708899497986,0.4192872643470764,-0.5006839036941528,0.8892388343811035,-0.11298852
388,788,-0.16972741927735735,-0.40103908037424907,-0.050727419277357355,0.12696091962575096,0.13671995530557052,0.254819569959301,0.7281586527824402,0.5338426232337952,-1.0,0.8860465288162231,0.3084745705127716,0.4193750023841858,-0.4412499964237213,-0.03762499988079071,0.3018749952316284,9.13600015337579e-05,8.565000462112948e-05,0.0,6.851999933132902e-05,0.01549999974668026,0.006000000052154064,0.0215000007301569,0.0002500000118743628,0.0032500000670552254,0.0,0.000750000006519258,-0.7857562303543091,-0.8334034085273743,0.7087117433547974,-0.8419528007507324,0.0
389,789,-0.16917623790226138,-0.40101151941042534,-0.05017623790226139,0.12698848058957468,0.13654204133699305,0.2552733331032434,0.7680757641792297,0.5236625671386719,-1.0,0.8860465288162231,0.3084745705127716,0.4050000011920929,-0.45537498593330383,-0.02449999935925007,0.2866249978542328,0.0,7.994000043254346e-05,7.423000351991504e-05,1.1420000191719737e-05,0.007000000216066837,0.007499999832361937,0.014499999582767487,-0.0002500000118743628,0.0002500000118743628,0.0002500000118743628,-0.0002500000118743628,-0.3636399805545807,-0.42466989159584045,-0.548660397529602,-0.6754276752471924,-0.17268811
390,790,-0.17372730151445337,-0.4000837110567505,-0.054727301514453375,0.12791628894324952,0.13913178827308587,0.24874726879287243,0.7693575620651245,0.5237092971801758,-1.0,0.8860465288162231,0.3084745705127716,0.4086250066757202,-0.46299999952316284,-0.03462500125169754,0.28987500071525574,9.13600015337579e-05,0.0,0.0,6.851999933132902e-05,0.00800000037997961,0.006000000052154064,0.014000000432133675,0.0,-0.0002500000118743628,0.0,0.000750000006519258,0.722151517868042,0.49631091952323914,0.8667854070663452,-0.466308057308197,0.0
391,791,-0.1774322254200546,-0.3989311252434378,-0.058432225420054607,0.1290688747565622,0.14167956591712588,0.2424897932523904,0.7587737441062927,0.5252818465232849,-1.0,0.8860465288162231,0.3084745705127716,0.42225000262260437,-0.45399999618530273,-0.0182499997317791,0.28187501430511475,0.0,7.423000351991504e-05,0.0,-6.28100024187006e-05,0.006500000134110451,0.005499999970197678,0.012000000104308128,-0.0002500000118743628,0.0002500000118743628,-0.0002500000118743628,-0.0005000000237487257,-0.24054229259490967,-0.17737524211406708,-0.9051695466041565,-0.8146169781684875,-0.18548542
392,792,-0.16278051552302394,-0.4038252774397796,-0.04378051552302395,0.12417472256022044,0.13166660648155804,0.26802740002030584,0.7501575946807861,0.5272353887557983,-1.0,0.8860465288162231,0.3084745705127716,0.4257499873638153,-0.4571250081062317,-0.014624999836087227,0.26649999618530273,9.13600015337579e-05,0.0,6.851999933132902e-05,0.0,0.00800000037997961,0.006000000052154064,0.014000000432133675,0.0002500000118743628,0.0,0.0,-0.0002500000118743628,-0.13627736270427704,-0.41097548604011536,0.61263108253479,0.2119443267583847,-0.073317066
393,793,-0.17901689308939317,-0.39733155879335175,-0.060016893089393175,0.13066844120664828,0.14379245106569033,0.23742001037521765,0.7842313647270203,0.5189402103424072,-1.0,0.8860465288162231,0.3084745705127716,0.4235000014305115,-0.45350000262260437,-0.003375000087544322,0.27012500166893005,0.0,7.423000351991504e-05,7.423000351991504e-05,6.28100024187006e-05,0.006500000134110451,0.012000000104308128,0.01850000023841858,-0.0002500000118743628,0.0002500000118743628,0.0002500000118743628,0.0002500000118743628,0.48459574580192566,0.6969094276428223,-0.9895897507667542,0.7966049909591675,0.0
394,794,-0.19330754375653197,-0.389658029412395,-0.07430754375653198,0.138341970587605,0.15703538418200746,0.20797158029354948,0.7464723587036133,0.529946506023407,-1.0,0.8860465288162231,0.3084745705127716,0.43187499046325684,-0.44325000047683716,-0.02174999937415123,0.2842499911785126,9.707000572234392e-05,0.00010278000263497233,0.0,7.423000351991504e-05,0.017500000074505806,0.006500000134110451,0.024000000208616257,0.0010000000474974513,0.005750000011175871,0.0,0.0017500000540167093,-0.5975211262702942,0.4545239508152008,-0.966935932636261,0.9051833748817444,-0.14003232
395,795,-0.1935517759344927,-0.3923005465359837,-0.07455177593449269,0.13569945346401635,0.15482993562428274,0.2126092391231189,0.7132382988929749,0.5429524779319763,-1.0,0.8860465288162231,0.3084745705127716,0.42137500643730164,-0.4350000023841858,-0.020874999463558197,0.29462501406669617,0.0,0.00011420000373618677,0.00010278000263497233,0.00020556000526994467,0.009999999776482582,0.027000000700354576,0.03700000047683716,-0.0002500000118743628,0.0062500000931322575,0.005750000011175871,0.014750000089406967,0.8912662267684937,-0.6460201144218445,0.549784779548645,-0.5275879502296448,0.0
396,796,-0.17677994659578178,-0.39880974029951166,-0.057779946595781784,0.12919025970048836,0.1415225968885924,0.24287072602016818,0.7126702666282654,0.5384736657142639,-1.0,0.8860465288162231,0.3084745705127716,0.437624990940094,-0.44462499022483826,-0.013249999843537807,0.29124999046325684,8.565000462112948e-05,7.994000043254346e-05,0.00017701000615488738,6.851999933132902e-05,0.014499999582767487,0.0215000007301569,0.035999998450279236,0.0005000000237487257,0.001500000013038516,0.010999999940395355,0.0017500000540167093,0.14846476912498474,-0.25001099705696106,0.08502398431301117,-0.9548122882843018,0.0
397,797,-0.16627136406197662,-0.4000658157697277,-0.04727136406197663,0.1279341842302723,0.13638818627339097,0.2556663863408687,0.7516745328903198,0.527441143989563,-1.0,0.8860465288162231,0.3084745705127716,0.4403750002384186,-0.44874998927116394,-0.0062500000931322575,0.27412500977516174,9.707000572234392e-05,7.423000351991504e-05,0.0,6.28100024187006e-05,0.014999999664723873,0.005499999970197678,0.020500000566244125,0.0005000000237487257,0.0005000000237487257,0.0,0.0002500000118743628,0.4620576500892639,0.830142080783844,-0.10939247906208038,-0.6464219093322754,-0.0371271
398,798,-0.17402852533010893,-0.3992707895540262,-0.055028525330108935,0.12872921044597385,0.13999767220225579,0.24660270428698197,0.7761130928993225,0.5253121852874756,-1.0,0.8860465288162231,0.3084745705127716,0.4482499957084656,-0.4390000104904175,-0.002624999964609742,0.2621249854564667,0.00017130000924225897,0.0001598800008650869,5.7100001868093386e-05,6.28100024187006e-05,0.028999999165534973,0.010499999858438969,0.039500001817941666,0.0020000000949949026,0.012000000104308128,0.0002500000118743628,0.0002500000118743628,0.4582880735397339,-0.46784040331840515,-0.47923266887664795,0.2747950553894043,0.0
399,799,-0.1741966736374559,-0.3999782710225844,-0.055196673637455895,0.12802172897741565,0.1394139012832174,0.24804650931685218,0.7580732107162476,0.5266596674919128,-1.0,0.8860465288162231,0.3084745705127716,0.45637500286102295,-0.44312500953674316,-0.011374999769032001,0.26524999737739563,0.00022269001055974513,7.994000043254346e-05,0.0,8.565000462112948e-05,0.026499999687075615,0.007499999832361937,0.03400000184774399,0.002749999985098839,0.002749999985098839,0.0,0.0042500002309679985,0.8908418416976929,0.4350414574146271,-0.8295127749443054,0.5309275388717651,-0.12354154
400,800,-0.1691261179998642,-0.40305828060935167,-0.05012611799986422,0.12494171939064835,0.13462191853493927,0.26022225522134285,0.7576821446418762,0.5254605412483215,-1.0,0.8860465288162231,0.3084745705127716,0.4717499911785126,-0.4428749978542328,-0.007625000085681677,0.27250000834465027,0.00043967002420686185,0.0002969200140796602,0.0,0.00013703999866265804,0.06449999660253525,0.012000000104308128,0.07649999856948853,0.005249999929219484,0.01850000023841858,0.0,0.009499999694526196,0.4259202480316162,-0.5318261981010437,0.7877117395401001,-0.927697479724884,0.0
