step,action_count,cube_x,cube_y,dist_to_goal_x,dist_to_goal_y,dist_to_goal,distance_reward,obs_cube_x_norm,obs_cube_y_norm,obs_cube_yaw_norm,obs_goal_x_norm,obs_goal_y_norm,obs_motor_16_pos_delta_norm,obs_motor_17_pos_delta_norm,obs_motor_18_pos_delta_norm,obs_motor_19_pos_delta_norm,obs_motor_16_current_norm,obs_motor_17_current_norm,obs_motor_18_current_norm,obs_motor_19_current_norm,obs_horizontal_tension_norm,obs_vertical_tension_norm,obs_total_tension_norm,obs_motor_16_target_error_norm,obs_motor_17_target_error_norm,obs_motor_18_target_error_norm,obs_motor_19_target_error_norm,action_m16,action_m17,action_m18,action_m19,total_safety_penalty
1,4401,-0.17272755321184396,-0.561094038856712,0.19227244678815603,-0.07309403885671206,0.20569742903179616,0.1278401926097967,0.8136468529701233,0.2453334480524063,-1.0,0.3139534890651703,0.37627118825912476,0.0,0.0,0.0,0.0,9.13600015337579e-05,0.0,0.0,5.7100001868093386e-05,0.00800000037997961,0.004999999888241291,0.013000000268220901,0.0,-0.0002500000118743628,0.0,0.0002500000118743628,0.4784388542175293,-0.35659971833229065,-0.9553568959236145,-0.5409195423126221,-0.20543481
2,4402,-0.17188087114479467,-0.561267674232648,0.19311912885520532,-0.07326767423264802,0.2065505991694404,0.1267541377980223,0.7610987424850464,0.2523829936981201,-1.0,0.3139534890651703,0.37627118825912476,0.008124999701976776,0.0005000000237487257,0.003375000087544322,-0.009875000454485416,0.00011420000373618677,0.00010848999954760075,7.994000043254346e-05,0.0,0.019500000402331352,0.007000000216066837,0.026499999687075615,0.001500000013038516,0.0062500000931322575,0.000750000006519258,-0.0002500000118743628,0.4737325608730316,0.2494741529226303,0.15839332342147827,-0.5403286218643188,-0.08883944
3,4403,-0.16681413253950075,-0.563854031034334,0.19818586746049924,-0.07585403103433397,0.21220620180670563,0.11978437613189287,0.7630677223205566,0.2520886957645416,-1.0,0.3139534890651703,0.37627118825912476,0.016625000163912773,0.003000000026077032,0.005874999798834324,-0.006124999839812517,0.00016558999777771533,0.0001598800008650869,8.565000462112948e-05,3.425999966566451e-05,0.02850000001490116,0.010499999858438969,0.039000000804662704,0.0022499999031424522,0.010499999858438969,0.001500000013038516,-0.0002500000118743628,0.6913953423500061,-0.5131608843803406,0.7190197706222534,-0.9410836100578308,-0.13693003
4,4404,-0.16188843138860906,-0.564924833963853,0.20311156861139093,-0.07692483396385297,0.21719056007144075,0.11396024713825699,0.7748508453369141,0.24770502746105194,-1.0,0.3139534890651703,0.37627118825912476,0.0286250002682209,-0.0032500000670552254,0.01862500049173832,-0.002374999923631549,0.000308340007904917,9.13600015337579e-05,8.565000462112948e-05,0.0,0.03500000014901161,0.007499999832361937,0.042500000447034836,0.004000000189989805,0.004000000189989805,0.002749999985098839,-0.0002500000118743628,0.4782184362411499,0.3771580755710602,0.6449627876281738,-0.9925727248191833,-0.14310873
5,4405,-0.16131194632350906,-0.5664211886227128,0.20368805367649093,-0.07842118862271286,0.21826292867895858,0.1127447024315081,0.7863059639930725,0.24589011073112488,-1.0,0.3139534890651703,0.37627118825912476,0.036249998956918716,-0.0031250000465661287,0.029124999418854713,0.0011249999515712261,0.000559579988475889,0.0002797899942379445,9.707000572234392e-05,6.28100024187006e-05,0.07349999994039536,0.014000000432133675,0.08749999850988388,0.006500000134110451,0.017750000581145287,0.005750000011175871,0.0002500000118743628,0.7664997577667236,0.0857875719666481,-0.7717778086662292,0.20489402115345,0.0
6,4406,-0.16281216088286538,-0.5658439154739839,0.20218783911713462,-0.07784391547398395,0.21665548103654583,0.11457165883794468,0.7876466512680054,0.2433539181947708,-1.0,0.3139534890651703,0.37627118825912476,0.048250000923871994,-0.0035000001080334187,0.017124999314546585,0.004749999847263098,0.0011705500073730946,0.0003997000167146325,7.994000043254346e-05,6.851999933132902e-05,0.13750000298023224,0.013000000268220901,0.15049999952316284,0.010999999940395355,0.0215000007301569,0.0010000000474974513,0.0005000000237487257,0.43915942311286926,-0.17174777388572693,-0.013965086080133915,-0.7688601613044739,0.0
7,4407,-0.16309868443983797,-0.564910055293015,0.20190131556016203,-0.07691005529301498,0.2160539234313942,0.11526295053927887,0.7841577529907227,0.24433234333992004,-1.0,0.3139534890651703,0.37627118825912476,0.054625000804662704,-0.005249999929219484,0.017000000923871994,-0.00925000011920929,0.001667320029810071,0.0003026300109922886,7.423000351991504e-05,-1.1420000191719737e-05,0.17249999940395355,0.007499999832361937,0.18000000715255737,0.014499999582767487,0.01875000074505806,0.000750000006519258,-0.0002500000118743628,-0.573989987373352,-0.21800179779529572,0.3797953128814697,-0.20235575735569,-0.048282694
8,4408,-0.16013857504572626,-0.5660309957817189,0.20486142495427373,-0.0780309957817189,0.21921915914669082,0.1116717414019819,0.7834914326667786,0.24591515958309174,-1.0,0.3139534890651703,0.37627118825912476,0.05012499913573265,-0.005125000141561031,0.0215000007301569,-0.005625000223517418,0.00017701000615488738,0.0001598800008650869,0.00010848999954760075,6.28100024187006e-05,0.029500000178813934,0.014999999664723873,0.04450000077486038,0.0020000000949949026,0.010499999858438969,0.005750000011175871,0.0,0.3495253324508667,0.8563445806503296,-0.23188099265098572,-0.9893826246261597,0.0
9,4409,-0.1616860775931242,-0.5674674591904721,0.2033139224068758,-0.07946745919047216,0.21829252876509186,0.11271133484113903,0.7903754115104675,0.24401526153087616,-1.0,0.3139534890651703,0.37627118825912476,0.05249999836087227,-0.004999999888241291,0.019874999299645424,-0.024000000208616257,0.001050640014000237,0.0009706999990157783,7.994000043254346e-05,0.0,0.1770000010728836,0.007000000216066837,0.18400000035762787,0.010250000283122063,0.042249999940395355,0.0005000000237487257,-0.0002500000118743628,0.772529661655426,-0.684555172920227,0.23584610223770142,-0.7480765581130981,-0.11376919
10,4410,-0.15882076545899085,-0.5670150393055153,0.20617923454100914,-0.07901503930551534,0.22080138856530904,0.10991874305604912,0.7867765426635742,0.24158057570457458,-1.0,0.3139534890651703,0.37627118825912476,0.06337500363588333,-0.008375000208616257,0.020124999806284904,-0.020500000566244125,0.00211841007694602,0.0003939900198020041,0.00013703999866265804,7.423000351991504e-05,0.2199999988079071,0.01850000023841858,0.23849999904632568,0.017249999567866325,0.023499999195337296,0.008750000037252903,0.0002500000118743628,0.27781152725219727,-0.13063938915729523,0.5937798023223877,-0.29086336493492126,-0.018075531
11,4411,-0.15718919729151146,-0.5689078054617949,0.20781080270848853,-0.08090780546179488,0.2230053871703327,0.10752263755213702,0.7934401035308838,0.24234738945960999,-1.0,0.3139534890651703,0.37627118825912476,0.06337500363588333,-0.008624999783933163,0.02850000001490116,-0.025499999523162842,0.002832160098478198,0.000308340007904917,0.0002169799990952015,-7.994000043254346e-05,0.2750000059604645,0.026000000536441803,0.3009999990463257,0.02199999988079071,0.01924999989569187,0.01425000000745058,-0.0005000000237487257,-0.8519489169120789,-0.8591156005859375,0.46165162324905396,-0.029160991311073303,-0.035194892
12,4412,-0.1520868786702986,-0.5711602198153737,0.2129131213297014,-0.08316021981537369,0.2285773816327797,0.10169533813815389,0.7972344160079956,0.23913931846618652,-1.0,0.3139534890651703,0.37627118825912476,0.06274999678134918,-0.019500000402331352,0.04100000113248825,-0.026000000536441803,0.00035973000922240317,0.00014275001012720168,0.00010848999954760075,-6.851999933132902e-05,0.04399999976158142,0.01549999974668026,0.05950000137090683,0.0044999998062849045,0.008999999612569809,0.006500000134110451,-0.0005000000237487257,-0.7326950430870056,-0.958854079246521,-0.936789870262146,-0.35156410932540894,0.0
13,4413,-0.1627434591015077,-0.5712599819784605,0.2022565408984923,-0.08325998197846052,0.21872341652250465,0.11222672032020907,0.8091002702713013,0.23532165586948395,-1.0,0.3139534890651703,0.37627118825912476,0.051375001668930054,-0.03350000083446503,0.026624999940395355,-0.032499998807907104,9.13600015337579e-05,7.423000351991504e-05,6.851999933132902e-05,0.0,0.014499999582767487,0.006000000052154064,0.020500000566244125,0.0,0.0012499999720603228,0.0002500000118743628,-0.0005000000237487257,0.5573254823684692,-0.9717208743095398,0.5258856415748596,-0.7604106664657593,-0.11524928
14,4414,-0.12599974027723818,-0.5833864242567754,0.23900025972276182,-0.09538642425677546,0.2573318753672797,0.07628196382162161,0.7843175530433655,0.23515257239341736,-1.0,0.3139534890651703,0.37627118825912476,0.061250001192092896,-0.051249999552965164,0.035999998450279236,-0.029374999925494194,0.00010278000263497233,7.423000351991504e-05,7.423000351991504e-05,6.851999933132902e-05,0.01549999974668026,0.012500000186264515,0.02800000086426735,0.0010000000474974513,0.0005000000237487257,0.0010000000474974513,0.000750000006519258,-0.11947587877511978,-0.40044769644737244,-0.9882012605667114,-0.9531497359275818,0.0
15,4415,-0.15904493120804483,-0.5765267644778977,0.20595506879195516,-0.08852676447789776,0.22417510653510161,0.10627225169881208,0.8697680234909058,0.21459928154945374,-1.0,0.3139534890651703,0.37627118825912476,0.05974999815225601,-0.05887499824166298,0.017999999225139618,-0.04675000160932541,0.0,7.423000351991504e-05,6.28100024187006e-05,0.0,0.006500000134110451,0.005499999970197678,0.012000000104308128,-0.0002500000118743628,0.000750000006519258,0.0,0.0,-0.5348377227783203,0.08895377069711685,0.12897337973117828,-0.2734139561653137,-0.1449902
16,4416,-0.1497343966305583,-0.5808307278998084,0.2152656033694417,-0.0928307278998084,0.23442871845492405,0.09591554785313901,0.7929187417030334,0.2262258231639862,-1.0,0.3139534890651703,0.37627118825912476,0.06300000101327896,-0.05887499824166298,0.020375000312924385,-0.04312499985098839,0.00010278000263497233,9.13600015337579e-05,6.851999933132902e-05,6.28100024187006e-05,0.017000000923871994,0.011500000022351742,0.02850000001490116,0.000750000006519258,0.004000000189989805,0.0,0.0002500000118743628,0.538256049156189,-0.22814898192882538,-0.5730975270271301,0.5841696858406067,0.0
17,4417,-0.16007369487178616,-0.5749407484823368,0.20492630512821383,-0.0869407484823368,0.22260611914359124,0.10795279924298766,0.8145711421966553,0.21893097460269928,-1.0,0.3139534890651703,0.37627118825912476,0.07275000214576721,-0.061500001698732376,0.009750000201165676,-0.03212499991059303,0.0001256200048374012,6.851999933132902e-05,0.0,0.0,0.017000000923871994,0.0,0.017000000923871994,0.0012499999720603228,0.000750000006519258,0.0,0.0,-0.6852869391441345,0.5250309109687805,-0.3416045606136322,0.2101694941520691,-0.064992554
18,4418,-0.1606689052567934,-0.5747917329631441,0.2043310947432066,-0.08679173296314413,0.22200000267951123,0.10860910591476478,0.790526270866394,0.22891399264335632,-1.0,0.3139534890651703,0.37627118825912476,0.060499999672174454,-0.05362499877810478,0.013124999590218067,-0.02824999950826168,8.565000462112948e-05,9.13600015337579e-05,7.423000351991504e-05,0.0,0.01549999974668026,0.006500000134110451,0.02199999988079071,0.0002500000118743628,0.0044999998062849045,0.000750000006519258,0.0,-0.8880177140235901,-0.9527273774147034,-0.46267178654670715,-0.8898807168006897,-0.13078569
19,4419,-0.16139412181649496,-0.5741448776773925,0.20360587818350503,-0.08614487767739254,0.2210798353105258,0.10961310361264262,0.7891420722007751,0.22916655242443085,-1.0,0.3139534890651703,0.37627118825912476,0.04399999976158142,-0.06912499666213989,0.004875000100582838,-0.02462499961256981,0.0,0.0,0.0,5.139000131748617e-05,0.0,0.0044999998062849045,0.0044999998062849045,0.0,0.0,0.0,0.0002500000118743628,-0.39226260781288147,0.5107092261314392,-0.8171448707580566,-0.3513457179069519,-0.19312891
20,4420,-0.16088120448318408,-0.5744098498720981,0.20411879551681592,-0.0864098498720981,0.2216554642641463,0.10898395137973248,0.7874555587768555,0.23026292026042938,-1.0,0.3139534890651703,0.37627118825912476,0.047874998301267624,-0.05962499976158142,0.008624999783933163,-0.03087499924004078,0.0,0.0,0.0,-5.7100000958598685e-06,0.0,0.0005000000237487257,0.0005000000237487257,-0.0002500000118743628,0.0,0.0,-0.0002500000118743628,0.38523295521736145,0.7044463157653809,-0.6702213883399963,0.1479409784078598,-0.11067366
21,4421,-0.1609512813750676,-0.5742771030139401,0.2040487186249324,-0.08627710301394009,0.22153920212223133,0.10911073214068356,0.7886483669281006,0.229813814163208,-1.0,0.3139534890651703,0.37627118825912476,0.054499998688697815,-0.04899999871850014,0.012000000104308128,-0.027374999597668648,0.00010278000263497233,9.707000572234392e-05,7.423000351991504e-05,6.28100024187006e-05,0.017500000074505806,0.012000000104308128,0.029500000178813934,0.000750000006519258,0.004999999888241291,0.000750000006519258,0.0002500000118743628,0.5152347087860107,0.6514720320701599,0.0433957464993,0.4373417794704437,0.0
22,4422,-0.1630281232726987,-0.5747585278286587,0.2019718767273013,-0.08675852782865867,0.21981738134129508,0.11100569047836839,0.7884854078292847,0.2300388067960739,-1.0,0.3139534890651703,0.37627118825912476,0.06312499940395355,-0.0416250005364418,0.012000000104308128,-0.01899999938905239,0.0002169799990952015,0.00022269001055974513,8.565000462112948e-05,0.0,0.03849999979138374,0.007499999832361937,0.04600000008940697,0.002749999985098839,0.014499999582767487,0.0022499999031424522,-0.0002500000118743628,0.767812967300415,-0.16136108338832855,-0.5002525448799133,-0.9257771968841553,-0.13509329
23,4423,-0.161189479245634,-0.5717259401798527,0.20381052075436598,-0.08372594017985269,0.22033783476553934,0.11042945837174087,0.7836555242538452,0.22922283411026,-1.0,0.3139534890651703,0.37627118825912476,0.07599999755620956,-0.041875001043081284,0.0035000001080334187,-0.015250000171363354,0.0005196100100874901,0.0001484600070398301,7.423000351991504e-05,0.0,0.05849999934434891,0.006500000134110451,0.06499999761581421,0.005750000011175871,0.008999999612569809,0.0005000000237487257,-0.0002500000118743628,-0.697119951248169,0.9529572129249573,0.7648786306381226,0.04396606609225273,-0.018724073
24,4424,-0.16210577222405867,-0.570028620161349,0.20289422777594132,-0.08202862016134904,0.2188487198737302,0.11208618454508315,0.7879314422607422,0.23436281085014343,-1.0,0.3139534890651703,0.37627118825912476,0.0651250034570694,-0.03162499889731407,0.01575000025331974,-0.011500000022351742,0.0001598800008650869,0.00042254000436514616,9.707000572234392e-05,0.0,0.050999999046325684,0.008500000461935997,0.05950000137090683,0.001500000013038516,0.024000000208616257,0.0044999998062849045,-0.0002500000118743628,-0.6746099591255188,0.37793368101119995,-0.057917773723602295,-0.5512700080871582,-0.0901524
25,4425,-0.16321724494039444,-0.5722101008902918,0.20178275505960555,-0.0842101008902918,0.2186495399752716,0.11230966017903433,0.7858005166053772,0.23723962903022766,-1.0,0.3139534890651703,0.37627118825912476,0.05262500047683716,-0.02162499912083149,0.016124999150633812,-0.00787500012665987,0.0001256200048374012,0.00029121001716703176,7.994000043254346e-05,5.7100001868093386e-05,0.0364999994635582,0.012000000104308128,0.048500001430511475,0.0012499999720603228,0.017999999225139618,0.0017500000540167093,0.0,0.5453027486801147,-0.9490808844566345,-0.9538320302963257,-0.8226457834243774,0.0
26,4426,-0.16573807989555692,-0.5748379660057447,0.19926192010444307,-0.08683796600574467,0.21736178400014186,0.11376528688288509,0.7832157015800476,0.23354220390319824,-1.0,0.3139534890651703,0.37627118825912476,0.06224999949336052,-0.03187499940395355,-0.0008750000270083547,-0.023125000298023224,0.00017701000615488738,8.565000462112948e-05,3.425999966566451e-05,0.0,0.023000000044703484,0.003000000026077032,0.026000000536441803,0.0022499999031424522,0.003000000026077032,0.0,-0.0002500000118743628,0.855288028717041,-0.7886402606964111,-0.049971580505371094,-0.12808258831501007,-0.03936991
27,4427,-0.16824622177627496,-0.5762190410582345,0.19675377822372503,-0.08821904105823453,0.21562617756326627,0.11575703901586785,0.7773532867431641,0.2290881872177124,-1.0,0.3139534890651703,0.37627118825912476,0.07800000160932541,-0.04737500101327896,-0.0018749999580904841,-0.019375000149011612,0.00019985000835731626,9.13600015337579e-05,7.423000351991504e-05,0.0,0.025499999523162842,0.006500000134110451,0.03200000151991844,0.002749999985098839,0.0044999998062849045,0.0002500000118743628,-0.0002500000118743628,0.9483893513679504,0.7634166479110718,-0.9333422183990479,-0.2802886664867401,-0.057634644
28,4428,-0.17104225575773294,-0.5757540774043892,0.19395774424226706,-0.08775407740438923,0.2128858488783231,0.1189730254111223,0.7715204358100891,0.22674739360809326,-1.0,0.3139534890651703,0.37627118825912476,0.0925000011920929,-0.04625000059604645,-0.019750000908970833,-0.01587500050663948,0.0009193100268021226,0.0005938400281593204,7.994000043254346e-05,6.851999933132902e-05,0.13249999284744263,0.013000000268220901,0.14550000429153442,0.00925000011920929,0.030750000849366188,0.0010000000474974513,0.0002500000118743628,0.46763527393341064,-0.23433321714401245,-0.8822868466377258,-0.9901496171951294,0.0
29,4429,-0.17341635171971537,-0.5760013040513643,0.19158364828028462,-0.0880013040513643,0.21082818550451093,0.12144644988485825,0.7650179862976074,0.2275354564189911,-1.0,0.3139534890651703,0.37627118825912476,0.09937500208616257,-0.04637499898672104,-0.036249998956918716,-0.03412500023841858,0.0014389200368896127,0.00037115000304766,7.423000351991504e-05,-1.1420000191719737e-05,0.15850000083446503,0.007499999832361937,0.16599999368190765,0.013000000268220901,0.02225000038743019,0.0010000000474974513,-0.0002500000118743628,-0.7319408655166626,-0.2768998444080353,0.30838510394096375,-0.4399213492870331,-0.076790564
30,4430,-0.17165647381477703,-0.5756434210248396,0.19334352618522296,-0.08764342102483957,0.21228068298051353,0.11969519253912757,0.7594968676567078,0.2271164357662201,-1.0,0.3139534890651703,0.37627118825912476,0.09162499755620956,-0.04612499848008156,-0.03150000050663948,-0.030500000342726707,0.0001256200048374012,0.00017130000924225897,9.13600015337579e-05,3.997000021627173e-05,0.026000000536441803,0.011500000022351742,0.03750000149011612,0.0012499999720603228,0.011500000022351742,0.003000000026077032,0.0,0.15208859741687775,0.41642940044403076,0.3683944344520569,0.09469612687826157,-0.012636466
31,4431,-0.1689770941249676,-0.5767125516451886,0.1960229058750324,-0.08871255164518865,0.21516248847578445,0.1162950381314226,0.76358962059021,0.22772301733493805,-1.0,0.3139534890651703,0.37627118825912476,0.09212499856948853,-0.04612499848008156,-0.025750000029802322,-0.027000000700354576,0.0004967700224369764,0.0004967700224369764,9.707000572234392e-05,6.28100024187006e-05,0.08699999749660492,0.014000000432133675,0.10100000351667404,0.005750000011175871,0.027000000700354576,0.005249999929219484,0.0005000000237487257,0.37739673256874084,-0.6790961027145386,-0.12914536893367767,0.7197379469871521,0.0
32,4432,-0.17015036471628642,-0.5788412215483123,0.19484963528371357,-0.09084122154831231,0.21498490156889102,0.11650174638157978,0.7698206901550293,0.22591093182563782,-1.0,0.3139534890651703,0.37627118825912476,0.09724999964237213,-0.04975000023841858,-0.025750000029802322,-0.013249999843537807,0.0009478600113652647,0.00014275001012720168,7.423000351991504e-05,0.0,0.09549999982118607,0.006500000134110451,0.10199999809265137,0.009499999694526196,0.008999999612569809,0.0005000000237487257,-0.0002500000118743628,-0.021155627444386482,-0.138481006026268,-0.3241228461265564,0.914338231086731,0.0
33,4433,-0.17088510020488945,-0.5773401052428068,0.19411489979511054,-0.08934010524280678,0.2136872685193519,0.11802336269258039,0.7670921683311462,0.22230301797389984,-1.0,0.3139534890651703,0.37627118825912476,0.09737499803304672,-0.05087500065565109,-0.03150000050663948,0.0037499999161809683,0.0008051100303418934,0.00010848999954760075,6.851999933132902e-05,0.0,0.07999999821186066,0.006000000052154064,0.0860000029206276,0.008500000461935997,0.0062500000931322575,0.0,0.0,-0.18765363097190857,0.5145725011825562,-0.3153802454471588,-0.8942639231681824,-0.13131168
34,4434,-0.16992262535403885,-0.578015912548587,0.19507737464596114,-0.09001591254858698,0.21484423802074737,0.11666573718228922,0.7653834819793701,0.22484727203845978,-1.0,0.3139534890651703,0.37627118825912476,0.09712500125169754,-0.05062500014901161,-0.03725000098347664,0.007499999832361937,0.0001484600070398301,0.0004054100136272609,0.0,0.0,0.048500001430511475,0.0,0.048500001430511475,0.0020000000949949026,0.02500000037252903,-0.0002500000118743628,0.0,0.8008116483688354,0.06030837446451187,0.9784250259399414,0.22428911924362183,0.0
35,4435,-0.1698799429963401,-0.5789010121401788,0.1951200570036599,-0.09090101214017876,0.21525526858411714,0.11618718950783012,0.7676218152046204,0.2237018495798111,-1.0,0.3139534890651703,0.37627118825912476,0.10662499815225601,-0.051249999552965164,-0.024000000208616257,0.011625000275671482,0.0014788900734856725,0.0005310300039127469,0.0001484600070398301,4.568000076687895e-05,0.17599999904632568,0.017000000923871994,0.19300000369548798,0.013000000268220901,0.02850000001490116,0.009750000201165676,0.0,-0.3219417929649353,0.5048142075538635,-0.6555800437927246,-0.9090138673782349,-0.13308167
36,4436,-0.17067803445335888,-0.5782441605156173,0.1943219655466411,-0.09024416051561734,0.21425460275354294,0.11735567156276418,0.7677210569381714,0.22220167517662048,-1.0,0.3139534890651703,0.37627118825912476,0.10537499934434891,-0.051249999552965164,-0.03150000050663948,0.015250000171363354,0.00028550002025440335,0.0011705500073730946,6.851999933132902e-05,6.28100024187006e-05,0.1274999976158142,0.011500000022351742,0.13899999856948853,0.0035000001080334187,0.04724999889731407,0.0002500000118743628,0.0002500000118743628,-0.20377381145954132,-0.42663976550102234,-0.2723851203918457,-0.7177625298500061,0.0
37,4437,-0.16840805240460024,-0.5775560957666396,0.19659194759539975,-0.08955609576663959,0.2160293687171166,0.1152912565025337,0.7658650279045105,0.22331498563289642,-1.0,0.3139534890651703,0.37627118825912476,0.10237500071525574,-0.050999999046325684,-0.0364999994635582,0.0020000000949949026,0.0001598800008650869,0.0006052600219845772,7.423000351991504e-05,0.0,0.06700000166893005,0.006500000134110451,0.07349999994039536,0.0020000000949949026,0.03099999949336052,0.0002500000118743628,0.0,-0.6816498041152954,-0.6423632502555847,-0.6665893793106079,-0.2854035496711731,-0.058248427
38,4438,-0.1767212669095708,-0.5780104524354852,0.1882787330904292,-0.09001045243548522,0.20868819535799774,0.12407339993026524,0.7711440920829773,0.22448119521141052,-1.0,0.3139534890651703,0.37627118825912476,0.09037499874830246,-0.0507499985396862,-0.04874999821186066,0.005625000223517418,9.707000572234392e-05,0.00011420000373618677,7.423000351991504e-05,6.851999933132902e-05,0.01850000023841858,0.012500000186264515,0.03099999949336052,0.0005000000237487257,0.006500000134110451,0.0,0.0002500000118743628,0.1270759105682373,0.48363667726516724,-0.5384155511856079,-0.691752552986145,0.0
39,4439,-0.17904496523104915,-0.5771909437212766,0.18595503476895084,-0.08919094372127656,0.2062384527623635,0.12715041444487646,0.7518110275268555,0.22371110320091248,-1.0,0.3139534890651703,0.37627118825912476,0.09125000238418579,-0.04874999821186066,-0.05874999985098839,-0.007000000216066837,0.0002969200140796602,0.0003197600017301738,7.423000351991504e-05,0.0,0.05400000140070915,0.006500000134110451,0.060499999672174454,0.0035000001080334187,0.020500000566244125,0.0,-0.0002500000118743628,0.5063799023628235,0.3378269672393799,0.5040026307106018,-0.6651909351348877,-0.10382292
40,4440,-0.17310197012252793,-0.5774031503798001,0.19189802987747206,-0.08940315037980007,0.21170209533372197,0.12038974148658761,0.7464070320129395,0.2251001000404358,-1.0,0.3139534890651703,0.37627118825912476,0.09812500327825546,-0.048250000923871994,-0.051375001668930054,-0.0035000001080334187,0.0008279500179924071,0.000616680015809834,9.13600015337579e-05,6.851999933132902e-05,0.1264999955892563,0.014000000432133675,0.1404999941587448,0.008500000461935997,0.03200000151991844,0.004000000189989805,0.0002500000118743628,0.7604591250419617,0.6109399795532227,0.8281877040863037,-0.8825885057449341,-0.04562755
41,4441,-0.17217634849247485,-0.5778710343765366,0.19282365150752515,-0.08987103437653665,0.21273872097153385,0.11914819676442731,0.7602279782295227,0.2247404158115387,-1.0,0.3139534890651703,0.37627118825912476,0.10337500274181366,-0.047874998301267624,-0.0377499982714653,-0.019750000908970833,0.0013132999883964658,0.0014046600554138422,0.00011991000064881518,-6.28100024187006e-05,0.23800000548362732,0.01600000075995922,0.2540000081062317,0.012249999679625034,0.05400000140070915,0.00774999987334013,-0.0002500000118743628,-0.4534955322742462,-0.0757545456290245,-0.30768537521362305,0.22198043763637543,0.0
42,4442,-0.17304533897014465,-0.5739586654131268,0.19195466102985534,-0.0859586654131268,0.2103223336944808,0.12206234539578807,0.7623805999755859,0.2239474058151245,-1.0,0.3139534890651703,0.37627118825912476,0.09962499886751175,-0.04612499848008156,-0.03962500020861626,-0.01575000025331974,0.0001827200030675158,0.0011420000810176134,6.851999933132902e-05,6.28100024187006e-05,0.11599999666213989,0.011500000022351742,0.1274999976158142,0.002749999985098839,0.04774999991059303,0.0,0.0,-0.9679442644119263,-0.5416340827941895,0.8343076705932617,-0.5136200189590454,0.0
43,4443,-0.17275297045605803,-0.5752127583998624,0.19224702954394196,-0.08721275839986242,0.21110420553883352,0.1211116955592376,0.7603597044944763,0.23057852685451508,-1.0,0.3139534890651703,0.37627118825912476,0.08237499743700027,-0.04125000163912773,-0.0253749992698431,-0.0253749992698431,0.00010848999954760075,0.00026837000041268766,8.565000462112948e-05,0.0,0.032999999821186066,0.007499999832361937,0.04050000011920929,0.0010000000474974513,0.017750000581145287,0.002749999985098839,0.0,0.41896477341651917,0.5022958517074585,-0.8459348678588867,-0.7175310850143433,-0.110103734
44,4444,-0.17376603271393645,-0.5749470003854599,0.19123396728606354,-0.08694700038545988,0.21007191892301166,0.1223683905702951,0.7610396146774292,0.22845295071601868,-1.0,0.3139534890651703,0.37627118825912476,0.08712500333786011,-0.04087499901652336,-0.03974999859929085,-0.02162499912083149,0.0006395200034603477,0.0007537199999205768,7.423000351991504e-05,6.851999933132902e-05,0.12200000137090683,0.012500000186264515,0.13449999690055847,0.007000000216066837,0.035750001668930054,0.0,0.0,0.19776113331317902,0.1653367280960083,0.4229491353034973,-0.6651617288589478,0.0
45,4445,-0.17612845093852886,-0.5765506346626328,0.18887154906147113,-0.0885506346626328,0.2085993215330164,0.12418371772112655,0.7586836218833923,0.2289033830165863,-1.0,0.3139534890651703,0.37627118825912476,0.09000000357627869,-0.04087499901652336,-0.03462500125169754,-0.03375000134110451,0.0008165300241671503,0.0009478600113652647,0.00010278000263497233,-6.851999933132902e-05,0.15449999272823334,0.014999999664723873,0.16949999332427979,0.008500000461935997,0.041749998927116394,0.005499999970197678,-0.0005000000237487257,0.45374634861946106,0.6651118993759155,-0.9793885350227356,-0.11670349538326263,-0.039906718
46,4446,-0.17569252046056938,-0.5750582447700919,0.1893074795394306,-0.08705824477009194,0.20836616758010687,0.12447359476644211,0.7531896233558655,0.2261853665113449,-1.0,0.3139534890651703,0.37627118825912476,0.09674999862909317,-0.04112499952316284,-0.05025000125169754,-0.035750001668930054,0.0012904600007459521,0.0014275000430643559,7.423000351991504e-05,-6.851999933132902e-05,0.23800000548362732,0.012500000186264515,0.25049999356269836,0.012000000104308128,0.054499998688697815,0.0002500000118743628,-0.000750000006519258,-0.782546877861023,-0.4756976366043091,-0.4466627240180969,0.569627046585083,0.0
47,4447,-0.17862652238861615,-0.5760766931758525,0.18637347761138384,-0.08807669317585254,0.20613727716682945,0.1272791247346366,0.7542034387588501,0.22871483862400055,-1.0,0.3139534890651703,0.37627118825912476,0.08737500011920929,-0.03787500038743019,-0.05849999934434891,-0.025499999523162842,0.00013703999866265804,0.0005824200343340635,6.851999933132902e-05,0.0,0.06300000101327896,0.006000000052154064,0.0689999982714653,0.001500000013038516,0.030249999836087227,0.0002500000118743628,0.0,0.40105292201042175,-0.9742780923843384,-0.6333476901054382,-0.03491049259901047,-0.02818926
48,4448,-0.18821427237360316,-0.5757840806183779,0.17678572762639683,-0.08778408061837795,0.1973809471615952,0.13892660990004066,0.7473801970481873,0.22698865830898285,-1.0,0.3139534890651703,0.37627118825912476,0.09337499737739563,-0.04462499916553497,-0.07012499868869781,-0.02174999937415123,0.0003654400061350316,0.00011991000064881518,0.0,6.28100024187006e-05,0.042500000447034836,0.005499999970197678,0.04800000041723251,0.0044999998062849045,0.007249999791383743,-0.0002500000118743628,0.0,-0.26088932156562805,-0.9345594644546509,-0.5226186513900757,-0.07228124141693115,-0.08671424
49,4449,-0.17790325804466567,-0.5798005200473484,0.18709674195533432,-0.0918005200473484,0.20840471763197824,0.12442561937895602,0.7250831127166748,0.22748461365699768,-1.0,0.3139534890651703,0.37627118825912476,0.09075000137090683,-0.05912499874830246,-0.06687500327825546,-0.022749999538064003,8.565000462112948e-05,7.423000351991504e-05,7.994000043254346e-05,-6.28100024187006e-05,0.014000000432133675,0.012500000186264515,0.026499999687075615,0.0,0.0012499999720603228,0.000750000006519258,-0.0005000000237487257,0.665066659450531,-0.08706503361463547,0.6151858568191528,0.9216093420982361,0.0
50,4450,-0.1762271428975247,-0.5785720793791465,0.1887728571024753,-0.09057207937914646,0.20937643884089244,0.12322240466013541,0.749062180519104,0.22067707777023315,-1.0,0.3139534890651703,0.37627118825912476,0.10112500190734863,-0.06224999949336052,-0.0560000017285347,-0.005625000223517418,0.00034831001539714634,9.707000572234392e-05,8.565000462112948e-05,0.0,0.039000000804662704,0.007499999832361937,0.04650000110268593,0.004000000189989805,0.0042500002309679985,0.0020000000949949026,-0.0002500000118743628,-0.4372173249721527,0.773399829864502,-0.140043243765831,0.6595358848571777,0.0
51,4451,-0.179383159286087,-0.5743801878559512,0.185616840713913,-0.08638018785595125,0.20473189397512928,0.12908051271285573,0.7529601454734802,0.2227591872215271,-1.0,0.3139534890651703,0.37627118825912476,0.09449999779462814,-0.05525000020861626,-0.057624999433755875,0.006500000134110451,0.00010278000263497233,0.0002969200140796602,1.7129999832832254e-05,0.0,0.03500000014901161,0.001500000013038516,0.0364999994635582,0.0010000000474974513,0.01924999989569187,0.0,0.0,-0.992461085319519,0.7825965881347656,-0.1604640781879425,-0.642420768737793,-0.14434619
52,4452,-0.1786980721403783,-0.5757198537251469,0.18630192785962169,-0.0877198537251469,0.20592032697568458,0.1275555567905483,0.7456205487251282,0.22986409068107605,-1.0,0.3139534890651703,0.37627118825912476,0.07575000077486038,-0.039000000804662704,-0.054249998182058334,0.010125000029802322,0.00010848999954760075,0.00023982000129763037,7.423000351991504e-05,6.28100024187006e-05,0.030500000342726707,0.012000000104308128,0.042500000447034836,0.001500000013038516,0.01600000075995922,0.000750000006519258,0.0002500000118743628,0.6066149473190308,-0.8065938949584961,0.0601792149245739,-0.5943456292152405,0.0
53,4453,-0.1751034603547239,-0.577977181316634,0.18989653964527609,-0.08997718131663401,0.21013469234502033,0.12229159984868068,0.7472137808799744,0.22759346663951874,-1.0,0.3139534890651703,0.37627118825912476,0.08624999970197678,-0.048250000923871994,-0.05362499877810478,-0.000750000006519258,0.00022840000747237355,9.13600015337579e-05,7.994000043254346e-05,0.0,0.02800000086426735,0.007000000216066837,0.03500000014901161,0.003000000026077032,0.0044999998062849045,0.0017500000540167093,-0.0002500000118743628,-0.054279107600450516,0.18821807205677032,-0.8908478617668152,-0.9668935537338257,-0.14002724
54,4454,-0.1810047610023697,-0.5760109059432346,0.1839952389976303,-0.08801090594323457,0.2039611912564348,0.13007918318059156,0.7555733323097229,0.22376748919487,-1.0,0.3139534890651703,0.37627118825912476,0.08624999970197678,-0.048250000923871994,-0.06925000250339508,0.002749999985098839,0.00011991000064881518,0.00017130000924225897,0.0,6.28100024187006e-05,0.025499999523162842,0.005499999970197678,0.03099999949336052,0.0010000000474974513,0.011500000022351742,-0.0002500000118743628,0.0002500000118743628,0.49226808547973633,0.8771294355392456,0.35624200105667114,-0.6349921226501465,0.0
55,4455,-0.18263921845911626,-0.5787215668463976,0.18236078154088373,-0.09072156684639765,0.20368077311142382,0.13044446072600924,0.741849422454834,0.2271001636981964,-1.0,0.3139534890651703,0.37627118825912476,0.0923750028014183,-0.04462499916553497,-0.06424999982118607,-0.008750000037252903,0.0006338100065477192,0.0007765600457787514,8.565000462112948e-05,-6.851999933132902e-05,0.12349999696016312,0.013500000350177288,0.13699999451637268,0.007000000216066837,0.03700000047683716,0.003000000026077032,-0.0005000000237487257,0.8316783905029297,-0.8159123659133911,-0.9038815498352051,0.5814415216445923,0.0
56,4456,-0.18048678505134796,-0.5808802543864997,0.18451321494865203,-0.09288025438649972,0.2065717021897926,0.12672739166874533,0.7380483150482178,0.2225058227777481,-1.0,0.3139534890651703,0.37627118825912476,0.10612499713897705,-0.04987499862909317,-0.07975000143051147,0.0018749999580904841,0.001119159976951778,0.000245530012762174,6.851999933132902e-05,0.0,0.11949999630451202,0.006000000052154064,0.12549999356269836,0.010499999858438969,0.017000000923871994,0.0002500000118743628,0.0,-0.26653584837913513,-0.9725043177604675,-0.8566071391105652,-0.8239622116088867,-0.122875474
57,4457,-0.1842647805093439,-0.5799693340295208,0.1807352194906561,-0.09196933402952079,0.2027894917547978,0.1316122844519733,0.7430539727210999,0.21884702146053314,-1.0,0.3139534890651703,0.37627118825912476,0.10562500357627869,-0.061500001698732376,-0.09537500143051147,0.005625000223517418,0.0001541700039524585,9.13600015337579e-05,-7.994000043254346e-05,0.0,0.0215000007301569,0.007000000216066837,0.02850000001490116,0.0017500000540167093,0.004000000189989805,-0.0005000000237487257,0.0,0.1167883425951004,0.6467064619064331,0.13784603774547577,-0.9104269742965698,-0.13325125
58,4458,-0.18302336296902771,-0.5804512821903061,0.18197663703097228,-0.09245128219030607,0.20411451688631516,0.12987989127546362,0.7342679500579834,0.22039096057415009,-1.0,0.3139534890651703,0.37627118825912476,0.10637500137090683,-0.0598750002682209,-0.09350000321865082,0.00912499986588955,0.0003654400061350316,0.00041683000745251775,7.994000043254346e-05,6.851999933132902e-05,0.06849999725818634,0.013000000268220901,0.08150000125169754,0.0044999998062849045,0.02500000037252903,0.000750000006519258,0.0005000000237487257,-0.654525876045227,-0.5323594212532043,-0.4949541687965393,-0.9378877878189087,0.0
59,4459,-0.19605029175920932,-0.5730910539320526,0.16894970824079067,-0.08509105393205263,0.18916789202693932,0.15081838411386217,0.7371549606323242,0.21957409381866455,-1.0,0.3139534890651703,0.37627118825912476,0.09612499922513962,-0.05950000137090683,-0.10212499648332596,-0.00800000037997961,9.13600015337579e-05,9.13600015337579e-05,0.0,0.0,0.01600000075995922,0.0,0.01600000075995922,0.0005000000237487257,0.0044999998062849045,-0.0005000000237487257,-0.0002500000118743628,-0.8985605239868164,0.36721137166023254,0.7498441338539124,-0.46828076243400574,-0.0801937
60,4460,-0.1893970352276014,-0.5751910317882721,0.1756029647723986,-0.08719103178827214,0.1960578416211903,0.14077696968542966,0.7068597674369812,0.23204906284809113,-1.0,0.3139534890651703,0.37627118825912476,0.0794999971985817,-0.05324999988079071,-0.0885000005364418,-0.0043750000186264515,8.565000462112948e-05,9.707000572234392e-05,7.423000351991504e-05,6.28100024187006e-05,0.01600000075995922,0.012000000104308128,0.02800000086426735,0.0002500000118743628,0.005750000011175871,0.0002500000118743628,0.0,-0.1535901129245758,-0.21627016365528107,-0.360706627368927,-0.9440528154373169,0.0
61,4461,-0.18898863507121888,-0.5760023310758209,0.1760113649287811,-0.0880023310758209,0.19678518963293692,0.13975674598161897,0.7223324775695801,0.22848977148532867,-1.0,0.3139534890651703,0.37627118825912476,0.0767500028014183,-0.054249998182058334,-0.0949999988079071,-0.02187499962747097,0.0,0.0,0.0,0.0,0.0,0.0,0.0,0.0,-0.0002500000118743628,-0.0002500000118743628,-0.0002500000118743628,-0.6746423244476318,-0.14443664252758026,0.2664385735988617,0.7834789156913757,-0.1462895
62,4462,-0.18691102078133134,-0.5800779070434746,0.17808897921866865,-0.09207790704347463,0.20048447691692778,0.13468120074758427,0.7232822179794312,0.2271146923303604,-1.0,0.3139534890651703,0.37627118825912476,0.07999999821186066,-0.05362499877810478,-0.09037499874830246,-0.007249999791383743,0.00011420000373618677,0.00010848999954760075,7.423000351991504e-05,0.0,0.019500000402331352,0.006500000134110451,0.026000000536441803,0.0010000000474974513,0.006000000052154064,0.0002500000118743628,-0.0002500000118743628,0.6353871822357178,-0.7844710350036621,-0.2597930431365967,-0.9654600620269775,-0.13985522
63,4463,-0.1950968030265077,-0.5791527097757324,0.1699031969734923,-0.09115270977573242,0.1928105620583899,0.14542342485239101,0.7281138896942139,0.22020693123340607,-1.0,0.3139534890651703,0.37627118825912476,0.09200000017881393,-0.06587500125169754,-0.09487500041723251,-0.0036249998956918716,0.00010278000263497233,7.423000351991504e-05,0.0,6.28100024187006e-05,0.01549999974668026,0.005499999970197678,0.020999999716877937,0.000750000006519258,0.0012499999720603228,-0.0002500000118743628,0.0,0.6024086475372314,-0.6281915903091431,0.6467808485031128,0.1804584264755249,-0.0023449892
64,4464,-0.18235171986570722,-0.5829013196704493,0.18264828013429277,-0.09490131967044935,0.20583161737499878,0.12766876101971586,0.7090771794319153,0.22177506983280182,-1.0,0.3139534890651703,0.37627118825912476,0.10324999690055847,-0.07762499898672104,-0.08299999684095383,0.0001250000059371814,9.707000572234392e-05,7.423000351991504e-05,7.423000351991504e-05,0.0,0.014999999664723873,0.006500000134110451,0.0215000007301569,0.000750000006519258,0.0012499999720603228,0.0002500000118743628,0.0,0.8463915586471558,0.28587982058525085,0.5037551522254944,-0.9035357236862183,-0.13242431
65,4465,-0.1770782650218738,-0.5864295403705304,0.1879217349781262,-0.09842954037053042,0.21213899428144506,0.11986490730521303,0.7387169599533081,0.21542149782180786,-1.0,0.3139534890651703,0.37627118825912476,0.1171249970793724,-0.07762499898672104,-0.07450000196695328,0.003874999936670065,0.00037115000304766,0.00017701000615488738,7.994000043254346e-05,0.0,0.04800000041723251,0.007000000216066837,0.054999999701976776,0.0044999998062849045,0.011749999597668648,0.0020000000949949026,0.0,0.8110471367835999,-0.6923719644546509,0.5668926239013672,-0.665546715259552,-0.10386561
66,4466,-0.1771174193390029,-0.5870429535739727,0.18788258066099708,-0.09904295357397275,0.2123896672827852,0.11956481462731965,0.750980794429779,0.20944145321846008,-1.0,0.3139534890651703,0.37627118825912476,0.13175000250339508,-0.08924999833106995,-0.06424999982118607,0.007375000044703484,0.00043967002420686185,0.00013703999866265804,8.565000462112948e-05,6.851999933132902e-05,0.05050000175833702,0.013500000350177288,0.06400000303983688,0.005499999970197678,0.00925000011920929,0.002749999985098839,0.0005000000237487257,-0.1873752474784851,0.08020081371068954,-0.031369201838970184,-0.9223586320877075,0.0
67,4467,-0.18102392908754514,-0.583366961806634,0.18397607091245485,-0.09536696180663407,0.2072246415670989,0.12590263414019656,0.7508897185325623,0.20840176939964294,-1.0,0.3139534890651703,0.37627118825912476,0.1303749978542328,-0.08912499994039536,-0.06424999982118607,-0.009499999694526196,0.00011420000373618677,0.0001827200030675158,8.565000462112948e-05,0.0,0.026000000536441803,0.007499999832361937,0.03350000083446503,0.0012499999720603228,0.012000000104308128,0.0017500000540167093,-0.0002500000118743628,-0.8850567936897278,0.2828972041606903,0.32342812418937683,0.7668566703796387,0.0
68,4468,-0.17311557986800766,-0.5859664828741419,0.19188442013199233,-0.09796648287414189,0.21544619387708033,0.11596557040665705,0.741804838180542,0.21463227272033691,-1.0,0.3139534890651703,0.37627118825912476,0.11424999684095383,-0.08262500166893005,-0.057874999940395355,0.004749999847263098,9.13600015337579e-05,0.0001484600070398301,7.994000043254346e-05,0.0,0.020999999716877937,0.007000000216066837,0.02800000086426735,0.0005000000237487257,0.009499999694526196,0.0010000000474974513,0.0,0.4921081066131592,-0.6704387664794922,0.6181572079658508,0.4598349928855896,0.0
69,4469,-0.2047869342815691,-0.5754079453074786,0.16021306571843089,-0.08740794530747864,0.18250582272840896,0.16120825713750395,0.760196328163147,0.21022629737854004,-1.0,0.3139534890651703,0.37627118825912476,0.1223749965429306,-0.09175000339746475,-0.04675000160932541,0.013249999843537807,0.00017701000615488738,8.565000462112948e-05,7.994000043254346e-05,0.0,0.023000000044703484,0.007000000216066837,0.029999999329447746,0.0024999999441206455,0.002749999985098839,0.0017500000540167093,0.0,-0.777763307094574,-0.8979411125183105,0.09605790674686432,-0.3973054587841034,-0.071676664
70,4470,-0.1669695886309024,-0.5876197943893698,0.1980304113690976,-0.09961979438936985,0.2216757705776487,0.10896182300370276,0.6865420341491699,0.22812213003635406,-1.0,0.3139534890651703,0.37627118825912476,0.10925000160932541,-0.10712499916553497,-0.04412499815225601,0.017000000923871994,0.0,0.0,5.7100000958598685e-06,0.0,0.0,0.0005000000237487257,0.0005000000237487257,-0.0002500000118743628,0.0,0.0,0.0,-0.01029529795050621,-0.25994443893432617,0.5841307640075684,-0.459502249956131,-0.15956904
71,4471,-0.18214805165788078,-0.5821782774146624,0.1828519483421192,-0.09417827741466245,0.20568029305040908,0.12786210115847632,0.7744893431663513,0.2074240744113922,-1.0,0.3139534890651703,0.37627118825912476,0.11262500286102295,-0.10512500256299973,-0.03337499871850014,0.020625000819563866,9.13600015337579e-05,8.565000462112948e-05,7.423000351991504e-05,5.7100001868093386e-05,0.01549999974668026,0.011500000022351742,0.027000000700354576,0.0005000000237487257,0.0035000001080334187,0.0002500000118743628,0.0002500000118743628,-0.9788469672203064,0.15264452993869781,-0.9288140535354614,-0.9719913601875305,0.0
72,4472,-0.16826919483186342,-0.5861235950597188,0.19673080516813657,-0.0981235950597188,0.21984369358602712,0.11097648623173818,0.7391905784606934,0.2166469842195511,-1.0,0.3139534890651703,0.37627118825912476,0.09462500363588333,-0.10074999928474426,-0.05050000175833702,0.002624999964609742,0.0,7.423000351991504e-05,0.0,0.0,0.006500000134110451,0.0,0.006500000134110451,0.0,0.0002500000118743628,-0.0002500000118743628,0.0,0.7688974142074585,0.8450256586074829,0.48305338621139526,-0.8939915895462036,-0.131279
73,4473,-0.17939968459351818,-0.582024593631789,0.1856003154064818,-0.09402459363178906,0.20805792771872114,0.12485786393353514,0.7714669704437256,0.20996001362800598,-1.0,0.3139534890651703,0.37627118825912476,0.10837499797344208,-0.0885000005364418,-0.041875001043081284,0.0062500000931322575,0.0001256200048374012,0.00011420000373618677,7.423000351991504e-05,6.851999933132902e-05,0.020999999716877937,0.012500000186264515,0.03350000083446503,0.0012499999720603228,0.007249999791383743,0.0005000000237487257,0.0002500000118743628,-0.467990905046463,0.6983985900878906,-0.9769635200500488,-0.9487327337265015,0.0
74,4474,-0.17208757165280059,-0.5823039331222919,0.1929124283471994,-0.0943039331222919,0.2147287517151512,0.11680054796106834,0.745582103729248,0.21690747141838074,-1.0,0.3139534890651703,0.37627118825912476,0.09987500309944153,-0.07649999856948853,-0.05999999865889549,-0.011250000447034836,9.707000572234392e-05,0.00014275001012720168,7.423000351991504e-05,0.0,0.020999999716877937,0.006500000134110451,0.027499999850988388,0.000750000006519258,0.00925000011920929,0.0002500000118743628,-0.0002500000118743628,-0.7463052868843079,0.6712316274642944,-0.7305161952972412,-0.9246562123298645,-0.13495874
75,4475,-0.18300054230896945,-0.5784363847179969,0.18199945769103054,-0.09043638471799686,0.20323026910549213,0.13103344394746286,0.7625870704650879,0.21643401682376862,-1.0,0.3139534890651703,0.37627118825912476,0.08612500131130219,-0.06287500262260437,-0.07337500154972076,-0.007625000085681677,8.565000462112948e-05,0.00011420000373618677,0.0,5.7100001868093386e-05,0.017500000074505806,0.004999999888241291,0.02250000089406967,0.0005000000237487257,0.007000000216066837,-0.0002500000118743628,0.0,0.10132037103176117,-0.37099674344062805,0.8054258823394775,0.6205276846885681,0.0
76,4476,-0.18488426433690788,-0.5778941234561306,0.1801157356630921,-0.08989412345613057,0.2013023389466772,0.13358418649190618,0.7372080683708191,0.22298917174339294,-1.0,0.3139534890651703,0.37627118825912476,0.08775000274181366,-0.06650000065565109,-0.05849999934434891,0.004000000189989805,0.00010848999954760075,7.423000351991504e-05,7.423000351991504e-05,0.0,0.01600000075995922,0.006500000134110451,0.02250000089406967,0.0010000000474974513,0.0005000000237487257,0.0,0.0,-0.6992772817611694,-0.7974638938903809,-0.8483668565750122,0.5552819967269897,0.0
77,4477,-0.17187957807208082,-0.5837449651885083,0.19312042192791917,-0.09574496518850828,0.21555183999346,0.11584312197757866,0.7328273057937622,0.22390826046466827,-1.0,0.3139534890651703,0.37627118825912476,0.07524999976158142,-0.08112499862909317,-0.07437500357627869,0.014375000260770321,0.0,0.0,0.0,0.0,0.0,0.0,0.0,0.0,0.0,0.0,0.0,0.7651597261428833,0.038381241261959076,-0.11249762028455734,0.5885049104690552,-0.05689397
78,4478,-0.19653278887776282,-0.5789185580215106,0.16846721112223717,-0.09091855802151061,0.19143506840705865,0.14743753505233453,0.7630707621574402,0.21399158239364624,-1.0,0.3139534890651703,0.37627118825912476,0.08912499994039536,-0.07925000041723251,-0.07050000131130219,0.0253749992698431,9.707000572234392e-05,9.13600015337579e-05,0.0,0.0,0.016499999910593033,0.0,0.016499999910593033,0.000750000006519258,0.0037499999161809683,-0.0002500000118743628,0.0,0.6933910846710205,-0.631546139717102,-0.7910256385803223,-0.022629182785749435,-0.14563859
79,4479,-0.17401282073419055,-0.5879000099531907,0.19098717926580944,-0.0999000099531907,0.215536805749176,0.11586053942478095,0.7057377099990845,0.22217193245887756,-1.0,0.3139534890651703,0.37627118825912476,0.10225000232458115,-0.08937499672174454,-0.06712500005960464,0.028999999165534973,9.707000572234392e-05,7.423000351991504e-05,7.423000351991504e-05,6.28100024187006e-05,0.014999999664723873,0.012000000104308128,0.027000000700354576,0.0005000000237487257,0.0005000000237487257,0.0005000000237487257,0.0002500000118743628,0.8801240921020508,-0.05901741981506348,-0.4346078634262085,0.2713111639022827,0.0
80,4480,-0.18873725503005023,-0.5834821559051935,0.17626274496994976,-0.09548215590519349,0.20046295757731708,0.13471018637121046,0.7581097483634949,0.2069491297006607,-1.0,0.3139534890651703,0.37627118825912476,0.11774999648332596,-0.09075000137090683,-0.07500000298023224,0.03424999862909317,0.00017701000615488738,7.994000043254346e-05,0.0,0.0,0.02250000089406967,0.0,0.02250000089406967,0.0024999999441206455,0.0012499999720603228,0.0,-0.0002500000118743628,-0.10330741852521896,-0.44725096225738525,-0.905957043170929,-0.5699379444122314,-0.22510742
81,4481,-0.19518310755558746,-0.5840305440505764,0.16981689244441253,-0.09603054405057643,0.19508880631683326,0.1421477793097887,0.7238668203353882,0.21443702280521393,-1.0,0.3139534890651703,0.37627118825912476,0.1171249970793724,-0.09875000268220901,-0.0716250017285347,0.03799999877810478,8.565000462112948e-05,7.423000351991504e-05,6.851999933132902e-05,0.0,0.014000000432133675,0.006000000052154064,0.019999999552965164,0.0,0.0005000000237487257,0.000750000006519258,-0.0002500000118743628,0.5644335150718689,-0.8807079792022705,0.9290083646774292,-0.9877306818962097,-0.14252768
82,4482,-0.18394211412891817,-0.5849576715780009,0.18105788587108182,-0.09695767157800095,0.2053843911156181,0.12824100790940307,0.7088764905929565,0.2135075479745865,-1.0,0.3139534890651703,0.37627118825912476,0.1274999976158142,-0.11524999886751175,-0.05400000140070915,0.0416250005364418,9.13600015337579e-05,6.851999933132902e-05,7.423000351991504e-05,0.0,0.014000000432133675,0.006500000134110451,0.020500000566244125,0.0002500000118743628,0.0005000000237487257,0.0002500000118743628,0.0,-0.8718013167381287,0.5945175886154175,-0.8682730793952942,0.5267530679702759,0.0
83,4483,-0.16932604047616037,-0.5892624882058386,0.19567395952383962,-0.10126248820583861,0.2203233758668717,0.11044542640959941,0.7350183129310608,0.21193614602088928,-1.0,0.3139534890651703,0.37627118825912476,0.11137499660253525,-0.10400000214576721,-0.07000000029802322,0.051500000059604645,9.13600015337579e-05,7.423000351991504e-05,0.0,0.0,0.014499999582767487,0.0,0.014499999582767487,0.0,0.0002500000118743628,-0.0002500000118743628,0.0,0.16851699352264404,-0.8188124299049377,-0.9738820195198059,-0.7109798789024353,-0.25018343
84,4484,-0.16276112521782027,-0.5920598015968302,0.20223887478217972,-0.10405980159683026,0.22744011251653445,0.10285848935461961,0.7690092325210571,0.20463985204696655,-1.0,0.3139534890651703,0.37627118825912476,0.1145000010728836,-0.11912500113248825,-0.0663750022649765,0.05525000020861626,9.13600015337579e-05,0.0,0.0,0.0,0.00800000037997961,0.0,0.00800000037997961,0.0,0.0,0.0,0.0,0.1726328283548355,-0.3496650457382202,0.4361101984977722,-0.6320900917053223,-0.16581063
85,4485,-0.1730500628138763,-0.589575108574206,0.1919499371861237,-0.10157510857420604,0.2171687847449964,0.11398506505608137,0.7842764258384705,0.1998986452817917,-1.0,0.3139534890651703,0.37627118825912476,0.11762499809265137,-0.11537499725818634,-0.058125000447034836,0.05900000035762787,9.13600015337579e-05,0.0,0.0,6.28100024187006e-05,0.00800000037997961,0.005499999970197678,0.013500000350177288,0.0,0.0,-0.0002500000118743628,0.0,0.5616742372512817,0.8911731243133545,-0.857942521572113,-0.9008252620697021,-0.12695311
86,4486,-0.1740878230169569,-0.585371360234688,0.19091217698304308,-0.09737136023468806,0.21430968506896314,0.1172910471415382,0.7603486776351929,0.20410998165607452,-1.0,0.3139534890651703,0.37627118825912476,0.12712499499320984,-0.1041250005364418,-0.054999999701976776,0.042125001549720764,0.0001541700039524585,0.00016558999777771533,7.423000351991504e-05,0.0,0.02800000086426735,0.006500000134110451,0.03449999913573265,0.0020000000949949026,0.01075000036507845,0.0010000000474974513,0.0,-0.9822108149528503,0.8362168073654175,0.4520861506462097,-0.8943277597427368,-0.13131934
87,4487,-0.17210107375783973,-0.5869345551296015,0.19289892624216026,-0.09893455512960148,0.21679031792049788,0.11441727808776186,0.7579352855682373,0.21123498678207397,-1.0,0.3139534890651703,0.37627118825912476,0.10949999839067459,-0.08762499690055847,-0.04675000160932541,0.045875001698732376,9.707000572234392e-05,0.0001484600070398301,7.994000043254346e-05,0.0,0.0215000007301569,0.007000000216066837,0.02850000001490116,0.0005000000237487257,0.008999999612569809,0.0012499999720603228,0.0,0.4001445770263672,-0.11318492144346237,-0.8518458604812622,-0.17154613137245178,-0.04458554
88,4488,-0.17502797259726097,-0.5845228795371193,0.18997202740273902,-0.09652287953711935,0.21308692468015086,0.11873403979795825,0.7625556588172913,0.20858550071716309,-1.0,0.3139534890651703,0.37627118825912476,0.1158749982714653,-0.08775000274181366,-0.06199999898672104,0.0494999997317791,0.00020556000526994467,9.707000572234392e-05,6.851999933132902e-05,6.28100024187006e-05,0.026499999687075615,0.011500000022351742,0.03799999877810478,0.002749999985098839,0.005249999929219484,0.0,0.0002500000118743628,-0.09621454030275345,0.560285747051239,0.5160764455795288,-0.8790760040283203,0.0
89,4489,-0.17140492707453522,-0.5839944941934555,0.19359507292546477,-0.09599449419345552,0.21608793389838635,0.11522375573707697,0.7557489275932312,0.21267308294773102,-1.0,0.3139534890651703,0.37627118825912476,0.11512500047683716,-0.08375000208616257,-0.05362499877810478,0.03337499871850014,0.00011420000373618677,0.00029121001716703176,7.994000043254346e-05,0.0,0.03550000116229057,0.007000000216066837,0.042500000447034836,0.000750000006519258,0.0182499997317791,0.0024999999441206455,-0.0002500000118743628,0.21199826896190643,0.8341305255889893,0.7119275331497192,0.8313578367233276,0.0
90,4490,-0.17391674271326235,-0.5852219050265802,0.19108325728673764,-0.09722190502658024,0.21439428637980762,0.11719185934115894,0.7641745805740356,0.21356865763664246,-1.0,0.3139534890651703,0.37627118825912476,0.11675000190734863,-0.07625000178813934,-0.04137500002980232,0.04874999821186066,0.00043967002420686185,0.0007080400246195495,9.13600015337579e-05,0.0,0.10050000250339508,0.00800000037997961,0.10849999636411667,0.005249999929219484,0.03449999913573265,0.0044999998062849045,0.0,0.7741726636886597,-0.5508979558944702,-0.8858577013015747,-0.739870548248291,-0.11278447
91,4491,-0.1735459861685955,-0.5850014334899618,0.19145401383140448,-0.09700143348996182,0.214625062635432,0.11692172018468154,0.758333146572113,0.2114882916212082,-1.0,0.3139534890651703,0.37627118825912476,0.12800000607967377,-0.07637500017881393,-0.05587499961256981,0.05225000157952309,0.0011762600624933839,0.00021127000218257308,7.994000043254346e-05,6.851999933132902e-05,0.12150000035762787,0.013000000268220901,0.13449999690055847,0.011749999597668648,0.01425000000745058,0.0005000000237487257,0.0005000000237487257,-0.3781419098377228,-0.25029507279396057,-0.5686838626861572,-0.40075597167015076,0.0
92,4492,-0.1739588502380837,-0.5857964852120385,0.1910411497619163,-0.09779648521203854,0.21461797087425694,0.11693001228786336,0.7591953873634338,0.2118619829416275,-1.0,0.3139534890651703,0.37627118825912476,0.12600000202655792,-0.07774999737739563,-0.06612499803304672,0.04500000178813934,0.00014275001012720168,0.00011420000373618677,0.0,-1.7129999832832254e-05,0.02250000089406967,0.001500000013038516,0.024000000208616257,0.0017500000540167093,0.00774999987334013,-0.0002500000118743628,0.0,0.9502046704292297,0.8155725598335266,0.9896421432495117,0.2911912798881531,0.0
93,4493,-0.17000600528663776,-0.586044858358179,0.19499399471336223,-0.098044858358179,0.2182554746730311,0.11275310674153524,0.7582352161407471,0.21051442623138428,-1.0,0.3139534890651703,0.37627118825912476,0.1368750035762787,-0.07787500321865082,-0.0521249994635582,0.05000000074505806,0.0018043600721284747,0.0008108200272545218,0.00014275001012720168,6.851999933132902e-05,0.2290000021457672,0.01850000023841858,0.2475000023841858,0.01549999974668026,0.03849999979138374,0.008750000037252903,0.000750000006519258,0.2789846658706665,-0.43981245160102844,0.582411527633667,0.47271546721458435,-0.015527171
94,4494,-0.16992332553012224,-0.5883226856936383,0.19507667446987775,-0.10032268569363834,0.2193616880565319,0.1115126902602157,0.767427921295166,0.2100934535264969,-1.0,0.3139534890651703,0.37627118825912476,0.1368750035762787,-0.07824999839067459,-0.041999999433755875,0.05900000035762787,0.0026265999767929316,0.0003825699968729168,0.0001541700039524585,7.994000043254346e-05,0.26350000500679016,0.020500000566244125,0.2840000092983246,0.020999999716877937,0.023000000044703484,0.010250000283122063,0.0002500000118743628,-0.7105122804641724,-0.9710246324539185,-0.806795597076416,-0.9637911319732666,-0.021051228
95,4495,-0.17407732583541866,-0.5866349553499519,0.19092267416458134,-0.09863495534995192,0.2148960723862628,0.11660527990782285,0.7676201462745667,0.20623274147510529,-1.0,0.3139534890651703,0.37627118825912476,0.13637499511241913,-0.0885000005364418,-0.0521249994635582,0.04112499952316284,0.00025695000658743083,0.00011420000373618677,6.851999933132902e-05,0.0,0.032499998807907104,0.006000000052154064,0.03849999979138374,0.0032500000670552254,0.007249999791383743,0.0002500000118743628,0.0,-0.5566216707229614,0.6363967657089233,-0.6525716781616211,-0.5730254650115967,-0.09276306
96,4496,-0.17781544002524094,-0.583296162418925,0.18718455997475905,-0.09529616241892502,0.2100462283991748,0.1223998316893645,0.7579597234725952,0.20909330248832703,-1.0,0.3139534890651703,0.37627118825912476,0.12700000405311584,-0.08237499743700027,-0.06412500143051147,0.04475000128149986,0.00011420000373618677,0.0002969200140796602,7.423000351991504e-05,6.28100024187006e-05,0.035999998450279236,0.012000000104308128,0.04800000041723251,0.0012499999720603228,0.01875000074505806,0.0,0.0002500000118743628,-0.6272704601287842,0.8764808177947998,-0.3287551701068878,0.009466364979743958,0.0
97,4497,-0.1779260642289463,-0.5814233046525626,0.1870739357710537,-0.09342330465256266,0.2091042115718329,0.12355830664817459,0.7492664456367493,0.21475227177143097,-1.0,0.3139534890651703,0.37627118825912476,0.11500000208616257,-0.06912499666213989,-0.07012499868869781,0.04475000128149986,0.0001598800008650869,0.00043967002420686185,2.2840000383439474e-05,6.28100024187006e-05,0.05249999836087227,0.007499999832361937,0.05999999865889549,0.0017500000540167093,0.02500000037252903,-0.0002500000118743628,0.0005000000237487257,0.7913703918457031,0.8630687594413757,0.013092619366943836,-0.7032443881034851,0.0
98,4498,-0.1818706499615896,-0.5825632429460851,0.18312935003841038,-0.09456324294608509,0.2061032890615066,0.12732239185002525,0.7490091323852539,0.21792660653591156,-1.0,0.3139534890651703,0.37627118825912476,0.1237500011920929,-0.06700000166893005,-0.0702499970793724,0.03212499991059303,0.001387530006468296,0.001358980080112815,7.423000351991504e-05,-6.851999933132902e-05,0.24050000309944153,0.012500000186264515,0.2529999911785126,0.013749999925494194,0.05299999937415123,0.0002500000118743628,-0.0005000000237487257,-0.2960846424102783,-0.07737524062395096,-0.9719127416610718,-0.8341533541679382,0.0
99,4499,-0.18308803811415023,-0.5826823370475706,0.18191196188584977,-0.09468233704757056,0.20507731914072946,0.1286354053370843,0.7398356795310974,0.21599450707435608,-1.0,0.3139534890651703,0.37627118825912476,0.12337499856948853,-0.06674999743700027,-0.08812499791383743,0.016249999403953552,0.00026266000350005925,0.0012390700867399573,0.0,0.0,0.1315000057220459,0.0,0.1315000057220459,0.0035000001080334187,0.04975000023841858,-0.0002500000118743628,0.0,0.7774501442909241,0.597337007522583,-0.8215792775154114,0.5688714385032654,-0.12258952
100,4500,-0.18369358492559748,-0.5820943206075438,0.1813064150744025,-0.09409432060754386,0.20426883589457984,0.12967961648609158,0.7370045781135559,0.21579265594482422,-1.0,0.3139534890651703,0.37627118825912476,0.13112500309944153,-0.0663750022649765,-0.08712500333786011,0.026624999940395355,0.0019585301633924246,0.0021069899667054415,9.707000572234392e-05,6.851999933132902e-05,0.35600000619888306,0.014499999582767487,0.37049999833106995,0.017000000923871994,0.07124999910593033,0.005249999929219484,0.0005000000237487257,-0.6405451893806458,-0.9245768189430237,0.08150503039360046,-0.5943373441696167,0.0
101,4501,-0.1820887825713082,-0.5834673975219398,0.1829112174286918,-0.09546739752193978,0.20632628880212583,0.1270387795912812,0.7355962991714478,0.21678929030895233,-1.0,0.3139534890651703,0.37627118825912476,0.12600000202655792,-0.06599999964237213,-0.08449999988079071,0.01575000025331974,0.00023411000438500196,0.0007251700153574347,9.13600015337579e-05,-2.2840000383439474e-05,0.08399999886751175,0.009999999776482582,0.09399999678134918,0.0032500000670552254,0.035999998450279236,0.003000000026077032,0.0,0.8959642648696899,0.45619094371795654,-0.21337208151817322,-0.36246025562286377,-0.067495234
102,4502,-0.18458276343028743,-0.5823674132042913,0.18041723656971256,-0.09436741320429132,0.20360645354782123,0.13054144251372135,0.7393283843994141,0.2144620418548584,-1.0,0.3139534890651703,0.37627118825912476,0.13462500274181366,-0.0663750022649765,-0.08699999749660492,0.01912499964237213,0.0023924901615828276,0.0013532700249925256,6.851999933132902e-05,6.851999933132902e-05,0.328000009059906,0.012000000104308128,0.3400000035762787,0.019500000402331352,0.05375000089406967,0.0,0.000750000006519258,-0.7024400234222412,-0.052469126880168915,0.1506480872631073,-0.9605961441993713,0.0
103,4503,-0.18221912411279778,-0.5817475920241193,0.1827808758872022,-0.09374759202411931,0.20542020251283352,0.12819509123485964,0.7335284352302551,0.21632641553878784,-1.0,0.3139534890651703,0.37627118825912476,0.12925000488758087,-0.06612499803304672,-0.08612500131130219,0.001500000013038516,0.00029121001716703176,0.0012790400069206953,9.13600015337579e-05,0.0,0.13750000298023224,0.00800000037997961,0.14550000429153442,0.004000000189989805,0.051500000059604645,0.0037499999161809683,0.0,-0.37246787548065186,-0.35111281275749207,0.5779471397399902,0.49970585107803345,0.0
104,4504,-0.17914059160913376,-0.5846604312172262,0.18585940839086623,-0.09666043121722623,0.20949214460333093,0.12307991168951465,0.7390252947807312,0.2173769623041153,-1.0,0.3139534890651703,0.37627118825912476,0.12325000017881393,-0.06587500125169754,-0.07500000298023224,0.01075000036507845,0.00017130000924225897,0.0007936900365166366,7.994000043254346e-05,0.0,0.08449999988079071,0.007000000216066837,0.09149999916553497,0.0022499999031424522,0.03799999877810478,0.003000000026077032,0.0,0.9597499370574951,-0.7579846382141113,0.3244069814682007,-0.8062894940376282,-0.12075474
105,4505,-0.17873717305201584,-0.5846525078388739,0.18626282694798416,-0.09665250783887391,0.20984648668538217,0.12264455954129758,0.7461846470832825,0.21243995428085327,-1.0,0.3139534890651703,0.37627118825912476,0.13487499952316284,-0.0728750005364418,-0.07012499868869781,0.014375000260770321,0.0016787400236353278,0.0003882800228893757,0.00010278000263497233,6.851999933132902e-05,0.1809999942779541,0.014999999664723873,0.19599999487400055,0.014750000089406967,0.023749999701976776,0.005249999929219484,0.0002500000118743628,-0.37565112113952637,-0.6300240755081177,-0.0035091047175228596,-0.09237208962440491,0.0
106,4506,-0.17716576983149573,-0.5888551839351992,0.18783423016850426,-0.10085518393519921,0.21319818514611585,0.11860200921456107,0.7471228241920471,0.21245338022708893,-1.0,0.3139534890651703,0.37627118825912476,0.13375000655651093,-0.07774999737739563,-0.0689999982714653,0.013000000268220901,0.0002169799990952015,0.0001484600070398301,8.565000462112948e-05,-6.851999933132902e-05,0.03200000151991844,0.013500000350177288,0.045499999076128006,0.003000000026077032,0.009999999776482582,0.003000000026077032,-0.0002500000118743628,0.85094153881073,-0.8410952091217041,-0.21235071122646332,-0.9436715245246887,0.0
107,4507,-0.17455544605466727,-0.5864997703366355,0.19044455394533272,-0.09849977033663548,0.21440926492063417,0.11717430702523536,0.7507773041725159,0.20533019304275513,-1.0,0.3139534890651703,0.37627118825912476,0.14800000190734863,-0.09425000101327896,-0.07137499749660492,-0.004625000059604645,0.0005253200070001185,0.00016558999777771533,7.423000351991504e-05,0.0,0.060499999672174454,0.006500000134110451,0.06700000166893005,0.0062500000931322575,0.011500000022351742,0.0,-0.0002500000118743628,-0.4893745481967926,0.9773308038711548,0.7913250923156738,-0.16408000886440277,-0.043689605
108,4508,-0.17082215487393287,-0.5879018544818251,0.19417784512606712,-0.09990185448182509,0.2183699065043319,0.1126241550915811,0.7568477988243103,0.20932242274284363,-1.0,0.3139534890651703,0.37627118825912476,0.14087499678134918,-0.08775000274181366,-0.05874999985098839,-0.0010000000474974513,0.00017701000615488738,0.0007080400246195495,9.707000572234392e-05,6.851999933132902e-05,0.07750000059604645,0.014499999582767487,0.09200000017881393,0.0022499999031424522,0.03500000014901161,0.0042500002309679985,0.0,-0.054813556373119354,-0.14028817415237427,0.8344332575798035,-0.9579826593399048,0.0
109,4509,-0.17318451868145632,-0.5881230055953848,0.19181548131854367,-0.10012300559538478,0.2163742016112781,0.11489437900137917,0.7655298709869385,0.2069460153579712,-1.0,0.3139534890651703,0.37627118825912476,0.13975000381469727,-0.08775000274181366,-0.04387500137090683,-0.01875000074505806,0.00019985000835731626,0.0005424499977380037,0.00010278000263497233,0.0,0.06499999761581421,0.008999999612569809,0.07400000095367432,0.0024999999441206455,0.029750000685453415,0.005750000011175871,-0.0002500000118743628,0.7685191035270691,-0.17454418540000916,-0.9655224680900574,-0.9523090124130249,-0.1382771
110,4510,-0.17519614668722552,-0.5920155415903514,0.18980385331277447,-0.10401554159035142,0.2164364470802257,0.1148228847096623,0.7600359916687012,0.20657117664813995,-1.0,0.3139534890651703,0.37627118825912476,0.14800000190734863,-0.08824999630451202,-0.05950000137090683,-0.015250000171363354,0.0016616100911051035,0.0003939900198020041,7.423000351991504e-05,7.423000351991504e-05,0.18000000715255737,0.013000000268220901,0.19300000369548798,0.014750000089406967,0.024250000715255737,0.0010000000474974513,0.0002500000118743628,0.6240559220314026,-0.7947328090667725,-0.6611118316650391,0.681374192237854,0.0
111,4511,-0.17600616043152667,-0.5908077733394015,0.18899383956847332,-0.1028077733394015,0.21514671657694334,0.11631338151370575,0.7553578019142151,0.19997365772724152,-1.0,0.3139534890651703,0.37627118825912476,0.16124999523162842,-0.1016250029206276,-0.0716250017285347,-0.002374999923631549,0.0012219400377944112,0.00034831001539714634,7.423000351991504e-05,6.28100024187006e-05,0.13750000298023224,0.012000000104308128,0.14949999749660492,0.011500000022351742,0.021250000223517418,0.0005000000237487257,0.0,-0.4515967071056366,0.07901012152433395,0.2831246852874756,-0.994325578212738,0.0
112,4512,-0.16634458643054845,-0.5938995276160897,0.19865541356945154,-0.10589952761608967,0.22511926459048495,0.10527359553867759,0.7534740567207336,0.20202071964740753,-1.0,0.3139534890651703,0.37627118825912476,0.1574999988079071,-0.1016250029206276,-0.06837499886751175,-0.020874999463558197,0.0001827200030675158,0.00041683000745251775,9.707000572234392e-05,0.0,0.05249999836087227,0.008500000461935997,0.061000000685453415,0.0022499999031424522,0.024000000208616257,0.0044999998062849045,-0.0002500000118743628,-0.9905632734298706,-0.9658147692680359,-0.49293026328086853,-0.2103787064552307,-0.049245443
113,4513,-0.23161202767490757,-0.5735334320296359,0.13338797232509242,-0.08553343202963593,0.158456048025211,0.20503789151772145,0.7759428024291992,0.19678045809268951,-1.0,0.3139534890651703,0.37627118825912476,0.14000000059604645,-0.10824999958276749,-0.07524999976158142,-0.017124999314546585,8.565000462112948e-05,7.423000351991504e-05,0.0,0.0,0.014000000432133675,0.0,0.014000000432133675,0.0002500000118743628,0.0012499999720603228,0.0,-0.0002500000118743628,-0.4080214202404022,-0.8549660444259644,0.4904627501964569,0.6163049936294556,0.0
114,4514,-0.16763802999550642,-0.595060705149862,0.19736197000449357,-0.10706070514986199,0.22453004652215325,0.10589571761271648,0.6241580843925476,0.2312992662191391,-1.0,0.3139534890651703,0.37627118825912476,0.13262499868869781,-0.12425000220537186,-0.0663750022649765,-0.005625000223517418,0.0,7.994000043254346e-05,6.851999933132902e-05,0.0,0.007000000216066837,0.006000000052154064,0.013000000268220901,-0.0002500000118743628,0.0012499999720603228,0.0005000000237487257,-0.0002500000118743628,-0.6255965828895569,0.6227842569351196,-0.7023188471794128,-0.8041719794273376,-0.21957223
115,4515,-0.17781264485036974,-0.5942985861363821,0.18718735514963025,-0.1062985861363821,0.21526378084226722,0.11617729977524764,0.7729347944259644,0.1948123574256897,-1.0,0.3139534890651703,0.37627118825912476,0.13562500476837158,-0.11550000309944153,-0.07925000041723251,-0.0018749999580904841,0.0001256200048374012,0.00011420000373618677,0.0,0.0,0.020999999716877937,0.0,0.020999999716877937,0.0012499999720603228,0.007000000216066837,0.0,-0.0002500000118743628,0.9735932350158691,-0.6738929748535156,0.43024611473083496,-0.8458776473999023,-0.12550533
116,4516,-0.16598788520068855,-0.5954821852463427,0.19901211479931144,-0.10748218524634268,0.22618187810305104,0.10416086656182552,0.7492729425430298,0.19610409438610077,-1.0,0.3139534890651703,0.37627118825912476,0.1536249965429306,-0.12575000524520874,-0.07175000011920929,0.0016250000335276127,0.0001541700039524585,7.994000043254346e-05,7.994000043254346e-05,6.28100024187006e-05,0.020500000566244125,0.012500000186264515,0.032999999821186066,0.0017500000540167093,0.0022499999031424522,0.0010000000474974513,0.0002500000118743628,-0.8723146915435791,0.3912815749645233,-0.014515244401991367,-0.9746633172035217,0.0
117,4517,-0.1662700984559758,-0.5950345449430324,0.1987299015440242,-0.10703454494303244,0.22572099498907847,0.10464203436603639,0.7767723798751831,0.19409799575805664,-1.0,0.3139534890651703,0.37627118825912476,0.1381250023841858,-0.12012500315904617,-0.07150000333786011,-0.016374999657273293,8.565000462112948e-05,0.00010278000263497233,7.994000043254346e-05,0.0,0.016499999910593033,0.007000000216066837,0.023499999195337296,0.0002500000118743628,0.005499999970197678,0.0,-0.0002500000118743628,-0.5794880390167236,-0.7660086750984192,-0.7879424095153809,-0.8770461082458496,-0.12924555
118,4518,-0.19770177553778004,-0.5858599092480301,0.16729822446221995,-0.09785990924803012,0.1938175888464306,0.14396632103468465,0.7761160731315613,0.1948567032814026,-1.0,0.3139534890651703,0.37627118825912476,0.1276250034570694,-0.1315000057220459,-0.08612500131130219,-0.012749999761581421,0.0,0.0,0.0,6.28100024187006e-05,0.0,0.005499999970197678,0.005499999970197678,-0.0002500000118743628,-0.0002500000118743628,-0.0002500000118743628,0.0,-0.35882988572120667,-0.7590111494064331,0.933757483959198,-0.4663523733615875,-0.18214093
119,4519,-0.18086565920876665,-0.5909247759673083,0.18413434079123334,-0.10292477596730831,0.21094777781845123,0.12130129607894052,0.7030191421508789,0.21040692925453186,-1.0,0.3139534890651703,0.37627118825912476,0.13124999403953552,-0.1277499943971634,-0.06862500309944153,-0.021250000223517418,8.565000462112948e-05,0.0,0.0,0.0,0.007499999832361937,0.0,0.007499999832361937,0.0,-0.0002500000118743628,-0.0002500000118743628,-0.0002500000118743628,0.29368698596954346,0.07548510283231735,-0.9611825942993164,0.888749897480011,-0.15428373
120,4520,-0.1674271220896936,-0.5985639965165386,0.1975728779103064,-0.11056399651653859,0.22640547566582836,0.10392822558952333,0.74217289686203,0.2018224149942398,-1.0,0.3139534890651703,0.37627118825912476,0.13637499511241913,-0.12587499618530273,-0.06525000184774399,-0.004625000059604645,0.00010278000263497233,8.565000462112948e-05,7.423000351991504e-05,0.0,0.016499999910593033,0.006500000134110451,0.023000000044703484,0.000750000006519258,0.0035000001080334187,0.0005000000237487257,-0.0002500000118743628,0.8253385424613953,-0.6416582465171814,-0.25117042660713196,0.8999201059341431,0.0
121,4521,-0.24735448455178916,-0.5688605767800147,0.11764551544821084,-0.08086057678001468,0.1427546853251124,0.2398967028095574,0.773425281047821,0.18887458741664886,-1.0,0.3139534890651703,0.37627118825912476,0.15174999833106995,-0.1366250067949295,-0.06949999928474426,0.012000000104308128,9.707000572234392e-05,7.423000351991504e-05,0.0,0.0,0.014999999664723873,0.0,0.014999999664723873,0.000750000006519258,0.0010000000474974513,-0.0002500000118743628,0.0,-0.6044331192970276,-0.9140084981918335,0.5617703795433044,-0.25533103942871094,-0.054639723
122,4522,-0.23802327421251135,-0.5749204701167043,0.12697672578748864,-0.08692047011670434,0.1538774090535059,0.21464407440591957,0.5875477194786072,0.23921936750411987,-1.0,0.3139534890651703,0.37627118825912476,0.14100000262260437,-0.15324999392032623,-0.05900000035762787,0.01575000025331974,5.7100000958598685e-06,7.423000351991504e-05,0.0,0.0,0.007000000216066837,0.0,0.007000000216066837,-0.0002500000118743628,0.0,-0.0002500000118743628,0.0,0.6302803754806519,-0.6874133348464966,-0.126562237739563,0.13434067368507385,-0.04706659
123,4523,-0.2540407792627315,-0.5694859116202873,0.1109592207372685,-0.08148591162028729,0.13766590884896357,0.252420460329186,0.6092482209205627,0.22894835472106934,-1.0,0.3139534890651703,0.37627118825912476,0.15262499451637268,-0.16625000536441803,-0.05525000020861626,0.019375000149011612,8.565000462112948e-05,7.423000351991504e-05,1.1420000191719737e-05,6.851999933132902e-05,0.014000000432133675,0.007000000216066837,0.020999999716877937,0.0,0.0002500000118743628,-0.0002500000118743628,0.0002500000118743628,0.24544671177864075,-0.4506119191646576,0.35621213912963867,-0.9321702718734741,0.0
124,4524,-0.18325986892585625,-0.5980823199837381,0.18174013107414375,-0.11008231998373808,0.21247962823727137,0.11945730134608913,0.5719981789588928,0.23815947771072388,-1.0,0.3139534890651703,0.37627118825912476,0.15712499618530273,-0.1745000034570694,-0.048875000327825546,0.0021250001154839993,8.565000462112948e-05,0.0,7.423000351991504e-05,0.0,0.007499999832361937,0.006500000134110451,0.014000000432133675,0.0,0.0,0.0002500000118743628,0.0,0.5471347570419312,-0.9342199563980103,-0.6960003972053528,-0.3618761897087097,-0.20353155
125,4525,-0.1887227485252732,-0.597236964948797,0.17627725147472678,-0.10923696494879698,0.2073798059086486,0.12570742963000017,0.7366049289703369,0.1896909773349762,-1.0,0.3139534890651703,0.37627118825912476,0.16750000417232513,-0.17087499797344208,-0.06162500008940697,0.005750000011175871,0.0,1.7129999832832254e-05,0.0,6.28100024187006e-05,0.001500000013038516,0.005499999970197678,0.007000000216066837,-0.0002500000118743628,0.0002500000118743628,-0.0002500000118743628,0.0002500000118743628,-0.7638702392578125,-0.3853124678134918,-0.2853560745716095,-0.6846816539764404,-0.17390718
126,4526,-0.2500560406052046,-0.5740770675509446,0.1149439593947954,-0.08607706755094457,0.14360144623060817,0.23787392743825417,0.723900556564331,0.19112378358840942,-1.0,0.3139534890651703,0.37627118825912476,0.17112499475479126,-0.17787499725818634,-0.057999998331069946,-0.006750000175088644,9.13600015337579e-05,4.568000076687895e-05,7.423000351991504e-05,0.0,0.012000000104308128,0.006500000134110451,0.01850000023841858,0.0,0.0,0.0,-0.0002500000118743628,-0.25454261898994446,0.13007481396198273,0.40293219685554504,-0.5139476656913757,-0.09406474
127,4527,-0.21377598744123016,-0.5887388684377826,0.15122401255876983,-0.10073886843778257,0.18170586558639168,0.16250302599729355,0.5812650322914124,0.23037785291671753,-1.0,0.3139534890651703,0.37627118825912476,0.1665000021457672,-0.17425000667572021,-0.05050000175833702,-0.0031250000465661287,0.0,7.423000351991504e-05,6.851999933132902e-05,6.28100024187006e-05,0.006500000134110451,0.011500000022351742,0.017999999225139618,-0.0002500000118743628,0.0002500000118743628,0.0,0.0,-0.6059347987174988,-0.7407834529876709,-0.8427487015724182,0.5001505017280579,-0.09671218
128,4528,-0.17214010166658392,-0.6038185521479201,0.19285989833341607,-0.11581855214792014,0.2249641691621492,0.1054369967537554,0.6656372547149658,0.20552733540534973,-1.0,0.3139534890651703,0.37627118825912476,0.17012499272823334,-0.18812499940395355,-0.06599999964237213,0.0062500000931322575,8.565000462112948e-05,6.851999933132902e-05,-7.423000351991504e-05,0.0,0.013500000350177288,0.006500000134110451,0.019999999552965164,0.0,0.0002500000118743628,-0.0005000000237487257,0.0,0.4644794762134552,0.09446094930171967,-0.4955536425113678,0.47088009119033813,-0.012664688
129,4529,-0.16669140564137433,-0.6061463453385255,0.19830859435862566,-0.11814634533852553,0.2308351305874911,0.09942503798169666,0.7624648809432983,0.17996855080127716,-1.0,0.3139534890651703,0.37627118825912476,0.17862500250339508,-0.18437500298023224,-0.0754999965429306,0.014999999664723873,8.565000462112948e-05,6.851999933132902e-05,0.0,0.0,0.013500000350177288,0.0,0.013500000350177288,0.0002500000118743628,0.0002500000118743628,0.0,0.0,0.1019013524055481,-0.7313369512557983,0.5608065128326416,0.43963441252708435,0.0
130,4530,-0.18809226278893837,-0.5985018681437927,0.17690773721106162,-0.1105018681437927,0.2085833414930497,0.1242035639145231,0.7751362919807434,0.17602314054965973,-1.0,0.3139534890651703,0.37627118825912476,0.18050000071525574,-0.1978749930858612,-0.06499999761581421,0.023125000298023224,8.565000462112948e-05,6.851999933132902e-05,3.997000021627173e-05,0.0,0.013500000350177288,0.0035000001080334187,0.017000000923871994,0.0002500000118743628,0.0,0.0,0.0,-0.5930788516998291,0.1863490641117096,-0.485216349363327,-0.20076853036880493,-0.1303182
131,4531,-0.2043203962904945,-0.5928296290903448,0.1606796037095055,-0.10482962909034477,0.19185199030362698,0.14682411531410205,0.7253668308258057,0.1889798790216446,-1.0,0.3139534890651703,0.37627118825912476,0.16975000500679016,-0.19449999928474426,-0.061124999076128006,0.026750000193715096,0.0,7.423000351991504e-05,0.0,6.28100024187006e-05,0.006500000134110451,0.005499999970197678,0.012000000104308128,-0.0002500000118743628,0.0,-0.0002500000118743628,0.0002500000118743628,-0.8534974455833435,0.9041492938995361,-0.23030969500541687,-0.34840208292007446,-0.17805687
132,4532,-0.1686552492931487,-0.6027359156962022,0.19634475070685128,-0.11473591569620223,0.22741062306053691,0.10288882623644842,0.6876269578933716,0.1985938549041748,-1.0,0.3139534890651703,0.37627118825912476,0.1733749955892563,-0.17762500047683716,-0.057374998927116394,0.020375000312924385,9.707000572234392e-05,0.0,1.7129999832832254e-05,0.0,0.008500000461935997,0.001500000013038516,0.009999999776482582,0.0,0.0,-0.0002500000118743628,0.0,0.18575157225131989,0.33035722374916077,0.9681739211082458,0.9398971796035767,0.0
133,4533,-0.16753272732041788,-0.6030187728378312,0.1974672726795821,-0.11501877283783124,0.22852273822233327,0.10175092312456065,0.7705692052841187,0.18180353939533234,-1.0,0.3139534890651703,0.37627118825912476,0.17612500488758087,-0.17425000667572021,-0.03974999859929085,0.03799999877810478,0.00011420000373618677,9.707000572234392e-05,7.994000043254346e-05,-5.7100001868093386e-05,0.01850000023841858,0.012000000104308128,0.030500000342726707,0.0012499999720603228,0.005499999970197678,0.000750000006519258,-0.0002500000118743628,0.3820776045322418,0.026846781373023987,0.18850603699684143,-0.9361957311630249,-0.13634351
134,4534,-0.16012799819163182,-0.6027018187008233,0.20487200180836818,-0.1147018187008233,0.23479575025592894,0.09556415255113998,0.7731797099113464,0.18132410943508148,-1.0,0.3139534890651703,0.37627118825912476,0.18299999833106995,-0.17425000667572021,-0.03662500157952309,0.04149999842047691,0.00013703999866265804,0.00010848999954760075,8.565000462112948e-05,6.28100024187006e-05,0.0215000007301569,0.013000000268220901,0.03449999913573265,0.0017500000540167093,0.006500000134110451,0.001500000013038516,0.0002500000118743628,-0.1647816002368927,0.5125300884246826,0.5897637605667114,-0.9717831611633301,0.0
135,4535,-0.1558836436921457,-0.602913536901182,0.2091163563078543,-0.114913536901182,0.23861008243285278,0.09198766156706892,0.7904000282287598,0.18186132609844208,-1.0,0.3139534890651703,0.37627118825912476,0.18050000071525574,-0.16725000739097595,-0.026374999433755875,0.023499999195337296,9.13600015337579e-05,0.00016558999777771533,9.13600015337579e-05,0.0,0.02250000089406967,0.00800000037997961,0.030500000342726707,0.000750000006519258,0.011500000022351742,0.003000000026077032,0.0,-0.6778537034988403,0.5143024325370789,0.05127968266606331,-0.762050986289978,-0.11544613
136,4536,-0.15213124797559952,-0.6007830985057998,0.21286875202440048,-0.11278309850579982,0.2409006701879317,0.0899045522579618,0.8002706170082092,0.18150247633457184,-1.0,0.3139534890651703,0.37627118825912476,0.1679999977350235,-0.15562500059604645,-0.02462499961256981,0.027124999091029167,9.13600015337579e-05,0.00011991000064881518,7.423000351991504e-05,6.28100024187006e-05,0.01850000023841858,0.012000000104308128,0.030500000342726707,0.0005000000237487257,0.007499999832361937,0.0012499999720603228,0.0002500000118743628,-0.8686445951461792,-0.07470981031656265,-0.3154703974723816,-0.6895272731781006,0.0
137,4537,-0.2507420990444604,-0.5659965822994908,0.11425790095553962,-0.0779965822994908,0.1383413704615042,0.2507212023956761,0.8089970946311951,0.18511338531970978,-1.0,0.3139534890651703,0.37627118825912476,0.15199999511241913,-0.1537500023841858,-0.029750000685453415,0.014375000260770321,8.565000462112948e-05,7.423000351991504e-05,0.0,0.0,0.014000000432133675,0.0,0.014000000432133675,0.0,0.0010000000474974513,-0.0002500000118743628,0.0,-0.6643358469009399,-0.7455037236213684,0.9766646027565002,-0.8991721868515015,-0.13190067
138,4538,-0.23133127345907356,-0.5750006990627146,0.13366872654092643,-0.08700069906271457,0.15948808761933914,0.20293270117859463,0.5796695351600647,0.24407358467578888,-1.0,0.3139534890651703,0.37627118825912476,0.13962499797344208,-0.16712500154972076,-0.011500000022351742,0.018124999478459358,7.994000043254346e-05,1.1420000191719737e-05,0.0,0.0,0.00800000037997961,0.0,0.00800000037997961,0.0,0.0,-0.0002500000118743628,0.0,0.34849584102630615,-0.5689718723297119,0.05667441338300705,0.8046590685844421,-0.10947571
139,4539,-0.22988883621742573,-0.5759914748006767,0.13511116378257426,-0.0879914748006767,0.16123748390582052,0.19941347638517914,0.6248109936714172,0.22881238162517548,-1.0,0.3139534890651703,0.37627118825912476,0.14612500369548798,-0.16337500512599945,-0.008124999701976776,0.033250000327825546,9.13600015337579e-05,0.0,6.851999933132902e-05,0.0,0.00800000037997961,0.006000000052154064,0.014000000432133675,0.0,0.0,0.0005000000237487257,-0.0002500000118743628,-0.008546859957277775,-0.005197649355977774,-0.26997995376586914,-0.5918915271759033,-0.1196507
140,4540,-0.15694045834116874,-0.5990301238601284,0.20805954165883125,-0.11103012386012845,0.23583142555579484,0.09457952579678484,0.6281654834747314,0.22713309526443481,-1.0,0.3139534890651703,0.37627118825912476,0.14612500369548798,-0.15950000286102295,-0.012749999761581421,0.03687499836087227,0.0,0.0,0.0,6.28100024187006e-05,0.0,0.005499999970197678,0.005499999970197678,-0.0002500000118743628,-0.0002500000118743628,-0.0002500000118743628,0.0,-0.047131747007369995,0.18790024518966675,0.4705692529678345,-0.2546866238117218,-0.031107783
141,4541,-0.1570604499084025,-0.598488037098875,0.20793955009159748,-0.110488037098875,0.2354707260664441,0.09492128966308379,0.7978128790855408,0.18808454275131226,-1.0,0.3139534890651703,0.37627118825912476,0.14937500655651093,-0.15700000524520874,-0.004749999847263098,0.03237500041723251,0.00010278000263497233,7.994000043254346e-05,7.423000351991504e-05,-6.851999933132902e-05,0.01600000075995922,0.012500000186264515,0.02850000001490116,0.000750000006519258,0.0022499999031424522,0.0012499999720603228,-0.0005000000237487257,-0.8939834833145142,-0.8760334253311157,-0.5617755651473999,-0.517781674861908,0.0
142,4542,-0.15686970497541874,-0.5988549203896981,0.20813029502458125,-0.11085492038969813,0.23581143543438587,0.0945984342486679,0.7975338101387024,0.1890033334493637,-1.0,0.3139534890651703,0.37627118825912476,0.13312500715255737,-0.17237499356269836,-0.014499999582767487,0.02250000089406967,0.0,6.851999933132902e-05,0.0,0.0,0.006000000052154064,0.0,0.006000000052154064,-0.0002500000118743628,0.0002500000118743628,-0.0002500000118743628,0.0,-0.7964063286781311,-0.8448024988174438,-0.23574596643447876,-0.5344538688659668,-0.25999275
143,4543,-0.15661996702827147,-0.5987701628568626,0.20838003297172852,-0.11077016285686259,0.23599209122475806,0.09442769097483891,0.7979774475097656,0.18838149309158325,-1.0,0.3139534890651703,0.37627118825912476,0.1367499977350235,-0.18812499940395355,-0.01075000036507845,0.026000000536441803,9.13600015337579e-05,7.423000351991504e-05,0.0,6.28100024187006e-05,0.014499999582767487,0.005499999970197678,0.019999999552965164,0.0,0.0002500000118743628,-0.0002500000118743628,0.0005000000237487257,-0.6216703653335571,0.9176722764968872,-0.9907644987106323,0.06876886636018753,-0.14289175
144,4544,-0.24600649297494181,-0.5678245302094321,0.11899350702505818,-0.07982453020943214,0.14328785830376248,0.23862104217437613,0.798558235168457,0.18852514028549194,-1.0,0.3139534890651703,0.37627118825912476,0.1251250058412552,-0.17075000703334808,-0.00712500000372529,0.027374999597668648,-5.7100000958598685e-06,-7.994000043254346e-05,5.7100000958598685e-06,5.7100001868093386e-05,0.007499999832361937,0.005499999970197678,0.013000000268220901,0.0,-0.0002500000118743628,0.0,0.0002500000118743628,-0.9049137234687805,-0.398042768239975,0.840561032295227,0.02671678736805916,-0.13258965
145,4545,-0.25023746544966374,-0.5647549646376646,0.11476253455033625,-0.07675496463766462,0.1380643470739143,0.2514167216947246,0.5906825661659241,0.24097537994384766,-1.0,0.3139534890651703,0.37627118825912476,0.1288750022649765,-0.1782499998807907,0.008500000461935997,0.02775000035762787,0.0,0.0,7.423000351991504e-05,6.28100024187006e-05,0.0,0.012000000104308128,0.012000000104308128,0.0,0.0,0.0002500000118743628,0.0005000000237487257,0.19824238121509552,-0.6348229646682739,-0.626798152923584,-0.19679462909698486,-0.19960546
146,4546,-0.24993828109067645,-0.5650395975663883,0.11506171890932354,-0.07703959756638834,0.13847129215674725,0.2503956726718479,0.5808430910110474,0.2461780309677124,-1.0,0.3139534890651703,0.37627118825912476,0.13262499868869781,-0.1745000034570694,0.012000000104308128,0.02449999935925007,7.994000043254346e-05,0.0,7.423000351991504e-05,-6.851999933132902e-05,0.007000000216066837,0.012500000186264515,0.019500000402331352,0.0,0.0,0.000750000006519258,-0.0002500000118743628,-0.27435505390167236,0.5496710538864136,-0.959803581237793,-0.9006528258323669,-0.13207835
147,4547,-0.2502534077149903,-0.5647163644808184,0.11474659228500972,-0.07671636448081842,0.13802963819475883,0.2515040007667519,0.5815388560295105,0.2456955909729004,-1.0,0.3139534890651703,0.37627118825912476,0.1276250034570694,-0.16425000131130219,-0.005499999970197678,0.02800000086426735,0.0,0.0,0.0,6.851999933132902e-05,0.0,0.006000000052154064,0.006000000052154064,-0.0002500000118743628,0.0,0.0,0.0002500000118743628,0.11924750357866287,0.3992612063884735,-0.865494430065155,-0.7392020225524902,-0.13754964
148,4548,-0.22689478960344295,-0.5737985042640694,0.13810521039655704,-0.08579850426406943,0.16258669217567848,0.1967410421622295,0.5808060169219971,0.2462434470653534,-1.0,0.3139534890651703,0.37627118825912476,0.1313749998807907,-0.15674999356269836,-0.0017500000540167093,0.014375000260770321,0.0,0.0,0.0,0.0,0.0,0.0,0.0,-0.0002500000118743628,-0.0002500000118743628,0.0,0.0,-0.7520463466644287,-0.8478671312332153,0.2262064665555954,-0.9505713582038879,-0.3780582
149,4549,-0.15814915443126623,-0.5950216649035944,0.20685084556873376,-0.10702166490359444,0.23289677771759187,0.09739622983173268,0.635128378868103,0.2308499962091446,-1.0,0.3139534890651703,0.37627118825912476,0.13500000536441803,-0.15337499976158142,0.002374999923631549,0.018124999478459358,3.425999966566451e-05,7.423000351991504e-05,5.7100000958598685e-06,0.0,0.009499999694526196,0.0005000000237487257,0.009999999776482582,0.0,0.0005000000237487257,0.0,0.0,0.280534952878952,0.8464438319206238,-0.8695530891418457,-0.927130937576294,-0.2636021
150,4550,-0.19199952585065747,-0.5850684172744691,0.17300047414934253,-0.09706841727446913,0.19837197808175375,0.13755660404324832,0.7950019836425781,0.19487853348255157,-1.0,0.3139534890651703,0.37627118825912476,0.13962499797344208,-0.14000000059604645,0.005375000182539225,0.02174999937415123,0.00011991000064881518,0.00010848999954760075,7.994000043254346e-05,6.28100024187006e-05,0.019999999552965164,0.012500000186264515,0.032499998807907104,0.0012499999720603228,0.005249999929219484,0.001500000013038516,0.0002500000118743628,-0.8560525178909302,-0.9788923859596252,0.21329054236412048,0.7820078730583191,0.0
151,4551,-0.20603555271132715,-0.5818810647525151,0.15896444728867284,-0.09388106475251512,0.1846167647340273,0.15784091072798467,0.7162801623344421,0.21174845099449158,-1.0,0.3139534890651703,0.37627118825912476,0.12425000220537186,-0.15549999475479126,0.009875000454485416,0.03662500157952309,0.0,0.0,7.423000351991504e-05,0.0,0.0,0.006500000134110451,0.006500000134110451,0.0,-0.0002500000118743628,0.0002500000118743628,-0.0002500000118743628,0.6166332960128784,0.19225014746189117,0.22639256715774536,0.2627292573451996,-0.00092998275
152,4552,-0.16497152490212508,-0.5939440219987882,0.2000284750978749,-0.10594402199878816,0.22635265990763367,0.10398313056781067,0.6836382746696472,0.2171507328748703,-1.0,0.3139534890651703,0.37627118825912476,0.13574999570846558,-0.15199999511241913,0.01412499975413084,0.04125000163912773,9.13600015337579e-05,7.423000351991504e-05,6.851999933132902e-05,6.851999933132902e-05,0.014499999582767487,0.012000000104308128,0.026499999687075615,0.0,0.0002500000118743628,0.0,0.0002500000118743628,0.27624908089637756,-0.5332140922546387,0.9445250630378723,-0.8779348134994507,0.0
153,4553,-0.1473481722167408,-0.5943084901625899,0.2176518277832592,-0.10630849016258992,0.24222678055500593,0.08872018900839913,0.7791360020637512,0.19670504331588745,-1.0,0.3139534890651703,0.37627118825912476,0.14087499678134918,-0.16175000369548798,0.03162499889731407,0.02500000037252903,9.13600015337579e-05,0.0,6.851999933132902e-05,0.0,0.00800000037997961,0.006000000052154064,0.014000000432133675,0.0,0.0,0.0002500000118743628,0.0,-0.9196213483810425,0.9018478393554688,0.8536812663078308,0.9911147356033325,0.0
154,4554,-0.13148683128458113,-0.5994076408736758,0.23351316871541886,-0.11140764087367583,0.2587277766467172,0.07522454037656812,0.8201205134391785,0.1960873007774353,-1.0,0.3139534890651703,0.37627118825912476,0.1236250028014183,-0.14562499523162842,0.04762500151991844,0.04349999874830246,9.13600015337579e-05,7.994000043254346e-05,6.851999933132902e-05,0.0,0.014999999664723873,0.006000000052154064,0.020999999716877937,0.0002500000118743628,0.001500000013038516,0.0002500000118743628,0.0,0.20924592018127441,-0.9666662216186523,-0.9638040661811829,-0.20068462193012238,-0.048082158
155,4555,-0.12291153777752811,-0.6009209906654118,0.24208846222247188,-0.11292099066541184,0.2671291329565145,0.06916285557865857,0.8570073843002319,0.18744467198848724,-1.0,0.3139534890651703,0.37627118825912476,0.1276250034570694,-0.1628749966621399,0.029750000685453415,0.04699999839067459,9.707000572234392e-05,0.0,0.0,6.851999933132902e-05,0.008500000461935997,0.006000000052154064,0.014499999582767487,0.0,0.0,0.0,0.0005000000237487257,0.14215001463890076,0.11919204145669937,-0.5997525453567505,0.6061357259750366,-0.10566726
156,4556,-0.12307092907712766,-0.6012652365962147,0.24192907092287233,-0.11326523659621468,0.26713047220188246,0.06916192932452134,0.8769499063491821,0.18487967550754547,-1.0,0.3139534890651703,0.37627118825912476,0.1302500069141388,-0.15912500023841858,0.03350000083446503,0.0586250014603138,9.13600015337579e-05,6.851999933132902e-05,0.0,0.0,0.014000000432133675,0.0,0.014000000432133675,0.0,0.0,0.0,-0.0002500000118743628,-0.37532466650009155,-0.5892189741134644,0.2820894122123718,0.1284571886062622,-0.008585138
157,4557,-0.14203478391107482,-0.5977543193622804,0.22296521608892517,-0.10975431936228042,0.24851458348406544,0.08331340362915084,0.876579225063324,0.18429620563983917,-1.0,0.3139534890651703,0.37627118825912476,0.12325000017881393,-0.17012499272823334,0.03849999979138374,0.06224999949336052,0.0,0.0,7.423000351991504e-05,5.7100001868093386e-05,0.0,0.011500000022351742,0.011500000022351742,0.0,0.0,0.0005000000237487257,0.0,0.6137961149215698,0.8095025420188904,0.20037758350372314,-0.5522341728210449,0.0
158,4558,-0.14364419481632215,-0.596908199899977,0.22135580518367784,-0.10890819989997702,0.24669695679916218,0.08484157645163201,0.8324772715568542,0.19024690985679626,-1.0,0.3139534890651703,0.37627118825912476,0.13462500274181366,-0.1561249941587448,0.042249999940395355,0.052000001072883606,8.565000462112948e-05,7.994000043254346e-05,7.423000351991504e-05,0.0,0.014499999582767487,0.006500000134110451,0.020999999716877937,0.0002500000118743628,0.0022499999031424522,0.0005000000237487257,0.0,-0.1055288016796112,0.233171284198761,0.14586257934570312,-0.030743295326828957,-0.027689198
159,4559,-0.14074817968081518,-0.5993471224923078,0.2242518203191848,-0.11134712249230783,0.25037384169234805,0.08177870356192644,0.8287344574928284,0.19168101251125336,-1.0,0.3139534890651703,0.37627118825912476,0.132874995470047,-0.15324999392032623,0.0442500002682209,0.05587499961256981,8.565000462112948e-05,9.707000572234392e-05,7.994000043254346e-05,0.0,0.01600000075995922,0.007000000216066837,0.023000000044703484,0.0,0.004999999888241291,0.0017500000540167093,-0.0002500000118743628,0.9900423288345337,-0.5343375205993652,0.8685414791107178,0.7373391389846802,0.0
160,4560,-0.13772190261456652,-0.5981728552809283,0.22727809738543348,-0.11017285528092835,0.2525735369984254,0.0799994619477295,0.8354693651199341,0.1875472515821457,-1.0,0.3139534890651703,0.37627118825912476,0.15049999952316284,-0.1616249978542328,0.05937499925494194,0.06949999928474426,0.0001541700039524585,7.994000043254346e-05,9.707000572234392e-05,1.7129999832832254e-05,0.020500000566244125,0.009999999776482582,0.030500000342726707,0.0017500000540167093,0.0017500000540167093,0.004000000189989805,0.0,-0.5611372590065002,0.4909183979034424,0.08187510818243027,0.32246914505958557,0.0
161,4561,-0.11792345329393616,-0.6031077550550805,0.24707654670606383,-0.11510775505508053,0.2725740545356696,0.06549768075052881,0.8425071835517883,0.18953754007816315,-1.0,0.3139534890651703,0.37627118825912476,0.1407500058412552,-0.15412500500679016,0.06162500008940697,0.0754999965429306,9.13600015337579e-05,9.707000572234392e-05,7.994000043254346e-05,0.0,0.016499999910593033,0.007000000216066837,0.023499999195337296,0.0002500000118743628,0.004999999888241291,0.0024999999441206455,0.0,0.14658202230930328,-0.3943699300289154,-0.8563422560691833,-0.9506068825721741,-0.13807283
162,4562,-0.13396384920464738,-0.5997261431570704,0.2310361507953526,-0.11172614315707041,0.25663287793867545,0.07681704069537654,0.8885501027107239,0.18117329478263855,-1.0,0.3139534890651703,0.37627118825912476,0.1432500034570694,-0.15912500023841858,0.04699999839067459,0.07900000363588333,9.707000572234392e-05,7.423000351991504e-05,5.7100000958598685e-06,6.851999933132902e-05,0.014999999664723873,0.006500000134110451,0.0215000007301569,0.0005000000237487257,0.0002500000118743628,-0.0002500000118743628,0.0005000000237487257,-0.4359683096408844,-0.052937284111976624,-0.38207679986953735,-0.779482901096344,-0.069849215
163,4563,-0.1378937615310149,-0.5981348792295156,0.2271062384689851,-0.11013487922951559,0.2524023279893264,0.0801365455500678,0.8512468338012695,0.18690484762191772,-1.0,0.3139534890651703,0.37627118825912476,0.1353749930858612,-0.15987500548362732,0.05062500014901161,0.06487499922513962,9.13600015337579e-05,2.2840000383439474e-05,7.423000351991504e-05,0.0,0.009999999776482582,0.006500000134110451,0.016499999910593033,0.0,0.0,0.0,-0.0002500000118743628,-0.6537885665893555,-0.9442107677459717,-0.46166732907295227,-0.567413866519928,-0.22939497
164,4564,-0.17261542283901976,-0.5889687765897484,0.19238457716098023,-0.10096877658974845,0.21727061323483138,0.11386905486143624,0.8421075344085693,0.18960189819335938,-1.0,0.3139534890651703,0.37627118825912476,0.12312500178813934,-0.15625,0.041999999433755875,0.06837499886751175,0.0,7.994000043254346e-05,0.0,6.851999933132902e-05,0.007000000216066837,0.006000000052154064,0.013000000268220901,0.0,0.0002500000118743628,0.0,0.0002500000118743628,-0.13179780542850494,-0.6966133117675781,0.9914062023162842,-0.2118804156780243,-0.03981574
165,4565,-0.16104494942144884,-0.5928550925782268,0.20395505057855115,-0.10485509257822678,0.22933000914858018,0.10093282408569419,0.761359453201294,0.20513767004013062,-1.0,0.3139534890651703,0.37627118825912476,0.12687499821186066,-0.1691250056028366,0.06037500128149986,0.06487499922513962,8.565000462112948e-05,0.0,7.423000351991504e-05,-6.851999933132902e-05,0.007499999832361937,0.012500000186264515,0.019999999552965164,0.0,0.0,0.0002500000118743628,-0.0005000000237487257,0.24583183228969574,0.4388975501060486,-0.3623664677143097,-0.9628570079803467,0.0
166,4566,-0.1647387425415857,-0.5916451363498948,0.2002612574584143,-0.1036451363498948,0.22549253984957815,0.10488136775224041,0.7882675528526306,0.19855068624019623,-1.0,0.3139534890651703,0.37627118825912476,0.1313749998807907,-0.16087499260902405,0.05375000089406967,0.04662499949336052,8.565000462112948e-05,2.2840000383439474e-05,0.0,0.0,0.009499999694526196,0.0,0.009499999694526196,0.0,-0.0002500000118743628,0.0,0.0,-0.5315207839012146,0.17999118566513062,0.13329869508743286,-0.3655589818954468,-0.0782723
167,4567,-0.13788845689984625,-0.5976102342406672,0.22711154310015375,-0.10961023424066718,0.25217862014775744,0.08031601795850359,0.7796773314476013,0.2006014585494995,-1.0,0.3139534890651703,0.37627118825912476,0.12150000035762787,-0.15725000202655792,0.057500001043081284,0.05025000125169754,0.0,1.1420000191719737e-05,0.0,6.851999933132902e-05,0.0010000000474974513,0.006000000052154064,0.007000000216066837,0.0,0.0,0.0,0.0002500000118743628,0.8661860227584839,0.6943416595458984,-0.8292065858840942,-0.8943234086036682,-0.1235048
168,4568,-0.13482553837878802,-0.5973433210070608,0.23017446162121197,-0.10934332100706079,0.2548259104397901,0.07821771642052665,0.8421198725700378,0.19049112498760223,-1.0,0.3139534890651703,0.37627118825912476,0.1367499977350235,-0.14812499284744263,0.0598750002682209,0.03375000134110451,0.0001484600070398301,0.00013133000175002962,8.565000462112948e-05,0.0,0.02449999935925007,0.007499999832361937,0.03200000151991844,0.0017500000540167093,0.00774999987334013,0.002749999985098839,-0.0002500000118743628,0.8589507341384888,0.38995540142059326,0.7999616861343384,-0.5562469959259033,-0.09074964
169,4569,-0.13272266174345623,-0.5990734864657106,0.23227733825654376,-0.11107348646571058,0.25746860248036696,0.07617773696410579,0.8492429256439209,0.19094352424144745,-1.0,0.3139534890651703,0.37627118825912476,0.15049999952316284,-0.14675000309944153,0.07074999809265137,0.03725000098347664,0.0005481599946506321,0.000308340007904917,0.00016558999777771533,6.28100024187006e-05,0.07500000298023224,0.019999999552965164,0.0949999988079071,0.0062500000931322575,0.019500000402331352,0.01075000036507845,0.0002500000118743628,0.824032187461853,-0.0677524283528328,0.19523115456104279,0.980385422706604,0.0
170,4570,-0.13800035586868675,-0.5983902663483649,0.22699964413131324,-0.11039026634836491,0.25241800518228846,0.08012398337391281,0.8541333675384521,0.188011035323143,-1.0,0.3139534890651703,0.37627118825912476,0.1628749966621399,-0.1469999998807907,0.07150000333786011,0.05575000122189522,0.0013418500311672688,0.00026837000041268766,0.00025695000658743083,0.0,0.14100000262260437,0.02250000089406967,0.16349999606609344,0.012249999679625034,0.017500000074505806,0.016499999910593033,0.0,-0.9657228589057922,-0.7944775223731995,-0.049391474574804306,-0.2592286169528961,-0.05510744
171,4571,-0.10477779308431626,-0.6029150157970774,0.26022220691568376,-0.11491501579707741,0.2844662683477805,0.05815387969619966,0.8418596386909485,0.1891690343618393,-1.0,0.3139534890651703,0.37627118825912476,0.15074999630451202,-0.1536249965429306,0.07637500017881393,0.05950000137090683,0.00010278000263497233,7.994000043254346e-05,9.707000572234392e-05,6.28100024187006e-05,0.01600000075995922,0.014000000432133675,0.029999999329447746,0.0005000000237487257,0.0010000000474974513,0.004999999888241291,0.0,-0.8790114521980286,0.047574833035469055,-0.8170617818832397,-0.9590879678726196,0.0
172,4572,-0.14104458512810616,-0.5934570525036054,0.22395541487189383,-0.10545705250360538,0.24754235551353684,0.08412735013888932,0.9191213846206665,0.18149997293949127,-1.0,0.3139534890651703,0.37627118825912476,0.13462500274181366,-0.15312500298023224,0.06350000202655792,0.0416250005364418,8.565000462112948e-05,7.994000043254346e-05,7.423000351991504e-05,0.0,0.014499999582767487,0.006500000134110451,0.020999999716877937,0.0,0.0017500000540167093,0.0002500000118743628,0.0,-0.634467601776123,0.7325564622879028,0.6986984014511108,-0.4443078637123108,-0.07731695
173,4573,-0.12796523323256578,-0.5977061458647315,0.2370347667674342,-0.10970614586473149,0.2611913457543831,0.07339397306648093,0.8347800374031067,0.19753041863441467,-1.0,0.3139534890651703,0.37627118825912476,0.12250000238418579,-0.14100000262260437,0.0754999965429306,0.045249998569488525,9.13600015337579e-05,9.707000572234392e-05,8.565000462112948e-05,6.28100024187006e-05,0.016499999910593033,0.013000000268220901,0.029500000178813934,0.0005000000237487257,0.004749999847263098,0.0022499999031424522,0.0002500000118743628,0.5293275713920593,-0.08761218190193176,-0.4384203851222992,-0.897072434425354,0.0
174,4574,-0.14242069720737371,-0.5940295329505593,0.22257930279262628,-0.10602953295055928,0.24654372409243222,0.08497168115168051,0.8651971220970154,0.19032856822013855,-1.0,0.3139534890651703,0.37627118825912476,0.13175000250339508,-0.14100000262260437,0.06849999725818634,0.0286250002682209,0.00013703999866265804,7.994000043254346e-05,0.0,0.0,0.01899999938905239,0.0,0.01899999938905239,0.0017500000540167093,0.001500000013038516,0.0,0.0,-0.24117958545684814,-0.37912940979003906,0.6260814666748047,0.13754120469093323,-0.0074950564
175,4575,-0.1438775383672312,-0.593018206074898,0.2211224616327688,-0.10501820607489798,0.24479372264362714,0.0864717743457272,0.8315797448158264,0.1965601146221161,-1.0,0.3139534890651703,0.37627118825912476,0.12812499701976776,-0.14749999344348907,0.07900000363588333,0.032499998807907104,9.13600015337579e-05,7.423000351991504e-05,8.565000462112948e-05,0.0,0.014499999582767487,0.007499999832361937,0.02199999988079071,0.0,0.0005000000237487257,0.0022499999031424522,-0.0002500000118743628,-0.8822203278541565,-0.5882381200790405,-0.1602211445569992,-0.9313542246818542,-0.13576251
176,4576,-0.16997297029590813,-0.5860732005631568,0.19502702970409186,-0.09807320056315683,0.218297720977343,0.11270548278133,0.8281917572021484,0.19827422499656677,-1.0,0.3139534890651703,0.37627118825912476,0.11174999922513962,-0.15812499821186066,0.07737500220537186,0.036125000566244125,0.0,0.0,-7.423000351991504e-05,6.28100024187006e-05,0.0,0.012000000104308128,0.012000000104308128,-0.0002500000118743628,-0.0002500000118743628,-0.0005000000237487257,0.0,0.40755292773246765,-0.7735009789466858,0.40804654359817505,-0.9962707161903381,-0.11682012
177,4577,-0.17002486956086296,-0.5857514725288191,0.19497513043913703,-0.0977514725288191,0.2181069734586929,0.1129206708608329,0.7675046920776367,0.21004542708396912,-1.0,0.3139534890651703,0.37627118825912476,0.11912500113248825,-0.15449999272823334,0.08449999988079071,0.017374999821186066,8.565000462112948e-05,3.997000021627173e-05,7.423000351991504e-05,2.2840000383439474e-05,0.010999999940395355,0.008500000461935997,0.019500000402331352,0.0002500000118743628,0.0,0.0005000000237487257,0.0002500000118743628,-0.5121297836303711,-0.7420965433120728,-0.40191513299942017,-0.8823396563529968,-0.24293236
178,4578,-0.1339509538759822,-0.5961425643010134,0.2310490461240178,-0.10814256430101343,0.2551048332125782,0.07799985337314534,0.7673840522766113,0.21059072017669678,-1.0,0.3139534890651703,0.37627118825912476,0.10975000262260437,-0.1508750021457672,0.07737500220537186,0.021124999970197678,0.0,7.423000351991504e-05,0.0,6.28100024187006e-05,0.006500000134110451,0.005499999970197678,0.012000000104308128,0.0,0.0002500000118743628,-0.0002500000118743628,0.0002500000118743628,0.7126740217208862,0.05674711987376213,-0.49226197600364685,0.8605794310569763,-0.08307144
179,4579,-0.09100513499037863,-0.601695755055522,0.27399486500962134,-0.11369575505552199,0.2966477890854504,0.05148432477962679,0.8512768745422363,0.19297870993614197,-1.0,0.3139534890651703,0.37627118825912476,0.12250000238418579,-0.1508750021457672,0.07999999821186066,0.03750000149011612,0.00010278000263497233,7.994000043254346e-05,8.565000462112948e-05,0.0,0.01600000075995922,0.007499999832361937,0.023499999195337296,0.0010000000474974513,0.0022499999031424522,0.0020000000949949026,-0.0002500000118743628,-0.5761492252349854,0.765960693359375,-0.9228777289390564,-0.8547681570053101,-0.12657219
180,4580,-0.11674763731907523,-0.5984989080466296,0.24825236268092477,-0.11049890804662965,0.27173377459594333,0.06605036341169085,0.9511508345603943,0.18356651067733765,-1.0,0.3139534890651703,0.37627118825912476,0.11225000023841858,-0.13587500154972076,0.0637499988079071,0.04112499952316284,9.13600015337579e-05,7.423000351991504e-05,0.0,0.0,0.014499999582767487,0.0,0.014499999582767487,0.0,0.000750000006519258,0.0,0.0,-0.3413182199001312,-0.6173923015594482,-0.6869747638702393,-0.809009850025177,-0.29247636
181,4581,-0.13991847652910439,-0.5951448080393376,0.2250815234708956,-0.10714480803933757,0.2492823742220172,0.08267618043332246,0.8912845849990845,0.18898490071296692,-1.0,0.3139534890651703,0.37627118825912476,0.11599999666213989,-0.1469999998807907,0.06724999845027924,0.044874999672174454,8.565000462112948e-05,0.0,7.423000351991504e-05,0.0,0.007499999832361937,0.006500000134110451,0.014000000432133675,0.0,0.0,0.0005000000237487257,0.0,0.7342181205749512,-0.547415018081665,0.325504869222641,-0.8358514308929443,-0.21399198
182,4582,-0.12632175056184852,-0.6008054638958191,0.23867824943815147,-0.11280546389581914,0.2639931427889963,0.07136616311699341,0.837398886680603,0.19466981291770935,-1.0,0.3139534890651703,0.37627118825912476,0.1288750022649765,-0.14612500369548798,0.07212500274181366,0.048500001430511475,0.0001256200048374012,0.00010278000263497233,8.565000462112948e-05,5.7100001868093386e-05,0.019999999552965164,0.012500000186264515,0.032499998807907104,0.0017500000540167093,0.005750000011175871,0.002749999985098839,0.0002500000118743628,0.5191754698753357,-0.35643893480300903,-0.8227970600128174,0.830119788646698,0.0
183,4583,-0.143853164780488,-0.5959985131307751,0.22114683521951198,-0.10799851313077513,0.2461089221585926,0.08534194403630886,0.8690192103385925,0.18507549166679382,-1.0,0.3139534890651703,0.37627118825912476,0.13875000178813934,-0.15049999952316284,0.058125000447034836,0.06424999982118607,0.00011420000373618677,7.423000351991504e-05,1.1420000191719737e-05,0.0,0.016499999910593033,0.0010000000474974513,0.017500000074505806,0.0012499999720603228,0.0012499999720603228,0.0,-0.0002500000118743628,-0.47459328174591064,-0.8539934754371643,-0.5652865171432495,0.3515391945838928,-0.09183439
184,4584,-0.11210564005188958,-0.6041489750904558,0.2528943599481104,-0.11614897509045585,0.278291468981943,0.061857947637138706,0.8282484412193298,0.19322286546230316,-1.0,0.3139534890651703,0.37627118825912476,0.13075000047683716,-0.16587500274181366,0.06174999848008156,0.07074999809265137,0.0,0.0,6.851999933132902e-05,0.0,0.0,0.006000000052154064,0.006000000052154064,-0.0005000000237487257,0.0,0.0002500000118743628,-0.0002500000118743628,0.5230464935302734,-0.4150272607803345,-0.97353595495224,-0.7159276008605957,-0.18371458
185,4585,-0.13285864506597192,-0.6031680332157344,0.23214135493402807,-0.11516803321573443,0.2591395078821192,0.074915454185988,0.9020798802375793,0.17940852046012878,-1.0,0.3139534890651703,0.37627118825912476,0.14012500643730164,-0.1627500057220459,0.04362500086426735,0.0742499977350235,9.13600015337579e-05,7.423000351991504e-05,0.0,6.28100024187006e-05,0.014499999582767487,0.005499999970197678,0.019999999552965164,0.0002500000118743628,0.0012499999720603228,0.0,0.0002500000118743628,0.9038906097412109,-0.5896866321563721,0.7981709241867065,-0.1810213327407837,0.0
186,4586,-0.1510684314911376,-0.5982821886482255,0.21393156850886239,-0.11028218864822548,0.24068418547487674,0.09009939269372562,0.8538171052932739,0.18107113242149353,-1.0,0.3139534890651703,0.37627118825912476,0.1563750058412552,-0.17387500405311584,0.05700000002980232,0.07112500071525574,0.00014275001012720168,7.423000351991504e-05,8.565000462112948e-05,0.0,0.01899999938905239,0.007499999832361937,0.026499999687075615,0.001500000013038516,0.001500000013038516,0.003000000026077032,-0.0002500000118743628,-0.9042801856994629,-0.9043495059013367,0.09496214240789413,0.8287349343299866,0.0
187,4587,-0.13030329667940468,-0.6049144224513252,0.2346967033205953,-0.11691442245132522,0.26220511956611847,0.07265368296193353,0.811468780040741,0.18935222923755646,-1.0,0.3139534890651703,0.37627118825912476,0.14037500321865082,-0.1899999976158142,0.06012500077486038,0.08662500232458115,7.994000043254346e-05,0.0,7.423000351991504e-05,0.0,0.007000000216066837,0.006500000134110451,0.013500000350177288,-0.0002500000118743628,0.0,0.0002500000118743628,-0.0002500000118743628,0.761497974395752,0.035054583102464676,0.7776625752449036,-0.9840613603591919,-0.16188084
188,4588,-0.12044025100466002,-0.6100061215549646,0.24455974899533997,-0.1220061215549646,0.27330379530030036,0.06502145718626991,0.8597597479820251,0.17811115086078644,-1.0,0.3139534890651703,0.37627118825912476,0.15424999594688416,-0.1875,0.07374999672174454,0.09012500196695328,9.13600015337579e-05,8.565000462112948e-05,7.994000043254346e-05,5.7100001868093386e-05,0.01549999974668026,0.012000000104308128,0.027499999850988388,0.0005000000237487257,0.0024999999441206455,0.0020000000949949026,0.0002500000118743628,0.6987149715423584,-0.35052090883255005,-0.9495430588722229,-0.8445266485214233,0.0
189,4589,-0.1495274295365993,-0.6015409379444803,0.21547257046340068,-0.11354093794448028,0.2435569198594396,0.08754790072114102,0.8826971054077148,0.16948114335536957,-1.0,0.3139534890651703,0.37627118825912476,0.16725000739097595,-0.19312499463558197,0.05700000002980232,0.07450000196695328,9.707000572234392e-05,7.423000351991504e-05,0.0,-2.2840000383439474e-05,0.014999999664723873,0.0020000000949949026,0.017000000923871994,0.0005000000237487257,0.000750000006519258,0.0,0.0,-0.8036175966262817,-0.3273017704486847,0.3401150703430176,-0.851509153842926,-0.12618111
190,4590,-0.1663202387024521,-0.5969608771888156,0.19867976129754789,-0.10896087718881564,0.22659682325003316,0.1037295515801281,0.8150525093078613,0.1838289201259613,-1.0,0.3139534890651703,0.37627118825912476,0.15262499451637268,-0.19875000417232513,0.06337500363588333,0.078125,0.0,0.0,0.0,6.28100024187006e-05,0.0,0.005499999970197678,0.005499999970197678,-0.0002500000118743628,-0.0002500000118743628,0.0,0.0002500000118743628,-0.8042831420898438,0.35324645042419434,0.11799004673957825,0.1942075490951538,-0.13035518
191,4591,-0.13256680768077547,-0.604942036104307,0.23243319231922452,-0.11694203610430698,0.2601934447674012,0.074130038743276,0.7759994268417358,0.19159173965454102,-1.0,0.3139534890651703,0.37627118825912476,0.15625,-0.19237500429153442,0.06687500327825546,0.08187499642372131,7.994000043254346e-05,0.0,7.423000351991504e-05,6.28100024187006e-05,0.007000000216066837,0.012000000104308128,0.01899999938905239,0.0,0.0,0.0005000000237487257,0.0,0.3260619044303894,0.5923919677734375,-0.4060588479042053,0.78818678855896,0.0
192,4592,-0.130994776872004,-0.6048237044285928,0.234005223127996,-0.1168237044285928,0.2615458322504918,0.07313426193540909,0.8544958233833313,0.17806434631347656,-1.0,0.3139534890651703,0.37627118825912476,0.1613750010728836,-0.1848749965429306,0.05950000137090683,0.09662500023841858,0.0001484600070398301,0.00011420000373618677,6.851999933132902e-05,0.0,0.023000000044703484,0.006000000052154064,0.028999999165534973,0.0017500000540167093,0.007000000216066837,0.0002500000118743628,0.0,0.3078477084636688,0.31696081161499023,0.9850812554359436,-0.6801773309707642,-0.105621286
193,4593,-0.13315287770270584,-0.6028947877940884,0.23184712229729415,-0.11489478779408846,0.2587545176026596,0.07520442730470184,0.8581516742706299,0.17826490104198456,-1.0,0.3139534890651703,0.37627118825912476,0.16637499630451202,-0.18137499690055847,0.07437500357627869,0.10037499666213989,0.0002512400096748024,0.00017130000924225897,0.00011420000373618677,0.0,0.03700000047683716,0.009999999776482582,0.04699999839067459,0.0032500000670552254,0.011749999597668648,0.007249999791383743,0.0,-0.5569481253623962,0.7246543169021606,-0.8138813972473145,-0.9874610304832458,-0.14249533
194,4594,-0.13059569107604718,-0.6043237922511113,0.2344043089239528,-0.11632379225111134,0.26168034829882736,0.07303595075325703,0.8531328439712524,0.18153426051139832,-1.0,0.3139534890651703,0.37627118825912476,0.15737499296665192,-0.1666249930858612,0.06237500160932541,0.10400000214576721,9.707000572234392e-05,0.00014275001012720168,7.423000351991504e-05,6.28100024187006e-05,0.020999999716877937,0.012000000104308128,0.032999999821186066,0.0005000000237487257,0.00925000011920929,0.000750000006519258,0.0002500000118743628,-0.3828712999820709,-0.891899049282074,-0.14138779044151306,-0.9875664114952087,0.0
195,4595,-0.13395631216544296,-0.6014372780807716,0.23104368783455703,-0.11343727808077164,0.25738920285545497,0.07623824582024526,0.8590797781944275,0.17911221086978912,-1.0,0.3139534890651703,0.37627118825912476,0.15062500536441803,-0.17862500250339508,0.05999999865889549,0.08574999868869781,0.0,0.0,1.7129999832832254e-05,0.0,0.0,0.001500000013038516,0.001500000013038516,-0.0002500000118743628,0.0,0.0002500000118743628,-0.0002500000118743628,0.07640670239925385,0.7380794882774353,0.9082676768302917,0.004936416633427143,-0.03823883
196,4596,-0.12905122243078926,-0.6032707723662093,0.23594877756921073,-0.1152707723662093,0.26260079321720897,0.07236677945700058,0.8512644171714783,0.18400461971759796,-1.0,0.3139534890651703,0.37627118825912476,0.15312500298023224,-0.1692499965429306,0.07474999874830246,0.08924999833106995,0.00017701000615488738,0.00013703999866265804,9.707000572234392e-05,6.28100024187006e-05,0.027499999850988388,0.014000000432133675,0.04149999842047691,0.0022499999031424522,0.008750000037252903,0.004749999847263098,0.0002500000118743628,-0.1682121306657791,-0.659767746925354,0.6028320789337158,-0.6434354782104492,0.0
197,4597,-0.18402627141858063,-0.5873216451594148,0.18097372858141936,-0.09932164515941477,0.2064371081802735,0.12689807398467087,0.8626715540885925,0.18089699745178223,-1.0,0.3139534890651703,0.37627118825912476,0.1511249989271164,-0.17762500047683716,0.08675000071525574,0.07750000059604645,8.565000462112948e-05,7.423000351991504e-05,9.13600015337579e-05,-6.851999933132902e-05,0.014000000432133675,0.014000000432133675,0.02800000086426735,0.0,0.0010000000474974513,0.0032500000670552254,-0.0002500000118743628,-0.8918800354003906,-0.2146543562412262,0.7005597352981567,-0.6468822360038757,0.0
198,4598,-0.12256119011940309,-0.6003506791759645,0.2424388098805969,-0.11235067917596453,0.2672063839948827,0.06910944718648376,0.7348226308822632,0.20792941749095917,-1.0,0.3139534890651703,0.37627118825912476,0.13449999690055847,-0.1811250001192093,0.10125000029802322,0.06549999862909317,9.13600015337579e-05,0.0,7.423000351991504e-05,-6.851999933132902e-05,0.00800000037997961,0.012500000186264515,0.020500000566244125,0.0,0.0,0.0005000000237487257,-0.0005000000237487257,-0.28054940700531006,-0.26905733346939087,0.8497214317321777,0.8686223030090332,-0.056286883
199,4599,-0.11975117911198443,-0.6014472527517488,0.24524882088801556,-0.11344725275174883,0.27021706701072956,0.067059789957462,0.8777647018432617,0.18584631383419037,-1.0,0.3139534890651703,0.37627118825912476,0.12937499582767487,-0.17800000309944153,0.11675000190734863,0.08162499964237213,0.0,7.423000351991504e-05,7.994000043254346e-05,0.0,0.006500000134110451,0.007000000216066837,0.013500000350177288,-0.0002500000118743628,0.0012499999720603228,0.0012499999720603228,-0.0002500000118743628,0.28285136818885803,0.4944012463092804,-0.9151363968849182,-0.9696516394615173,-0.14035821
200,4600,-0.12498474266891621,-0.5988567113869493,0.24001525733108378,-0.1108567113869493,0.26437952683828553,0.071090947682786,0.8842995762825012,0.18398770689964294,-1.0,0.3139534890651703,0.37627118825912476,0.1340000033378601,-0.17024999856948853,0.10012499988079071,0.08537500351667404,0.00010848999954760075,9.13600015337579e-05,7.423000351991504e-05,0.0,0.017500000074505806,0.006500000134110451,0.024000000208616257,0.0010000000474974513,0.0042500002309679985,0.0002500000118743628,-0.0002500000118743628,-0.26867011189460754,0.2458932101726532,0.9874768853187561,-0.8906822800636292,-0.13088188
201,4601,-0.12324217280096719,-0.5978774080655044,0.2417578271990328,-0.10987740806550439,0.2655558167602261,0.07025961107981105,0.8721284866333008,0.1883784532546997,-1.0,0.3139534890651703,0.37627118825912476,0.12925000488758087,-0.16699999570846558,0.11625000089406967,0.08887500315904617,9.707000572234392e-05,0.00010848999954760075,9.707000572234392e-05,6.28100024187006e-05,0.017999999225139618,0.014000000432133675,0.03200000151991844,0.0005000000237487257,0.006750000175088644,0.004999999888241291,0.0002500000118743628,-0.3969546854496002,-0.005007895641028881,0.9937821626663208,0.7343946695327759,0.0
202,4602,-0.113655294635539,-0.6000964567059017,0.25134470536446096,-0.11209645670590174,0.2752086054627758,0.0637946431943298,0.8761810064315796,0.1900382936000824,-1.0,0.3139534890651703,0.37627118825912476,0.12174999713897705,-0.16637499630451202,0.13512499630451202,0.10275000333786011,9.13600015337579e-05,9.707000572234392e-05,9.707000572234392e-05,0.0,0.016499999910593033,0.008500000461935997,0.02500000037252903,0.000750000006519258,0.005499999970197678,0.0044999998062849045,0.0,0.6191821098327637,-0.3021099865436554,0.8107289671897888,-0.8232505917549133,-0.122790076
203,4603,-0.08183649796282289,-0.6070423966222321,0.2831635020371771,-0.11904239662223215,0.30716878272298964,0.046342870052417,0.8984760642051697,0.18627719581127167,-1.0,0.3139534890651703,0.37627118825912476,0.1316249966621399,-0.17087499797344208,0.1471250057220459,0.10625000298023224,0.0003140500048175454,8.565000462112948e-05,0.0001598800008650869,6.28100024187006e-05,0.03500000014901161,0.019500000402331352,0.054499998688697815,0.004000000189989805,0.0032500000670552254,0.01075000036507845,0.0005000000237487257,-0.3800887167453766,-0.8480446338653564,-0.9536803960800171,-0.9419941902160645,0.0
204,4604,-0.11788872690255775,-0.6012207964698969,0.24711127309744224,-0.11322079646989691,0.2718141461460689,0.0659972990379396,0.9724732637405396,0.17450441420078278,-1.0,0.3139534890651703,0.37627118825912476,0.12662500143051147,-0.18562500178813934,0.13462500274181366,0.08887500315904617,0.0,7.423000351991504e-05,1.1420000191719737e-05,0.0,0.006500000134110451,0.0010000000474974513,0.007499999832361937,-0.0002500000118743628,0.0010000000474974513,0.0,0.0,-0.057617153972387314,0.8129393458366394,-0.44084256887435913,-0.475623220205307,-0.11198886
205,4605,-0.18004114597609477,-0.584864854378681,0.18495885402390522,-0.09686485437868098,0.20878835622620182,0.12394918915136627,0.8886308670043945,0.18437153100967407,-1.0,0.3139534890651703,0.37627118825912476,0.12937499582767487,-0.17249999940395355,0.12612499296665192,0.0925000011920929,0.0001484600070398301,9.707000572234392e-05,7.423000351991504e-05,5.7100001868093386e-05,0.0215000007301569,0.011500000022351742,0.032999999821186066,0.0017500000540167093,0.004999999888241291,0.0005000000237487257,0.0002500000118743628,-0.7400363683700562,-0.5562918186187744,0.9151309728622437,0.24722051620483398,0.0
206,4606,-0.11410257771638332,-0.5997423635261698,0.25089742228361667,-0.11174236352616984,0.27465591622060165,0.06414820547468397,0.7440903782844543,0.21209347248077393,-1.0,0.3139534890651703,0.37627118825912476,0.11649999767541885,-0.18037499487400055,0.1431249976158142,0.09712500125169754,0.0,0.0,7.423000351991504e-05,6.28100024187006e-05,0.0,0.012000000104308128,0.012000000104308128,-0.0002500000118743628,0.0,0.000750000006519258,0.0002500000118743628,-0.1238458976149559,0.7148436307907104,0.08624733239412308,-0.9581471681594849,-0.03886151
207,4607,-0.11548288331215706,-0.5988672975407926,0.24951711668784293,-0.11086729754079261,0.2730390982702171,0.0651937950383238,0.8974358439445496,0.18687735497951508,-1.0,0.3139534890651703,0.37627118825912476,0.11924999952316284,-0.16949999332427979,0.1433749943971634,0.0793749988079071,0.00013703999866265804,9.707000572234392e-05,8.565000462112948e-05,0.0,0.020500000566244125,0.007499999832361937,0.02800000086426735,0.0017500000540167093,0.004999999888241291,0.0032500000670552254,0.0,-0.25231319665908813,-0.16732285916805267,0.8269667625427246,0.8504657745361328,0.0
208,4608,-0.11086820745807122,-0.5989096587306534,0.25413179254192875,-0.1109096587306534,0.27727949866573964,0.06248710980333921,0.8942258358001709,0.18836051225662231,-1.0,0.3139534890651703,0.37627118825912476,0.11524999886751175,-0.1703750044107437,0.15812499821186066,0.09525000303983688,9.707000572234392e-05,6.851999933132902e-05,9.707000572234392e-05,0.0,0.014499999582767487,0.008500000461935997,0.023000000044703484,0.0005000000237487257,0.0005000000237487257,0.004749999847263098,0.0,-0.27898457646369934,-0.3031545877456665,0.9400606155395508,-0.8235267400741577,-0.122823216
209,4609,-0.10296989054346761,-0.6019385323977302,0.2620301094565324,-0.11393853239773022,0.28573023540876974,0.05742345967079325,0.90495765209198,0.18828871846199036,-1.0,0.3139534890651703,0.37627118825912476,0.11025000363588333,-0.17624999582767487,0.17524999380111694,0.0988750010728836,8.565000462112948e-05,7.423000351991504e-05,0.00010278000263497233,6.28100024187006e-05,0.014000000432133675,0.014499999582767487,0.02850000001490116,0.0002500000118743628,0.0010000000474974513,0.005750000011175871,0.0002500000118743628,0.5676851272583008,-0.36804279685020447,0.9911428093910217,0.8316605687141418,0.0
210,4610,-0.09749072018826829,-0.6010471947844431,0.26750927981173167,-0.11304719478444314,0.29041501860961527,0.05479533665990482,0.9233258366584778,0.18315503001213074,-1.0,0.3139534890651703,0.37627118825912476,0.11887499690055847,-0.18412500619888306,0.19050000607967377,0.1145000010728836,0.00032546999864280224,8.565000462112948e-05,0.00017701000615488738,0.0,0.035999998450279236,0.01549999974668026,0.051500000059604645,0.0042500002309679985,0.003000000026077032,0.012249999679625034,0.0,-0.08270405977964401,0.6983575820922852,-0.02955102175474167,-0.24227899312973022,-0.05307348
211,4611,-0.07405859762150302,-0.602200183325353,0.29094140237849697,-0.11420018332535298,0.31255172610227366,0.043914212637032386,0.9360681176185608,0.1846657693386078,-1.0,0.3139534890651703,0.37627118825912476,0.11874999850988388,-0.17775000631809235,0.19050000607967377,0.11800000071525574,0.00013133000175002962,0.000245530012762174,0.00016558999777771533,6.28100024187006e-05,0.032999999821186066,0.019999999552965164,0.05299999937415123,0.001500000013038516,0.016249999403953552,0.011250000447034836,0.0005000000237487257,-0.9221277236938477,-0.03732734173536301,-0.9225435256958008,0.6441910266876221,0.0
212,4612,-0.07797305586963957,-0.6017572098423872,0.28702694413036045,-0.11375720984238724,0.30874774403700184,0.04561688069115074,0.9905614256858826,0.18271155655384064,-1.0,0.3139534890651703,0.37627118825912476,0.10225000232458115,-0.17112499475479126,0.17874999344348907,0.1302500069141388,9.13600015337579e-05,7.994000043254346e-05,7.423000351991504e-05,0.0,0.014999999664723873,0.006500000134110451,0.0215000007301569,0.0,0.0017500000540167093,0.0002500000118743628,0.0,-0.34125465154647827,-0.006643599830567837,-0.8982896208763123,0.8386421799659729,0.0
213,4613,-0.10606257601461153,-0.5992681113886871,0.25893742398538844,-0.11126811138868709,0.28183183310654264,0.05970626450148737,0.9814580082893372,0.18346235156059265,-1.0,0.3139534890651703,0.37627118825912476,0.09574999660253525,-0.17100000381469727,0.16224999725818634,0.1458750069141388,2.8550000934046693e-05,7.423000351991504e-05,0.0,0.0,0.008999999612569809,0.0,0.008999999612569809,0.0002500000118743628,0.001500000013038516,-0.0002500000118743628,0.0,-0.3171660006046295,-0.6190580725669861,0.9501579403877258,-0.8272095322608948,-0.18532507
214,4614,-0.09573074547241606,-0.6012467336333153,0.26926925452758393,-0.11324673363331528,0.2921142826231813,0.05387208567441238,0.9161335229873657,0.1876811683177948,-1.0,0.3139534890651703,0.37627118825912476,0.09950000047683716,-0.18174999952316284,0.179749995470047,0.14949999749660492,8.565000462112948e-05,0.0,7.423000351991504e-05,6.28100024187006e-05,0.007499999832361937,0.012000000104308128,0.019500000402331352,0.0002500000118743628,0.0,0.0002500000118743628,0.0002500000118743628,0.8021137714385986,-0.19823187589645386,-0.9408186078071594,0.007373437751084566,-0.047787827
215,4615,-0.10998258362740981,-0.6033798589315558,0.2550174163725902,-0.11537985893155578,0.2799042595253183,0.06086831034670285,0.9401610493659973,0.18432757258415222,-1.0,0.3139534890651703,0.37627118825912476,0.11424999684095383,-0.17937499284744263,0.16237500309944153,0.14949999749660492,0.00010848999954760075,9.13600015337579e-05,5.7100000958598685e-06,6.851999933132902e-05,0.017500000074505806,0.006500000134110451,0.024000000208616257,0.000750000006519258,0.002749999985098839,-0.0002500000118743628,0.0005000000237487257,0.814713716506958,-0.5719776153564453,0.23616299033164978,-0.6620715856552124,0.0
216,4616,-0.1241233772670971,-0.5999859143912111,0.2408766227329029,-0.11198591439121108,0.2656358266522889,0.07020341892346182,0.9070172309875488,0.18071210384368896,-1.0,0.3139534890651703,0.37627118825912476,0.12912499904632568,-0.18925000727176666,0.16449999809265137,0.13750000298023224,0.0001598800008650869,7.423000351991504e-05,9.13600015337579e-05,0.0,0.020500000566244125,0.00800000037997961,0.02850000001490116,0.001500000013038516,0.0012499999720603228,0.0042500002309679985,-0.0002500000118743628,-0.9134921431541443,-0.434942364692688,-0.3262595534324646,-0.8457263708114624,-0.12548718
217,4617,-0.10076303018971611,-0.6031035274196328,0.2642369698102839,-0.11510352741963281,0.2882186639323745,0.056012150457668296,0.8741316795349121,0.18646454811096191,-1.0,0.3139534890651703,0.37627118825912476,0.11275000125169754,-0.1965000033378601,0.16075000166893005,0.14112499356269836,0.0,-7.994000043254346e-05,0.0,5.7100001868093386e-05,0.007000000216066837,0.004999999888241291,0.012000000104308128,0.0,-0.0005000000237487257,-0.0002500000118743628,0.0,-0.9039614796638489,0.5403259992599487,-0.2986181676387787,-0.4868398904800415,-0.19230957
218,4618,-0.10534765679253741,-0.5999023264263617,0.25965234320746255,-0.11190232642636166,0.2827392261302947,0.059166944598702684,0.9284580945968628,0.1811804622411728,-1.0,0.3139534890651703,0.37627118825912476,0.11625000089406967,-0.18812499940395355,0.16349999606609344,0.13212500512599945,9.707000572234392e-05,8.565000462112948e-05,8.565000462112948e-05,-6.28100024187006e-05,0.01600000075995922,0.013000000268220901,0.028999999165534973,0.0005000000237487257,0.003000000026077032,0.0017500000540167093,-0.0002500000118743628,-0.1204359158873558,0.9621818661689758,0.7438239455223083,0.08714562654495239,0.0
219,4619,-0.105729174364383,-0.5989006298159154,0.259270825635617,-0.11090062981591542,0.2819934586463686,0.05960984187196491,0.9177961349487305,0.18660622835159302,-1.0,0.3139534890651703,0.37627118825912476,0.11400000005960464,-0.17262500524520874,0.1746249943971634,0.13349999487400055,9.707000572234392e-05,0.00013133000175002962,0.00011991000064881518,6.28100024187006e-05,0.019999999552965164,0.01600000075995922,0.035999998450279236,0.0005000000237487257,0.00800000037997961,0.007249999791383743,0.0002500000118743628,-0.44457992911338806,-0.5317113995552063,0.9958440065383911,-0.014700188301503658,0.0
220,4620,-0.09667482263736124,-0.6037531345017911,0.2683251773626387,-0.11575313450179114,0.29222797428323194,0.05381087240968724,0.9169089198112488,0.18830402195453644,-1.0,0.3139534890651703,0.37627118825912476,0.10575000196695328,-0.17900000512599945,0.1940000057220459,0.13337500393390656,0.00010278000263497233,7.994000043254346e-05,0.00010278000263497233,0.0,0.01600000075995922,0.008999999612569809,0.02500000037252903,0.0005000000237487257,0.0010000000474974513,0.005750000011175871,0.0,0.7064017653465271,-0.8827058672904968,0.9436505436897278,0.4642994999885559,0.0
221,4621,-0.0953026361264403,-0.603392476084737,0.2696973638735597,-0.11539247608473702,0.29334636799748154,0.05321240782821031,0.9379655122756958,0.18007943034172058,-1.0,0.3139534890651703,0.37627118825912476,0.11737500131130219,-0.1965000033378601,0.20862500369548798,0.1421249955892563,0.00028550002025440335,8.565000462112948e-05,0.00017701000615488738,0.0,0.032499998807907104,0.01549999974668026,0.04800000041723251,0.0035000001080334187,0.003000000026077032,0.011749999597668648,-0.0002500000118743628,0.42431098222732544,0.895526111125946,-0.6910402178764343,0.4859458804130554,0.0
222,4622,-0.08839551570793885,-0.6049940450939795,0.27660448429206114,-0.11699404509397948,0.3003292315408695,0.04962342316914448,0.9411566853523254,0.1806907206773758,-1.0,0.3139534890651703,0.37627118825912476,0.12387499958276749,-0.18700000643730164,0.20012499392032623,0.1508750021457672,0.0005253200070001185,0.00027407999732531607,8.565000462112948e-05,0.0,0.07000000029802322,0.007499999832361937,0.07750000059604645,0.0062500000931322575,0.017500000074505806,0.003000000026077032,0.0002500000118743628,-0.478120356798172,-0.7610618472099304,-0.26956164836883545,0.72398841381073,0.0
223,4623,-0.09504999088892616,-0.6035336732112839,0.2699500091110738,-0.11553367321128394,0.2936341891959459,0.053059471435524946,0.9572197198867798,0.17797619104385376,-1.0,0.3139534890651703,0.37627118825912476,0.11800000071525574,-0.1928749978542328,0.1965000033378601,0.16462500393390656,9.707000572234392e-05,6.851999933132902e-05,6.851999933132902e-05,0.0,0.014499999582767487,0.006000000052154064,0.020500000566244125,0.0002500000118743628,0.000750000006519258,0.0002500000118743628,-0.0002500000118743628,-0.2060626745223999,-0.3843480944633484,0.7532256245613098,-0.9806222915649414,-0.14167468
224,4624,-0.08782185200921899,-0.6017988279004625,0.277178147990781,-0.11379882790046247,0.2996296029352213,0.049971820154111016,0.9417442083358765,0.1804514080286026,-1.0,0.3139534890651703,0.37627118825912476,0.11424999684095383,-0.20000000298023224,0.20812499523162842,0.1681250035762787,9.13600015337579e-05,7.423000351991504e-05,0.00010278000263497233,3.997000021627173e-05,0.014499999582767487,0.012500000186264515,0.027000000700354576,0.0002500000118743628,0.000750000006519258,0.004999999888241291,0.0002500000118743628,-0.8239893913269043,0.40529024600982666,0.5347994565963745,-0.724507212638855,0.0
225,4625,-0.12142749992265534,-0.5962092057906836,0.24357250007734466,-0.1082092057906836,0.2665272875556621,0.06958036416191865,0.9585538506507874,0.18339182436466217,-1.0,0.3139534890651703,0.37627118825912476,0.09875000268220901,-0.19325000047683716,0.21912500262260437,0.1547500044107437,9.13600015337579e-05,7.994000043254346e-05,8.565000462112948e-05,0.0,0.014999999664723873,0.007499999832361937,0.02250000089406967,0.0005000000237487257,0.0022499999031424522,0.003000000026077032,0.0,-0.35117843747138977,-0.834622323513031,0.17691081762313843,-0.987822413444519,-0.1425387
226,4626,-0.08787855028032815,-0.6047007701164563,0.27712144971967184,-0.1167007701164563,0.3006914824874602,0.049443987049726044,0.8804011344909668,0.1928657591342926,-1.0,0.3139534890651703,0.37627118825912476,0.09262499958276749,-0.20762500166893005,0.22349999845027924,0.15837499499320984,0.0,0.0,7.423000351991504e-05,6.28100024187006e-05,0.0,0.012000000104308128,0.012000000104308128,-0.0002500000118743628,-0.0002500000118743628,0.000750000006519258,0.0002500000118743628,0.7449449300765991,-0.1736212521791458,0.746343731880188,-0.9840200543403625,-0.04483455
227,4627,-0.09020542507223403,-0.6039009883640369,0.27479457492776593,-0.11590098836403695,0.2982366468318275,0.05067277634494906,0.9584220051765442,0.17847326397895813,-1.0,0.3139534890651703,0.37627118825912476,0.10512500256299973,-0.2068749964237213,0.23362499475479126,0.14024999737739563,0.0001827200030675158,0.00010278000263497233,0.00013133000175002962,0.0,0.02500000037252903,0.011500000022351742,0.0364999994635582,0.0024999999441206455,0.005750000011175871,0.008249999955296516,-0.0002500000118743628,-0.05324142053723335,-0.1841864138841629,0.07133292406797409,0.5593640804290771,0.0
228,4628,-0.1272139853887067,-0.5988202416398767,0.23778601461129328,-0.1108202416398767,0.2623419804412608,0.07255431650801814,0.953010618686676,0.17982883751392365,-1.0,0.3139534890651703,0.37627118825912476,0.10512500256299973,-0.20749999582767487,0.2342499941587448,0.15049999952316284,9.707000572234392e-05,7.423000351991504e-05,0.00014275001012720168,0.0,0.014999999664723873,0.012500000186264515,0.027499999850988388,0.000750000006519258,0.0002500000118743628,0.009499999694526196,0.0,-0.5986011028289795,-0.9776319265365601,0.4463488757610321,-0.6066548824310303,-0.09679859
229,4629,-0.08051861903957294,-0.6068496124259575,0.2844813809604271,-0.11884961242595748,0.3083097249308752,0.04581712958824576,0.8669441938400269,0.1884402632713318,-1.0,0.3139534890651703,0.37627118825912476,0.09437499940395355,-0.22574999928474426,0.24662500619888306,0.15412500500679016,0.0,6.851999933132902e-05,7.994000043254346e-05,6.28100024187006e-05,0.006000000052154064,0.012500000186264515,0.01850000023841858,0.0,0.0002500000118743628,0.0012499999720603228,0.0002500000118743628,0.3844012916088104,-0.6298927068710327,0.8961884379386902,0.8380788564682007,0.0
230,4630,-0.09029615232423405,-0.6069688564788575,0.27470384767576594,-0.11896885647885747,0.2993589696998528,0.05010724367563934,0.9755380749702454,0.17483116686344147,-1.0,0.3139534890651703,0.37627118825912476,0.1002499982714653,-0.23787499964237213,0.2593750059604645,0.16987499594688416,0.00017701000615488738,7.423000351991504e-05,0.0001484600070398301,0.0,0.02199999988079071,0.013000000268220901,0.03500000014901161,0.0024999999441206455,0.0010000000474974513,0.00925000011920929,0.0,-0.21865877509117126,-0.4389187693595886,0.3090614378452301,-0.958954930305481,-0.13907461
231,4631,-0.06564579054019024,-0.6098908365966651,0.29935420945980973,-0.12189083659666511,0.32321868567201145,0.03947108672617955,0.9527996182441711,0.1746290624141693,-1.0,0.3139534890651703,0.37627118825912476,0.09737499803304672,-0.24574999511241913,0.2669999897480011,0.17350000143051147,9.13600015337579e-05,6.851999933132902e-05,0.00010848999954760075,6.28100024187006e-05,0.014000000432133675,0.014999999664723873,0.028999999165534973,0.0002500000118743628,0.0005000000237487257,0.005499999970197678,0.0002500000118743628,0.3007000982761383,0.09064881503582001,-0.3004443347454071,-0.811657190322876,-1.0
